datetime,temperature,humidity,wind_speed,rainfall,light_lux,crc_status,wind_direction,uv,uvi,rainfall_mm,solar_radiation_wm2
2026-04-23 1:49:17,-40,0,0,0,0,,,,,,
2026-04-23 1:49:33,-40,0,0.1,3,13.6,,,,,,
2026-04-23 1:49:40,-40,0,0,0,0,,,,,,
2026-04-23 1:49:59,-40,0,0,13,4.4,,,,,,
2026-04-23 1:50:15,-40,0,0,4,9.7,,,,,,
2026-04-23 1:50:23,-40,0,0,0,0,,,,,,
2026-04-23 1:50:37,-40,0,0,4,9.7,,,,,,
2026-04-23 1:50:52,-40,0,0.5,0,10.7,,,,,,
2026-04-23 1:50:58,-40,0,0,12,11.5,,,,,,
2026-04-23 1:51:10,-40,0,0,0,0,,,,,,
2026-04-23 2:19:03,9.4,59,0,452,0,,,,,,
2026-04-23 2:19:35,-40,0,0,0,0,,,,,,
2026-04-23 2:20:07,-40,0,0,0,0,,,,,,
2026-04-23 10:33:59,20,34,2.7,452,40766.1,,,,,,
2026-04-23 10:34:15,19.9,34,2.1,392,41578.1,,,,,,
2026-04-23 10:34:31,19.9,34,0.8,392,50060.6,,,,,,
2026-04-23 10:34:47,19.9,33,2.2,392,47517.3,,,,,,
2026-04-23 10:35:03,-40,0,0,0,0,,,,,,
2026-04-25 21:20:54,-40,0,0,0,0,OK,,,,,
2026-04-25 21:21:10,-40,0,0,0,0,OK,,,,,
2026-04-25 21:21:26,-40,0,0,0,0,OK,,,,,
2026-04-25 21:21:42,13.4,192,0,904,0,OK,,,,,
2026-04-25 21:21:58,-40,0,0,0,0,OK,,,,,
2026-04-25 21:22:30,-40,0,0,0,0,OK,,,,,
2026-04-25 21:23:02,17.4,64,0,392,0,OK,,,,,
2026-04-25 21:23:18,-40,0,0,0,0,OK,,,,,
2026-04-25 21:59:02,-40,0,0,0,0,OK,,,,,
2026-04-25 21:59:18,-40,0,0,0,0,OK,,,,,
2026-04-25 21:59:34,12.9,71,0,392,0,OK,,,,,
2026-04-25 21:59:50,-40,0,0,0,0,OK,,,,,
2026-04-25 22:00:06,-40,0,0,0,0,OK,,,,,
2026-04-25 22:00:22,12.8,72,0,392,0,OK,,,,,
2026-04-25 22:00:38,-40,0,0,0,0,OK,,,,,
2026-04-25 22:01:10,-40,0,0,0,0,OK,,,,,
2026-04-25 22:01:26,-40,0,0,0,0,OK,,,,,
2026-04-25 22:01:42,-40,0,0,0,0,OK,,,,,
2026-04-25 22:02:14,12.7,72,0,392,0,OK,,,,,
2026-04-25 22:03:18,12.8,72,0,408,0,OK,,,,,
2026-04-25 22:04:38,-40,0,0,0,0,OK,,,,,
2026-04-25 22:04:54,-40,0,0,0,0,OK,,,,,
2026-04-25 22:05:58,-40,0,0,0,0,OK,,,,,
2026-04-25 22:06:14,-40,0,0,0,0,OK,,,,,
2026-04-25 22:06:30,-40,0,0,0,0,OK,,,,,
2026-04-25 22:06:46,12.8,72,0,392,0,OK,,,,,
2026-04-25 22:07:02,115.2,72,0,392,0,OK,,,,,
2026-04-25 22:07:18,-40,0,0,0,0,OK,,,,,
2026-04-25 22:07:34,-40,0,0,0,0,OK,,,,,
2026-04-25 22:07:50,-40,0,0,0,0,OK,,,,,
2026-04-25 22:08:06,12.8,72,0,504,12.8,OK,,,,,
2026-04-25 22:08:22,-40,0,0,0,0,OK,,,,,
2026-04-25 22:08:54,-40,0,0,0,0,OK,,,,,
2026-04-25 22:09:10,-40,0,0,0,0,OK,,,,,
2026-04-25 22:09:26,-40,0,0,0,0,OK,,,,,
2026-04-25 22:09:42,-40,0,0,0,0,OK,,,,,
2026-04-25 22:09:58,-40,0,0,0,0,OK,,,,,
2026-04-25 22:10:14,-40,0,0,0,0,OK,,,,,
2026-04-25 22:10:30,12.7,72,0,392,0,OK,,,,,
2026-04-25 22:11:34,12.7,72,0,392,0,OK,,,,,
2026-04-25 22:12:38,-40,0,0,0,0,OK,,,,,
2026-04-25 22:13:10,-40,0,0,0,0,OK,,,,,
2026-04-25 22:13:26,12.7,72,0.7,392,12.8,OK,,,,,
2026-04-25 22:13:42,-40,0,0,0,0,OK,,,,,
2026-04-25 22:13:58,12.8,71,0.3,440,4915.2,OK,,,,,
2026-04-25 22:14:14,-40,0,0,0,0,OK,,,,,
2026-04-25 22:14:30,-40,0,0,0,0,OK,,,,,
2026-04-25 22:14:46,12.7,248,17.9,392,0,OK,,,,,
2026-04-25 22:15:02,-40,0,0,0,0,OK,,,,,
2026-04-25 22:15:18,12.7,72,0,392,12.8,OK,,,,,
2026-04-25 22:15:34,-40,0,0,0,0,OK,,,,,
2026-04-25 22:15:50,-40,0,0,0,0,OK,,,,,
2026-04-25 22:16:06,-40,0,0,0,0,OK,,,,,
2026-04-25 22:16:22,-40,0,0,0,0,OK,,,,,
2026-04-25 22:16:38,-40,0,0,0,0,OK,,,,,
2026-04-25 22:16:54,-40,0,0,0,0,OK,,,,,
2026-04-25 22:17:10,-40,0,0,0,0,OK,,,,,
2026-04-25 22:17:26,-12.9,72,35.8,486,0,OK,,,,,
2026-04-25 22:17:42,-40,0,0,0,0,OK,,,,,
2026-04-25 22:18:14,12.7,72,0,392,0,OK,,,,,
2026-04-25 22:18:30,127.1,72,35.8,408,10.2,OK,,,,,
2026-04-25 22:19:02,12.7,72,0,392,0,OK,,,,,
2026-04-25 22:19:18,-40,0,0,0,0,OK,,,,,
2026-04-25 22:19:34,-40,0,0,0,0,OK,,,,,
2026-04-25 22:19:50,-40,0,0,0,0,OK,,,,,
2026-04-25 22:20:06,-40,0,0,0,0,OK,,,,,
2026-04-25 22:20:22,12.7,72,0,392,0,OK,,,,,
2026-04-25 22:20:38,-40,0,0,0,0,OK,,,,,
2026-04-25 22:20:54,-40,0,0,0,0,OK,,,,,
2026-04-25 22:21:10,-40,0,0,0,0,OK,,,,,
2026-04-25 22:21:26,-40,0,0,0,0,OK,,,,,
2026-04-25 22:21:58,-40,0,0,0,0,OK,,,,,
2026-04-25 22:22:14,-40,0,0,0,0,OK,,,,,
2026-04-25 22:22:30,-40,0,0,0,0,OK,,,,,
2026-04-25 22:22:46,-40,0,0,0,0,OK,,,,,
2026-04-25 22:23:02,-40,0,0,0,0,OK,,,,,
2026-04-25 22:23:18,-40,0,0,0,0,OK,,,,,
2026-04-25 22:23:34,-40,0,0,0,0,OK,,,,,
2026-04-25 22:24:06,115.1,72,0,392,0,OK,,,,,
2026-04-25 22:24:22,12.7,72,0,1928,0,OK,,,,,
2026-04-25 22:24:38,-40,0,0,0,0,OK,,,,,
2026-04-25 22:24:54,-40,0,0,0,0,OK,,,,,
2026-04-25 22:25:10,-40,0,0,0,0,OK,,,,,
2026-04-25 22:25:26,-40,0,0,0,0,OK,,,,,
2026-04-25 22:25:42,-40,0,0,0,0,OK,,,,,
2026-04-25 22:25:58,-40,0,0,0,0,OK,,,,,
2026-04-25 22:26:14,-40,0,0,0,0,OK,,,,,
2026-04-25 22:26:30,-40,0,0,0,0,OK,,,,,
2026-04-25 22:26:46,-40,0,0,0,0,OK,,,,,
2026-04-25 22:27:02,-40,0,0,0,0,OK,,,,,
2026-04-25 22:27:18,-40,0,0,0,0,OK,,,,,
2026-04-25 22:27:34,12.5,72,0,460,0,OK,,,,,
2026-04-25 22:28:06,-40,0,0,0,0,OK,,,,,
2026-04-25 22:28:38,-40,0,0,0,0,OK,,,,,
2026-04-25 22:28:54,-40,0,0,0,0,OK,,,,,
2026-04-25 22:29:10,-40,0,0,0,0,OK,,,,,
2026-04-25 22:29:26,-40,0,0,0,0,OK,,,,,
2026-04-25 22:29:42,-40,0,0,0,0,OK,,,,,
2026-04-25 22:29:58,-40,0,0,0,0,OK,,,,,
2026-04-25 22:30:14,-40,0,0,0,0,OK,,,,,
2026-04-25 22:30:30,-40,0,0,0,0,OK,,,,,
2026-04-25 22:30:46,12.7,72,0,408,838860.8,OK,,,,,
2026-04-25 22:31:02,-40,0,0,0,0,OK,,,,,
2026-04-25 22:31:18,-40,0,0,0,0,OK,,,,,
2026-04-25 22:31:34,-40,0,0,0,0,OK,,,,,
2026-04-25 22:31:50,-40,0,0,0,0,OK,,,,,
2026-04-25 22:32:06,-40,0,0,0,0,OK,,,,,
2026-04-25 22:32:22,-40,0,0,0,0,OK,,,,,
2026-04-25 22:32:38,-40,0,0,0,0,OK,,,,,
2026-04-25 22:32:54,-40,0,0,0,0,OK,,,,,
2026-04-25 22:33:10,-40,0,0,0,0,OK,,,,,
2026-04-25 22:33:26,-40,0,0,0,0,OK,,,,,
2026-04-25 22:33:42,-40,0,0,0,0,OK,,,,,
2026-04-25 22:33:58,12.8,72,0,904,0,OK,,,,,
2026-04-25 22:34:30,-40,0,0,0,0,OK,,,,,
2026-04-25 22:34:46,-40,0,0,0,0,OK,,,,,
2026-04-25 22:35:02,-40,0,0,0,0,OK,,,,,
2026-04-25 22:35:18,-40,0,0,0,0,OK,,,,,
2026-04-25 22:35:34,-40,0,0,0,0,OK,,,,,
2026-04-25 22:35:50,-40,0,0,0,0,OK,,,,,
2026-04-25 22:36:06,-40,0,0,0,0,OK,,,,,
2026-04-25 22:36:22,12.8,72,0,8162,838860.8,OK,,,,,
2026-04-25 22:36:38,-40,0,0,0,0,OK,,,,,
2026-04-25 22:36:54,-40,0,0,0,0,OK,,,,,
2026-04-25 22:37:10,-40,0,0,0,0,OK,,,,,
2026-04-25 22:37:26,-40,0,0,0,0,OK,,,,,
2026-04-25 22:37:42,-40,0,0,0,0,OK,,,,,
2026-04-25 22:37:58,-40,0,0,0,0,OK,,,,,
2026-04-25 22:38:14,-40,0,0,0,0,OK,,,,,
2026-04-25 22:38:30,23.9,72,0,504,12.8,OK,,,,,
2026-04-25 22:38:46,-40,0,0,0,0,OK,,,,,
2026-04-25 22:39:02,-40,0,0,0,0,OK,,,,,
2026-04-25 22:39:18,-40,0,0,0,0,OK,,,,,
2026-04-25 22:39:34,-40,0,0,0,0,OK,,,,,
2026-04-25 22:39:50,-40,0,0,0,0,OK,,,,,
2026-04-25 22:40:06,-40,0,0,0,0,OK,,,,,
2026-04-25 22:40:22,-40,0,0,0,0,OK,,,,,
2026-04-25 22:40:38,-40,0,0,0,0,OK,,,,,
2026-04-25 22:40:54,-40,0,0,0,0,OK,,,,,
2026-04-25 22:41:10,-40,0,0,0,0,OK,,,,,
2026-04-25 22:41:26,-40,0,0,0,0,OK,,,,,
2026-04-25 22:41:42,-40,0,0,0,0,OK,,,,,
2026-04-25 22:41:58,-40,0,0,0,0,OK,,,,,
2026-04-25 22:42:14,-40,0,0,0,0,OK,,,,,
2026-04-25 22:42:30,-40,0,0,0,0,OK,,,,,
2026-04-25 22:42:46,-40,0,0,0,0,OK,,,,,
2026-04-25 22:43:02,-40,0,0,0,0,OK,,,,,
2026-04-25 22:43:18,-40,0,0,0,0,OK,,,,,
2026-04-25 22:43:34,-40,0,0,0,0,OK,,,,,
2026-04-25 22:43:50,-40,0,0,0,0,OK,,,,,
2026-04-25 22:44:22,-40,0,0,0,0,OK,,,,,
2026-04-25 22:44:38,-40,0,0,0,0,OK,,,,,
2026-04-25 22:44:54,-40,0,0,0,0,OK,,,,,
2026-04-25 22:45:10,-40,0,0,0,0,OK,,,,,
2026-04-25 22:45:26,-40,0,0,0,0,OK,,,,,
2026-04-25 22:45:42,-40,0,0,0,0,OK,,,,,
2026-04-25 22:45:58,-40,0,0,0,0,OK,,,,,
2026-04-25 22:46:14,-40,0,0,0,0,OK,,,,,
2026-04-25 22:46:30,-40,0,0,0,0,OK,,,,,
2026-04-25 22:46:46,-40,0,0,0,0,OK,,,,,
2026-04-25 22:47:02,-40,0,0,0,0,OK,,,,,
2026-04-25 22:47:18,-40,0,0,0,0,OK,,,,,
2026-04-25 22:47:34,-40,0,0,0,0,OK,,,,,
2026-04-25 22:47:50,-40,0,0,0,0,OK,,,,,
2026-04-25 22:48:22,-40,0,0,0,0,OK,,,,,
2026-04-25 22:48:38,-40,0,0,0,0,OK,,,,,
2026-04-25 22:48:54,12.4,160,4.3,392,12.8,OK,,,,,
2026-04-25 22:49:10,-40,0,0,0,0,OK,,,,,
2026-04-25 22:49:26,-40,0,0,0,0,OK,,,,,
2026-04-25 22:49:42,-40,0,0,0,0,OK,,,,,
2026-04-25 22:49:58,-40,0,0,0,0,OK,,,,,
2026-04-25 22:50:14,-40,0,0,0,0,OK,,,,,
2026-04-25 22:50:30,-40,0,0,0,0,OK,,,,,
2026-04-25 22:50:46,-40,0,0,0,0,OK,,,,,
2026-04-25 22:51:02,-40,0,0,0,0,OK,,,,,
2026-04-25 22:51:34,-40,0,0,0,0,OK,,,,,
2026-04-25 22:51:50,-40,0,0,0,0,OK,,,,,
2026-04-25 22:52:06,-40,0,0,0,0,OK,,,,,
2026-04-25 22:52:22,-40,0,0,0,0,OK,,,,,
2026-04-25 22:52:38,-40,0,0,0,0,OK,,,,,
2026-04-25 22:52:54,-40,0,0,0,0,OK,,,,,
2026-04-25 22:53:10,-40,0,0,0,0,OK,,,,,
2026-04-25 22:53:26,-40,0,0,0,0,OK,,,,,
2026-04-25 22:53:42,-40,0,0,0,0,OK,,,,,
2026-04-25 22:53:58,-40,0,0,0,0,OK,,,,,
2026-04-25 22:54:14,-40,0,0,0,0,OK,,,,,
2026-04-25 22:54:30,-40,0,0,0,0,OK,,,,,
2026-04-25 22:54:46,-40,0,0,0,0,OK,,,,,
2026-04-25 22:55:02,-40,0,0,0,0,OK,,,,,
2026-04-25 22:55:18,-40,0,0,0,0,OK,,,,,
2026-04-25 22:55:34,-40,0,0,0,0,OK,,,,,
2026-04-25 22:55:50,-40,0,0,0,0,OK,,,,,
2026-04-25 22:56:06,-40,0,0,0,0,OK,,,,,
2026-04-25 22:56:22,-40,0,0,0,0,OK,,,,,
2026-04-25 22:56:54,-40,0,0,0,0,OK,,,,,
2026-04-25 22:57:10,36.7,72,0,392,0,OK,,,,,
2026-04-25 22:57:26,-40,0,0,0,0,OK,,,,,
2026-04-25 22:57:42,-40,0,0,0,0,OK,,,,,
2026-04-25 22:57:58,-40,0,0,0,0,OK,,,,,
2026-04-25 22:58:14,-40,0,0,0,0,OK,,,,,
2026-04-25 22:58:30,-40,0,0,0,0,OK,,,,,
2026-04-25 22:58:46,-40,0,0,0,0,OK,,,,,
2026-04-25 22:59:02,-40,0,0,0,0,OK,,,,,
2026-04-25 22:59:18,-40,0,0,0,0,OK,,,,,
2026-04-25 22:59:34,-40,0,0,0,0,OK,,,,,
2026-04-25 22:59:50,-40,0,0,0,0,OK,,,,,
2026-04-25 23:00:06,-40,0,0,0,0,OK,,,,,
2026-04-25 23:00:22,12.7,254,0,504,3276.8,OK,,,,,
2026-04-25 23:01:42,-40,0,0,0,0,OK,,,,,
2026-04-25 23:01:58,-40,0,0,0,0,OK,,,,,
2026-04-25 23:03:18,-40,0,0,0,0,OK,,,,,
2026-04-25 23:03:34,-40,0,0,0,0,OK,,,,,
2026-04-25 23:03:50,-40,0,0,0,0,OK,,,,,
2026-04-25 23:04:06,-40,0,0,0,0,OK,,,,,
2026-04-25 23:04:22,-40,0,0,0,0,OK,,,,,
2026-04-25 23:04:38,-40,0,0,0,0,OK,,,,,
2026-04-25 23:04:54,-40,0,0,0,0,OK,,,,,
2026-04-25 23:05:10,-40,0,0,0,0,OK,,,,,
2026-04-25 23:05:26,-40,0,0,0,0,OK,,,,,
2026-04-25 23:05:42,-40,0,0,0,0,OK,,,,,
2026-04-25 23:05:58,-40,0,0,0,0,OK,,,,,
2026-04-25 23:06:14,-13,74,35.8,392,0,OK,,,,,
2026-04-25 23:06:30,-40,0,0,0,0,OK,,,,,
2026-04-25 23:06:46,-40,0,0,0,0,OK,,,,,
2026-04-25 23:07:02,-40,0,0,0,0,OK,,,,,
2026-04-25 23:07:18,-40,0,0,0,0,OK,,,,,
2026-04-25 23:07:34,-40,0,0,0,0,OK,,,,,
2026-04-25 23:07:50,-40,0,0,0,0,OK,,,,,
2026-04-25 23:08:06,-40,0,0,0,0,OK,,,,,
2026-04-25 23:08:22,-40,0,0,0,0,OK,,,,,
2026-04-25 23:08:38,12.6,94,0,904,12.8,OK,,,,,
2026-04-25 23:08:54,-40,0,0,0,0,OK,,,,,
2026-04-25 23:09:10,-40,0,0,0,0,OK,,,,,
2026-04-25 23:09:26,-40,0,0,0,0,OK,,,,,
2026-04-25 23:09:42,-40,0,0,0,0,OK,,,,,
2026-04-25 23:10:14,-40,0,0,0,0,OK,,,,,
2026-04-25 23:10:30,-40,0,0,0,0,OK,,,,,
2026-04-25 23:10:46,-40,0,0,0,0,OK,,,,,
2026-04-25 23:11:02,-40,0,0,0,0,OK,,,,,
2026-04-25 23:11:18,12.5,75,0,392,0,OK,,,,,
2026-04-25 23:11:34,-40,0,0,0,0,OK,,,,,
2026-04-25 23:11:50,-40,0,0,0,0,OK,,,,,
2026-04-25 23:12:06,-40,0,0,0,0,OK,,,,,
2026-04-25 23:12:22,-40,0,0,0,0,OK,,,,,
2026-04-25 23:12:38,-40,0,0,0,0,OK,,,,,
2026-04-25 23:12:54,-40,0,0,0,0,OK,,,,,
2026-04-25 23:13:10,-40,0,0,0,0,OK,,,,,
2026-04-25 23:13:26,-40,0,0,0,0,OK,,,,,
2026-04-25 23:13:58,-40,0,0,0,0,OK,,,,,
2026-04-25 23:14:14,-40,0,0,0,0,OK,,,,,
2026-04-25 23:14:30,-40,0,0,0,0,OK,,,,,
2026-04-25 23:14:46,-40,0,0,0,0,OK,,,,,
2026-04-25 23:15:02,-40,0,0,0,0,OK,,,,,
2026-04-25 23:15:18,12.5,203,17.9,904,0,OK,,,,,
2026-04-25 23:15:34,-40,0,0,0,0,OK,,,,,
2026-04-25 23:15:50,-40,0,0,0,0,OK,,,,,
2026-04-25 23:16:06,-40,0,0,0,0,OK,,,,,
2026-04-25 23:16:22,-40,0,0,0,0,OK,,,,,
2026-04-25 23:16:38,-40,0,0,0,0,OK,,,,,
2026-04-25 23:17:10,-40,0,0,0,0,OK,,,,,
2026-04-25 23:17:26,-40,0,0,0,0,OK,,,,,
2026-04-25 23:17:58,-40,0,0,0,0,OK,,,,,
2026-04-25 23:18:14,-40,0,0,0,0,OK,,,,,
2026-04-25 23:18:30,-40,0,0,0,0,OK,,,,,
2026-04-25 23:18:46,36.5,75,0,392,0,OK,,,,,
2026-04-25 23:19:34,-40,0,0,0,0,OK,,,,,
2026-04-25 23:20:06,12.7,92,0,392,4915.2,OK,,,,,
2026-04-25 23:20:22,-40,0,0,0,0,OK,,,,,
2026-04-25 23:20:38,-40,0,0,0,0,OK,,,,,
2026-04-25 23:20:54,-40,0,0,0,0,OK,,,,,
2026-04-25 23:21:10,-40,0,0,0,0,OK,,,,,
2026-04-25 23:21:26,-40,0,0,0,0,OK,,,,,
2026-04-25 23:21:42,-40,0,0,0,0,OK,,,,,
2026-04-25 23:21:58,-40,0,0,0,0,OK,,,,,
2026-04-25 23:22:14,-40,0,0,0,0,OK,,,,,
2026-04-25 23:22:30,-40,0,0,0,0,OK,,,,,
2026-04-25 23:22:46,-40,0,0,0,0,OK,,,,,
2026-04-25 23:23:02,-40,0,0,0,0,OK,,,,,
2026-04-25 23:23:18,-40,0,0,0,0,OK,,,,,
2026-04-25 23:23:34,-40,0,0,0,0,OK,,,,,
2026-04-25 23:23:50,-40,0,0,0,0,OK,,,,,
2026-04-25 23:24:06,-40,0,0,0,0,OK,,,,,
2026-04-25 23:24:22,-40,0,0,0,0,OK,,,,,
2026-04-25 23:24:38,-40,0,0,0,0,OK,,,,,
2026-04-25 23:24:54,-40,0,0,0,0,OK,,,,,
2026-04-25 23:25:10,23.9,75,0,392,0,OK,,,,,
2026-04-25 23:25:26,-40,0,0,0,0,OK,,,,,
2026-04-25 23:25:42,-40,0,0,0,0,OK,,,,,
2026-04-25 23:26:46,-40,0,0,0,0,OK,,,,,
2026-04-25 23:27:34,-40,0,0,0,0,OK,,,,,
2026-04-25 23:27:50,-40,0,0,0,0,OK,,,,,
2026-04-25 23:28:22,-40,0,0,0,0,OK,,,,,
2026-04-25 23:28:38,-40,0,0,0,0,OK,,,,,
2026-04-25 23:28:54,-40,0,0,0,0,OK,,,,,
2026-04-25 23:29:10,-40,0,0,0,0,OK,,,,,
2026-04-25 23:29:26,-40,0,0,0,0,OK,,,,,
2026-04-25 23:29:42,-40,0,0,0,0,OK,,,,,
2026-04-25 23:29:58,-40,0,0,0,0,OK,,,,,
2026-04-25 23:30:14,-40,0,0,0,0,OK,,,,,
2026-04-25 23:30:30,-40,0,0,0,0,OK,,,,,
2026-04-25 23:30:46,-40,0,0,0,0,OK,,,,,
2026-04-25 23:31:02,-40,0,0,0,0,OK,,,,,
2026-04-25 23:31:18,114.9,79,0,482,12.8,OK,,,,,
2026-04-25 23:31:50,-40,0,0,0,0,OK,,,,,
2026-04-25 23:32:22,-40,0,0,0,0,OK,,,,,
2026-04-25 23:32:38,-40,0,0,0,0,OK,,,,,
2026-04-25 23:32:54,-40,0,0,0,0,OK,,,,,
2026-04-25 23:33:10,119.7,75,0,392,0,OK,,,,,
2026-04-25 23:33:26,-40,0,0,0,0,OK,,,,,
2026-04-25 23:33:42,-40,0,0,0,0,OK,,,,,
2026-04-25 23:33:58,-40,0,0,0,0,OK,,,,,
2026-04-25 23:34:14,22,163,17.9,16264,0,OK,,,,,
2026-04-25 23:34:30,-40,0,0,0,0,OK,,,,,
2026-04-25 23:34:46,-40,0,0,0,0,OK,,,,,
2026-04-25 23:35:02,-40,0,0,0,0,OK,,,,,
2026-04-25 23:35:34,-40,0,0,0,0,OK,,,,,
2026-04-25 23:35:50,-40,0,0,0,0,OK,,,,,
2026-04-25 23:36:06,-40,0,0,0,0,OK,,,,,
2026-04-25 23:37:42,-40,0,0,0,0,OK,,,,,
2026-04-25 23:37:58,-40,0,0,0,0,OK,,,,,
2026-04-25 23:38:14,-40,0,0,0,0,OK,,,,,
2026-04-25 23:39:02,-40,0,0,0,0,OK,,,,,
2026-04-25 23:39:18,12.7,95,0,392,0,OK,,,,,
2026-04-25 23:39:50,-40,0,0,0,0,OK,,,,,
2026-04-25 23:40:06,-40,0,0,0,0,OK,,,,,
2026-04-25 23:40:22,-40,0,0,0,0,OK,,,,,
2026-04-25 23:40:54,-40,0,0,0,0,OK,,,,,
2026-04-25 23:41:42,-40,0,0,0,0,OK,,,,,
2026-04-25 23:41:58,-40,0,0,0,0,OK,,,,,
2026-04-25 23:42:14,-40,0,0,0,0,OK,,,,,
2026-04-25 23:42:30,-40,0,0,0,0,OK,,,,,
2026-04-25 23:42:46,-40,0,0,0,0,OK,,,,,
2026-04-25 23:43:18,12.3,77,0,392,843776,OK,,,,,
2026-04-25 23:43:34,-40,0,0,0,0,OK,,,,,
2026-04-25 23:44:06,-40,0,0,0,0,OK,,,,,
2026-04-25 23:44:38,-40,0,0,0,0,OK,,,,,
2026-04-25 23:44:54,-40,0,0,0,0,OK,,,,,
2026-04-25 23:45:10,-40,0,0,0,0,OK,,,,,
2026-04-25 23:45:26,-40,0,0,0,0,OK,,,,,
2026-04-25 23:45:42,-40,0,0,0,0,OK,,,,,
2026-04-25 23:46:14,-40,0,0,0,0,OK,,,,,
2026-04-25 23:46:30,-40,0,0,0,0,OK,,,,,
2026-04-25 23:46:46,-40,0,0,0,0,OK,,,,,
2026-04-25 23:48:22,-40,0,0,0,0,OK,,,,,
2026-04-25 23:48:38,12.7,77,0,392,0,OK,,,,,
2026-04-25 23:48:54,-40,0,0,0,0,OK,,,,,
2026-04-25 23:49:10,-40,0,0,0,0,OK,,,,,
2026-04-25 23:49:42,-40,0,0,0,0,OK,,,,,
2026-04-25 23:49:58,-40,0,0,0,0,OK,,,,,
2026-04-25 23:50:14,-40,0,0,0,0,OK,,,,,
2026-04-25 23:50:30,-40,0,0,0,0,OK,,,,,
2026-04-25 23:50:46,-40,0,0,0,0,OK,,,,,
2026-04-25 23:51:18,-40,0,0,0,0,OK,,,,,
2026-04-25 23:51:34,-40,0,0,0,0,OK,,,,,
2026-04-25 23:51:50,-40,0,0,0,0,OK,,,,,
2026-04-25 23:52:06,58.4,7,107.5,34816,1258316.3,OK,,,,,
2026-04-25 23:52:38,-40,0,0,0,0,OK,,,,,
2026-04-25 23:52:54,-40,0,0,0,0,OK,,,,,
2026-04-25 23:55:02,-40,0,0,0,0,OK,,,,,
2026-04-25 23:55:34,-40,0,0,0,0,OK,,,,,
2026-04-25 23:56:06,-40,0,0,0,0,OK,,,,,
2026-04-25 23:56:22,-40,0,0,0,0,OK,,,,,
2026-04-25 23:56:54,-40,0,0,0,0,OK,,,,,
2026-04-25 23:57:42,-40,0,0,0,0,OK,,,,,
2026-04-25 23:57:58,-40,0,0,0,0,OK,,,,,
2026-04-25 23:58:30,11.9,77,0,392,12.8,OK,,,,,
2026-04-25 23:59:18,-40,0,0,0,0,OK,,,,,
2026-04-26 0:00:06,-40,0,0,0,0,OK,,,,,
2026-04-26 0:01:58,-40,0,0,0,0,OK,,,,,
2026-04-26 0:02:14,11.8,78,0,392,0,OK,,,,,
2026-04-26 0:03:18,-40,0,0,0,0,OK,,,,,
2026-04-26 0:03:34,-40,0,0,0,0,OK,,,,,
2026-04-26 0:03:50,-40,0,0,0,0,OK,,,,,
2026-04-26 0:04:06,-40,0,0,0,0,OK,,,,,
2026-04-26 0:04:38,-40,0,0,0,0,OK,,,,,
2026-04-26 0:05:10,-40,0,0,0,0,OK,,,,,
2026-04-26 0:05:26,-40,0,0,0,0,OK,,,,,
2026-04-26 0:05:42,-40,0,0,0,0,OK,,,,,
2026-04-26 0:05:58,-40,0,0,0,0,OK,,,,,
2026-04-26 0:06:30,-40,0,0,0,0,OK,,,,,
2026-04-26 0:08:22,-40,0,0,0,0,OK,,,,,
2026-04-26 0:09:10,-40,0,0,0,0,OK,,,,,
2026-04-26 0:09:58,-40,0,0,0,0,OK,,,,,
2026-04-26 0:11:02,-40,0,0,0,0,OK,,,,,
2026-04-26 0:11:18,-40,0,0,0,0,OK,,,,,
2026-04-26 0:11:34,-40,0,0,0,0,OK,,,,,
2026-04-26 0:11:50,-40,0,0,0,0,OK,,,,,
2026-04-26 0:12:06,-40,0,0,0,0,OK,,,,,
2026-04-26 0:13:26,-40,0,0,0,0,OK,,,,,
2026-04-26 0:13:42,-40,0,0,0,0,OK,,,,,
2026-04-26 0:14:30,-40,0,0,0,0,OK,,,,,
2026-04-26 0:15:02,-40,0,0,0,0,OK,,,,,
2026-04-26 0:15:50,-40,0,0,0,0,OK,,,,,
2026-04-26 0:16:22,-40,0,0,0,0,OK,,,,,
2026-04-26 0:16:38,-40,0,0,0,0,OK,,,,,
2026-04-26 0:17:10,-40,0,0,0,0,OK,,,,,
2026-04-26 0:17:26,-40,0,0,0,0,OK,,,,,
2026-04-26 0:17:58,-40,0,0,0,0,OK,,,,,
2026-04-26 0:19:18,-40,0,0,0,0,OK,,,,,
2026-04-26 0:20:06,-40,0,0,0,0,OK,,,,,
2026-04-26 0:20:22,-40,0,0,0,0,OK,,,,,
2026-04-26 0:20:54,-40,0,0,0,0,OK,,,,,
2026-04-26 0:22:46,-40,0,0,0,0,OK,,,,,
2026-04-26 0:23:18,-14.1,78,35.8,440,0,OK,,,,,
2026-04-26 0:23:50,-40,0,0,0,0,OK,,,,,
2026-04-26 0:24:06,-40,0,0,0,0,OK,,,,,
2026-04-26 0:24:22,-40,0,0,0,0,OK,,,,,
2026-04-26 0:24:54,-40,0,0,0,0,OK,,,,,
2026-04-26 0:25:10,-40,0,0,0,0,OK,,,,,
2026-04-26 0:25:26,-40,0,0,0,0,OK,,,,,
2026-04-26 0:25:42,-40,0,0,0,0,OK,,,,,
2026-04-26 0:25:58,-40,0,0,0,0,OK,,,,,
2026-04-26 0:26:14,-40,0,0,0,0,OK,,,,,
2026-04-26 0:26:46,-40,0,0,0,0,OK,,,,,
2026-04-26 0:27:50,11.5,78,0,392,0,OK,,,,,
2026-04-26 0:28:22,-40,0,0,0,0,OK,,,,,
2026-04-26 0:29:26,-40,0,0,0,0,OK,,,,,
2026-04-26 0:29:42,-40,0,0,0,0,OK,,,,,
2026-04-26 0:29:58,-40,0,0,0,0,OK,,,,,
2026-04-26 0:30:14,11.4,78,0,392,0,OK,,,,,
2026-04-26 0:30:30,-13.7,78,35.8,392,0,OK,,,,,
2026-04-26 0:31:02,-40,0,0,0,0,OK,,,,,
2026-04-26 0:31:18,-40,0,0,0,0,OK,,,,,
2026-04-26 0:32:06,-40,0,0,0,0,OK,,,,,
2026-04-26 0:32:38,-40,0,0,0,0,OK,,,,,
2026-04-26 0:34:14,-40,0,0,0,0,OK,,,,,
2026-04-26 0:35:02,-40,0,0,0,0,OK,,,,,
2026-04-26 0:35:50,-40,0,0,0,0,OK,,,,,
2026-04-26 0:37:10,-40,0,0,0,0,OK,,,,,
2026-04-26 0:37:26,-40,0,0,0,0,OK,,,,,
2026-04-26 0:37:42,-40,0,0,0,0,OK,,,,,
2026-04-26 0:37:58,-40,0,0,0,0,OK,,,,,
2026-04-26 0:38:14,-40,0,0,0,0,OK,,,,,
2026-04-26 0:39:02,-40,0,0,0,0,OK,,,,,
2026-04-26 0:39:18,-40,0,0,0,0,OK,,,,,
2026-04-26 0:40:22,-40,0,0,0,0,OK,,,,,
2026-04-26 0:40:38,-40,0,0,0,0,OK,,,,,
2026-04-26 0:41:10,-40,0,0,0,0,OK,,,,,
2026-04-26 0:41:26,11.2,79,0,392,0,OK,,,,,
2026-04-26 0:41:58,11.2,79,0,392,12.8,OK,,,,,
2026-04-26 0:42:30,-40,0,0,0,0,OK,,,,,
2026-04-26 0:43:02,-40,0,0,0,0,OK,,,,,
2026-04-26 0:43:18,-40,0,0,0,0,OK,,,,,
2026-04-26 0:43:50,-40,0,0,0,0,OK,,,,,
2026-04-26 0:44:22,-40,0,0,0,0,OK,,,,,
2026-04-26 0:45:10,11.1,79,0,392,0,OK,,,,,
2026-04-26 0:46:30,-40,0,0,0,0,OK,,,,,
2026-04-26 0:46:46,-40,0,0,0,0,OK,,,,,
2026-04-26 0:47:02,164.7,79,0,392,0,OK,,,,,
2026-04-26 0:47:18,11,79,0,65506,0,OK,,,,,
2026-04-26 0:47:50,164.6,79,0,392,0,OK,,,,,
2026-04-26 0:48:06,-40,0,0,0,0,OK,,,,,
2026-04-26 0:48:22,-40,0,0,0,0,OK,,,,,
2026-04-26 0:49:42,-40,0,0,0,0,OK,,,,,
2026-04-26 0:49:58,11,80,0,392,0,OK,,,,,
2026-04-26 0:51:02,-40,0,0,0,0,OK,,,,,
2026-04-26 0:52:22,-40,0,0,0,0,OK,,,,,
2026-04-26 0:52:54,-40,0,0,0,0,OK,,,,,
2026-04-26 0:53:58,11,80,0,392,0,OK,,,,,
2026-04-26 0:54:14,-40,0,0,0,0,OK,,,,,
2026-04-26 0:54:30,-40,0,0,0,0,OK,,,,,
2026-04-26 0:54:46,-40,0,0,0,0,OK,,,,,
2026-04-26 0:55:50,-40,0,0,0,0,OK,,,,,
2026-04-26 0:56:54,-40,0,0,0,0,OK,,,,,
2026-04-26 0:58:46,-40,0,0,0,0,OK,,,,,
2026-04-26 0:59:02,-40,0,0,0,0,OK,,,,,
2026-04-26 1:00:06,-40,0,0,0,0,OK,,,,,
2026-04-26 1:00:22,-40,0,0,0,0,OK,,,,,
2026-04-26 1:00:38,-40,0,0,0,0,OK,,,,,
2026-04-26 1:00:54,-40,0,0,0,0,OK,,,,,
2026-04-26 1:01:10,-40,0,0,0,0,OK,,,,,
2026-04-26 1:01:42,-40,0,0,0,0,OK,,,,,
2026-04-26 1:02:30,-40,0,0,0,0,OK,,,,,
2026-04-26 1:02:46,-40,0,0,0,0,OK,,,,,
2026-04-26 1:03:02,-40,0,0,0,0,OK,,,,,
2026-04-26 1:03:18,11,80,0,392,0,OK,,,,,
2026-04-26 1:03:34,-40,0,0,0,0,OK,,,,,
2026-04-26 1:03:50,11,80,0,392,0,OK,,,,,
2026-04-26 1:04:22,11,80,0,392,0,OK,,,,,
2026-04-26 1:04:38,-40,0,0,0,0,OK,,,,,
2026-04-26 1:04:54,-40,0,0,0,0,OK,,,,,
2026-04-26 1:05:42,-40,0,0,0,0,OK,,,,,
2026-04-26 1:05:58,-40,0,0,0,0,OK,,,,,
2026-04-26 1:06:14,11,80,0,392,0,OK,,,,,
2026-04-26 1:07:18,-40,0,0,0,0,OK,,,,,
2026-04-26 1:08:22,-40,0,0,0,0,OK,,,,,
2026-04-26 1:08:38,-40,0,0,0,0,OK,,,,,
2026-04-26 1:08:54,-40,0,0,0,0,OK,,,,,
2026-04-26 1:10:14,-40,0,0,0,0,OK,,,,,
2026-04-26 1:10:46,-40,0,0,0,0,OK,,,,,
2026-04-26 1:11:02,-40,0,0,0,0,OK,,,,,
2026-04-26 1:11:18,-40,0,0,0,0,OK,,,,,
2026-04-26 1:11:34,-40,0,0,0,0,OK,,,,,
2026-04-26 1:12:38,-40,0,0,0,0,OK,,,,,
2026-04-26 1:12:54,164.7,48,39.9,408,0,OK,,,,,
2026-04-26 1:13:10,-40,0,0,0,0,OK,,,,,
2026-04-26 1:13:26,11.3,80,0,392,0,OK,,,,,
2026-04-26 1:13:42,11.3,80,0,392,0,OK,,,,,
2026-04-26 1:13:58,-40,0,0,0,0,OK,,,,,
2026-04-26 1:15:50,-40,0,0,0,0,OK,,,,,
2026-04-26 1:16:06,-40,0,0,0,0,OK,,,,,
2026-04-26 1:16:22,-40,0,0,0,0,OK,,,,,
2026-04-26 1:16:38,11.1,80,0,392,0,OK,,,,,
2026-04-26 1:17:58,-40,0,0,0,0,OK,,,,,
2026-04-26 1:19:02,11.9,80,0,392,0,OK,,,,,
2026-04-26 1:19:18,-40,0,0,0,0,OK,,,,,
2026-04-26 1:19:34,11.4,212,0,392,0,OK,,,,,
2026-04-26 1:20:38,113.7,208,0,392,0,OK,,,,,
2026-04-26 1:20:54,-40,0,0,0,0,OK,,,,,
2026-04-26 1:21:10,-40,0,0,0,0,OK,,,,,
2026-04-26 1:21:26,12.7,80,0,392,4915.2,OK,,,,,
2026-04-26 1:21:42,-40,0,0,0,0,OK,,,,,
2026-04-26 1:23:34,-40,0,0,0,0,OK,,,,,
2026-04-26 1:23:50,-40,0,0,0,0,OK,,,,,
2026-04-26 1:24:06,-40,0,0,0,0,OK,,,,,
2026-04-26 1:24:22,11.1,81,0,452,0,OK,,,,,
2026-04-26 1:24:38,11.1,127,0,392,0,OK,,,,,
2026-04-26 1:24:54,-40,0,0,0,0,OK,,,,,
2026-04-26 1:25:10,-40,0,0,0,0,OK,,,,,
2026-04-26 1:25:26,-40,0,0,0,0,OK,,,,,
2026-04-26 1:25:42,11.1,81,0,452,0,OK,,,,,
2026-04-26 1:25:58,-40,0,0,0,0,OK,,,,,
2026-04-26 1:26:14,-40,0,0,0,0,OK,,,,,
2026-04-26 1:26:30,-40,0,0,0,0,OK,,,,,
2026-04-26 1:26:46,-40,0,0,0,0,OK,,,,,
2026-04-26 1:27:02,-40,0,0,0,0,OK,,,,,
2026-04-26 1:27:50,-40,0,0,0,0,OK,,,,,
2026-04-26 1:28:06,-40,0,0,0,0,OK,,,,,
2026-04-26 1:28:22,11.1,86,0,392,0,OK,,,,,
2026-04-26 1:28:38,-40,0,0,0,0,OK,,,,,
2026-04-26 1:29:10,-40,0,0,0,0,OK,,,,,
2026-04-26 1:29:26,11.1,82,0,392,0,OK,,,,,
2026-04-26 1:29:42,11.1,82,0,452,0,OK,,,,,
2026-04-26 1:29:58,-40,0,0,0,0,OK,,,,,
2026-04-26 1:30:14,62.3,82,0,504,0,OK,,,,,
2026-04-26 1:31:18,11.1,83,17.9,504,0,OK,,,,,
2026-04-26 1:31:34,11.1,82,0,408,0,OK,,,,,
2026-04-26 1:31:50,11.1,83,0,392,0,OK,,,,,
2026-04-26 1:32:06,11.1,83,0,392,0,OK,,,,,
2026-04-26 1:32:22,-40,0,0,0,0,OK,,,,,
2026-04-26 1:32:38,11.1,82,0,408,0,OK,,,,,
2026-04-26 1:32:54,-40,0,0,0,0,OK,,,,,
2026-04-26 1:33:10,11.1,82,17.9,392,0,OK,,,,,
2026-04-26 1:33:26,-40,0,0,0,0,OK,,,,,
2026-04-26 1:33:42,-40,0,0,0,0,OK,,,,,
2026-04-26 1:33:58,-40,0,0,0,0,OK,,,,,
2026-04-26 1:34:14,11.1,82,0,392,0,OK,,,,,
2026-04-26 1:34:30,11.1,94,0,392,0,OK,,,,,
2026-04-26 1:34:46,-40,0,0,0,0,OK,,,,,
2026-04-26 1:35:02,-40,0,0,0,0,OK,,,,,
2026-04-26 1:35:18,-40,0,0,0,0,OK,,,,,
2026-04-26 1:35:34,-40,0,0,0,0,OK,,,,,
2026-04-26 1:35:50,11,82,0,392,0,OK,,,,,
2026-04-26 1:36:06,-40,0,0,0,0,OK,,,,,
2026-04-26 1:36:38,-40,0,0,0,0,OK,,,,,
2026-04-26 1:36:54,11,82,0,392,0,OK,,,,,
2026-04-26 1:37:10,11,82,0,392,0,OK,,,,,
2026-04-26 1:37:26,-40,0,0,0,0,OK,,,,,
2026-04-26 1:38:14,11,82,0,392,12.8,OK,,,,,
2026-04-26 1:38:30,-40,0,0,0,0,OK,,,,,
2026-04-26 1:38:46,-40,0,0,0,0,OK,,,,,
2026-04-26 1:39:02,11,211,0,392,0,OK,,,,,
2026-04-26 1:39:18,-40,0,0,0,0,OK,,,,,
2026-04-26 1:39:34,-40,0,0,0,0,OK,,,,,
2026-04-26 1:39:50,-40,0,0,0,0,OK,,,,,
2026-04-26 1:40:06,-40,0,0,0,0,OK,,,,,
2026-04-26 1:40:22,-40,0,0,0,0,OK,,,,,
2026-04-26 1:40:38,11,83,0,392,0,OK,,,,,
2026-04-26 1:40:54,-40,0,0,0,0,OK,,,,,
2026-04-26 1:41:10,-40,0,0,0,0,OK,,,,,
2026-04-26 1:41:26,-40,0,0,0,0,OK,,,,,
2026-04-26 1:41:42,-40,0,0,0,0,OK,,,,,
2026-04-26 1:41:58,11.1,84,0,392,0,OK,,,,,
2026-04-26 1:42:14,-40,0,0,0,0,OK,,,,,
2026-04-26 1:42:30,-40,0,0,0,0,OK,,,,,
2026-04-26 1:42:46,-40,0,0,0,0,OK,,,,,
2026-04-26 1:43:02,-40,0,0,0,0,OK,,,,,
2026-04-26 1:43:18,-40,0,0,0,0,OK,,,,,
2026-04-26 1:43:34,11.1,84,0,452,0,OK,,,,,
2026-04-26 1:43:50,-40,0,0,0,0,OK,,,,,
2026-04-26 1:44:06,-14.6,84,35.8,392,0,OK,,,,,
2026-04-26 1:44:22,11,84,0,392,0,OK,,,,,
2026-04-26 1:44:38,-40,0,0,0,0,OK,,,,,
2026-04-26 1:44:54,-40,0,0,0,0,OK,,,,,
2026-04-26 1:45:10,-40,0,0,0,0,OK,,,,,
2026-04-26 1:45:26,11,253,0,392,0,OK,,,,,
2026-04-26 1:45:42,11,93,0,392,4915.2,OK,,,,,
2026-04-26 1:45:58,-40,0,0,0,0,OK,,,,,
2026-04-26 1:46:14,11,95,0,392,0,OK,,,,,
2026-04-26 1:46:30,-14.6,85,35.8,392,0,OK,,,,,
2026-04-26 1:46:46,-40,0,0,0,0,OK,,,,,
2026-04-26 1:47:02,-40,0,0,0,0,OK,,,,,
2026-04-26 1:47:18,-40,0,0,0,0,OK,,,,,
2026-04-26 1:47:34,11,85,0,392,0,OK,,,,,
2026-04-26 1:47:50,11,85,0,392,838860.8,OK,,,,,
2026-04-26 1:48:06,11,85,0,904,0,OK,,,,,
2026-04-26 1:48:22,-40,0,0,0,0,OK,,,,,
2026-04-26 1:49:26,-40,0,0,0,0,OK,,,,,
2026-04-26 1:49:42,-40,0,0,0,0,OK,,,,,
2026-04-26 1:49:58,-40,0,0,0,0,OK,,,,,
2026-04-26 1:50:14,-40,0,0,0,0,OK,,,,,
2026-04-26 1:50:30,-40,0,0,0,0,OK,,,,,
2026-04-26 1:51:02,-40,0,0,0,0,OK,,,,,
2026-04-26 1:51:18,11,85,0,392,0,OK,,,,,
2026-04-26 1:51:34,11,125,0,392,0,OK,,,,,
2026-04-26 1:51:50,11,85,0,392,0,OK,,,,,
2026-04-26 1:52:06,-40,0,0,0,0,OK,,,,,
2026-04-26 1:52:22,-14.7,85,35.8,392,0,OK,,,,,
2026-04-26 1:52:38,-40,0,0,0,0,OK,,,,,
2026-04-26 1:52:54,-40,0,0,0,0,OK,,,,,
2026-04-26 1:53:10,10.9,93,0,392,0,OK,,,,,
2026-04-26 1:53:26,36,87,0,392,0,OK,,,,,
2026-04-26 1:53:42,-40,0,0,0,0,OK,,,,,
2026-04-26 1:53:58,11.1,85,0,1928,0,OK,,,,,
2026-04-26 1:54:14,10.9,85,0,392,9.6,OK,,,,,
2026-04-26 1:54:30,10.9,85,0,392,0,OK,,,,,
2026-04-26 1:54:46,10.9,85,0,392,0,OK,,,,,
2026-04-26 1:55:02,-40,0,0,0,0,OK,,,,,
2026-04-26 1:55:18,-40,0,0,0,0,OK,,,,,
2026-04-26 1:55:34,-40,0,0,0,0,OK,,,,,
2026-04-26 1:55:50,-40,0,0,0,0,OK,,,,,
2026-04-26 1:56:06,10.9,86,0,392,0,OK,,,,,
2026-04-26 1:56:22,11,86,0,392,0,OK,,,,,
2026-04-26 1:56:38,11,86,0,392,0,OK,,,,,
2026-04-26 1:56:54,11,86,0,392,0,OK,,,,,
2026-04-26 1:57:10,11,126,0,392,4915.2,OK,,,,,
2026-04-26 1:57:26,-40,0,0,0,0,OK,,,,,
2026-04-26 1:58:30,-40,0,0,0,0,OK,,,,,
2026-04-26 1:58:46,11,86,0,392,0,OK,,,,,
2026-04-26 1:59:02,-40,0,0,0,0,OK,,,,,
2026-04-26 1:59:18,11,86,0,392,0,OK,,,,,
2026-04-26 1:59:34,11,94,0,392,0,OK,,,,,
2026-04-26 1:59:50,-40,0,0,0,0,OK,,,,,
2026-04-26 2:00:06,11.1,86,0,392,0,OK,,,,,
2026-04-26 2:00:22,11.1,118,0,392,0,OK,,,,,
2026-04-26 2:00:54,-40,0,0,0,0,OK,,,,,
2026-04-26 2:01:10,11,118,0,32904,0,OK,,,,,
2026-04-26 2:01:26,11,171,0,392,0,OK,,,,,
2026-04-26 2:01:42,-40,0,0,0,0,OK,,,,,
2026-04-26 2:01:58,11,86,0,392,3276.8,OK,,,,,
2026-04-26 2:02:14,-40,0,0,0,0,OK,,,,,
2026-04-26 2:02:30,-40,0,0,0,0,OK,,,,,
2026-04-26 2:02:46,164.6,86,0,392,3276.8,OK,,,,,
2026-04-26 2:03:02,164.6,86,0,392,0,OK,,,,,
2026-04-26 2:03:18,11,86,0,392,0,OK,,,,,
2026-04-26 2:03:34,-40,0,0,0,0,OK,,,,,
2026-04-26 2:03:50,-40,0,0,0,0,OK,,,,,
2026-04-26 2:04:06,11.2,87,0,392,0,OK,,,,,
2026-04-26 2:04:22,-40,0,0,0,0,OK,,,,,
2026-04-26 2:04:38,-40,0,0,0,0,OK,,,,,
2026-04-26 2:04:54,11.2,215,17.9,392,0,OK,,,,,
2026-04-26 2:05:10,11.3,86,0,1928,0,OK,,,,,
2026-04-26 2:05:26,-40,0,0,0,0,OK,,,,,
2026-04-26 2:06:14,-40,0,0,0,0,OK,,,,,
2026-04-26 2:06:30,-40,0,0,0,0,OK,,,,,
2026-04-26 2:07:34,-40,0,0,0,0,OK,,,,,
2026-04-26 2:07:50,-40,0,0,0,0,OK,,,,,
2026-04-26 2:08:54,-40,0,0,0,0,OK,,,,,
2026-04-26 2:09:10,-40,0,0,0,0,OK,,,,,
2026-04-26 2:09:26,-40,0,0,0,0,OK,,,,,
2026-04-26 2:09:42,-40,0,0,0,0,OK,,,,,
2026-04-26 2:09:58,-40,0,0,0,0,OK,,,,,
2026-04-26 2:10:14,-40,0,0,0,0,OK,,,,,
2026-04-26 2:10:30,-40,0,0,0,0,OK,,,,,
2026-04-26 2:10:46,-40,0,0,0,0,OK,,,,,
2026-04-26 2:11:02,-14.2,85,35.8,392,0,OK,,,,,
2026-04-26 2:11:18,-40,0,0,0,0,OK,,,,,
2026-04-26 2:11:34,-40,0,0,0,0,OK,,,,,
2026-04-26 2:11:50,-40,0,0,0,0,OK,,,,,
2026-04-26 2:12:06,11.5,85,0,904,0,OK,,,,,
2026-04-26 2:12:38,-40,0,0,0,0,OK,,,,,
2026-04-26 2:12:54,-40,0,0,0,0,OK,,,,,
2026-04-26 2:13:10,11.6,85,0,392,0,OK,,,,,
2026-04-26 2:13:26,-40,0,0,0,0,OK,,,,,
2026-04-26 2:13:42,-40,0,0,0,0,OK,,,,,
2026-04-26 2:13:58,11.6,84,0,392,0,OK,,,,,
2026-04-26 2:14:14,-40,0,0,0,0,OK,,,,,
2026-04-26 2:14:30,-40,0,0,0,0,OK,,,,,
2026-04-26 2:14:46,114,84,0,392,0,OK,,,,,
2026-04-26 2:15:02,-40,0,0,0,0,OK,,,,,
2026-04-26 2:16:54,-40,0,0,0,0,OK,,,,,
2026-04-26 2:17:10,-40,0,0,0,0,OK,,,,,
2026-04-26 2:17:26,-40,0,0,0,0,OK,,,,,
2026-04-26 2:17:42,-40,0,0,0,0,OK,,,,,
2026-04-26 2:17:58,-40,0,0,0,0,OK,,,,,
2026-04-26 2:18:14,-40,0,0,0,0,OK,,,,,
2026-04-26 2:18:30,11.6,83,0,392,0,OK,,,,,
2026-04-26 2:18:46,-40,0,0,0,0,OK,,,,,
2026-04-26 2:19:02,-40,0,0,0,0,OK,,,,,
2026-04-26 2:19:18,-40,0,0,0,0,OK,,,,,
2026-04-26 2:19:34,11.5,84,0,392,0,OK,,,,,
2026-04-26 2:19:50,11.5,84,0,482,0,OK,,,,,
2026-04-26 2:20:06,-40,0,0,0,0,OK,,,,,
2026-04-26 2:20:22,11.4,84,0,392,0,OK,,,,,
2026-04-26 2:20:38,-40,0,0,0,0,OK,,,,,
2026-04-26 2:20:54,11.3,84,0,392,0,OK,,,,,
2026-04-26 2:21:10,11.3,84,0,392,0,OK,,,,,
2026-04-26 2:21:26,-40,0,0,0,0,OK,,,,,
2026-04-26 2:21:42,-40,0,0,0,0,OK,,,,,
2026-04-26 2:21:58,11.3,252,17.9,392,0,OK,,,,,
2026-04-26 2:22:14,-40,0,0,0,0,OK,,,,,
2026-04-26 2:22:30,113.6,84,0,392,2.4,OK,,,,,
2026-04-26 2:22:46,-40,0,0,0,0,OK,,,,,
2026-04-26 2:23:02,-40,0,0,0,0,OK,,,,,
2026-04-26 2:23:34,-40,0,0,0,0,OK,,,,,
2026-04-26 2:23:50,-40,0,0,0,0,OK,,,,,
2026-04-26 2:24:06,-40,0,0,0,0,OK,,,,,
2026-04-26 2:24:22,-40,0,0,0,0,OK,,,,,
2026-04-26 2:24:38,-40,0,0,0,0,OK,,,,,
2026-04-26 2:24:54,11.2,92,0,440,0,OK,,,,,
2026-04-26 2:25:10,-40,0,0,0,0,OK,,,,,
2026-04-26 2:25:26,-40,0,0,0,0,OK,,,,,
2026-04-26 2:25:42,-40,0,0,0,0,OK,,,,,
2026-04-26 2:25:58,-14.5,84,35.8,392,0,OK,,,,,
2026-04-26 2:26:30,11,92,0,392,0,OK,,,,,
2026-04-26 2:26:46,-40,0,0,0,0,OK,,,,,
2026-04-26 2:27:02,10.9,84,0,392,0,OK,,,,,
2026-04-26 2:27:18,-40,0,0,0,0,OK,,,,,
2026-04-26 2:27:34,164.5,84,0,392,838860.8,OK,,,,,
2026-04-26 2:27:50,10.8,92,0,392,0,OK,,,,,
2026-04-26 2:28:06,-40,0,0,0,0,OK,,,,,
2026-04-26 2:28:22,62,84,0,482,0,OK,,,,,
2026-04-26 2:28:38,-40,0,0,0,0,OK,,,,,
2026-04-26 2:28:54,-40,0,0,0,0,OK,,,,,
2026-04-26 2:29:10,10.8,84,0,392,0,OK,,,,,
2026-04-26 2:29:26,-40,0,0,0,0,OK,,,,,
2026-04-26 2:29:42,10.8,116,0,392,0,OK,,,,,
2026-04-26 2:29:58,-40,0,0,0,0,OK,,,,,
2026-04-26 2:30:14,-40,0,0,0,0,OK,,,,,
2026-04-26 2:30:30,-40,0,0,0,0,OK,,,,,
2026-04-26 2:30:46,10.8,84,0,392,0,OK,,,,,
2026-04-26 2:31:02,164.3,127,0,392,0,OK,,,,,
2026-04-26 2:31:18,-40,0,0,0,0,OK,,,,,
2026-04-26 2:31:34,49.5,213,107.5,392,0,OK,,,,,
2026-04-26 2:31:50,-40,0,0,0,0,OK,,,,,
2026-04-26 2:32:06,-40,0,0,0,0,OK,,,,,
2026-04-26 2:32:22,10.7,85,0,392,3276.8,OK,,,,,
2026-04-26 2:32:38,164.7,127,65.7,1,0,OK,,,,,
2026-04-26 2:32:54,10.7,85,0,504,0,OK,,,,,
2026-04-26 2:33:10,-40,0,0,0,0,OK,,,,,
2026-04-26 2:33:26,10.7,85,0,392,0,OK,,,,,
2026-04-26 2:33:42,-40,0,0,0,0,OK,,,,,
2026-04-26 2:33:58,10.7,85,0,392,0,OK,,,,,
2026-04-26 2:34:14,-40,0,0,0,0,OK,,,,,
2026-04-26 2:34:30,-40,0,0,0,0,OK,,,,,
2026-04-26 2:34:46,-40,0,0,0,0,OK,,,,,
2026-04-26 2:35:50,-15,85,35.8,392,0,OK,,,,,
2026-04-26 2:36:06,-40,0,0,0,0,OK,,,,,
2026-04-26 2:36:22,-40,0,0,0,0,OK,,,,,
2026-04-26 2:36:38,-40,0,0,0,0,OK,,,,,
2026-04-26 2:36:54,-14.9,85,35.8,392,0,OK,,,,,
2026-04-26 2:37:10,10.7,85,0,392,9.6,OK,,,,,
2026-04-26 2:37:26,10.6,85,0,392,0,OK,,,,,
2026-04-26 2:37:42,-40,0,0,0,0,OK,,,,,
2026-04-26 2:37:58,-40,0,0,0,0,OK,,,,,
2026-04-26 2:38:14,-40,0,0,0,0,OK,,,,,
2026-04-26 2:38:30,-40,0,0,0,0,OK,,,,,
2026-04-26 2:38:46,-40,0,0,0,0,OK,,,,,
2026-04-26 2:39:02,10.7,86,0,408,0,OK,,,,,
2026-04-26 2:39:18,10.7,86,0,904,0,OK,,,,,
2026-04-26 2:39:34,-40,0,0,0,0,OK,,,,,
2026-04-26 2:39:50,-40,0,0,0,0,OK,,,,,
2026-04-26 2:40:06,10.8,86,0,392,0,OK,,,,,
2026-04-26 2:40:22,10.8,86,0,392,0,OK,,,,,
2026-04-26 2:40:38,-40,0,0,0,0,OK,,,,,
2026-04-26 2:40:54,-40,0,0,0,0,OK,,,,,
2026-04-26 2:41:10,-40,0,0,0,0,OK,,,,,
2026-04-26 2:41:26,-14.8,86,35.8,1928,0,OK,,,,,
2026-04-26 2:41:42,10.8,86,0,904,0,OK,,,,,
2026-04-26 2:41:58,-40,0,0,0,0,OK,,,,,
2026-04-26 2:42:14,-40,0,0,0,0,OK,,,,,
2026-04-26 2:42:30,10.8,254,0,392,0,OK,,,,,
2026-04-26 2:42:46,-40,0,0,0,0,OK,,,,,
2026-04-26 2:43:02,-40,0,0,0,0,OK,,,,,
2026-04-26 2:43:18,62,86,0,392,838860.8,OK,,,,,
2026-04-26 2:43:34,-40,0,0,0,0,OK,,,,,
2026-04-26 2:43:50,-40,0,0,0,0,OK,,,,,
2026-04-26 2:44:22,10.8,87,0,392,0,OK,,,,,
2026-04-26 2:44:38,-40,0,0,0,0,OK,,,,,
2026-04-26 2:45:10,10.8,86,0,392,3276.8,OK,,,,,
2026-04-26 2:46:14,-40,0,0,0,0,OK,,,,,
2026-04-26 2:46:30,-14.8,86,35.8,392,0,OK,,,,,
2026-04-26 2:46:46,-40,0,0,0,0,OK,,,,,
2026-04-26 2:47:02,-40,0,0,0,0,OK,,,,,
2026-04-26 2:47:18,-40,0,0,0,0,OK,,,,,
2026-04-26 2:47:34,-14.8,87,35.8,392,0,OK,,,,,
2026-04-26 2:47:50,-40,0,0,0,0,OK,,,,,
2026-04-26 2:48:06,10.7,86,0,392,0,OK,,,,,
2026-04-26 2:48:22,10.7,86,0,392,0,OK,,,,,
2026-04-26 2:48:38,10.7,86,0,392,0,OK,,,,,
2026-04-26 2:48:54,10.7,86,0,392,0,OK,,,,,
2026-04-26 2:49:10,10.7,215,0,392,0,OK,,,,,
2026-04-26 2:49:26,10.7,215,0,392,0,OK,,,,,
2026-04-26 2:49:42,-40,0,0,0,0,OK,,,,,
2026-04-26 2:49:58,61.9,87,0,904,0,OK,,,,,
2026-04-26 2:50:14,-40,0,0,0,0,OK,,,,,
2026-04-26 2:50:30,-14.9,87,35.8,392,4915.2,OK,,,,,
2026-04-26 2:50:46,10.7,87,0,3976,0,OK,,,,,
2026-04-26 2:51:02,-40,0,0,0,0,OK,,,,,
2026-04-26 2:51:18,-40,0,0,0,0,OK,,,,,
2026-04-26 2:51:34,-40,0,0,0,0,OK,,,,,
2026-04-26 2:51:50,-40,0,0,0,0,OK,,,,,
2026-04-26 2:52:54,10.7,87,0,392,0,OK,,,,,
2026-04-26 2:53:10,-40,0,0,0,0,OK,,,,,
2026-04-26 2:53:26,10.6,94,0,392,0,OK,,,,,
2026-04-26 2:53:42,-14.7,171,35.8,392,0,OK,,,,,
2026-04-26 2:53:58,-40,0,0,0,0,OK,,,,,
2026-04-26 2:54:14,-40,0,0,0,0,OK,,,,,
2026-04-26 2:54:30,-40,0,0,0,0,OK,,,,,
2026-04-26 2:54:46,-40,0,0,0,0,OK,,,,,
2026-04-26 2:55:02,10.6,87,0,392,0,OK,,,,,
2026-04-26 2:55:18,-40,0,0,0,0,OK,,,,,
2026-04-26 2:55:34,99.8,86,35.8,392,0,OK,,,,,
2026-04-26 2:55:50,10.9,87,0,392,12.8,OK,,,,,
2026-04-26 2:56:06,10.5,87,0,392,0,OK,,,,,
2026-04-26 2:56:22,-40,0,0,0,0,OK,,,,,
2026-04-26 2:56:38,-40,0,0,0,0,OK,,,,,
2026-04-26 2:56:54,10.6,95,0,392,0,OK,,,,,
2026-04-26 2:57:26,10.6,87,0,392,0,OK,,,,,
2026-04-26 2:57:58,-40,0,0,0,0,OK,,,,,
2026-04-26 2:58:14,-14.9,87,35.8,1928,0,OK,,,,,
2026-04-26 2:58:30,-40,0,0,0,0,OK,,,,,
2026-04-26 2:58:46,-40,0,0,0,0,OK,,,,,
2026-04-26 2:59:02,10.6,87,0,392,12.8,OK,,,,,
2026-04-26 2:59:18,-40,0,0,0,0,OK,,,,,
2026-04-26 2:59:34,-40,0,0,0,0,OK,,,,,
2026-04-26 2:59:50,10.6,87,0,392,0,OK,,,,,
2026-04-26 3:00:06,10.6,87,0,392,0,OK,,,,,
2026-04-26 3:00:22,10.6,87,0,392,0,OK,,,,,
2026-04-26 3:00:38,10.5,87,0,392,838860.8,OK,,,,,
2026-04-26 3:00:54,-40,0,0,0,0,OK,,,,,
2026-04-26 3:01:10,10.5,87,0,392,0,OK,,,,,
2026-04-26 3:01:26,-40,0,0,0,0,OK,,,,,
2026-04-26 3:01:58,10.5,87,0,392,3276.8,OK,,,,,
2026-04-26 3:02:14,-40,0,0,0,0,OK,,,,,
2026-04-26 3:02:30,10.5,87,0,392,0,OK,,,,,
2026-04-26 3:02:46,-40,0,0,0,0,OK,,,,,
2026-04-26 3:03:02,-40,0,0,0,0,OK,,,,,
2026-04-26 3:03:18,10.6,87,0,8072,0,OK,,,,,
2026-04-26 3:03:34,-40,0,0,0,0,OK,,,,,
2026-04-26 3:03:50,-40,0,0,0,0,OK,,,,,
2026-04-26 3:04:54,10.6,87,0,392,3276.8,OK,,,,,
2026-04-26 3:05:10,10.6,87,0,392,0,OK,,,,,
2026-04-26 3:05:26,10.6,87,0,3976,0,OK,,,,,
2026-04-26 3:05:58,-40,0,0,0,0,OK,,,,,
2026-04-26 3:06:14,10.6,87,0,392,0,OK,,,,,
2026-04-26 3:06:30,-40,0,0,0,0,OK,,,,,
2026-04-26 3:06:46,10.6,87,0,408,0,OK,,,,,
2026-04-26 3:07:02,-40,0,0,0,0,OK,,,,,
2026-04-26 3:07:18,-40,0,0,0,0,OK,,,,,
2026-04-26 3:07:34,-40,0,0,0,0,OK,,,,,
2026-04-26 3:08:38,10.7,88,0,392,0,OK,,,,,
2026-04-26 3:08:54,-40,0,0,0,0,OK,,,,,
2026-04-26 3:09:10,-40,0,0,0,0,OK,,,,,
2026-04-26 3:09:26,-40,0,0,0,0,OK,,,,,
2026-04-26 3:09:42,-40,0,0,0,0,OK,,,,,
2026-04-26 3:09:58,-40,0,0,0,0,OK,,,,,
2026-04-26 3:10:14,-40,0,0,0,0,OK,,,,,
2026-04-26 3:10:30,-40,0,0,0,0,OK,,,,,
2026-04-26 3:10:46,10.7,88,0,392,0,OK,,,,,
2026-04-26 3:11:02,-40,0,0,0,0,OK,,,,,
2026-04-26 3:11:18,10.8,88,0,8072,0,OK,,,,,
2026-04-26 3:11:34,-40,0,0,0,0,OK,,,,,
2026-04-26 3:11:50,10.7,88,0,392,0,OK,,,,,
2026-04-26 3:12:06,10.8,87,0,392,0,OK,,,,,
2026-04-26 3:12:22,-40,0,0,0,0,OK,,,,,
2026-04-26 3:12:38,-40,0,0,0,0,OK,,,,,
2026-04-26 3:13:10,-40,0,0,0,0,OK,,,,,
2026-04-26 3:13:26,164.4,87,0,8072,0,OK,,,,,
2026-04-26 3:13:42,-40,0,0,0,0,OK,,,,,
2026-04-26 3:13:58,-40,0,0,0,0,OK,,,,,
2026-04-26 3:14:14,-40,0,0,0,0,OK,,,,,
2026-04-26 3:14:46,-40,0,0,0,0,OK,,,,,
2026-04-26 3:15:50,10.9,87,0,392,0,OK,,,,,
2026-04-26 3:16:06,10.9,87,0,1928,0,OK,,,,,
2026-04-26 3:16:22,10.9,87,0,482,0,OK,,,,,
2026-04-26 3:16:54,-40,0,0,0,0,OK,,,,,
2026-04-26 3:17:42,-40,0,0,0,0,OK,,,,,
2026-04-26 3:17:58,-40,0,0,0,0,OK,,,,,
2026-04-26 3:18:14,-40,0,0,0,0,OK,,,,,
2026-04-26 3:18:30,11,87,0,392,0,OK,,,,,
2026-04-26 3:18:46,11,87,0,904,0,OK,,,,,
2026-04-26 3:19:02,-40,0,0,0,0,OK,,,,,
2026-04-26 3:19:18,11,87,0,392,0,OK,,,,,
2026-04-26 3:19:34,-40,0,0,0,0,OK,,,,,
2026-04-26 3:19:50,11.1,87,0,392,0,OK,,,,,
2026-04-26 3:20:06,-40,0,0,0,0,OK,,,,,
2026-04-26 3:20:22,-40,0,0,0,0,OK,,,,,
2026-04-26 3:20:38,-40,0,0,0,0,OK,,,,,
2026-04-26 3:21:42,-40,0,0,0,0,OK,,,,,
2026-04-26 3:21:58,-40,0,0,0,0,OK,,,,,
2026-04-26 3:22:14,11.2,86,0,32648,0,OK,,,,,
2026-04-26 3:22:30,-40,0,0,0,0,OK,,,,,
2026-04-26 3:22:46,-14.5,86,35.8,904,0,OK,,,,,
2026-04-26 3:23:18,11.1,94,0,392,4915.2,OK,,,,,
2026-04-26 3:23:34,-40,0,0,0,0,OK,,,,,
2026-04-26 3:23:50,-40,0,0,0,0,OK,,,,,
2026-04-26 3:24:06,-40,0,0,0,0,OK,,,,,
2026-04-26 3:24:54,-40,0,0,0,0,OK,,,,,
2026-04-26 3:25:10,-40,0,0,0,0,OK,,,,,
2026-04-26 3:25:26,-40,0,0,0,0,OK,,,,,
2026-04-26 3:26:30,11.2,86,0,392,0,OK,,,,,
2026-04-26 3:26:46,-40,0,0,0,0,OK,,,,,
2026-04-26 3:27:50,11.2,86,17.9,392,0,OK,,,,,
2026-04-26 3:28:06,11.2,86,0,392,12.8,OK,,,,,
2026-04-26 3:28:22,-40,0,0,0,0,OK,,,,,
2026-04-26 3:28:38,-40,0,0,0,0,OK,,,,,
2026-04-26 3:28:54,11.1,86,0,392,0,OK,,,,,
2026-04-26 3:29:10,-40,0,0,0,0,OK,,,,,
2026-04-26 3:29:26,-40,0,0,0,0,OK,,,,,
2026-04-26 3:29:42,11.1,171,0,392,0,OK,,,,,
2026-04-26 3:29:58,-40,0,0,0,0,OK,,,,,
2026-04-26 3:30:14,-40,0,0,0,0,OK,,,,,
2026-04-26 3:30:30,11.1,86,0,392,0,OK,,,,,
2026-04-26 3:30:46,-40,0,0,0,0,OK,,,,,
2026-04-26 3:31:02,-40,0,0,0,0,OK,,,,,
2026-04-26 3:31:18,-40,0,0,0,0,OK,,,,,
2026-04-26 3:31:34,11.1,254,0,392,0,OK,,,,,
2026-04-26 3:32:22,11.1,254,17.9,392,3276.8,OK,,,,,
2026-04-26 3:32:38,-40,0,0,0,0,OK,,,,,
2026-04-26 3:32:54,-40,0,0,0,0,OK,,,,,
2026-04-26 3:33:10,-40,0,0,0,0,OK,,,,,
2026-04-26 3:33:26,11.1,86,0,16264,0,OK,,,,,
2026-04-26 3:33:42,11.1,86,0,392,0,OK,,,,,
2026-04-26 3:33:58,11.1,86,0,392,19.2,OK,,,,,
2026-04-26 3:34:30,11.2,86,0,392,0,OK,,,,,
2026-04-26 3:34:46,11.2,86,0,392,4915.2,OK,,,,,
2026-04-26 3:35:34,-40,0,0,0,0,OK,,,,,
2026-04-26 3:35:50,11.2,86,0,482,0,OK,,,,,
2026-04-26 3:36:06,-40,0,0,0,0,OK,,,,,
2026-04-26 3:36:22,-40,0,0,0,0,OK,,,,,
2026-04-26 3:37:26,-40,0,0,0,0,OK,,,,,
2026-04-26 3:37:42,11.1,86,0,904,0,OK,,,,,
2026-04-26 3:37:58,-40,0,0,0,0,OK,,,,,
2026-04-26 3:38:14,11.2,86,0,392,3276.8,OK,,,,,
2026-04-26 3:38:30,11.2,86,0,392,12.8,OK,,,,,
2026-04-26 3:38:46,-40,0,0,0,0,OK,,,,,
2026-04-26 3:39:02,-40,0,0,0,0,OK,,,,,
2026-04-26 3:39:18,-40,0,0,0,0,OK,,,,,
2026-04-26 3:39:34,-40,0,0,0,0,OK,,,,,
2026-04-26 3:39:50,11.2,86,0,392,0,OK,,,,,
2026-04-26 3:40:06,11.2,86,0,392,3276.8,OK,,,,,
2026-04-26 3:40:38,11.2,86,0,392,0,OK,,,,,
2026-04-26 3:40:54,-40,0,0,0,0,OK,,,,,
2026-04-26 3:41:10,11.1,86,0,408,0,OK,,,,,
2026-04-26 3:41:26,-40,0,0,0,0,OK,,,,,
2026-04-26 3:41:58,11.2,86,0,3976,0,OK,,,,,
2026-04-26 3:43:02,-40,0,0,0,0,OK,,,,,
2026-04-26 3:43:18,-40,0,0,0,0,OK,,,,,
2026-04-26 3:44:06,-40,0,0,0,0,OK,,,,,
2026-04-26 3:44:22,11.2,86,0,1928,0,OK,,,,,
2026-04-26 3:44:54,-40,0,0,0,0,OK,,,,,
2026-04-26 3:45:10,113.7,86,0.1,392,0,OK,,,,,
2026-04-26 3:45:26,-40,0,0,0,0,OK,,,,,
2026-04-26 3:45:42,11.3,86,0,392,0,OK,,,,,
2026-04-26 3:45:58,11.4,85,0.1,392,838860.8,OK,,,,,
2026-04-26 3:46:14,-40,0,0,0,0,OK,,,,,
2026-04-26 3:46:30,-40,0,0,0,0,OK,,,,,
2026-04-26 3:46:46,11.8,85,0.1,16264,3276.8,OK,,,,,
2026-04-26 3:47:02,-40,0,0,0,0,OK,,,,,
2026-04-26 3:47:18,11.4,85,0.1,392,0,OK,,,,,
2026-04-26 3:47:34,-40,0,0,0,0,OK,,,,,
2026-04-26 3:47:50,-40,0,0,0,0,OK,,,,,
2026-04-26 3:48:06,11.4,117,0,392,0,OK,,,,,
2026-04-26 3:48:22,-40,0,0,0,0,OK,,,,,
2026-04-26 3:48:38,11.4,85,0,482,0,OK,,,,,
2026-04-26 3:48:54,11.4,85,17.9,392,0,OK,,,,,
2026-04-26 3:49:58,-40,0,0,0,0,OK,,,,,
2026-04-26 3:50:14,-40,0,0,0,0,OK,,,,,
2026-04-26 3:50:30,-40,0,0,0,0,OK,,,,,
2026-04-26 3:51:34,113.7,85,71.7,32648,0,OK,,,,,
2026-04-26 3:51:50,-40,0,0,0,0,OK,,,,,
2026-04-26 3:52:06,11.3,85,0,392,0,OK,,,,,
2026-04-26 3:52:22,11.4,85,0,392,0,OK,,,,,
2026-04-26 3:52:38,11.3,85,0,392,0,OK,,,,,
2026-04-26 3:52:54,113.7,85,0,392,3276.8,OK,,,,,
2026-04-26 3:53:10,-40,0,0,0,0,OK,,,,,
2026-04-26 3:53:26,-40,0,0,0,0,OK,,,,,
2026-04-26 3:53:42,11.3,85,0,392,0,OK,,,,,
2026-04-26 3:54:30,11.3,85,0,392,0,OK,,,,,
2026-04-26 3:54:46,11.3,85,0,392,0,OK,,,,,
2026-04-26 3:55:02,11.3,85,0,392,0,OK,,,,,
2026-04-26 3:55:34,-40,0,0,0,0,OK,,,,,
2026-04-26 3:55:50,-40,0,0,0,0,OK,,,,,
2026-04-26 3:56:06,-40,0,0,0,0,OK,,,,,
2026-04-26 3:56:22,11.2,127,0,392,0,OK,,,,,
2026-04-26 3:56:54,-40,0,0,0,0,OK,,,,,
2026-04-26 3:57:10,-40,0,0,0,0,OK,,,,,
2026-04-26 3:57:26,-40,0,0,0,0,OK,,,,,
2026-04-26 3:57:42,-40,0,0,0,0,OK,,,,,
2026-04-26 3:57:58,24,85,0,392,0,OK,,,,,
2026-04-26 3:58:14,-40,0,0,0,0,OK,,,,,
2026-04-26 3:58:30,-40,0,0,0,0,OK,,,,,
2026-04-26 3:58:46,-40,0,0,0,0,OK,,,,,
2026-04-26 3:59:02,11.2,85,0,392,0,OK,,,,,
2026-04-26 3:59:18,-40,0,0,0,0,OK,,,,,
2026-04-26 3:59:34,11.1,85,0,392,4915.2,OK,,,,,
2026-04-26 4:00:38,113.6,85,0,3976,0,OK,,,,,
2026-04-26 4:00:54,-40,0,0,0,0,OK,,,,,
2026-04-26 4:01:10,-40,0,0,0,0,OK,,,,,
2026-04-26 4:01:26,-40,0,0,0,0,OK,,,,,
2026-04-26 4:01:42,-40,0,0,0,0,OK,,,,,
2026-04-26 4:02:14,-40,0,0,0,0,OK,,,,,
2026-04-26 4:02:46,11,85,0,392,0,OK,,,,,
2026-04-26 4:03:02,-40,0,0,0,0,OK,,,,,
2026-04-26 4:03:18,-40,0,0,0,0,OK,,,,,
2026-04-26 4:03:34,-40,0,0,0,0,OK,,,,,
2026-04-26 4:03:50,-40,0,0,0,0,OK,,,,,
2026-04-26 4:04:06,-40,0,0,0,0,OK,,,,,
2026-04-26 4:04:22,-40,0,0,0,0,OK,,,,,
2026-04-26 4:04:38,-40,0,0,0,0,OK,,,,,
2026-04-26 4:04:54,-40,0,0,0,0,OK,,,,,
2026-04-26 4:05:42,-40,0,0,0,0,OK,,,,,
2026-04-26 4:05:58,-40,0,0,0,0,OK,,,,,
2026-04-26 4:06:14,-40,0,0,0,0,OK,,,,,
2026-04-26 4:06:30,11,246,0,392,0,OK,,,,,
2026-04-26 4:06:46,11,246,17.9,392,0,OK,,,,,
2026-04-26 4:07:02,-40,0,0,0,0,OK,,,,,
2026-04-26 4:07:34,-40,0,0,0,0,OK,,,,,
2026-04-26 4:07:50,11,86,0,392,838860.8,OK,,,,,
2026-04-26 4:08:06,-40,0,0,0,0,OK,,,,,
2026-04-26 4:08:22,-40,0,0,0,0,OK,,,,,
2026-04-26 4:08:38,-40,0,0,0,0,OK,,,,,
2026-04-26 4:08:54,-14.7,86,35.8,392,0,OK,,,,,
2026-04-26 4:09:58,10.8,86,0,392,0,OK,,,,,
2026-04-26 4:10:14,-40,0,0,0,0,OK,,,,,
2026-04-26 4:10:30,-40,0,0,0,0,OK,,,,,
2026-04-26 4:10:46,-40,0,0,0,0,OK,,,,,
2026-04-26 4:11:02,-40,0,0,0,0,OK,,,,,
2026-04-26 4:12:06,-40,0,0,0,0,OK,,,,,
2026-04-26 4:12:22,10.9,86,0,392,0,OK,,,,,
2026-04-26 4:12:38,-40,0,0,0,0,OK,,,,,
2026-04-26 4:12:54,-40,0,0,0,0,OK,,,,,
2026-04-26 4:13:58,-40,0,0,0,0,OK,,,,,
2026-04-26 4:14:14,-40,0,0,0,0,OK,,,,,
2026-04-26 4:14:30,-40,0,0,0,0,OK,,,,,
2026-04-26 4:14:46,-40,0,0,0,0,OK,,,,,
2026-04-26 4:15:18,-40,0,0,0,0,OK,,,,,
2026-04-26 4:15:34,-40,0,0,0,0,OK,,,,,
2026-04-26 4:15:50,10.7,171,0,392,0,OK,,,,,
2026-04-26 4:16:06,10.7,86,0,392,0,OK,,,,,
2026-04-26 4:17:10,-40,0,0,0,0,OK,,,,,
2026-04-26 4:17:26,-40,0,0,0,0,OK,,,,,
2026-04-26 4:18:30,11,86,0,392,0,OK,,,,,
2026-04-26 4:18:46,-15,87,35.8,392,0,OK,,,,,
2026-04-26 4:19:02,-40,0,0,0,0,OK,,,,,
2026-04-26 4:19:18,10.6,246,0,392,0,OK,,,,,
2026-04-26 4:19:50,10.6,87,0,392,0,OK,,,,,
2026-04-26 4:20:06,10.6,87,0,392,0,OK,,,,,
2026-04-26 4:20:22,-40,0,0,0,0,OK,,,,,
2026-04-26 4:20:38,-40,0,0,0,0,OK,,,,,
2026-04-26 4:21:58,10.6,87,0,392,0,OK,,,,,
2026-04-26 4:22:14,-40,0,0,0,0,OK,,,,,
2026-04-26 4:23:34,-40,0,0,0,0,OK,,,,,
2026-04-26 4:24:22,-40,0,0,0,0,OK,,,,,
2026-04-26 4:24:38,164.2,87,35.8,392,0,OK,,,,,
2026-04-26 4:25:42,10.5,87,0,392,0,OK,,,,,
2026-04-26 4:25:58,-40,0,0,0,0,OK,,,,,
2026-04-26 4:26:14,-40,0,0,0,0,OK,,,,,
2026-04-26 4:26:30,-40,0,0,0,0,OK,,,,,
2026-04-26 4:26:46,-40,0,0,0,0,OK,,,,,
2026-04-26 4:27:02,-40,0,0,0,0,OK,,,,,
2026-04-26 4:27:34,-40,0,0,0,0,OK,,,,,
2026-04-26 4:27:50,-40,0,0,0,0,OK,,,,,
2026-04-26 4:28:06,-40,0,0,0,0,OK,,,,,
2026-04-26 4:28:22,-40,0,0,0,0,OK,,,,,
2026-04-26 4:28:38,-40,0,0,0,0,OK,,,,,
2026-04-26 4:28:54,-40,0,0,0,0,OK,,,,,
2026-04-26 4:29:58,-40,0,0,0,0,OK,,,,,
2026-04-26 4:30:14,-40,0,0,0,0,OK,,,,,
2026-04-26 4:30:30,-40,0,0,0,0,OK,,,,,
2026-04-26 4:30:46,-40,0,0,0,0,OK,,,,,
2026-04-26 4:31:02,-15.3,88,35.8,1928,0,OK,,,,,
2026-04-26 4:31:18,-40,0,0,0,0,OK,,,,,
2026-04-26 4:31:50,-40,0,0,0,0,OK,,,,,
2026-04-26 4:32:06,10.3,88,0,392,0,OK,,,,,
2026-04-26 4:32:22,-40,0,0,0,0,OK,,,,,
2026-04-26 4:32:38,-40,0,0,0,0,OK,,,,,
2026-04-26 4:33:10,10.2,88,0,408,0,OK,,,,,
2026-04-26 4:33:58,61.4,88,0,1928,0,OK,,,,,
2026-04-26 4:34:14,-40,0,0,0,0,OK,,,,,
2026-04-26 4:34:30,-40,0,0,0,0,OK,,,,,
2026-04-26 4:34:46,-40,0,0,0,0,OK,,,,,
2026-04-26 4:35:02,10.2,214,0,392,0,OK,,,,,
2026-04-26 4:35:18,11.1,214,0,392,0,OK,,,,,
2026-04-26 4:35:50,-40,0,0,0,0,OK,,,,,
2026-04-26 4:36:54,163.9,88,0,392,0,OK,,,,,
2026-04-26 4:37:26,-15.3,88,35.8,392,0,OK,,,,,
2026-04-26 4:37:42,-40,0,0,0,0,OK,,,,,
2026-04-26 4:37:58,-40,0,0,0,0,OK,,,,,
2026-04-26 4:38:14,-40,0,0,0,0,OK,,,,,
2026-04-26 4:38:46,10.2,88,0,392,0,OK,,,,,
2026-04-26 4:39:02,-40,0,0,0,0,OK,,,,,
2026-04-26 4:40:06,61.6,245,12.3,1,0,OK,,,,,
2026-04-26 4:40:22,87,88,71.7,392,838860.8,OK,,,,,
2026-04-26 4:40:38,10.1,88,0,392,0,OK,,,,,
2026-04-26 4:40:54,-40,0,0,0,0,OK,,,,,
2026-04-26 4:41:10,-40,0,0,0,0,OK,,,,,
2026-04-26 4:42:14,10.1,88,0,392,0,OK,,,,,
2026-04-26 4:42:30,10,88,0,408,0,OK,,,,,
2026-04-26 4:42:46,-40,0,0,0,0,OK,,,,,
2026-04-26 4:43:02,11.1,88,0,3976,0,OK,,,,,
2026-04-26 4:43:18,-40,0,0,0,0,OK,,,,,
2026-04-26 4:43:34,10.1,88,0,392,0,OK,,,,,
2026-04-26 4:43:50,-40,0,0,0,0,OK,,,,,
2026-04-26 4:44:06,-40,0,0,0,0,OK,,,,,
2026-04-26 4:44:38,10,88,0,3976,0,OK,,,,,
2026-04-26 4:44:54,-40,0,0,0,0,OK,,,,,
2026-04-26 4:45:42,10,88,0,392,0,OK,,,,,
2026-04-26 4:45:58,-40,0,0,0,0,OK,,,,,
2026-04-26 4:46:14,-40,0,0,0,0,OK,,,,,
2026-04-26 4:46:30,10,88,0,392,0,OK,,,,,
2026-04-26 4:46:46,-40,0,0,0,0,OK,,,,,
2026-04-26 4:47:18,-40,0,0,0,0,OK,,,,,
2026-04-26 4:47:34,-40,0,0,0,0,OK,,,,,
2026-04-26 4:47:50,10.1,88,0,392,0,OK,,,,,
2026-04-26 4:48:06,-40,0,0,0,0,OK,,,,,
2026-04-26 4:48:22,-40,0,0,0,0,OK,,,,,
2026-04-26 4:48:38,123.3,245,84,1,0,OK,,,,,
2026-04-26 4:48:54,-40,0,0,0,0,OK,,,,,
2026-04-26 4:49:26,163.7,87,0,392,0,OK,,,,,
2026-04-26 4:49:42,10.3,87,0,904,0,OK,,,,,
2026-04-26 4:50:14,-40,0,0,0,0,OK,,,,,
2026-04-26 4:50:30,-40,0,0,0,0,OK,,,,,
2026-04-26 4:51:34,-40,0,0,0,0,OK,,,,,
2026-04-26 4:52:22,-40,0,0,0,0,OK,,,,,
2026-04-26 4:52:38,10,88,0,392,0,OK,,,,,
2026-04-26 4:52:54,-40,0,0,0,0,OK,,,,,
2026-04-26 4:53:10,10,88,0,1928,0,OK,,,,,
2026-04-26 4:53:58,-40,0,0,0,0,OK,,,,,
2026-04-26 4:54:14,-40,0,0,0,0,OK,,,,,
2026-04-26 4:54:30,-40,0,0,0,0,OK,,,,,
2026-04-26 4:54:46,10,88,0,392,0,OK,,,,,
2026-04-26 4:55:50,-40,0,0,0,0,OK,,,,,
2026-04-26 4:56:22,-40,0,0,0,0,OK,,,,,
2026-04-26 4:56:38,9.9,88,0,8072,0,OK,,,,,
2026-04-26 4:56:54,9.9,88,0,392,3276.8,OK,,,,,
2026-04-26 4:57:10,-40,0,0,0,0,OK,,,,,
2026-04-26 4:57:26,-40,0,0,0,0,OK,,,,,
2026-04-26 4:57:58,-40,0,0,0,0,OK,,,,,
2026-04-26 4:58:14,-40,0,0,0,0,OK,,,,,
2026-04-26 4:59:18,-15.8,88,35.8,392,0,OK,,,,,
2026-04-26 4:59:34,9.8,88,0,1928,0,OK,,,,,
2026-04-26 4:59:50,-40,0,0,0,0,OK,,,,,
2026-04-26 5:00:22,-40,0,0,0,0,OK,,,,,
2026-04-26 5:00:38,-40,0,0,0,0,OK,,,,,
2026-04-26 5:00:54,-40,0,0,0,0,OK,,,,,
2026-04-26 5:01:26,9.8,88,0,392,0,OK,,,,,
2026-04-26 5:01:42,117.5,88,35.8,32648,0,OK,,,,,
2026-04-26 5:01:58,-40,0,0,0,0,OK,,,,,
2026-04-26 5:02:14,9.8,88,0,392,0,OK,,,,,
2026-04-26 5:02:30,-15.8,88,35.8,392,0,OK,,,,,
2026-04-26 5:02:46,9.8,248,0,392,0,OK,,,,,
2026-04-26 5:03:02,9.8,216,0,392,0,OK,,,,,
2026-04-26 5:03:34,-40,0,0,0,0,OK,,,,,
2026-04-26 5:05:42,-15.8,88,35.8,392,0,OK,,,,,
2026-04-26 5:05:58,-40,0,0,0,0,OK,,,,,
2026-04-26 5:07:50,-40,0,0,0,0,OK,,,,,
2026-04-26 5:08:06,-40,0,0,0,0,OK,,,,,
2026-04-26 5:08:22,-40,0,0,0,0,OK,,,,,
2026-04-26 5:08:38,-40,0,0,0,0,OK,,,,,
2026-04-26 5:08:54,-40,0,0,0,0,OK,,,,,
2026-04-26 5:09:42,9.8,88,0,392,0,OK,,,,,
2026-04-26 5:09:58,-15.8,88,35.8,8072,0,OK,,,,,
2026-04-26 5:10:14,40.7,88,0,392,0,OK,,,,,
2026-04-26 5:10:46,-40,0,0,0,0,OK,,,,,
2026-04-26 5:11:02,11.1,88,0,904,0,OK,,,,,
2026-04-26 5:11:18,-15.9,88,35.8,392,0,OK,,,,,
2026-04-26 5:11:34,-40,0,0,0,0,OK,,,,,
2026-04-26 5:11:50,9.7,88,0,392,0,OK,,,,,
2026-04-26 5:12:06,-40,0,0,0,0,OK,,,,,
2026-04-26 5:12:22,-40,0,0,0,0,OK,,,,,
2026-04-26 5:12:38,-40,0,0,0,0,OK,,,,,
2026-04-26 5:13:42,-40,0,0,0,0,OK,,,,,
2026-04-26 5:13:58,-40,0,0,0,0,OK,,,,,
2026-04-26 5:14:30,-40,0,0,0,0,OK,,,,,
2026-04-26 5:15:50,9.5,88,0,392,0,OK,,,,,
2026-04-26 5:16:06,-40,0,0,0,0,OK,,,,,
2026-04-26 5:16:22,9.4,88,0,392,0,OK,,,,,
2026-04-26 5:17:42,9.6,89,0,392,0,OK,,,,,
2026-04-26 5:17:58,9.6,89,0,392,0,OK,,,,,
2026-04-26 5:20:38,9.7,89,0,392,0,OK,,,,,
2026-04-26 5:20:54,-40,0,0,0,0,OK,,,,,
2026-04-26 5:21:10,-40,0,0,0,0,OK,,,,,
2026-04-26 5:21:26,9.7,89,0,392,0,OK,,,,,
2026-04-26 5:21:42,9.7,89,0,392,0,OK,,,,,
2026-04-26 5:21:58,9.7,89,0,392,0,OK,,,,,
2026-04-26 5:22:14,-40,0,0,0,0,OK,,,,,
2026-04-26 5:22:30,-40,0,0,0,0,OK,,,,,
2026-04-26 5:22:46,-40,0,0,0,0,OK,,,,,
2026-04-26 5:23:18,-40,0,0,0,0,OK,,,,,
2026-04-26 5:24:22,9.7,89,0,392,0,OK,,,,,
2026-04-26 5:24:38,9.7,89,0,8072,0,OK,,,,,
2026-04-26 5:24:54,9.7,88,0,392,0,OK,,,,,
2026-04-26 5:25:10,9.7,88,0,392,0,OK,,,,,
2026-04-26 5:26:14,-40,0,0,0,0,OK,,,,,
2026-04-26 5:26:30,-40,0,0,0,0,OK,,,,,
2026-04-26 5:26:46,-40,0,0,0,0,OK,,,,,
2026-04-26 5:27:02,-40,0,0,0,0,OK,,,,,
2026-04-26 5:27:18,9.7,88,0,392,0,OK,,,,,
2026-04-26 5:27:34,-40,0,0,0,0,OK,,,,,
2026-04-26 5:27:50,9.7,88,0,392,0,OK,,,,,
2026-04-26 5:28:06,9.7,120,0,392,0,OK,,,,,
2026-04-26 5:28:38,9.7,88,0,392,12.8,OK,,,,,
2026-04-26 5:28:54,-40,0,0,0,0,OK,,,,,
2026-04-26 5:29:58,9.6,88,0,392,0,OK,,,,,
2026-04-26 5:30:14,9.6,88,0,392,0,OK,,,,,
2026-04-26 5:30:30,9.6,88,0,904,0,OK,,,,,
2026-04-26 5:31:50,-40,0,0,0,0,OK,,,,,
2026-04-26 5:32:06,-40,0,0,0,0,OK,,,,,
2026-04-26 5:32:54,9.7,87,0,452,0,OK,,,,,
2026-04-26 5:33:26,-40,0,0,0,0,OK,,,,,
2026-04-26 5:33:42,9.7,87,0,392,0,OK,,,,,
2026-04-26 5:33:58,-40,0,0,0,0,OK,,,,,
2026-04-26 5:34:14,-40,0,0,0,0,OK,,,,,
2026-04-26 5:34:30,9.7,87,0,392,0,OK,,,,,
2026-04-26 5:35:02,-40,0,0,0,0,OK,,,,,
2026-04-26 5:35:34,-40,0,0,0,0,OK,,,,,
2026-04-26 5:35:50,9.6,87,0,392,0,OK,,,,,
2026-04-26 5:36:06,-40,0,0,0,0,OK,,,,,
2026-04-26 5:36:22,9.7,87,0,392,0,OK,,,,,
2026-04-26 5:37:26,9.6,87,0,392,0,OK,,,,,
2026-04-26 5:38:30,-40,0,0,0,0,OK,,,,,
2026-04-26 5:38:46,-40,0,0,0,0,OK,,,,,
2026-04-26 5:39:02,-16,86,35.8,392,0,OK,,,,,
2026-04-26 5:39:18,-40,0,0,0,0,OK,,,,,
2026-04-26 5:39:34,-40,0,0,0,0,OK,,,,,
2026-04-26 5:40:06,9.7,85,0,392,0,OK,,,,,
2026-04-26 5:40:38,-40,0,0,0,0,OK,,,,,
2026-04-26 5:41:10,9.7,85,0,392,0,OK,,,,,
2026-04-26 5:41:26,-40,0,0,0,0,OK,,,,,
2026-04-26 5:41:42,-40,0,0,0,0,OK,,,,,
2026-04-26 5:42:46,-40,0,0,0,0,OK,,,,,
2026-04-26 5:43:02,9.8,85,0,392,0,OK,,,,,
2026-04-26 5:43:18,9.8,85,0,392,0,OK,,,,,
2026-04-26 5:43:34,9.8,85,0,392,0,OK,,,,,
2026-04-26 5:43:50,9.8,85,0,408,0,OK,,,,,
2026-04-26 5:44:06,9.7,85,0,392,0,OK,,,,,
2026-04-26 5:44:22,9.8,85,0,65476,0,OK,,,,,
2026-04-26 5:44:38,9.7,85,0,392,0,OK,,,,,
2026-04-26 5:44:54,-40,0,0,0,0,OK,,,,,
2026-04-26 5:45:42,9.6,85,0,392,0,OK,,,,,
2026-04-26 5:45:58,-40,0,0,0,0,OK,,,,,
2026-04-26 5:46:14,-40,0,0,0,0,OK,,,,,
2026-04-26 5:46:30,-40,0,0,0,0,OK,,,,,
2026-04-26 5:46:46,-40,0,0,0,0,OK,,,,,
2026-04-26 5:47:02,163.1,85,17.9,392,0,OK,,,,,
2026-04-26 5:47:18,9.5,85,0,392,0,OK,,,,,
2026-04-26 5:47:34,-40,0,0,0,0,OK,,,,,
2026-04-26 5:47:50,9.6,85,0,392,0,OK,,,,,
2026-04-26 5:49:10,9.6,85,0,392,0,OK,,,,,
2026-04-26 5:49:26,9.5,85,0,392,0,OK,,,,,
2026-04-26 5:50:30,-40,0,0,0,0,OK,,,,,
2026-04-26 5:51:02,9.6,85,0,392,0,OK,,,,,
2026-04-26 5:51:18,9.6,85,0,392,0,OK,,,,,
2026-04-26 5:51:34,9.6,85,0,392,12.8,OK,,,,,
2026-04-26 5:52:06,9.6,85,0,392,23.1,OK,,,,,
2026-04-26 5:52:22,9.6,253,0,392,41.6,OK,,,,,
2026-04-26 5:52:38,-40,0,0,0,0,OK,,,,,
2026-04-26 5:53:42,9.6,85,0,440,1558.4,OK,,,,,
2026-04-26 5:53:58,-40,0,0,0,0,OK,,,,,
2026-04-26 5:54:14,9.5,84,0,392,161.8,OK,,,,,
2026-04-26 5:54:30,-40,0,0,0,0,OK,,,,,
2026-04-26 5:54:46,9.5,85,0,392,198.8,OK,,,,,
2026-04-26 5:55:02,11.1,85,0,392,222,OK,,,,,
2026-04-26 5:55:18,-16.1,85,35.8,392,235.8,OK,,,,,
2026-04-26 5:56:22,-40,0,0,0,0,OK,,,,,
2026-04-26 5:56:38,9.4,85,0,392,342.2,OK,,,,,
2026-04-26 5:56:54,-40,0,0,0,0,OK,,,,,
2026-04-26 5:57:10,9.4,85,0,392,383.8,OK,,,,,
2026-04-26 5:57:26,9.4,85,0,392,411.6,OK,,,,,
2026-04-26 5:57:42,9.4,85,0,392,430.1,OK,,,,,
2026-04-26 5:57:58,60.6,85,0,904,453.2,OK,,,,,
2026-04-26 5:58:14,9.4,85,0,392,476.3,OK,,,,,
2026-04-26 5:58:30,9.4,85,0,392,499.5,OK,,,,,
2026-04-26 5:58:46,60.6,213,17.9,392,522.6,OK,,,,,
2026-04-26 5:59:02,-40,0,0,0,0,OK,,,,,
2026-04-26 5:59:34,9.3,85,0,392,596.6,OK,,,,,
2026-04-26 5:59:50,9.3,85,0,392,619.7,OK,,,,,
2026-04-26 6:00:06,9.3,85,0,392,582.7,OK,,,,,
2026-04-26 6:00:22,10.9,86,0,392,603.5,OK,,,,,
2026-04-26 6:00:38,9.3,86,0,392,628.5,OK,,,,,
2026-04-26 6:00:54,9.3,86,0,392,653.5,OK,,,,,
2026-04-26 6:01:10,9.3,86,0,392,678.4,OK,,,,,
2026-04-26 6:01:58,-40,0,0,0,0,OK,,,,,
2026-04-26 6:02:14,9.3,86,0,392,774.2,OK,,,,,
2026-04-26 6:02:30,9.4,85,0,392,799.2,OK,,,,,
2026-04-26 6:02:46,-40,0,0,0,0,OK,,,,,
2026-04-26 6:03:02,9.4,85,0,392,849.1,OK,,,,,
2026-04-26 6:03:18,9.3,85,0,392,874.1,OK,,,,,
2026-04-26 6:03:50,9.4,85,0,32648,932,OK,,,,,
2026-04-26 6:04:54,9.3,85,0,392,1036.4,OK,,,,,
2026-04-26 6:05:10,9.4,85,0,392,1065.6,OK,,,,,
2026-04-26 6:05:26,9.4,85,0,392,1090.5,OK,,,,,
2026-04-26 6:05:42,9.4,85,0.1,392,1119.7,OK,,,,,
2026-04-26 6:05:58,9.4,85,0.4,392,1144.6,OK,,,,,
2026-04-26 6:06:14,-40,0,0,0,0,OK,,,,,
2026-04-26 6:06:30,9.4,84,0,392,1202.9,OK,,,,,
2026-04-26 6:06:46,9.4,84,0,392,1232.1,OK,,,,,
2026-04-26 6:07:02,9.4,84,0,392,1261.2,OK,,,,,
2026-04-26 6:07:18,9.4,84,0,392,1286.2,OK,,,,,
2026-04-26 6:07:50,-40,0,0,0,0,OK,,,,,
2026-04-26 6:08:06,9.5,84,0,392,1377.7,OK,,,,,
2026-04-26 6:08:54,9.4,84,0,392,1465.2,OK,,,,,
2026-04-26 6:09:10,-40,0,0,0,0,OK,,,,,
2026-04-26 6:09:26,-40,0,0,0,0,OK,,,,,
2026-04-26 6:09:42,-40,0,0,0,0,OK,,,,,
2026-04-26 6:10:14,9.4,85,0,392,1615,OK,,,,,
2026-04-26 6:10:46,-40,0,0,0,0,OK,,,,,
2026-04-26 6:11:18,9.3,85,0,3976,1735.7,OK,,,,,
2026-04-26 6:11:34,9.3,85,0,392,1769,OK,,,,,
2026-04-26 6:11:50,9.3,84,0,392,1798.2,OK,,,,,
2026-04-26 6:12:06,9.3,124,0,392,1631.1,OK,,,,,
2026-04-26 6:13:10,9.3,84,0,392,1735.3,OK,,,,,
2026-04-26 6:13:42,9.3,84,0,392,2037,OK,,,,,
2026-04-26 6:13:58,9.4,84,0,392,2066.6,OK,,,,,
2026-04-26 6:14:14,9.3,84,0,392,2096.2,OK,,,,,
2026-04-26 6:14:46,-40,0,0,0,0,OK,,,,,
2026-04-26 6:15:02,9.4,84,0,392,2181.3,OK,,,,,
2026-04-26 6:15:18,-40,0,0,0,0,OK,,,,,
2026-04-26 6:15:34,9.3,84,0,392,2242.9,OK,,,,,
2026-04-26 6:15:50,-40,0,0,0,0,OK,,,,,
2026-04-26 6:16:06,-40,0,0,0,0,OK,,,,,
2026-04-26 6:16:22,-40,0,0,0,0,OK,,,,,
2026-04-26 6:16:38,9.3,84,0,392,2355.2,OK,,,,,
2026-04-26 6:16:54,9.4,84,0,392,2384.8,OK,,,,,
2026-04-26 6:17:10,9.4,213,0,392,2410.7,OK,,,,,
2026-04-26 6:17:26,9.4,84,0,392,2440.3,OK,,,,,
2026-04-26 6:17:42,9.4,83,0.3,392,2469.9,OK,,,,,
2026-04-26 6:17:58,9.4,83,0,392,2499.5,OK,,,,,
2026-04-26 6:18:14,-40,0,0,0,0,OK,,,,,
2026-04-26 6:18:30,-40,0,0,0,0,OK,,,,,
2026-04-26 6:18:46,9.5,83,0,392,2588.3,OK,,,,,
2026-04-26 6:19:02,9.5,83,0,392,2621.6,OK,,,,,
2026-04-26 6:19:18,9.5,83,0,392,2647.5,OK,,,,,
2026-04-26 6:19:34,-40,0,0,0,0,OK,,,,,
2026-04-26 6:19:50,-40,0,0,0,0,OK,,,,,
2026-04-26 6:20:06,9.5,83,0,392,2736.3,OK,,,,,
2026-04-26 6:20:22,-40,0,0,0,0,OK,,,,,
2026-04-26 6:20:54,9.5,83,0,1928,2825.1,OK,,,,,
2026-04-26 6:21:10,9.5,83,0,392,2855.9,OK,,,,,
2026-04-26 6:21:26,9.5,83,0,392,2888,OK,,,,,
2026-04-26 6:21:42,-40,0,0,0,0,OK,,,,,
2026-04-26 6:21:58,163.1,83,0,392,6527.5,OK,,,,,
2026-04-26 6:22:14,-40,0,0,0,0,OK,,,,,
2026-04-26 6:22:30,-40,0,0,0,0,OK,,,,,
2026-04-26 6:22:46,-40,0,0,0,0,OK,,,,,
2026-04-26 6:23:02,9.5,83,0,392,3061.9,OK,,,,,
2026-04-26 6:23:18,-40,0,0,0,0,OK,,,,,
2026-04-26 6:23:34,9.5,83,0,392,3121.1,OK,,,,,
2026-04-26 6:23:50,9.5,83,0,392,3147,OK,,,,,
2026-04-26 6:24:06,9.6,82,0,392,3184,OK,,,,,
2026-04-26 6:24:22,-40,0,0,0,0,OK,,,,,
2026-04-26 6:24:38,9.6,82,0,392,3246.9,OK,,,,,
2026-04-26 6:24:54,9.6,82,0,392,3269.1,OK,,,,,
2026-04-26 6:25:10,-40,0,0,0,0,OK,,,,,
2026-04-26 6:25:42,-40,0,0,0,0,OK,,,,,
2026-04-26 6:25:58,9.6,83,0,392,3391.2,OK,,,,,
2026-04-26 6:26:14,9.5,83,0,392,3420.8,OK,,,,,
2026-04-26 6:27:02,9.6,82,0,392,3509.6,OK,,,,,
2026-04-26 6:27:18,-40,0,0,0,0,OK,,,,,
2026-04-26 6:27:50,-40,0,0,0,0,OK,,,,,
2026-04-26 6:28:06,-16,83,35.8,504,3635.4,OK,,,,,
2026-04-26 6:28:22,9.6,83,0,392,842522.1,OK,,,,,
2026-04-26 6:28:38,9.6,82,0,392,3697.8,OK,,,,,
2026-04-26 6:28:54,9.6,82,0,392,3727.9,OK,,,,,
2026-04-26 6:29:10,9.6,82,0,392,3757.5,OK,,,,,
2026-04-26 6:29:26,-40,0,0,0,0,OK,,,,,
2026-04-26 6:29:58,9.7,82,0,392,3853.7,OK,,,,,
2026-04-26 6:30:14,9.6,126,0.1,408,3879.6,OK,,,,,
2026-04-26 6:31:18,9.7,82,0,392,4001.7,OK,,,,,
2026-04-26 6:31:34,-40,0,0,0,0,OK,,,,,
2026-04-26 6:31:50,-40,0,0,0,0,OK,,,,,
2026-04-26 6:32:06,9.7,82,0,392,4094.2,OK,,,,,
2026-04-26 6:32:38,9.7,82,0,392,4164.5,OK,,,,,
2026-04-26 6:32:54,9.7,82,0,392,4194.1,OK,,,,,
2026-04-26 6:33:10,9.7,82,0,392,4223.7,OK,,,,,
2026-04-26 6:33:26,9.7,82,0,392,4245.9,OK,,,,,
2026-04-26 6:33:42,9.7,82,0,504,4275.9,OK,,,,,
2026-04-26 6:33:58,9.7,82,0,392,4305.1,OK,,,,,
2026-04-26 6:34:14,-40,0,0,0,0,OK,,,,,
2026-04-26 6:34:30,-40,0,0,0,0,OK,,,,,
2026-04-26 6:34:46,9.8,82,0,392,4397.6,OK,,,,,
2026-04-26 6:35:02,9.8,82,0,392,4427.2,OK,,,,,
2026-04-26 6:35:50,9.8,82,0,392,4516,OK,,,,,
2026-04-26 6:36:06,10.5,82,0,392,4549.5,OK,,,,,
2026-04-26 6:36:22,9.9,82,0,392,4582.6,OK,,,,,
2026-04-26 6:36:38,9.8,82,0,392,4615.9,OK,,,,,
2026-04-26 6:36:54,-40,0,0,0,0,OK,,,,,
2026-04-26 6:37:10,9.9,82,0.1,392,4675.1,OK,,,,,
2026-04-26 6:37:26,9.9,82,0,392,4708.4,OK,,,,,
2026-04-26 6:37:42,9.9,82,0,392,4738,OK,,,,,
2026-04-26 6:37:58,-40,0,0,0,0,OK,,,,,
2026-04-26 6:38:14,-40,0,0,0,0,OK,,,,,
2026-04-26 6:38:30,-40,0,0,0,0,OK,,,,,
2026-04-26 6:38:46,-40,0,0,0,0,OK,,,,,
2026-04-26 6:39:02,-40,0,0,0,0,OK,,,,,
2026-04-26 6:39:18,-40,0,0,0,0,OK,,,,,
2026-04-26 6:39:34,9.9,82,0,1928,4960,OK,,,,,
2026-04-26 6:40:38,-40,0,0,0,0,OK,,,,,
2026-04-26 6:40:54,-40,0,0,0,0,OK,,,,,
2026-04-26 6:41:10,-40,0,0,0,0,OK,,,,,
2026-04-26 6:41:26,10,81,0,392,5159.8,OK,,,,,
2026-04-26 6:41:42,10,81,0,392,5193.1,OK,,,,,
2026-04-26 6:42:14,-40,0,0,0,0,OK,,,,,
2026-04-26 6:43:34,-40,0,0,0,0,OK,,,,,
2026-04-26 6:43:50,10.1,81,0,392,5412.4,OK,,,,,
2026-04-26 6:44:06,-40,0,0,0,0,OK,,,,,
2026-04-26 6:44:22,-40,0,0,0,0,OK,,,,,
2026-04-26 6:44:38,-40,0,0,0,0,OK,,,,,
2026-04-26 6:44:54,10.1,80,0.1,392,5529.8,OK,,,,,
2026-04-26 6:46:14,10.1,79,0.1,392,5670.4,OK,,,,,
2026-04-26 6:46:30,10.2,79,0,392,5707.4,OK,,,,,
2026-04-26 6:46:46,10.2,80,0.1,392,5737,OK,,,,,
2026-04-26 6:47:02,10.2,79,0.3,392,5766.1,OK,,,,,
2026-04-26 6:47:18,-40,0,0,0,0,OK,,,,,
2026-04-26 6:47:34,-40,0,0,0,0,OK,,,,,
2026-04-26 6:47:50,-40,0,0,0,0,OK,,,,,
2026-04-26 6:48:06,-40,0,0,0,0,OK,,,,,
2026-04-26 6:48:22,10.2,79,0.8,392,5910.9,OK,,,,,
2026-04-26 6:48:38,10.2,79,0.3,392,5944.2,OK,,,,,
2026-04-26 6:48:54,10.3,79,13.4,392,5970.1,OK,,,,,
2026-04-26 6:49:10,-40,0,0,0,0,OK,,,,,
2026-04-26 6:49:26,10.3,78,0.1,392,6029.5,OK,,,,,
2026-04-26 6:49:42,10.3,78,0.6,392,6066.3,OK,,,,,
2026-04-26 6:50:14,10.3,78,0.3,392,6121.8,OK,,,,,
2026-04-26 6:50:30,-40,0,0,0,0,OK,,,,,
2026-04-26 6:50:46,10.3,78,0,392,6181,OK,,,,,
2026-04-26 6:51:02,10.4,78,0.1,392,6214.3,OK,,,,,
2026-04-26 6:51:18,-40,0,0,0,0,OK,,,,,
2026-04-26 6:51:34,10.4,78,0.4,392,6277.2,OK,,,,,
2026-04-26 6:51:50,-40,0,0,0,0,OK,,,,,
2026-04-26 6:52:06,10.4,167,0.8,392,6336.4,OK,,,,,
2026-04-26 6:52:38,-40,0,0,0,0,OK,,,,,
2026-04-26 6:52:54,10.4,77,0.1,392,6428.9,OK,,,,,
2026-04-26 6:53:10,-40,0,0,0,0,OK,,,,,
2026-04-26 6:53:42,-40,0,0,0,0,OK,,,,,
2026-04-26 6:53:58,-40,0,0,0,0,OK,,,,,
2026-04-26 6:54:14,10.4,77,0,392,6595.4,OK,,,,,
2026-04-26 6:54:30,10.4,77,0,392,9879.9,OK,,,,,
2026-04-26 6:54:46,10.4,77,0,392,6665.7,OK,,,,,
2026-04-26 6:55:02,10.5,77,0.3,392,6695.3,OK,,,,,
2026-04-26 6:55:50,10.5,76,1,392,6806.3,OK,,,,,
2026-04-26 6:56:06,10.5,76,0.3,392,6839.6,OK,,,,,
2026-04-26 6:56:22,-40,0,0,0,0,OK,,,,,
2026-04-26 6:56:38,-40,0,0,0,0,OK,,,,,
2026-04-26 6:56:54,10.5,76,13.4,392,6932.1,OK,,,,,
2026-04-26 6:58:14,-40,0,0,0,0,OK,,,,,
2026-04-26 6:58:30,10.6,76,0.3,3976,999049,OK,,,,,
2026-04-26 6:58:46,164.1,76,0,392,7150.4,OK,,,,,
2026-04-26 6:59:02,10.6,76,0.1,392,7168.9,OK,,,,,
2026-04-26 6:59:18,-40,0,0,0,0,OK,,,,,
2026-04-26 6:59:34,-40,0,0,0,0,OK,,,,,
2026-04-26 6:59:50,10.6,76,0.7,392,7239.2,OK,,,,,
2026-04-26 7:00:06,10.6,76,0.3,392,7257.7,OK,,,,,
2026-04-26 7:01:26,10.7,76,0.7,392,7361.3,OK,,,,,
2026-04-26 7:01:42,-40,0,0,0,0,OK,,,,,
2026-04-26 7:01:58,10.7,76,0.3,392,7398.3,OK,,,,,
2026-04-26 7:02:14,-40,0,0,0,0,OK,,,,,
2026-04-26 7:02:30,-40,0,0,0,0,OK,,,,,
2026-04-26 7:02:46,10.7,92,0,392,7461.2,OK,,,,,
2026-04-26 7:03:02,10.7,76,0.6,392,7476,OK,,,,,
2026-04-26 7:03:18,-40,0,0,0,0,OK,,,,,
2026-04-26 7:03:34,10.7,76,0.4,482,833270.3,OK,,,,,
2026-04-26 7:04:06,10.8,76,0,392,7561.1,OK,,,,,
2026-04-26 7:04:22,10.8,76,0.1,392,7587,OK,,,,,
2026-04-26 7:04:38,10.8,203,13.4,392,7609.2,OK,,,,,
2026-04-26 7:04:54,10.8,75,0.1,392,7631.4,OK,,,,,
2026-04-26 7:05:10,10.8,75,0.4,392,7657.3,OK,,,,,
2026-04-26 7:05:26,-40,0,0,0,0,OK,,,,,
2026-04-26 7:05:58,-40,0,0,0,0,OK,,,,,
2026-04-26 7:06:14,11,75,0,392,316043.9,OK,,,,,
2026-04-26 7:06:30,10.9,75,0,392,1154905.2,OK,,,,,
2026-04-26 7:07:50,-40,0,0,0,0,OK,,,,,
2026-04-26 7:09:10,-40,0,0,0,0,OK,,,,,
2026-04-26 7:09:58,-40,0,0,0,0,OK,,,,,
2026-04-26 7:10:14,-40,0,0,0,0,OK,,,,,
2026-04-26 7:10:30,11.3,74,0,392,8197.5,OK,,,,,
2026-04-26 7:10:46,11.3,74,0,392,10575.8,OK,,,,,
2026-04-26 7:11:02,11.3,74,0,392,8267.8,OK,,,,,
2026-04-26 7:11:18,-40,0,0,0,0,OK,,,,,
2026-04-26 7:11:34,11.3,74,0,392,8323.3,OK,,,,,
2026-04-26 7:11:50,-40,0,0,0,0,OK,,,,,
2026-04-26 7:12:06,-40,0,0,0,0,OK,,,,,
2026-04-26 7:12:22,115.9,74,71.7,392,8426.9,OK,,,,,
2026-04-26 7:12:38,-40,0,0,0,0,OK,,,,,
2026-04-26 7:12:54,11.3,74,0,392,8508.3,OK,,,,,
2026-04-26 7:13:10,-40,0,0,0,0,OK,,,,,
2026-04-26 7:13:26,-40,0,0,0,0,OK,,,,,
2026-04-26 7:13:42,-40,0,0,0,0,OK,,,,,
2026-04-26 7:13:58,-40,0,0,0,0,OK,,,,,
2026-04-26 7:14:30,11.3,74,0,392,8677.5,OK,,,,,
2026-04-26 7:14:46,11.4,74,0,392,8693.3,OK,,,,,
2026-04-26 7:15:02,-40,0,0,0,0,OK,,,,,
2026-04-26 7:15:34,-40,0,0,0,0,OK,,,,,
2026-04-26 7:15:50,11.4,74,17.9,392,8845,OK,,,,,
2026-04-26 7:16:06,11.4,74,0,392,8870.9,OK,,,,,
2026-04-26 7:16:22,-40,0,0,0,0,OK,,,,,
2026-04-26 7:16:38,-40,0,0,0,0,OK,,,,,
2026-04-26 7:16:54,-40,0,0,0,0,OK,,,,,
2026-04-26 7:17:58,-40,0,0,0,0,OK,,,,,
2026-04-26 7:18:14,11.5,74,0,392,9118.8,OK,,,,,
2026-04-26 7:18:46,11.5,79,0,392,22288.9,OK,,,,,
2026-04-26 7:19:02,-40,0,0,0,0,OK,,,,,
2026-04-26 7:19:18,114,75,0,392,9240.9,OK,,,,,
2026-04-26 7:19:34,11.5,75,0,392,9266.8,OK,,,,,
2026-04-26 7:20:06,-40,0,0,0,0,OK,,,,,
2026-04-26 7:20:22,-40,0,0,0,0,OK,,,,,
2026-04-26 7:20:38,11.6,75,0,392,9388.9,OK,,,,,
2026-04-26 7:20:54,11.6,75,0,392,9422.2,OK,,,,,
2026-04-26 7:21:10,11.6,74,0,392,9471.9,OK,,,,,
2026-04-26 7:21:26,11.7,74,0,392,9485.1,OK,,,,,
2026-04-26 7:23:18,-13.7,73,107.5,392,8099.5,OK,,,,,
2026-04-26 7:23:34,-40,0,0,0,0,OK,,,,,
2026-04-26 7:23:50,-40,0,0,0,0,OK,,,,,
2026-04-26 7:24:06,-40,0,0,0,0,OK,,,,,
2026-04-26 7:24:22,-13.6,73,107.5,452,12972.7,OK,,,,,
2026-04-26 7:24:38,-40,0,0,0,0,OK,,,,,
2026-04-26 7:24:54,-40,0,0,0,0,OK,,,,,
2026-04-26 7:25:10,12,73,0,392,14999.6,OK,,,,,
2026-04-26 7:26:14,12.2,201,0,392,14964.8,OK,,,,,
2026-04-26 7:26:30,12.2,73,0,392,15095.3,OK,,,,,
2026-04-26 7:26:46,-40,0,0,0,0,OK,,,,,
2026-04-26 7:27:02,20.9,210,0,392,18685.2,OK,,,,,
2026-04-26 7:27:18,-40,0,0,0,0,OK,,,,,
2026-04-26 7:27:34,12.4,210,0,392,15591.2,OK,,,,,
2026-04-26 7:27:50,-40,0,0,0,0,OK,,,,,
2026-04-26 7:28:06,-40,0,0,0,0,OK,,,,,
2026-04-26 7:29:10,12.5,201,0,392,16153.2,OK,,,,,
2026-04-26 7:29:26,12.6,73,0,392,16275.6,OK,,,,,
2026-04-26 7:29:58,12.6,72,0,392,16382.9,OK,,,,,
2026-04-26 7:30:46,13,71,0,392,16513.4,OK,,,,,
2026-04-26 7:31:02,-40,0,0,0,0,OK,,,,,
2026-04-26 7:31:18,-40,0,0,0,0,OK,,,,,
2026-04-26 7:31:34,13.2,70,0,392,16585.9,OK,,,,,
2026-04-26 7:31:50,-40,0,0,0,0,OK,,,,,
2026-04-26 7:32:22,-40,0,0,0,0,OK,,,,,
2026-04-26 7:32:38,13.3,70,0,392,16661.3,OK,,,,,
2026-04-26 7:33:10,-40,0,0,0,0,OK,,,,,
2026-04-26 7:33:26,-40,0,0,0,0,OK,,,,,
2026-04-26 7:36:22,-11.6,67,107.5,392,18163.1,OK,,,,,
2026-04-26 7:36:38,-40,0,0,0,0,OK,,,,,
2026-04-26 7:36:54,-40,0,0,0,0,OK,,,,,
2026-04-26 7:37:26,-11.6,67,35.8,392,850812.9,OK,,,,,
2026-04-26 7:37:58,-40,0,0,0,0,OK,,,,,
2026-04-26 7:39:02,13.8,67,0,392,19031.5,OK,,,,,
2026-04-26 7:39:34,-40,0,0,0,0,OK,,,,,
2026-04-26 7:39:50,-40,0,0,0,0,OK,,,,,
2026-04-26 7:40:06,-40,0,0,0,0,OK,,,,,
2026-04-26 7:40:22,14,66,0,392,19282.9,OK,,,,,
2026-04-26 7:40:54,-40,0,0,0,0,OK,,,,,
2026-04-26 7:41:10,-40,0,0,0,0,OK,,,,,
2026-04-26 7:41:26,13.9,65,0,392,19535.2,OK,,,,,
2026-04-26 7:41:58,-40,0,0,0,0,OK,,,,,
2026-04-26 7:42:46,-40,0,0,0,0,OK,,,,,
2026-04-26 7:43:50,117,64,35.8,392,22538,OK,,,,,
2026-04-26 7:44:22,-40,0,0,0,0,OK,,,,,
2026-04-26 7:44:38,-40,0,0,0,0,OK,,,,,
2026-04-26 7:44:54,14.7,63,0.3,392,20370.4,OK,,,,,
2026-04-26 7:45:10,-40,0,0,0,0,OK,,,,,
2026-04-26 7:45:42,-40,0,0,0,0,OK,,,,,
2026-04-26 7:45:58,-40,0,0,0,0,OK,,,,,
2026-04-26 7:46:14,14.8,63,0,392,158478,OK,,,,,
2026-04-26 7:46:30,14.8,63,0,1928,26157.1,OK,,,,,
2026-04-26 7:46:46,-40,0,0,0,0,OK,,,,,
2026-04-26 7:47:02,-40,0,0,0,0,OK,,,,,
2026-04-26 7:47:18,-40,0,0,0,0,OK,,,,,
2026-04-26 7:47:34,-40,0,0,0,0,OK,,,,,
2026-04-26 7:48:38,-40,0,0,0,0,OK,,,,,
2026-04-26 7:48:54,-40,0,0,0,0,OK,,,,,
2026-04-26 7:49:26,15.1,61,0,392,24760.5,OK,,,,,
2026-04-26 7:49:42,-40,0,0,0,0,OK,,,,,
2026-04-26 7:50:30,-40,0,0,0,0,OK,,,,,
2026-04-26 7:50:46,-40,0,0,0,0,OK,,,,,
2026-04-26 7:51:02,-40,0,0,0,0,OK,,,,,
2026-04-26 7:51:18,15,61,0,65328,48287.1,OK,,,,,
2026-04-26 7:51:34,-40,0,0,0,0,OK,,,,,
2026-04-26 7:51:50,-40,0,0,0,0,OK,,,,,
2026-04-26 7:53:58,-40,0,0,0,0,OK,,,,,
2026-04-26 7:55:02,15.4,60,0,392,23305.2,OK,,,,,
2026-04-26 7:55:18,15.5,60,0.4,392,23221.1,OK,,,,,
2026-04-26 7:56:22,36.2,158,0,392,23447.3,OK,,,,,
2026-04-26 7:56:38,139.1,207,0,392,158065.5,OK,,,,,
2026-04-26 7:56:54,15.5,60,0,392,102345.7,OK,,,,,
2026-04-26 7:57:10,-40,0,0,0,0,OK,,,,,
2026-04-26 7:57:42,-40,0,0,0,0,OK,,,,,
2026-04-26 7:57:58,-40,0,0,0,0,OK,,,,,
2026-04-26 7:58:14,-40,0,0,0,0,OK,,,,,
2026-04-26 7:59:02,-40,0,0,0,0,OK,,,,,
2026-04-26 7:59:34,-40,0,0,0,0,OK,,,,,
2026-04-26 7:59:50,15.3,61,0,392,24746.5,OK,,,,,
2026-04-26 8:00:06,-40,0,0,0,0,OK,,,,,
2026-04-26 8:00:22,-40,0,0,0,0,OK,,,,,
2026-04-26 8:00:54,-40,0,0,0,0,OK,,,,,
2026-04-26 8:01:10,-40,0,0,0,0,OK,,,,,
2026-04-26 8:01:26,-40,0,0,0,0,OK,,,,,
2026-04-26 8:01:42,-40,0,0,0,0,OK,,,,,
2026-04-26 8:02:46,-40,0,0,0,0,OK,,,,,
2026-04-26 8:03:02,-40,0,0,0,0,OK,,,,,
2026-04-26 8:03:18,15.4,59,0.3,392,25874.6,OK,,,,,
2026-04-26 8:03:34,-40,0,0,0,0,OK,,,,,
2026-04-26 8:03:50,-40,0,0,0,0,OK,,,,,
2026-04-26 8:04:22,-40,0,0,0,0,OK,,,,,
2026-04-26 8:04:54,-40,0,0,0,0,OK,,,,,
2026-04-26 8:05:10,-40,0,0,0,0,OK,,,,,
2026-04-26 8:05:26,-40,0,0,0,0,OK,,,,,
2026-04-26 8:05:42,-40,0,0,0,0,OK,,,,,
2026-04-26 8:05:58,-40,0,0,0,0,OK,,,,,
2026-04-26 8:06:30,-40,0,0,0,0,OK,,,,,
2026-04-26 8:07:34,118.2,59,17.9,452,27025.9,OK,,,,,
2026-04-26 8:07:50,-40,0,0,0,0,OK,,,,,
2026-04-26 8:08:06,-9.7,58,107.5,440,27130.3,OK,,,,,
2026-04-26 8:08:22,15.9,57,0.1,392,184582,OK,,,,,
2026-04-26 8:08:38,-40,0,0,0,0,OK,,,,,
2026-04-26 8:09:10,15.7,58,0.1,392,27301.4,OK,,,,,
2026-04-26 8:09:26,-40,0,0,0,0,OK,,,,,
2026-04-26 8:09:42,15.6,58,0,392,857300.6,OK,,,,,
2026-04-26 8:09:58,15.7,59,0,3976,27545.5,OK,,,,,
2026-04-26 8:10:14,-40,0,0,0,0,OK,,,,,
2026-04-26 8:10:46,-40,0,0,0,0,OK,,,,,
2026-04-26 8:11:02,-40,0,0,0,0,OK,,,,,
2026-04-26 8:11:18,118.3,58,0,392,28177.2,OK,,,,,
2026-04-26 8:11:34,15.9,58,0,392,29336.4,OK,,,,,
2026-04-26 8:11:50,15.9,58,0,392,80727.8,OK,,,,,
2026-04-26 8:12:06,-40,0,0,0,0,OK,,,,,
2026-04-26 8:12:22,16,249,17.9,392,28328,OK,,,,,
2026-04-26 8:12:38,-40,0,0,0,0,OK,,,,,
2026-04-26 8:12:54,16.2,57,0,392,28707.9,OK,,,,,
2026-04-26 8:13:10,16.2,56,0,392,28780.4,OK,,,,,
2026-04-26 8:13:26,16.2,57,0,392,28887.7,OK,,,,,
2026-04-26 8:13:58,16.1,58,0,8072,28800.7,OK,,,,,
2026-04-26 8:14:14,16.2,249,0,392,28977.6,OK,,,,,
2026-04-26 8:14:30,-40,0,0,0,0,OK,,,,,
2026-04-26 8:14:46,-40,0,0,0,0,OK,,,,,
2026-04-26 8:15:02,-40,0,0,0,0,OK,,,,,
2026-04-26 8:16:06,-40,0,0,0,0,OK,,,,,
2026-04-26 8:16:22,15.8,57,0,392,29838.9,OK,,,,,
2026-04-26 8:16:38,-40,0,0,0,0,OK,,,,,
2026-04-26 8:16:54,-40,0,0,0,0,OK,,,,,
2026-04-26 8:17:10,-40,0,0,0,0,OK,,,,,
2026-04-26 8:17:26,-40,0,0,0,0,OK,,,,,
2026-04-26 8:17:42,15.7,58,0,392,30229.3,OK,,,,,
2026-04-26 8:17:58,-40,0,0,0,0,OK,,,,,
2026-04-26 8:18:14,-40,0,0,0,0,OK,,,,,
2026-04-26 8:18:30,-40,0,0,0,0,OK,,,,,
2026-04-26 8:19:18,-40,0,0,0,0,OK,,,,,
2026-04-26 8:19:34,15.5,58,0.1,392,30482.7,OK,,,,,
2026-04-26 8:19:50,15.6,58,0,904,30642.2,OK,,,,,
2026-04-26 8:20:22,-40,0,0,0,0,OK,,,,,
2026-04-26 8:20:38,-40,0,0,0,0,OK,,,,,
2026-04-26 8:20:54,-40,0,0,0,0,OK,,,,,
2026-04-26 8:21:10,-40,0,0,0,0,OK,,,,,
2026-04-26 8:21:58,-40,0,0,0,0,OK,,,,,
2026-04-26 8:22:14,-40,0,0,0,0,OK,,,,,
2026-04-26 8:22:30,-40,0,0,0,0,OK,,,,,
2026-04-26 8:22:46,-40,0,0,0,0,OK,,,,,
2026-04-26 8:24:06,-40,0,0,0,0,OK,,,,,
2026-04-26 8:24:22,16.5,55,0,408,32760.1,OK,,,,,
2026-04-26 8:24:54,-40,0,0,0,0,OK,,,,,
2026-04-26 8:25:10,-40,0,0,0,0,OK,,,,,
2026-04-26 8:25:26,-40,0,0,0,0,OK,,,,,
2026-04-26 8:25:42,-40,0,0,0,0,OK,,,,,
2026-04-26 8:27:02,-40,0,0,0,0,OK,,,,,
2026-04-26 8:27:50,-40,0,0,0,0,OK,,,,,
2026-04-26 8:28:06,-40,0,0,0,0,OK,,,,,
2026-04-26 8:28:54,-40,0,0,0,0,OK,,,,,
2026-04-26 8:29:10,-40,0,0,0,0,OK,,,,,
2026-04-26 8:29:26,-40,0,0,0,0,OK,,,,,
2026-04-26 8:29:58,-40,0,0,0,0,OK,,,,,
2026-04-26 8:30:46,-40,0,0,0,0,OK,,,,,
2026-04-26 8:31:02,-40,0,0,0,0,OK,,,,,
2026-04-26 8:31:18,17.2,53,0,392,38117.6,OK,,,,,
2026-04-26 8:31:34,-40,0,0,0,0,OK,,,,,
2026-04-26 8:31:50,-40,0,0,0,0,OK,,,,,
2026-04-26 8:32:22,-40,0,0,0,0,OK,,,,,
2026-04-26 8:32:38,-40,0,0,0,0,OK,,,,,
2026-04-26 8:33:10,-40,0,0,0,0,OK,,,,,
2026-04-26 8:33:26,-40,0,0,0,0,OK,,,,,
2026-04-26 8:33:58,-40,0,0,0,0,OK,,,,,
2026-04-26 8:34:30,17.4,254,0,482,35438.8,OK,,,,,
2026-04-26 8:35:02,-40,0,0,0,0,OK,,,,,
2026-04-26 8:35:34,-40,0,0,0,0,OK,,,,,
2026-04-26 8:36:22,-40,0,0,0,0,OK,,,,,
2026-04-26 8:36:38,-40,0,0,0,0,OK,,,,,
2026-04-26 8:37:10,-40,0,0,0,0,OK,,,,,
2026-04-26 8:37:26,-40,0,0,0,0,OK,,,,,
2026-04-26 8:37:58,-40,0,0,0,0,OK,,,,,
2026-04-26 8:38:30,-40,0,0,0,0,OK,,,,,
2026-04-26 8:38:46,-40,0,0,0,0,OK,,,,,
2026-04-26 8:39:18,-40,0,0,0,0,OK,,,,,
2026-04-26 8:39:34,-40,0,0,0,0,OK,,,,,
2026-04-26 8:39:50,-40,0,0,0,0,OK,,,,,
2026-04-26 8:40:06,-40,0,0,0,0,OK,,,,,
2026-04-26 8:40:22,-40,0,0,0,0,OK,,,,,
2026-04-26 8:40:38,-40,0,0,0,0,OK,,,,,
2026-04-26 8:40:54,-40,0,0,0,0,OK,,,,,
2026-04-26 8:41:10,-40,0,0,0,0,OK,,,,,
2026-04-26 8:41:26,-40,0,0,0,0,OK,,,,,
2026-04-26 8:41:42,-40,0,0,0,0,OK,,,,,
2026-04-26 8:41:58,-40,0,0,0,0,OK,,,,,
2026-04-26 8:42:14,-40,0,0,0,0,OK,,,,,
2026-04-26 8:42:30,-40,0,0,0,0,OK,,,,,
2026-04-26 8:42:46,-40,0,0,0,0,OK,,,,,
2026-04-26 8:43:02,-40,0,0,0,0,OK,,,,,
2026-04-26 8:43:18,18.4,50,0,392,104304.6,OK,,,,,
2026-04-26 8:43:50,-40,0,0,0,0,OK,,,,,
2026-04-26 8:44:06,-40,0,0,0,0,OK,,,,,
2026-04-26 8:44:22,-40,0,0,0,0,OK,,,,,
2026-04-26 8:44:54,-40,0,0,0,0,OK,,,,,
2026-04-26 8:45:10,-40,0,0,0,0,OK,,,,,
2026-04-26 8:45:26,-40,0,0,0,0,OK,,,,,
2026-04-26 8:45:42,-40,0,0,0,0,OK,,,,,
2026-04-26 8:45:58,-40,0,0,0,0,OK,,,,,
2026-04-26 8:46:30,-40,0,0,0,0,OK,,,,,
2026-04-26 8:46:46,-40,0,0,0,0,OK,,,,,
2026-04-26 8:47:02,27.6,49,0,32648,1671603,OK,,,,,
2026-04-26 8:47:18,-40,0,0,0,0,OK,,,,,
2026-04-26 8:48:38,-40,0,0,0,0,OK,,,,,
2026-04-26 8:49:10,17.9,51,0,3976,40087.5,OK,,,,,
2026-04-26 8:49:42,17.9,51,0.1,392,44483.1,OK,,,,,
2026-04-26 8:50:14,-40,0,0,0,0,OK,,,,,
2026-04-26 8:50:30,27.4,51,0.1,408,40577.6,OK,,,,,
2026-04-26 8:50:46,18,51,0,392,40690.7,OK,,,,,
2026-04-26 8:51:02,-40,0,0,0,0,OK,,,,,
2026-04-26 8:51:18,-40,0,0,0,0,OK,,,,,
2026-04-26 8:51:34,-40,0,0,0,0,OK,,,,,
2026-04-26 8:51:50,-40,0,0,0,0,OK,,,,,
2026-04-26 8:52:06,-40,0,0,0,0,OK,,,,,
2026-04-26 8:53:10,18.4,50,0,8072,41292.2,OK,,,,,
2026-04-26 8:53:26,-40,0,0,0,0,OK,,,,,
2026-04-26 8:53:42,-40,0,0,0,0,OK,,,,,
2026-04-26 8:53:58,-40,0,0,0,0,OK,,,,,
2026-04-26 8:54:14,-40,0,0,0,0,OK,,,,,
2026-04-26 8:54:46,18.5,49,0,452,41830.3,OK,,,,,
2026-04-26 8:55:50,-40,0,0,0,0,OK,,,,,
2026-04-26 8:56:06,-40,0,0,0,0,OK,,,,,
2026-04-26 8:57:10,-40,0,0,0,0,OK,,,,,
2026-04-26 8:57:26,18.7,49,0,392,42935.3,OK,,,,,
2026-04-26 8:57:42,-40,0,0,0,0,OK,,,,,
2026-04-26 8:57:58,18.7,49,0,392,43141.2,OK,,,,,
2026-04-26 8:59:02,-40,0,0,0,0,OK,,,,,
2026-04-26 8:59:34,-40,0,0,0,0,OK,,,,,
2026-04-26 9:00:06,18.9,48,0,1928,43834.3,OK,,,,,
2026-04-26 9:00:38,-40,0,0,0,0,OK,,,,,
2026-04-26 9:01:58,-40,0,0,0,0,OK,,,,,
2026-04-26 9:02:30,-40,0,0,0,0,OK,,,,,
2026-04-26 9:02:46,-40,0,0,0,0,OK,,,,,
2026-04-26 9:03:02,-40,0,0,0,0,OK,,,,,
2026-04-26 9:03:34,-40,0,0,0,0,OK,,,,,
2026-04-26 9:04:38,-40,0,0,0,0,OK,,,,,
2026-04-26 9:04:54,-40,0,0,0,0,OK,,,,,
2026-04-26 9:05:10,121.1,49,35.8,392,864556.8,OK,,,,,
2026-04-26 9:05:26,-40,0,0,0,0,OK,,,,,
2026-04-26 9:05:42,-40,0,0,0,0,OK,,,,,
2026-04-26 9:05:58,-40,0,0,0,0,OK,,,,,
2026-04-26 9:06:30,-40,0,0,0,0,OK,,,,,
2026-04-26 9:06:46,-40,0,0,0,0,OK,,,,,
2026-04-26 9:07:02,-40,0,0,0,0,OK,,,,,
2026-04-26 9:07:34,-40,0,0,0,0,OK,,,,,
2026-04-26 9:08:06,-40,0,0,0,0,OK,,,,,
2026-04-26 9:08:22,-40,0,0,0,0,OK,,,,,
2026-04-26 9:08:38,-40,0,0,0,0,OK,,,,,
2026-04-26 9:09:10,-40,0,0,0,0,OK,,,,,
2026-04-26 9:09:26,-40,0,0,0,0,OK,,,,,
2026-04-26 9:09:42,-40,0,0,0,0,OK,,,,,
2026-04-26 9:09:58,-40,0,0,0,0,OK,,,,,
2026-04-26 9:10:14,-40,0,0,0,0,OK,,,,,
2026-04-26 9:10:30,-40,0,0,0,0,OK,,,,,
2026-04-26 9:10:46,-40,0,0,0,0,OK,,,,,
2026-04-26 9:11:02,-40,0,0,0,0,OK,,,,,
2026-04-26 9:11:18,-40,0,0,0,0,OK,,,,,
2026-04-26 9:11:34,19.3,49,0,16264,50910.1,OK,,,,,
2026-04-26 9:11:50,-40,0,0,0,0,OK,,,,,
2026-04-26 9:12:22,-40,0,0,0,0,OK,,,,,
2026-04-26 9:12:38,-6.3,49,107.5,392,48199.6,OK,,,,,
2026-04-26 9:12:54,-40,0,0,0,0,OK,,,,,
2026-04-26 9:13:10,-40,0,0,0,0,OK,,,,,
2026-04-26 9:13:26,-40,0,0,0,0,OK,,,,,
2026-04-26 9:13:42,-40,0,0,0,0,OK,,,,,
2026-04-26 9:13:58,-40,0,0,0,0,OK,,,,,
2026-04-26 9:14:14,19.1,50,0,994,48483,OK,,,,,
2026-04-26 9:14:46,-40,0,0,0,0,OK,,,,,
2026-04-26 9:15:02,-40,0,0,0,0,OK,,,,,
2026-04-26 9:15:18,-40,0,0,0,0,OK,,,,,
2026-04-26 9:15:34,-40,0,0,0,0,OK,,,,,
2026-04-26 9:15:50,-40,0,0,0,0,OK,,,,,
2026-04-26 9:16:06,35.5,48,0,392,316114.6,OK,,,,,
2026-04-26 9:16:38,-40,0,0,0,0,OK,,,,,
2026-04-26 9:16:54,-40,0,0,0,0,OK,,,,,
2026-04-26 9:17:10,-40,0,0,0,0,OK,,,,,
2026-04-26 9:17:26,19.6,47,0,482,50043.2,OK,,,,,
2026-04-26 9:17:42,-40,0,0,0,0,OK,,,,,
2026-04-26 9:17:58,-40,0,0,0,0,OK,,,,,
2026-04-26 9:18:14,-40,0,0,0,0,OK,,,,,
2026-04-26 9:18:30,-40,0,0,0,0,OK,,,,,
2026-04-26 9:18:46,-40,0,0,0,0,OK,,,,,
2026-04-26 9:19:02,-40,0,0,0,0,OK,,,,,
2026-04-26 9:19:18,20,46,0,392,50585.4,OK,,,,,
2026-04-26 9:19:34,-40,0,0,0,0,OK,,,,,
2026-04-26 9:19:50,20.1,110,0,408,50631.9,OK,,,,,
2026-04-26 9:20:06,-40,0,0,0,0,OK,,,,,
2026-04-26 9:20:22,20.1,45,0,392,50721.8,OK,,,,,
2026-04-26 9:20:38,-40,0,0,0,0,OK,,,,,
2026-04-26 9:20:54,-40,0,0,0,0,OK,,,,,
2026-04-26 9:21:10,-40,0,0,0,0,OK,,,,,
2026-04-26 9:21:26,19.5,46,0,392,50837.8,OK,,,,,
2026-04-26 9:21:42,19.4,46,0,392,50862.2,OK,,,,,
2026-04-26 9:21:58,19.4,46,0,392,50904.5,OK,,,,,
2026-04-26 9:22:14,-40,0,0,0,0,OK,,,,,
2026-04-26 9:22:30,-40,0,0,0,0,OK,,,,,
2026-04-26 9:22:46,19.3,46,0,392,51052.4,OK,,,,,
2026-04-26 9:23:02,-40,0,0,0,0,OK,,,,,
2026-04-26 9:23:34,19.2,47,0.1,392,51603.1,OK,,,,,
2026-04-26 9:24:38,19.1,47,0.6,392,51893.4,OK,,,,,
2026-04-26 9:24:54,19,48,0.3,392,52371.9,OK,,,,,
2026-04-26 9:25:10,19.1,48,0.1,392,51761.2,OK,,,,,
2026-04-26 9:25:26,19.1,48,0,392,51765.8,OK,,,,,
2026-04-26 9:25:42,-40,0,0,0,0,OK,,,,,
2026-04-26 9:25:58,19.3,48,0.3,392,52227.6,OK,,,,,
2026-04-26 9:26:30,19.3,48,0,392,51696.2,OK,,,,,
2026-04-26 9:26:46,19.4,48,0,392,51716.5,OK,,,,,
2026-04-26 9:27:02,19.6,112,0,392,51884.7,OK,,,,,
2026-04-26 9:27:18,19.6,49,0.7,392,51861.5,OK,,,,,
2026-04-26 9:27:34,19.5,50,1.5,392,52009.4,OK,,,,,
2026-04-26 9:27:50,19.2,51,1.3,392,52121.4,OK,,,,,
2026-04-26 9:28:06,19.1,52,17.4,392,52131.2,OK,,,,,
2026-04-26 9:28:22,19,52,0.8,392,52186.3,OK,,,,,
2026-04-26 9:28:38,19,52,0.4,392,52238.5,OK,,,,,
2026-04-26 9:28:54,-40,0,0,0,0,OK,,,,,
2026-04-26 9:29:10,-40,0,0,0,0,OK,,,,,
2026-04-26 9:29:26,19,53,0.4,392,52241.4,OK,,,,,
2026-04-26 9:29:42,-40,0,0,0,0,OK,,,,,
2026-04-26 9:29:58,19.1,53,0.7,392,52528.5,OK,,,,,
2026-04-26 9:30:14,19,53,0.8,392,52525.6,OK,,,,,
2026-04-26 9:30:30,18.9,54,0.4,392,52641.6,OK,,,,,
2026-04-26 9:30:46,18.9,53,0.1,392,52560.4,OK,,,,,
2026-04-26 9:31:02,-40,0,0,0,0,OK,,,,,
2026-04-26 9:31:34,-40,0,0,0,0,OK,,,,,
2026-04-26 9:31:50,18.6,54,0.6,392,52725.7,OK,,,,,
2026-04-26 9:32:06,-40,0,0,0,0,OK,,,,,
2026-04-26 9:33:10,18.3,56,0.1,392,53140.4,OK,,,,,
2026-04-26 9:33:26,31.1,56,1.3,392,53302.8,OK,,,,,
2026-04-26 9:33:42,18.1,56,0.8,392,53389.8,OK,,,,,
2026-04-26 9:33:58,18,57,0,392,53630.5,OK,,,,,
2026-04-26 9:34:14,18.1,57,0.8,392,1417058.6,OK,,,,,
2026-04-26 9:34:30,18,57,0.7,392,53665.3,OK,,,,,
2026-04-26 9:34:46,18.1,57,0.1,392,53691.4,OK,,,,,
2026-04-26 9:35:02,-40,0,0,0,0,OK,,,,,
2026-04-26 9:35:18,18.1,56,0.6,392,54059.7,OK,,,,,
2026-04-26 9:35:34,18.1,57,0.3,392,54158.3,OK,,,,,
2026-04-26 9:35:50,18.1,57,0.1,392,57536.6,OK,,,,,
2026-04-26 9:36:06,120.6,56,35.8,392,54352.6,OK,,,,,
2026-04-26 9:36:22,18.3,56,0,392,54433.8,OK,,,,,
2026-04-26 9:36:38,18.5,56,0,392,54526.6,OK,,,,,
2026-04-26 9:36:54,-40,0,0,0,0,OK,,,,,
2026-04-26 9:37:10,18.4,56,0.1,392,54396.1,OK,,,,,
2026-04-26 9:37:26,18.4,56,0.7,392,54622.3,OK,,,,,
2026-04-26 9:37:42,18.3,56,0.6,392,54816.6,OK,,,,,
2026-04-26 9:37:58,18.1,57,0.3,392,54805,OK,,,,,
2026-04-26 9:38:14,18,56,0.6,392,54892.3,OK,,,,,
2026-04-26 9:38:30,18.1,56,0,392,54912.3,OK,,,,,
2026-04-26 9:38:46,18.2,56,0.1,392,54955.8,OK,,,,,
2026-04-26 9:39:02,18.2,56,0,392,54773.1,OK,,,,,
2026-04-26 9:39:18,18.3,56,0,392,54958.7,OK,,,,,
2026-04-26 9:39:34,18.3,56,1.1,392,54938.4,OK,,,,,
2026-04-26 9:39:50,-40,0,0,0,0,OK,,,,,
2026-04-26 9:40:06,18.1,56,0.3,392,55048.6,OK,,,,,
2026-04-26 9:40:22,18.3,56,0.6,392,55329.9,OK,,,,,
2026-04-26 9:40:38,18.1,56,0.7,392,55225.5,OK,,,,,
2026-04-26 9:40:54,18.1,56,0.1,392,55327,OK,,,,,
2026-04-26 9:41:10,-40,0,0,0,0,OK,,,,,
2026-04-26 9:41:26,18.2,56,0,452,55466.2,OK,,,,,
2026-04-26 9:41:42,18.5,56,0,392,55402.4,OK,,,,,
2026-04-26 9:41:58,18.5,55,0,392,55512.6,OK,,,,,
2026-04-26 9:42:14,18.6,55,0.3,392,55596.7,OK,,,,,
2026-04-26 9:42:30,18.6,55,1,392,55970.8,OK,,,,,
2026-04-26 9:42:46,18.6,55,0.1,392,56162.2,OK,,,,,
2026-04-26 9:43:02,18.6,55,0.1,392,56211.5,OK,,,,,
2026-04-26 9:43:18,18.6,55,0.4,392,56475.4,OK,,,,,
2026-04-26 9:43:34,18.5,55,0,392,56521.8,OK,,,,,
2026-04-26 9:43:50,18.5,55,0.1,392,56666.8,OK,,,,,
2026-04-26 9:44:06,-40,0,0,0,0,OK,,,,,
2026-04-26 9:44:22,-40,0,0,0,0,OK,,,,,
2026-04-26 9:44:38,18.5,119,0.3,392,56887.2,OK,,,,,
2026-04-26 9:44:54,18.6,55,0.1,392,56924.9,OK,,,,,
2026-04-26 9:45:58,19.1,53,0.4,392,56985.8,OK,,,,,
2026-04-26 9:46:14,18.9,53,0.6,392,57139.5,OK,,,,,
2026-04-26 9:46:30,18.7,54,0.1,392,57104.7,OK,,,,,
2026-04-26 9:46:46,18.7,54,0,392,57110.5,OK,,,,,
2026-04-26 9:47:02,-40,0,0,0,0,OK,,,,,
2026-04-26 9:47:18,18.9,53,0,392,57255.5,OK,,,,,
2026-04-26 9:47:34,-40,0,0,0,0,OK,,,,,
2026-04-26 9:47:50,18.9,54,0,392,57429.5,OK,,,,,
2026-04-26 9:48:06,121.4,53,36.1,392,57565.8,OK,,,,,
2026-04-26 9:48:22,-40,0,0,0,0,OK,,,,,
2026-04-26 9:48:38,18.9,54,0,392,57939.9,OK,,,,,
2026-04-26 9:48:54,19.1,53,0.3,392,57919.6,OK,,,,,
2026-04-26 9:49:10,18.9,53,0.6,392,58084.2,OK,,,,,
2026-04-26 9:49:26,18.9,54,0,392,58157.4,OK,,,,,
2026-04-26 9:49:42,18.9,54,0.3,392,58212.5,OK,,,,,
2026-04-26 9:49:58,18.8,53,1,392,58279.2,OK,,,,,
2026-04-26 9:50:14,18.6,54,1,392,58473.5,OK,,,,,
2026-04-26 9:50:30,-40,0,0,0,0,OK,,,,,
2026-04-26 9:50:46,18.6,54,0.1,392,58224.1,OK,,,,,
2026-04-26 9:51:02,-40,0,0,0,0,OK,,,,,
2026-04-26 9:51:18,18.6,55,0,504,58583.7,OK,,,,,
2026-04-26 9:51:34,-40,0,0,0,0,OK,,,,,
2026-04-26 9:51:50,18.7,54,0.3,392,163293.4,OK,,,,,
2026-04-26 9:52:06,18.8,54,0,392,58598.2,OK,,,,,
2026-04-26 9:52:22,18.7,54,0,392,58795.4,OK,,,,,
2026-04-26 9:52:38,-40,0,0,0,0,OK,,,,,
2026-04-26 9:52:54,-40,0,0,0,0,OK,,,,,
2026-04-26 9:53:10,19.3,53,0,392,58815.7,OK,,,,,
2026-04-26 9:53:26,19.3,53,0,392,58772.2,OK,,,,,
2026-04-26 9:53:42,-40,0,0,0,0,OK,,,,,
2026-04-26 9:53:58,19.2,53,0,392,58841.8,OK,,,,,
2026-04-26 9:54:14,19.3,52,0,392,59044.8,OK,,,,,
2026-04-26 9:54:30,19.3,52,0.3,392,59068,OK,,,,,
2026-04-26 9:54:46,19.3,52,0,392,59358,OK,,,,,
2026-04-26 9:55:02,19.4,52,0.6,392,59314.5,OK,,,,,
2026-04-26 9:55:18,19.2,52,0.4,392,59430.5,OK,,,,,
2026-04-26 9:55:34,19.1,52,0.3,392,59546.5,OK,,,,,
2026-04-26 9:55:50,19.1,52,0.3,392,59534.9,OK,,,,,
2026-04-26 9:56:06,19,125,0.4,392,59656.7,OK,,,,,
2026-04-26 9:56:22,18.9,53,0,392,59717.6,OK,,,,,
2026-04-26 9:56:38,-40,0,0,0,0,OK,,,,,
2026-04-26 9:56:54,-40,0,0,0,0,OK,,,,,
2026-04-26 9:57:10,19.1,53,0.6,392,59700.2,OK,,,,,
2026-04-26 9:57:26,19,245,0.7,392,60132.3,OK,,,,,
2026-04-26 9:57:42,19,53,0.3,392,60233.8,OK,,,,,
2026-04-26 9:57:58,19,53,0.4,392,60315,OK,,,,,
2026-04-26 9:58:14,19,53,0.3,392,60483.2,OK,,,,,
2026-04-26 9:58:30,18.9,53,0.7,392,60538.3,OK,,,,,
2026-04-26 9:58:46,18.9,53,0.1,392,60610.8,OK,,,,,
2026-04-26 9:59:02,19,53,0.1,392,60924,OK,,,,,
2026-04-26 9:59:18,-40,0,0,0,0,OK,,,,,
2026-04-26 9:59:34,19,53,0,392,637193.5,OK,,,,,
2026-04-26 9:59:50,19.1,53,0.3,392,61454.7,OK,,,,,
2026-04-26 10:00:06,-40,0,0,0,0,OK,,,,,
2026-04-26 10:00:22,19.1,53,0,392,61393.8,OK,,,,,
2026-04-26 10:00:38,19.1,53,0.1,392,61280.7,OK,,,,,
2026-04-26 10:00:54,19.1,53,0.1,392,61251.7,OK,,,,,
2026-04-26 10:01:10,-40,0,0,0,0,OK,,,,,
2026-04-26 10:01:26,-40,0,0,0,0,OK,,,,,
2026-04-26 10:01:42,-40,0,0,0,0,OK,,,,,
2026-04-26 10:01:58,-40,0,0,0,0,OK,,,,,
2026-04-26 10:02:14,19.8,51,0,392,61686.7,OK,,,,,
2026-04-26 10:02:30,19.9,51,0.1,392,61791.1,OK,,,,,
2026-04-26 10:02:46,-40,0,0,0,0,OK,,,,,
2026-04-26 10:03:02,-40,0,0,0,0,OK,,,,,
2026-04-26 10:03:18,20,51,0,392,62202.9,OK,,,,,
2026-04-26 10:03:34,-40,0,0,0,0,OK,,,,,
2026-04-26 10:03:50,-40,0,0,0,0,OK,,,,,
2026-04-26 10:04:06,19.8,51,0,392,62504.5,OK,,,,,
2026-04-26 10:04:38,19.9,51,0,392,62577,OK,,,,,
2026-04-26 10:04:54,19.9,51,0,392,62791.6,OK,,,,,
2026-04-26 10:05:10,19.9,51,0.3,392,62646.6,OK,,,,,
2026-04-26 10:05:26,-40,0,0,0,0,OK,,,,,
2026-04-26 10:05:42,19.5,51,0.3,392,62733.6,OK,,,,,
2026-04-26 10:05:58,19.4,52,0,392,63073.6,OK,,,,,
2026-04-26 10:06:14,19.3,52,0.4,392,62730.7,OK,,,,,
2026-04-26 10:06:30,-40,0,0,0,0,OK,,,,,
2026-04-26 10:06:46,19.5,52,0.1,392,62742.3,OK,,,,,
2026-04-26 10:07:02,35.5,154,0,392,62727.8,OK,,,,,
2026-04-26 10:07:18,19.5,52,0.8,392,62858.3,OK,,,,,
2026-04-26 10:07:34,-40,0,0,0,0,OK,,,,,
2026-04-26 10:07:50,19.4,53,0,392,377486.2,OK,,,,,
2026-04-26 10:08:06,19.5,52,0,392,62945.3,OK,,,,,
2026-04-26 10:08:22,19.9,52,0.1,392,62893.1,OK,,,,,
2026-04-26 10:08:38,19.8,51,0.1,392,65496.2,OK,,,,,
2026-04-26 10:08:54,19.8,51,0.6,392,62985.9,OK,,,,,
2026-04-26 10:09:10,-40,0,0,0,0,OK,,,,,
2026-04-26 10:09:26,-40,0,0,0,0,OK,,,,,
2026-04-26 10:09:42,19.6,51,0.7,392,63038.1,OK,,,,,
2026-04-26 10:09:58,-40,0,0,0,0,OK,,,,,
2026-04-26 10:10:14,19.6,51,0,392,62977.2,OK,,,,,
2026-04-26 10:10:30,19.8,51,0,392,63238.2,OK,,,,,
2026-04-26 10:10:46,19.9,51,0,1928,63328.1,OK,,,,,
2026-04-26 10:11:02,20,51,0,392,63342.6,OK,,,,,
2026-04-26 10:11:18,20.2,50,0,392,63690.6,OK,,,,,
2026-04-26 10:11:34,20.4,49,0,392,63809.5,OK,,,,,
2026-04-26 10:11:50,20.4,50,0.1,392,63742.8,OK,,,,,
2026-04-26 10:12:06,20.3,50,0.8,392,63928.4,OK,,,,,
2026-04-26 10:12:22,20,50,0.4,392,64015.4,OK,,,,,
2026-04-26 10:12:38,20.1,50,0.1,392,63884.9,OK,,,,,
2026-04-26 10:12:54,20.1,50,0.3,392,63966.1,OK,,,,,
2026-04-26 10:13:10,19.9,50,0.4,392,63989.3,OK,,,,,
2026-04-26 10:13:26,19.9,50,0.4,392,64035.7,OK,,,,,
2026-04-26 10:13:42,20,50,0.1,392,63905.2,OK,,,,,
2026-04-26 10:13:58,-40,0,0,0,0,OK,,,,,
2026-04-26 10:14:14,20.1,50,0,392,63864.6,OK,,,,,
2026-04-26 10:14:30,20.1,50,0,392,63890.7,OK,,,,,
2026-04-26 10:14:46,-40,0,0,0,0,OK,,,,,
2026-04-26 10:15:02,19.8,50,0,392,63855.9,OK,,,,,
2026-04-26 10:15:18,-40,0,0,0,0,OK,,,,,
2026-04-26 10:15:34,20,51,0,392,63853,OK,,,,,
2026-04-26 10:15:50,20.1,51,0.1,392,64195.2,OK,,,,,
2026-04-26 10:16:06,20.2,50,0.4,392,64273.5,OK,,,,,
2026-04-26 10:16:22,20.3,50,1,392,64435.9,OK,,,,,
2026-04-26 10:16:38,20.1,50,0.3,392,64488.1,OK,,,,,
2026-04-26 10:16:54,20,51,0.6,392,64679.5,OK,,,,,
2026-04-26 10:17:10,-40,0,0,0,0,OK,,,,,
2026-04-26 10:17:26,20.1,63,0,392,64592.5,OK,,,,,
2026-04-26 10:17:42,20.2,50,0,392,64580.9,OK,,,,,
2026-04-26 10:17:58,20.3,50,0,392,64549,OK,,,,,
2026-04-26 10:18:14,20.4,50,0,392,64879.6,OK,,,,,
2026-04-26 10:18:30,-40,0,0,0,0,OK,,,,,
2026-04-26 10:18:46,20.4,50,0.4,392,65044.9,OK,,,,,
2026-04-26 10:19:02,20.4,50,0.6,392,65091.3,OK,,,,,
2026-04-26 10:19:18,20.5,50,0.3,392,65230.5,OK,,,,,
2026-04-26 10:19:34,20.5,49,0,392,65288.5,OK,,,,,
2026-04-26 10:19:50,20.5,50,0,392,65242.1,OK,,,,,
2026-04-26 10:20:06,20.4,50,0,392,65242.1,OK,,,,,
2026-04-26 10:20:22,20.5,49,0,392,65044.9,OK,,,,,
2026-04-26 10:20:38,20.6,49,0,392,65123.2,OK,,,,,
2026-04-26 10:20:54,20.8,49,0,392,65111.6,OK,,,,,
2026-04-26 10:21:10,21,49,17.9,392,65530.5,OK,,,,,
2026-04-26 10:21:26,20.9,49,0.1,504,65474.1,OK,,,,,
2026-04-26 10:21:42,20.9,49,0,392,65648.1,OK,,,,,
2026-04-26 10:21:58,20.8,49,17.9,392,65726.4,OK,,,,,
2026-04-26 10:22:14,21,49,0,904,65559.4,OK,,,,,
2026-04-26 10:22:30,21.1,49,0,392,65653.9,OK,,,,,
2026-04-26 10:22:46,21.2,49,0,392,65575.6,OK,,,,,
2026-04-26 10:23:02,21.4,48,0,392,65653.9,OK,,,,,
2026-04-26 10:23:18,-40,0,0,0,0,OK,,,,,
2026-04-26 10:23:34,21.6,48,0,392,66057,OK,,,,,
2026-04-26 10:23:50,21.7,48,0,392,66088.9,OK,,,,,
2026-04-26 10:24:06,21.8,48,0.6,392,66225.2,OK,,,,,
2026-04-26 10:24:22,21.8,48,0.6,392,66245.5,OK,,,,,
2026-04-26 10:24:38,-40,0,0,0,0,OK,,,,,
2026-04-26 10:24:54,21.7,48,0,392,66758.8,OK,,,,,
2026-04-26 10:25:10,21.6,48,0,392,66889.3,OK,,,,,
2026-04-26 10:25:26,21.5,48,0,49348,67135.8,OK,,,,,
2026-04-26 10:25:42,21.5,48,0,392,67251.8,OK,,,,,
2026-04-26 10:25:58,-40,0,0,0,0,OK,,,,,
2026-04-26 10:26:14,21.4,48,0,392,67132.9,OK,,,,,
2026-04-26 10:26:30,21.4,49,0,392,67353.3,OK,,,,,
2026-04-26 10:26:46,21.5,49,0,392,67161.9,OK,,,,,
2026-04-26 10:27:50,21.2,49,0.6,392,66697.9,OK,,,,,
2026-04-26 10:28:06,21.1,49,0.3,392,66642.8,OK,,,,,
2026-04-26 10:28:22,21.1,49,0.1,392,66506.5,OK,,,,,
2026-04-26 10:28:54,21,50,0.3,392,66393.4,OK,,,,,
2026-04-26 10:29:10,21.1,50,0,392,66692.1,OK,,,,,
2026-04-26 10:29:26,21.2,49,0.7,392,66860.3,OK,,,,,
2026-04-26 10:29:42,20.9,49,1,392,67166.7,OK,,,,,
2026-04-26 10:29:58,20.8,50,0.1,392,67492.5,OK,,,,,
2026-04-26 10:30:14,20.9,50,0.1,392,67617.2,OK,,,,,
2026-04-26 10:30:30,-4.7,50,0.1,392,68078.3,OK,,,,,
2026-04-26 10:30:46,-40,0,0,0,0,OK,,,,,
2026-04-26 10:31:02,-40,0,0,0,0,OK,,,,,
2026-04-26 10:31:18,21.2,49,0,392,68655.4,OK,,,,,
2026-04-26 10:31:34,21.2,49,0,392,68548.1,OK,,,,,
2026-04-26 10:31:50,21.3,49,0,392,68333.5,OK,,,,,
2026-04-26 10:32:06,21.4,49,0,392,68171.1,OK,,,,,
2026-04-26 10:32:22,21.5,49,0,392,67886.9,OK,,,,,
2026-04-26 10:32:38,-40,0,0,0,0,OK,,,,,
2026-04-26 10:32:54,21.3,49,0,392,67759.3,OK,,,,,
2026-04-26 10:33:10,21.3,49,0,392,67828.9,OK,,,,,
2026-04-26 10:33:26,21.3,48,0,392,67910.1,OK,,,,,
2026-04-26 10:33:42,21.5,49,0,392,68127.6,OK,,,,,
2026-04-26 10:33:58,21.6,48,0,392,68533.6,OK,,,,,
2026-04-26 10:34:14,21.7,48,0.1,392,68698.9,OK,,,,,
2026-04-26 10:34:30,21.7,48,0.6,392,68962.8,OK,,,,,
2026-04-26 10:34:46,21.7,48,0,392,68841,OK,,,,,
2026-04-26 10:35:02,21.8,47,0.3,392,68635.1,OK,,,,,
2026-04-26 10:35:18,21.8,48,0.1,392,68466.9,OK,,,,,
2026-04-26 10:35:34,21.8,48,0.7,392,68252.3,OK,,,,,
2026-04-26 10:35:50,-40,0,0,0,0,OK,,,,,
2026-04-26 10:36:06,21.7,48,0,392,67660.7,OK,,,,,
2026-04-26 10:36:22,21.7,48,0,392,67643.3,OK,,,,,
2026-04-26 10:36:38,21.8,48,0,392,67280.8,OK,,,,,
2026-04-26 10:36:54,21.9,48,0.1,392,67466.4,OK,,,,,
2026-04-26 10:37:10,22,48,0.3,392,67550.5,OK,,,,,
2026-04-26 10:37:26,22,47,0.1,392,641197.9,OK,,,,,
2026-04-26 10:37:42,124.4,47,0,392,68432.1,OK,,,,,
2026-04-26 10:37:58,-40,0,0,0,0,OK,,,,,
2026-04-26 10:38:14,22,47,0,392,68681.5,OK,,,,,
2026-04-26 10:38:30,22,47,0.4,392,68730.8,OK,,,,,
2026-04-26 10:38:46,21.7,47,0.6,392,872493.5,OK,,,,,
2026-04-26 10:39:02,21.6,48,0,392,68870,OK,,,,,
2026-04-26 10:39:18,21.5,48,0.6,392,69015,OK,,,,,
2026-04-26 10:39:34,21.3,49,1.1,392,69209.3,OK,,,,,
2026-04-26 10:39:50,21.2,49,0.3,392,69252.8,OK,,,,,
2026-04-26 10:40:06,21.3,49,0,392,875342.7,OK,,,,,
2026-04-26 10:40:22,21.4,49,0.1,392,69252.8,OK,,,,,
2026-04-26 10:40:38,21.5,48,0,392,69000.5,OK,,,,,
2026-04-26 10:40:54,21.5,48,0,392,68983.1,OK,,,,,
2026-04-26 10:42:46,21.4,48,0,392,66726.9,OK,,,,,
2026-04-26 10:43:02,21.2,48,0,392,66428.2,OK,,,,,
2026-04-26 10:43:18,21.2,49,0,392,67425.8,OK,,,,,
2026-04-26 10:43:34,-40,0,0,0,0,OK,,,,,
2026-04-26 10:43:50,21.5,48,0.8,392,68658.3,OK,,,,,
2026-04-26 10:44:06,21.4,48,0.6,392,68739.5,OK,,,,,
2026-04-26 10:44:22,21.5,49,0,392,68925.1,OK,,,,,
2026-04-26 10:44:38,21.4,49,0.1,392,68075.4,OK,,,,,
2026-04-26 10:44:54,21.4,49,0,392,67956.5,OK,,,,,
2026-04-26 10:45:10,-40,0,0,0,0,OK,,,,,
2026-04-26 10:45:26,21.3,49,0.6,392,68330.6,OK,,,,,
2026-04-26 10:45:42,21.3,49,0.1,392,68507.5,OK,,,,,
2026-04-26 10:45:58,21.1,49,0.4,392,68348,OK,,,,,
2026-04-26 10:46:14,-40,0,0,0,0,OK,,,,,
2026-04-26 10:46:30,-40,0,0,0,0,OK,,,,,
2026-04-26 10:46:46,-40,0,0,0,0,OK,,,,,
2026-04-26 10:47:02,20.6,51,0.6,392,68777.2,OK,,,,,
2026-04-26 10:47:18,20.6,50,0.3,392,69157.1,OK,,,,,
2026-04-26 10:47:34,20.7,50,0,392,68820.7,OK,,,,,
2026-04-26 10:47:50,20.8,153,0.7,392,68545.2,OK,,,,,
2026-04-26 10:48:06,21,50,0.1,392,71761.1,OK,,,,,
2026-04-26 10:48:22,-40,0,0,0,0,OK,,,,,
2026-04-26 10:48:38,21,49,1,1928,67440.3,OK,,,,,
2026-04-26 10:48:54,20.9,49,0,392,68011.6,OK,,,,,
2026-04-26 10:49:10,-40,0,0,0,0,OK,,,,,
2026-04-26 10:49:42,21.1,48,0,65416,68832.3,OK,,,,,
2026-04-26 10:49:58,21.2,48,0,392,68600.3,OK,,,,,
2026-04-26 10:50:14,21.3,48,0,392,68988.9,OK,,,,,
2026-04-26 10:50:30,21.3,48,4.3,392,68826.5,OK,,,,,
2026-04-26 10:51:02,21.1,49,0,392,69226.7,OK,,,,,
2026-04-26 10:51:18,21.1,49,0,444,641678.8,OK,,,,,
2026-04-26 10:51:34,21.3,48,0,392,70221.4,OK,,,,,
2026-04-26 10:51:50,21.2,48,1.5,392,70572.3,OK,,,,,
2026-04-26 10:52:06,20.9,48,0.4,392,70873.9,OK,,,,,
2026-04-26 10:52:22,20.9,49,0,392,70537.5,OK,,,,,
2026-04-26 10:52:38,20.8,49,0,392,70357.7,OK,,,,,
2026-04-26 10:52:54,20.8,49,0,392,70288.1,OK,,,,,
2026-04-26 10:53:10,20.8,49,0,392,70024.2,OK,,,,,
2026-04-26 10:53:26,20.9,49,0.1,392,70230.1,OK,,,,,
2026-04-26 10:53:42,21.1,49,0,392,70041.6,OK,,,,,
2026-04-26 10:53:58,21.2,48,0,392,69745.8,OK,,,,,
2026-04-26 10:54:14,21.4,48,0.1,392,70189.5,OK,,,,,
2026-04-26 10:54:30,21.6,47,0,392,70456.3,OK,,,,,
2026-04-26 10:54:46,21.6,47,0,392,70798.5,OK,,,,,
2026-04-26 10:55:02,21.7,46,0,392,71369.8,OK,,,,,
2026-04-26 10:55:18,21.9,46,0,392,70601.3,OK,,,,,
2026-04-26 10:55:34,22,46,0,392,70752.1,OK,,,,,
2026-04-26 10:55:50,22.1,46,0.4,392,71178.4,OK,,,,,
2026-04-26 10:56:06,21.9,46,0.3,392,70499.8,OK,,,,,
2026-04-26 10:56:22,21.8,46,0,392,70723.1,OK,,,,,
2026-04-26 10:56:38,-40,0,0,0,0,OK,,,,,
2026-04-26 10:56:54,21.9,46,0,392,69890.8,OK,,,,,
2026-04-26 10:57:10,21.9,46,0.3,392,69977.8,OK,,,,,
2026-04-26 10:57:26,21.9,46,0.1,392,70641.9,OK,,,,,
2026-04-26 10:57:42,-40,0,0,0,0,OK,,,,,
2026-04-26 10:57:58,21.9,44,0,392,70876.8,OK,,,,,
2026-04-26 10:58:14,21.9,45,0,392,70534.6,OK,,,,,
2026-04-26 10:58:30,21.9,45,0,392,70192.4,OK,,,,,
2026-04-26 10:58:46,21.9,45,0,392,69867.6,OK,,,,,
2026-04-26 10:59:02,21.8,45,0,392,71024.7,OK,,,,,
2026-04-26 10:59:18,23.5,45,0,392,70702.8,OK,,,,,
2026-04-26 10:59:34,21.9,45,0.1,392,175835.9,OK,,,,,
2026-04-26 10:59:50,-40,0,0,0,0,OK,,,,,
2026-04-26 11:00:06,22.1,44,0.1,392,71523.5,OK,,,,,
2026-04-26 11:00:22,-40,0,0,0,0,OK,,,,,
2026-04-26 11:00:38,22,43,0.1,392,71662.7,OK,,,,,
2026-04-26 11:00:54,21.8,43,0.3,452,71778.7,OK,,,,,
2026-04-26 11:01:10,-40,0,0,0,0,OK,,,,,
2026-04-26 11:01:26,21.7,43,0,392,72297.8,OK,,,,,
2026-04-26 11:01:42,-40,0,0,0,0,OK,,,,,
2026-04-26 11:01:58,21.6,44,0.6,392,72541.4,OK,,,,,
2026-04-26 11:02:14,-40,0,0,0,0,OK,,,,,
2026-04-26 11:02:30,21.7,44,0,392,72802.4,OK,,,,,
2026-04-26 11:02:46,21.9,44,0,392,72680.6,OK,,,,,
2026-04-26 11:03:02,22.1,43,0,392,72637.1,OK,,,,,
2026-04-26 11:03:18,22.2,43,0,392,72999.6,OK,,,,,
2026-04-26 11:03:34,22.2,42,0.8,392,73501.3,OK,,,,,
2026-04-26 11:03:50,22,43,0.1,392,73486.8,OK,,,,,
2026-04-26 11:04:06,-40,0,0,0,0,OK,,,,,
2026-04-26 11:04:22,22,43,0,392,73350.5,OK,,,,,
2026-04-26 11:04:38,22,106,0,392,73359.2,OK,,,,,
2026-04-26 11:04:54,22,42,1,392,73205.5,OK,,,,,
2026-04-26 11:05:10,21.8,42,0.6,392,73443.3,OK,,,,,
2026-04-26 11:05:26,21.9,42,0.8,392,73379.5,OK,,,,,
2026-04-26 11:05:42,-40,0,0,0,0,OK,,,,,
2026-04-26 11:05:58,21.3,41,0.8,392,73681.1,OK,,,,,
2026-04-26 11:06:14,21.1,41,0,392,73521.6,OK,,,,,
2026-04-26 11:06:30,-40,0,0,0,0,OK,,,,,
2026-04-26 11:06:46,21.2,42,0,392,72895.2,OK,,,,,
2026-04-26 11:07:18,21.3,42,0,392,72605.2,OK,,,,,
2026-04-26 11:07:34,21.4,43,1.5,504,640686.9,OK,,,,,
2026-04-26 11:07:50,-4.3,43,107.9,392,72767.6,OK,,,,,
2026-04-26 11:08:06,21.4,44,0,392,72582,OK,,,,,
2026-04-26 11:08:22,-40,0,0,0,0,OK,,,,,
2026-04-26 11:08:38,21.5,43,0.6,392,72460.2,OK,,,,,
2026-04-26 11:08:54,21.6,43,0.1,392,72393.5,OK,,,,,
2026-04-26 11:09:10,21.5,43,1.1,392,387134.5,OK,,,,,
2026-04-26 11:09:26,21.3,43,0.6,392,72431.2,OK,,,,,
2026-04-26 11:09:42,21.3,44,0.1,392,72912.6,OK,,,,,
2026-04-26 11:09:58,-40,0,0,0,0,OK,,,,,
2026-04-26 11:10:14,123.7,43,36.7,392,72721.2,OK,,,,,
2026-04-26 11:10:30,21.3,43,0.3,392,72831.4,OK,,,,,
2026-04-26 11:10:46,-40,0,0,0,0,OK,,,,,
2026-04-26 11:11:02,-40,0,0,0,0,OK,,,,,
2026-04-26 11:11:18,21.2,43,0,392,73321.5,OK,,,,,
2026-04-26 11:11:34,21.2,44,0,392,73672.4,OK,,,,,
2026-04-26 11:11:50,-40,0,0,0,0,OK,,,,,
2026-04-26 11:12:06,21.4,45,0.1,392,73623.1,OK,,,,,
2026-04-26 11:12:22,21.4,45,0.1,392,73826.1,OK,,,,,
2026-04-26 11:12:38,21.5,46,0.1,392,73739.1,OK,,,,,
2026-04-26 11:12:54,-40,0,0,0,0,OK,,,,,
2026-04-26 11:13:10,-40,0,0,0,0,OK,,,,,
2026-04-26 11:13:26,21.7,45,17.5,392,73791.3,OK,,,,,
2026-04-26 11:13:42,-40,0,0,0,0,OK,,,,,
2026-04-26 11:13:58,21.5,45,0.1,392,178437.2,OK,,,,,
2026-04-26 11:14:14,21.3,46,1,392,72300.7,OK,,,,,
2026-04-26 11:14:30,21.2,46,0.1,392,73051.8,OK,,,,,
2026-04-26 11:14:46,22.3,46,0,392,72477.6,OK,,,,,
2026-04-26 11:15:02,21.4,62,0,392,73220,OK,,,,,
2026-04-26 11:15:18,21.6,46,0,392,100084,OK,,,,,
2026-04-26 11:15:34,21.7,45,0,504,640472.5,OK,,,,,
2026-04-26 11:15:50,21.7,46,0.4,392,73556.4,OK,,,,,
2026-04-26 11:16:06,-40,0,0,0,0,OK,,,,,
2026-04-26 11:16:22,21.5,46,0.8,392,73959.5,OK,,,,,
2026-04-26 11:16:38,21.5,46,0,392,74124.8,OK,,,,,
2026-04-26 11:16:54,21.5,46,0,392,641167.8,OK,,,,,
2026-04-26 11:17:10,21.6,45,0,392,74545.3,OK,,,,,
2026-04-26 11:17:26,21.6,46,0.3,392,74400.3,OK,,,,,
2026-04-26 11:17:42,21.5,61,0.4,392,74815,OK,,,,,
2026-04-26 11:17:58,-40,0,0,0,0,OK,,,,,
2026-04-26 11:18:14,-40,0,0,0,0,OK,,,,,
2026-04-26 11:18:30,21.2,151,1,392,74748.3,OK,,,,,
2026-04-26 11:18:46,21.2,47,0.1,392,74646.8,OK,,,,,
2026-04-26 11:19:02,-40,0,0,0,0,OK,,,,,
2026-04-26 11:19:18,-4.4,47,35.8,392,74919.4,OK,,,,,
2026-04-26 11:19:34,-40,0,0,0,0,OK,,,,,
2026-04-26 11:19:50,21.4,239,18.1,392,75105,OK,,,,,
2026-04-26 11:20:22,-40,0,0,0,0,OK,,,,,
2026-04-26 11:20:38,20.9,47,1.4,392,74571.4,OK,,,,,
2026-04-26 11:20:54,20.6,47,2.4,392,74206,OK,,,,,
2026-04-26 11:21:10,-40,0,0,0,0,OK,,,,,
2026-04-26 11:21:26,20.2,49,0,392,75490.7,OK,,,,,
2026-04-26 11:21:42,20.3,49,0.8,392,180278.7,OK,,,,,
2026-04-26 11:21:58,-40,0,0,0,0,OK,,,,,
2026-04-26 11:22:14,20.1,49,0.8,392,74933.9,OK,,,,,
2026-04-26 11:22:30,-40,0,0,0,0,OK,,,,,
2026-04-26 11:22:46,20.1,50,1.3,392,74945.5,OK,,,,,
2026-04-26 11:23:02,20,50,0.6,392,74655.5,OK,,,,,
2026-04-26 11:23:34,-40,0,0,0,0,OK,,,,,
2026-04-26 11:23:50,19.7,50,0.6,392,78621.9,OK,,,,,
2026-04-26 11:24:22,19.5,51,1,392,74750.4,OK,,,,,
2026-04-26 11:24:38,-40,0,0,0,0,OK,,,,,
2026-04-26 11:24:54,-40,0,0,0,0,OK,,,,,
2026-04-26 11:25:10,-40,0,0,0,0,OK,,,,,
2026-04-26 11:25:26,-40,0,0,0,0,OK,,,,,
2026-04-26 11:25:42,19.7,52,0,392,74237.9,OK,,,,,
2026-04-26 11:25:58,19.7,51,1.3,392,74583,OK,,,,,
2026-04-26 11:26:14,19.6,51,1.8,392,74551.1,OK,,,,,
2026-04-26 11:26:30,-40,0,0,0,0,OK,,,,,
2026-04-26 11:26:46,19.3,52,0.7,392,74780.2,OK,,,,,
2026-04-26 11:27:02,19.3,52,0.1,392,74759.9,OK,,,,,
2026-04-26 11:27:18,-40,0,0,0,0,OK,,,,,
2026-04-26 11:27:34,-40,0,0,0,0,OK,,,,,
2026-04-26 11:27:50,-40,0,0,0,0,OK,,,,,
2026-04-26 11:28:06,19.6,50,1.8,392,74925.2,OK,,,,,
2026-04-26 11:28:22,19.5,51,0.8,392,75279,OK,,,,,
2026-04-26 11:28:38,19.4,50,1.4,392,75638.6,OK,,,,,
2026-04-26 11:28:54,19.3,50,1.5,392,75699.5,OK,,,,,
2026-04-26 11:29:10,19.2,50,1.7,392,75548.7,OK,,,,,
2026-04-26 11:29:26,19.2,50,0.6,392,75525.5,OK,,,,,
2026-04-26 11:29:42,-40,0,0,0,0,OK,,,,,
2026-04-26 11:29:58,-40,0,0,0,0,OK,,,,,
2026-04-26 11:30:14,32.1,50,2.4,392,75392.1,OK,,,,,
2026-04-26 11:30:30,-40,0,0,0,0,OK,,,,,
2026-04-26 11:30:46,-40,0,0,0,0,OK,,,,,
2026-04-26 11:31:02,19.2,51,0.3,392,75215.2,OK,,,,,
2026-04-26 11:31:18,19.1,51,0.7,392,75221,OK,,,,,
2026-04-26 11:31:50,-40,0,0,0,0,OK,,,,,
2026-04-26 11:32:06,19.4,51,0,65416,74748.3,OK,,,,,
2026-04-26 11:32:22,19.5,242,18.5,392,75157.2,OK,,,,,
2026-04-26 11:32:38,-40,0,0,0,0,OK,,,,,
2026-04-26 11:32:54,19.2,50,1,392,416451.9,OK,,,,,
2026-04-26 11:33:10,19.3,50,0.1,392,75740.1,OK,,,,,
2026-04-26 11:33:26,-40,0,0,0,0,OK,,,,,
2026-04-26 11:33:42,-40,0,0,0,0,OK,,,,,
2026-04-26 11:33:58,35.8,204,0,392,76105.5,OK,,,,,
2026-04-26 11:34:14,-40,0,0,0,0,OK,,,,,
2026-04-26 11:34:30,-40,0,0,0,0,OK,,,,,
2026-04-26 11:34:46,19.8,48,0.3,392,76917.5,OK,,,,,
2026-04-26 11:35:02,20,48,0.4,392,76111.3,OK,,,,,
2026-04-26 11:35:18,20.1,47,0.1,392,75482.8,OK,,,,,
2026-04-26 11:35:34,20.2,47,0.6,408,75157.2,OK,,,,,
2026-04-26 11:35:50,-40,0,0,0,0,OK,,,,,
2026-04-26 11:36:06,20.2,47,13.4,392,75809.7,OK,,,,,
2026-04-26 11:36:22,20.4,47,0.4,392,75554.5,OK,,,,,
2026-04-26 11:36:38,-40,0,0,0,0,OK,,,,,
2026-04-26 11:36:54,20.7,47,17.8,392,75740.1,OK,,,,,
2026-04-26 11:37:10,20.8,46,0.4,392,76505.7,OK,,,,,
2026-04-26 11:37:26,20.7,45,0.8,392,76789.9,OK,,,,,
2026-04-26 11:37:42,20.7,46,0.4,392,76740.6,OK,,,,,
2026-04-26 11:37:58,20.7,46,0.3,392,76871.1,OK,,,,,
2026-04-26 11:38:14,-40,0,0,0,0,OK,,,,,
2026-04-26 11:38:30,20.6,45,0,392,77277.1,OK,,,,,
2026-04-26 11:38:46,20.7,45,0,504,77584.5,OK,,,,,
2026-04-26 11:39:02,20.7,45,0.1,392,77729.5,OK,,,,,
2026-04-26 11:39:18,20.6,44,0.7,392,78074.6,OK,,,,,
2026-04-26 11:39:34,20.6,45,0.3,392,78202.2,OK,,,,,
2026-04-26 11:39:50,-40,0,0,0,0,OK,,,,,
2026-04-26 11:40:06,20.5,44,1,392,78683.6,OK,,,,,
2026-04-26 11:40:22,20.5,43,0.6,392,78570.5,OK,,,,,
2026-04-26 11:40:38,20.3,45,2.2,392,78651.7,OK,,,,,
2026-04-26 11:40:54,-40,0,0,0,0,OK,,,,,
2026-04-26 11:41:10,-40,0,0,0,0,OK,,,,,
2026-04-26 11:41:26,20.6,46,0.1,392,78743.8,OK,,,,,
2026-04-26 11:41:42,20.7,46,0.3,392,78622.7,OK,,,,,
2026-04-26 11:41:58,-40,0,0,0,0,OK,,,,,
2026-04-26 11:42:14,20.9,45,0.3,392,79075.1,OK,,,,,
2026-04-26 11:42:30,-40,0,0,0,0,OK,,,,,
2026-04-26 11:42:46,20.5,45,1,392,79370.9,OK,,,,,
2026-04-26 11:43:02,20.6,46,0,392,79162.1,OK,,,,,
2026-04-26 11:43:18,-40,0,0,0,0,OK,,,,,
2026-04-26 11:43:34,148.7,45,36,392,79568.1,OK,,,,,
2026-04-26 11:43:50,20.7,46,0.4,392,80003.1,OK,,,,,
2026-04-26 11:44:06,-40,0,0,0,0,OK,,,,,
2026-04-26 11:44:22,20.6,44,2,392,81598,OK,,,,,
2026-04-26 11:44:38,20.2,44,2.2,392,80140.7,OK,,,,,
2026-04-26 11:44:54,20,45,2.2,392,79875.5,OK,,,,,
2026-04-26 11:45:10,19.8,46,1.3,392,80020.5,OK,,,,,
2026-04-26 11:46:14,-40,0,0,0,0,OK,,,,,
2026-04-26 11:46:30,-40,0,0,0,0,OK,,,,,
2026-04-26 11:46:46,19.9,45,0,392,84587.8,OK,,,,,
2026-04-26 11:47:02,20.2,45,0.1,392,81490.8,OK,,,,,
2026-04-26 11:47:18,20.3,45,0.1,392,81647.4,OK,,,,,
2026-04-26 11:47:34,-40,0,0,0,0,OK,,,,,
2026-04-26 11:47:50,28.7,45,0.1,392,81862,OK,,,,,
2026-04-26 11:48:06,20.7,45,0,392,82592.8,OK,,,,,
2026-04-26 11:48:22,-40,0,0,0,0,OK,,,,,
2026-04-26 11:48:38,-40,0,0,0,0,OK,,,,,
2026-04-26 11:48:54,20.7,44,4.3,392,83343.9,OK,,,,,
2026-04-26 11:49:10,-40,0,0,0,0,OK,,,,,
2026-04-26 11:49:26,20.9,43,1.3,392,83346.8,OK,,,,,
2026-04-26 11:49:42,-40,0,0,0,0,OK,,,,,
2026-04-26 11:49:58,127.7,249,49.3,392,77773,OK,,,,,
2026-04-26 11:50:14,-40,0,0,0,0,OK,,,,,
2026-04-26 11:50:30,-40,0,0,0,0,OK,,,,,
2026-04-26 11:50:46,-40,0,0,0,0,OK,,,,,
2026-04-26 11:51:50,54.1,185,121,392,80867.3,OK,,,,,
2026-04-26 11:52:06,20.6,46,0.4,392,72738.6,OK,,,,,
2026-04-26 11:52:22,20.5,47,1,392,74136.4,OK,,,,,
2026-04-26 11:52:38,20.5,47,0.4,392,417875.8,OK,,,,,
2026-04-26 11:53:10,20.1,46,1.3,392,71755.5,OK,,,,,
2026-04-26 11:53:26,-40,0,0,0,0,OK,,,,,
2026-04-26 11:53:42,-40,0,0,0,0,OK,,,,,
2026-04-26 11:53:58,19.7,44,1.3,6204,21905.5,OK,,,,,
2026-04-26 11:54:14,19.7,46,0.1,392,75261.6,OK,,,,,
2026-04-26 11:54:46,-40,0,0,0,0,OK,,,,,
2026-04-26 11:55:02,122.3,46,0.8,392,73241.3,OK,,,,,
2026-04-26 11:55:34,19.7,48,0.6,392,66996.6,OK,,,,,
2026-04-26 11:55:50,-40,0,0,0,0,OK,,,,,
2026-04-26 11:56:06,20.1,45,0.4,392,58715.6,OK,,,,,
2026-04-26 11:56:22,20.1,46,1,392,42729.4,OK,,,,,
2026-04-26 11:56:38,20.2,46,0.7,392,33675.6,OK,,,,,
2026-04-26 11:56:54,20.2,45,1,392,33281.2,OK,,,,,
2026-04-26 11:57:10,-40,0,0,0,0,OK,,,,,
2026-04-26 11:57:26,-40,0,0,0,0,OK,,,,,
2026-04-26 11:57:42,-40,0,0,0,0,OK,,,,,
2026-04-26 11:57:58,20.1,57,13.4,392,32260.4,OK,,,,,
2026-04-26 11:58:14,20.1,46,0.6,392,34081.6,OK,,,,,
2026-04-26 11:58:30,19.9,48,1.3,392,32953.5,OK,,,,,
2026-04-26 11:58:46,-40,0,0,0,0,OK,,,,,
2026-04-26 11:59:02,-40,0,0,0,0,OK,,,,,
2026-04-26 11:59:18,19.7,48,0.3,392,32237.2,OK,,,,,
2026-04-26 11:59:34,19.7,48,0.6,392,32100.9,OK,,,,,
2026-04-26 11:59:50,-40,0,0,0,0,OK,,,,,
2026-04-26 12:00:22,-40,0,0,0,0,OK,,,,,
2026-04-26 12:00:54,95.5,51,107.5,392,43413.8,OK,,,,,
2026-04-26 12:01:10,-40,0,0,0,0,OK,,,,,
2026-04-26 12:01:42,18.8,50,0,392,63977.7,OK,,,,,
2026-04-26 12:01:58,18.8,50,0,392,68507.5,OK,,,,,
2026-04-26 12:02:14,18.9,49,0.1,482,68681.5,OK,,,,,
2026-04-26 12:02:30,-40,0,0,0,0,OK,,,,,
2026-04-26 12:02:46,18.9,50,1,392,71413.3,OK,,,,,
2026-04-26 12:03:02,-40,0,0,0,0,OK,,,,,
2026-04-26 12:03:18,18.8,51,0.7,392,77019,OK,,,,,
2026-04-26 12:03:34,18.8,51,0.6,392,878744.8,OK,,,,,
2026-04-26 12:03:50,18.8,51,3.4,392,79176.6,OK,,,,,
2026-04-26 12:04:06,18.7,52,2.4,392,79243.3,OK,,,,,
2026-04-26 12:04:22,18.7,52,1.3,392,82094,OK,,,,,
2026-04-26 12:04:38,-40,0,0,0,0,OK,,,,,
2026-04-26 12:04:54,121.2,50,0.6,392,82226.3,OK,,,,,
2026-04-26 12:05:10,18.8,50,0.8,392,81601,OK,,,,,
2026-04-26 12:05:26,-40,0,0,0,0,OK,,,,,
2026-04-26 12:05:42,-40,0,0,0,0,OK,,,,,
2026-04-26 12:05:58,-40,0,0,0,0,OK,,,,,
2026-04-26 12:06:14,18.7,51,1.1,392,77648.3,OK,,,,,
2026-04-26 12:06:30,18.6,51,2.2,392,77671.5,OK,,,,,
2026-04-26 12:06:46,18.7,50,0.6,392,78245.7,OK,,,,,
2026-04-26 12:07:02,18.7,50,0.3,392,78866.3,OK,,,,,
2026-04-26 12:07:18,18.9,49,0,392,78579.2,OK,,,,,
2026-04-26 12:07:34,19,49,1,392,78947.5,OK,,,,,
2026-04-26 12:07:50,-40,0,0,0,0,OK,,,,,
2026-04-26 12:08:06,-40,0,0,0,0,OK,,,,,
2026-04-26 12:08:22,-40,0,0,0,0,OK,,,,,
2026-04-26 12:08:38,-40,0,0,0,0,OK,,,,,
2026-04-26 12:08:54,-40,0,0,0,0,OK,,,,,
2026-04-26 12:09:10,19.6,241,0.1,392,76407.1,OK,,,,,
2026-04-26 12:09:26,19.7,49,0.8,392,73376.6,OK,,,,,
2026-04-26 12:09:42,19.5,49,2.1,392,69737.1,OK,,,,,
2026-04-26 12:09:58,21.8,204,0.7,392,65001.4,OK,,,,,
2026-04-26 12:10:14,19.4,49,0.4,392,59764,OK,,,,,
2026-04-26 12:10:30,19.4,49,0.3,392,56675.5,OK,,,,,
2026-04-26 12:10:46,-40,0,0,0,0,OK,,,,,
2026-04-26 12:11:02,-40,0,0,0,0,OK,,,,,
2026-04-26 12:11:18,19.4,48,0.4,392,79950.9,OK,,,,,
2026-04-26 12:11:34,19.4,48,0.6,408,79916.1,OK,,,,,
2026-04-26 12:11:50,19.4,48,1.3,392,79707.3,OK,,,,,
2026-04-26 12:12:06,19.3,49,0.6,392,79553.6,OK,,,,,
2026-04-26 12:12:22,-40,0,0,0,0,OK,,,,,
2026-04-26 12:12:38,19.3,49,1,392,80194.5,OK,,,,,
2026-04-26 12:12:54,19.4,49,0.6,392,80217.7,OK,,,,,
2026-04-26 12:13:10,19.4,48,2.7,392,80072.7,OK,,,,,
2026-04-26 12:13:26,-40,0,0,0,0,OK,,,,,
2026-04-26 12:13:42,-40,0,0,0,0,OK,,,,,
2026-04-26 12:13:58,-40,0,0,0,0,OK,,,,,
2026-04-26 12:14:14,-40,0,0,0,0,OK,,,,,
2026-04-26 12:14:30,19,47,0.8,392,79518.8,OK,,,,,
2026-04-26 12:14:46,19.1,47,0,904,79515.9,OK,,,,,
2026-04-26 12:15:02,19.2,47,0.4,392,79684.1,OK,,,,,
2026-04-26 12:15:18,-40,0,0,0,0,OK,,,,,
2026-04-26 12:15:34,-40,0,0,0,0,OK,,,,,
2026-04-26 12:16:38,19.2,47,0.4,392,79501.4,OK,,,,,
2026-04-26 12:16:54,19.4,47,1.4,392,1280849.6,OK,,,,,
2026-04-26 12:17:10,-40,0,0,0,0,OK,,,,,
2026-04-26 12:17:26,-40,0,0,0,0,OK,,,,,
2026-04-26 12:17:42,-6.4,47,38.1,392,79051.9,OK,,,,,
2026-04-26 12:17:58,19.3,48,0.8,392,79310,OK,,,,,
2026-04-26 12:18:14,-40,0,0,0,0,OK,,,,,
2026-04-26 12:18:30,-40,0,0,0,0,OK,,,,,
2026-04-26 12:18:46,19.6,48,0,392,78869.2,OK,,,,,
2026-04-26 12:19:02,19.7,48,0,392,79218.8,OK,,,,,
2026-04-26 12:19:18,19.9,48,0.4,392,82443.1,OK,,,,,
2026-04-26 12:19:34,-40,0,0,0,0,OK,,,,,
2026-04-26 12:19:50,20,47,1.3,392,79684.1,OK,,,,,
2026-04-26 12:20:54,20,127,0.1,392,79988.6,OK,,,,,
2026-04-26 12:21:10,20.1,48,1.8,392,79942.2,OK,,,,,
2026-04-26 12:21:26,-40,0,0,0,0,OK,,,,,
2026-04-26 12:21:42,19.6,50,0.8,392,79840.7,OK,,,,,
2026-04-26 12:21:58,-40,0,0,0,0,OK,,,,,
2026-04-26 12:22:14,-40,0,0,0,0,OK,,,,,
2026-04-26 12:22:46,-40,0,0,0,0,OK,,,,,
2026-04-26 12:23:02,19,50,0.7,392,79573.9,OK,,,,,
2026-04-26 12:23:18,28,50,0,392,79649.3,OK,,,,,
2026-04-26 12:23:34,-6.3,114,107.8,392,79080.9,OK,,,,,
2026-04-26 12:23:50,19.4,50,0.6,392,79130.2,OK,,,,,
2026-04-26 12:24:06,19.5,49,1,392,79466.6,OK,,,,,
2026-04-26 12:24:22,19.5,46,1.8,392,79611.6,OK,,,,,
2026-04-26 12:24:38,19.5,46,0.6,392,79521.7,OK,,,,,
2026-04-26 12:24:54,19.6,45,0.6,392,79623.2,OK,,,,,
2026-04-26 12:25:26,-40,0,0,0,0,OK,,,,,
2026-04-26 12:26:30,19.5,45,0.6,392,79428.9,OK,,,,,
2026-04-26 12:26:46,19.7,45,0.6,392,79281,OK,,,,,
2026-04-26 12:27:02,-40,0,0,0,0,OK,,,,,
2026-04-26 12:27:18,19.7,42,1.5,392,79383.7,OK,,,,,
2026-04-26 12:27:50,19.8,42,0,392,79455,OK,,,,,
2026-04-26 12:28:06,19.8,42,0.6,392,79574.5,OK,,,,,
2026-04-26 12:28:22,19.9,41,0.1,392,79896.7,OK,,,,,
2026-04-26 12:28:38,19.9,42,0,392,80041.5,OK,,,,,
2026-04-26 12:28:54,124.3,202,36,392,80084.3,OK,,,,,
2026-04-26 12:29:10,20.2,41,1,392,79866.8,OK,,,,,
2026-04-26 12:29:26,20.1,42,0.7,392,79823.3,OK,,,,,
2026-04-26 12:29:42,-40,0,0,0,0,OK,,,,,
2026-04-26 12:29:58,20.3,43,1.7,392,80307.6,OK,,,,,
2026-04-26 12:30:14,20.1,43,1.8,392,80261.2,OK,,,,,
2026-04-26 12:30:30,-40,0,0,0,0,OK,,,,,
2026-04-26 12:30:46,19.6,44,1.8,392,650282.3,OK,,,,,
2026-04-26 12:31:02,19.4,44,1.4,392,80181.6,OK,,,,,
2026-04-26 12:31:18,19.3,44,0.6,392,80050.8,OK,,,,,
2026-04-26 12:31:34,-40,0,0,0,0,OK,,,,,
2026-04-26 12:31:50,19.6,44,0,392,79623.2,OK,,,,,
2026-04-26 12:32:06,19.8,45,0,392,79655.1,OK,,,,,
2026-04-26 12:32:22,19.9,45,1.5,392,79785.6,OK,,,,,
2026-04-26 12:32:38,-40,0,0,0,0,OK,,,,,
2026-04-26 12:32:54,19.7,45,0.7,392,80252.5,OK,,,,,
2026-04-26 12:33:10,19.6,45,0.3,392,80156.8,OK,,,,,
2026-04-26 12:33:26,-40,0,0,0,0,OK,,,,,
2026-04-26 12:33:42,-40,0,0,0,0,OK,,,,,
2026-04-26 12:33:58,22.9,46,0.7,392,80583.1,OK,,,,,
2026-04-26 12:34:14,19.6,47,1.8,392,80446.8,OK,,,,,
2026-04-26 12:34:30,121.8,47,1.3,392,80455.5,OK,,,,,
2026-04-26 12:34:46,19.4,48,0.4,392,80449.7,OK,,,,,
2026-04-26 12:35:02,-40,0,0,0,0,OK,,,,,
2026-04-26 12:35:18,19.3,49,0.8,392,80101.7,OK,,,,,
2026-04-26 12:35:34,19.3,49,1.5,65476,80177.1,OK,,,,,
2026-04-26 12:35:50,19.3,49,0.3,392,80619.7,OK,,,,,
2026-04-26 12:36:06,-40,0,0,0,0,OK,,,,,
2026-04-26 12:36:22,-40,0,0,0,0,OK,,,,,
2026-04-26 12:36:38,-40,0,0,0,0,OK,,,,,
2026-04-26 12:36:54,19.7,49,0.8,392,80232.2,OK,,,,,
2026-04-26 12:37:10,19.8,48,0.1,392,80467.1,OK,,,,,
2026-04-26 12:37:26,-40,0,0,0,0,OK,,,,,
2026-04-26 12:37:42,-40,0,0,0,0,OK,,,,,
2026-04-26 12:37:58,20.3,46,0.1,392,80615,OK,,,,,
2026-04-26 12:38:14,20.3,46,0,392,80826.7,OK,,,,,
2026-04-26 12:38:30,20.3,45,0.1,392,81000.7,OK,,,,,
2026-04-26 12:38:46,20.3,45,0,8072,80858.6,OK,,,,,
2026-04-26 12:39:02,20.3,46,0.6,392,80878.9,OK,,,,,
2026-04-26 12:39:18,20.3,47,0.1,392,85190.4,OK,,,,,
2026-04-26 12:39:34,-40,0,0,0,0,OK,,,,,
2026-04-26 12:39:50,20.2,48,0.3,392,81322.6,OK,,,,,
2026-04-26 12:40:06,20.1,49,0.7,392,81273.3,OK,,,,,
2026-04-26 12:40:22,-40,0,0,0,0,OK,,,,,
2026-04-26 12:40:38,19.9,49,0.4,392,81357.4,OK,,,,,
2026-04-26 12:40:54,19.9,48,0,392,81496.6,OK,,,,,
2026-04-26 12:41:10,19.8,48,0.1,392,81331.3,OK,,,,,
2026-04-26 12:41:26,-40,0,0,0,0,OK,,,,,
2026-04-26 12:41:42,19.9,47,1.5,392,81664.8,OK,,,,,
2026-04-26 12:42:14,19.8,48,0.7,392,85110.1,OK,,,,,
2026-04-26 12:42:30,19.9,48,0,392,81714.1,OK,,,,,
2026-04-26 12:42:46,19.9,47,0.1,392,999205.8,OK,,,,,
2026-04-26 12:43:02,20,46,0,392,81746,OK,,,,,
2026-04-26 12:43:18,20.1,46,0.1,392,81920,OK,,,,,
2026-04-26 12:43:34,-40,0,0,0,0,OK,,,,,
2026-04-26 12:43:50,-40,0,0,0,0,OK,,,,,
2026-04-26 12:44:06,20.6,46,0.6,392,82004.1,OK,,,,,
2026-04-26 12:44:22,20.6,47,1.4,392,82204.2,OK,,,,,
2026-04-26 12:44:38,-40,0,0,0,0,OK,,,,,
2026-04-26 12:45:42,-40,0,0,0,0,OK,,,,,
2026-04-26 12:45:58,-40,0,0,0,0,OK,,,,,
2026-04-26 12:46:14,-40,0,0,0,0,OK,,,,,
2026-04-26 12:46:30,20.1,48,0,392,82253.5,OK,,,,,
2026-04-26 12:46:46,20.1,48,0.4,392,81595.2,OK,,,,,
2026-04-26 12:47:02,20.1,48,0.4,392,81986.7,OK,,,,,
2026-04-26 12:47:18,-40,0,0,0,0,OK,,,,,
2026-04-26 12:47:34,20.7,48,26.9,392,81737.3,OK,,,,,
2026-04-26 12:47:50,20.5,48,0.3,392,81804,OK,,,,,
2026-04-26 12:48:06,20.4,48,1.7,392,82157.8,OK,,,,,
2026-04-26 12:48:22,20.1,49,2.4,392,81479.2,OK,,,,,
2026-04-26 12:48:38,-40,0,0,0,0,OK,,,,,
2026-04-26 12:48:54,-40,0,0,0,0,OK,,,,,
2026-04-26 12:49:10,19.9,50,0.3,392,81780.8,OK,,,,,
2026-04-26 12:49:26,-40,0,0,0,0,OK,,,,,
2026-04-26 12:49:42,-40,0,0,0,0,OK,,,,,
2026-04-26 12:49:58,20.2,49,0.4,392,81534.3,OK,,,,,
2026-04-26 12:50:14,20.1,49,0.3,392,81406.7,OK,,,,,
2026-04-26 12:50:30,20.2,49,0.7,392,81345.8,OK,,,,,
2026-04-26 12:50:46,-40,0,0,0,0,OK,,,,,
2026-04-26 12:52:06,-40,0,0,0,0,OK,,,,,
2026-04-26 12:52:22,-40,0,0,0,0,OK,,,,,
2026-04-26 12:52:38,19.3,50,0,392,81862,OK,,,,,
2026-04-26 12:52:54,19.5,50,0.1,392,81757.6,OK,,,,,
2026-04-26 12:53:10,-40,0,0,0,0,OK,,,,,
2026-04-26 12:53:26,121.8,47,2.2,392,81766.3,OK,,,,,
2026-04-26 12:53:42,19.1,48,1,392,81522.7,OK,,,,,
2026-04-26 12:53:58,-40,0,0,0,0,OK,,,,,
2026-04-26 12:54:14,19.2,48,1,392,81574.9,OK,,,,,
2026-04-26 12:54:30,-40,0,0,0,0,OK,,,,,
2026-04-26 12:54:46,155.3,197,36.5,392,81688,OK,,,,,
2026-04-26 12:55:02,19.4,50,0.6,392,81641.6,OK,,,,,
2026-04-26 12:55:18,19.5,50,0.4,392,81493.7,OK,,,,,
2026-04-26 12:55:34,-40,0,0,0,0,OK,,,,,
2026-04-26 12:55:50,122.2,50,36.1,392,81334.2,OK,,,,,
2026-04-26 12:56:06,20,49,0,392,81467.6,OK,,,,,
2026-04-26 12:56:22,20.2,49,0,392,81833,OK,,,,,
2026-04-26 12:56:38,20.2,48,1.4,392,81589.4,OK,,,,,
2026-04-26 12:57:42,-40,0,0,0,0,OK,,,,,
2026-04-26 12:57:58,19.9,46,1.4,392,81772.1,OK,,,,,
2026-04-26 12:58:14,-40,0,0,0,0,OK,,,,,
2026-04-26 12:58:30,-40,0,0,0,0,OK,,,,,
2026-04-26 12:58:46,-40,0,0,0,0,OK,,,,,
2026-04-26 12:59:02,19.9,48,0.1,392,82067.9,OK,,,,,
2026-04-26 12:59:18,-40,0,0,0,0,OK,,,,,
2026-04-26 12:59:34,20.2,46,0.1,392,82210,OK,,,,,
2026-04-26 12:59:50,20.2,46,0.7,392,82291.2,OK,,,,,
2026-04-26 13:00:06,-40,0,0,0,0,OK,,,,,
2026-04-26 13:00:22,20.3,46,0,392,387292.6,OK,,,,,
2026-04-26 13:00:38,20.4,45,0,392,82404.3,OK,,,,,
2026-04-26 13:00:54,-40,0,0,0,0,OK,,,,,
2026-04-26 13:01:10,20.5,44,0,392,82604.4,OK,,,,,
2026-04-26 13:01:26,-40,0,0,0,0,OK,,,,,
2026-04-26 13:01:42,-40,0,0,0,0,OK,,,,,
2026-04-26 13:01:58,20.3,43,0.6,392,83135.1,OK,,,,,
2026-04-26 13:02:14,-40,0,0,0,0,OK,,,,,
2026-04-26 13:02:30,-40,0,0,0,0,OK,,,,,
2026-04-26 13:02:46,20.5,42,1,392,83169.9,OK,,,,,
2026-04-26 13:03:02,20.5,42,0.1,392,83262.7,OK,,,,,
2026-04-26 13:03:18,23.8,42,0,392,83309.1,OK,,,,,
2026-04-26 13:03:34,20.6,42,0.1,392,160442.9,OK,,,,,
2026-04-26 13:03:50,20.5,41,1,392,83445.4,OK,,,,,
2026-04-26 13:04:06,20.3,40,1,392,83529.5,OK,,,,,
2026-04-26 13:04:22,20.2,41,0.6,392,83430.9,OK,,,,,
2026-04-26 13:04:54,20.4,41,0.3,392,83401.9,OK,,,,,
2026-04-26 13:05:10,20.4,41,0,392,83512.1,OK,,,,,
2026-04-26 13:05:26,20.6,41,0,392,83642.6,OK,,,,,
2026-04-26 13:06:30,21.1,41,1.1,392,83857.2,OK,,,,,
2026-04-26 13:06:46,-40,0,0,0,0,OK,,,,,
2026-04-26 13:07:02,20.5,42,0.8,392,83944.2,OK,,,,,
2026-04-26 13:07:18,20.4,43,0.1,392,83836.9,OK,,,,,
2026-04-26 13:07:34,20.6,42,0,504,1001017,OK,,,,,
2026-04-26 13:07:50,20.6,42,1.1,392,83886.2,OK,,,,,
2026-04-26 13:08:06,-40,0,0,0,0,OK,,,,,
2026-04-26 13:08:22,20.7,42,0.4,392,83935.5,OK,,,,,
2026-04-26 13:08:38,20.8,42,0.1,392,84010.9,OK,,,,,
2026-04-26 13:08:54,-40,0,0,0,0,OK,,,,,
2026-04-26 13:09:10,21,41,0.3,392,83979,OK,,,,,
2026-04-26 13:09:26,-40,0,0,0,0,OK,,,,,
2026-04-26 13:09:42,-40,0,0,0,0,OK,,,,,
2026-04-26 13:09:58,21.1,41,1.5,392,84153,OK,,,,,
2026-04-26 13:10:14,-40,0,0,0,0,OK,,,,,
2026-04-26 13:10:30,20.6,42,1.1,392,162162.9,OK,,,,,
2026-04-26 13:10:46,20.8,42,0.4,392,1654774.1,OK,,,,,
2026-04-26 13:11:02,21,41,0.6,392,84002.2,OK,,,,,
2026-04-26 13:11:18,21.1,41,0,392,84246.4,OK,,,,,
2026-04-26 13:11:34,-40,0,0,0,0,OK,,,,,
2026-04-26 13:11:50,21.3,40,0.1,392,84031.2,OK,,,,,
2026-04-26 13:12:22,-4.4,42,36.8,392,83952.9,OK,,,,,
2026-04-26 13:12:38,21.2,42,0.4,392,83984.8,OK,,,,,
2026-04-26 13:12:54,21,43,1.4,392,83807.9,OK,,,,,
2026-04-26 13:13:10,21,43,0.6,392,83747,OK,,,,,
2026-04-26 13:13:26,21.2,43,13.4,392,83706.4,OK,,,,,
2026-04-26 13:13:42,21.4,43,0.3,392,83871.7,OK,,,,,
2026-04-26 13:13:58,21.2,42,1,392,83967.4,OK,,,,,
2026-04-26 13:15:02,21.3,43,0.1,392,83912.3,OK,,,,,
2026-04-26 13:15:34,21.2,41,0.4,392,84118.2,OK,,,,,
2026-04-26 13:15:50,21.2,42,0,392,84216.8,OK,,,,,
2026-04-26 13:16:06,21.2,42,0.1,392,84120.3,OK,,,,,
2026-04-26 13:16:22,-40,0,0,0,0,OK,,,,,
2026-04-26 13:16:38,36.7,202,0,1928,84353.1,OK,,,,,
2026-04-26 13:16:54,-40,0,0,0,0,OK,,,,,
2026-04-26 13:17:26,21.3,42,1.4,392,84402.4,OK,,,,,
2026-04-26 13:17:42,21.1,43,0.8,392,84480.7,OK,,,,,
2026-04-26 13:17:58,21,44,0.3,392,84527.1,OK,,,,,
2026-04-26 13:18:14,21.2,43,0.3,392,84614.1,OK,,,,,
2026-04-26 13:18:30,21.2,42,0.7,392,84605.4,OK,,,,,
2026-04-26 13:19:02,21.2,43,0,392,84767.8,OK,,,,,
2026-04-26 13:19:18,21.4,42,0.1,392,84646,OK,,,,,
2026-04-26 13:19:34,-40,0,0,0,0,OK,,,,,
2026-04-26 13:19:50,21.5,41,0,392,84889.6,OK,,,,,
2026-04-26 13:20:06,-4.1,42,35.8,392,84834.5,OK,,,,,
2026-04-26 13:20:22,21.6,41,0,392,84741.7,OK,,,,,
2026-04-26 13:20:38,21.5,42,0,392,84608.3,OK,,,,,
2026-04-26 13:20:54,-40,0,0,0,0,OK,,,,,
2026-04-26 13:21:10,21.4,42,0.1,392,85246.3,OK,,,,,
2026-04-26 13:21:26,21.5,42,0.3,482,85292.7,OK,,,,,
2026-04-26 13:21:42,21.5,42,0.1,392,85194.1,OK,,,,,
2026-04-26 13:21:58,21.6,42,0,392,85324.6,OK,,,,,
2026-04-26 13:22:14,-40,0,0,0,0,OK,,,,,
2026-04-26 13:22:30,21.5,42,0.4,392,84979.5,OK,,,,,
2026-04-26 13:22:46,-40,0,0,0,0,OK,,,,,
2026-04-26 13:23:50,-40,0,0,0,0,OK,,,,,
2026-04-26 13:24:06,21.1,41,0.3,392,85526.2,OK,,,,,
2026-04-26 13:24:22,-40,0,0,0,0,OK,,,,,
2026-04-26 13:24:38,20.9,42,0.1,392,85349.9,OK,,,,,
2026-04-26 13:24:54,-40,0,0,0,0,OK,,,,,
2026-04-26 13:25:10,21.1,42,0.3,392,88441,OK,,,,,
2026-04-26 13:25:26,21,42,17.6,392,85223.1,OK,,,,,
2026-04-26 13:25:42,21,42,1,392,84970.8,OK,,,,,
2026-04-26 13:25:58,-40,0,0,0,0,OK,,,,,
2026-04-26 13:26:14,20.9,41,0.1,392,85202.8,OK,,,,,
2026-04-26 13:26:30,21,41,0.3,392,85202.8,OK,,,,,
2026-04-26 13:26:46,21,41,0.1,392,85272.4,OK,,,,,
2026-04-26 13:27:02,21.1,41,0,392,85136.1,OK,,,,,
2026-04-26 13:27:18,-40,0,0,0,0,OK,,,,,
2026-04-26 13:27:34,21.4,41,0.7,392,85104.2,OK,,,,,
2026-04-26 13:27:50,21.5,39,1,392,85394.2,OK,,,,,
2026-04-26 13:28:06,21.4,38,17.8,392,85173.8,OK,,,,,
2026-04-26 13:28:22,21.2,38,0,392,84843.2,OK,,,,,
2026-04-26 13:28:38,21.3,38,0,392,1657887,OK,,,,,
2026-04-26 13:28:54,21.3,39,0.3,392,85315.9,OK,,,,,
2026-04-26 13:29:10,21.3,40,0.1,392,85623.3,OK,,,,,
2026-04-26 13:29:26,21.5,40,0,392,85385.5,OK,,,,,
2026-04-26 13:29:42,21.5,38,0,32648,85518.9,OK,,,,,
2026-04-26 13:29:58,-40,0,0,0,0,OK,,,,,
2026-04-26 13:30:14,21.5,39,0.7,392,85168,OK,,,,,
2026-04-26 13:30:30,21.6,39,0.8,392,85286.9,OK,,,,,
2026-04-26 13:30:46,-40,0,0,0,0,OK,,,,,
2026-04-26 13:31:18,21.7,39,0,392,85603,OK,,,,,
2026-04-26 13:31:34,-40,0,0,0,0,OK,,,,,
2026-04-26 13:31:50,21.7,39,0,392,85481.2,OK,,,,,
2026-04-26 13:32:06,21.7,39,1,392,85434.8,OK,,,,,
2026-04-26 13:32:22,-40,0,0,0,0,OK,,,,,
2026-04-26 13:32:38,21.1,40,1,392,85721.9,OK,,,,,
2026-04-26 13:32:54,21,41,0.6,392,85452.2,OK,,,,,
2026-04-26 13:33:10,21,41,0.4,392,85397.1,OK,,,,,
2026-04-26 13:33:26,21.1,41,17.9,392,85727.7,OK,,,,,
2026-04-26 13:33:42,21.3,40,0,392,293995.7,OK,,,,,
2026-04-26 13:33:58,21.4,40,0,392,160772.4,OK,,,,,
2026-04-26 13:34:14,21.5,40,0.1,392,85785.7,OK,,,,,
2026-04-26 13:34:30,-40,0,0,0,0,OK,,,,,
2026-04-26 13:34:46,21.7,39,0.3,392,86055.4,OK,,,,,
2026-04-26 13:35:02,21.7,38,0.6,392,85904.6,OK,,,,,
2026-04-26 13:35:18,21.9,38,1,392,86072.8,OK,,,,,
2026-04-26 13:35:50,22.2,37,0.1,392,85597.2,OK,,,,,
2026-04-26 13:36:06,-40,0,0,0,0,OK,,,,,
2026-04-26 13:36:22,22.4,37,0.1,392,86287.4,OK,,,,,
2026-04-26 13:36:38,22.4,36,0.6,392,87783.7,OK,,,,,
2026-04-26 13:36:54,22.5,36,0.8,392,86246.8,OK,,,,,
2026-04-26 13:37:10,22.4,36,0.8,392,86333.8,OK,,,,,
2026-04-26 13:37:26,22.1,44,0.8,392,85582.7,OK,,,,,
2026-04-26 13:37:42,-40,0,0,0,0,OK,,,,,
2026-04-26 13:38:14,22.5,36,1,392,86278.7,OK,,,,,
2026-04-26 13:38:30,-40,0,0,0,0,OK,,,,,
2026-04-26 13:38:46,22.3,35,0,392,86354.1,OK,,,,,
2026-04-26 13:39:02,22.4,35,0,392,582818.4,OK,,,,,
2026-04-26 13:39:18,-40,0,0,0,0,OK,,,,,
2026-04-26 13:39:34,22.1,36,0.8,392,86319.3,OK,,,,,
2026-04-26 13:39:50,-40,0,0,0,0,OK,,,,,
2026-04-26 13:40:06,-40,0,0,0,0,OK,,,,,
2026-04-26 13:40:22,22,37,35.7,392,86626.7,OK,,,,,
2026-04-26 13:40:38,22.1,37,0,392,86681.8,OK,,,,,
2026-04-26 13:40:54,22.2,36,0,392,86597.7,OK,,,,,
2026-04-26 13:41:10,22.2,36,0.7,392,86607.3,OK,,,,,
2026-04-26 13:41:26,-40,0,0,0,0,OK,,,,,
2026-04-26 13:41:42,21.9,36,0.3,392,86641.2,OK,,,,,
2026-04-26 13:41:58,21.9,35,0.6,392,86696.3,OK,,,,,
2026-04-26 13:42:14,-40,0,0,0,0,OK,,,,,
2026-04-26 13:43:18,21.4,38,0.7,392,86336.7,OK,,,,,
2026-04-26 13:43:34,21.3,38,1.3,392,86272.9,OK,,,,,
2026-04-26 13:43:50,21.2,38,0.7,392,86069.9,OK,,,,,
2026-04-26 13:44:06,21.2,39,0,392,85985.8,OK,,,,,
2026-04-26 13:44:22,21.4,38,0,392,85939.4,OK,,,,,
2026-04-26 13:44:38,21.5,38,0,392,85913.3,OK,,,,,
2026-04-26 13:44:54,21.9,38,0.1,392,85782.8,OK,,,,,
2026-04-26 13:45:10,21.8,38,1.3,392,85530.5,OK,,,,,
2026-04-26 13:45:26,21.9,38,0,392,85692.9,OK,,,,,
2026-04-26 13:46:30,-40,0,0,0,0,OK,,,,,
2026-04-26 13:46:46,22.6,37,0.3,392,86168.5,OK,,,,,
2026-04-26 13:47:02,-40,0,0,0,0,OK,,,,,
2026-04-26 13:47:18,-40,0,0,0,0,OK,,,,,
2026-04-26 13:47:34,-40,0,0,0,0,OK,,,,,
2026-04-26 13:47:50,22,36,1.5,392,86394.7,OK,,,,,
2026-04-26 13:48:06,21.8,37,1.1,392,86562.9,OK,,,,,
2026-04-26 13:48:22,21.7,37,2,392,86386,OK,,,,,
2026-04-26 13:48:38,21.5,38,0.8,392,86388.9,OK,,,,,
2026-04-26 13:48:54,21.5,38,1.3,392,86032.2,OK,,,,,
2026-04-26 13:49:10,-40,0,0,0,0,OK,,,,,
2026-04-26 13:49:26,21.6,38,0.1,392,85872.7,OK,,,,,
2026-04-26 13:49:42,-40,0,0,0,0,OK,,,,,
2026-04-26 13:50:14,22,37,0.3,392,85936.5,OK,,,,,
2026-04-26 13:50:30,36.5,201,0.8,452,85803.1,OK,,,,,
2026-04-26 13:50:46,22,37,0.1,392,85852.4,OK,,,,,
2026-04-26 13:51:02,-40,0,0,0,0,OK,,,,,
2026-04-26 13:51:18,22.2,37,1.3,392,86000.3,OK,,,,,
2026-04-26 13:51:34,22.1,35,0.8,392,85893,OK,,,,,
2026-04-26 13:51:50,-40,0,0,0,0,OK,,,,,
2026-04-26 13:52:06,21.7,37,0,904,85318.3,OK,,,,,
2026-04-26 13:52:22,21.6,37,0.1,392,85565.3,OK,,,,,
2026-04-26 13:52:38,21.7,37,0,392,85582.7,OK,,,,,
2026-04-26 13:52:54,22,37,0,392,85939.4,OK,,,,,
2026-04-26 13:53:10,22.2,37,0.1,392,85910.4,OK,,,,,
2026-04-26 13:53:26,124.6,37,1.8,392,86014.8,OK,,,,,
2026-04-26 13:53:42,22,37,0.6,392,86290.3,OK,,,,,
2026-04-26 13:53:58,22.1,37,0.3,392,86330.9,OK,,,,,
2026-04-26 13:54:14,-40,0,0,0,0,OK,,,,,
2026-04-26 13:54:30,22.4,36,0,392,86133.7,OK,,,,,
2026-04-26 13:54:46,22.5,36,0.1,392,86255.5,OK,,,,,
2026-04-26 13:55:02,22.4,36,0.8,392,86049.6,OK,,,,,
2026-04-26 13:55:18,22.4,36,0.1,392,86174.3,OK,,,,,
2026-04-26 13:55:34,22.6,36,0,392,86229.4,OK,,,,,
2026-04-26 13:55:50,22.7,36,0,392,204353.7,OK,,,,,
2026-04-26 13:56:06,22.8,36,0.1,392,86058.3,OK,,,,,
2026-04-26 13:56:22,22.8,35,0.1,392,86301.9,OK,,,,,
2026-04-26 13:56:38,22.8,228,13.4,392,86545.5,OK,,,,,
2026-04-26 13:56:54,22.8,36,0.6,392,86607.3,OK,,,,,
2026-04-26 13:57:10,22.6,36,0.7,392,86652.8,OK,,,,,
2026-04-26 13:57:26,-40,0,0,0,0,OK,,,,,
2026-04-26 13:57:42,22.5,37,1.1,392,86531,OK,,,,,
2026-04-26 13:57:58,22.1,37,2,392,91486.8,OK,,,,,
2026-04-26 13:58:14,-40,0,0,0,0,OK,,,,,
2026-04-26 13:58:30,21.9,37,35.7,392,86377.3,OK,,,,,
2026-04-26 13:58:46,21.9,37,0.1,392,86606.4,OK,,,,,
2026-04-26 13:59:02,21.9,38,1.8,392,86432.4,OK,,,,,
2026-04-26 13:59:18,21.7,38,0.6,392,86649.9,OK,,,,,
2026-04-26 13:59:34,21.7,38,0,392,86725.3,OK,,,,,
2026-04-26 13:59:50,-40,0,0,0,0,OK,,,,,
2026-04-26 14:00:06,-40,0,0,0,0,OK,,,,,
2026-04-26 14:00:22,-40,0,0,0,0,OK,,,,,
2026-04-26 14:00:38,21.9,39,0.7,392,86377.3,OK,,,,,
2026-04-26 14:01:10,22.2,38,0.1,392,86502,OK,,,,,
2026-04-26 14:02:14,21.8,39,4.3,392,86835.5,OK,,,,,
2026-04-26 14:02:30,21.7,39,0.3,392,86336.7,OK,,,,,
2026-04-26 14:02:46,21.8,38,0,392,86641.2,OK,,,,,
2026-04-26 14:03:02,21.9,38,0,392,86478.8,OK,,,,,
2026-04-26 14:03:18,22,37,0.3,392,86600.6,OK,,,,,
2026-04-26 14:03:34,22,37,0.7,392,86673.1,OK,,,,,
2026-04-26 14:03:50,-40,0,0,0,0,OK,,,,,
2026-04-26 14:04:06,21.8,37,0,392,86754.3,OK,,,,,
2026-04-26 14:04:22,21.9,36,0,392,86826.8,OK,,,,,
2026-04-26 14:04:38,22,36,0,392,86806.5,OK,,,,,
2026-04-26 14:04:54,-40,0,0,0,0,OK,,,,,
2026-04-26 14:05:10,22,36,1.3,392,86792,OK,,,,,
2026-04-26 14:05:26,21.9,36,0,392,86664.4,OK,,,,,
2026-04-26 14:05:42,-40,0,0,0,0,OK,,,,,
2026-04-26 14:05:58,22.3,36,0,392,86873.2,OK,,,,,
2026-04-26 14:06:14,22.5,36,0.1,392,86870.3,OK,,,,,
2026-04-26 14:06:30,22.5,35,0,392,1418553.3,OK,,,,,
2026-04-26 14:06:46,22.4,35,0,392,86673.1,OK,,,,,
2026-04-26 14:07:02,22.4,35,0.3,392,86780.4,OK,,,,,
2026-04-26 14:07:18,-40,0,0,0,0,OK,,,,,
2026-04-26 14:07:34,22.4,35,0,392,87012.4,OK,,,,,
2026-04-26 14:07:50,-40,0,0,0,0,OK,,,,,
2026-04-26 14:08:06,22.6,34,0.1,392,86989.2,OK,,,,,
2026-04-26 14:08:22,22.4,34,1.5,392,87134.2,OK,,,,,
2026-04-26 14:08:38,22.3,34,0.1,392,86951.5,OK,,,,,
2026-04-26 14:08:54,22.4,34,0,392,87160.3,OK,,,,,
2026-04-26 14:09:10,22.5,34,0.1,392,87084.9,OK,,,,,
2026-04-26 14:09:26,22.7,35,0,392,87006.6,OK,,,,,
2026-04-26 14:09:42,22.8,34,0,392,90191.4,OK,,,,,
2026-04-26 14:09:58,-40,0,0,0,0,OK,,,,,
2026-04-26 14:10:14,22.9,34,0.1,392,86818.1,OK,,,,,
2026-04-26 14:10:30,23.1,33,0.4,392,87142.3,OK,,,,,
2026-04-26 14:10:46,-40,0,0,0,0,OK,,,,,
2026-04-26 14:11:02,23,32,0.8,392,87328.5,OK,,,,,
2026-04-26 14:11:18,22.9,33,0.4,392,87108.1,OK,,,,,
2026-04-26 14:11:34,22.8,33,0,392,86937,OK,,,,,
2026-04-26 14:11:50,22.8,33,0,392,87053,OK,,,,,
2026-04-26 14:12:06,22.8,33,0.1,392,87015.3,OK,,,,,
2026-04-26 14:12:22,-40,0,0,0,0,OK,,,,,
2026-04-26 14:12:38,22.7,32,0.3,392,86957.3,OK,,,,,
2026-04-26 14:12:54,22.7,32,0,392,86887.7,OK,,,,,
2026-04-26 14:13:10,22.8,31,0,392,87142.9,OK,,,,,
2026-04-26 14:13:26,22.9,32,0,392,86995,OK,,,,,
2026-04-26 14:13:42,23,32,0.3,392,86644.1,OK,,,,,
2026-04-26 14:13:58,22.9,33,0.3,392,86829.7,OK,,,,,
2026-04-26 14:14:14,-40,0,0,0,0,OK,,,,,
2026-04-26 14:14:30,-40,0,0,0,0,OK,,,,,
2026-04-26 14:14:46,22.6,34,1.7,392,86937,OK,,,,,
2026-04-26 14:15:02,22.1,34,2,392,86864.7,OK,,,,,
2026-04-26 14:15:18,-40,0,0,0,0,OK,,,,,
2026-04-26 14:15:34,22.3,34,0.4,392,86705,OK,,,,,
2026-04-26 14:15:50,-40,0,0,0,0,OK,,,,,
2026-04-26 14:16:06,21.7,35,0.1,392,86513.6,OK,,,,,
2026-04-26 14:16:22,-40,0,0,0,0,OK,,,,,
2026-04-26 14:16:38,-40,0,0,0,0,OK,,,,,
2026-04-26 14:16:54,-40,0,0,0,0,OK,,,,,
2026-04-26 14:17:10,22,35,0.8,392,86107.6,OK,,,,,
2026-04-26 14:17:26,-40,0,0,0,0,OK,,,,,
2026-04-26 14:17:42,21.7,35,1.5,392,85895.9,OK,,,,,
2026-04-26 14:17:58,21.5,36,1.3,392,85724.8,OK,,,,,
2026-04-26 14:18:14,21.5,36,0,392,85759.6,OK,,,,,
2026-04-26 14:18:30,21.6,36,0,392,85698.7,OK,,,,,
2026-04-26 14:18:46,-40,0,0,0,0,OK,,,,,
2026-04-26 14:19:02,21.7,36,0.7,392,85405.8,OK,,,,,
2026-04-26 14:19:18,21.9,36,1.1,392,85399,OK,,,,,
2026-04-26 14:19:34,22.1,36,0.4,392,85185.4,OK,,,,,
2026-04-26 14:19:50,-40,0,0,0,0,OK,,,,,
2026-04-26 14:20:06,22.1,36,1.1,392,85327.5,OK,,,,,
2026-04-26 14:20:22,22,36,0.4,392,84965,OK,,,,,
2026-04-26 14:20:38,-40,0,0,0,0,OK,,,,,
2026-04-26 14:20:54,22.1,36,0.3,392,85608.8,OK,,,,,
2026-04-26 14:21:10,22.4,36,0.1,392,85748,OK,,,,,
2026-04-26 14:21:26,22.5,34,0.1,392,85742.2,OK,,,,,
2026-04-26 14:21:42,22.3,34,2.4,392,85739.3,OK,,,,,
2026-04-26 14:21:58,-40,0,0,0,0,OK,,,,,
2026-04-26 14:22:14,22.1,35,0.7,392,203170.5,OK,,,,,
2026-04-26 14:22:30,22.2,34,0.3,392,85411.6,OK,,,,,
2026-04-26 14:22:46,22.3,34,0.4,392,85429,OK,,,,,
2026-04-26 14:23:02,22.1,34,0,392,85510.2,OK,,,,,
2026-04-26 14:23:18,22.2,34,0.8,392,85310.1,OK,,,,,
2026-04-26 14:23:34,22.2,34,1.1,392,85440.6,OK,,,,,
2026-04-26 14:23:50,-40,0,0,0,0,OK,,,,,
2026-04-26 14:24:06,22.2,34,0.3,392,85348.4,OK,,,,,
2026-04-26 14:24:22,-40,0,0,0,0,OK,,,,,
2026-04-26 14:24:38,22.4,33,0.1,392,85568.2,OK,,,,,
2026-04-26 14:24:54,22.6,33,0,392,85571.1,OK,,,,,
2026-04-26 14:25:10,22.6,33,0,392,85626.2,OK,,,,,
2026-04-26 14:26:14,22.6,34,0.6,392,85759.6,OK,,,,,
2026-04-26 14:26:30,22.6,33,0.7,392,85765.4,OK,,,,,
2026-04-26 14:26:46,22.5,33,0.4,392,85736.4,OK,,,,,
2026-04-26 14:27:02,22.5,33,0,392,85623.3,OK,,,,,
2026-04-26 14:27:18,22.5,33,0,392,85553.7,OK,,,,,
2026-04-26 14:27:34,-40,0,0,0,0,OK,,,,,
2026-04-26 14:27:50,22.7,32,0.4,392,85753.8,OK,,,,,
2026-04-26 14:28:06,22.8,33,0.3,392,85637.8,OK,,,,,
2026-04-26 14:28:22,125.1,32,71.8,392,85611.7,OK,,,,,
2026-04-26 14:28:38,22.6,33,0.4,392,85588.5,OK,,,,,
2026-04-26 14:28:54,-40,0,0,0,0,OK,,,,,
2026-04-26 14:29:10,22.5,32,0,392,85379.7,OK,,,,,
2026-04-26 14:29:26,22.5,32,0,392,85536.3,OK,,,,,
2026-04-26 14:29:42,22.5,33,0,392,85449.3,OK,,,,,
2026-04-26 14:29:58,-40,0,0,0,0,OK,,,,,
2026-04-26 14:30:14,22.1,34,0.4,392,85324.6,OK,,,,,
2026-04-26 14:30:30,-40,0,0,0,0,OK,,,,,
2026-04-26 14:30:46,22.3,34,0.8,392,85429,OK,,,,,
2026-04-26 14:31:02,22.3,33,1.4,392,91697,OK,,,,,
2026-04-26 14:31:18,22,33,1,392,88527,OK,,,,,
2026-04-26 14:31:34,-40,0,0,0,0,OK,,,,,
2026-04-26 14:31:50,22.1,33,0,392,85104.2,OK,,,,,
2026-04-26 14:32:06,22,33,1.1,392,85023,OK,,,,,
2026-04-26 14:32:22,-40,0,0,0,0,OK,,,,,
2026-04-26 14:32:38,21.9,33,0.3,392,84930.2,OK,,,,,
2026-04-26 14:32:54,22.1,33,0,444,160539,OK,,,,,
2026-04-26 14:33:10,-40,0,0,0,0,OK,,,,,
2026-04-26 14:33:26,22.1,34,0.1,392,84869.3,OK,,,,,
2026-04-26 14:33:42,22.2,34,0,392,84878,OK,,,,,
2026-04-26 14:33:58,22.2,34,0,392,84767.8,OK,,,,,
2026-04-26 14:34:14,22.1,34,0,392,84733,OK,,,,,
2026-04-26 14:34:30,22.2,34,0,392,84889.6,OK,,,,,
2026-04-26 14:34:46,22.4,34,0,392,84982.4,OK,,,,,
2026-04-26 14:35:02,22.6,34,0,392,84930.2,OK,,,,,
2026-04-26 14:35:18,22.8,33,0,392,84967.9,OK,,,,,
2026-04-26 14:35:34,-40,0,0,0,0,OK,,,,,
2026-04-26 14:35:50,-40,0,0,0,0,OK,,,,,
2026-04-26 14:36:06,23,32,0.3,392,85037.5,OK,,,,,
2026-04-26 14:36:22,22.9,32,0.6,392,85121.6,OK,,,,,
2026-04-26 14:36:38,-40,0,0,0,0,OK,,,,,
2026-04-26 14:36:54,22.9,33,0.3,440,85046.2,OK,,,,,
2026-04-26 14:37:10,-40,0,0,0,0,OK,,,,,
2026-04-26 14:37:26,22.6,33,0.1,392,85324.6,OK,,,,,
2026-04-26 14:37:42,22.6,33,0.3,392,85249.2,OK,,,,,
2026-04-26 14:37:58,22.5,33,0.4,392,85139,OK,,,,,
2026-04-26 14:38:14,22.4,33,0,392,85118.7,OK,,,,,
2026-04-26 14:38:30,22.6,33,0.6,392,84965,OK,,,,,
2026-04-26 14:38:46,22.5,33,0.7,392,85292.7,OK,,,,,
2026-04-26 14:39:02,-40,0,0,0,0,OK,,,,,
2026-04-26 14:39:18,-40,0,0,0,0,OK,,,,,
2026-04-26 14:39:34,-40,0,0,0,0,OK,,,,,
2026-04-26 14:39:50,-40,0,0,0,0,OK,,,,,
2026-04-26 14:40:06,22.3,32,0.8,392,85005.6,OK,,,,,
2026-04-26 14:40:22,22.1,32,1.4,392,84704,OK,,,,,
2026-04-26 14:40:38,23.3,32,2.1,392,84666.3,OK,,,,,
2026-04-26 14:40:54,21.6,47,1.5,392,84611.2,OK,,,,,
2026-04-26 14:41:10,21.6,34,0.7,392,84474.9,OK,,,,,
2026-04-26 14:41:26,21.7,33,0.7,392,84344.4,OK,,,,,
2026-04-26 14:41:58,-40,0,0,0,0,OK,,,,,
2026-04-26 14:42:14,21.5,33,0.8,452,83735.4,OK,,,,,
2026-04-26 14:42:30,21.5,34,1.3,392,83607.8,OK,,,,,
2026-04-26 14:42:46,21.5,34,1.3,392,83848.5,OK,,,,,
2026-04-26 14:43:02,21.4,34,2.1,392,83723.8,OK,,,,,
2026-04-26 14:43:18,21.4,34,1.5,24764,577106.3,OK,,,,,
2026-04-26 14:43:34,21.2,34,0.6,392,83341,OK,,,,,
2026-04-26 14:43:50,-40,0,0,0,0,OK,,,,,
2026-04-26 14:44:06,21.6,33,0.3,392,83314.9,OK,,,,,
2026-04-26 14:44:22,21.7,33,2.1,392,83213.4,OK,,,,,
2026-04-26 14:44:38,21.5,34,1.8,392,83152.5,OK,,,,,
2026-04-26 14:44:54,21.4,35,0.3,392,83082.9,OK,,,,,
2026-04-26 14:45:10,21.5,35,0.7,392,83138,OK,,,,,
2026-04-26 14:45:26,-40,0,0,0,0,OK,,,,,
2026-04-26 14:45:42,21.5,34,2,392,83219.2,OK,,,,,
2026-04-26 14:45:58,21.4,35,1.3,392,83045.2,OK,,,,,
2026-04-26 14:46:14,21.3,35,1,392,81778.1,OK,,,,,
2026-04-26 14:46:30,-40,0,0,0,0,OK,,,,,
2026-04-26 14:46:46,21.1,34,2,392,82937.9,OK,,,,,
2026-04-26 14:47:02,-40,0,0,0,0,OK,,,,,
2026-04-26 14:47:18,20.8,34,2.2,392,82607.3,OK,,,,,
2026-04-26 14:47:34,20.6,35,2,392,1654625.3,OK,,,,,
2026-04-26 14:47:50,20.5,34,1.7,392,82398.5,OK,,,,,
2026-04-26 14:48:06,20.6,34,1.5,392,82282.5,OK,,,,,
2026-04-26 14:48:22,-40,0,0,0,0,OK,,,,,
2026-04-26 14:48:38,20.6,34,0.8,392,82070.8,OK,,,,,
2026-04-26 14:48:54,20.6,33,1.3,392,82123,OK,,,,,
2026-04-26 14:49:10,20.5,33,2.2,392,82091.1,OK,,,,,
2026-04-26 14:49:42,20.4,33,1.4,392,81940.3,OK,,,,,
2026-04-26 14:49:58,20.3,32,2.5,392,81833,OK,,,,,
2026-04-26 14:50:14,20.3,32,0.6,392,81650.3,OK,,,,,
2026-04-26 14:50:30,20.5,33,1.3,392,81815.6,OK,,,,,
2026-04-26 14:50:46,20.4,33,2.7,392,81540.1,OK,,,,,
2026-04-26 14:51:02,20.2,34,2,392,81464.7,OK,,,,,
2026-04-26 14:51:18,20.1,34,0.6,392,81395.1,OK,,,,,
2026-04-26 14:51:34,20.4,34,0.3,392,81151.5,OK,,,,,
2026-04-26 14:52:38,-40,0,0,0,0,OK,,,,,
2026-04-26 14:52:54,21.1,34,1,392,81203.7,OK,,,,,
2026-04-26 14:53:10,21.2,34,0,392,81247.2,OK,,,,,
2026-04-26 14:53:26,-40,0,0,0,0,OK,,,,,
2026-04-26 14:53:42,21.6,34,0.4,392,81328.4,OK,,,,,
2026-04-26 14:53:58,21.6,34,0,392,81311,OK,,,,,
2026-04-26 14:54:14,21.8,34,0.6,392,81293.6,OK,,,,,
2026-04-26 14:54:30,-40,0,0,0,0,OK,,,,,
2026-04-26 14:54:46,21.8,33,1.1,392,396060.7,OK,,,,,
2026-04-26 14:55:02,21.6,32,1.5,392,81606.8,OK,,,,,
2026-04-26 14:55:18,21.6,33,0.1,392,81696.7,OK,,,,,
2026-04-26 14:55:34,21.6,225,18.2,392,81664.8,OK,,,,,
2026-04-26 14:55:50,21.7,33,0.4,392,81598.1,OK,,,,,
2026-04-26 14:56:06,23.7,200,1,392,81659,OK,,,,,
2026-04-26 14:56:22,21.8,33,0.4,392,81685.1,OK,,,,,
2026-04-26 14:56:38,-40,0,0,0,0,OK,,,,,
2026-04-26 14:57:10,21.8,33,0.7,392,81467.6,OK,,,,,
2026-04-26 14:57:26,21.8,33,0.7,392,81893.9,OK,,,,,
2026-04-26 14:57:42,-40,0,0,0,0,OK,,,,,
2026-04-26 14:57:58,21.6,32,1,392,81734.4,OK,,,,,
2026-04-26 14:58:14,21.5,32,0.8,392,81772.1,OK,,,,,
2026-04-26 14:58:30,-40,0,0,0,0,OK,,,,,
2026-04-26 14:58:46,21.6,32,0,392,82047.6,OK,,,,,
2026-04-26 14:59:02,21.7,32,1.3,482,81748.9,OK,,,,,
2026-04-26 14:59:18,21.5,33,0.6,392,81746,OK,,,,,
2026-04-26 14:59:34,-40,0,0,0,0,OK,,,,,
2026-04-26 14:59:50,21.8,33,0.4,392,81598.1,OK,,,,,
2026-04-26 15:00:06,21.9,33,0.3,392,81615.5,OK,,,,,
2026-04-26 15:00:22,-40,0,0,0,0,OK,,,,,
2026-04-26 15:00:38,22.1,31,1,392,81534.6,OK,,,,,
2026-04-26 15:00:54,22,31,0.8,392,84177.6,OK,,,,,
2026-04-26 15:01:26,21.9,31,1.1,392,81821,OK,,,,,
2026-04-26 15:01:42,21.7,31,0.1,392,81540.1,OK,,,,,
2026-04-26 15:01:58,-40,0,0,0,0,OK,,,,,
2026-04-26 15:02:14,21.8,31,0.4,392,496205.4,OK,,,,,
2026-04-26 15:02:30,21.8,31,0.1,392,81224,OK,,,,,
2026-04-26 15:02:46,21.9,31,0.8,392,81458.9,OK,,,,,
2026-04-26 15:03:02,21.7,31,1,392,81371.9,OK,,,,,
2026-04-26 15:03:18,21.6,31,0.8,392,81519.8,OK,,,,,
2026-04-26 15:03:34,-40,0,0,0,0,OK,,,,,
2026-04-26 15:03:50,21.7,30,0,392,81326.3,OK,,,,,
2026-04-26 15:04:06,21.6,31,2,392,81351.6,OK,,,,,
2026-04-26 15:04:22,21.4,31,1.3,1928,81226.9,OK,,,,,
2026-04-26 15:04:38,21.2,32,1.5,392,81157.3,OK,,,,,
2026-04-26 15:04:54,21.1,32,0.4,392,81363.2,OK,,,,,
2026-04-26 15:05:10,21.3,32,0.1,392,81395.1,OK,,,,,
2026-04-26 15:05:26,21.3,31,0.7,392,81458.9,OK,,,,,
2026-04-26 15:05:42,21.4,31,1,392,81273.3,OK,,,,,
2026-04-26 15:06:46,-40,0,0,0,0,OK,,,,,
2026-04-26 15:07:02,36.6,199,2.8,392,80786.1,OK,,,,,
2026-04-26 15:07:18,21.2,30,1.5,392,80977.5,OK,,,,,
2026-04-26 15:07:34,21.2,30,1.3,392,80696.2,OK,,,,,
2026-04-26 15:07:50,21.1,30,0.1,392,80545.4,OK,,,,,
2026-04-26 15:08:06,-40,0,0,0,0,OK,,,,,
2026-04-26 15:08:22,21.2,30,18.6,392,80171.3,OK,,,,,
2026-04-26 15:08:38,21.2,30,1.7,392,80127.8,OK,,,,,
2026-04-26 15:08:54,-40,0,0,0,0,OK,,,,,
2026-04-26 15:09:10,21,31,1.4,392,80116.2,OK,,,,,
2026-04-26 15:09:26,-40,0,0,0,0,OK,,,,,
2026-04-26 15:09:42,20.7,31,2.2,392,80024,OK,,,,,
2026-04-26 15:09:58,-40,0,0,0,0,OK,,,,,
2026-04-26 15:10:14,20.5,30,1.7,392,79710.2,OK,,,,,
2026-04-26 15:10:30,20.5,31,1.1,392,79568.1,OK,,,,,
2026-04-26 15:10:46,20.4,31,1.3,392,79362.2,OK,,,,,
2026-04-26 15:11:02,20.4,31,1,392,84582.3,OK,,,,,
2026-04-26 15:11:18,-40,0,0,0,0,OK,,,,,
2026-04-26 15:11:34,20.2,31,2.4,392,79281,OK,,,,,
2026-04-26 15:11:50,20.2,32,0.7,392,79104.1,OK,,,,,
2026-04-26 15:12:06,20.2,32,0.3,392,79237.5,OK,,,,,
2026-04-26 15:12:22,20,32,0.6,392,79017.1,OK,,,,,
2026-04-26 15:12:38,20.1,32,0.1,392,79205.9,OK,,,,,
2026-04-26 15:12:54,20.3,33,1.3,392,79266.5,OK,,,,,
2026-04-26 15:13:10,20.2,32,1.8,392,79307.1,OK,,,,,
2026-04-26 15:13:26,20.3,31,1.5,392,79101.2,OK,,,,,
2026-04-26 15:13:42,-40,0,0,0,0,OK,,,,,
2026-04-26 15:13:58,20.3,31,0.3,392,78988.1,OK,,,,,
2026-04-26 15:14:14,20.3,31,1.3,392,78979.4,OK,,,,,
2026-04-26 15:14:30,20.2,31,1.1,392,78883.7,OK,,,,,
2026-04-26 15:14:46,122.7,31,0.4,392,78622.7,OK,,,,,
2026-04-26 15:15:02,20.3,31,0.8,392,78814.1,OK,,,,,
2026-04-26 15:15:18,20.5,32,0.8,904,78706.8,OK,,,,,
2026-04-26 15:15:34,20.6,32,0.8,392,79199.8,OK,,,,,
2026-04-26 15:15:50,20.4,32,0.6,392,78793.8,OK,,,,,
2026-04-26 15:16:06,20.5,32,2.9,392,78643,OK,,,,,
2026-04-26 15:16:22,20.2,31,1.3,392,78596.6,OK,,,,,
2026-04-26 15:16:38,20.1,32,0.3,392,78428.4,OK,,,,,
2026-04-26 15:16:54,20.2,32,0.7,392,78370.4,OK,,,,,
2026-04-26 15:17:58,20.2,32,1.4,392,78445.8,OK,,,,,
2026-04-26 15:18:14,20.3,32,0.3,392,78367.5,OK,,,,,
2026-04-26 15:18:30,20.3,32,1,504,78292.1,OK,,,,,
2026-04-26 15:18:46,20.4,32,0.7,392,77949.9,OK,,,,,
2026-04-26 15:19:02,20.5,32,1.4,392,78071.7,OK,,,,,
2026-04-26 15:19:18,-40,0,0,0,0,OK,,,,,
2026-04-26 15:19:34,20.5,32,1.1,392,78115.2,OK,,,,,
2026-04-26 15:19:50,20.5,32,0.7,392,78152.9,OK,,,,,
2026-04-26 15:20:06,20.5,32,0.3,392,78152.9,OK,,,,,
2026-04-26 15:20:22,-40,0,0,0,0,OK,,,,,
2026-04-26 15:20:38,-40,0,0,0,0,OK,,,,,
2026-04-26 15:20:54,20.5,32,2,392,78135.5,OK,,,,,
2026-04-26 15:21:10,20.3,33,0.3,8072,77932.5,OK,,,,,
2026-04-26 15:21:26,20.5,33,0.7,392,77816.5,OK,,,,,
2026-04-26 15:21:42,20.6,33,0.4,504,77843.8,OK,,,,,
2026-04-26 15:21:58,20.5,32,1.4,392,78245.7,OK,,,,,
2026-04-26 15:22:14,20.5,32,1,392,78147.1,OK,,,,,
2026-04-26 15:22:30,-40,0,0,0,0,OK,,,,,
2026-04-26 15:22:46,20.5,32,0.6,392,78042.7,OK,,,,,
2026-04-26 15:23:02,-40,0,0,0,0,OK,,,,,
2026-04-26 15:23:18,20.6,32,0.7,392,77836.8,OK,,,,,
2026-04-26 15:23:34,20.7,32,0.3,392,78031.1,OK,,,,,
2026-04-26 15:23:50,20.9,33,0,392,78179,OK,,,,,
2026-04-26 15:24:06,21.1,32,0.8,392,77886.1,OK,,,,,
2026-04-26 15:24:22,21.1,31,0.4,392,77949.9,OK,,,,,
2026-04-26 15:24:38,21.2,31,0.7,392,77825.2,OK,,,,,
2026-04-26 15:24:54,21.3,31,1.1,392,78036.9,OK,,,,,
2026-04-26 15:25:10,21.4,31,1.3,392,78071.7,OK,,,,,
2026-04-26 15:25:26,21.3,29,2.9,392,77877.4,OK,,,,,
2026-04-26 15:25:42,-40,0,0,0,0,OK,,,,,
2026-04-26 15:25:58,20.3,30,1.5,392,77932.5,OK,,,,,
2026-04-26 15:26:14,20.2,31,1,392,77793.3,OK,,,,,
2026-04-26 15:26:30,20.1,32,2.4,392,77401.8,OK,,,,,
2026-04-26 15:27:34,20.1,33,0.1,392,77355.4,OK,,,,,
2026-04-26 15:27:50,20.2,98,1,392,77300.3,OK,,,,,
2026-04-26 15:28:06,-40,0,0,0,0,OK,,,,,
2026-04-26 15:28:22,20.1,33,3.1,392,77088.6,OK,,,,,
2026-04-26 15:28:38,19.8,32,2.5,392,76897.2,OK,,,,,
2026-04-26 15:28:54,19.8,32,1.1,392,76894.3,OK,,,,,
2026-04-26 15:29:10,19.8,32,0.7,392,76937.8,OK,,,,,
2026-04-26 15:29:26,19.9,32,1,392,77091.5,OK,,,,,
2026-04-26 15:29:42,-40,0,0,0,0,OK,,,,,
2026-04-26 15:29:58,-40,0,0,0,0,OK,,,,,
2026-04-26 15:30:14,19.9,33,1.7,392,76323,OK,,,,,
2026-04-26 15:30:30,-40,0,0,0,0,OK,,,,,
2026-04-26 15:30:46,19.7,34,1.5,392,76302.7,OK,,,,,
2026-04-26 15:31:02,19.6,126,2.1,3976,76383.9,OK,,,,,
2026-04-26 15:31:18,19.4,34,1.3,392,76137.4,OK,,,,,
2026-04-26 15:31:34,19.4,34,1.1,392,76178,OK,,,,,
2026-04-26 15:31:50,19.5,35,2.8,392,75931.5,OK,,,,,
2026-04-26 15:32:06,19.4,35,2.5,392,75925.7,OK,,,,,
2026-04-26 15:32:22,19.3,35,2.4,392,75847.4,OK,,,,,
2026-04-26 15:32:38,19.3,34,2.4,392,75676.3,OK,,,,,
2026-04-26 15:32:55,19.2,33,3.1,392,75708.2,OK,,,,,
2026-04-26 15:33:10,19.1,33,1.7,392,75571.9,OK,,,,,
2026-04-26 15:33:26,-40,0,0,0,0,OK,,,,,
2026-04-26 15:33:42,19.1,35,1.4,392,75113.7,OK,,,,,
2026-04-26 15:33:58,19.2,35,3.1,392,75293.5,OK,,,,,
2026-04-26 15:34:14,19.1,35,1.5,392,75209.4,OK,,,,,
2026-04-26 15:34:30,19.1,35,1.3,392,75000.6,OK,,,,,
2026-04-26 15:34:46,19.1,34,2.8,392,75032.5,OK,,,,,
2026-04-26 15:35:02,-40,0,0,0,0,OK,,,,,
2026-04-26 15:35:18,19,35,2.2,392,74800.5,OK,,,,,
2026-04-26 15:35:34,18.9,35,2.9,392,74913.6,OK,,,,,
2026-04-26 15:35:50,18.8,36,1.7,392,74849.8,OK,,,,,
2026-04-26 15:36:06,-40,0,0,0,0,OK,,,,,
2026-04-26 15:36:22,18.9,35,1.5,392,74701.9,OK,,,,,
2026-04-26 15:36:38,18.9,35,1.4,392,74574.3,OK,,,,,
2026-04-26 15:36:54,18.8,36,2,392,74562.7,OK,,,,,
2026-04-26 15:37:10,18.8,36,1.7,392,74293,OK,,,,,
2026-04-26 15:37:26,18.8,36,2.7,392,74220.5,OK,,,,,
2026-04-26 15:37:42,-40,0,0,0,0,OK,,,,,
2026-04-26 15:37:58,-40,0,0,0,0,OK,,,,,
2026-04-26 15:38:14,-40,0,0,0,0,OK,,,,,
2026-04-26 15:38:30,-32.3,37,1.5,392,74188.6,OK,,,,,
2026-04-26 15:38:46,-40,0,0,0,0,OK,,,,,
2026-04-26 15:39:02,19.1,37,1.8,392,74232.1,OK,,,,,
2026-04-26 15:39:34,19.3,37,2.1,392,74023.3,OK,,,,,
2026-04-26 15:39:50,19.2,37,1.8,392,74063.9,OK,,,,,
2026-04-26 15:40:54,19.3,37,1.4,392,74249.5,OK,,,,,
2026-04-26 15:41:10,19.2,37,2.2,392,73991.4,OK,,,,,
2026-04-26 15:41:26,19.1,37,1.8,392,74032,OK,,,,,
2026-04-26 15:41:42,19.1,37,1.4,392,74249.5,OK,,,,,
2026-04-26 15:41:58,19.1,37,1.7,392,73921.8,OK,,,,,
2026-04-26 15:42:14,19,37,1.4,440,73800,OK,,,,,
2026-04-26 15:42:30,19,146,1.5,392,73884.1,OK,,,,,
2026-04-26 15:42:46,-40,0,0,0,0,OK,,,,,
2026-04-26 15:43:02,19.1,37,0.6,392,73771,OK,,,,,
2026-04-26 15:43:18,19.2,37,1.1,392,73872.5,OK,,,,,
2026-04-26 15:43:34,19.3,37,1.8,392,73901.5,OK,,,,,
2026-04-26 15:43:50,-40,0,0,0,0,OK,,,,,
2026-04-26 15:44:06,-40,0,0,0,0,OK,,,,,
2026-04-26 15:44:22,19,36,1.8,392,73773.9,OK,,,,,
2026-04-26 15:44:38,18.9,101,1.5,392,73881.2,OK,,,,,
2026-04-26 15:44:54,18.9,37,1,392,1646469.7,OK,,,,,
2026-04-26 15:45:10,-40,0,0,0,0,OK,,,,,
2026-04-26 15:45:26,19,36,1,392,73486.8,OK,,,,,
2026-04-26 15:45:42,19.1,35,1.8,392,73373.7,OK,,,,,
2026-04-26 15:45:58,19.1,35,1.1,392,73620.2,OK,,,,,
2026-04-26 15:46:14,19.1,35,0.3,392,73338.9,OK,,,,,
2026-04-26 15:46:30,19.1,35,0.4,392,73391.1,OK,,,,,
2026-04-26 15:46:46,36.7,114,13.4,392,73420.1,OK,,,,,
2026-04-26 15:47:02,19.3,35,0.6,392,73138.8,OK,,,,,
2026-04-26 15:47:18,19.2,34,2.7,392,73254.8,OK,,,,,
2026-04-26 15:47:35,-40,0,0,0,0,OK,,,,,
2026-04-26 15:47:50,19.1,35,0.7,392,72889.4,OK,,,,,
2026-04-26 15:48:06,19.1,35,1.3,392,72901,OK,,,,,
2026-04-26 15:48:22,19.2,35,0.8,392,72831.4,OK,,,,,
2026-04-26 15:48:38,-40,0,0,0,0,OK,,,,,
2026-04-26 15:48:54,-40,0,0,0,0,OK,,,,,
2026-04-26 15:49:10,19.4,35,0.8,392,73678.7,OK,,,,,
2026-04-26 15:49:26,19.4,35,2,392,73141.7,OK,,,,,
2026-04-26 15:49:58,19.2,33,16.9,392,72790.8,OK,,,,,
2026-04-26 15:50:14,19.2,33,1.3,392,72898.1,OK,,,,,
2026-04-26 15:50:30,-40,0,0,0,0,OK,,,,,
2026-04-26 15:50:46,19.2,34,0.7,392,72991.7,OK,,,,,
2026-04-26 15:51:02,19.3,35,1.4,392,72915.5,OK,,,,,
2026-04-26 15:51:18,19.2,35,1.3,392,72738.6,OK,,,,,
2026-04-26 15:51:50,-40,0,0,0,0,OK,,,,,
2026-04-26 15:52:06,-40,0,0,0,0,OK,,,,,
2026-04-26 15:52:22,-40,0,0,0,0,OK,,,,,
2026-04-26 15:52:38,-40,0,0,0,0,OK,,,,,
2026-04-26 15:52:54,19,33,3.6,392,72329.7,OK,,,,,
2026-04-26 15:53:10,-40,0,0,0,0,OK,,,,,
2026-04-26 15:53:26,-40,0,0,0,0,OK,,,,,
2026-04-26 15:53:42,18.8,34,2.2,392,72028.1,OK,,,,,
2026-04-26 15:53:58,18.8,35,1.7,392,72089,OK,,,,,
2026-04-26 15:54:14,-40,0,0,0,0,OK,,,,,
2026-04-26 15:54:30,19.1,35,2.1,392,72062.9,OK,,,,,
2026-04-26 15:54:46,-40,0,0,0,0,OK,,,,,
2026-04-26 15:55:02,19.2,34,0.7,392,70189.5,OK,,,,,
2026-04-26 15:55:18,19.2,34,2.1,392,69558.1,OK,,,,,
2026-04-26 15:55:34,19.3,33,2,392,69534.1,OK,,,,,
2026-04-26 15:55:50,35.2,33,1.3,392,69264.4,OK,,,,,
2026-04-26 15:56:06,19.3,33,0.4,392,69447.1,OK,,,,,
2026-04-26 15:56:22,-40,0,0,0,0,OK,,,,,
2026-04-26 15:56:38,19.3,33,0.7,392,70102.5,OK,,,,,
2026-04-26 15:56:54,121.8,33,0.1,392,71317.6,OK,,,,,
2026-04-26 15:57:26,-6.1,33,35.8,392,71917.9,OK,,,,,
2026-04-26 15:57:42,-40,0,0,0,0,OK,,,,,
2026-04-26 15:57:58,19.8,33,0.4,392,71778.7,OK,,,,,
2026-04-26 15:58:14,-40,0,0,0,0,OK,,,,,
2026-04-26 15:58:30,19.9,33,1.5,392,71854.1,OK,,,,,
2026-04-26 15:58:46,19.8,33,0.3,392,71906.3,OK,,,,,
2026-04-26 15:59:02,19.8,33,0,392,71917.9,OK,,,,,
2026-04-26 15:59:18,-40,0,0,0,0,OK,,,,,
2026-04-26 15:59:34,20,33,2.1,392,71803.5,OK,,,,,
2026-04-26 15:59:50,19.7,33,2.4,392,71723.6,OK,,,,,
2026-04-26 16:00:06,19.6,33,0.8,392,71807.7,OK,,,,,
2026-04-26 16:00:22,-40,0,0,0,0,OK,,,,,
2026-04-26 16:00:38,19.6,32,1.7,392,71626.9,OK,,,,,
2026-04-26 16:00:54,19.4,33,2.1,8072,71465.5,OK,,,,,
2026-04-26 16:01:10,19.4,33,1.1,392,71430.7,OK,,,,,
2026-04-26 16:01:26,19.4,33,1.4,408,71346.6,OK,,,,,
2026-04-26 16:01:42,-40,0,0,0,0,OK,,,,,
2026-04-26 16:01:58,19.4,34,1.1,392,71404.6,OK,,,,,
2026-04-26 16:02:14,19.3,34,1.8,392,71355.3,OK,,,,,
2026-04-26 16:02:30,19.2,35,0.8,392,71279.9,OK,,,,,
2026-04-26 16:02:46,19.2,35,1,392,1670969.8,OK,,,,,
2026-04-26 16:03:02,19.1,35,35.1,392,70981.2,OK,,,,,
2026-04-26 16:03:18,-40,0,0,0,0,OK,,,,,
2026-04-26 16:03:34,19.2,35,0.8,392,71076.9,OK,,,,,
2026-04-26 16:03:50,19.3,35,1,392,70998.6,OK,,,,,
2026-04-26 16:04:06,19.3,34,0.8,392,1643894.5,OK,,,,,
2026-04-26 16:04:22,19.4,34,0.8,392,71045,OK,,,,,
2026-04-26 16:04:38,-40,0,0,0,0,OK,,,,,
2026-04-26 16:04:54,70.6,34,1.5,392,71074,OK,,,,,
2026-04-26 16:05:10,19.4,34,1.1,392,70885.5,OK,,,,,
2026-04-26 16:05:26,19.3,34,1,392,70879.7,OK,,,,,
2026-04-26 16:05:42,-40,0,0,0,0,OK,,,,,
2026-04-26 16:05:58,-40,0,0,0,0,OK,,,,,
2026-04-26 16:06:14,-40,0,0,0,0,OK,,,,,
2026-04-26 16:06:30,-40,0,0,0,0,OK,,,,,
2026-04-26 16:06:46,19.5,34,2,392,70569.4,OK,,,,,
2026-04-26 16:07:02,-40,0,0,0,0,OK,,,,,
2026-04-26 16:07:34,19.3,35,1.1,392,63510.8,OK,,,,,
2026-04-26 16:07:50,-40,0,0,0,0,OK,,,,,
2026-04-26 16:08:06,19.4,35,0.6,392,61448.9,OK,,,,,
2026-04-26 16:08:22,19.5,35,1.3,392,61483.7,OK,,,,,
2026-04-26 16:08:38,-40,0,0,0,0,OK,,,,,
2026-04-26 16:09:10,-40,0,0,0,0,OK,,,,,
2026-04-26 16:09:26,-40,0,0,0,0,OK,,,,,
2026-04-26 16:09:42,19.4,34,1.3,392,69922.7,OK,,,,,
2026-04-26 16:09:58,19.3,34,1.4,392,69974.9,OK,,,,,
2026-04-26 16:11:02,19.6,34,1.3,392,876111.2,OK,,,,,
2026-04-26 16:11:18,19.5,34,1.7,392,69948.8,OK,,,,,
2026-04-26 16:11:50,19.3,35,1.7,392,69914.8,OK,,,,,
2026-04-26 16:12:06,-40,0,0,0,0,OK,,,,,
2026-04-26 16:12:22,19.2,35,1.1,392,69606.6,OK,,,,,
2026-04-26 16:12:38,19.2,35,8.8,392,69554.7,OK,,,,,
2026-04-26 16:12:54,19.1,35,0.8,392,69171.6,OK,,,,,
2026-04-26 16:13:10,-40,0,0,0,0,OK,,,,,
2026-04-26 16:13:26,19.2,35,0.1,392,69409.4,OK,,,,,
2026-04-26 16:13:42,19.3,35,1,392,69435.5,OK,,,,,
2026-04-26 16:14:14,19.2,35,1.1,392,69189,OK,,,,,
2026-04-26 16:14:30,19.3,35,0.3,392,69363,OK,,,,,
2026-04-26 16:14:46,19.5,35,0.7,392,69441.3,OK,,,,,
2026-04-26 16:15:02,-40,0,0,0,0,OK,,,,,
2026-04-26 16:15:18,19.4,35,1,392,69046.9,OK,,,,,
2026-04-26 16:15:34,-40,0,0,0,0,OK,,,,,
2026-04-26 16:15:50,19.3,35,0.6,392,875046.9,OK,,,,,
2026-04-26 16:16:06,19.5,35,0.1,392,68785.9,OK,,,,,
2026-04-26 16:17:10,19.3,33,17.5,392,68713.4,OK,,,,,
2026-04-26 16:17:26,19.4,33,0.6,392,68788.8,OK,,,,,
2026-04-26 16:17:42,19.5,33,1.4,392,68669.9,OK,,,,,
2026-04-26 16:17:58,19.3,31,3.5,392,68600.3,OK,,,,,
2026-04-26 16:18:14,23.8,32,2.7,392,68371.2,OK,,,,,
2026-04-26 16:18:30,18.8,32,1.3,392,71574.3,OK,,,,,
2026-04-26 16:18:46,18.8,32,1.1,392,68011.6,OK,,,,,
2026-04-26 16:19:02,18.8,32,1.3,392,68198,OK,,,,,
2026-04-26 16:19:18,-40,0,0,0,0,OK,,,,,
2026-04-26 16:19:34,19,32,1.3,392,68005.8,OK,,,,,
2026-04-26 16:19:50,19.1,32,0.8,392,67991.3,OK,,,,,
2026-04-26 16:20:06,-40,0,0,0,0,OK,,,,,
2026-04-26 16:20:22,18.9,32,1.7,392,67942,OK,,,,,
2026-04-26 16:20:38,18.9,32,0.7,392,67895.6,OK,,,,,
2026-04-26 16:20:54,19.1,200,0.1,392,67808.6,OK,,,,,
2026-04-26 16:21:26,19.3,33,0.4,392,67785.4,OK,,,,,
2026-04-26 16:21:42,19.5,33,0.1,392,67869.5,OK,,,,,
2026-04-26 16:21:58,19.7,33,0.1,392,382535.1,OK,,,,,
2026-04-26 16:22:14,19.8,33,0.6,392,382378.5,OK,,,,,
2026-04-26 16:22:30,19.8,47,0.3,392,67811.5,OK,,,,,
2026-04-26 16:22:46,19.9,33,0.3,392,66013.5,OK,,,,,
2026-04-26 16:23:02,-40,0,0,0,0,OK,,,,,
2026-04-26 16:23:18,20,33,0.6,392,63629.9,OK,,,,,
2026-04-26 16:23:34,19.9,33,0.1,392,60164.2,OK,,,,,
2026-04-26 16:23:50,19.9,34,0.8,392,59732.1,OK,,,,,
2026-04-26 16:24:06,19.9,33,0.7,392,59775.6,OK,,,,,
2026-04-26 16:24:22,-40,0,0,0,0,OK,,,,,
2026-04-26 16:24:38,-40,0,0,0,0,OK,,,,,
2026-04-26 16:24:54,-40,0,0,0,0,OK,,,,,
2026-04-26 16:25:10,19.9,32,0.1,452,66526.8,OK,,,,,
2026-04-26 16:25:26,20,32,0.6,392,67489.6,OK,,,,,
2026-04-26 16:25:42,-40,0,0,0,0,OK,,,,,
2026-04-26 16:25:58,19.7,32,2,392,67370.7,OK,,,,,
2026-04-26 16:26:14,19.6,31,1.8,392,67321.4,OK,,,,,
2026-04-26 16:27:18,-40,0,0,0,0,OK,,,,,
2026-04-26 16:27:34,-40,0,0,0,0,OK,,,,,
2026-04-26 16:27:50,19.5,31,0.3,392,60518,OK,,,,,
2026-04-26 16:28:06,19.6,32,0.3,392,59410.2,OK,,,,,
2026-04-26 16:28:22,19.8,32,0.4,392,59047.7,OK,,,,,
2026-04-26 16:28:38,-40,0,0,0,0,OK,,,,,
2026-04-26 16:28:54,19.6,31,1.3,392,59650.9,OK,,,,,
2026-04-26 16:29:10,19.5,32,1.1,392,60970.4,OK,,,,,
2026-04-26 16:29:26,19.4,32,1.7,392,62539.3,OK,,,,,
2026-04-26 16:29:42,19.4,33,1.4,392,65912,OK,,,,,
2026-04-26 16:29:58,-40,0,0,0,0,OK,,,,,
2026-04-26 16:30:14,19.4,33,0.3,392,66181.7,OK,,,,,
2026-04-26 16:30:30,19.4,33,2.4,392,66158.5,OK,,,,,
2026-04-26 16:30:46,-40,0,0,0,0,OK,,,,,
2026-04-26 16:31:02,19.3,33,0.6,392,66019.3,OK,,,,,
2026-04-26 16:31:18,19.3,34,0.8,392,65891.7,OK,,,,,
2026-04-26 16:31:34,19.4,33,0.8,392,65836.6,OK,,,,,
2026-04-26 16:31:50,19.4,33,0.8,392,65743.8,OK,,,,,
2026-04-26 16:32:06,19.3,33,2.9,392,65549.5,OK,,,,,
2026-04-26 16:32:22,19.1,34,2.5,392,65419,OK,,,,,
2026-04-26 16:32:38,19.1,34,1.3,392,65332,OK,,,,,
2026-04-26 16:32:54,19.1,34,1,392,65059.4,OK,,,,,
2026-04-26 16:33:10,19.3,34,0.3,392,65160.9,OK,,,,,
2026-04-26 16:33:26,130.4,34,36.3,392,65320.4,OK,,,,,
2026-04-26 16:33:42,-40,0,0,0,0,OK,,,,,
2026-04-26 16:33:58,19.3,34,0.6,392,65013,OK,,,,,
2026-04-26 16:34:14,19.4,34,1.1,392,64975.3,OK,,,,,
2026-04-26 16:34:30,19.5,33,1,392,65129,OK,,,,,
2026-04-26 16:34:46,19.5,34,1.3,392,65068.1,OK,,,,,
2026-04-26 16:35:02,19.5,33,2.1,392,65047.8,OK,,,,,
2026-04-26 16:35:18,19.4,33,2.7,392,64754.9,OK,,,,,
2026-04-26 16:35:34,19.3,33,1.7,392,379368.3,OK,,,,,
2026-04-26 16:35:50,19.3,98,2.7,392,64705.6,OK,,,,,
2026-04-26 16:36:22,18.9,35,1.3,392,64764.8,OK,,,,,
2026-04-26 16:36:38,18.9,35,0.8,392,64528.7,OK,,,,,
2026-04-26 16:36:54,19,35,1.4,392,64340.2,OK,,,,,
2026-04-26 16:37:10,18.9,35,1.1,392,77427.1,OK,,,,,
2026-04-26 16:37:26,19,35,0.3,392,64337.3,OK,,,,,
2026-04-26 16:37:42,19.1,35,2.1,392,64273.5,OK,,,,,
2026-04-26 16:37:58,-40,0,0,0,0,OK,,,,,
2026-04-26 16:38:14,19.2,36,0.6,392,64276.4,OK,,,,,
2026-04-26 16:38:30,19.3,36,0.8,392,64195.2,OK,,,,,
2026-04-26 16:38:46,19.4,36,1,392,64253.2,OK,,,,,
2026-04-26 16:39:02,19.4,35,0.8,392,64006.7,OK,,,,,
2026-04-26 16:39:18,19.5,35,1,392,64003.8,OK,,,,,
2026-04-26 16:39:34,19.4,35,0.3,392,64024.1,OK,,,,,
2026-04-26 16:39:50,19.5,35,0.8,392,64047.3,OK,,,,,
2026-04-26 16:40:06,19.6,35,0.4,392,63806.6,OK,,,,,
2026-04-26 16:40:22,19.7,35,0.7,392,63815.3,OK,,,,,
2026-04-26 16:40:38,19.7,35,1,392,63760.2,OK,,,,,
2026-04-26 16:40:54,19.8,35,1.3,392,63815.3,OK,,,,,
2026-04-26 16:41:10,19.8,35,0.3,392,63731.2,OK,,,,,
2026-04-26 16:41:26,19.9,36,0.4,392,63606.5,OK,,,,,
2026-04-26 16:41:42,19.9,35,0.7,392,63623.9,OK,,,,,
2026-04-26 16:41:58,19.8,36,0.3,392,63821.1,OK,,,,,
2026-04-26 16:42:14,20,36,0,392,63632.6,OK,,,,,
2026-04-26 16:42:30,20.1,36,0,392,63807.8,OK,,,,,
2026-04-26 16:42:46,-40,0,0,0,0,OK,,,,,
2026-04-26 16:43:18,20,35,1.7,392,63667.4,OK,,,,,
2026-04-26 16:43:34,-40,0,0,0,0,OK,,,,,
2026-04-26 16:43:50,-40,0,0,0,0,OK,,,,,
2026-04-26 16:44:06,19.6,36,1.3,392,997727,OK,,,,,
2026-04-26 16:44:22,19.4,36,1.5,392,63319.4,OK,,,,,
2026-04-26 16:44:38,19.4,36,0.1,392,63403.5,OK,,,,,
2026-04-26 16:44:54,-40,0,0,0,0,OK,,,,,
2026-04-26 16:45:10,19.5,36,0.3,392,63267.2,OK,,,,,
2026-04-26 16:45:26,19.5,36,1.5,392,62922.1,OK,,,,,
2026-04-26 16:45:42,19.4,35,1,392,62910.5,OK,,,,,
2026-04-26 16:45:58,19.5,35,0,392,62823.5,OK,,,,,
2026-04-26 16:46:14,19.6,35,0.3,392,62739.4,OK,,,,,
2026-04-26 16:46:30,19.7,35,0.4,392,62893.1,OK,,,,,
2026-04-26 16:46:46,19.7,34,0.3,392,62846.7,OK,,,,,
2026-04-26 16:47:02,19.7,35,1.3,392,62603.1,OK,,,,,
2026-04-26 16:47:18,19.7,35,1,392,62649.5,OK,,,,,
2026-04-26 16:47:34,19.6,35,1.1,392,62751,OK,,,,,
2026-04-26 16:47:50,19.6,36,0.1,392,62611.8,OK,,,,,
2026-04-26 16:48:06,-40,0,0,0,0,OK,,,,,
2026-04-26 16:48:22,19.7,36,1.4,392,62217.4,OK,,,,,
2026-04-26 16:48:38,19.7,36,0.6,392,62295.7,OK,,,,,
2026-04-26 16:48:54,19.7,36,0.3,392,62136.2,OK,,,,,
2026-04-26 16:49:10,19.6,35,0.7,392,61968,OK,,,,,
2026-04-26 16:49:26,19.6,35,1.1,392,61921.6,OK,,,,,
2026-04-26 16:49:42,19.6,35,0.3,392,61852,OK,,,,,
2026-04-26 16:49:58,19.5,35,1,392,61582.3,OK,,,,,
2026-04-26 16:50:14,19.4,36,0.7,392,61654.8,OK,,,,,
2026-04-26 16:50:30,35.4,146,1.3,392,64779.9,OK,,,,,
2026-04-26 16:50:46,19.4,37,0.3,392,61562,OK,,,,,
2026-04-26 16:51:02,19.4,36,0,392,61602.6,OK,,,,,
2026-04-26 16:51:18,19.5,37,0.1,392,61098,OK,,,,,
2026-04-26 16:51:34,19.7,36,0.7,392,61908.5,OK,,,,,
2026-04-26 16:51:50,19.6,36,0.7,392,61199.5,OK,,,,,
2026-04-26 16:52:06,19.6,36,1.7,392,61135.7,OK,,,,,
2026-04-26 16:52:22,19.4,35,1.4,392,60999.4,OK,,,,,
2026-04-26 16:52:38,19.3,36,0.4,392,61083.5,OK,,,,,
2026-04-26 16:52:54,19.3,36,2.7,392,61028.4,OK,,,,,
2026-04-26 16:53:10,19.1,37,1.5,392,60897.9,OK,,,,,
2026-04-26 16:53:26,148.7,37,36.1,392,60799.3,OK,,,,,
2026-04-26 16:53:42,19.2,36,1.5,392,60622.4,OK,,,,,
2026-04-26 16:53:58,19.1,36,0.8,392,60407.8,OK,,,,,
2026-04-26 16:54:14,19.1,36,0.6,392,60323.7,OK,,,,,
2026-04-26 16:54:30,19.3,36,0.8,392,60320.8,OK,,,,,
2026-04-26 16:54:46,19.3,36,0.8,392,60274.4,OK,,,,,
2026-04-26 16:55:02,19.3,36,1.3,392,60216.4,OK,,,,,
2026-04-26 16:55:18,19.2,36,0.7,392,60117.8,OK,,,,,
2026-04-26 16:55:34,-40,0,0,0,0,OK,,,,,
2026-04-26 16:55:50,19.1,35,0.1,392,59839.4,OK,,,,,
2026-04-26 16:56:06,19.2,36,0,392,59697.3,OK,,,,,
2026-04-26 16:56:22,19.3,36,0,392,59616.1,OK,,,,,
2026-04-26 16:56:38,19.5,36,0,392,59711.8,OK,,,,,
2026-04-26 16:56:54,-40,0,0,0,0,OK,,,,,
2026-04-26 16:57:10,19.7,35,0.6,392,60025,OK,,,,,
2026-04-26 16:57:42,19.4,35,0.4,392,59720.5,OK,,,,,
2026-04-26 16:57:58,-40,0,0,0,0,OK,,,,,
2026-04-26 16:59:02,19.3,34,1.3,392,59398.6,OK,,,,,
2026-04-26 16:59:18,19.3,34,0.7,392,59366.7,OK,,,,,
2026-04-26 16:59:34,19.3,34,0,392,59392.8,OK,,,,,
2026-04-26 16:59:50,19.5,35,0.1,392,59160.8,OK,,,,,
2026-04-26 17:00:06,-40,0,0,0,0,OK,,,,,
2026-04-26 17:00:22,19.4,35,0.1,392,59045.8,OK,,,,,
2026-04-26 17:00:38,19.5,35,0,392,58870.8,OK,,,,,
2026-04-26 17:00:54,19.7,35,0.3,392,58920.1,OK,,,,,
2026-04-26 17:01:10,-40,0,0,0,0,OK,,,,,
2026-04-26 17:01:26,19.8,34,0.3,16264,58902.7,OK,,,,,
2026-04-26 17:01:42,19.7,34,1.7,392,58920.1,OK,,,,,
2026-04-26 17:01:58,19.5,34,2.1,392,58989.7,OK,,,,,
2026-04-26 17:02:14,19.2,34,1.1,392,58740.3,OK,,,,,
2026-04-26 17:02:30,19.1,35,0,392,58604,OK,,,,,
2026-04-26 17:02:46,19.1,35,0.4,392,58612.7,OK,,,,,
2026-04-26 17:03:02,19.1,35,0.6,392,58401,OK,,,,,
2026-04-26 17:03:18,-40,0,0,0,0,OK,,,,,
2026-04-26 17:03:34,18.9,226,3.1,392,58279.2,OK,,,,,
2026-04-26 17:03:50,18.7,34,1,392,58305.3,OK,,,,,
2026-04-26 17:04:06,18.7,35,0.3,392,58174.8,OK,,,,,
2026-04-26 17:04:22,18.6,35,0.4,392,58148.7,OK,,,,,
2026-04-26 17:04:38,18.6,35,1.4,392,57902.2,OK,,,,,
2026-04-26 17:04:54,18.5,35,1.3,392,57881.4,OK,,,,,
2026-04-26 17:05:10,18.6,35,0.6,392,57661.5,OK,,,,,
2026-04-26 17:05:26,18.6,34,2.2,392,57667.3,OK,,,,,
2026-04-26 17:05:42,18.5,34,2,392,57571.6,OK,,,,,
2026-04-26 17:05:58,18.3,33,2.1,392,57618,OK,,,,,
2026-04-26 17:06:14,-40,0,0,0,0,OK,,,,,
2026-04-26 17:06:30,18.4,34,0.6,392,57177.2,OK,,,,,
2026-04-26 17:06:46,18.5,33,1.7,392,57014.8,OK,,,,,
2026-04-26 17:07:02,18.4,34,2,392,57032.2,OK,,,,,
2026-04-26 17:07:18,18.4,33,2.8,392,56934.2,OK,,,,,
2026-04-26 17:07:34,18.2,34,0.8,392,56756.7,OK,,,,,
2026-04-26 17:07:50,18.3,34,0.8,392,56652.3,OK,,,,,
2026-04-26 17:08:06,18.4,34,1.8,392,56658.1,OK,,,,,
2026-04-26 17:08:22,-40,0,0,0,0,OK,,,,,
2026-04-26 17:08:38,18.4,35,2,392,56440.6,OK,,,,,
2026-04-26 17:08:54,18.3,34,0.3,392,56475.4,OK,,,,,
2026-04-26 17:09:10,18.3,35,0.1,392,56431.9,OK,,,,,
2026-04-26 17:09:26,27.6,34,0.7,392,56342,OK,,,,,
2026-04-26 17:09:42,18.5,114,13.4,392,56417.4,OK,,,,,
2026-04-26 17:09:58,18.6,33,0.8,392,56353.6,OK,,,,,
2026-04-26 17:10:14,-40,0,0,0,0,OK,,,,,
2026-04-26 17:10:30,18.4,32,2.5,392,55889.6,OK,,,,,
2026-04-26 17:10:46,18.4,32,1.8,392,55593.8,OK,,,,,
2026-04-26 17:11:02,18.3,32,1.4,392,55550.3,OK,,,,,
2026-04-26 17:12:06,18.3,32,0.7,392,55295.1,OK,,,,,
2026-04-26 17:12:22,18.3,33,0.4,392,55080.5,OK,,,,,
2026-04-26 17:12:38,18.5,33,0,392,54883.3,OK,,,,,
2026-04-26 17:12:54,18.6,33,0.4,392,54819.5,OK,,,,,
2026-04-26 17:13:10,18.6,33,1.3,392,54665.8,OK,,,,,
2026-04-26 17:13:26,18.6,32,1,392,54532.4,OK,,,,,
2026-04-26 17:13:42,-40,0,0,0,0,OK,,,,,
2026-04-26 17:13:58,18.6,32,0,392,54474.4,OK,,,,,
2026-04-26 17:14:14,18.8,32,0,392,54297.5,OK,,,,,
2026-04-26 17:14:30,-40,0,0,0,0,OK,,,,,
2026-04-26 17:15:34,18.9,31,0.3,392,54140.9,OK,,,,,
2026-04-26 17:15:50,19,31,0.3,392,54236.6,OK,,,,,
2026-04-26 17:16:06,19,30,1.3,392,53569.6,OK,,,,,
2026-04-26 17:16:22,19,30,0.6,392,53459.4,OK,,,,,
2026-04-26 17:16:38,19.1,31,0.4,392,53610.2,OK,,,,,
2026-04-26 17:16:54,19.1,31,2,392,53247.7,OK,,,,,
2026-04-26 17:17:10,18.8,31,2.7,392,52772.1,OK,,,,,
2026-04-26 17:17:26,18.7,31,2.8,392,53082.4,OK,,,,,
2026-04-26 17:17:42,18.5,31,1.3,392,52293.6,OK,,,,,
2026-04-26 17:17:58,18.5,31,0.7,392,52438.6,OK,,,,,
2026-04-26 17:18:14,18.4,31,1,392,52360.3,OK,,,,,
2026-04-26 17:18:30,18.4,31,2.1,392,52450.2,OK,,,,,
2026-04-26 17:18:46,18.4,32,1.1,392,52432.8,OK,,,,,
2026-04-26 17:19:02,18.4,32,1.8,392,52719.9,OK,,,,,
2026-04-26 17:19:18,18.2,32,2.2,392,52453.1,OK,,,,,
2026-04-26 17:19:34,18.2,32,1.7,392,52139.9,OK,,,,,
2026-04-26 17:19:50,-40,0,0,0,0,OK,,,,,
2026-04-26 17:20:06,18.3,33,1.3,392,51066.9,OK,,,,,
2026-04-26 17:20:22,18.2,33,4.2,392,50948,OK,,,,,
2026-04-26 17:20:38,18,32,3.2,392,50881.3,OK,,,,,
2026-04-26 17:20:54,-40,0,0,0,0,OK,,,,,
2026-04-26 17:21:10,17.9,32,2.9,392,50582.6,OK,,,,,
2026-04-26 17:21:26,17.8,33,1.4,392,50452.1,OK,,,,,
2026-04-26 17:21:42,17.9,33,0.8,392,50263.6,OK,,,,,
2026-04-26 17:21:58,17.9,33,1.5,392,50124.4,OK,,,,,
2026-04-26 17:22:14,-40,0,0,0,0,OK,,,,,
2026-04-26 17:22:30,-40,0,0,0,0,OK,,,,,
2026-04-26 17:22:46,18.1,33,1.8,392,50043.2,OK,,,,,
2026-04-26 17:23:02,18.1,34,1.3,392,50075.1,OK,,,,,
2026-04-26 17:23:18,18.1,34,0.4,392,50211.4,OK,,,,,
2026-04-26 17:23:34,18.2,33,0.7,392,50202.7,OK,,,,,
2026-04-26 17:23:50,-40,0,0,0,0,OK,,,,,
2026-04-26 17:24:06,-40,0,0,0,0,OK,,,,,
2026-04-26 17:24:22,18.6,33,1,392,48042.2,OK,,,,,
2026-04-26 17:24:38,18.6,34,1.1,392,47398.4,OK,,,,,
2026-04-26 17:24:54,18.6,34,0,392,46789.4,OK,,,,,
2026-04-26 17:25:10,-40,0,0,0,0,OK,,,,,
2026-04-26 17:25:26,18.4,32,2.5,392,46774.9,OK,,,,,
2026-04-26 17:25:42,18.2,33,1.5,392,46821.3,OK,,,,,
2026-04-26 17:25:58,18.2,33,2.1,392,47360.7,OK,,,,,
2026-04-26 17:26:14,18.1,34,2.8,392,48021.9,OK,,,,,
2026-04-26 17:26:30,17.9,34,3.6,392,49181.9,OK,,,,,
2026-04-26 17:26:46,17.6,33,3.4,392,48854.2,OK,,,,,
2026-04-26 17:27:02,17.6,34,1.8,392,44713,OK,,,,,
2026-04-26 17:27:18,17.6,34,0.8,392,48688.9,OK,,,,,
2026-04-26 17:27:34,-40,0,0,0,0,OK,,,,,
2026-04-26 17:27:50,17.8,34,1.7,392,48291.6,OK,,,,,
2026-04-26 17:28:07,17.8,33,1.3,392,48114.7,OK,,,,,
2026-04-26 17:28:22,17.8,33,2.1,392,39437.9,OK,,,,,
2026-04-26 17:28:38,17.8,33,0.8,392,39580,OK,,,,,
2026-04-26 17:28:54,17.8,33,3.6,392,47502.8,OK,,,,,
2026-04-26 17:29:10,17.6,32,2.8,392,46977.9,OK,,,,,
2026-04-26 17:29:26,17.5,33,3.1,392,46873.5,OK,,,,,
2026-04-26 17:29:42,17.3,34,3.4,392,45400.3,OK,,,,,
2026-04-26 17:29:58,17.3,33,1.8,392,43001.8,OK,,,,,
2026-04-26 17:30:14,17.3,33,0.6,392,32556.2,OK,,,,,
2026-04-26 17:30:30,17.4,33,2.7,392,42184.2,OK,,,,,
2026-04-26 17:30:46,17.3,33,3.1,392,41656.4,OK,,,,,
2026-04-26 17:31:02,17.3,34,0.8,392,41589.7,OK,,,,,
2026-04-26 17:31:18,17.3,34,1,392,41146,OK,,,,,
2026-04-26 17:31:34,17.4,34,0.4,392,40076.7,OK,,,,,
2026-04-26 17:31:50,17.5,34,0.7,392,39965.7,OK,,,,,
2026-04-26 17:32:06,17.6,35,0.7,392,40136.8,OK,,,,,
2026-04-26 17:32:22,17.6,34,1,392,38086.5,OK,,,,,
2026-04-26 17:32:38,17.6,34,0.1,392,32309.7,OK,,,,,
2026-04-26 17:32:54,17.6,34,0,392,40371.7,OK,,,,,
2026-04-26 17:33:10,17.7,34,0.4,392,40754.5,OK,,,,,
2026-04-26 17:33:26,17.7,34,2,392,38388.1,OK,,,,,
2026-04-26 17:33:42,17.6,34,0.8,392,38132.9,OK,,,,,
2026-04-26 17:33:58,17.6,34,1.5,392,40812.5,OK,,,,,
2026-04-26 17:34:14,17.6,34,1,392,36595.9,OK,,,,,
2026-04-26 17:34:30,17.6,34,2.5,392,39965.7,OK,,,,,
2026-04-26 17:34:46,17.5,33,38.9,392,38359.1,OK,,,,,
2026-04-26 17:35:02,17.4,33,0.8,392,37747.2,OK,,,,,
2026-04-26 17:35:18,17.4,34,2.1,392,37866.1,OK,,,,,
2026-04-26 17:35:34,17.3,34,1.1,392,38330.1,OK,,,,,
2026-04-26 17:35:50,17.4,35,2.4,392,38118.4,OK,,,,,
2026-04-26 17:36:06,-40,0,0,0,0,OK,,,,,
2026-04-26 17:36:22,17.2,34,0.7,392,44625.8,OK,,,,,
2026-04-26 17:36:38,17.3,34,0.7,392,42320.5,OK,,,,,
2026-04-26 17:36:54,17.4,33,2.4,392,32696.7,OK,,,,,
2026-04-26 17:37:10,17.3,34,2.9,392,35986.9,OK,,,,,
2026-04-26 17:37:26,17.3,34,2,392,44295.4,OK,,,,,
2026-04-26 17:37:42,17.2,35,0.8,392,44263.5,OK,,,,,
2026-04-26 17:37:58,17.3,35,0,392,44202.6,OK,,,,,
2026-04-26 17:38:14,17.3,35,0.4,392,34589.1,OK,,,,,
2026-04-26 17:38:30,17.5,34,1.5,392,36343.6,OK,,,,,
2026-04-26 17:38:46,17.4,34,1.3,392,44057.6,OK,,,,,
2026-04-26 17:39:02,17.5,34,0.6,392,43460.2,OK,,,,,
2026-04-26 17:39:18,17.6,34,0.7,392,41755,OK,,,,,
2026-04-26 17:39:34,17.6,33,0.3,392,41108.3,OK,,,,,
2026-04-26 17:39:50,17.6,33,2,392,16452.5,OK,,,,,
2026-04-26 17:40:06,17.5,33,1.4,392,17972.1,OK,,,,,
2026-04-26 17:40:22,17.5,34,0.8,392,28415,OK,,,,,
2026-04-26 17:40:38,17.6,34,2.1,392,30737.9,OK,,,,,
2026-04-26 17:40:54,17.5,34,2.1,392,21315.8,OK,,,,,
2026-04-26 17:41:10,17.4,35,0.6,392,31610.8,OK,,,,,
2026-04-26 17:41:26,17.4,35,0.8,392,41563.6,OK,,,,,
2026-04-26 17:41:42,17.4,35,2.7,392,40273.1,OK,,,,,
2026-04-26 17:41:58,17.2,35,2.4,392,17879.3,OK,,,,,
2026-04-26 17:42:14,17.1,35,2.8,392,28185.9,OK,,,,,
2026-04-26 17:42:30,17.1,35,2.1,49378,22603.4,OK,,,,,
2026-04-26 17:42:46,17,34,2.4,392,22174.2,OK,,,,,
2026-04-26 17:43:02,17,34,1.3,392,20309.5,OK,,,,,
2026-04-26 17:43:18,17.1,34,0.3,392,21994.4,OK,,,,,
2026-04-26 17:43:34,17.2,34,0.1,392,26878,OK,,,,,
2026-04-26 17:43:50,17.2,34,1.8,392,27753.8,OK,,,,,
2026-04-26 17:44:06,17.2,33,0.7,392,21695.7,OK,,,,,
2026-04-26 17:44:22,17.1,34,3.2,392,15469.4,OK,,,,,
2026-04-26 17:44:38,17,34,2.5,392,26641.4,OK,,,,,
2026-04-26 17:44:54,16.9,35,1.3,392,18833.4,OK,,,,,
2026-04-26 17:45:10,16.9,35,1.1,392,19201.7,OK,,,,,
2026-04-26 17:45:26,16.9,35,1.8,392,26550.3,OK,,,,,
2026-04-26 17:45:42,16.9,35,33.6,482,28673.1,OK,,,,,
2026-04-26 17:45:58,16.8,36,2,392,21133.1,OK,,,,,
2026-04-26 17:46:14,16.8,36,1.3,392,21895.8,OK,,,,,
2026-04-26 17:46:30,16.9,36,1.4,392,18537.6,OK,,,,,
2026-04-26 17:46:46,16.9,36,1.3,392,27211.5,OK,,,,,
2026-04-26 17:47:02,17,36,0.6,392,20332.7,OK,,,,,
2026-04-26 17:47:18,17,37,0.6,392,16119,OK,,,,,
2026-04-26 17:47:34,17.1,37,1.1,392,22255.4,OK,,,,,
2026-04-26 17:47:50,17,36,0.6,392,26106.6,OK,,,,,
2026-04-26 17:48:06,17.1,36,0.7,392,15623.1,OK,,,,,
2026-04-26 17:48:22,17.1,35,0.6,392,20364.6,OK,,,,,
2026-04-26 17:48:38,17.2,35,1.4,392,15315.7,OK,,,,,
2026-04-26 17:48:54,17.2,35,3.4,392,21469.5,OK,,,,,
2026-04-26 17:49:10,17,36,2.2,392,24732,OK,,,,,
2026-04-26 17:49:26,17,37,2.2,392,15324.4,OK,,,,,
2026-04-26 17:49:42,16.9,36,34.7,32904,23479.2,OK,,,,,
2026-04-26 17:49:58,16.9,37,1.4,392,16107.4,OK,,,,,
2026-04-26 17:50:14,-40,0,0,0,0,OK,,,,,
2026-04-26 17:50:30,16.9,37,0.8,392,13540.9,OK,,,,,
2026-04-26 17:50:46,16.9,36,1.5,392,15054.7,OK,,,,,
2026-04-26 17:51:03,16.9,36,2.1,392,13717.8,OK,,,,,
2026-04-26 17:51:18,16.9,35,1.3,392,13262.5,OK,,,,,
2026-04-26 17:51:34,17,35,1.4,392,17429.8,OK,,,,,
2026-04-26 17:51:50,16.9,35,2.5,392,19706.3,OK,,,,,
2026-04-26 17:52:06,16.9,33,0.6,392,15536.1,OK,,,,,
2026-04-26 17:52:22,16.9,33,0.8,392,19193,OK,,,,,
2026-04-26 17:52:38,16.9,33,0.4,392,15791.3,OK,,,,,
2026-04-26 17:52:54,17,33,0.1,392,13891.8,OK,,,,,
2026-04-26 17:53:10,17,32,2.9,392,16208.9,OK,,,,,
2026-04-26 17:53:26,16.9,31,3.1,392,16435.1,OK,,,,,
2026-04-26 17:53:42,16.9,31,2.2,392,14379,OK,,,,,
2026-04-26 17:53:58,16.8,32,4.2,392,16061,OK,,,,,
2026-04-26 17:54:14,-40,0,0,0,0,OK,,,,,
2026-04-26 17:54:30,16.7,32,1.1,504,847393.8,OK,,,,,
2026-04-26 17:54:46,16.8,33,1.8,392,20045.6,OK,,,,,
2026-04-26 17:55:02,-40,0,0,0,0,OK,,,,,
2026-04-26 17:55:18,16.8,33,1.1,392,14173.1,OK,,,,,
2026-04-26 17:55:34,16.8,33,1.3,392,13755.5,OK,,,,,
2026-04-26 17:55:50,16.9,33,1.5,392,12056.1,OK,,,,,
2026-04-26 17:56:06,16.8,34,2.1,392,12404.1,OK,,,,,
2026-04-26 17:56:22,16.8,34,0.4,392,13552.5,OK,,,,,
2026-04-26 17:56:38,16.8,34,2,392,12981.2,OK,,,,,
2026-04-26 17:56:54,16.8,34,3.4,392,12067.7,OK,,,,,
2026-04-26 17:57:10,16.8,34,1.4,392,52224.5,OK,,,,,
2026-04-26 17:57:26,16.8,34,1.3,392,14422.5,OK,,,,,
2026-04-26 17:57:42,16.8,35,2.5,392,11603.7,OK,,,,,
2026-04-26 17:57:58,16.7,34,2.9,392,15863.8,OK,,,,,
2026-04-26 17:58:14,16.7,34,1.5,392,12291,OK,,,,,
2026-04-26 17:58:30,16.7,35,0.4,392,12001,OK,,,,,
2026-04-26 17:58:46,16.7,35,1.3,392,11606.6,OK,,,,,
2026-04-26 17:59:02,16.8,35,1.8,392,11911.1,OK,,,,,
2026-04-26 17:59:18,16.8,35,1.3,392,15576.7,OK,,,,,
2026-04-26 17:59:34,16.8,35,0.7,392,11258.6,OK,,,,,
2026-04-26 17:59:50,16.8,35,2,392,11267.3,OK,,,,,
2026-04-26 18:00:06,-40,0,0,0,0,OK,,,,,
2026-04-26 18:00:22,16.7,35,1.1,392,11075.9,OK,,,,,
2026-04-26 18:00:38,16.7,35,2.8,392,12583.9,OK,,,,,
2026-04-26 18:00:54,16.6,35,2,392,11019.5,OK,,,,,
2026-04-26 18:01:10,16.6,35,1.7,392,11119.4,OK,,,,,
2026-04-26 18:01:26,16.6,35,1.3,392,11026.6,OK,,,,,
2026-04-26 18:01:42,16.7,34,2.8,392,11893.7,OK,,,,,
2026-04-26 18:01:58,16.6,34,1.7,392,11603.7,OK,,,,,
2026-04-26 18:02:14,16.6,34,1.4,392,13578.6,OK,,,,,
2026-04-26 18:02:30,16.7,34,1.4,392,12965.4,OK,,,,,
2026-04-26 18:02:46,16.7,34,1.5,392,13039.2,OK,,,,,
2026-04-26 18:03:02,16.7,34,1,392,11252.8,OK,,,,,
2026-04-26 18:03:18,16.7,35,0.8,392,10951.2,OK,,,,,
2026-04-26 18:03:34,16.7,34,1.3,392,10669.9,OK,,,,,
2026-04-26 18:03:50,16.7,35,0.7,392,11476.1,OK,,,,,
2026-04-26 18:04:06,16.7,35,0.1,392,10812,OK,,,,,
2026-04-26 18:04:22,16.8,34,0.6,504,12206.9,OK,,,,,
2026-04-26 18:04:38,-40,0,0,0,0,OK,,,,,
2026-04-26 18:04:54,16.8,34,0,392,10423.4,OK,,,,,
2026-04-26 18:05:10,16.9,35,2.1,392,16974.5,OK,,,,,
2026-04-26 18:05:26,16.8,34,1.5,392,12647.6,OK,,,,,
2026-04-26 18:05:42,16.8,34,0.3,392,12775.3,OK,,,,,
2026-04-26 18:05:58,16.9,35,1.3,392,11226.7,OK,,,,,
2026-04-26 18:06:14,-40,0,0,0,0,OK,,,,,
2026-04-26 18:06:30,-40,0,0,0,0,OK,,,,,
2026-04-26 18:06:46,16.9,33,2.1,392,18091,OK,,,,,
2026-04-26 18:07:02,16.8,33,1.1,392,10887.4,OK,,,,,
2026-04-26 18:07:18,16.8,33,1.7,392,16174.1,OK,,,,,
2026-04-26 18:07:34,16.8,33,1.4,392,12525.9,OK,,,,,
2026-04-26 18:07:50,16.8,33,0.8,392,12305.5,OK,,,,,
2026-04-26 18:08:06,16.8,33,0.8,392,11809.6,OK,,,,,
2026-04-26 18:08:22,16.8,34,0.3,392,14608.1,OK,,,,,
2026-04-26 18:08:38,16.9,34,0.3,392,10420.5,OK,,,,,
2026-04-26 18:08:54,16.9,34,1.5,392,9840.3,OK,,,,,
2026-04-26 18:09:10,16.8,34,2.2,392,10362.5,OK,,,,,
2026-04-26 18:09:26,16.8,34,1.7,392,15776.8,OK,,,,,
2026-04-26 18:09:42,16.7,34,0.7,392,9681.2,OK,,,,,
2026-04-26 18:09:58,16.7,34,1.4,392,9474,OK,,,,,
2026-04-26 18:10:14,16.7,34,1.3,392,11621.1,OK,,,,,
2026-04-26 18:10:30,16.7,34,0.1,392,9511,OK,,,,,
2026-04-26 18:10:46,16.8,34,0.1,392,9388.9,OK,,,,,
2026-04-26 18:11:02,16.8,34,0.3,392,9477.7,OK,,,,,
2026-04-26 18:11:18,16.8,34,2,392,15881.2,OK,,,,,
2026-04-26 18:11:34,16.8,33,2.2,392,12726,OK,,,,,
2026-04-26 18:11:50,16.8,33,0.8,392,9174.3,OK,,,,,
2026-04-26 18:12:06,16.7,33,1.8,504,9178,OK,,,,,
2026-04-26 18:12:22,119.2,32,0.8,392,10203,OK,,,,,
2026-04-26 18:12:38,16.8,32,2.1,392,9318.6,OK,,,,,
2026-04-26 18:12:54,-40,0,0,0,0,OK,,,,,
2026-04-26 18:13:10,16.8,33,0.1,392,9644.2,OK,,,,,
2026-04-26 18:13:26,16.8,33,0.6,392,9581.3,OK,,,,,
2026-04-26 18:13:42,16.8,33,0.1,392,8789.5,OK,,,,,
2026-04-26 18:13:58,16.8,33,0.1,452,8930.1,OK,,,,,
2026-04-26 18:14:14,16.9,34,0.1,392,10935.9,OK,,,,,
2026-04-26 18:14:30,16.9,34,1.4,392,8789.5,OK,,,,,
2026-04-26 18:14:46,16.8,34,2.1,392,8630.4,OK,,,,,
2026-04-26 18:15:02,16.8,34,1.1,392,8604.5,OK,,,,,
2026-04-26 18:15:18,-40,0,0,0,0,OK,,,,,
2026-04-26 18:15:34,16.8,35,0.3,392,10104.4,OK,,,,,
2026-04-26 18:15:50,-40,0,0,0,0,OK,,,,,
2026-04-26 18:16:06,16.8,35,0.3,392,8393.6,OK,,,,,
2026-04-26 18:16:22,-40,0,0,0,0,OK,,,,,
2026-04-26 18:16:38,16.8,35,0.3,392,9351.9,OK,,,,,
2026-04-26 18:16:54,16.8,35,1,392,8319.6,OK,,,,,
2026-04-26 18:17:10,16.8,35,0.7,392,13717.8,OK,,,,,
2026-04-26 18:17:26,16.8,35,0.7,392,9710.8,OK,,,,,
2026-04-26 18:17:42,16.8,36,0.7,392,8530.5,OK,,,,,
2026-04-26 18:17:58,68,36,71.8,392,9677.5,OK,,,,,
2026-04-26 18:18:14,16.8,36,1.7,3976,10324.8,OK,,,,,
2026-04-26 18:18:30,-40,0,0,0,0,OK,,,,,
2026-04-26 18:18:46,16.7,36,0.7,392,10774.3,OK,,,,,
2026-04-26 18:19:02,16.8,35,0.6,392,9115.1,OK,,,,,
2026-04-26 18:19:18,16.7,35,0.6,392,8634.1,OK,,,,,
2026-04-26 18:19:34,16.7,35,0.7,392,8734,OK,,,,,
2026-04-26 18:19:50,16.7,35,1.4,392,9607.2,OK,,,,,
2026-04-26 18:20:06,-40,0,0,0,0,OK,,,,,
2026-04-26 18:20:22,16.6,35,1.1,392,7916.3,OK,,,,,
2026-04-26 18:20:38,16.6,35,0.7,392,7931.1,OK,,,,,
2026-04-26 18:20:54,-40,0,0,0,0,OK,,,,,
2026-04-26 18:21:10,16.7,35,1,392,7627.7,OK,,,,,
2026-04-26 18:21:26,16.6,35,0.8,392,7601.8,OK,,,,,
2026-04-26 18:21:42,16.6,36,0.4,392,7535.2,OK,,,,,
2026-04-26 18:21:58,16.6,36,0.1,392,7494.5,OK,,,,,
2026-04-26 18:22:14,16.6,36,0.3,904,7427.9,OK,,,,,
2026-04-26 18:22:30,16.6,36,0.1,392,7413.1,OK,,,,,
2026-04-26 18:22:46,16.6,36,0,392,7365,OK,,,,,
2026-04-26 18:23:02,-40,0,0,0,0,OK,,,,,
2026-04-26 18:23:18,16.6,37,1.4,1928,7272.5,OK,,,,,
2026-04-26 18:23:34,16.6,36,1,392,7191.1,OK,,,,,
2026-04-26 18:24:38,16.6,36,0.8,392,7080.1,OK,,,,,
2026-04-26 18:24:54,16.6,36,1,392,7020.9,OK,,,,,
2026-04-26 18:25:10,16.5,37,0.1,392,6972.8,OK,,,,,
2026-04-26 18:25:26,16.5,36,0.7,392,6913.6,OK,,,,,
2026-04-26 18:25:42,16.5,36,0.8,392,6884,OK,,,,,
2026-04-26 18:25:58,16.5,36,0.1,392,6824.8,OK,,,,,
2026-04-26 18:26:14,16.5,37,0,392,6795.2,OK,,,,,
2026-04-26 18:26:30,16.5,37,0.1,392,6773,OK,,,,,
2026-04-26 18:26:46,16.5,37,0,392,6721.2,OK,,,,,
2026-04-26 18:27:02,16.5,37,2,392,6706.4,OK,,,,,
2026-04-26 18:27:18,16.4,36,2.1,452,6654.6,OK,,,,,
2026-04-26 18:27:34,16.4,36,0.8,392,6606.5,OK,,,,,
2026-04-26 18:27:50,16.4,36,1.3,392,6595.4,OK,,,,,
2026-04-26 18:28:06,17.2,36,0.8,392,6636.1,OK,,,,,
2026-04-26 18:28:22,16.3,36,2.1,392,6691.6,OK,,,,,
2026-04-26 18:28:38,-40,0,0,0,0,OK,,,,,
2026-04-26 18:28:54,16.2,36,1,392,6588,OK,,,,,
2026-04-26 18:29:10,16.2,36,0.3,392,6491.8,OK,,,,,
2026-04-26 18:29:26,16.2,36,1,392,6502.9,OK,,,,,
2026-04-26 18:29:42,16.2,37,0.8,392,6399.3,OK,,,,,
2026-04-26 18:29:58,16.2,37,0.7,392,6288.3,OK,,,,,
2026-04-26 18:30:14,26.5,37,0.1,392,6218,OK,,,,,
2026-04-26 18:30:30,16.3,37,0,392,6169.9,OK,,,,,
2026-04-26 18:30:46,16.3,37,0.7,392,6107,OK,,,,,
2026-04-26 18:31:02,16.3,37,0.3,392,6040.4,OK,,,,,
2026-04-26 18:31:18,16.3,37,0,392,5984.9,OK,,,,,
2026-04-26 18:31:34,-40,0,0,0,0,OK,,,,,
2026-04-26 18:31:50,16.2,37,0.6,392,5892.4,OK,,,,,
2026-04-26 18:32:06,-40,0,0,0,0,OK,,,,,
2026-04-26 18:32:22,16.2,36,1.5,392,5859.1,OK,,,,,
2026-04-26 18:32:38,16.2,36,1.3,392,5803.6,OK,,,,,
2026-04-26 18:32:54,16.2,36,0.8,392,5782.2,OK,,,,,
2026-04-26 18:33:10,16.2,36,0.8,392,5722.2,OK,,,,,
2026-04-26 18:33:26,16.2,36,0.6,392,5685.2,OK,,,,,
2026-04-26 18:33:42,16.2,37,0.4,392,5648.2,OK,,,,,
2026-04-26 18:33:58,16.2,37,0,392,5600.1,OK,,,,,
2026-04-26 18:34:14,16.2,37,1.3,392,5544.6,OK,,,,,
2026-04-26 18:34:30,16.2,36,1.4,392,5489.1,OK,,,,,
2026-04-26 18:34:46,-40,0,0,0,0,OK,,,,,
2026-04-26 18:35:02,16.1,36,0.6,392,5392.9,OK,,,,,
2026-04-26 18:35:18,16.1,36,1.3,392,5359.6,OK,,,,,
2026-04-26 18:35:34,16.1,36,0.1,392,5296.7,OK,,,,,
2026-04-26 18:35:50,16.1,37,0,392,5211.6,OK,,,,,
2026-04-26 18:36:06,16.1,37,0.6,392,5119.1,OK,,,,,
2026-04-26 18:36:22,16.1,37,1.8,392,6482.4,OK,,,,,
2026-04-26 18:36:38,16.1,37,1,392,4993.3,OK,,,,,
2026-04-26 18:36:54,-40,0,0,0,0,OK,,,,,
2026-04-26 18:37:10,16.1,37,0.1,392,4941.5,OK,,,,,
2026-04-26 18:37:26,16.1,37,0.3,392,4923,OK,,,,,
2026-04-26 18:37:42,16.1,37,0.4,392,4897.1,OK,,,,,
2026-04-26 18:37:58,16.1,37,0.4,392,4845.3,OK,,,,,
2026-04-26 18:38:14,-40,0,0,0,0,OK,,,,,
2026-04-26 18:38:30,16,37,1.5,392,4763.9,OK,,,,,
2026-04-26 18:38:46,16,37,2,392,4730.6,OK,,,,,
2026-04-26 18:39:02,16,37,1,392,4682.5,OK,,,,,
2026-04-26 18:39:18,16,37,4.1,392,4645.5,OK,,,,,
2026-04-26 18:39:34,15.9,37,2,392,4604.8,OK,,,,,
2026-04-26 18:39:50,15.9,37,0.4,392,4560.4,OK,,,,,
2026-04-26 18:40:06,15.9,37,0.3,392,4504.9,OK,,,,,
2026-04-26 18:40:22,15.9,37,34.9,392,4449.4,OK,,,,,
2026-04-26 18:40:38,15.9,36,2,392,4382.8,OK,,,,,
2026-04-26 18:40:54,15.9,36,1.4,392,4308.8,OK,,,,,
2026-04-26 18:41:10,15.9,36,2.5,392,4257,OK,,,,,
2026-04-26 18:41:26,15.8,36,1.3,392,4160.8,OK,,,,,
2026-04-26 18:41:42,15.8,36,1.8,392,4127.5,OK,,,,,
2026-04-26 18:41:58,15.8,36,1.3,392,4079.4,OK,,,,,
2026-04-26 18:42:14,-40,0,0,0,0,OK,,,,,
2026-04-26 18:42:30,15.8,37,1.3,392,3983.2,OK,,,,,
2026-04-26 18:42:46,15.7,37,0.6,392,3916.6,OK,,,,,
2026-04-26 18:43:02,15.7,37,0.4,392,3850,OK,,,,,
2026-04-26 18:43:18,118.2,37,37.9,392,3783.4,OK,,,,,
2026-04-26 18:43:34,15.7,37,0.8,392,3720.5,OK,,,,,
2026-04-26 18:43:50,15.7,37,0.3,392,3665,OK,,,,,
2026-04-26 18:44:22,15.7,37,0.6,392,3587.3,OK,,,,,
2026-04-26 18:44:38,15.8,36,1.1,392,3550.3,OK,,,,,
2026-04-26 18:44:54,15.8,36,0.3,392,3517,OK,,,,,
2026-04-26 18:45:10,15.8,36,0,392,3480,OK,,,,,
2026-04-26 18:45:26,15.8,37,0.3,392,3428.2,OK,,,,,
2026-04-26 18:45:42,15.8,37,1,392,3398.6,OK,,,,,
2026-04-26 18:45:58,15.7,37,0.6,392,3335.7,OK,,,,,
2026-04-26 18:46:14,15.7,37,1.4,392,3269.1,OK,,,,,
2026-04-26 18:46:30,15.7,38,1,392,3209.9,OK,,,,,
2026-04-26 18:46:46,15.7,38,0.4,392,3154.4,OK,,,,,
2026-04-26 18:47:02,15.6,38,1,392,3091.5,OK,,,,,
2026-04-26 18:47:18,15.6,38,0.1,392,3039.7,OK,,,,,
2026-04-26 18:47:34,15.6,38,0.1,392,2991.6,OK,,,,,
2026-04-26 18:47:50,15.6,38,0.1,392,2939.8,OK,,,,,
2026-04-26 18:48:06,15.6,38,0,392,2899.1,OK,,,,,
2026-04-26 18:48:22,15.6,38,1.8,392,2862.1,OK,,,,,
2026-04-26 18:48:38,15.6,38,0.6,392,2821.4,OK,,,,,
2026-04-26 18:48:54,15.6,38,0,392,2780.7,OK,,,,,
2026-04-26 18:49:10,15.6,38,0.1,392,2740,OK,,,,,
2026-04-26 18:49:26,15.6,38,0.3,392,2691.9,OK,,,,,
2026-04-26 18:49:42,15.6,38,0.7,392,2647.5,OK,,,,,
2026-04-26 18:49:58,15.6,37,1.1,392,2592,OK,,,,,
2026-04-26 18:50:14,15.6,37,1.8,392,2540.2,OK,,,,,
2026-04-26 18:50:30,15.6,38,2.1,392,2484.7,OK,,,,,
2026-04-26 18:50:46,15.6,38,0.4,392,2429.2,OK,,,,,
2026-04-26 18:51:02,15.6,38,0.1,392,2377.4,OK,,,,,
2026-04-26 18:51:18,15.6,38,0,392,2325.6,OK,,,,,
2026-04-26 18:51:34,15.6,38,1.1,392,2273.8,OK,,,,,
2026-04-26 18:51:50,15.6,38,1.1,392,2222,OK,,,,,
2026-04-26 18:52:06,15.6,38,2.1,392,2173.9,OK,,,,,
2026-04-26 18:52:22,15.5,38,1.1,392,2122.1,OK,,,,,
2026-04-26 18:52:39,15.5,38,0.1,392,2077.7,OK,,,,,
2026-04-26 18:52:54,15.5,38,0.1,392,2033.3,OK,,,,,
2026-04-26 18:53:10,15.5,38,0.1,392,1742.7,OK,,,,,
2026-04-26 18:53:26,15.5,38,1,392,1698.3,OK,,,,,
2026-04-26 18:53:42,15.5,38,0.1,392,1657.6,OK,,,,,
2026-04-26 18:53:58,15.5,39,0,392,1613.2,OK,,,,,
2026-04-26 18:54:14,15.5,39,0.7,392,1769,OK,,,,,
2026-04-26 18:54:30,15.5,39,0.1,392,1727.4,OK,,,,,
2026-04-26 18:54:46,15.5,39,0.1,392,1681.6,OK,,,,,
2026-04-26 18:55:02,15.5,39,0,392,1640,OK,,,,,
2026-04-26 18:55:18,15.5,39,0.6,392,1590,OK,,,,,
2026-04-26 18:55:34,15.5,39,0,392,1552.6,OK,,,,,
2026-04-26 18:55:50,15.5,39,0,392,1510.9,OK,,,,,
2026-04-26 18:56:06,15.5,39,0,392,1469.3,OK,,,,,
2026-04-26 18:56:22,15.5,39,0.3,392,1427.7,OK,,,,,
2026-04-26 18:56:38,15.5,39,0.7,392,1390.2,OK,,,,,
2026-04-26 18:56:54,15.5,38,0.1,392,1352.8,OK,,,,,
2026-04-26 18:57:10,15.5,38,0,392,1319.5,OK,,,,,
2026-04-26 18:57:26,15.5,38,0,392,1282,OK,,,,,
2026-04-26 18:57:42,15.5,38,0,392,1248.7,OK,,,,,
2026-04-26 18:57:58,15.5,38,0,392,1215.4,OK,,,,,
2026-04-26 18:58:14,15.6,39,0.1,392,1186.3,OK,,,,,
2026-04-26 18:58:30,15.5,39,0,392,1157.1,OK,,,,,
2026-04-26 18:58:46,15.5,39,0.1,392,1123.8,OK,,,,,
2026-04-26 18:59:02,15.5,38,1,392,1098.9,OK,,,,,
2026-04-26 18:59:18,15.5,38,0.4,392,1069.7,OK,,,,,
2026-04-26 18:59:34,15.5,38,0.3,392,1036.4,OK,,,,,
2026-04-26 18:59:50,15.5,38,1.3,392,1011.4,OK,,,,,
2026-04-26 19:00:06,15.4,38,0.8,392,982.3,OK,,,,,
2026-04-26 19:00:22,15.4,38,0.4,392,953.2,OK,,,,,
2026-04-26 19:00:38,15.4,38,1.4,392,928.2,OK,,,,,
2026-04-26 19:00:54,15.4,38,0,392,894.9,OK,,,,,
2026-04-26 19:01:10,15.4,39,0,392,869.9,OK,,,,,
2026-04-26 19:01:26,15.4,38,0,392,844.9,OK,,,,,
2026-04-26 19:01:42,15.4,39,0,392,815.8,OK,,,,,
2026-04-26 19:01:58,15.4,39,0.1,392,790.8,OK,,,,,
2026-04-26 19:02:14,15.4,38,0,392,765.9,OK,,,,,
2026-04-26 19:02:30,15.4,38,0,392,740.9,OK,,,,,
2026-04-26 19:02:46,15.4,38,0.1,392,720.1,OK,,,,,
2026-04-26 19:03:02,15.4,38,0.1,392,695.1,OK,,,,,
2026-04-26 19:03:18,15.4,38,0.3,392,670.1,OK,,,,,
2026-04-26 19:03:34,15.4,38,0,392,649.3,OK,,,,,
2026-04-26 19:03:50,15.4,38,0.1,392,628.5,OK,,,,,
2026-04-26 19:04:06,15.5,38,0,392,603.5,OK,,,,,
2026-04-26 19:04:22,15.4,38,0.1,392,586.9,OK,,,,,
2026-04-26 19:04:38,15.4,38,0.7,392,566.1,OK,,,,,
2026-04-26 19:04:54,15.5,37,1.1,392,605.8,OK,,,,,
2026-04-26 19:05:10,15.5,37,1.1,392,587.3,OK,,,,,
2026-04-26 19:05:26,15.5,37,2,392,559.6,OK,,,,,
2026-04-26 19:05:42,15.5,37,0.6,392,541.1,OK,,,,,
2026-04-26 19:05:58,15.5,37,0.3,392,522.6,OK,,,,,
2026-04-26 19:06:14,15.5,37,0,392,504.1,OK,,,,,
2026-04-26 19:06:30,15.5,37,0.1,392,481,OK,,,,,
2026-04-26 19:06:46,15.5,36,0.1,392,462.5,OK,,,,,
2026-04-26 19:07:02,15.5,36,0.6,392,439.3,OK,,,,,
2026-04-26 19:07:18,15.5,36,0.1,392,425.5,OK,,,,,
2026-04-26 19:07:34,15.5,36,0.1,392,407,OK,,,,,
2026-04-26 19:07:50,15.5,36,0.4,392,388.5,OK,,,,,
2026-04-26 19:08:06,15.5,36,0.3,392,365.3,OK,,,,,
2026-04-26 19:08:22,15.5,36,0,392,351.5,OK,,,,,
2026-04-26 19:08:38,15.5,36,0,392,333,OK,,,,,
2026-04-26 19:08:54,15.5,37,17.9,392,314.5,OK,,,,,
2026-04-26 19:09:10,15.6,36,0,392,296,OK,,,,,
2026-04-26 19:09:26,15.6,36,0.1,392,277.5,OK,,,,,
2026-04-26 19:09:42,15.6,36,0.6,392,263.6,OK,,,,,
2026-04-26 19:09:58,15.5,36,0.4,392,245.1,OK,,,,,
2026-04-26 19:10:14,15.5,36,0.3,392,226.6,OK,,,,,
2026-04-26 19:10:30,15.5,36,0,392,208.1,OK,,,,,
2026-04-26 19:10:46,15.5,37,0.3,392,194.2,OK,,,,,
2026-04-26 19:11:02,15.6,36,1.5,392,175.7,OK,,,,,
2026-04-26 19:11:18,15.5,36,1,392,161.8,OK,,,,,
2026-04-26 19:11:34,15.5,36,2.9,392,143.3,OK,,,,,
2026-04-26 19:11:50,15.6,35,1.4,392,129.5,OK,,,,,
2026-04-26 19:12:06,15.6,36,1.1,392,115.6,OK,,,,,
2026-04-26 19:12:22,15.5,36,0.7,392,97.1,OK,,,,,
2026-04-26 19:12:38,15.5,36,0.1,392,83.2,OK,,,,,
2026-04-26 19:12:54,15.5,36,0,392,69.3,OK,,,,,
2026-04-26 19:13:10,15.5,36,0.1,392,50.8,OK,,,,,
2026-04-26 19:13:26,15.5,36,0,392,37,OK,,,,,
2026-04-26 19:13:42,15.5,36,0.1,392,18.5,OK,,,,,
2026-04-26 19:13:58,15.5,36,0.1,392,4.6,OK,,,,,
2026-04-26 19:14:14,15.5,36,0,392,0,OK,,,,,
2026-04-26 19:14:30,15.5,36,1,392,0,OK,,,,,
2026-04-26 19:14:46,15.5,36,0.6,392,0,OK,,,,,
2026-04-26 19:15:02,15.5,36,0,392,0,OK,,,,,
2026-04-26 19:15:18,15.5,37,0.1,392,0,OK,,,,,
2026-04-26 19:15:34,15.5,37,0,392,0,OK,,,,,
2026-04-26 19:15:50,15.5,37,0,392,0,OK,,,,,
2026-04-26 19:16:06,15.5,37,0,392,0,OK,,,,,
2026-04-26 19:16:22,15.5,37,0,392,0,OK,,,,,
2026-04-26 19:16:38,15.4,37,0,392,0,OK,,,,,
2026-04-26 19:16:54,15.4,37,0,392,0,OK,,,,,
2026-04-26 19:17:10,15.4,37,0,392,0,OK,,,,,
2026-04-26 19:17:26,15.4,37,0,392,0,OK,,,,,
2026-04-26 19:17:42,15.4,37,0,392,0,OK,,,,,
2026-04-26 19:17:58,15.5,37,0.1,392,0,OK,,,,,
2026-04-26 19:18:14,15.4,37,0.4,392,0,OK,,,,,
2026-04-26 19:18:30,15.5,37,0,392,0,OK,,,,,
2026-04-26 19:18:46,15.4,37,0.8,392,0,OK,,,,,
2026-04-26 19:19:02,15.4,37,1,392,0,OK,,,,,
2026-04-26 19:19:18,15.4,37,0.8,392,0,OK,,,,,
2026-04-26 19:19:34,15.4,37,0.7,392,0,OK,,,,,
2026-04-26 19:19:50,15.4,37,1,392,0,OK,,,,,
2026-04-26 19:20:06,15.4,37,0.6,392,0,OK,,,,,
2026-04-26 19:20:22,15.4,37,0,392,0,OK,,,,,
2026-04-26 19:20:38,15.4,37,0,392,0,OK,,,,,
2026-04-26 19:20:54,15.4,38,0.4,392,0,OK,,,,,
2026-04-26 19:21:10,15.3,37,0.4,392,0,OK,,,,,
2026-04-26 19:21:26,15.3,37,0.3,392,0,OK,,,,,
2026-04-26 19:21:42,15.3,38,0,392,0,OK,,,,,
2026-04-26 19:21:58,15.3,38,0.1,392,0,OK,,,,,
2026-04-26 19:22:14,15.3,37,0.4,392,0,OK,,,,,
2026-04-26 19:22:30,15.3,37,0.1,392,0,OK,,,,,
2026-04-26 19:22:46,15.3,37,0,392,0,OK,,,,,
2026-04-26 19:23:02,15.3,37,0.1,392,0,OK,,,,,
2026-04-26 19:23:18,15.3,37,0,392,0,OK,,,,,
2026-04-26 19:23:34,15.3,37,0.1,392,0,OK,,,,,
2026-04-26 19:23:50,15.3,37,1.7,392,0,OK,,,,,
2026-04-26 19:24:06,15.3,36,1.5,392,0,OK,,,,,
2026-04-26 19:24:22,15.3,37,0,392,0,OK,,,,,
2026-04-26 19:24:38,15.3,37,0,392,0,OK,,,,,
2026-04-26 19:24:54,15.3,37,0.1,392,0,OK,,,,,
2026-04-26 19:25:10,15.3,37,0.3,392,0,OK,,,,,
2026-04-26 19:25:26,15.3,37,0.8,392,0,OK,,,,,
2026-04-26 19:25:42,15.3,37,1.3,392,0,OK,,,,,
2026-04-26 19:25:58,15.3,37,0.8,392,0,OK,,,,,
2026-04-26 19:26:14,15.3,37,1.8,392,0,OK,,,,,
2026-04-26 19:26:30,15.3,37,0.3,392,0,OK,,,,,
2026-04-26 19:26:46,15.3,38,0.3,392,0,OK,,,,,
2026-04-26 19:27:02,15.3,38,0.6,392,0,OK,,,,,
2026-04-26 19:27:18,15.3,38,0.4,392,0,OK,,,,,
2026-04-26 19:27:34,15.3,38,0.1,392,0,OK,,,,,
2026-04-26 19:27:50,15.2,38,0.6,392,0,OK,,,,,
2026-04-26 19:28:06,15.2,38,0.8,392,0,OK,,,,,
2026-04-26 19:28:22,15.2,39,0.6,392,0,OK,,,,,
2026-04-26 19:28:38,15.2,39,0.1,392,0,OK,,,,,
2026-04-26 19:28:54,15.2,39,0,392,0,OK,,,,,
2026-04-26 19:29:10,15.2,39,0.1,392,0,OK,,,,,
2026-04-26 19:29:26,15.2,39,0.4,392,0,OK,,,,,
2026-04-26 19:29:42,15.2,40,0.7,392,0,OK,,,,,
2026-04-26 19:29:58,15.2,40,0.6,392,0,OK,,,,,
2026-04-26 19:30:14,15.1,40,0.7,392,0,OK,,,,,
2026-04-26 19:30:30,15.1,40,0,392,0,OK,,,,,
2026-04-26 19:30:46,15.1,40,0.7,392,0,OK,,,,,
2026-04-26 19:31:02,15.1,40,0,392,0,OK,,,,,
2026-04-26 19:31:18,15.1,40,0.1,392,0,OK,,,,,
2026-04-26 19:31:34,15.1,148,0,392,0,OK,,,,,
2026-04-26 19:31:50,15.1,40,0,392,0,OK,,,,,
2026-04-26 19:32:06,15.1,40,0,392,0,OK,,,,,
2026-04-26 19:32:22,15.1,41,0,392,0,OK,,,,,
2026-04-26 19:32:38,15.1,41,0,392,0,OK,,,,,
2026-04-26 19:32:54,15.1,41,0.3,392,0,OK,,,,,
2026-04-26 19:33:10,15.1,41,0.3,392,0,OK,,,,,
2026-04-26 19:33:26,15.1,233,0,392,0,OK,,,,,
2026-04-26 19:33:42,15.1,41,0,392,0,OK,,,,,
2026-04-26 19:33:58,15.1,41,0,392,0,OK,,,,,
2026-04-26 19:34:14,15.1,41,0.1,392,0,OK,,,,,
2026-04-26 19:34:30,15.1,42,0.1,392,0,OK,,,,,
2026-04-26 19:34:46,15.1,42,0,392,0,OK,,,,,
2026-04-26 19:35:02,34.3,42,0.1,392,0,OK,,,,,
2026-04-26 19:35:18,15.1,42,0,392,0,OK,,,,,
2026-04-26 19:35:34,15.1,42,0,392,0,OK,,,,,
2026-04-26 19:35:50,15.1,42,0.3,392,0,OK,,,,,
2026-04-26 19:36:06,15.1,41,0.3,392,0,OK,,,,,
2026-04-26 19:36:22,15,41,0.1,392,0,OK,,,,,
2026-04-26 19:36:38,15.1,42,0.4,392,0,OK,,,,,
2026-04-26 19:36:54,15,41,0.7,392,0,OK,,,,,
2026-04-26 19:37:10,15.1,41,0.4,392,0,OK,,,,,
2026-04-26 19:37:26,15,42,0.1,392,0,OK,,,,,
2026-04-26 19:37:42,15,42,0,392,0,OK,,,,,
2026-04-26 19:37:58,15,106,0,392,0,OK,,,,,
2026-04-26 19:38:14,15,42,0,392,0,OK,,,,,
2026-04-26 19:38:30,15,42,0,392,0,OK,,,,,
2026-04-26 19:38:46,-40,0,0,0,0,OK,,,,,
2026-04-26 19:39:02,15,42,0,392,0,OK,,,,,
2026-04-26 19:39:18,15,42,0.7,392,0,OK,,,,,
2026-04-26 19:39:34,-40,0,0,0,0,OK,,,,,
2026-04-26 19:39:50,-40,0,0,0,0,OK,,,,,
2026-04-26 19:40:06,15,41,1.1,392,0,OK,,,,,
2026-04-26 19:40:22,15,41,0,392,0,OK,,,,,
2026-04-26 19:40:38,15,121,0.4,392,0,OK,,,,,
2026-04-26 19:40:54,15,41,0.1,392,0,OK,,,,,
2026-04-26 19:41:10,-40,0,0,0,0,OK,,,,,
2026-04-26 19:41:26,15,42,0.6,392,0,OK,,,,,
2026-04-26 19:41:42,15,106,0.1,392,0,OK,,,,,
2026-04-26 19:41:58,15,42,0.7,392,0,OK,,,,,
2026-04-26 19:42:14,15,42,1.1,392,0,OK,,,,,
2026-04-26 19:43:18,15,42,0,408,0,OK,,,,,
2026-04-26 19:43:34,15,42,0.1,392,0,OK,,,,,
2026-04-26 19:43:50,15,42,1,392,0,OK,,,,,
2026-04-26 19:44:06,-40,0,0,0,0,OK,,,,,
2026-04-26 19:44:22,15,42,0.7,392,0,OK,,,,,
2026-04-26 19:44:38,-40,0,0,0,0,OK,,,,,
2026-04-26 19:44:54,14.9,43,0.1,392,0,OK,,,,,
2026-04-26 19:45:10,14.9,43,1,392,0,OK,,,,,
2026-04-26 19:45:26,15,43,0.6,392,0,OK,,,,,
2026-04-26 19:45:42,-40,0,0,0,0,OK,,,,,
2026-04-26 19:45:58,-40,0,0,0,0,OK,,,,,
2026-04-26 19:46:14,14.9,43,1.8,392,0,OK,,,,,
2026-04-26 19:46:30,14.9,43,1,392,0,OK,,,,,
2026-04-26 19:47:34,14.9,44,0.6,392,0,OK,,,,,
2026-04-26 19:47:50,-40,0,0,0,0,OK,,,,,
2026-04-26 19:48:06,14.9,44,1.3,392,0,OK,,,,,
2026-04-26 19:48:22,14.9,44,0.8,392,0,OK,,,,,
2026-04-26 19:48:54,14.8,44,0,392,0,OK,,,,,
2026-04-26 19:49:10,-40,0,0,0,0,OK,,,,,
2026-04-26 19:49:26,14.8,44,0,392,0,OK,,,,,
2026-04-26 19:49:42,14.8,44,0,392,0,OK,,,,,
2026-04-26 19:49:58,14.8,45,0.1,392,0,OK,,,,,
2026-04-26 19:50:14,-40,0,0,0,0,OK,,,,,
2026-04-26 19:50:30,14.7,45,0.7,452,0,OK,,,,,
2026-04-26 19:50:46,14.8,45,0,392,0,OK,,,,,
2026-04-26 19:51:02,14.7,45,0,392,0,OK,,,,,
2026-04-26 19:51:18,14.7,45,0.1,392,0,OK,,,,,
2026-04-26 19:51:34,14.7,45,0.4,392,0,OK,,,,,
2026-04-26 19:51:50,14.7,45,0,504,0,OK,,,,,
2026-04-26 19:52:06,-40,0,0,0,0,OK,,,,,
2026-04-26 19:52:22,-40,0,0,0,0,OK,,,,,
2026-04-26 19:52:38,14.7,46,0,392,0,OK,,,,,
2026-04-26 19:52:54,14.7,46,0,392,0,OK,,,,,
2026-04-26 19:53:10,-40,0,0,0,0,OK,,,,,
2026-04-26 19:53:26,-40,0,0,0,0,OK,,,,,
2026-04-26 19:53:42,14.7,46,0.4,392,0,OK,,,,,
2026-04-26 19:53:58,14.7,45,0.8,392,0,OK,,,,,
2026-04-26 19:54:14,14.7,45,1.1,392,0,OK,,,,,
2026-04-26 19:54:30,-40,0,0,0,0,OK,,,,,
2026-04-26 19:54:46,14.7,45,0.3,392,0,OK,,,,,
2026-04-26 19:55:02,-40,0,0,0,0,OK,,,,,
2026-04-26 19:55:18,14.6,45,0,392,0,OK,,,,,
2026-04-26 19:55:34,-40,0,0,0,0,OK,,,,,
2026-04-26 19:55:50,14.6,45,0.4,392,0,OK,,,,,
2026-04-26 19:56:06,14.6,45,0.4,392,0,OK,,,,,
2026-04-26 19:56:22,14.6,45,0.6,392,0,OK,,,,,
2026-04-26 19:56:38,14.7,45,0.3,392,4915.2,OK,,,,,
2026-04-26 19:56:54,14.7,44,0.8,392,0,OK,,,,,
2026-04-26 19:57:10,-40,0,0,0,0,OK,,,,,
2026-04-26 19:57:26,14.7,44,0.7,392,12.8,OK,,,,,
2026-04-26 19:57:42,-40,0,0,0,0,OK,,,,,
2026-04-26 19:57:58,14.7,45,0.1,392,1261568,OK,,,,,
2026-04-26 19:58:14,14.7,45,0,392,0,OK,,,,,
2026-04-26 19:58:30,14.6,45,0,392,0,OK,,,,,
2026-04-26 19:58:46,14.6,45,35.7,49153,0,OK,,,,,
2026-04-26 19:59:02,-40,0,0,0,0,OK,,,,,
2026-04-26 19:59:18,-40,0,0,0,0,OK,,,,,
2026-04-26 19:59:34,14.6,46,0,392,0,OK,,,,,
2026-04-26 19:59:50,14.6,46,0,392,0,OK,,,,,
2026-04-26 20:00:06,14.6,46,1.5,392,0,OK,,,,,
2026-04-26 20:00:22,21.2,185,13.4,392,0,OK,,,,,
2026-04-26 20:00:38,14.6,46,0.3,392,0,OK,,,,,
2026-04-26 20:00:54,14.6,46,0.7,392,838860.8,OK,,,,,
2026-04-26 20:01:10,-40,0,0,0,0,OK,,,,,
2026-04-26 20:01:26,-40,0,0,0,0,OK,,,,,
2026-04-26 20:01:42,14.5,46,0.4,392,0,OK,,,,,
2026-04-26 20:01:58,14.5,46,0,392,0,OK,,,,,
2026-04-26 20:02:30,14.5,47,0.6,392,0,OK,,,,,
2026-04-26 20:02:46,14.5,47,0,392,0,OK,,,,,
2026-04-26 20:03:02,14.5,47,0,392,0,OK,,,,,
2026-04-26 20:03:18,14.5,47,0,392,0,OK,,,,,
2026-04-26 20:03:34,-40,0,0,0,0,OK,,,,,
2026-04-26 20:03:50,14.5,47,0.3,392,0,OK,,,,,
2026-04-26 20:04:06,14.5,48,0.3,504,0,OK,,,,,
2026-04-26 20:04:22,14.5,48,0,392,0,OK,,,,,
2026-04-26 20:04:38,14.4,48,0.1,392,0,OK,,,,,
2026-04-26 20:04:54,14.4,48,0,408,17.2,OK,,,,,
2026-04-26 20:05:10,-40,0,0,0,0,OK,,,,,
2026-04-26 20:05:26,14.4,48,0.1,392,0,OK,,,,,
2026-04-26 20:05:42,14.4,48,0,392,0,OK,,,,,
2026-04-26 20:05:58,-40,0,0,0,0,OK,,,,,
2026-04-26 20:06:14,-11.2,48,36.7,49378,0,OK,,,,,
2026-04-26 20:06:30,-40,0,0,0,0,OK,,,,,
2026-04-26 20:06:46,-40,0,0,0,0,OK,,,,,
2026-04-26 20:07:02,14.4,47,0.3,392,0,OK,,,,,
2026-04-26 20:07:18,14.5,47,0,392,0,OK,,,,,
2026-04-26 20:07:34,-40,0,0,0,0,OK,,,,,
2026-04-26 20:07:50,14.5,47,0.4,392,0,OK,,,,,
2026-04-26 20:08:06,14.5,47,0,392,0,OK,,,,,
2026-04-26 20:08:22,-40,0,0,0,0,OK,,,,,
2026-04-26 20:08:38,-40,0,0,0,0,OK,,,,,
2026-04-26 20:08:54,14.5,47,1.4,392,0,OK,,,,,
2026-04-26 20:09:10,-40,0,0,0,0,OK,,,,,
2026-04-26 20:09:26,-40,0,0,0,0,OK,,,,,
2026-04-26 20:09:42,-40,0,0,0,0,OK,,,,,
2026-04-26 20:09:58,-40,0,0,0,0,OK,,,,,
2026-04-26 20:10:14,-40,0,0,0,0,OK,,,,,
2026-04-26 20:10:30,14.5,47,0,392,0,OK,,,,,
2026-04-26 20:10:46,-40,0,0,0,0,OK,,,,,
2026-04-26 20:11:02,-40,0,0,0,0,OK,,,,,
2026-04-26 20:11:18,-40,0,0,0,0,OK,,,,,
2026-04-26 20:11:34,-40,0,0,0,0,OK,,,,,
2026-04-26 20:11:50,-40,0,0,0,0,OK,,,,,
2026-04-26 20:12:06,-40,0,0,0,0,OK,,,,,
2026-04-26 20:12:22,-40,0,0,0,0,OK,,,,,
2026-04-26 20:12:38,-40,0,0,0,0,OK,,,,,
2026-04-26 20:12:54,-40,0,0,0,0,OK,,,,,
2026-04-26 20:13:10,-40,0,0,0,0,OK,,,,,
2026-04-26 20:13:26,-40,0,0,0,0,OK,,,,,
2026-04-26 20:13:42,-40,0,0,0,0,OK,,,,,
2026-04-26 20:13:58,-40,0,0,0,0,OK,,,,,
2026-04-26 20:14:14,-40,0,0,0,0,OK,,,,,
2026-04-26 20:14:30,-40,0,0,0,0,OK,,,,,
2026-04-26 20:14:46,-40,0,0,0,0,OK,,,,,
2026-04-26 20:15:02,-40,0,0,0,0,OK,,,,,
2026-04-26 20:15:18,-40,0,0,0,0,OK,,,,,
2026-04-26 20:15:34,-40,0,0,0,0,OK,,,,,
2026-04-26 20:15:50,-40,0,0,0,0,OK,,,,,
2026-04-26 20:16:06,-40,0,0,0,0,OK,,,,,
2026-04-26 20:16:22,-40,0,0,0,0,OK,,,,,
2026-04-26 20:16:38,-40,0,0,0,0,OK,,,,,
2026-04-26 20:16:54,-40,0,0,0,0,OK,,,,,
2026-04-26 20:17:10,14.8,43,0.1,1016,0,OK,,,,,
2026-04-26 20:17:26,14.8,43,0.4,392,0,OK,,,,,
2026-04-26 20:17:42,-40,0,0,0,0,OK,,,,,
2026-04-26 20:17:58,-40,0,0,0,0,OK,,,,,
2026-04-26 20:18:14,14.8,44,0.6,392,0,OK,,,,,
2026-04-26 20:18:30,-40,0,0,0,0,OK,,,,,
2026-04-26 20:18:46,-40,0,0,0,0,OK,,,,,
2026-04-26 20:19:02,-40,0,0,0,0,OK,,,,,
2026-04-26 20:19:18,-40,0,0,0,0,OK,,,,,
2026-04-26 20:19:34,-40,0,0,0,0,OK,,,,,
2026-04-26 20:19:50,14.8,44,0.1,392,0,OK,,,,,
2026-04-26 20:20:06,-40,0,0,0,0,OK,,,,,
2026-04-26 20:20:22,-40,0,0,0,0,OK,,,,,
2026-04-26 20:20:38,-40,0,0,0,0,OK,,,,,
2026-04-26 20:20:54,14.8,44,0.4,392,0,OK,,,,,
2026-04-26 20:21:10,-40,0,0,0,0,OK,,,,,
2026-04-26 20:21:26,-10.8,44,35.8,392,0,OK,,,,,
2026-04-26 20:21:42,-40,0,0,0,0,OK,,,,,
2026-04-26 20:21:58,-40,0,0,0,0,OK,,,,,
2026-04-26 20:22:14,-40,0,0,0,0,OK,,,,,
2026-04-26 20:22:46,-40,0,0,0,0,OK,,,,,
2026-04-26 20:23:02,-40,0,0,0,0,OK,,,,,
2026-04-26 20:23:18,-40,0,0,0,0,OK,,,,,
2026-04-26 20:23:34,-40,0,0,0,0,OK,,,,,
2026-04-26 20:23:50,-40,0,0,0,0,OK,,,,,
2026-04-26 20:24:06,15,43,1.1,392,0,OK,,,,,
2026-04-26 20:24:22,-40,0,0,0,0,OK,,,,,
2026-04-26 20:24:38,-40,0,0,0,0,OK,,,,,
2026-04-26 20:24:54,15,43,0.3,392,0,OK,,,,,
2026-04-26 20:25:26,-40,0,0,0,0,OK,,,,,
2026-04-26 20:25:42,-40,0,0,0,0,OK,,,,,
2026-04-26 20:25:58,15,43,0.4,392,0,OK,,,,,
2026-04-26 20:26:14,164.7,43,37.7,49406,0,OK,,,,,
2026-04-26 20:26:30,-40,0,0,0,0,OK,,,,,
2026-04-26 20:26:46,-40,0,0,0,0,OK,,,,,
2026-04-26 20:27:02,-40,0,0,0,0,OK,,,,,
2026-04-26 20:27:18,15.1,58,6.7,34816,25.5,OK,,,,,
2026-04-26 20:27:34,15,43,1.8,504,0,OK,,,,,
2026-04-26 20:27:50,-40,0,0,0,0,OK,,,,,
2026-04-26 20:28:06,-40,0,0,0,0,OK,,,,,
2026-04-26 20:28:54,-40,0,0,0,0,OK,,,,,
2026-04-26 20:29:10,15,42,1.1,392,0,OK,,,,,
2026-04-26 20:29:42,-40,0,0,0,0,OK,,,,,
2026-04-26 20:29:58,-40,0,0,0,0,OK,,,,,
2026-04-26 20:30:14,-40,0,0,0,0,OK,,,,,
2026-04-26 20:30:30,-40,0,0,0,0,OK,,,,,
2026-04-26 20:30:46,-40,0,0,0,0,OK,,,,,
2026-04-26 20:31:18,15.2,42,0.3,392,0,OK,,,,,
2026-04-26 20:31:34,15.2,42,0.8,392,0,OK,,,,,
2026-04-26 20:31:50,-40,0,0,0,0,OK,,,,,
2026-04-26 20:32:06,-40,0,0,0,0,OK,,,,,
2026-04-26 20:32:22,15.2,42,2.5,392,0,OK,,,,,
2026-04-26 20:32:38,-40,0,0,0,0,OK,,,,,
2026-04-26 20:32:54,15.2,42,1,392,0,OK,,,,,
2026-04-26 20:33:10,-40,0,0,0,0,OK,,,,,
2026-04-26 20:33:26,-40,0,0,0,0,OK,,,,,
2026-04-26 20:33:58,-40,0,0,0,0,OK,,,,,
2026-04-26 20:34:14,-40,0,0,0,0,OK,,,,,
2026-04-26 20:34:30,-40,0,0,0,0,OK,,,,,
2026-04-26 20:35:02,-40,0,0,0,0,OK,,,,,
2026-04-26 20:35:34,-40,0,0,0,0,OK,,,,,
2026-04-26 20:36:06,-40,0,0,0,0,OK,,,,,
2026-04-26 20:37:10,-40,0,0,0,0,OK,,,,,
2026-04-26 20:37:26,-40,0,0,0,0,OK,,,,,
2026-04-26 20:37:42,15.2,43,0.3,392,0,OK,,,,,
2026-04-26 20:37:58,-40,0,0,0,0,OK,,,,,
2026-04-26 20:38:14,-40,0,0,0,0,OK,,,,,
2026-04-26 20:38:30,-40,0,0,0,0,OK,,,,,
2026-04-26 20:38:46,-40,0,0,0,0,OK,,,,,
2026-04-26 20:39:18,117.7,123,1.3,504,0,OK,,,,,
2026-04-26 20:39:34,-40,0,0,0,0,OK,,,,,
2026-04-26 20:39:50,-40,0,0,0,0,OK,,,,,
2026-04-26 20:40:06,15.3,43,0.1,392,0,OK,,,,,
2026-04-26 20:40:22,-40,0,0,0,0,OK,,,,,
2026-04-26 20:40:38,15.2,43,1.5,392,0,OK,,,,,
2026-04-26 20:40:54,-40,0,0,0,0,OK,,,,,
2026-04-26 20:41:10,15.2,43,0.3,392,0,OK,,,,,
2026-04-26 20:41:42,-40,0,0,0,0,OK,,,,,
2026-04-26 20:41:58,15.3,42,1.1,392,0,OK,,,,,
2026-04-26 20:42:30,-40,0,0,0,0,OK,,,,,
2026-04-26 20:43:02,-40,0,0,0,0,OK,,,,,
2026-04-26 20:43:18,-40,0,0,0,0,OK,,,,,
2026-04-26 20:43:34,-40,0,0,0,0,OK,,,,,
2026-04-26 20:43:50,15.3,42,0.4,392,0,OK,,,,,
2026-04-26 20:44:22,-40,0,0,0,0,OK,,,,,
2026-04-26 20:44:38,-40,0,0,0,0,OK,,,,,
2026-04-26 20:44:54,15.3,42,0.6,392,0,OK,,,,,
2026-04-26 20:45:10,-40,0,0,0,0,OK,,,,,
2026-04-26 20:45:26,-40,0,0,0,0,OK,,,,,
2026-04-26 20:45:42,-40,0,0,0,0,OK,,,,,
2026-04-26 20:45:58,15.3,42,0.6,16280,0,OK,,,,,
2026-04-26 20:46:14,-40,0,0,0,0,OK,,,,,
2026-04-26 20:46:30,-40,0,0,0,0,OK,,,,,
2026-04-26 20:47:34,-40,0,0,0,0,OK,,,,,
2026-04-26 20:47:50,-40,0,0,0,0,OK,,,,,
2026-04-26 20:49:10,-40,0,0,0,0,OK,,,,,
2026-04-26 20:49:26,15.3,42,2.7,392,3276.8,OK,,,,,
2026-04-26 20:51:02,-40,0,0,0,0,OK,,,,,
2026-04-26 20:51:18,-40,0,0,0,0,OK,,,,,
2026-04-26 20:52:22,-40,0,0,0,0,OK,,,,,
2026-04-26 20:52:38,-40,0,0,0,0,OK,,,,,
2026-04-26 20:53:10,15.2,42,1.3,392,0,OK,,,,,
2026-04-26 20:53:26,15.3,234,1.8,408,12.8,OK,,,,,
2026-04-26 20:53:42,-40,0,0,0,0,OK,,,,,
2026-04-26 20:53:58,-40,0,0,0,0,OK,,,,,
2026-04-26 20:54:14,-40,0,0,0,0,OK,,,,,
2026-04-26 20:54:30,-40,0,0,0,0,OK,,,,,
2026-04-26 20:55:02,-40,0,0,0,0,OK,,,,,
2026-04-26 20:55:34,15.2,43,0.3,392,0,OK,,,,,
2026-04-26 20:55:50,16.8,43,0.3,60928,25.3,OK,,,,,
2026-04-26 20:56:22,15.2,43,0.3,392,0,OK,,,,,
2026-04-26 20:56:54,-10.4,42,37.2,392,0,OK,,,,,
2026-04-26 20:57:10,15.2,43,0.3,392,0,OK,,,,,
2026-04-26 20:57:26,-40,0,0,0,0,OK,,,,,
2026-04-26 20:58:14,-40,0,0,0,0,OK,,,,,
2026-04-26 20:58:30,16.8,44,2,392,0,OK,,,,,
2026-04-26 20:58:46,15.2,43,1.4,392,0,OK,,,,,
2026-04-26 20:59:02,-40,0,0,0,0,OK,,,,,
2026-04-26 20:59:18,-40,0,0,0,0,OK,,,,,
2026-04-26 20:59:50,-40,0,0,0,0,OK,,,,,
2026-04-26 21:00:06,-40,0,0,0,0,OK,,,,,
2026-04-26 21:00:38,-40,0,0,0,0,OK,,,,,
2026-04-26 21:01:26,-40,0,0,0,0,OK,,,,,
2026-04-26 21:01:42,-40,0,0,0,0,OK,,,,,
2026-04-26 21:01:58,-40,0,0,0,0,OK,,,,,
2026-04-26 21:02:14,-40,0,0,0,0,OK,,,,,
2026-04-26 21:02:30,-40,0,0,0,0,OK,,,,,
2026-04-26 21:02:46,-40,0,0,0,0,OK,,,,,
2026-04-26 21:03:02,-40,0,0,0,0,OK,,,,,
2026-04-26 21:03:34,21.5,60,0.6,392,0,OK,,,,,
2026-04-26 21:04:22,-40,0,0,0,0,OK,,,,,
2026-04-26 21:04:38,-40,0,0,0,0,OK,,,,,
2026-04-26 21:04:54,-40,0,0,0,0,OK,,,,,
2026-04-26 21:05:26,-40,0,0,0,0,OK,,,,,
2026-04-26 21:06:14,15,44,1.3,392,0,OK,,,,,
2026-04-26 21:06:30,-40,0,0,0,0,OK,,,,,
2026-04-26 21:07:02,-40,0,0,0,0,OK,,,,,
2026-04-26 21:07:18,15,45,2.2,392,0,OK,,,,,
2026-04-26 21:07:34,-40,0,0,0,0,OK,,,,,
2026-04-26 21:08:54,15,45,0.4,392,0,OK,,,,,
2026-04-26 21:09:10,-40,0,0,0,0,OK,,,,,
2026-04-26 21:10:30,-40,0,0,0,0,OK,,,,,
2026-04-26 21:11:18,-40,0,0,0,0,OK,,,,,
2026-04-26 21:11:34,-40,0,0,0,0,OK,,,,,
2026-04-26 21:11:50,-40,0,0,0,0,OK,,,,,
2026-04-26 21:12:22,-40,0,0,0,0,OK,,,,,
2026-04-26 21:12:38,-40,0,0,0,0,OK,,,,,
2026-04-26 21:12:54,-40,0,0,0,0,OK,,,,,
2026-04-26 21:13:10,-40,0,0,0,0,OK,,,,,
2026-04-26 21:13:26,-40,0,0,0,0,OK,,,,,
2026-04-26 21:13:58,15,46,0.8,392,0,OK,,,,,
2026-04-26 21:14:30,-40,0,0,0,0,OK,,,,,
2026-04-26 21:14:46,15,46,0.7,392,0,OK,,,,,
2026-04-26 21:15:02,-40,0,0,0,0,OK,,,,,
2026-04-26 21:15:18,15,46,0,392,0,OK,,,,,
2026-04-26 21:16:22,-40,0,0,0,0,OK,,,,,
2026-04-26 21:17:42,-40,0,0,0,0,OK,,,,,
2026-04-26 21:18:46,-40,0,0,0,0,OK,,,,,
2026-04-26 21:19:02,15,203,1.7,392,0,OK,,,,,
2026-04-26 21:19:50,-40,0,0,0,0,OK,,,,,
2026-04-26 21:20:06,15.1,44,1.1,392,3276.8,OK,,,,,
2026-04-26 21:20:22,-40,0,0,0,0,OK,,,,,
2026-04-26 21:20:38,-40,0,0,0,0,OK,,,,,
2026-04-26 21:20:54,15,45,0,1016,0,OK,,,,,
2026-04-26 21:21:10,15,45,0.1,392,0,OK,,,,,
2026-04-26 21:21:42,15,45,0.1,504,0,OK,,,,,
2026-04-26 21:21:58,-40,0,0,0,0,OK,,,,,
2026-04-26 21:22:14,-40,0,0,0,0,OK,,,,,
2026-04-26 21:22:30,-40,0,0,0,0,OK,,,,,
2026-04-26 21:22:46,-40,0,0,0,0,OK,,,,,
2026-04-26 21:23:18,-40,0,0,0,0,OK,,,,,
2026-04-26 21:23:34,15,45,18.1,392,0,OK,,,,,
2026-04-26 21:23:50,15,45,1.5,392,0,OK,,,,,
2026-04-26 21:24:06,15,45,0.3,392,0,OK,,,,,
2026-04-26 21:24:38,-40,0,0,0,0,OK,,,,,
2026-04-26 21:24:54,15.1,44,1,392,0,OK,,,,,
2026-04-26 21:25:10,15.1,44,4.3,392,0,OK,,,,,
2026-04-26 21:25:26,-40,0,0,0,0,OK,,,,,
2026-04-26 21:25:42,-40,0,0,0,0,OK,,,,,
2026-04-26 21:25:58,-40,0,0,0,0,OK,,,,,
2026-04-26 21:26:14,-40,0,0,0,0,OK,,,,,
2026-04-26 21:27:02,-40,0,0,0,0,OK,,,,,
2026-04-26 21:27:18,15.1,46,1,392,0,OK,,,,,
2026-04-26 21:27:34,-40,0,0,0,0,OK,,,,,
2026-04-26 21:27:50,-40,0,0,0,0,OK,,,,,
2026-04-26 21:28:06,-40,0,0,0,0,OK,,,,,
2026-04-26 21:28:22,-40,0,0,0,0,OK,,,,,
2026-04-26 21:28:38,-40,0,0,0,0,OK,,,,,
2026-04-26 21:28:54,15.1,46,0.1,392,0,OK,,,,,
2026-04-26 21:29:10,15,46,0,392,0,OK,,,,,
2026-04-26 21:29:26,-40,0,0,0,0,OK,,,,,
2026-04-26 21:29:42,-40,0,0,0,0,OK,,,,,
2026-04-26 21:29:58,-40,0,0,0,0,OK,,,,,
2026-04-26 21:30:14,-40,0,0,0,0,OK,,,,,
2026-04-26 21:30:46,-40,0,0,0,0,OK,,,,,
2026-04-26 21:31:02,15,48,0,392,0,OK,,,,,
2026-04-26 21:31:34,-40,0,0,0,0,OK,,,,,
2026-04-26 21:33:26,14.9,48,0,392,0,OK,,,,,
2026-04-26 21:33:42,-40,0,0,0,0,OK,,,,,
2026-04-26 21:33:58,-40,0,0,0,0,OK,,,,,
2026-04-26 21:35:18,15,48,1.4,392,0,OK,,,,,
2026-04-26 21:35:34,-40,0,0,0,0,OK,,,,,
2026-04-26 21:35:50,-40,0,0,0,0,OK,,,,,
2026-04-26 21:36:06,14.9,48,0,392,0,OK,,,,,
2026-04-26 21:37:10,-40,0,0,0,0,OK,,,,,
2026-04-26 21:37:58,14.9,48,0.8,392,0,OK,,,,,
2026-04-26 21:38:14,-40,0,0,0,0,OK,,,,,
2026-04-26 21:38:30,-40,0,0,0,0,OK,,,,,
2026-04-26 21:39:02,-10.6,48,35.8,392,0,OK,,,,,
2026-04-26 21:39:34,15,49,2.2,392,0,OK,,,,,
2026-04-26 21:40:06,-40,0,0,0,0,OK,,,,,
2026-04-26 21:41:10,-40,0,0,0,0,OK,,,,,
2026-04-26 21:41:26,14.9,49,0,392,0,OK,,,,,
2026-04-26 21:42:30,-40,0,0,0,0,OK,,,,,
2026-04-26 21:42:46,-40,0,0,0,0,OK,,,,,
2026-04-26 21:43:02,14.9,48,0.3,392,0,OK,,,,,
2026-04-26 21:43:18,15,48,0.4,392,0,OK,,,,,
2026-04-26 21:43:34,14.9,48,0.7,392,3276.8,OK,,,,,
2026-04-26 21:44:22,14.9,48,4.2,392,838860.8,OK,,,,,
2026-04-26 21:44:38,-40,0,0,0,0,OK,,,,,
2026-04-26 21:44:54,-40,0,0,0,0,OK,,,,,
2026-04-26 21:46:30,-40,0,0,0,0,OK,,,,,
2026-04-26 21:46:46,15.8,47,13.4,1928,0,OK,,,,,
2026-04-26 21:47:18,-40,0,0,0,0,OK,,,,,
2026-04-26 21:47:34,15,48,0.8,392,0,OK,,,,,
2026-04-26 21:48:06,-40,0,0,0,0,OK,,,,,
2026-04-26 21:48:38,15,48,1.1,392,0,OK,,,,,
2026-04-26 21:48:54,15,48,2.5,392,0,OK,,,,,
2026-04-26 21:49:10,-40,0,0,0,0,OK,,,,,
2026-04-26 21:49:26,-40,0,0,0,0,OK,,,,,
2026-04-26 21:49:42,-40,0,0,0,0,OK,,,,,
2026-04-26 21:49:58,15,48,0.6,392,12.8,OK,,,,,
2026-04-26 21:50:14,15,47,1.3,392,0,OK,,,,,
2026-04-26 21:50:46,-40,0,0,0,0,OK,,,,,
2026-04-26 21:53:58,-40,0,0,0,0,OK,,,,,
2026-04-26 21:54:30,-40,0,0,0,0,OK,,,,,
2026-04-26 21:54:46,-40,0,0,0,0,OK,,,,,
2026-04-26 21:55:02,15,47,1.7,440,0,OK,,,,,
2026-04-26 21:55:18,-40,0,0,0,0,OK,,,,,
2026-04-26 21:55:34,-40,0,0,0,0,OK,,,,,
2026-04-26 21:55:50,-40,0,0,0,0,OK,,,,,
2026-04-26 21:56:54,17.5,47,1.3,392,0,OK,,,,,
2026-04-26 21:57:10,-40,0,0,0,0,OK,,,,,
2026-04-26 21:57:58,15,47,0.6,482,0,OK,,,,,
2026-04-26 21:59:02,-10.6,47,36.4,392,0,OK,,,,,
2026-04-26 21:59:18,-40,0,0,0,0,OK,,,,,
2026-04-26 21:59:34,15,47,0.8,392,19.2,OK,,,,,
2026-04-26 21:59:50,-40,0,0,0,0,OK,,,,,
2026-04-26 22:00:22,15,46,1.3,392,0,OK,,,,,
2026-04-26 22:00:38,-40,0,0,0,0,OK,,,,,
2026-04-26 22:00:54,15.1,46,2.1,392,0,OK,,,,,
2026-04-26 22:01:26,15.1,46,1.3,392,0,OK,,,,,
2026-04-26 22:01:42,-40,0,0,0,0,OK,,,,,
2026-04-26 22:02:14,15.1,46,0.4,392,0,OK,,,,,
2026-04-26 22:02:46,15.1,110,0.1,392,0,OK,,,,,
2026-04-26 22:03:02,15.1,46,0.1,65416,0,OK,,,,,
2026-04-26 22:03:50,15.1,46,2.1,452,0,OK,,,,,
2026-04-26 22:04:06,15.1,46,1.5,392,9.6,OK,,,,,
2026-04-26 22:04:22,15.2,46,1.5,392,0,OK,,,,,
2026-04-26 22:04:38,-40,0,0,0,0,OK,,,,,
2026-04-26 22:04:54,15.2,46,0.3,392,0,OK,,,,,
2026-04-26 22:05:10,-40,0,0,0,0,OK,,,,,
2026-04-26 22:05:26,-40,0,0,0,0,OK,,,,,
2026-04-26 22:05:58,-40,0,0,0,0,OK,,,,,
2026-04-26 22:06:14,-40,0,0,0,0,OK,,,,,
2026-04-26 22:06:46,-40,0,0,0,0,OK,,,,,
2026-04-26 22:07:02,-40,0,0,0,0,OK,,,,,
2026-04-26 22:07:18,-40,0,0,0,0,OK,,,,,
2026-04-26 22:07:34,-40,0,0,0,0,OK,,,,,
2026-04-26 22:07:50,-40,0,0,0,0,OK,,,,,
2026-04-26 22:08:06,-40,0,0,0,0,OK,,,,,
2026-04-26 22:08:38,-40,0,0,0,0,OK,,,,,
2026-04-26 22:08:54,-40,0,0,0,0,OK,,,,,
2026-04-26 22:09:26,-40,0,0,0,0,OK,,,,,
2026-04-26 22:09:42,-40,0,0,0,0,OK,,,,,
2026-04-26 22:09:58,-40,0,0,0,0,OK,,,,,
2026-04-26 22:10:30,15.1,110,1.1,392,0,OK,,,,,
2026-04-26 22:10:46,-40,0,0,0,0,OK,,,,,
2026-04-26 22:11:02,-40,0,0,0,0,OK,,,,,
2026-04-26 22:12:06,-40,0,0,0,0,OK,,,,,
2026-04-26 22:12:38,-40,0,0,0,0,OK,,,,,
2026-04-26 22:13:10,15.1,46,0.8,392,0,OK,,,,,
2026-04-26 22:13:42,-40,0,0,0,0,OK,,,,,
2026-04-26 22:13:58,-40,0,0,0,0,OK,,,,,
2026-04-26 22:14:14,117.5,46,72.4,392,0,OK,,,,,
2026-04-26 22:14:30,-40,0,0,0,0,OK,,,,,
2026-04-26 22:14:46,-40,0,0,0,0,OK,,,,,
2026-04-26 22:15:02,-40,0,0,0,0,OK,,,,,
2026-04-26 22:15:18,-40,0,0,0,0,OK,,,,,
2026-04-26 22:15:34,-10.5,46,36.4,392,0,OK,,,,,
2026-04-26 22:15:50,144.2,185,121,392,0,OK,,,,,
2026-04-26 22:16:06,-40,0,0,0,0,OK,,,,,
2026-04-26 22:17:26,-40,0,0,0,0,OK,,,,,
2026-04-26 22:17:42,35.5,46,0.8,392,0,OK,,,,,
2026-04-26 22:17:58,-40,0,0,0,0,OK,,,,,
2026-04-26 22:18:30,-40,0,0,0,0,OK,,,,,
2026-04-26 22:18:46,15,46,0,392,0,OK,,,,,
2026-04-26 22:19:02,-40,0,0,0,0,OK,,,,,
2026-04-26 22:19:18,15,47,2.2,392,0,OK,,,,,
2026-04-26 22:19:50,-40,0,0,0,0,OK,,,,,
2026-04-26 22:21:10,-40,0,0,0,0,OK,,,,,
2026-04-26 22:21:26,-40,0,0,0,0,OK,,,,,
2026-04-26 22:21:58,-40,0,0,0,0,OK,,,,,
2026-04-26 22:22:14,14.9,48,0.4,392,0,OK,,,,,
2026-04-26 22:23:18,-40,0,0,0,0,OK,,,,,
2026-04-26 22:25:26,-40,0,0,0,0,OK,,,,,
2026-04-26 22:25:58,-40,0,0,0,0,OK,,,,,
2026-04-26 22:26:30,117.2,50,0,392,0,OK,,,,,
2026-04-26 22:26:46,-40,0,0,0,0,OK,,,,,
2026-04-26 22:27:02,-40,0,0,0,0,OK,,,,,
2026-04-26 22:27:34,15.1,50,2.2,392,0,OK,,,,,
2026-04-26 22:29:42,-40,0,0,0,0,OK,,,,,
2026-04-26 22:30:14,-40,0,0,0,0,OK,,,,,
2026-04-26 22:30:30,-40,0,0,0,0,OK,,,,,
2026-04-26 22:31:02,-40,0,0,0,0,OK,,,,,
2026-04-26 22:33:10,14.7,50,1,392,0,OK,,,,,
2026-04-26 22:33:42,-10.5,243,125.6,392,0,OK,,,,,
2026-04-26 22:33:58,-40,0,0,0,0,OK,,,,,
2026-04-26 22:35:50,-40,0,0,0,0,OK,,,,,
2026-04-26 22:36:06,-40,0,0,0,0,OK,,,,,
2026-04-26 22:36:54,-40,0,0,0,0,OK,,,,,
2026-04-26 22:39:02,14.7,50,0.1,392,0,OK,,,,,
2026-04-26 22:39:18,-40,0,0,0,0,OK,,,,,
2026-04-26 22:39:34,-40,0,0,0,0,OK,,,,,
2026-04-26 22:39:50,-40,0,0,0,0,OK,,,,,
2026-04-26 22:40:06,14.7,51,0,392,0,OK,,,,,
2026-04-26 22:40:38,14.7,51,0,408,0,OK,,,,,
2026-04-26 22:40:54,36.7,51,0.1,392,0,OK,,,,,
2026-04-26 22:42:30,33.9,243,0,392,0,OK,,,,,
2026-04-26 22:42:46,-40,0,0,0,0,OK,,,,,
2026-04-26 22:43:02,14.6,52,0.1,392,0,OK,,,,,
2026-04-26 22:43:18,-40,0,0,0,0,OK,,,,,
2026-04-26 22:44:38,14.6,52,0,392,0,OK,,,,,
2026-04-26 22:44:54,-40,0,0,0,0,OK,,,,,
2026-04-26 22:46:14,-40,0,0,0,0,OK,,,,,
2026-04-26 22:46:30,-40,0,0,0,0,OK,,,,,
2026-04-26 22:46:46,-40,0,0,0,0,OK,,,,,
2026-04-26 22:47:18,-40,0,0,0,0,OK,,,,,
2026-04-26 22:47:34,-40,0,0,0,0,OK,,,,,
2026-04-26 22:47:50,-40,0,0,0,0,OK,,,,,
2026-04-26 22:48:06,-40,0,0,0,0,OK,,,,,
2026-04-26 22:48:22,-40,0,0,0,0,OK,,,,,
2026-04-26 22:48:38,-40,0,0,0,0,OK,,,,,
2026-04-26 22:48:54,-40,0,0,0,0,OK,,,,,
2026-04-26 22:49:10,14.6,63,0.3,392,0,OK,,,,,
2026-04-26 22:49:26,-40,0,0,0,0,OK,,,,,
2026-04-26 22:49:42,-40,0,0,0,0,OK,,,,,
2026-04-26 22:51:18,-40,0,0,0,0,OK,,,,,
2026-04-26 22:51:34,14.5,54,0.4,392,0,OK,,,,,
2026-04-26 22:52:22,11.1,115,98.7,392,0,OK,,,,,
2026-04-26 22:52:38,-40,0,0,0,0,OK,,,,,
2026-04-26 22:52:54,14.5,54,0,392,0,OK,,,,,
2026-04-26 22:53:26,-40,0,0,0,0,OK,,,,,
2026-04-26 22:53:42,-40,0,0,0,0,OK,,,,,
2026-04-26 22:53:58,-40,0,0,0,0,OK,,,,,
2026-04-26 22:54:14,-40,0,0,0,0,OK,,,,,
2026-04-26 22:54:30,-40,0,0,0,0,OK,,,,,
2026-04-26 22:54:46,14.4,55,1.4,392,0,OK,,,,,
2026-04-26 22:55:02,-40,0,0,0,0,OK,,,,,
2026-04-26 22:55:18,-40,0,0,0,0,OK,,,,,
2026-04-26 22:56:22,-40,0,0,0,0,OK,,,,,
2026-04-26 22:56:38,14.4,55,0,392,0,OK,,,,,
2026-04-26 22:56:54,-40,0,0,0,0,OK,,,,,
2026-04-26 22:57:26,-40,0,0,0,0,OK,,,,,
2026-04-26 22:57:58,-40,0,0,0,0,OK,,,,,
2026-04-26 22:58:14,-40,0,0,0,0,OK,,,,,
2026-04-26 22:58:30,-40,0,0,0,0,OK,,,,,
2026-04-26 22:58:46,14.3,56,0,392,0,OK,,,,,
2026-04-26 23:00:06,14.3,56,17.9,392,0,OK,,,,,
2026-04-26 23:00:38,-40,0,0,0,0,OK,,,,,
2026-04-26 23:01:10,-40,0,0,0,0,OK,,,,,
2026-04-26 23:01:26,-40,0,0,0,0,OK,,,,,
2026-04-26 23:01:42,14.2,56,13.4,392,0,OK,,,,,
2026-04-26 23:02:14,-40,0,0,0,0,OK,,,,,
2026-04-26 23:02:30,-40,0,0,0,0,OK,,,,,
2026-04-26 23:02:46,-40,0,0,0,0,OK,,,,,
2026-04-26 23:03:02,14.3,57,0.1,392,9.6,OK,,,,,
2026-04-26 23:03:18,-40,0,0,0,0,OK,,,,,
2026-04-26 23:03:34,-40,0,0,0,0,OK,,,,,
2026-04-26 23:04:38,14.3,57,0.1,392,0,OK,,,,,
2026-04-26 23:06:14,-40,0,0,0,0,OK,,,,,
2026-04-26 23:06:30,-40,0,0,0,0,OK,,,,,
2026-04-26 23:07:34,-40,0,0,0,0,OK,,,,,
2026-04-26 23:07:50,-40,0,0,0,0,OK,,,,,
2026-04-26 23:08:06,14.2,58,0.3,392,0,OK,,,,,
2026-04-26 23:08:22,-40,0,0,0,0,OK,,,,,
2026-04-26 23:08:54,-40,0,0,0,0,OK,,,,,
2026-04-26 23:09:10,14.2,62,0,392,0,OK,,,,,
2026-04-26 23:09:26,-40,0,0,0,0,OK,,,,,
2026-04-26 23:10:30,-40,0,0,0,0,OK,,,,,
2026-04-26 23:10:46,14.2,57,0.1,408,0,OK,,,,,
2026-04-26 23:11:02,14.2,57,0.3,392,0,OK,,,,,
2026-04-26 23:11:18,14.2,57,1.3,392,0,OK,,,,,
2026-04-26 23:11:34,39.8,58,36.1,392,0,OK,,,,,
2026-04-26 23:12:22,-40,0,0,0,0,OK,,,,,
2026-04-26 23:12:38,14.2,58,2.1,408,4.8,OK,,,,,
2026-04-26 23:12:54,-40,0,0,0,0,OK,,,,,
2026-04-26 23:13:10,-40,0,0,0,0,OK,,,,,
2026-04-26 23:13:26,14.2,58,0,392,0,OK,,,,,
2026-04-26 23:13:58,-40,0,0,0,0,OK,,,,,
2026-04-26 23:14:14,-40,0,0,0,0,OK,,,,,
2026-04-26 23:14:30,14.2,58,0,392,0,OK,,,,,
2026-04-26 23:14:46,-40,0,0,0,0,OK,,,,,
2026-04-26 23:15:02,14.1,58,0,392,0,OK,,,,,
2026-04-26 23:15:34,14.1,58,0,392,0,OK,,,,,
2026-04-26 23:15:50,-40,0,0,0,0,OK,,,,,
2026-04-26 23:16:38,-11.4,58,37.8,392,12.8,OK,,,,,
2026-04-26 23:16:54,14.1,58,0,392,19.2,OK,,,,,
2026-04-26 23:17:26,25.5,228,2,392,12.8,OK,,,,,
2026-04-26 23:17:42,14.1,58,0.1,392,0,OK,,,,,
2026-04-26 23:18:14,14.1,58,0.3,482,0,OK,,,,,
2026-04-26 23:18:30,-40,0,0,0,0,OK,,,,,
2026-04-26 23:18:46,-40,0,0,0,0,OK,,,,,
2026-04-26 23:19:02,14.1,126,0,392,0,OK,,,,,
2026-04-26 23:19:18,14.1,59,0,8088,0,OK,,,,,
2026-04-26 23:19:34,14.1,59,0.1,392,0,OK,,,,,
2026-04-26 23:19:50,-40,0,0,0,0,OK,,,,,
2026-04-26 23:20:06,-40,0,0,0,0,OK,,,,,
2026-04-26 23:20:22,14.3,59,0,392,0,OK,,,,,
2026-04-26 23:20:38,14.1,59,0,392,0,OK,,,,,
2026-04-26 23:21:42,-40,0,0,0,0,OK,,,,,
2026-04-26 23:23:18,-40,0,0,0,0,OK,,,,,
2026-04-26 23:24:06,-40,0,0,0,0,OK,,,,,
2026-04-26 23:24:22,14,58,0,904,0,OK,,,,,
2026-04-26 23:24:38,-40,0,0,0,0,OK,,,,,
2026-04-26 23:24:54,-40,0,0,0,0,OK,,,,,
2026-04-26 23:25:10,-40,0,0,0,0,OK,,,,,
2026-04-26 23:26:14,-40,0,0,0,0,OK,,,,,
2026-04-26 23:27:18,-40,0,0,0,0,OK,,,,,
2026-04-26 23:27:34,13.9,63,0,504,0,OK,,,,,
2026-04-26 23:27:50,13.9,59,0,392,0,OK,,,,,
2026-04-26 23:28:06,13.9,59,0,392,0,OK,,,,,
2026-04-26 23:28:38,-40,0,0,0,0,OK,,,,,
2026-04-26 23:28:54,-40,0,0,0,0,OK,,,,,
2026-04-26 23:29:10,13.9,60,0,392,0,OK,,,,,
2026-04-26 23:29:26,-40,0,0,0,0,OK,,,,,
2026-04-26 23:29:42,-40,0,0,0,0,OK,,,,,
2026-04-26 23:29:58,-40,0,0,0,0,OK,,,,,
2026-04-26 23:30:14,-40,0,0,0,0,OK,,,,,
2026-04-26 23:30:30,-40,0,0,0,0,OK,,,,,
2026-04-26 23:30:46,-40,0,0,0,0,OK,,,,,
2026-04-26 23:31:02,13.9,60,0.3,392,0,OK,,,,,
2026-04-26 23:31:18,-40,0,0,0,0,OK,,,,,
2026-04-26 23:31:34,-40,0,0,0,0,OK,,,,,
2026-04-26 23:31:50,14,60,0,904,0,OK,,,,,
2026-04-26 23:32:06,-40,0,0,0,0,OK,,,,,
2026-04-26 23:32:22,-40,0,0,0,0,OK,,,,,
2026-04-26 23:32:38,14,60,0,392,0,OK,,,,,
2026-04-26 23:32:54,13.9,60,0,452,0,OK,,,,,
2026-04-26 23:33:10,13.9,60,0,392,0,OK,,,,,
2026-04-26 23:33:58,-40,0,0,0,0,OK,,,,,
2026-04-26 23:34:14,-40,0,0,0,0,OK,,,,,
2026-04-26 23:34:30,13.9,207,0,392,0,OK,,,,,
2026-04-26 23:34:46,-40,0,0,0,0,OK,,,,,
2026-04-26 23:35:02,13.9,60,0,408,0,OK,,,,,
2026-04-26 23:35:34,-40,0,0,0,0,OK,,,,,
2026-04-26 23:35:50,-40,0,0,0,0,OK,,,,,
2026-04-26 23:36:22,-40,0,0,0,0,OK,,,,,
2026-04-26 23:36:38,13.8,60,17.9,392,0,OK,,,,,
2026-04-26 23:37:10,-40,0,0,0,0,OK,,,,,
2026-04-26 23:37:26,-40,0,0,0,0,OK,,,,,
2026-04-26 23:38:46,-40,0,0,0,0,OK,,,,,
2026-04-26 23:39:02,-40,0,0,0,0,OK,,,,,
2026-04-26 23:39:18,-40,0,0,0,0,OK,,,,,
2026-04-26 23:39:34,-40,0,0,0,0,OK,,,,,
2026-04-26 23:39:50,-40,0,0,0,0,OK,,,,,
2026-04-26 23:40:06,13.7,60,0,392,0,OK,,,,,
2026-04-26 23:40:22,-40,0,0,0,0,OK,,,,,
2026-04-26 23:40:38,13.8,60,0.1,408,0,OK,,,,,
2026-04-26 23:40:54,13.8,60,0,3976,9.6,OK,,,,,
2026-04-26 23:41:10,13.7,60,0,392,0,OK,,,,,
2026-04-26 23:41:26,-40,0,0,0,0,OK,,,,,
2026-04-26 23:41:42,-40,0,0,0,0,OK,,,,,
2026-04-26 23:41:58,-40,0,0,0,0,OK,,,,,
2026-04-26 23:42:14,13.8,60,0.1,392,0,OK,,,,,
2026-04-26 23:42:30,13.8,60,0.4,482,0,OK,,,,,
2026-04-26 23:42:46,-40,0,0,0,0,OK,,,,,
2026-04-26 23:43:02,-40,0,0,0,0,OK,,,,,
2026-04-26 23:43:18,-40,0,0,0,0,OK,,,,,
2026-04-26 23:43:34,-40,0,0,0,0,OK,,,,,
2026-04-26 23:43:50,-40,0,0,0,0,OK,,,,,
2026-04-26 23:44:06,-40,0,0,0,0,OK,,,,,
2026-04-26 23:44:22,13.8,60,0.1,392,0,OK,,,,,
2026-04-26 23:44:38,-40,0,0,0,0,OK,,,,,
2026-04-26 23:45:10,-40,0,0,0,0,OK,,,,,
2026-04-26 23:45:26,-40,0,0,0,0,OK,,,,,
2026-04-26 23:45:42,13.7,127,0,392,0,OK,,,,,
2026-04-26 23:45:58,-40,0,0,0,0,OK,,,,,
2026-04-26 23:46:14,-40,0,0,0,0,OK,,,,,
2026-04-26 23:48:06,13.6,61,0,392,0,OK,,,,,
2026-04-26 23:48:22,-40,0,0,0,0,OK,,,,,
2026-04-26 23:48:38,-40,0,0,0,0,OK,,,,,
2026-04-26 23:48:54,-40,0,0,0,0,OK,,,,,
2026-04-26 23:49:10,-40,0,0,0,0,OK,,,,,
2026-04-26 23:49:26,-40,0,0,0,0,OK,,,,,
2026-04-26 23:49:42,13.6,61,0,504,0,OK,,,,,
2026-04-26 23:49:58,-40,0,0,0,0,OK,,,,,
2026-04-26 23:50:14,-40,0,0,0,0,OK,,,,,
2026-04-26 23:50:30,115.9,62,0,392,0,OK,,,,,
2026-04-26 23:50:46,14.3,62,0,920,0,OK,,,,,
2026-04-26 23:51:02,-40,0,0,0,0,OK,,,,,
2026-04-26 23:51:18,-40,0,0,0,0,OK,,,,,
2026-04-26 23:51:34,-40,0,0,0,0,OK,,,,,
2026-04-26 23:51:50,-40,0,0,0,0,OK,,,,,
2026-04-26 23:52:06,-40,0,0,0,0,OK,,,,,
2026-04-26 23:52:22,-40,0,0,0,0,OK,,,,,
2026-04-26 23:52:38,-40,0,0,0,0,OK,,,,,
2026-04-26 23:52:54,17.5,61,0,392,0,OK,,,,,
2026-04-26 23:53:10,-40,0,0,0,0,OK,,,,,
2026-04-26 23:53:42,-40,0,0,0,0,OK,,,,,
2026-04-26 23:53:58,35.9,254,0,392,0,OK,,,,,
2026-04-26 23:54:14,-40,0,0,0,0,OK,,,,,
2026-04-26 23:55:34,-40,0,0,0,0,OK,,,,,
2026-04-26 23:55:50,-40,0,0,0,0,OK,,,,,
2026-04-26 23:56:06,-40,0,0,0,0,OK,,,,,
2026-04-26 23:56:22,-40,0,0,0,0,OK,,,,,
2026-04-26 23:56:38,-40,0,0,0,0,OK,,,,,
2026-04-26 23:56:54,-40,0,0,0,0,OK,,,,,
2026-04-26 23:57:10,-40,0,0,0,0,OK,,,,,
2026-04-26 23:57:26,-40,0,0,0,0,OK,,,,,
2026-04-26 23:57:42,-40,0,0,0,0,OK,,,,,
2026-04-26 23:57:58,-40,0,0,0,0,OK,,,,,
2026-04-26 23:58:14,-40,0,0,0,0,OK,,,,,
2026-04-26 23:58:30,-40,0,0,0,0,OK,,,,,
2026-04-26 23:58:46,-40,0,0,0,0,OK,,,,,
2026-04-26 23:59:18,-40,0,0,0,0,OK,,,,,
2026-04-26 23:59:34,-40,0,0,0,0,OK,,,,,
2026-04-27 0:00:06,13.4,61,0,440,0,OK,,,,,
2026-04-27 0:00:22,-40,0,0,0,0,OK,,,,,
2026-04-27 0:00:54,-40,0,0,0,0,OK,,,,,
2026-04-27 0:01:10,-40,0,0,0,0,OK,,,,,
2026-04-27 0:01:26,-40,0,0,0,0,OK,,,,,
2026-04-27 0:01:42,13.4,61,0.1,392,838860.8,OK,,,,,
2026-04-27 0:01:58,-40,0,0,0,0,OK,,,,,
2026-04-27 0:02:14,-40,0,0,0,0,OK,,,,,
2026-04-27 0:02:30,-40,0,0,0,0,OK,,,,,
2026-04-27 0:02:46,-40,0,0,0,0,OK,,,,,
2026-04-27 0:03:02,-40,0,0,0,0,OK,,,,,
2026-04-27 0:03:34,-40,0,0,0,0,OK,,,,,
2026-04-27 0:03:50,-40,0,0,0,0,OK,,,,,
2026-04-27 0:04:06,-40,0,0,0,0,OK,,,,,
2026-04-27 0:04:22,-40,0,0,0,0,OK,,,,,
2026-04-27 0:04:38,13.4,61,0,452,0,OK,,,,,
2026-04-27 0:05:10,13.4,61,0,392,0,OK,,,,,
2026-04-27 0:05:26,-40,0,0,0,0,OK,,,,,
2026-04-27 0:05:42,13.4,61,0,452,0,OK,,,,,
2026-04-27 0:05:58,-40,0,0,0,0,OK,,,,,
2026-04-27 0:06:30,-40,0,0,0,0,OK,,,,,
2026-04-27 0:07:02,-40,0,0,0,0,OK,,,,,
2026-04-27 0:07:34,-40,0,0,0,0,OK,,,,,
2026-04-27 0:07:50,-40,0,0,0,0,OK,,,,,
2026-04-27 0:08:06,35.8,61,0,392,838860.8,OK,,,,,
2026-04-27 0:08:38,36.5,207,0,1928,0,OK,,,,,
2026-04-27 0:08:54,-40,0,0,0,0,OK,,,,,
2026-04-27 0:09:10,-40,0,0,0,0,OK,,,,,
2026-04-27 0:09:26,-40,0,0,0,0,OK,,,,,
2026-04-27 0:10:14,-40,0,0,0,0,OK,,,,,
2026-04-27 0:10:30,-40,0,0,0,0,OK,,,,,
2026-04-27 0:10:46,-40,0,0,0,0,OK,,,,,
2026-04-27 0:11:02,-40,0,0,0,0,OK,,,,,
2026-04-27 0:11:18,-40,0,0,0,0,OK,,,,,
2026-04-27 0:11:34,-40,0,0,0,0,OK,,,,,
2026-04-27 0:11:50,-40,0,0,0,0,OK,,,,,
2026-04-27 0:12:06,-40,0,0,0,0,OK,,,,,
2026-04-27 0:12:22,36.7,14,0,65535,0,OK,,,,,
2026-04-27 0:12:38,-40,0,0,0,0,OK,,,,,
2026-04-27 0:12:54,-40,0,0,0,0,OK,,,,,
2026-04-27 0:13:10,-40,0,0,0,0,OK,,,,,
2026-04-27 0:13:26,-40,0,0,0,0,OK,,,,,
2026-04-27 0:13:42,-40,0,0,0,0,OK,,,,,
2026-04-27 0:13:58,-40,0,0,0,0,OK,,,,,
2026-04-27 0:14:14,-40,0,0,0,0,OK,,,,,
2026-04-27 0:14:30,-40,0,0,0,0,OK,,,,,
2026-04-27 0:14:46,13.4,127,17.9,4036,0,OK,,,,,
2026-04-27 0:15:02,-40,0,0,0,0,OK,,,,,
2026-04-27 0:15:18,-40,0,0,0,0,OK,,,,,
2026-04-27 0:15:34,-40,0,0,0,0,OK,,,,,
2026-04-27 0:15:50,-40,0,0,0,0,OK,,,,,
2026-04-27 0:16:54,-40,0,0,0,0,OK,,,,,
2026-04-27 0:17:10,13.4,127,0,482,0,OK,,,,,
2026-04-27 0:17:26,13.4,61,0.1,408,9.6,OK,,,,,
2026-04-27 0:17:42,-40,0,0,0,0,OK,,,,,
2026-04-27 0:17:58,-40,0,0,0,0,OK,,,,,
2026-04-27 0:18:14,-40,0,0,0,0,OK,,,,,
2026-04-27 0:18:46,13.5,61,0,392,3276.8,OK,,,,,
2026-04-27 0:19:02,-40,0,0,0,0,OK,,,,,
2026-04-27 0:19:18,-40,0,0,0,0,OK,,,,,
2026-04-27 0:19:34,-40,0,0,0,0,OK,,,,,
2026-04-27 0:19:50,13.5,61,0,904,0,OK,,,,,
2026-04-27 0:20:06,-40,0,0,0,0,OK,,,,,
2026-04-27 0:20:22,-40,0,0,0,0,OK,,,,,
2026-04-27 0:20:38,-40,0,0,0,0,OK,,,,,
2026-04-27 0:20:54,-40,0,0,0,0,OK,,,,,
2026-04-27 0:21:10,-40,0,0,0,0,OK,,,,,
2026-04-27 0:21:26,13.5,61,0,440,25.3,OK,,,,,
2026-04-27 0:21:42,-40,0,0,0,0,OK,,,,,
2026-04-27 0:22:14,-40,0,0,0,0,OK,,,,,
2026-04-27 0:22:30,-40,0,0,0,0,OK,,,,,
2026-04-27 0:22:46,-40,0,0,0,0,OK,,,,,
2026-04-27 0:23:02,-40,0,0,0,0,OK,,,,,
2026-04-27 0:23:18,-40,0,0,0,0,OK,,,,,
2026-04-27 0:23:34,-40,0,0,0,0,OK,,,,,
2026-04-27 0:23:50,-40,0,0,0,0,OK,,,,,
2026-04-27 0:24:22,-40,0,0,0,0,OK,,,,,
2026-04-27 0:25:10,-40,0,0,0,0,OK,,,,,
2026-04-27 0:25:26,-40,0,0,0,0,OK,,,,,
2026-04-27 0:25:42,-40,0,0,0,0,OK,,,,,
2026-04-27 0:25:58,-40,0,0,0,0,OK,,,,,
2026-04-27 0:26:14,-40,0,0,0,0,OK,,,,,
2026-04-27 0:26:30,-40,0,0,0,0,OK,,,,,
2026-04-27 0:26:46,-40,0,0,0,0,OK,,,,,
2026-04-27 0:27:02,-40,0,0,0,0,OK,,,,,
2026-04-27 0:27:18,-40,0,0,0,0,OK,,,,,
2026-04-27 0:27:34,-40,0,0,0,0,OK,,,,,
2026-04-27 0:27:50,-40,0,0,0,0,OK,,,,,
2026-04-27 0:28:06,-40,0,0,0,0,OK,,,,,
2026-04-27 0:28:22,13.6,62,0.7,504,4915.2,OK,,,,,
2026-04-27 0:28:38,-40,0,0,0,0,OK,,,,,
2026-04-27 0:28:54,-40,0,0,0,0,OK,,,,,
2026-04-27 0:29:10,-40,0,0,0,0,OK,,,,,
2026-04-27 0:29:26,-40,0,0,0,0,OK,,,,,
2026-04-27 0:29:42,-40,0,0,0,0,OK,,,,,
2026-04-27 0:29:58,-40,0,0,0,0,OK,,,,,
2026-04-27 0:30:14,-40,0,0,0,0,OK,,,,,
2026-04-27 0:30:30,-40,0,0,0,0,OK,,,,,
2026-04-27 0:30:46,-40,0,0,0,0,OK,,,,,
2026-04-27 0:31:02,-40,0,0,0,0,OK,,,,,
2026-04-27 0:31:18,-40,0,0,0,0,OK,,,,,
2026-04-27 0:31:34,-40,0,0,0,0,OK,,,,,
2026-04-27 0:31:50,-40,0,0,0,0,OK,,,,,
2026-04-27 0:32:06,-40,0,0,0,0,OK,,,,,
2026-04-27 0:32:22,-40,0,0,0,0,OK,,,,,
2026-04-27 0:32:38,-40,0,0,0,0,OK,,,,,
2026-04-27 0:32:54,-40,0,0,0,0,OK,,,,,
2026-04-27 0:33:10,-40,0,0,0,0,OK,,,,,
2026-04-27 0:33:26,-40,0,0,0,0,OK,,,,,
2026-04-27 0:33:42,-40,0,0,0,0,OK,,,,,
2026-04-27 0:33:58,-40,0,0,0,0,OK,,,,,
2026-04-27 0:34:14,-40,0,0,0,0,OK,,,,,
2026-04-27 0:34:30,-40,0,0,0,0,OK,,,,,
2026-04-27 0:34:46,-40,0,0,0,0,OK,,,,,
2026-04-27 0:35:02,-40,0,0,0,0,OK,,,,,
2026-04-27 0:35:18,-40,0,0,0,0,OK,,,,,
2026-04-27 0:35:34,-40,0,0,0,0,OK,,,,,
2026-04-27 0:35:50,115.8,64,62.7,392,0,OK,,,,,
2026-04-27 0:36:06,-40,0,0,0,0,OK,,,,,
2026-04-27 0:36:22,-40,0,0,0,0,OK,,,,,
2026-04-27 0:36:38,-40,0,0,0,0,OK,,,,,
2026-04-27 0:36:54,-40,0,0,0,0,OK,,,,,
2026-04-27 0:37:10,-40,0,0,0,0,OK,,,,,
2026-04-27 0:37:26,-40,0,0,0,0,OK,,,,,
2026-04-27 0:37:42,-40,0,0,0,0,OK,,,,,
2026-04-27 0:37:58,-40,0,0,0,0,OK,,,,,
2026-04-27 0:38:14,-40,0,0,0,0,OK,,,,,
2026-04-27 0:38:30,-40,0,0,0,0,OK,,,,,
2026-04-27 0:38:46,-40,0,0,0,0,OK,,,,,
2026-04-27 0:39:02,-40,0,0,0,0,OK,,,,,
2026-04-27 0:39:18,-40,0,0,0,0,OK,,,,,
2026-04-27 0:39:34,-40,0,0,0,0,OK,,,,,
2026-04-27 0:39:50,-40,0,0,0,0,OK,,,,,
2026-04-27 0:40:06,-40,0,0,0,0,OK,,,,,
2026-04-27 0:40:22,-40,0,0,0,0,OK,,,,,
2026-04-27 0:40:38,13.4,160,0,440,0,OK,,,,,
2026-04-27 0:40:54,-40,0,0,0,0,OK,,,,,
2026-04-27 0:41:10,-40,0,0,0,0,OK,,,,,
2026-04-27 0:41:26,-40,0,0,0,0,OK,,,,,
2026-04-27 0:41:42,-40,0,0,0,0,OK,,,,,
2026-04-27 0:41:58,-40,0,0,0,0,OK,,,,,
2026-04-27 0:42:14,-40,0,0,0,0,OK,,,,,
2026-04-27 0:42:30,-40,0,0,0,0,OK,,,,,
2026-04-27 0:43:02,-40,0,0,0,0,OK,,,,,
2026-04-27 0:43:18,-40,0,0,0,0,OK,,,,,
2026-04-27 0:44:06,-40,0,0,0,0,OK,,,,,
2026-04-27 0:44:22,-40,0,0,0,0,OK,,,,,
2026-04-27 0:44:38,-40,0,0,0,0,OK,,,,,
2026-04-27 0:44:54,-40,0,0,0,0,OK,,,,,
2026-04-27 0:45:10,-40,0,0,0,0,OK,,,,,
2026-04-27 0:45:26,-40,0,0,0,0,OK,,,,,
2026-04-27 0:45:42,14.2,240,17.9,392,0,OK,,,,,
2026-04-27 0:45:58,-40,0,0,0,0,OK,,,,,
2026-04-27 0:46:14,-40,0,0,0,0,OK,,,,,
2026-04-27 0:46:30,-40,0,0,0,0,OK,,,,,
2026-04-27 0:46:46,-40,0,0,0,0,OK,,,,,
2026-04-27 0:47:02,-40,0,0,0,0,OK,,,,,
2026-04-27 0:47:34,-40,0,0,0,0,OK,,,,,
2026-04-27 0:47:50,-40,0,0,0,0,OK,,,,,
2026-04-27 0:48:22,-40,0,0,0,0,OK,,,,,
2026-04-27 0:48:38,-40,0,0,0,0,OK,,,,,
2026-04-27 0:48:54,13.1,64,0,408,1261587.2,OK,,,,,
2026-04-27 0:49:10,-40,0,0,0,0,OK,,,,,
2026-04-27 0:49:26,-40,0,0,0,0,OK,,,,,
2026-04-27 0:49:42,13.1,64,17.9,440,0,OK,,,,,
2026-04-27 0:49:58,13.1,64,0,8072,0,OK,,,,,
2026-04-27 0:50:14,141.1,192,35.8,994,4915.2,OK,,,,,
2026-04-27 0:50:46,-40,0,0,0,0,OK,,,,,
2026-04-27 0:51:02,-40,0,0,0,0,OK,,,,,
2026-04-27 0:51:18,-40,0,0,0,0,OK,,,,,
2026-04-27 0:51:34,-40,0,0,0,0,OK,,,,,
2026-04-27 0:51:50,-40,0,0,0,0,OK,,,,,
2026-04-27 0:52:06,-40,0,0,0,0,OK,,,,,
2026-04-27 0:52:22,-40,0,0,0,0,OK,,,,,
2026-04-27 0:52:38,-40,0,0,0,0,OK,,,,,
2026-04-27 0:52:54,-40,0,0,0,0,OK,,,,,
2026-04-27 0:53:10,-40,0,0,0,0,OK,,,,,
2026-04-27 0:53:26,-40,0,0,0,0,OK,,,,,
2026-04-27 0:53:42,-40,0,0,0,0,OK,,,,,
2026-04-27 0:53:58,-40,0,0,0,0,OK,,,,,
2026-04-27 0:54:14,-40,0,0,0,0,OK,,,,,
2026-04-27 0:54:30,-40,0,0,0,0,OK,,,,,
2026-04-27 0:54:46,-40,0,0,0,0,OK,,,,,
2026-04-27 0:55:02,-40,0,0,0,0,OK,,,,,
2026-04-27 0:55:18,-40,0,0,0,0,OK,,,,,
2026-04-27 0:55:34,-40,0,0,0,0,OK,,,,,
2026-04-27 0:56:06,-40,0,0,0,0,OK,,,,,
2026-04-27 0:56:38,-40,0,0,0,0,OK,,,,,
2026-04-27 0:56:54,-40,0,0,0,0,OK,,,,,
2026-04-27 0:57:26,-40,0,0,0,0,OK,,,,,
2026-04-27 0:57:42,-40,0,0,0,0,OK,,,,,
2026-04-27 0:57:58,-40,0,0,0,0,OK,,,,,
2026-04-27 0:58:14,-40,0,0,0,0,OK,,,,,
2026-04-27 0:58:30,-40,0,0,0,0,OK,,,,,
2026-04-27 0:59:02,-40,0,0,0,0,OK,,,,,
2026-04-27 0:59:18,-40,0,0,0,0,OK,,,,,
2026-04-27 0:59:50,-40,0,0,0,0,OK,,,,,
2026-04-27 1:00:06,-40,0,0,0,0,OK,,,,,
2026-04-27 1:00:22,-40,0,0,0,0,OK,,,,,
2026-04-27 1:00:38,12.4,126,0,392,0,OK,,,,,
2026-04-27 1:01:10,-40,0,0,0,0,OK,,,,,
2026-04-27 1:01:42,-40,0,0,0,0,OK,,,,,
2026-04-27 1:01:58,-40,0,0,0,0,OK,,,,,
2026-04-27 1:02:14,-40,0,0,0,0,OK,,,,,
2026-04-27 1:02:30,-40,0,0,0,0,OK,,,,,
2026-04-27 1:02:46,-40,0,0,0,0,OK,,,,,
2026-04-27 1:03:02,-40,0,0,0,0,OK,,,,,
2026-04-27 1:03:18,-40,0,0,0,0,OK,,,,,
2026-04-27 1:03:34,-40,0,0,0,0,OK,,,,,
2026-04-27 1:03:50,-40,0,0,0,0,OK,,,,,
2026-04-27 1:04:06,-40,0,0,0,0,OK,,,,,
2026-04-27 1:04:22,114.6,71,0,392,0,OK,,,,,
2026-04-27 1:04:38,-40,0,0,0,0,OK,,,,,
2026-04-27 1:04:54,-40,0,0,0,0,OK,,,,,
2026-04-27 1:05:10,-40,0,0,0,0,OK,,,,,
2026-04-27 1:05:26,-40,0,0,0,0,OK,,,,,
2026-04-27 1:05:42,-40,0,0,0,0,OK,,,,,
2026-04-27 1:05:58,-40,0,0,0,0,OK,,,,,
2026-04-27 1:06:14,-40,0,0,0,0,OK,,,,,
2026-04-27 1:06:30,-40,0,0,0,0,OK,,,,,
2026-04-27 1:06:46,-40,0,0,0,0,OK,,,,,
2026-04-27 1:07:02,-40,0,0,0,0,OK,,,,,
2026-04-27 1:07:34,-40,0,0,0,0,OK,,,,,
2026-04-27 1:07:50,-40,0,0,0,0,OK,,,,,
2026-04-27 1:08:06,-40,0,0,0,0,OK,,,,,
2026-04-27 1:08:22,-40,0,0,0,0,OK,,,,,
2026-04-27 1:08:38,-40,0,0,0,0,OK,,,,,
2026-04-27 1:08:54,-40,0,0,0,0,OK,,,,,
2026-04-27 1:09:10,-40,0,0,0,0,OK,,,,,
2026-04-27 1:09:26,-40,0,0,0,0,OK,,,,,
2026-04-27 1:09:58,-40,0,0,0,0,OK,,,,,
2026-04-27 1:10:14,-40,0,0,0,0,OK,,,,,
2026-04-27 1:10:30,-40,0,0,0,0,OK,,,,,
2026-04-27 1:10:46,-40,0,0,0,0,OK,,,,,
2026-04-27 1:11:02,-40,0,0,0,0,OK,,,,,
2026-04-27 1:11:18,-40,0,0,0,0,OK,,,,,
2026-04-27 1:11:34,-40,0,0,0,0,OK,,,,,
2026-04-27 1:11:50,-40,0,0,0,0,OK,,,,,
2026-04-27 1:12:06,-40,0,0,0,0,OK,,,,,
2026-04-27 1:12:22,114.2,127,0,50176,8.5,OK,,,,,
2026-04-27 1:12:38,-40,0,0,0,0,OK,,,,,
2026-04-27 1:12:54,-40,0,0,0,0,OK,,,,,
2026-04-27 1:13:10,-40,0,0,0,0,OK,,,,,
2026-04-27 1:13:42,-40,0,0,0,0,OK,,,,,
2026-04-27 1:13:58,-40,0,0,0,0,OK,,,,,
2026-04-27 1:14:14,-40,0,0,0,0,OK,,,,,
2026-04-27 1:14:30,-40,0,0,0,0,OK,,,,,
2026-04-27 1:14:46,-40,0,0,0,0,OK,,,,,
2026-04-27 1:15:02,-40,0,0,0,0,OK,,,,,
2026-04-27 1:15:18,-40,0,0,0,0,OK,,,,,
2026-04-27 1:15:34,11.8,196,17.9,392,4915.2,OK,,,,,
2026-04-27 1:15:50,-40,0,0,0,0,OK,,,,,
2026-04-27 1:16:06,-40,0,0,0,0,OK,,,,,
2026-04-27 1:16:22,-40,0,0,0,0,OK,,,,,
2026-04-27 1:16:38,-40,0,0,0,0,OK,,,,,
2026-04-27 1:16:54,-40,0,0,0,0,OK,,,,,
2026-04-27 1:17:10,-40,0,0,0,0,OK,,,,,
2026-04-27 1:17:26,-40,0,0,0,0,OK,,,,,
2026-04-27 1:17:42,-40,0,0,0,0,OK,,,,,
2026-04-27 1:17:58,-40,0,0,0,0,OK,,,,,
2026-04-27 1:18:14,-40,0,0,0,0,OK,,,,,
2026-04-27 1:18:30,-40,0,0,0,0,OK,,,,,
2026-04-27 1:18:46,-40,0,0,0,0,OK,,,,,
2026-04-27 1:19:02,-40,0,0,0,0,OK,,,,,
2026-04-27 1:19:18,-40,0,0,0,0,OK,,,,,
2026-04-27 1:19:34,-40,0,0,0,0,OK,,,,,
2026-04-27 1:19:50,-40,0,0,0,0,OK,,,,,
2026-04-27 1:20:06,-40,0,0,0,0,OK,,,,,
2026-04-27 1:20:22,-40,0,0,0,0,OK,,,,,
2026-04-27 1:20:38,-40,0,0,0,0,OK,,,,,
2026-04-27 1:20:54,-40,0,0,0,0,OK,,,,,
2026-04-27 1:21:10,-40,0,0,0,0,OK,,,,,
2026-04-27 1:21:26,-40,0,0,0,0,OK,,,,,
2026-04-27 1:21:42,-40,0,0,0,0,OK,,,,,
2026-04-27 1:21:58,-40,0,0,0,0,OK,,,,,
2026-04-27 1:22:14,11.4,69,0,392,838860.8,OK,,,,,
2026-04-27 1:22:30,-40,0,0,0,0,OK,,,,,
2026-04-27 1:22:46,-40,0,0,0,0,OK,,,,,
2026-04-27 1:23:02,-40,0,0,0,0,OK,,,,,
2026-04-27 1:23:18,-40,0,0,0,0,OK,,,,,
2026-04-27 1:23:34,-40,0,0,0,0,OK,,,,,
2026-04-27 1:24:06,-40,0,0,0,0,OK,,,,,
2026-04-27 1:24:22,-40,0,0,0,0,OK,,,,,
2026-04-27 1:24:38,-40,0,0,0,0,OK,,,,,
2026-04-27 1:25:42,-40,0,0,0,0,OK,,,,,
2026-04-27 1:25:58,-40,0,0,0,0,OK,,,,,
2026-04-27 1:26:14,-40,0,0,0,0,OK,,,,,
2026-04-27 1:26:30,-40,0,0,0,0,OK,,,,,
2026-04-27 1:26:46,11.4,197,17.9,392,0,OK,,,,,
2026-04-27 1:27:50,-40,0,0,0,0,OK,,,,,
2026-04-27 1:28:22,-40,0,0,0,0,OK,,,,,
2026-04-27 1:28:38,-40,0,0,0,0,OK,,,,,
2026-04-27 1:29:10,-40,0,0,0,0,OK,,,,,
2026-04-27 1:29:26,-40,0,0,0,0,OK,,,,,
2026-04-27 1:29:42,-40,0,0,0,0,OK,,,,,
2026-04-27 1:29:58,-40,0,0,0,0,OK,,,,,
2026-04-27 1:31:34,-40,0,0,0,0,OK,,,,,
2026-04-27 1:32:06,-40,0,0,0,0,OK,,,,,
2026-04-27 1:32:38,-40,0,0,0,0,OK,,,,,
2026-04-27 1:33:10,-40,0,0,0,0,OK,,,,,
2026-04-27 1:33:26,-40,0,0,0,0,OK,,,,,
2026-04-27 1:33:42,-40,0,0,0,0,OK,,,,,
2026-04-27 1:33:58,-40,0,0,0,0,OK,,,,,
2026-04-27 1:34:30,-40,0,0,0,0,OK,,,,,
2026-04-27 1:34:46,-40,0,0,0,0,OK,,,,,
2026-04-27 1:35:18,-40,0,0,0,0,OK,,,,,
2026-04-27 1:35:50,-40,0,0,0,0,OK,,,,,
2026-04-27 1:36:06,-40,0,0,0,0,OK,,,,,
2026-04-27 1:36:22,-40,0,0,0,0,OK,,,,,
2026-04-27 1:36:38,-40,0,0,0,0,OK,,,,,
2026-04-27 1:36:54,-40,0,0,0,0,OK,,,,,
2026-04-27 1:37:26,-40,0,0,0,0,OK,,,,,
2026-04-27 1:37:42,-40,0,0,0,0,OK,,,,,
2026-04-27 1:37:58,-40,0,0,0,0,OK,,,,,
2026-04-27 1:38:14,-40,0,0,0,0,OK,,,,,
2026-04-27 1:38:30,-40,0,0,0,0,OK,,,,,
2026-04-27 1:38:46,11.3,163,0,392,12.8,OK,,,,,
2026-04-27 1:39:02,-40,0,0,0,0,OK,,,,,
2026-04-27 1:39:18,-40,0,0,0,0,OK,,,,,
2026-04-27 1:39:50,-40,0,0,0,0,OK,,,,,
2026-04-27 1:41:26,-40,0,0,0,0,OK,,,,,
2026-04-27 1:41:42,-40,0,0,0,0,OK,,,,,
2026-04-27 1:41:58,-40,0,0,0,0,OK,,,,,
2026-04-27 1:42:14,-40,0,0,0,0,OK,,,,,
2026-04-27 1:42:30,-40,0,0,0,0,OK,,,,,
2026-04-27 1:43:18,-40,0,0,0,0,OK,,,,,
2026-04-27 1:44:22,-40,0,0,0,0,OK,,,,,
2026-04-27 1:44:38,-40,0,0,0,0,OK,,,,,
2026-04-27 1:44:54,-40,0,0,0,0,OK,,,,,
2026-04-27 1:45:58,-40,0,0,0,0,OK,,,,,
2026-04-27 1:46:14,-40,0,0,0,0,OK,,,,,
2026-04-27 1:49:26,-40,0,0,0,0,OK,,,,,
2026-04-27 1:51:18,-40,0,0,0,0,OK,,,,,
2026-04-27 1:51:34,-40,0,0,0,0,OK,,,,,
2026-04-27 1:52:06,-40,0,0,0,0,OK,,,,,
2026-04-27 1:52:38,-40,0,0,0,0,OK,,,,,
2026-04-27 1:53:42,-40,0,0,0,0,OK,,,,,
2026-04-27 1:54:30,-40,0,0,0,0,OK,,,,,
2026-04-27 1:55:02,-40,0,0,0,0,OK,,,,,
2026-04-27 1:55:18,-40,0,0,0,0,OK,,,,,
2026-04-27 1:55:34,-40,0,0,0,0,OK,,,,,
2026-04-27 1:55:50,-40,0,0,0,0,OK,,,,,
2026-04-27 1:56:22,-40,0,0,0,0,OK,,,,,
2026-04-27 1:57:10,-40,0,0,0,0,OK,,,,,
2026-04-27 1:59:02,-40,0,0,0,0,OK,,,,,
2026-04-27 1:59:18,-40,0,0,0,0,OK,,,,,
2026-04-27 1:59:34,-40,0,0,0,0,OK,,,,,
2026-04-27 2:00:38,-40,0,0,0,0,OK,,,,,
2026-04-27 2:01:10,-40,0,0,0,0,OK,,,,,
2026-04-27 2:01:58,-40,0,0,0,0,OK,,,,,
2026-04-27 2:02:14,10.7,70,0,392,0,OK,,,,,
2026-04-27 2:03:34,-40,0,0,0,0,OK,,,,,
2026-04-27 2:05:42,-40,0,0,0,0,OK,,,,,
2026-04-27 2:05:58,-40,0,0,0,0,OK,,,,,
2026-04-27 2:10:46,-40,0,0,0,0,OK,,,,,
2026-04-27 2:11:02,10.7,71,17.9,65416,0,OK,,,,,
2026-04-27 2:13:26,-15,71,35.8,1976,0,OK,,,,,
2026-04-27 2:14:14,-40,0,0,0,0,OK,,,,,
2026-04-27 2:14:46,-40,0,0,0,0,OK,,,,,
2026-04-27 2:16:38,-40,0,0,0,0,OK,,,,,
2026-04-27 2:17:10,10.6,71,0,392,838860.8,OK,,,,,
2026-04-27 2:17:42,-40,0,0,0,0,OK,,,,,
2026-04-27 2:17:58,-40,0,0,0,0,OK,,,,,
2026-04-27 2:18:14,-40,0,0,0,0,OK,,,,,
2026-04-27 2:18:30,-40,0,0,0,0,OK,,,,,
2026-04-27 2:19:18,-40,0,0,0,0,OK,,,,,
2026-04-27 2:20:22,-40,0,0,0,0,OK,,,,,
2026-04-27 2:20:54,-40,0,0,0,0,OK,,,,,
2026-04-27 2:21:42,-40,0,0,0,0,OK,,,,,
2026-04-27 2:21:58,-40,0,0,0,0,OK,,,,,
2026-04-27 2:22:14,10.6,72,0,392,0,OK,,,,,
2026-04-27 2:23:18,-40,0,0,0,0,OK,,,,,
2026-04-27 2:23:34,-40,0,0,0,0,OK,,,,,
2026-04-27 2:23:50,-40,0,0,0,0,OK,,,,,
2026-04-27 2:24:06,-40,0,0,0,0,OK,,,,,
2026-04-27 2:24:22,-40,0,0,0,0,OK,,,,,
2026-04-27 2:24:38,10.6,73,17.9,392,0,OK,,,,,
2026-04-27 2:26:46,-40,0,0,0,0,OK,,,,,
2026-04-27 2:27:02,10.7,73,0,392,0,OK,,,,,
2026-04-27 2:27:34,-40,0,0,0,0,OK,,,,,
2026-04-27 2:28:06,-40,0,0,0,0,OK,,,,,
2026-04-27 2:28:38,-40,0,0,0,0,OK,,,,,
2026-04-27 2:28:54,10.8,72,0,392,0,OK,,,,,
2026-04-27 2:29:58,-40,0,0,0,0,OK,,,,,
2026-04-27 2:30:14,-40,0,0,0,0,OK,,,,,
2026-04-27 2:30:30,-40,0,0,0,0,OK,,,,,
2026-04-27 2:30:46,-40,0,0,0,0,OK,,,,,
2026-04-27 2:31:18,-40,0,0,0,0,OK,,,,,
2026-04-27 2:31:34,-40,0,0,0,0,OK,,,,,
2026-04-27 2:31:50,-40,0,0,0,0,OK,,,,,
2026-04-27 2:33:10,10.6,72,0,392,0,OK,,,,,
2026-04-27 2:33:26,-40,0,0,0,0,OK,,,,,
2026-04-27 2:33:42,10.9,72,0,392,0,OK,,,,,
2026-04-27 2:33:58,-40,0,0,0,0,OK,,,,,
2026-04-27 2:35:02,10.5,72,0,392,0,OK,,,,,
2026-04-27 2:35:18,10.5,72,0,452,0,OK,,,,,
2026-04-27 2:35:50,10.5,72,0,392,0,OK,,,,,
2026-04-27 2:36:38,10.5,72,0,392,0,OK,,,,,
2026-04-27 2:36:54,11,72,0,392,0,OK,,,,,
2026-04-27 2:37:10,-40,0,0,0,0,OK,,,,,
2026-04-27 2:37:26,-40,0,0,0,0,OK,,,,,
2026-04-27 2:37:42,-40,0,0,0,0,OK,,,,,
2026-04-27 2:37:58,-40,0,0,0,0,OK,,,,,
2026-04-27 2:38:14,-40,0,0,0,0,OK,,,,,
2026-04-27 2:38:30,-40,0,0,0,0,OK,,,,,
2026-04-27 2:38:46,-40,0,0,0,0,OK,,,,,
2026-04-27 2:39:02,-40,0,0,0,0,OK,,,,,
2026-04-27 2:39:34,-40,0,0,0,0,OK,,,,,
2026-04-27 2:40:54,-40,0,0,0,0,OK,,,,,
2026-04-27 2:41:10,-40,0,0,0,0,OK,,,,,
2026-04-27 2:41:26,-40,0,0,0,0,OK,,,,,
2026-04-27 2:41:42,-40,0,0,0,0,OK,,,,,
2026-04-27 2:41:58,-40,0,0,0,0,OK,,,,,
2026-04-27 2:42:30,10.5,73,0,392,12.8,OK,,,,,
2026-04-27 2:42:46,-40,0,0,0,0,OK,,,,,
2026-04-27 2:43:02,-40,0,0,0,0,OK,,,,,
2026-04-27 2:43:18,-40,0,0,0,0,OK,,,,,
2026-04-27 2:43:34,-40,0,0,0,0,OK,,,,,
2026-04-27 2:44:06,10.4,73,0,392,12.8,OK,,,,,
2026-04-27 2:44:22,-40,0,0,0,0,OK,,,,,
2026-04-27 2:44:38,-40,0,0,0,0,OK,,,,,
2026-04-27 2:44:54,-40,0,0,0,0,OK,,,,,
2026-04-27 2:45:26,10.4,73,0,392,0,OK,,,,,
2026-04-27 2:45:42,-40,0,0,0,0,OK,,,,,
2026-04-27 2:46:46,10.4,73,0,392,0,OK,,,,,
2026-04-27 2:47:18,-40,0,0,0,0,OK,,,,,
2026-04-27 2:48:38,-40,0,0,0,0,OK,,,,,
2026-04-27 2:48:54,-40,0,0,0,0,OK,,,,,
2026-04-27 2:49:10,-40,0,0,0,0,OK,,,,,
2026-04-27 2:49:26,-15.2,73,35.8,408,0,OK,,,,,
2026-04-27 2:49:42,-40,0,0,0,0,OK,,,,,
2026-04-27 2:50:30,-40,0,0,0,0,OK,,,,,
2026-04-27 2:50:46,10.4,73,0,392,0,OK,,,,,
2026-04-27 2:51:02,-40,0,0,0,0,OK,,,,,
2026-04-27 2:51:18,10.4,121,0,392,0,OK,,,,,
2026-04-27 2:51:34,10.4,73,0,392,0,OK,,,,,
2026-04-27 2:51:50,10.4,73,0,392,0,OK,,,,,
2026-04-27 2:52:06,11.1,73,0,392,0,OK,,,,,
2026-04-27 2:52:22,164.7,73,35.8,392,0,OK,,,,,
2026-04-27 2:52:38,-40,0,0,0,0,OK,,,,,
2026-04-27 2:52:54,-40,0,0,0,0,OK,,,,,
2026-04-27 2:53:10,-40,0,0,0,0,OK,,,,,
2026-04-27 2:53:42,-40,0,0,0,0,OK,,,,,
2026-04-27 2:53:58,-40,0,0,0,0,OK,,,,,
2026-04-27 2:54:14,-40,0,0,0,0,OK,,,,,
2026-04-27 2:54:30,10.7,72,0,392,0,OK,,,,,
2026-04-27 2:54:46,-40,0,0,0,0,OK,,,,,
2026-04-27 2:55:18,-40,0,0,0,0,OK,,,,,
2026-04-27 2:55:34,10.8,72,0,440,0,OK,,,,,
2026-04-27 2:55:50,-40,0,0,0,0,OK,,,,,
2026-04-27 2:56:06,-40,0,0,0,0,OK,,,,,
2026-04-27 2:56:22,-40,0,0,0,0,OK,,,,,
2026-04-27 2:56:38,10.9,199,0,392,0,OK,,,,,
2026-04-27 2:56:54,10.9,71,0,392,3276.8,OK,,,,,
2026-04-27 2:57:10,-40,0,0,0,0,OK,,,,,
2026-04-27 2:57:26,11.1,71,0,392,24.6,OK,,,,,
2026-04-27 2:57:42,-40,0,0,0,0,OK,,,,,
2026-04-27 2:57:58,-40,0,0,0,0,OK,,,,,
2026-04-27 2:58:14,-40,0,0,0,0,OK,,,,,
2026-04-27 2:58:30,-40,0,0,0,0,OK,,,,,
2026-04-27 2:58:46,-40,0,0,0,0,OK,,,,,
2026-04-27 2:59:02,-40,0,0,0,0,OK,,,,,
2026-04-27 2:59:18,-40,0,0,0,0,OK,,,,,
2026-04-27 2:59:34,-40,0,0,0,0,OK,,,,,
2026-04-27 2:59:50,11,70,0,392,0,OK,,,,,
2026-04-27 3:00:06,-40,0,0,0,0,OK,,,,,
2026-04-27 3:00:22,-40,0,0,0,0,OK,,,,,
2026-04-27 3:00:54,59.9,70,0,392,0,OK,,,,,
2026-04-27 3:01:10,-40,0,0,0,0,OK,,,,,
2026-04-27 3:01:26,-14.6,70,35.8,452,0,OK,,,,,
2026-04-27 3:01:42,11,70,0,392,0,OK,,,,,
2026-04-27 3:01:58,11,70,0,392,0,OK,,,,,
2026-04-27 3:02:14,-40,0,0,0,0,OK,,,,,
2026-04-27 3:02:30,-40,0,0,0,0,OK,,,,,
2026-04-27 3:02:46,-40,0,0,0,0,OK,,,,,
2026-04-27 3:03:02,-40,0,0,0,0,OK,,,,,
2026-04-27 3:03:18,-40,0,0,0,0,OK,,,,,
2026-04-27 3:04:22,-40,0,0,0,0,OK,,,,,
2026-04-27 3:04:38,10.9,71,0,392,0,OK,,,,,
2026-04-27 3:05:10,-40,0,0,0,0,OK,,,,,
2026-04-27 3:05:26,11,95,0,392,0,OK,,,,,
2026-04-27 3:05:42,11,95,0,392,0,OK,,,,,
2026-04-27 3:05:58,-40,0,0,0,0,OK,,,,,
2026-04-27 3:07:02,11.2,71,0.4,392,0,OK,,,,,
2026-04-27 3:07:18,11.2,71,0.4,392,0,OK,,,,,
2026-04-27 3:07:34,-40,0,0,0,0,OK,,,,,
2026-04-27 3:07:50,-40,0,0,0,0,OK,,,,,
2026-04-27 3:08:06,-40,0,0,0,0,OK,,,,,
2026-04-27 3:08:22,11.2,70,0,8072,0,OK,,,,,
2026-04-27 3:08:38,-40,0,0,0,0,OK,,,,,
2026-04-27 3:08:54,11.2,254,0,392,12.8,OK,,,,,
2026-04-27 3:09:10,-40,0,0,0,0,OK,,,,,
2026-04-27 3:09:26,-40,0,0,0,0,OK,,,,,
2026-04-27 3:09:42,11.2,124,13.4,392,0,OK,,,,,
2026-04-27 3:09:58,-40,0,0,0,0,OK,,,,,
2026-04-27 3:10:14,-40,0,0,0,0,OK,,,,,
2026-04-27 3:10:30,113.6,71,35.8,3976,23.6,OK,,,,,
2026-04-27 3:10:46,-40,0,0,0,0,OK,,,,,
2026-04-27 3:11:02,11.2,71,0.1,392,0,OK,,,,,
2026-04-27 3:11:18,-40,0,0,0,0,OK,,,,,
2026-04-27 3:11:34,-40,0,0,0,0,OK,,,,,
2026-04-27 3:11:50,11.2,71,0.1,392,0,OK,,,,,
2026-04-27 3:12:38,-40,0,0,0,0,OK,,,,,
2026-04-27 3:12:54,-40,0,0,0,0,OK,,,,,
2026-04-27 3:19:02,11,71,0,1928,0,OK,,,,,
2026-04-27 3:19:18,11,72,0,392,3276.8,OK,,,,,
2026-04-27 3:19:34,-40,0,0,0,0,OK,,,,,
2026-04-27 3:19:50,-40,0,0,0,0,OK,,,,,
2026-04-27 3:20:06,11,72,0,392,0,OK,,,,,
2026-04-27 3:20:22,10.9,72,0,392,0,OK,,,,,
2026-04-27 3:20:38,-40,0,0,0,0,OK,,,,,
2026-04-27 3:21:10,11.1,72,0,392,0,OK,,,,,
2026-04-27 3:21:26,11,72,0,392,0,OK,,,,,
2026-04-27 3:21:42,-40,0,0,0,0,OK,,,,,
2026-04-27 3:21:58,-40,0,0,0,0,OK,,,,,
2026-04-27 3:22:14,-40,0,0,0,0,OK,,,,,
2026-04-27 3:23:18,10.9,72,0,392,0,OK,,,,,
2026-04-27 3:23:34,10.8,72,0,392,0,OK,,,,,
2026-04-27 3:24:06,-40,0,0,0,0,OK,,,,,
2026-04-27 3:24:22,-40,0,0,0,0,OK,,,,,
2026-04-27 3:24:38,10.8,72,0,392,838860.8,OK,,,,,
2026-04-27 3:24:54,-40,0,0,0,0,OK,,,,,
2026-04-27 3:25:26,-40,0,0,0,0,OK,,,,,
2026-04-27 3:26:30,-40,0,0,0,0,OK,,,,,
2026-04-27 3:26:46,-18.1,73,35.8,392,0,OK,,,,,
2026-04-27 3:27:02,-40,0,0,0,0,OK,,,,,
2026-04-27 3:28:22,10.7,210,0,392,0,OK,,,,,
2026-04-27 3:28:38,-40,0,0,0,0,OK,,,,,
2026-04-27 3:28:54,-40,0,0,0,0,OK,,,,,
2026-04-27 3:29:10,-40,0,0,0,0,OK,,,,,
2026-04-27 3:29:26,-40,0,0,0,0,OK,,,,,
2026-04-27 3:29:58,-40,0,0,0,0,OK,,,,,
2026-04-27 3:30:30,-40,0,0,0,0,OK,,,,,
2026-04-27 3:30:46,-40,0,0,0,0,OK,,,,,
2026-04-27 3:31:18,-40,0,0,0,0,OK,,,,,
2026-04-27 3:31:34,10.6,74,0,392,0,OK,,,,,
2026-04-27 3:31:50,-40,0,0,0,0,OK,,,,,
2026-04-27 3:32:06,-40,0,0,0,0,OK,,,,,
2026-04-27 3:32:22,10.6,74,0,392,0,OK,,,,,
2026-04-27 3:33:58,-40,0,0,0,0,OK,,,,,
2026-04-27 3:34:14,-40,0,0,0,0,OK,,,,,
2026-04-27 3:34:30,164.2,74,35.8,392,0,OK,,,,,
2026-04-27 3:34:46,-40,0,0,0,0,OK,,,,,
2026-04-27 3:35:02,-15,74,35.8,392,0,OK,,,,,
2026-04-27 3:35:34,164.1,74,0,16264,0,OK,,,,,
2026-04-27 3:35:50,10.5,74,0,392,3276.8,OK,,,,,
2026-04-27 3:36:06,-40,0,0,0,0,OK,,,,,
2026-04-27 3:36:38,-40,0,0,0,0,OK,,,,,
2026-04-27 3:36:54,-40,0,0,0,0,OK,,,,,
2026-04-27 3:37:10,-40,0,0,0,0,OK,,,,,
2026-04-27 3:37:26,-40,0,0,0,0,OK,,,,,
2026-04-27 3:37:42,-40,0,0,0,0,OK,,,,,
2026-04-27 3:37:58,-40,0,0,0,0,OK,,,,,
2026-04-27 3:38:14,-40,0,0,0,0,OK,,,,,
2026-04-27 3:38:30,-40,0,0,0,0,OK,,,,,
2026-04-27 3:38:46,-40,0,0,0,0,OK,,,,,
2026-04-27 3:39:02,-40,0,0,0,0,OK,,,,,
2026-04-27 3:39:18,-15.2,75,35.8,392,0,OK,,,,,
2026-04-27 3:39:34,-15.3,75,35.8,392,0,OK,,,,,
2026-04-27 3:39:50,10.3,75,0,392,0,OK,,,,,
2026-04-27 3:40:06,-40,0,0,0,0,OK,,,,,
2026-04-27 3:40:22,11,75,0,408,0,OK,,,,,
2026-04-27 3:40:38,10.2,75,0,392,0,OK,,,,,
2026-04-27 3:40:54,10.2,75,0,482,0,OK,,,,,
2026-04-27 3:41:10,-15.4,75,35.8,392,3276.8,OK,,,,,
2026-04-27 3:41:26,-40,0,0,0,0,OK,,,,,
2026-04-27 3:41:42,10.2,75,0,392,12.8,OK,,,,,
2026-04-27 3:42:14,-40,0,0,0,0,OK,,,,,
2026-04-27 3:42:30,-40,0,0,0,0,OK,,,,,
2026-04-27 3:42:46,-40,0,0,0,0,OK,,,,,
2026-04-27 3:43:02,-40,0,0,0,0,OK,,,,,
2026-04-27 3:43:18,-40,0,0,0,0,OK,,,,,
2026-04-27 3:43:34,-40,0,0,0,0,OK,,,,,
2026-04-27 3:43:50,10.3,75,0,440,0,OK,,,,,
2026-04-27 3:44:06,-15.3,75,35.8,8072,0,OK,,,,,
2026-04-27 3:44:22,-40,0,0,0,0,OK,,,,,
2026-04-27 3:44:38,-40,0,0,0,0,OK,,,,,
2026-04-27 3:45:26,-40,0,0,0,0,OK,,,,,
2026-04-27 3:45:42,-40,0,0,0,0,OK,,,,,
2026-04-27 3:45:58,-40,0,0,0,0,OK,,,,,
2026-04-27 3:46:14,-40,0,0,0,0,OK,,,,,
2026-04-27 3:46:30,7.2,245,10.6,1,0,OK,,,,,
2026-04-27 3:46:46,-40,0,0,0,0,OK,,,,,
2026-04-27 3:47:02,45.5,76,0,392,19.2,OK,,,,,
2026-04-27 3:47:18,10,76,0,392,0,OK,,,,,
2026-04-27 3:47:34,-40,0,0,0,0,OK,,,,,
2026-04-27 3:47:50,-40,0,0,0,0,OK,,,,,
2026-04-27 3:48:06,10,76,0,904,0,OK,,,,,
2026-04-27 3:48:22,10,76,0,8072,0,OK,,,,,
2026-04-27 3:48:38,-40,0,0,0,0,OK,,,,,
2026-04-27 3:49:10,10,77,0,392,4915.2,OK,,,,,
2026-04-27 3:49:26,-40,0,0,0,0,OK,,,,,
2026-04-27 3:50:30,163.7,77,0,1928,0,OK,,,,,
2026-04-27 3:50:46,-40,0,0,0,0,OK,,,,,
2026-04-27 3:51:34,10.1,78,0,65416,0,OK,,,,,
2026-04-27 3:51:50,-40,0,0,0,0,OK,,,,,
2026-04-27 3:53:10,164.2,78,35.8,392,0,OK,,,,,
2026-04-27 3:53:26,-40,0,0,0,0,OK,,,,,
2026-04-27 3:53:42,-40,0,0,0,0,OK,,,,,
2026-04-27 3:53:58,10,78,0,8072,0,OK,,,,,
2026-04-27 3:54:14,-40,0,0,0,0,OK,,,,,
2026-04-27 3:55:18,-40,0,0,0,0,OK,,,,,
2026-04-27 3:55:34,10,207,17.9,392,0,OK,,,,,
2026-04-27 3:55:50,-40,0,0,0,0,OK,,,,,
2026-04-27 3:56:22,-40,0,0,0,0,OK,,,,,
2026-04-27 3:56:38,-40,0,0,0,0,OK,,,,,
2026-04-27 3:58:30,-40,0,0,0,0,OK,,,,,
2026-04-27 3:58:46,10,79,0,392,0,OK,,,,,
2026-04-27 3:59:02,10,79,0,440,0,OK,,,,,
2026-04-27 3:59:18,-40,0,0,0,0,OK,,,,,
2026-04-27 3:59:34,-15.6,79,35.8,392,0,OK,,,,,
2026-04-27 4:00:22,-40,0,0,0,0,OK,,,,,
2026-04-27 4:00:38,163.7,79,0,392,0,OK,,,,,
2026-04-27 4:01:42,-40,0,0,0,0,OK,,,,,
2026-04-27 4:02:46,-40,0,0,0,0,OK,,,,,
2026-04-27 4:03:02,-40,0,0,0,0,OK,,,,,
2026-04-27 4:03:18,10,79,0,392,0,OK,,,,,
2026-04-27 4:03:34,10.6,79,0,392,0,OK,,,,,
2026-04-27 4:03:50,-40,0,0,0,0,OK,,,,,
2026-04-27 4:04:22,-40,0,0,0,0,OK,,,,,
2026-04-27 4:04:38,-40,0,0,0,0,OK,,,,,
2026-04-27 4:04:54,-40,0,0,0,0,OK,,,,,
2026-04-27 4:05:10,-40,0,0,0,0,OK,,,,,
2026-04-27 4:05:58,9.9,80,0,504,0,OK,,,,,
2026-04-27 4:06:14,-40,0,0,0,0,OK,,,,,
2026-04-27 4:07:02,-40,0,0,0,0,OK,,,,,
2026-04-27 4:07:18,-40,0,0,0,0,OK,,,,,
2026-04-27 4:07:34,9.9,80,0,1928,0,OK,,,,,
2026-04-27 4:07:50,-40,0,0,0,0,OK,,,,,
2026-04-27 4:08:06,-40,0,0,0,0,OK,,,,,
2026-04-27 4:08:22,43.9,80,0,392,4915.2,OK,,,,,
2026-04-27 4:08:38,-40,0,0,0,0,OK,,,,,
2026-04-27 4:08:54,-40,0,0,0,0,OK,,,,,
2026-04-27 4:09:10,163.6,80,35.8,1928,838860.8,OK,,,,,
2026-04-27 4:09:42,-40,0,0,0,0,OK,,,,,
2026-04-27 4:09:58,10,80,0,8072,17.6,OK,,,,,
2026-04-27 4:10:14,-40,0,0,0,0,OK,,,,,
2026-04-27 4:10:30,-40,0,0,0,0,OK,,,,,
2026-04-27 4:10:46,-40,0,0,0,0,OK,,,,,
2026-04-27 4:11:02,-40,0,0,0,0,OK,,,,,
2026-04-27 4:11:18,-40,0,0,0,0,OK,,,,,
2026-04-27 4:11:34,-40,0,0,0,0,OK,,,,,
2026-04-27 4:11:50,-40,0,0,0,0,OK,,,,,
2026-04-27 4:12:22,-40,0,0,0,0,OK,,,,,
2026-04-27 4:13:42,-40,0,0,0,0,OK,,,,,
2026-04-27 4:13:58,-40,0,0,0,0,OK,,,,,
2026-04-27 4:14:14,-40,0,0,0,0,OK,,,,,
2026-04-27 4:14:30,-40,0,0,0,0,OK,,,,,
2026-04-27 4:14:46,-40,0,0,0,0,OK,,,,,
2026-04-27 4:15:18,-40,0,0,0,0,OK,,,,,
2026-04-27 4:15:34,-15.8,81,35.8,440,17.6,OK,,,,,
2026-04-27 4:16:06,-40,0,0,0,0,OK,,,,,
2026-04-27 4:16:22,-40,0,0,0,0,OK,,,,,
2026-04-27 4:16:54,9.8,81,0,392,0,OK,,,,,
2026-04-27 4:17:10,-1.8,212,0,392,0,OK,,,,,
2026-04-27 4:18:14,-40,0,0,0,0,OK,,,,,
2026-04-27 4:18:30,-40,0,0,0,0,OK,,,,,
2026-04-27 4:18:46,9.7,81,0,1928,23.6,OK,,,,,
2026-04-27 4:19:50,9.8,81,0,392,0,OK,,,,,
2026-04-27 4:20:06,9.7,81,0,392,0,OK,,,,,
2026-04-27 4:20:22,-40,0,0,0,0,OK,,,,,
2026-04-27 4:20:38,-40,0,0,0,0,OK,,,,,
2026-04-27 4:20:54,-40,0,0,0,0,OK,,,,,
2026-04-27 4:21:10,-40,0,0,0,0,OK,,,,,
2026-04-27 4:21:26,9.7,254,17.9,392,0,OK,,,,,
2026-04-27 4:22:14,-40,0,0,0,0,OK,,,,,
2026-04-27 4:22:30,-40,0,0,0,0,OK,,,,,
2026-04-27 4:22:46,-40,0,0,0,0,OK,,,,,
2026-04-27 4:23:02,-40,0,0,0,0,OK,,,,,
2026-04-27 4:23:18,9.7,82,0,904,0,OK,,,,,
2026-04-27 4:23:34,-40,0,0,0,0,OK,,,,,
2026-04-27 4:23:50,-40,0,0,0,0,OK,,,,,
2026-04-27 4:24:06,-40,0,0,0,0,OK,,,,,
2026-04-27 4:24:38,-40,0,0,0,0,OK,,,,,
2026-04-27 4:24:54,-40,0,0,0,0,OK,,,,,
2026-04-27 4:25:10,-40,0,0,0,0,OK,,,,,
2026-04-27 4:25:26,-40,0,0,0,0,OK,,,,,
2026-04-27 4:25:58,-40,0,0,0,0,OK,,,,,
2026-04-27 4:27:02,-40,0,0,0,0,OK,,,,,
2026-04-27 4:27:18,-40,0,0,0,0,OK,,,,,
2026-04-27 4:27:50,-8.2,168,35.8,392,0,OK,,,,,
2026-04-27 4:28:06,-40,0,0,0,0,OK,,,,,
2026-04-27 4:28:38,-40,0,0,0,0,OK,,,,,
2026-04-27 4:28:54,-40,0,0,0,0,OK,,,,,
2026-04-27 4:29:10,-40,0,0,0,0,OK,,,,,
2026-04-27 4:29:26,9.8,81,0,392,0,OK,,,,,
2026-04-27 4:29:42,9.8,81,0,392,0,OK,,,,,
2026-04-27 4:29:58,9.8,81,0,392,0,OK,,,,,
2026-04-27 4:30:14,-40,0,0,0,0,OK,,,,,
2026-04-27 4:30:46,-40,0,0,0,0,OK,,,,,
2026-04-27 4:31:34,-40,0,0,0,0,OK,,,,,
2026-04-27 4:31:50,-40,0,0,0,0,OK,,,,,
2026-04-27 4:32:06,-40,0,0,0,0,OK,,,,,
2026-04-27 4:32:54,-40,0,0,0,0,OK,,,,,
2026-04-27 4:33:10,9.7,254,17.9,392,0,OK,,,,,
2026-04-27 4:33:26,9.7,82,0,392,0,OK,,,,,
2026-04-27 4:33:58,-40,0,0,0,0,OK,,,,,
2026-04-27 4:34:46,9.6,126,0,8072,0,OK,,,,,
2026-04-27 4:35:02,-16,82,35.8,904,12.8,OK,,,,,
2026-04-27 4:35:18,9.6,82,0,392,0,OK,,,,,
2026-04-27 4:35:34,-40,0,0,0,0,OK,,,,,
2026-04-27 4:35:50,9.6,82,0,65416,0,OK,,,,,
2026-04-27 4:36:06,9.6,82,0,392,0,OK,,,,,
2026-04-27 4:36:22,-40,0,0,0,0,OK,,,,,
2026-04-27 4:36:38,-40,0,0,0,0,OK,,,,,
2026-04-27 4:37:58,-40,0,0,0,0,OK,,,,,
2026-04-27 4:38:14,11.1,82,0,440,0,OK,,,,,
2026-04-27 4:38:30,-40,0,0,0,0,OK,,,,,
2026-04-27 4:38:46,9.7,82,0,392,0,OK,,,,,
2026-04-27 4:39:18,9.8,82,0,8072,12.8,OK,,,,,
2026-04-27 4:39:34,9.7,81,0,392,0,OK,,,,,
2026-04-27 4:40:06,9.7,82,0,392,0,OK,,,,,
2026-04-27 4:40:22,-40,0,0,0,0,OK,,,,,
2026-04-27 4:40:38,9.7,82,0,392,0,OK,,,,,
2026-04-27 4:41:10,9.7,126,0,392,0,OK,,,,,
2026-04-27 4:41:26,9.7,82,0,392,0,OK,,,,,
2026-04-27 4:41:42,-40,0,0,0,0,OK,,,,,
2026-04-27 4:41:58,9.6,82,0,392,0,OK,,,,,
2026-04-27 4:42:14,-40,0,0,0,0,OK,,,,,
2026-04-27 4:42:30,-40,0,0,0,0,OK,,,,,
2026-04-27 4:42:46,-40,0,0,0,0,OK,,,,,
2026-04-27 4:43:02,-40,0,0,0,0,OK,,,,,
2026-04-27 4:43:18,-40,0,0,0,0,OK,,,,,
2026-04-27 4:43:50,9.6,82,0,392,0,OK,,,,,
2026-04-27 4:44:06,-40,0,0,0,0,OK,,,,,
2026-04-27 4:44:38,9.5,82,0,392,0,OK,,,,,
2026-04-27 4:44:54,-40,0,0,0,0,OK,,,,,
2026-04-27 4:45:10,-40,0,0,0,0,OK,,,,,
2026-04-27 4:45:42,9.5,82,0,392,0,OK,,,,,
2026-04-27 4:46:30,9.4,82,0,392,0,OK,,,,,
2026-04-27 4:47:02,9.4,82,0,392,0,OK,,,,,
2026-04-27 4:47:50,-40,0,0,0,0,OK,,,,,
2026-04-27 4:48:06,-40,0,0,0,0,OK,,,,,
2026-04-27 4:49:10,9.3,83,0,392,0,OK,,,,,
2026-04-27 4:49:26,-40,0,0,0,0,OK,,,,,
2026-04-27 4:49:42,9.3,83,0,392,0,OK,,,,,
2026-04-27 4:49:58,-40,0,0,0,0,OK,,,,,
2026-04-27 4:50:14,-40,0,0,0,0,OK,,,,,
2026-04-27 4:50:30,9.2,83,0,392,0,OK,,,,,
2026-04-27 4:50:46,9.2,83,0,392,0,OK,,,,,
2026-04-27 4:51:02,9.3,83,0,392,0,OK,,,,,
2026-04-27 4:52:06,-40,0,0,0,0,OK,,,,,
2026-04-27 4:52:22,9.2,83,0,392,0,OK,,,,,
2026-04-27 4:52:38,9.2,83,0,392,0,OK,,,,,
2026-04-27 4:52:54,9.2,83,0,392,0,OK,,,,,
2026-04-27 4:54:14,-40,0,0,0,0,OK,,,,,
2026-04-27 4:54:30,9.2,244,17.9,392,0,OK,,,,,
2026-04-27 4:54:46,9.2,84,0,392,0,OK,,,,,
2026-04-27 4:55:18,-40,0,0,0,0,OK,,,,,
2026-04-27 4:55:34,9.2,83,0,392,0,OK,,,,,
2026-04-27 4:55:50,9.2,83,0,392,0,OK,,,,,
2026-04-27 4:56:54,9.4,83,0,392,0,OK,,,,,
2026-04-27 4:57:10,-40,0,0,0,0,OK,,,,,
2026-04-27 4:57:26,-40,0,0,0,0,OK,,,,,
2026-04-27 5:00:22,9.2,83,0,392,0,OK,,,,,
2026-04-27 5:00:38,9.2,87,0,392,0,OK,,,,,
2026-04-27 5:00:54,9.2,243,0,440,0,OK,,,,,
2026-04-27 5:01:10,-40,0,0,0,0,OK,,,,,
2026-04-27 5:01:26,-40,0,0,0,0,OK,,,,,
2026-04-27 5:01:42,9.2,83,0,392,0,OK,,,,,
2026-04-27 5:01:58,9.2,83,0,504,0,OK,,,,,
2026-04-27 5:02:14,9.3,83,0,392,0,OK,,,,,
2026-04-27 5:02:30,-40,0,0,0,0,OK,,,,,
2026-04-27 5:03:02,-40,0,0,0,0,OK,,,,,
2026-04-27 5:03:18,9.3,83,0,392,0,OK,,,,,
2026-04-27 5:03:50,9.3,83,0,392,0,OK,,,,,
2026-04-27 5:04:06,9.3,83,0,1928,0,OK,,,,,
2026-04-27 5:04:22,-40,0,0,0,0,OK,,,,,
2026-04-27 5:04:38,9.3,82,0,392,0,OK,,,,,
2026-04-27 5:04:54,9.2,82,0,392,0,OK,,,,,
2026-04-27 5:06:14,9.2,83,0,392,0,OK,,,,,
2026-04-27 5:06:46,9.2,82,0,392,0,OK,,,,,
2026-04-27 5:07:34,-40,0,0,0,0,OK,,,,,
2026-04-27 5:08:54,9.2,82,0,392,0,OK,,,,,
2026-04-27 5:09:10,9.2,82,0,392,0,OK,,,,,
2026-04-27 5:09:26,-40,0,0,0,0,OK,,,,,
2026-04-27 5:10:14,9.1,82,0,8072,838860.8,OK,,,,,
2026-04-27 5:10:30,9.1,82,0,392,0,OK,,,,,
2026-04-27 5:10:46,-16.5,82,35.8,392,838860.8,OK,,,,,
2026-04-27 5:11:02,10.7,83,0,392,4915.2,OK,,,,,
2026-04-27 5:11:18,9.1,83,0,392,0,OK,,,,,
2026-04-27 5:11:34,9.2,83,0,392,0,OK,,,,,
2026-04-27 5:12:38,9.2,83,0,392,0,OK,,,,,
2026-04-27 5:12:54,9.3,83,0,392,0,OK,,,,,
2026-04-27 5:13:10,162.9,82,35.8,8072,0,OK,,,,,
2026-04-27 5:13:42,9.3,82,0,392,0,OK,,,,,
2026-04-27 5:13:58,9.3,82,0,392,0,OK,,,,,
2026-04-27 5:14:14,9.4,82,0,392,0,OK,,,,,
2026-04-27 5:14:30,9.4,82,0,392,0,OK,,,,,
2026-04-27 5:14:46,9.5,82,0,392,0,OK,,,,,
2026-04-27 5:15:02,9.5,82,0,392,0,OK,,,,,
2026-04-27 5:15:18,-40,0,0,0,0,OK,,,,,
2026-04-27 5:15:34,9.5,81,0,392,0,OK,,,,,
2026-04-27 5:15:50,-40,0,0,0,0,OK,,,,,
2026-04-27 5:16:06,9.5,81,0,392,0,OK,,,,,
2026-04-27 5:16:22,9.5,81,0,392,0,OK,,,,,
2026-04-27 5:16:38,-40,0,0,0,0,OK,,,,,
2026-04-27 5:16:54,9.5,81,0,392,0,OK,,,,,
2026-04-27 5:17:10,9.6,81,0,392,0,OK,,,,,
2026-04-27 5:17:26,9.5,80,0,392,0,OK,,,,,
2026-04-27 5:17:42,9.5,80,0,392,0,OK,,,,,
2026-04-27 5:17:58,-40,0,0,0,0,OK,,,,,
2026-04-27 5:18:14,-40,0,0,0,0,OK,,,,,
2026-04-27 5:18:30,9.5,87,0,392,0,OK,,,,,
2026-04-27 5:18:46,-40,0,0,0,0,OK,,,,,
2026-04-27 5:19:02,9.5,81,0,392,0,OK,,,,,
2026-04-27 5:19:18,9.5,81,0,392,4915.2,OK,,,,,
2026-04-27 5:19:50,-40,0,0,0,0,OK,,,,,
2026-04-27 5:20:06,9.5,81,0,392,0,OK,,,,,
2026-04-27 5:20:22,-40,0,0,0,0,OK,,,,,
2026-04-27 5:20:38,-40,0,0,0,0,OK,,,,,
2026-04-27 5:20:54,-40,0,0,0,0,OK,,,,,
2026-04-27 5:21:10,-40,0,0,0,0,OK,,,,,
2026-04-27 5:21:42,9.5,81,0,392,0,OK,,,,,
2026-04-27 5:22:14,-40,0,0,0,0,OK,,,,,
2026-04-27 5:22:30,9.5,81,0,392,3276.8,OK,,,,,
2026-04-27 5:23:02,9.5,81,0,392,0,OK,,,,,
2026-04-27 5:23:18,9.5,81,0,392,0,OK,,,,,
2026-04-27 5:23:34,9.5,81,0,392,0,OK,,,,,
2026-04-27 5:25:26,9.4,81,0,392,0,OK,,,,,
2026-04-27 5:25:42,9.4,81,0,504,0,OK,,,,,
2026-04-27 5:26:14,9.4,81,0,392,0,OK,,,,,
2026-04-27 5:26:30,-40,0,0,0,0,OK,,,,,
2026-04-27 5:26:46,-40,0,0,0,0,OK,,,,,
2026-04-27 5:27:02,9.4,81,0,392,0,OK,,,,,
2026-04-27 5:27:34,9.4,81,0,392,0,OK,,,,,
2026-04-27 5:27:50,-40,0,0,0,0,OK,,,,,
2026-04-27 5:28:06,9.4,81,0,392,0,OK,,,,,
2026-04-27 5:28:54,-40,0,0,0,0,OK,,,,,
2026-04-27 5:29:26,9.3,81,0,392,0,OK,,,,,
2026-04-27 5:29:42,9.2,81,0,392,0,OK,,,,,
2026-04-27 5:29:58,-40,0,0,0,0,OK,,,,,
2026-04-27 5:30:14,9.2,81,0,392,0,OK,,,,,
2026-04-27 5:30:30,-40,0,0,0,0,OK,,,,,
2026-04-27 5:30:46,-40,0,0,0,0,OK,,,,,
2026-04-27 5:31:02,9.1,81,0,392,0,OK,,,,,
2026-04-27 5:31:18,-40,0,0,0,0,OK,,,,,
2026-04-27 5:32:22,9,82,0,904,0,OK,,,,,
2026-04-27 5:32:38,-40,0,0,0,0,OK,,,,,
2026-04-27 5:32:54,9,82,0,1928,0,OK,,,,,
2026-04-27 5:33:10,8.9,82,0,392,0,OK,,,,,
2026-04-27 5:33:26,8.9,82,0,392,0,OK,,,,,
2026-04-27 5:33:42,8.9,82,0,408,0,OK,,,,,
2026-04-27 5:33:58,8.9,82,0,392,0,OK,,,,,
2026-04-27 5:34:14,8.9,82,0,392,0,OK,,,,,
2026-04-27 5:34:30,8.9,242,17.9,392,4915.2,OK,,,,,
2026-04-27 5:35:34,-40,0,0,0,0,OK,,,,,
2026-04-27 5:35:50,-40,0,0,0,0,OK,,,,,
2026-04-27 5:36:22,8.8,82,0,392,0,OK,,,,,
2026-04-27 5:36:38,-40,0,0,0,0,OK,,,,,
2026-04-27 5:36:54,-40,0,0,0,0,OK,,,,,
2026-04-27 5:37:10,8.8,83,0,392,0,OK,,,,,
2026-04-27 5:38:14,8.8,83,0,392,0,OK,,,,,
2026-04-27 5:38:30,8.8,83,0,392,14.7,OK,,,,,
2026-04-27 5:38:46,8.8,83,0,392,0,OK,,,,,
2026-04-27 5:39:02,8.8,83,0,392,0,OK,,,,,
2026-04-27 5:39:18,8.8,83,0,392,0,OK,,,,,
2026-04-27 5:39:34,8.7,83,0,392,0,OK,,,,,
2026-04-27 5:39:50,8.7,83,0,392,0,OK,,,,,
2026-04-27 5:40:06,8.7,83,0,392,0,OK,,,,,
2026-04-27 5:40:22,-40,0,0,0,0,OK,,,,,
2026-04-27 5:40:38,8.7,83,0,392,0,OK,,,,,
2026-04-27 5:40:54,8.6,83,0,392,0,OK,,,,,
2026-04-27 5:41:10,8.6,83,0,392,0,OK,,,,,
2026-04-27 5:41:26,8.6,83,0,392,0,OK,,,,,
2026-04-27 5:41:42,8.6,83,0,392,0,OK,,,,,
2026-04-27 5:41:58,8.6,83,0,392,0,OK,,,,,
2026-04-27 5:43:02,-40,0,0,0,0,OK,,,,,
2026-04-27 5:43:18,8.6,83,0,392,0,OK,,,,,
2026-04-27 5:43:34,-40,0,0,0,0,OK,,,,,
2026-04-27 5:43:50,8.6,83,0,392,0,OK,,,,,
2026-04-27 5:44:06,8.6,84,0,392,0,OK,,,,,
2026-04-27 5:44:22,-40,0,0,0,0,OK,,,,,
2026-04-27 5:44:38,8.5,84,0,904,0,OK,,,,,
2026-04-27 5:44:54,-40,0,0,0,0,OK,,,,,
2026-04-27 5:45:10,8.6,84,0,392,0,OK,,,,,
2026-04-27 5:45:26,8.7,84,0,392,17.6,OK,,,,,
2026-04-27 5:45:42,8.7,83,0,392,0,OK,,,,,
2026-04-27 5:46:14,8.8,83,0,392,0,OK,,,,,
2026-04-27 5:46:30,8.8,83,0,392,0,OK,,,,,
2026-04-27 5:46:46,8.9,82,0,392,0,OK,,,,,
2026-04-27 5:47:02,8.9,82,0,392,0,OK,,,,,
2026-04-27 5:47:34,-40,0,0,0,0,OK,,,,,
2026-04-27 5:47:50,9,82,0,392,0,OK,,,,,
2026-04-27 5:48:06,9,82,0,392,0,OK,,,,,
2026-04-27 5:48:22,-40,0,0,0,0,OK,,,,,
2026-04-27 5:48:38,9.1,82,0,392,0,OK,,,,,
2026-04-27 5:48:54,9.1,82,0,392,0,OK,,,,,
2026-04-27 5:49:10,9,82,0,392,0,OK,,,,,
2026-04-27 5:49:26,9,82,0,392,0,OK,,,,,
2026-04-27 5:49:42,9,82,0,392,0,OK,,,,,
2026-04-27 5:49:58,8.9,82,0,392,0,OK,,,,,
2026-04-27 5:50:14,-40,0,0,0,0,OK,,,,,
2026-04-27 5:50:30,8.9,82,0,392,0,OK,,,,,
2026-04-27 5:50:46,8.9,82,0,392,4.6,OK,,,,,
2026-04-27 5:51:02,-40,0,0,0,0,OK,,,,,
2026-04-27 5:51:18,-40,0,0,0,0,OK,,,,,
2026-04-27 5:51:50,8.9,82,0,392,69.3,OK,,,,,
2026-04-27 5:52:06,8.9,86,0,8072,83.2,OK,,,,,
2026-04-27 5:52:22,8.8,82,0,392,838962.5,OK,,,,,
2026-04-27 5:52:38,8.8,82,0,392,115.6,OK,,,,,
2026-04-27 5:52:54,8.8,82,0,392,134.1,OK,,,,,
2026-04-27 5:53:26,8.9,82,0,392,171.1,OK,,,,,
2026-04-27 5:53:42,8.8,82,0,392,189.6,OK,,,,,
2026-04-27 5:53:58,8.8,82,0,392,203.5,OK,,,,,
2026-04-27 5:54:14,-40,0,0,0,0,OK,,,,,
2026-04-27 5:54:46,-40,0,0,0,0,OK,,,,,
2026-04-27 5:55:02,8.8,82,0,392,286.7,OK,,,,,
2026-04-27 5:55:18,8.8,82,0,392,305.2,OK,,,,,
2026-04-27 5:55:34,-40,0,0,0,0,OK,,,,,
2026-04-27 5:55:50,8.7,82,0,392,342.2,OK,,,,,
2026-04-27 5:56:06,8.7,82,0,392,365.3,OK,,,,,
2026-04-27 5:56:22,8.8,82,0,392,383.8,OK,,,,,
2026-04-27 5:56:38,8.7,82,0,392,407,OK,,,,,
2026-04-27 5:56:54,8.7,82,0,392,430.1,OK,,,,,
2026-04-27 5:57:10,8.7,82,0,392,448.6,OK,,,,,
2026-04-27 5:57:26,8.7,82,0,392,471.9,OK,,,,,
2026-04-27 5:57:42,-40,0,0,0,0,OK,,,,,
2026-04-27 5:57:58,8.7,82,0,392,518,OK,,,,,
2026-04-27 5:58:14,-8.2,168,0,392,560.3,OK,,,,,
2026-04-27 5:58:30,8.7,82,0,392,568.8,OK,,,,,
2026-04-27 5:58:46,8.7,82,0,392,592,OK,,,,,
2026-04-27 5:59:02,8.7,82,0,392,617.5,OK,,,,,
2026-04-27 5:59:18,8.7,82,0,392,578.5,OK,,,,,
2026-04-27 5:59:34,8.7,82,0,392,2903.7,OK,,,,,
2026-04-27 5:59:50,-40,0,0,0,0,OK,,,,,
2026-04-27 6:00:06,-40,0,0,0,0,OK,,,,,
2026-04-27 6:00:22,8.7,82,0,392,666,OK,,,,,
2026-04-27 6:01:26,8.6,82,0,392,761.7,OK,,,,,
2026-04-27 6:01:42,-40,0,0,0,0,OK,,,,,
2026-04-27 6:01:58,8.6,82,0,392,811.6,OK,,,,,
2026-04-27 6:02:14,8.6,82,0,392,840.8,OK,,,,,
2026-04-27 6:02:30,8.6,82,0,392,865.8,OK,,,,,
2026-04-27 6:03:02,-16.9,82,35.8,482,916.7,OK,,,,,
2026-04-27 6:03:18,-40,0,0,0,0,OK,,,,,
2026-04-27 6:03:34,8.7,82,0,392,969.8,OK,,,,,
2026-04-27 6:03:50,8.7,82,0,392,999,OK,,,,,
2026-04-27 6:04:06,8.7,82,0,392,1023.9,OK,,,,,
2026-04-27 6:04:22,-40,0,0,0,0,OK,,,,,
2026-04-27 6:04:38,8.7,82,0,392,1491.8,OK,,,,,
2026-04-27 6:04:54,-40,0,0,0,0,OK,,,,,
2026-04-27 6:05:10,8.7,82,0,392,1136.3,OK,,,,,
2026-04-27 6:05:26,8.7,82,0,392,1169.6,OK,,,,,
2026-04-27 6:05:42,8.7,82,0,392,1194.6,OK,,,,,
2026-04-27 6:05:58,-40,0,0,0,0,OK,,,,,
2026-04-27 6:06:14,8.6,82,0,392,1252.9,OK,,,,,
2026-04-27 6:06:30,8.6,82,0,392,1286.2,OK,,,,,
2026-04-27 6:06:46,8.6,82,0,392,1315.3,OK,,,,,
2026-04-27 6:07:02,8.6,82,0,392,1344.4,OK,,,,,
2026-04-27 6:07:18,8.6,82,0,392,1373.6,OK,,,,,
2026-04-27 6:07:34,8.6,82,0,392,1402.7,OK,,,,,
2026-04-27 6:07:50,-40,0,0,0,0,OK,,,,,
2026-04-27 6:08:06,8.6,82,0,392,1465.2,OK,,,,,
2026-04-27 6:08:22,-40,0,0,0,0,OK,,,,,
2026-04-27 6:08:38,8.6,82,0,392,1535.9,OK,,,,,
2026-04-27 6:08:54,8.6,82,0,408,6502.3,OK,,,,,
2026-04-27 6:09:10,8.7,82,0,392,1602.5,OK,,,,,
2026-04-27 6:09:26,-40,0,0,0,0,OK,,,,,
2026-04-27 6:09:42,-40,0,0,0,0,OK,,,,,
2026-04-27 6:09:58,8.9,81,0,392,4138.6,OK,,,,,
2026-04-27 6:10:14,8.9,81,0,392,1744,OK,,,,,
2026-04-27 6:10:30,8.9,81,0,392,1777.3,OK,,,,,
2026-04-27 6:10:46,8.9,80,0,392,1613.2,OK,,,,,
2026-04-27 6:11:02,8.9,80,0,392,1642.8,OK,,,,,
2026-04-27 6:11:18,8.9,80,0,392,1679.8,OK,,,,,
2026-04-27 6:11:34,-40,0,0,0,0,OK,,,,,
2026-04-27 6:11:50,-40,0,0,0,0,OK,,,,,
2026-04-27 6:12:06,8.9,80,0,392,2025.9,OK,,,,,
2026-04-27 6:12:22,-40,0,0,0,0,OK,,,,,
2026-04-27 6:12:38,10.6,212,0,392,2092.5,OK,,,,,
2026-04-27 6:12:54,8.8,80,0,392,2129.5,OK,,,,,
2026-04-27 6:13:10,-40,0,0,0,0,OK,,,,,
2026-04-27 6:13:26,8.8,80,0,392,2196.1,OK,,,,,
2026-04-27 6:13:42,8.8,80,0,392,2225.7,OK,,,,,
2026-04-27 6:13:58,-40,0,0,0,0,OK,,,,,
2026-04-27 6:14:14,-40,0,0,0,0,OK,,,,,
2026-04-27 6:14:30,8.8,80,0,392,2325.6,OK,,,,,
2026-04-27 6:14:46,-40,0,0,0,0,OK,,,,,
2026-04-27 6:15:02,8.9,81,0,392,2395.9,OK,,,,,
2026-04-27 6:15:18,-40,0,0,0,0,OK,,,,,
2026-04-27 6:15:34,8.9,208,17.9,392,2462.5,OK,,,,,
2026-04-27 6:15:50,-40,0,0,0,0,OK,,,,,
2026-04-27 6:16:06,-40,0,0,0,0,OK,,,,,
2026-04-27 6:16:22,8.9,80,0,392,2562.4,OK,,,,,
2026-04-27 6:16:38,8.9,80,0,392,841460.2,OK,,,,,
2026-04-27 6:16:54,-40,0,0,0,0,OK,,,,,
2026-04-27 6:17:10,-40,0,0,0,0,OK,,,,,
2026-04-27 6:17:26,8.9,80,0,392,2695.6,OK,,,,,
2026-04-27 6:17:42,8.9,80,0,392,2725.2,OK,,,,,
2026-04-27 6:17:58,-40,0,0,0,0,OK,,,,,
2026-04-27 6:18:14,-40,0,0,0,0,OK,,,,,
2026-04-27 6:18:30,-40,0,0,0,0,OK,,,,,
2026-04-27 6:18:46,9,79,0,392,2864.8,OK,,,,,
2026-04-27 6:19:02,9,80,0,392,2895.4,OK,,,,,
2026-04-27 6:19:18,-40,0,0,0,0,OK,,,,,
2026-04-27 6:19:34,9.1,80,0,392,2958.3,OK,,,,,
2026-04-27 6:20:06,9.1,79,0,392,3021.2,OK,,,,,
2026-04-27 6:20:22,-40,0,0,0,0,OK,,,,,
2026-04-27 6:20:38,-40,0,0,0,0,OK,,,,,
2026-04-27 6:20:54,9.1,79,0,392,3117.4,OK,,,,,
2026-04-27 6:21:10,-40,0,0,0,0,OK,,,,,
2026-04-27 6:21:26,9.1,79,0,392,3180.3,OK,,,,,
2026-04-27 6:21:42,-40,0,0,0,0,OK,,,,,
2026-04-27 6:21:58,9.1,79,0,392,3236.9,OK,,,,,
2026-04-27 6:22:14,-40,0,0,0,0,OK,,,,,
2026-04-27 6:22:30,9.2,79,0,392,846386.7,OK,,,,,
2026-04-27 6:22:46,-40,0,0,0,0,OK,,,,,
2026-04-27 6:23:02,9.2,79,0,392,3369,OK,,,,,
2026-04-27 6:23:18,9.2,79,0,392,3402.3,OK,,,,,
2026-04-27 6:23:34,9.2,79,0,392,3435.6,OK,,,,,
2026-04-27 6:23:50,-40,0,0,0,0,OK,,,,,
2026-04-27 6:24:06,9.2,78,0,392,3491.1,OK,,,,,
2026-04-27 6:24:22,9.2,78,0,392,3524.4,OK,,,,,
2026-04-27 6:24:38,9.3,78,0,392,3550.3,OK,,,,,
2026-04-27 6:24:54,9.3,78,0,392,3583.6,OK,,,,,
2026-04-27 6:25:10,-16.3,78,35.8,392,3616.9,OK,,,,,
2026-04-27 6:25:26,9.3,78,0,392,3642.8,OK,,,,,
2026-04-27 6:25:42,9.4,78,0,392,3676.1,OK,,,,,
2026-04-27 6:25:58,9.4,78,0,392,3705.7,OK,,,,,
2026-04-27 6:26:14,9.4,78,0,392,3739,OK,,,,,
2026-04-27 6:26:30,9.4,78,0,392,3768.6,OK,,,,,
2026-04-27 6:26:46,9.4,78,0,392,3801.9,OK,,,,,
2026-04-27 6:27:02,-16.2,78,35.8,504,3835.2,OK,,,,,
2026-04-27 6:27:18,9.4,77,0,392,632255.4,OK,,,,,
2026-04-27 6:27:34,-40,0,0,0,0,OK,,,,,
2026-04-27 6:27:50,-40,0,0,0,0,OK,,,,,
2026-04-27 6:28:06,9.5,77,0,392,3957.3,OK,,,,,
2026-04-27 6:28:22,9.5,77,0,392,3990.6,OK,,,,,
2026-04-27 6:28:38,9.5,77,0,392,4020.2,OK,,,,,
2026-04-27 6:28:54,-40,0,0,0,0,OK,,,,,
2026-04-27 6:29:10,9.5,77,0,392,4083.1,OK,,,,,
2026-04-27 6:29:26,-40,0,0,0,0,OK,,,,,
2026-04-27 6:29:42,9.5,77,0,392,4149.7,OK,,,,,
2026-04-27 6:29:58,9.6,77,0,392,4179.3,OK,,,,,
2026-04-27 6:30:14,-40,0,0,0,0,OK,,,,,
2026-04-27 6:30:30,9.6,76,0,392,4245.9,OK,,,,,
2026-04-27 6:30:46,9.7,76,0,392,4275.5,OK,,,,,
2026-04-27 6:31:02,9.7,76,0,392,4305.1,OK,,,,,
2026-04-27 6:31:18,9.8,76,0,392,6540,OK,,,,,
2026-04-27 6:31:34,-40,0,0,0,0,OK,,,,,
2026-04-27 6:31:50,-40,0,0,0,0,OK,,,,,
2026-04-27 6:32:06,9.9,76,0,392,4442,OK,,,,,
2026-04-27 6:32:22,-40,0,0,0,0,OK,,,,,
2026-04-27 6:32:38,9.9,76,0,392,4531,OK,,,,,
2026-04-27 6:32:54,-40,0,0,0,0,OK,,,,,
2026-04-27 6:33:10,-40,0,0,0,0,OK,,,,,
2026-04-27 6:33:26,9.9,75,0,392,4612.2,OK,,,,,
2026-04-27 6:33:42,-40,0,0,0,0,OK,,,,,
2026-04-27 6:33:58,9.9,76,0,392,4678.8,OK,,,,,
2026-04-27 6:34:14,9.9,76,0,392,4715.8,OK,,,,,
2026-04-27 6:34:30,9.9,76,0,392,6549.2,OK,,,,,
2026-04-27 6:35:02,9.9,75,0,392,4823.1,OK,,,,,
2026-04-27 6:35:18,9.9,75,0,392,4856.4,OK,,,,,
2026-04-27 6:35:34,9.9,75,0,392,4897.1,OK,,,,,
2026-04-27 6:35:50,9.9,75,0,392,4930.4,OK,,,,,
2026-04-27 6:36:06,10,75,0,392,4967.4,OK,,,,,
2026-04-27 6:36:22,10,75,0,392,5004.4,OK,,,,,
2026-04-27 6:36:38,-15.7,75,35.8,408,5096.3,OK,,,,,
2026-04-27 6:36:54,-40,0,0,0,0,OK,,,,,
2026-04-27 6:37:10,9.9,76,0,392,5126.5,OK,,,,,
2026-04-27 6:37:26,9.9,76,0,392,5167.2,OK,,,,,
2026-04-27 6:37:42,9.9,76,0,392,5207.9,OK,,,,,
2026-04-27 6:37:58,10,76,0,392,5248.6,OK,,,,,
2026-04-27 6:38:14,10,75,0,392,5289.3,OK,,,,,
2026-04-27 6:38:30,10,75,0,392,5326.3,OK,,,,,
2026-04-27 6:38:46,10,75,0,392,5367,OK,,,,,
2026-04-27 6:39:02,10,75,0,392,5404,OK,,,,,
2026-04-27 6:39:18,-40,0,0,0,0,OK,,,,,
2026-04-27 6:39:34,-40,0,0,0,0,OK,,,,,
2026-04-27 6:39:50,-40,0,0,0,0,OK,,,,,
2026-04-27 6:40:06,10.1,75,0,392,5566.8,OK,,,,,
2026-04-27 6:40:22,10.1,75,0,392,5611.2,OK,,,,,
2026-04-27 6:40:38,10.1,75,0,392,5648.2,OK,,,,,
2026-04-27 6:40:54,10.1,75,0,392,5685.2,OK,,,,,
2026-04-27 6:41:10,10.1,75,0,392,5725.9,OK,,,,,
2026-04-27 6:41:26,-40,0,0,0,0,OK,,,,,
2026-04-27 6:41:42,10.2,75,0,392,5807.3,OK,,,,,
2026-04-27 6:41:58,-40,0,0,0,0,OK,,,,,
2026-04-27 6:42:14,163.7,75,0,904,5885,OK,,,,,
2026-04-27 6:42:30,10.1,75,0,392,5922,OK,,,,,
2026-04-27 6:42:46,10.2,75,0,392,5955.3,OK,,,,,
2026-04-27 6:43:02,-40,0,0,0,0,OK,,,,,
2026-04-27 6:43:34,10.3,75,0,392,6066.3,OK,,,,,
2026-04-27 6:43:50,-40,0,0,0,0,OK,,,,,
2026-04-27 6:44:06,10.2,75,0,392,6136.6,OK,,,,,
2026-04-27 6:44:22,10.3,75,0,392,6173.6,OK,,,,,
2026-04-27 6:44:38,10.3,75,0,392,6206.9,OK,,,,,
2026-04-27 6:44:54,-40,0,0,0,0,OK,,,,,
2026-04-27 6:45:10,10.3,79,0,504,6269.8,OK,,,,,
2026-04-27 6:45:26,-40,0,0,0,0,OK,,,,,
2026-04-27 6:45:42,10.3,75,0,392,6329,OK,,,,,
2026-04-27 6:45:58,10.3,75,0,392,6358.6,OK,,,,,
2026-04-27 6:46:14,10.3,76,0,392,6384.5,OK,,,,,
2026-04-27 6:46:30,10.3,75,0,392,6406.7,OK,,,,,
2026-04-27 6:46:46,10.3,75,0,392,6432.6,OK,,,,,
2026-04-27 6:47:02,10.3,75,0,392,6451.1,OK,,,,,
2026-04-27 6:47:18,10.3,75,0,392,6473.3,OK,,,,,
2026-04-27 6:47:34,-40,0,0,0,0,OK,,,,,
2026-04-27 6:47:50,10.3,75,0,392,6502.9,OK,,,,,
2026-04-27 6:48:06,10.4,75,0,392,6521.4,OK,,,,,
2026-04-27 6:48:22,-40,0,0,0,0,OK,,,,,
2026-04-27 6:48:38,10.4,74,0,392,6554.7,OK,,,,,
2026-04-27 6:48:54,-40,0,0,0,0,OK,,,,,
2026-04-27 6:49:10,-40,0,0,0,0,OK,,,,,
2026-04-27 6:49:26,-40,0,0,0,0,OK,,,,,
2026-04-27 6:49:42,10.5,74,0,392,6617.6,OK,,,,,
2026-04-27 6:50:30,10.5,74,0,392,6665.7,OK,,,,,
2026-04-27 6:50:46,-40,0,0,0,0,OK,,,,,
2026-04-27 6:51:02,10.5,73,0,392,6695.3,OK,,,,,
2026-04-27 6:51:18,-40,0,0,0,0,OK,,,,,
2026-04-27 6:51:34,-40,0,0,0,0,OK,,,,,
2026-04-27 6:52:06,-40,0,0,0,0,OK,,,,,
2026-04-27 6:52:22,10.6,73,0,392,6769.5,OK,,,,,
2026-04-27 6:52:38,10.6,73,0,392,6784.1,OK,,,,,
2026-04-27 6:52:54,-40,0,0,0,0,OK,,,,,
2026-04-27 6:53:10,-40,0,0,0,0,OK,,,,,
2026-04-27 6:53:26,10.7,72,0,392,6828.5,OK,,,,,
2026-04-27 6:53:42,10.7,72,0,392,6843.3,OK,,,,,
2026-04-27 6:54:14,-40,0,0,0,0,OK,,,,,
2026-04-27 6:54:30,10.7,72,0,392,6902.5,OK,,,,,
2026-04-27 6:54:46,10.7,72,0,392,6924.7,OK,,,,,
2026-04-27 6:55:02,10.7,72,0,392,6950.6,OK,,,,,
2026-04-27 6:55:18,10.7,72,0,392,6972.8,OK,,,,,
2026-04-27 6:55:34,-40,0,0,0,0,OK,,,,,
2026-04-27 6:55:50,11,72,0,440,7028.3,OK,,,,,
2026-04-27 6:56:54,10.9,72,0,392,7146.7,OK,,,,,
2026-04-27 6:57:10,10.9,72,0,392,7187.4,OK,,,,,
2026-04-27 6:57:26,10.9,72,0,392,7228.1,OK,,,,,
2026-04-27 6:57:42,-40,0,0,0,0,OK,,,,,
2026-04-27 6:58:14,-40,0,0,0,0,OK,,,,,
2026-04-27 6:58:30,11,200,0,1928,7376.1,OK,,,,,
2026-04-27 6:58:46,11,71,0,392,7416.8,OK,,,,,
2026-04-27 6:59:02,11,71,0,392,7450.1,OK,,,,,
2026-04-27 6:59:18,-40,0,0,0,0,OK,,,,,
2026-04-27 6:59:34,11,72,0,392,8131.1,OK,,,,,
2026-04-27 7:00:38,-40,0,0,0,0,OK,,,,,
2026-04-27 7:00:54,-40,0,0,0,0,OK,,,,,
2026-04-27 7:01:10,-40,0,0,0,0,OK,,,,,
2026-04-27 7:01:26,-40,0,0,0,0,OK,,,,,
2026-04-27 7:01:42,11.2,71,0,392,7932.7,OK,,,,,
2026-04-27 7:02:14,113.6,71,0,392,1672767,OK,,,,,
2026-04-27 7:02:30,-40,0,0,0,0,OK,,,,,
2026-04-27 7:03:34,-40,0,0,0,0,OK,,,,,
2026-04-27 7:03:50,-40,0,0,0,0,OK,,,,,
2026-04-27 7:04:06,11.3,71,0,392,8682.2,OK,,,,,
2026-04-27 7:04:22,11.2,71,0,392,8774.7,OK,,,,,
2026-04-27 7:04:38,11.3,71,0,392,8859.8,OK,,,,,
2026-04-27 7:04:54,-40,0,0,0,0,OK,,,,,
2026-04-27 7:05:10,-40,0,0,0,0,OK,,,,,
2026-04-27 7:05:26,-40,0,0,0,0,OK,,,,,
2026-04-27 7:05:42,11.3,71,0,392,9292.7,OK,,,,,
2026-04-27 7:05:58,11.3,71,0,392,9425.9,OK,,,,,
2026-04-27 7:06:30,-40,0,0,0,0,OK,,,,,
2026-04-27 7:06:46,-40,0,0,0,0,OK,,,,,
2026-04-27 7:08:54,-40,0,0,0,0,OK,,,,,
2026-04-27 7:09:10,-40,0,0,0,0,OK,,,,,
2026-04-27 7:09:26,11.5,71,0,392,10843.9,OK,,,,,
2026-04-27 7:09:42,-14.1,71,35.8,408,417274.4,OK,,,,,
2026-04-27 7:09:58,11.5,70,0,482,836817.9,OK,,,,,
2026-04-27 7:10:14,11.6,70,0,392,11187.1,OK,,,,,
2026-04-27 7:10:30,11.6,71,0,392,11296.3,OK,,,,,
2026-04-27 7:10:46,11.6,70,0,392,11415.2,OK,,,,,
2026-04-27 7:11:02,-40,0,0,0,0,OK,,,,,
2026-04-27 7:11:18,-40,0,0,0,0,OK,,,,,
2026-04-27 7:11:34,-40,0,0,0,0,OK,,,,,
2026-04-27 7:11:50,-40,0,0,0,0,OK,,,,,
2026-04-27 7:12:06,-40,0,0,0,0,OK,,,,,
2026-04-27 7:12:22,11.7,69,0,392,12108.3,OK,,,,,
2026-04-27 7:12:38,11.8,69,0,392,12204,OK,,,,,
2026-04-27 7:12:54,11.8,69,0,392,12293.9,OK,,,,,
2026-04-27 7:13:10,-40,0,0,0,0,OK,,,,,
2026-04-27 7:13:58,-40,0,0,0,0,OK,,,,,
2026-04-27 7:15:02,12,68,0,392,12578.1,OK,,,,,
2026-04-27 7:15:34,-40,0,0,0,0,OK,,,,,
2026-04-27 7:15:50,12.1,68,0,392,12465,OK,,,,,
2026-04-27 7:16:06,-40,0,0,0,0,OK,,,,,
2026-04-27 7:16:22,12.2,67,0,392,12369.3,OK,,,,,
2026-04-27 7:16:54,-40,0,0,0,0,OK,,,,,
2026-04-27 7:17:10,114.7,67,0,392,12192.4,OK,,,,,
2026-04-27 7:17:26,12.3,67,0,392,12128.6,OK,,,,,
2026-04-27 7:17:42,-40,0,0,0,0,OK,,,,,
2026-04-27 7:18:14,-40,0,0,0,0,OK,,,,,
2026-04-27 7:18:30,12.4,65,0,392,11861.8,OK,,,,,
2026-04-27 7:18:46,12.4,65,0,392,11740,OK,,,,,
2026-04-27 7:19:02,-40,0,0,0,0,OK,,,,,
2026-04-27 7:19:18,-40,0,0,0,0,OK,,,,,
2026-04-27 7:19:50,-40,0,0,0,0,OK,,,,,
2026-04-27 7:20:06,-40,0,0,0,0,OK,,,,,
2026-04-27 7:20:22,-40,0,0,0,0,OK,,,,,
2026-04-27 7:20:54,-40,0,0,0,0,OK,,,,,
2026-04-27 7:21:10,-40,0,0,0,0,OK,,,,,
2026-04-27 7:21:42,12.8,64,17.9,392,635522.6,OK,,,,,
2026-04-27 7:22:46,12.9,64,0,392,12763.7,OK,,,,,
2026-04-27 7:23:02,-40,0,0,0,0,OK,,,,,
2026-04-27 7:23:18,12.9,63,0,392,12908.7,OK,,,,,
2026-04-27 7:23:50,-40,0,0,0,0,OK,,,,,
2026-04-27 7:24:06,-40,0,0,0,0,OK,,,,,
2026-04-27 7:24:22,13,62,17.9,392,14553.7,OK,,,,,
2026-04-27 7:26:14,13.2,62,0,392,18636.7,OK,,,,,
2026-04-27 7:26:30,-40,0,0,0,0,OK,,,,,
2026-04-27 7:26:46,-40,0,0,0,0,OK,,,,,
2026-04-27 7:27:18,13.4,61,0,392,13636.6,OK,,,,,
2026-04-27 7:28:06,-40,0,0,0,0,OK,,,,,
2026-04-27 7:28:22,-40,0,0,0,0,OK,,,,,
2026-04-27 7:28:38,-40,0,0,0,0,OK,,,,,
2026-04-27 7:28:54,-40,0,0,0,0,OK,,,,,
2026-04-27 7:29:10,-40,0,0,0,0,OK,,,,,
2026-04-27 7:29:26,-40,0,0,0,0,OK,,,,,
2026-04-27 7:30:30,13.5,61,0,392,12928.2,OK,,,,,
2026-04-27 7:30:46,-40,0,0,0,0,OK,,,,,
2026-04-27 7:31:02,13.5,61,0,392,12227.2,OK,,,,,
2026-04-27 7:31:18,-40,0,0,0,0,OK,,,,,
2026-04-27 7:31:34,13.5,61,0,392,13526.4,OK,,,,,
2026-04-27 7:31:50,13.5,61,0,392,11409.4,OK,,,,,
2026-04-27 7:32:06,-40,0,0,0,0,OK,,,,,
2026-04-27 7:32:22,-40,0,0,0,0,OK,,,,,
2026-04-27 7:32:38,13.6,61,0,392,11970.7,OK,,,,,
2026-04-27 7:33:10,-40,0,0,0,0,OK,,,,,
2026-04-27 7:33:43,-40,0,0,0,0,OK,,,,,
2026-04-27 7:33:58,-40,0,0,0,0,OK,,,,,
2026-04-27 7:34:14,13.8,60,0,392,10632.2,OK,,,,,
2026-04-27 7:34:30,13.8,60,0,392,10617.7,OK,,,,,
2026-04-27 7:34:46,-40,0,0,0,0,OK,,,,,
2026-04-27 7:35:02,13.8,60,0,408,10716.3,OK,,,,,
2026-04-27 7:35:18,13.8,60,0,392,10942.5,OK,,,,,
2026-04-27 7:35:50,-40,0,0,0,0,OK,,,,,
2026-04-27 7:36:06,116.2,60,0,392,10667,OK,,,,,
2026-04-27 7:37:10,-40,0,0,0,0,OK,,,,,
2026-04-27 7:37:26,-40,0,0,0,0,OK,,,,,
2026-04-27 7:38:46,-40,0,0,0,0,OK,,,,,
2026-04-27 7:39:02,13.9,60,0,392,845621.9,OK,,,,,
2026-04-27 7:39:18,-40,0,0,0,0,OK,,,,,
2026-04-27 7:39:34,-40,0,0,0,0,OK,,,,,
2026-04-27 7:40:06,55.1,140,37.8,392,12270.6,OK,,,,,
2026-04-27 7:40:22,13.9,60,0,392,13857,OK,,,,,
2026-04-27 7:40:38,17,60,0,504,15440.4,OK,,,,,
2026-04-27 7:40:54,-40,0,0,0,0,OK,,,,,
2026-04-27 7:41:26,-40,0,0,0,0,OK,,,,,
2026-04-27 7:41:58,-40,0,0,0,0,OK,,,,,
2026-04-27 7:43:02,-40,0,0,0,0,OK,,,,,
2026-04-27 7:44:06,-40,0,0,0,0,OK,,,,,
2026-04-27 7:44:38,-40,0,0,0,0,OK,,,,,
2026-04-27 7:45:42,-40,0,0,0,0,OK,,,,,
2026-04-27 7:45:58,-40,0,0,0,0,OK,,,,,
2026-04-27 7:46:14,-40,0,0,0,0,OK,,,,,
2026-04-27 7:46:30,-40,0,0,0,0,OK,,,,,
2026-04-27 7:46:46,-40,0,0,0,0,OK,,,,,
2026-04-27 7:47:18,-40,0,0,0,0,OK,,,,,
2026-04-27 7:47:50,-40,0,0,0,0,OK,,,,,
2026-04-27 7:48:06,-40,0,0,0,0,OK,,,,,
2026-04-27 7:48:22,-40,0,0,0,0,OK,,,,,
2026-04-27 7:48:38,-40,0,0,0,0,OK,,,,,
2026-04-27 7:49:26,14.7,58,0,1928,23560.4,OK,,,,,
2026-04-27 7:49:42,-40,0,0,0,0,OK,,,,,
2026-04-27 7:49:58,-40,0,0,0,0,OK,,,,,
2026-04-27 7:50:14,-40,0,0,0,0,OK,,,,,
2026-04-27 7:50:30,14.7,58,0,392,25575,OK,,,,,
2026-04-27 7:51:34,14.8,58,0,392,24758.1,OK,,,,,
2026-04-27 7:51:50,-40,0,0,0,0,OK,,,,,
2026-04-27 7:52:06,-40,0,0,0,0,OK,,,,,
2026-04-27 7:52:22,-40,0,0,0,0,OK,,,,,
2026-04-27 7:52:38,-40,0,0,0,0,OK,,,,,
2026-04-27 7:52:54,-40,0,0,0,0,OK,,,,,
2026-04-27 7:53:10,-40,0,0,0,0,OK,,,,,
2026-04-27 7:53:26,-40,0,0,0,0,OK,,,,,
2026-04-27 7:53:58,-40,0,0,0,0,OK,,,,,
2026-04-27 7:54:14,-40,0,0,0,0,OK,,,,,
2026-04-27 7:55:18,-40,0,0,0,0,OK,,,,,
2026-04-27 7:56:22,14.9,57,0,24636,635606.2,OK,,,,,
2026-04-27 7:56:38,-40,0,0,0,0,OK,,,,,
2026-04-27 7:56:54,-40,0,0,0,0,OK,,,,,
2026-04-27 7:57:10,15,57,0,392,22409.1,OK,,,,,
2026-04-27 7:57:26,-40,0,0,0,0,OK,,,,,
2026-04-27 7:57:42,14.9,57,0,392,18760.9,OK,,,,,
2026-04-27 7:57:58,-40,0,0,0,0,OK,,,,,
2026-04-27 7:58:14,14.9,57,0,392,17212.3,OK,,,,,
2026-04-27 7:58:30,-40,0,0,0,0,OK,,,,,
2026-04-27 7:58:46,15,57,0,392,317654.6,OK,,,,,
2026-04-27 7:59:02,-40,0,0,0,0,OK,,,,,
2026-04-27 7:59:18,-40,0,0,0,0,OK,,,,,
2026-04-27 7:59:34,15.1,56,0,392,199260.2,OK,,,,,
2026-04-27 7:59:50,-40,0,0,0,0,OK,,,,,
2026-04-27 8:00:06,-40,0,0,0,0,OK,,,,,
2026-04-27 8:00:22,21.3,57,0,392,17417.7,OK,,,,,
2026-04-27 8:00:38,-40,0,0,0,0,OK,,,,,
2026-04-27 8:00:54,-40,0,0,0,0,OK,,,,,
2026-04-27 8:01:10,-40,0,0,0,0,OK,,,,,
2026-04-27 8:01:26,-40,0,0,0,0,OK,,,,,
2026-04-27 8:01:42,-40,0,0,0,0,OK,,,,,
2026-04-27 8:01:58,-40,0,0,0,0,OK,,,,,
2026-04-27 8:02:30,-40,0,0,0,0,OK,,,,,
2026-04-27 8:02:46,-40,0,0,0,0,OK,,,,,
2026-04-27 8:03:02,14.6,58,0,392,14660.3,OK,,,,,
2026-04-27 8:03:18,-40,0,0,0,0,OK,,,,,
2026-04-27 8:03:34,-40,0,0,0,0,OK,,,,,
2026-04-27 8:03:50,14.5,58,0,3976,14724.1,OK,,,,,
2026-04-27 8:04:06,14.6,58,0,392,14753.1,OK,,,,,
2026-04-27 8:04:22,-40,0,0,0,0,OK,,,,,
2026-04-27 8:04:38,-40,0,0,0,0,OK,,,,,
2026-04-27 8:05:42,-40,0,0,0,0,OK,,,,,
2026-04-27 8:05:58,-40,0,0,0,0,OK,,,,,
2026-04-27 8:06:14,-40,0,0,0,0,OK,,,,,
2026-04-27 8:06:30,-40,0,0,0,0,OK,,,,,
2026-04-27 8:06:46,116.9,58,35.8,392,408484.3,OK,,,,,
2026-04-27 8:07:18,-40,0,0,0,0,OK,,,,,
2026-04-27 8:07:34,-11.1,58,35.8,452,15512.9,OK,,,,,
2026-04-27 8:07:50,-40,0,0,0,0,OK,,,,,
2026-04-27 8:08:06,-40,0,0,0,0,OK,,,,,
2026-04-27 8:08:22,-40,0,0,0,0,OK,,,,,
2026-04-27 8:08:54,-40,0,0,0,0,OK,,,,,
2026-04-27 8:09:10,33.6,58,0,392,16255.3,OK,,,,,
2026-04-27 8:09:26,-40,0,0,0,0,OK,,,,,
2026-04-27 8:10:30,-40,0,0,0,0,OK,,,,,
2026-04-27 8:10:46,-40,0,0,0,0,OK,,,,,
2026-04-27 8:11:02,-40,0,0,0,0,OK,,,,,
2026-04-27 8:11:18,14.4,59,0,482,15722.6,OK,,,,,
2026-04-27 8:11:34,-40,0,0,0,0,OK,,,,,
2026-04-27 8:12:22,-40,0,0,0,0,OK,,,,,
2026-04-27 8:12:38,-40,0,0,0,0,OK,,,,,
2026-04-27 8:12:54,-40,0,0,0,0,OK,,,,,
2026-04-27 8:13:26,-40,0,0,0,0,OK,,,,,
2026-04-27 8:13:42,-40,0,0,0,0,OK,,,,,
2026-04-27 8:13:58,-40,0,0,0,0,OK,,,,,
2026-04-27 8:14:14,-40,0,0,0,0,OK,,,,,
2026-04-27 8:14:46,-40,0,0,0,0,OK,,,,,
2026-04-27 8:15:18,-40,0,0,0,0,OK,,,,,
2026-04-27 8:15:34,-40,0,0,0,0,OK,,,,,
2026-04-27 8:15:50,-40,0,0,0,0,OK,,,,,
2026-04-27 8:16:06,116.5,60,0,392,17648.4,OK,,,,,
2026-04-27 8:16:22,-40,0,0,0,0,OK,,,,,
2026-04-27 8:17:10,14,60,0,392,19501.8,OK,,,,,
2026-04-27 8:17:42,-40,0,0,0,0,OK,,,,,
2026-04-27 8:19:18,-40,0,0,0,0,OK,,,,,
2026-04-27 8:19:34,-40,0,0,0,0,OK,,,,,
2026-04-27 8:20:22,14.1,60,0,392,22757.1,OK,,,,,
2026-04-27 8:20:38,-40,0,0,0,0,OK,,,,,
2026-04-27 8:20:54,-40,0,0,0,0,OK,,,,,
2026-04-27 8:21:26,-40,0,0,0,0,OK,,,,,
2026-04-27 8:21:58,-40,0,0,0,0,OK,,,,,
2026-04-27 8:22:30,-40,0,0,0,0,OK,,,,,
2026-04-27 8:22:46,-40,0,0,0,0,OK,,,,,
2026-04-27 8:23:18,14.6,59,0,392,82264.8,OK,,,,,
2026-04-27 8:23:50,-40,0,0,0,0,OK,,,,,
2026-04-27 8:24:38,-40,0,0,0,0,OK,,,,,
2026-04-27 8:25:10,14.8,59,0,452,316988,OK,,,,,
2026-04-27 8:25:26,-40,0,0,0,0,OK,,,,,
2026-04-27 8:25:42,-40,0,0,0,0,OK,,,,,
2026-04-27 8:25:58,-40,0,0,0,0,OK,,,,,
2026-04-27 8:27:18,-40,0,0,0,0,OK,,,,,
2026-04-27 8:27:34,-40,0,0,0,0,OK,,,,,
2026-04-27 8:27:50,-40,0,0,0,0,OK,,,,,
2026-04-27 8:28:06,-40,0,0,0,0,OK,,,,,
2026-04-27 8:28:38,-40,0,0,0,0,OK,,,,,
2026-04-27 8:29:26,-40,0,0,0,0,OK,,,,,
2026-04-27 8:29:42,-40,0,0,0,0,OK,,,,,
2026-04-27 8:30:46,-40,0,0,0,0,OK,,,,,
2026-04-27 8:31:18,-40,0,0,0,0,OK,,,,,
2026-04-27 8:31:34,-40,0,0,0,0,OK,,,,,
2026-04-27 8:31:50,-40,0,0,0,0,OK,,,,,
2026-04-27 8:32:06,-40,0,0,0,0,OK,,,,,
2026-04-27 8:32:38,-40,0,0,0,0,OK,,,,,
2026-04-27 8:33:10,-40,0,0,0,0,OK,,,,,
2026-04-27 8:33:26,-40,0,0,0,0,OK,,,,,
2026-04-27 8:33:42,-40,0,0,0,0,OK,,,,,
2026-04-27 8:34:46,16.5,60,0,4044,38848.1,OK,,,,,
2026-04-27 8:35:02,-40,0,0,0,0,OK,,,,,
2026-04-27 8:35:34,35.9,158,0,440,40493.5,OK,,,,,
2026-04-27 8:35:50,26.8,52,0,392,1677337.5,OK,,,,,
2026-04-27 8:36:22,70,151,13.2,1,1573178.7,OK,,,,,
2026-04-27 8:36:38,-40,0,0,0,0,OK,,,,,
2026-04-27 8:36:54,-40,0,0,0,0,OK,,,,,
2026-04-27 8:37:10,-40,0,0,0,0,OK,,,,,
2026-04-27 8:37:26,10.5,52,35.8,392,30949.6,OK,,,,,
2026-04-27 8:37:42,17,243,17.9,392,32707,OK,,,,,
2026-04-27 8:38:14,-40,0,0,0,0,OK,,,,,
2026-04-27 8:38:30,-40,0,0,0,0,OK,,,,,
2026-04-27 8:39:02,-40,0,0,0,0,OK,,,,,
2026-04-27 8:40:06,-40,0,0,0,0,OK,,,,,
2026-04-27 8:40:22,-40,0,0,0,0,OK,,,,,
2026-04-27 8:40:38,-40,0,0,0,0,OK,,,,,
2026-04-27 8:40:54,-40,0,0,0,0,OK,,,,,
2026-04-27 8:41:10,-40,0,0,0,0,OK,,,,,
2026-04-27 8:41:26,-40,0,0,0,0,OK,,,,,
2026-04-27 8:41:58,-40,0,0,0,0,OK,,,,,
2026-04-27 8:42:14,-40,0,0,0,0,OK,,,,,
2026-04-27 8:42:30,-40,0,0,0,0,OK,,,,,
2026-04-27 8:42:46,-40,0,0,0,0,OK,,,,,
2026-04-27 8:43:02,-40,0,0,0,0,OK,,,,,
2026-04-27 8:43:18,-40,0,0,0,0,OK,,,,,
2026-04-27 8:43:34,-40,0,0,0,0,OK,,,,,
2026-04-27 8:43:50,-40,0,0,0,0,OK,,,,,
2026-04-27 8:44:22,-40,0,0,0,0,OK,,,,,
2026-04-27 8:44:38,-40,0,0,0,0,OK,,,,,
2026-04-27 8:44:54,-40,0,0,0,0,OK,,,,,
2026-04-27 8:45:10,-40,0,0,0,0,OK,,,,,
2026-04-27 8:45:26,-40,0,0,0,0,OK,,,,,
2026-04-27 8:45:42,-40,0,0,0,0,OK,,,,,
2026-04-27 8:45:58,-40,0,0,0,0,OK,,,,,
2026-04-27 8:46:14,17.3,50,0,57570,415640.8,OK,,,,,
2026-04-27 8:46:30,-40,0,0,0,0,OK,,,,,
2026-04-27 8:46:46,-40,0,0,0,0,OK,,,,,
2026-04-27 8:47:02,-40,0,0,0,0,OK,,,,,
2026-04-27 8:47:18,-40,0,0,0,0,OK,,,,,
2026-04-27 8:47:34,-40,0,0,0,0,OK,,,,,
2026-04-27 8:48:54,-40,0,0,0,0,OK,,,,,
2026-04-27 8:49:10,-40,0,0,0,0,OK,,,,,
2026-04-27 8:49:26,-40,0,0,0,0,OK,,,,,
2026-04-27 8:49:42,-40,0,0,0,0,OK,,,,,
2026-04-27 8:49:58,-40,0,0,0,0,OK,,,,,
2026-04-27 8:50:14,-40,0,0,0,0,OK,,,,,
2026-04-27 8:50:30,-40,0,0,0,0,OK,,,,,
2026-04-27 8:51:02,-40,0,0,0,0,OK,,,,,
2026-04-27 8:51:18,-40,0,0,0,0,OK,,,,,
2026-04-27 8:51:34,27.3,49,0,486,37471.9,OK,,,,,
2026-04-27 8:51:50,-40,0,0,0,0,OK,,,,,
2026-04-27 8:52:06,-40,0,0,0,0,OK,,,,,
2026-04-27 8:52:22,-40,0,0,0,0,OK,,,,,
2026-04-27 8:52:38,-40,0,0,0,0,OK,,,,,
2026-04-27 8:53:10,-40,0,0,0,0,OK,,,,,
2026-04-27 8:53:26,-40,0,0,0,0,OK,,,,,
2026-04-27 8:53:42,-40,0,0,0,0,OK,,,,,
2026-04-27 8:54:14,-40,0,0,0,0,OK,,,,,
2026-04-27 8:54:30,-40,0,0,0,0,OK,,,,,
2026-04-27 8:55:18,-40,0,0,0,0,OK,,,,,
2026-04-27 8:55:34,-40,0,0,0,0,OK,,,,,
2026-04-27 8:55:50,16.9,51,35.7,392,22200.3,OK,,,,,
2026-04-27 8:56:06,-40,0,0,0,0,OK,,,,,
2026-04-27 8:56:38,-40,0,0,0,0,OK,,,,,
2026-04-27 8:57:42,-40,0,0,0,0,OK,,,,,
2026-04-27 8:57:58,-40,0,0,0,0,OK,,,,,
2026-04-27 8:58:14,16.8,50,0.1,316,635587,OK,,,,,
2026-04-27 8:58:30,16.7,242,0.7,440,20793.8,OK,,,,,
2026-04-27 8:59:18,-40,0,0,0,0,OK,,,,,
2026-04-27 8:59:34,-40,0,0,0,0,OK,,,,,
2026-04-27 8:59:50,-40,0,0,0,0,OK,,,,,
2026-04-27 9:00:06,-40,0,0,0,0,OK,,,,,
2026-04-27 9:00:22,-40,0,0,0,0,OK,,,,,
2026-04-27 9:00:54,17.5,53,0.4,392,101263.9,OK,,,,,
2026-04-27 9:01:42,-40,0,0,0,0,OK,,,,,
2026-04-27 9:01:58,17.5,126,0.4,904,20976.5,OK,,,,,
2026-04-27 9:02:14,-40,0,0,0,0,OK,,,,,
2026-04-27 9:02:30,-40,0,0,0,0,OK,,,,,
2026-04-27 9:02:46,15.9,54,0,392,20846,OK,,,,,
2026-04-27 9:03:02,-40,0,0,0,0,OK,,,,,
2026-04-27 9:03:50,-40,0,0,0,0,OK,,,,,
2026-04-27 9:04:22,15.9,53,0.6,392,26132.8,OK,,,,,
2026-04-27 9:04:38,-40,0,0,0,0,OK,,,,,
2026-04-27 9:04:54,-40,0,0,0,0,OK,,,,,
2026-04-27 9:05:10,-40,0,0,0,0,OK,,,,,
2026-04-27 9:05:26,-40,0,0,0,0,OK,,,,,
2026-04-27 9:06:46,-40,0,0,0,0,OK,,,,,
2026-04-27 9:07:02,-40,0,0,0,0,OK,,,,,
2026-04-27 9:07:34,-40,0,0,0,0,OK,,,,,
2026-04-27 9:07:50,-40,0,0,0,0,OK,,,,,
2026-04-27 9:08:06,23.9,53,3.8,392,160164.4,OK,,,,,
2026-04-27 9:08:38,-40,0,0,0,0,OK,,,,,
2026-04-27 9:09:10,15.6,53,0.7,904,21229.1,OK,,,,,
2026-04-27 9:09:26,15.7,53,0.4,392,20434.2,OK,,,,,
2026-04-27 9:09:42,-40,0,0,0,0,OK,,,,,
2026-04-27 9:09:58,15.6,54,2,392,20828.6,OK,,,,,
2026-04-27 9:10:30,-40,0,0,0,0,OK,,,,,
2026-04-27 9:11:18,-40,0,0,0,0,OK,,,,,
2026-04-27 9:11:50,-40,0,0,0,0,OK,,,,,
2026-04-27 9:12:06,-40,0,0,0,0,OK,,,,,
2026-04-27 9:12:22,-40,0,0,0,0,OK,,,,,
2026-04-27 9:12:38,15.7,53,1.4,392,22504.8,OK,,,,,
2026-04-27 9:12:54,15.6,53,2.1,392,632195,OK,,,,,
2026-04-27 9:13:10,117.9,53,4.3,392,635491.9,OK,,,,,
2026-04-27 9:13:26,-40,0,0,0,0,OK,,,,,
2026-04-27 9:14:30,-40,0,0,0,0,OK,,,,,
2026-04-27 9:14:46,-40,0,0,0,0,OK,,,,,
2026-04-27 9:15:18,15.5,118,1,392,23133.9,OK,,,,,
2026-04-27 9:16:06,-40,0,0,0,0,OK,,,,,
2026-04-27 9:16:22,-40,0,0,0,0,OK,,,,,
2026-04-27 9:17:26,-40,0,0,0,0,OK,,,,,
2026-04-27 9:17:42,-40,0,0,0,0,OK,,,,,
2026-04-27 9:18:30,-40,0,0,0,0,OK,,,,,
2026-04-27 9:18:46,-40,0,0,0,0,OK,,,,,
2026-04-27 9:19:02,-40,0,0,0,0,OK,,,,,
2026-04-27 9:19:18,-40,0,0,0,0,OK,,,,,
2026-04-27 9:19:34,-40,0,0,0,0,OK,,,,,
2026-04-27 9:19:50,-40,0,0,0,0,OK,,,,,
2026-04-27 9:20:06,-40,0,0,0,0,OK,,,,,
2026-04-27 9:20:22,16.5,52,0,392,51455.5,OK,,,,,
2026-04-27 9:20:38,-40,0,0,0,0,OK,,,,,
2026-04-27 9:20:54,-40,0,0,0,0,OK,,,,,
2026-04-27 9:21:10,-40,0,0,0,0,OK,,,,,
2026-04-27 9:21:26,17.1,51,17.9,392,53813.2,OK,,,,,
2026-04-27 9:21:42,27,51,0,392,1664172.7,OK,,,,,
2026-04-27 9:21:58,17.4,50,0,392,48807.8,OK,,,,,
2026-04-27 9:22:14,-40,0,0,0,0,OK,,,,,
2026-04-27 9:22:30,-40,0,0,0,0,OK,,,,,
2026-04-27 9:23:34,-40,0,0,0,0,OK,,,,,
2026-04-27 9:23:50,-40,0,0,0,0,OK,,,,,
2026-04-27 9:24:06,-40,0,0,0,0,OK,,,,,
2026-04-27 9:24:22,-40,0,0,0,0,OK,,,,,
2026-04-27 9:24:38,-40,0,0,0,0,OK,,,,,
2026-04-27 9:24:54,18.3,48,0.4,392,44326.3,OK,,,,,
2026-04-27 9:25:10,-40,0,0,0,0,OK,,,,,
2026-04-27 9:25:26,-40,0,0,0,0,OK,,,,,
2026-04-27 9:25:42,-40,0,0,0,0,OK,,,,,
2026-04-27 9:25:58,-40,0,0,0,0,OK,,,,,
2026-04-27 9:26:14,-40,0,0,0,0,OK,,,,,
2026-04-27 9:26:30,-40,0,0,0,0,OK,,,,,
2026-04-27 9:27:02,-40,0,0,0,0,OK,,,,,
2026-04-27 9:27:18,-40,0,0,0,0,OK,,,,,
2026-04-27 9:27:34,-40,0,0,0,0,OK,,,,,
2026-04-27 9:27:50,18.1,47,0.3,392,28252.6,OK,,,,,
2026-04-27 9:29:10,30.8,48,0,392,79530.3,OK,,,,,
2026-04-27 9:29:26,-40,0,0,0,0,OK,,,,,
2026-04-27 9:29:42,-40,0,0,0,0,OK,,,,,
2026-04-27 9:29:58,-40,0,0,0,0,OK,,,,,
2026-04-27 9:30:14,-40,0,0,0,0,OK,,,,,
2026-04-27 9:30:30,-40,0,0,0,0,OK,,,,,
2026-04-27 9:30:46,-40,0,0,0,0,OK,,,,,
2026-04-27 9:31:02,-40,0,0,0,0,OK,,,,,
2026-04-27 9:31:18,18,48,0,392,83752.7,OK,,,,,
2026-04-27 9:31:34,-40,0,0,0,0,OK,,,,,
2026-04-27 9:31:50,-40,0,0,0,0,OK,,,,,
2026-04-27 9:32:06,-40,0,0,0,0,OK,,,,,
2026-04-27 9:32:22,-40,0,0,0,0,OK,,,,,
2026-04-27 9:32:38,-40,0,0,0,0,OK,,,,,
2026-04-27 9:32:54,-40,0,0,0,0,OK,,,,,
2026-04-27 9:33:10,-40,0,0,0,0,OK,,,,,
2026-04-27 9:33:26,-40,0,0,0,0,OK,,,,,
2026-04-27 9:33:42,-40,0,0,0,0,OK,,,,,
2026-04-27 9:33:58,-40,0,0,0,0,OK,,,,,
2026-04-27 9:34:14,-40,0,0,0,0,OK,,,,,
2026-04-27 9:34:30,-40,0,0,0,0,OK,,,,,
2026-04-27 9:34:46,17.5,49,2.1,392,31901.2,OK,,,,,
2026-04-27 9:35:02,-40,0,0,0,0,OK,,,,,
2026-04-27 9:35:18,17.1,50,1.7,392,315372.5,OK,,,,,
2026-04-27 9:35:34,-40,0,0,0,0,OK,,,,,
2026-04-27 9:35:50,17,51,0.3,440,32582.2,OK,,,,,
2026-04-27 9:36:06,-40,0,0,0,0,OK,,,,,
2026-04-27 9:36:22,-40,0,0,0,0,OK,,,,,
2026-04-27 9:36:38,16.8,51,1,392,32820.1,OK,,,,,
2026-04-27 9:36:54,16.9,51,0.1,392,316197.9,OK,,,,,
2026-04-27 9:37:10,50.3,54,36.8,392,31863.1,OK,,,,,
2026-04-27 9:37:26,-40,0,0,0,0,OK,,,,,
2026-04-27 9:37:42,-40,0,0,0,0,OK,,,,,
2026-04-27 9:37:58,-40,0,0,0,0,OK,,,,,
2026-04-27 9:38:14,-40,0,0,0,0,OK,,,,,
2026-04-27 9:38:30,-40,0,0,0,0,OK,,,,,
2026-04-27 9:38:46,-40,0,0,0,0,OK,,,,,
2026-04-27 9:39:02,-40,0,0,0,0,OK,,,,,
2026-04-27 9:39:18,-40,0,0,0,0,OK,,,,,
2026-04-27 9:39:34,-40,0,0,0,0,OK,,,,,
2026-04-27 9:39:50,17.3,50,0,392,33110.1,OK,,,,,
2026-04-27 9:40:06,-40,0,0,0,0,OK,,,,,
2026-04-27 9:40:22,-40,0,0,0,0,OK,,,,,
2026-04-27 9:40:38,-40,0,0,0,0,OK,,,,,
2026-04-27 9:40:54,17.4,50,0,452,398618.2,OK,,,,,
2026-04-27 9:41:10,-40,0,0,0,0,OK,,,,,
2026-04-27 9:41:26,17.4,50,0,392,31912.4,OK,,,,,
2026-04-27 9:41:42,17.3,50,0.1,392,32736,OK,,,,,
2026-04-27 9:41:58,-40,0,0,0,0,OK,,,,,
2026-04-27 9:42:14,-40,0,0,0,0,OK,,,,,
2026-04-27 9:42:30,-40,0,0,0,0,OK,,,,,
2026-04-27 9:42:46,17.3,50,0.1,392,32367.7,OK,,,,,
2026-04-27 9:43:02,-40,0,0,0,0,OK,,,,,
2026-04-27 9:43:18,-40,0,0,0,0,OK,,,,,
2026-04-27 9:43:34,17.5,49,0.1,392,857593.5,OK,,,,,
2026-04-27 9:43:50,17.5,48,1.8,392,32140,OK,,,,,
2026-04-27 9:44:06,-40,0,0,0,0,OK,,,,,
2026-04-27 9:44:22,-40,0,0,0,0,OK,,,,,
2026-04-27 9:44:38,-40,0,0,0,0,OK,,,,,
2026-04-27 9:44:54,16.9,49,0.6,392,31636.9,OK,,,,,
2026-04-27 9:45:10,16.9,49,0.6,392,33310.2,OK,,,,,
2026-04-27 9:45:26,-40,0,0,0,0,OK,,,,,
2026-04-27 9:45:42,-40,0,0,0,0,OK,,,,,
2026-04-27 9:45:58,16.9,50,0,392,858109.7,OK,,,,,
2026-04-27 9:46:14,17,50,0,392,33811.9,OK,,,,,
2026-04-27 9:46:30,-40,0,0,0,0,OK,,,,,
2026-04-27 9:46:46,-40,0,0,0,0,OK,,,,,
2026-04-27 9:47:02,17.3,49,0,392,35746.2,OK,,,,,
2026-04-27 9:47:18,17.3,48,0,392,43941.6,OK,,,,,
2026-04-27 9:47:34,17.4,49,0,392,36790.2,OK,,,,,
2026-04-27 9:47:50,17.5,49,0,392,34078.7,OK,,,,,
2026-04-27 9:48:06,17.5,49,0,392,40171.6,OK,,,,,
2026-04-27 9:48:22,120,49,0,392,43880.7,OK,,,,,
2026-04-27 9:48:38,-40,0,0,0,0,OK,,,,,
2026-04-27 9:48:54,-40,0,0,0,0,OK,,,,,
2026-04-27 9:49:10,17.7,48,0,392,48222,OK,,,,,
2026-04-27 9:49:26,17.8,47,0,504,59633.5,OK,,,,,
2026-04-27 9:49:42,-40,0,0,0,0,OK,,,,,
2026-04-27 9:49:58,18.1,46,0,392,58801.2,OK,,,,,
2026-04-27 9:50:14,-40,0,0,0,0,OK,,,,,
2026-04-27 9:50:30,-40,0,0,0,0,OK,,,,,
2026-04-27 9:50:46,-40,0,0,0,0,OK,,,,,
2026-04-27 9:51:18,18.2,45,0.4,392,61994.1,OK,,,,,
2026-04-27 9:52:22,17.9,238,13.4,392,59413.1,OK,,,,,
2026-04-27 9:52:38,18,46,0,392,61782.4,OK,,,,,
2026-04-27 9:52:54,18.1,45,0,392,61738.9,OK,,,,,
2026-04-27 9:53:10,18.3,45,0,408,58824.4,OK,,,,,
2026-04-27 9:53:26,-40,0,0,0,0,OK,,,,,
2026-04-27 9:54:30,18.6,44,0,392,63078.7,OK,,,,,
2026-04-27 9:54:46,18.7,44,0,392,63713.8,OK,,,,,
2026-04-27 9:55:18,-40,0,0,0,0,OK,,,,,
2026-04-27 9:55:34,19,42,0.4,392,53995.9,OK,,,,,
2026-04-27 9:56:38,19.1,43,0,392,56318.8,OK,,,,,
2026-04-27 9:56:54,19.1,43,0,392,64818.7,OK,,,,,
2026-04-27 9:57:10,19.1,43,0,392,62785.8,OK,,,,,
2026-04-27 9:57:26,19.2,43,0,392,60544.1,OK,,,,,
2026-04-27 9:57:42,19.3,43,0,408,62510.3,OK,,,,,
2026-04-27 9:57:58,-40,0,0,0,0,OK,,,,,
2026-04-27 9:58:14,19.3,43,0,392,57510.7,OK,,,,,
2026-04-27 9:58:30,-40,0,0,0,0,OK,,,,,
2026-04-27 9:58:46,19.7,43,0,392,59810.4,OK,,,,,
2026-04-27 9:59:02,-40,0,0,0,0,OK,,,,,
2026-04-27 9:59:18,19.7,43,0,392,166482.9,OK,,,,,
2026-04-27 9:59:34,19.9,42,0,392,63426.7,OK,,,,,
2026-04-27 9:59:50,20.1,42,0,392,63090.3,OK,,,,,
2026-04-27 10:00:06,20.2,42,0,392,62611.8,OK,,,,,
2026-04-27 10:00:22,-40,0,0,0,0,OK,,,,,
2026-04-27 10:01:26,20.4,41,0,392,62849.6,OK,,,,,
2026-04-27 10:01:42,20.5,41,0,392,62780,OK,,,,,
2026-04-27 10:01:58,20.5,40,0,392,63029.4,OK,,,,,
2026-04-27 10:02:14,20.4,40,0,392,62127.5,OK,,,,,
2026-04-27 10:02:30,20.4,40,0,392,61997,OK,,,,,
2026-04-27 10:02:46,20.5,40,0,392,62542.2,OK,,,,,
2026-04-27 10:03:02,20.5,40,0,392,63383.2,OK,,,,,
2026-04-27 10:03:18,-40,0,0,0,0,OK,,,,,
2026-04-27 10:03:34,20.7,39,0,392,63886.6,OK,,,,,
2026-04-27 10:03:50,20.7,39,0,392,63838.5,OK,,,,,
2026-04-27 10:04:06,20.8,39,0,392,64122.7,OK,,,,,
2026-04-27 10:04:22,20.7,39,0,392,64317,OK,,,,,
2026-04-27 10:04:38,20.8,38,0,392,64264.8,OK,,,,,
2026-04-27 10:04:54,20.7,39,0,392,64044.4,OK,,,,,
2026-04-27 10:05:10,20.6,47,0,392,64560.6,OK,,,,,
2026-04-27 10:05:26,20.5,39,0,392,64580.9,OK,,,,,
2026-04-27 10:05:42,20.5,231,0,392,64456.2,OK,,,,,
2026-04-27 10:05:58,20.5,39,0,392,64517.1,OK,,,,,
2026-04-27 10:06:14,20.6,39,0,392,65071,OK,,,,,
2026-04-27 10:06:30,20.7,127,0,392,64865.1,OK,,,,,
2026-04-27 10:06:46,20.6,39,0,392,64981.1,OK,,,,,
2026-04-27 10:07:02,20.6,39,0,392,64975.3,OK,,,,,
2026-04-27 10:07:18,20.5,38,0,392,65413.2,OK,,,,,
2026-04-27 10:07:34,20.5,38,0,392,65627.8,OK,,,,,
2026-04-27 10:07:50,20.4,38,0,392,65358.1,OK,,,,,
2026-04-27 10:08:06,-40,0,0,0,0,OK,,,,,
2026-04-27 10:08:22,20.7,37,0,392,65160.9,OK,,,,,
2026-04-27 10:08:38,20.9,37,0,392,65082.6,OK,,,,,
2026-04-27 10:08:54,20.9,37,0,392,65221.8,OK,,,,,
2026-04-27 10:09:10,21,36,0,392,65448,OK,,,,,
2026-04-27 10:09:26,21.1,36,0,392,65448,OK,,,,,
2026-04-27 10:09:42,21.2,36,0,392,65598.8,OK,,,,,
2026-04-27 10:09:58,21.3,36,0,392,65807.6,OK,,,,,
2026-04-27 10:10:14,21.3,36,0.1,392,66013.5,OK,,,,,
2026-04-27 10:10:30,123.7,36,0.1,392,66115,OK,,,,,
2026-04-27 10:10:46,21.4,36,0,392,66164.3,OK,,,,,
2026-04-27 10:11:02,21.4,36,0,392,66167.2,OK,,,,,
2026-04-27 10:11:18,21.3,36,0,392,66303.5,OK,,,,,
2026-04-27 10:11:34,21.1,36,0.1,392,66245.5,OK,,,,,
2026-04-27 10:11:50,21,36,0,392,66297.7,OK,,,,,
2026-04-27 10:12:06,20.9,36,0,392,66521,OK,,,,,
2026-04-27 10:12:22,20.9,36,0,392,66637,OK,,,,,
2026-04-27 10:12:38,20.9,36,0,392,66941.5,OK,,,,,
2026-04-27 10:12:54,21.1,36,0,392,66869,OK,,,,,
2026-04-27 10:13:10,21,36,0,392,67376.5,OK,,,,,
2026-04-27 10:13:26,20.9,36,0,392,67376.5,OK,,,,,
2026-04-27 10:13:42,20.9,36,0,392,67739.9,OK,,,,,
2026-04-27 10:13:58,20.8,36,0,392,67657.8,OK,,,,,
2026-04-27 10:14:14,20.9,36,0,392,67678.1,OK,,,,,
2026-04-27 10:14:30,36.6,36,0,392,67623,OK,,,,,
2026-04-27 10:14:46,-40,0,0,0,0,OK,,,,,
2026-04-27 10:15:02,21.3,228,17.9,392,67889.8,OK,,,,,
2026-04-27 10:15:18,21.3,36,0,392,67878.2,OK,,,,,
2026-04-27 10:15:34,21.2,36,0,1928,67831.8,OK,,,,,
2026-04-27 10:15:50,-40,0,0,0,0,OK,,,,,
2026-04-27 10:16:06,21.1,36,0,392,67985.5,OK,,,,,
2026-04-27 10:16:22,21.1,36,0,392,67933.3,OK,,,,,
2026-04-27 10:16:38,-40,0,0,0,0,OK,,,,,
2026-04-27 10:16:54,21.2,35,0.1,392,67652,OK,,,,,
2026-04-27 10:17:10,-40,0,0,0,0,OK,,,,,
2026-04-27 10:17:26,-40,0,0,0,0,OK,,,,,
2026-04-27 10:17:42,21.2,35,0,392,68000,OK,,,,,
2026-04-27 10:17:58,21.2,35,0,392,67997.1,OK,,,,,
2026-04-27 10:18:14,-40,0,0,0,0,OK,,,,,
2026-04-27 10:18:30,21.1,35,0,392,67733.2,OK,,,,,
2026-04-27 10:18:46,21.3,35,0,392,67756.4,OK,,,,,
2026-04-27 10:19:02,21.4,35,0,392,67472.2,OK,,,,,
2026-04-27 10:19:18,21.6,35,0,392,67681,OK,,,,,
2026-04-27 10:19:34,21.8,35,0,392,67585.3,OK,,,,,
2026-04-27 10:19:50,-40,0,0,0,0,OK,,,,,
2026-04-27 10:20:06,21.6,34,0,392,68408.9,OK,,,,,
2026-04-27 10:20:22,124,35,0,392,68011.6,OK,,,,,
2026-04-27 10:20:38,21.7,34,0,392,66007.7,OK,,,,,
2026-04-27 10:20:54,-40,0,0,0,0,OK,,,,,
2026-04-27 10:21:10,-40,0,0,0,0,OK,,,,,
2026-04-27 10:21:26,21.8,34,0,392,61466.3,OK,,,,,
2026-04-27 10:21:42,21.7,34,0,392,68084.1,OK,,,,,
2026-04-27 10:21:58,21.7,34,0,392,68551,OK,,,,,
2026-04-27 10:22:14,21.7,34,0,392,68765.6,OK,,,,,
2026-04-27 10:22:30,21.7,36,0,392,68687.3,OK,,,,,
2026-04-27 10:22:46,21.6,38,0.3,392,68687.3,OK,,,,,
2026-04-27 10:23:02,21.6,40,0.7,392,68959.9,OK,,,,,
2026-04-27 10:23:18,21.6,41,0.7,392,68988.9,OK,,,,,
2026-04-27 10:23:34,21.7,41,0.1,392,68838.1,OK,,,,,
2026-04-27 10:23:50,21.9,41,0,392,68394.4,OK,,,,,
2026-04-27 10:24:06,21.9,40,0,392,68440.8,OK,,,,,
2026-04-27 10:24:22,21.7,41,0,392,68655.4,OK,,,,,
2026-04-27 10:24:38,21.7,41,0,392,68835.2,OK,,,,,
2026-04-27 10:24:54,21.5,41,0.7,392,68716.3,OK,,,,,
2026-04-27 10:25:10,21.1,42,0.4,452,68986,OK,,,,,
2026-04-27 10:25:26,21.2,42,0.3,392,69102,OK,,,,,
2026-04-27 10:25:42,21.1,42,1.1,392,68997.6,OK,,,,,
2026-04-27 10:26:14,20.9,43,0.3,392,376042.3,OK,,,,,
2026-04-27 10:26:30,20.8,43,1.4,392,68597.4,OK,,,,,
2026-04-27 10:26:46,-40,0,0,0,0,OK,,,,,
2026-04-27 10:27:02,33.6,43,0.4,392,67420,OK,,,,,
2026-04-27 10:27:18,-40,0,0,0,0,OK,,,,,
2026-04-27 10:27:34,-40,0,0,0,0,OK,,,,,
2026-04-27 10:27:50,-40,0,0,0,0,OK,,,,,
2026-04-27 10:28:06,20.8,44,0.8,392,69510.9,OK,,,,,
2026-04-27 10:28:38,-40,0,0,0,0,OK,,,,,
2026-04-27 10:28:54,-40,0,0,0,0,OK,,,,,
2026-04-27 10:29:10,20.4,44,0.1,392,198155.8,OK,,,,,
2026-04-27 10:29:26,20.4,44,0,392,69196,OK,,,,,
2026-04-27 10:29:42,20.5,44,0,392,69186.1,OK,,,,,
2026-04-27 10:29:58,20.6,43,0.3,392,69328.2,OK,,,,,
2026-04-27 10:30:14,20.5,43,0.7,392,69116.5,OK,,,,,
2026-04-27 10:30:30,-40,0,0,0,0,OK,,,,,
2026-04-27 10:30:46,20.5,43,0.7,392,68046.4,OK,,,,,
2026-04-27 10:31:02,20.6,43,0.8,392,65653.9,OK,,,,,
2026-04-27 10:31:18,20.3,44,1.7,392,65906.2,OK,,,,,
2026-04-27 10:31:34,20.2,44,1,904,66729.8,OK,,,,,
2026-04-27 10:31:50,-40,0,0,0,0,OK,,,,,
2026-04-27 10:32:06,-40,0,0,0,0,OK,,,,,
2026-04-27 10:32:22,19.9,45,1.1,392,68365.4,OK,,,,,
2026-04-27 10:32:38,19.9,44,0.8,392,71415,OK,,,,,
2026-04-27 10:32:54,-40,0,0,0,0,OK,,,,,
2026-04-27 10:33:10,-40,0,0,0,0,OK,,,,,
2026-04-27 10:33:26,20,44,0.4,392,68319,OK,,,,,
2026-04-27 10:33:42,19.9,44,0.8,392,68498.8,OK,,,,,
2026-04-27 10:33:58,19.8,44,0.8,392,70447,OK,,,,,
2026-04-27 10:35:02,-40,0,0,0,0,OK,,,,,
2026-04-27 10:35:18,-40,0,0,0,0,OK,,,,,
2026-04-27 10:35:34,-40,0,0,0,0,OK,,,,,
2026-04-27 10:35:50,19.8,44,0.4,392,68922.2,OK,,,,,
2026-04-27 10:36:06,32.7,150,0.6,392,69073,OK,,,,,
2026-04-27 10:36:38,20,43,0.8,392,68942.5,OK,,,,,
2026-04-27 10:36:54,20,44,0.4,392,68875.8,OK,,,,,
2026-04-27 10:37:10,-40,0,0,0,0,OK,,,,,
2026-04-27 10:37:26,20.2,44,0,392,69044,OK,,,,,
2026-04-27 10:37:42,20.2,44,0,392,68919.3,OK,,,,,
2026-04-27 10:37:58,-40,0,0,0,0,OK,,,,,
2026-04-27 10:38:14,20.6,43,0.4,392,69119.4,OK,,,,,
2026-04-27 10:38:30,20.6,43,0.8,392,69363,OK,,,,,
2026-04-27 10:38:46,20.4,43,0.7,392,69226.7,OK,,,,,
2026-04-27 10:39:02,20.3,43,1.3,392,69334,OK,,,,,
2026-04-27 10:39:18,-40,0,0,0,0,OK,,,,,
2026-04-27 10:39:34,20.1,43,0.4,392,200577.1,OK,,,,,
2026-04-27 10:39:50,20,43,1.5,392,69577.6,OK,,,,,
2026-04-27 10:40:06,19.8,44,1.1,392,872667.1,OK,,,,,
2026-04-27 10:40:22,-40,0,0,0,0,OK,,,,,
2026-04-27 10:40:38,19.6,44,0.7,392,69258.6,OK,,,,,
2026-04-27 10:40:54,19.5,44,1.1,392,383796.6,OK,,,,,
2026-04-27 10:41:10,19.4,45,1.7,392,69345.6,OK,,,,,
2026-04-27 10:41:26,-40,0,0,0,0,OK,,,,,
2026-04-27 10:41:42,-40,0,0,0,0,OK,,,,,
2026-04-27 10:41:58,19.1,45,1.5,392,69206.4,OK,,,,,
2026-04-27 10:42:14,19,45,1.1,392,69168.7,OK,,,,,
2026-04-27 10:42:30,19.2,45,0.4,392,69107.8,OK,,,,,
2026-04-27 10:42:46,-40,0,0,0,0,OK,,,,,
2026-04-27 10:43:50,19.3,45,1.4,392,69322.4,OK,,,,,
2026-04-27 10:44:06,19.2,44,1.1,392,69197.7,OK,,,,,
2026-04-27 10:44:22,19.2,45,1.3,392,69400.7,OK,,,,,
2026-04-27 10:44:38,-40,0,0,0,0,OK,,,,,
2026-04-27 10:44:54,19,45,0.8,392,69505.1,OK,,,,,
2026-04-27 10:45:10,19,45,1.5,392,69673.3,OK,,,,,
2026-04-27 10:45:26,18.9,44,1.4,392,69641.4,OK,,,,,
2026-04-27 10:45:42,18.9,45,1.3,392,69667.5,OK,,,,,
2026-04-27 10:45:58,18.8,237,1,392,69676.2,OK,,,,,
2026-04-27 10:46:14,18.9,45,0.4,392,69325.3,OK,,,,,
2026-04-27 10:46:30,19,45,0.8,392,69461.6,OK,,,,,
2026-04-27 10:46:46,19.1,44,1.3,392,69696.5,OK,,,,,
2026-04-27 10:47:02,19,44,1.3,392,69777.7,OK,,,,,
2026-04-27 10:47:18,19,44,0.3,392,69682,OK,,,,,
2026-04-27 10:47:34,19.2,44,0,392,69885,OK,,,,,
2026-04-27 10:47:50,19.4,43,0,392,69911.1,OK,,,,,
2026-04-27 10:48:06,19.5,43,0,392,69893.7,OK,,,,,
2026-04-27 10:48:22,19.7,42,0,392,69908.2,OK,,,,,
2026-04-27 10:48:38,19.7,42,0.4,392,69966.2,OK,,,,,
2026-04-27 10:48:54,19.6,43,0.1,392,69943,OK,,,,,
2026-04-27 10:49:10,19.6,42,0.8,392,70044.5,OK,,,,,
2026-04-27 10:49:26,19.5,42,1,392,70105.4,OK,,,,,
2026-04-27 10:49:42,19.5,42,1.5,392,70001,OK,,,,,
2026-04-27 10:49:58,16.5,57,13.4,392,69861.8,OK,,,,,
2026-04-27 10:50:14,19.5,42,0.4,392,70076.4,OK,,,,,
2026-04-27 10:50:30,19.5,42,0.3,392,70056.1,OK,,,,,
2026-04-27 10:50:46,19.5,42,0.4,392,639371,OK,,,,,
2026-04-27 10:51:02,19.6,42,0.1,392,70679.6,OK,,,,,
2026-04-27 10:51:18,19.7,41,0.3,392,70644.8,OK,,,,,
2026-04-27 10:51:34,19.6,41,1.7,392,70798.5,OK,,,,,
2026-04-27 10:51:50,19.6,42,0.1,392,70900,OK,,,,,
2026-04-27 10:52:06,19.7,42,0.1,392,71303.1,OK,,,,,
2026-04-27 10:52:22,19.8,42,0,392,71236.4,OK,,,,,
2026-04-27 10:52:38,-40,0,0,0,0,OK,,,,,
2026-04-27 10:52:54,19.9,42,0.3,392,71332.1,OK,,,,,
2026-04-27 10:53:10,19.8,41,1.8,392,71297.3,OK,,,,,
2026-04-27 10:53:26,19.5,42,2.1,392,71509,OK,,,,,
2026-04-27 10:53:42,-40,0,0,0,0,OK,,,,,
2026-04-27 10:53:58,19.4,42,0.6,392,71468.4,OK,,,,,
2026-04-27 10:54:14,19.3,42,1,392,71372.7,OK,,,,,
2026-04-27 10:54:30,121.6,42,1.1,392,71422,OK,,,,,
2026-04-27 10:54:46,19.2,42,0,392,71590.2,OK,,,,,
2026-04-27 10:55:02,19.3,42,0,392,71804.8,OK,,,,,
2026-04-27 10:55:18,19.5,42,0,392,71932.4,OK,,,,,
2026-04-27 10:55:34,19.5,42,0,392,72207.9,OK,,,,,
2026-04-27 10:55:50,-40,0,0,0,0,OK,,,,,
2026-04-27 10:56:06,19.5,42,1.4,392,72468.9,OK,,,,,
2026-04-27 10:56:22,19.2,42,2.4,392,72529.8,OK,,,,,
2026-04-27 10:56:38,-40,0,0,0,0,OK,,,,,
2026-04-27 10:56:54,19,43,1.3,392,72541.4,OK,,,,,
2026-04-27 10:57:10,19,43,1.4,392,72535.6,OK,,,,,
2026-04-27 10:57:26,19,44,0.6,392,71851.2,OK,,,,,
2026-04-27 10:57:42,18.9,44,2,392,72147,OK,,,,,
2026-04-27 10:57:58,18.7,44,2.7,392,73214.2,OK,,,,,
2026-04-27 10:58:14,18.6,44,0.6,392,73467.1,OK,,,,,
2026-04-27 10:58:30,18.6,44,0.7,392,73159.1,OK,,,,,
2026-04-27 10:58:46,18.7,44,1,392,73028.6,OK,,,,,
2026-04-27 10:59:02,18.8,44,0.7,392,73150.4,OK,,,,,
2026-04-27 10:59:18,18.9,43,1.1,392,73135.9,OK,,,,,
2026-04-27 10:59:34,18.8,41,1.5,392,73263.5,OK,,,,,
2026-04-27 10:59:50,18.8,41,1.1,392,72837.2,OK,,,,,
2026-04-27 11:00:06,19,41,0.3,392,67182.2,OK,,,,,
2026-04-27 11:00:22,-40,0,0,0,0,OK,,,,,
2026-04-27 11:00:38,19,42,1.5,392,70969.6,OK,,,,,
2026-04-27 11:00:54,19,42,0.8,392,385881.7,OK,,,,,
2026-04-27 11:01:10,19,43,1,392,71903.4,OK,,,,,
2026-04-27 11:01:26,18.9,42,0.8,392,72961.9,OK,,,,,
2026-04-27 11:01:42,19,42,0.3,392,73620.2,OK,,,,,
2026-04-27 11:01:58,-40,0,0,0,0,OK,,,,,
2026-04-27 11:02:14,19.3,41,0.3,392,73614.4,OK,,,,,
2026-04-27 11:03:18,22.7,39,0.1,392,74394.5,OK,,,,,
2026-04-27 11:03:34,19.5,40,0.3,392,74525,OK,,,,,
2026-04-27 11:03:50,19.6,40,0.3,392,74809.2,OK,,,,,
2026-04-27 11:04:06,19.5,39,1.4,392,74983.2,OK,,,,,
2026-04-27 11:04:22,19.4,40,0.4,392,75444.3,OK,,,,,
2026-04-27 11:04:38,-40,0,0,0,0,OK,,,,,
2026-04-27 11:04:54,19.3,38,1,392,74701.9,OK,,,,,
2026-04-27 11:05:10,19.2,37,1.3,392,69882.1,OK,,,,,
2026-04-27 11:05:26,19.2,38,0.3,316,642005.7,OK,,,,,
2026-04-27 11:05:42,-40,0,0,0,0,OK,,,,,
2026-04-27 11:05:58,19.4,39,1,392,73278,OK,,,,,
2026-04-27 11:06:14,-40,0,0,0,0,OK,,,,,
2026-04-27 11:06:30,19.1,41,1.8,392,75165.9,OK,,,,,
2026-04-27 11:06:46,-40,0,0,0,0,OK,,,,,
2026-04-27 11:07:02,18.8,42,0.3,392,59505.9,OK,,,,,
2026-04-27 11:07:18,18.9,42,0.8,392,64232.9,OK,,,,,
2026-04-27 11:07:34,-40,0,0,0,0,OK,,,,,
2026-04-27 11:07:50,18.8,41,0.3,392,63626.8,OK,,,,,
2026-04-27 11:08:06,18.9,41,0,392,60903.7,OK,,,,,
2026-04-27 11:08:22,121.4,41,0.8,392,64714.3,OK,,,,,
2026-04-27 11:08:38,19,40,0.8,392,68493,OK,,,,,
2026-04-27 11:08:54,19.1,40,1,392,384179.4,OK,,,,,
2026-04-27 11:09:10,19,39,1.3,392,70685.4,OK,,,,,
2026-04-27 11:09:42,19,37,0.1,392,74298.8,OK,,,,,
2026-04-27 11:09:58,19.1,38,1.5,392,74951.3,OK,,,,,
2026-04-27 11:10:14,18.9,40,3.1,392,75331.2,OK,,,,,
2026-04-27 11:10:30,18.7,38,2.4,392,75719.8,OK,,,,,
2026-04-27 11:10:46,18.7,38,1.4,392,72938.7,OK,,,,,
2026-04-27 11:11:02,121.1,36,2.1,392,44083.7,OK,,,,,
2026-04-27 11:11:18,-40,0,0,0,0,OK,,,,,
2026-04-27 11:11:34,18.5,39,2,392,64462,OK,,,,,
2026-04-27 11:11:50,18.4,40,2.5,392,61823,OK,,,,,
2026-04-27 11:12:06,18.3,41,1.5,392,62791.6,OK,,,,,
2026-04-27 11:12:22,-40,0,0,0,0,OK,,,,,
2026-04-27 11:12:38,18.4,43,1.8,392,65311.7,OK,,,,,
2026-04-27 11:12:54,18.4,43,2,392,64746.2,OK,,,,,
2026-04-27 11:13:10,18.4,43,1.4,392,62739.4,OK,,,,,
2026-04-27 11:13:26,18.4,42,1.1,392,62519,OK,,,,,
2026-04-27 11:13:42,18.4,42,1,392,58972.3,OK,,,,,
2026-04-27 11:13:58,18.3,43,2,392,55466.2,OK,,,,,
2026-04-27 11:14:14,-40,0,0,0,0,OK,,,,,
2026-04-27 11:14:30,18.2,41,1.8,392,62846.7,OK,,,,,
2026-04-27 11:14:46,18.2,42,0.7,392,67646.2,OK,,,,,
2026-04-27 11:15:02,18.4,41,0.8,392,68664.1,OK,,,,,
2026-04-27 11:15:18,18.5,39,0.1,392,71668.5,OK,,,,,
2026-04-27 11:15:34,18.6,39,0.4,392,70424.4,OK,,,,,
2026-04-27 11:15:50,18.6,40,0.3,392,383123.8,OK,,,,,
2026-04-27 11:16:06,-40,0,0,0,0,OK,,,,,
2026-04-27 11:16:22,18.8,39,0.7,392,75125.3,OK,,,,,
2026-04-27 11:16:38,18.8,41,0.1,392,69247,OK,,,,,
2026-04-27 11:16:54,-40,0,0,0,0,OK,,,,,
2026-04-27 11:17:10,-6.7,43,37,392,72744.4,OK,,,,,
2026-04-27 11:17:26,18.8,43,0.6,392,72872,OK,,,,,
2026-04-27 11:17:42,18.9,44,1.8,392,74214.7,OK,,,,,
2026-04-27 11:17:58,18.7,45,1.5,392,74461.2,OK,,,,,
2026-04-27 11:18:14,18.6,46,1,392,73443.3,OK,,,,,
2026-04-27 11:18:30,18.6,46,0.8,392,74348.1,OK,,,,,
2026-04-27 11:18:46,-40,0,0,0,0,OK,,,,,
2026-04-27 11:19:02,18.6,45,1.7,392,71219,OK,,,,,
2026-04-27 11:19:18,18.5,47,1,392,68614.8,OK,,,,,
2026-04-27 11:19:34,18.5,48,1.5,392,70201.1,OK,,,,,
2026-04-27 11:19:50,18.4,48,1.8,392,72796.6,OK,,,,,
2026-04-27 11:20:06,18.3,48,0.8,392,72671.9,OK,,,,,
2026-04-27 11:20:22,18.4,49,1.1,392,72959,OK,,,,,
2026-04-27 11:20:38,18.4,49,1,392,71239.3,OK,,,,,
2026-04-27 11:20:54,18.3,50,2.2,392,69255.7,OK,,,,,
2026-04-27 11:21:10,18.2,50,1.3,392,71775.8,OK,,,,,
2026-04-27 11:21:26,-40,0,0,0,0,OK,,,,,
2026-04-27 11:21:42,-40,0,0,0,0,OK,,,,,
2026-04-27 11:21:58,18.6,48,0,392,72043.7,OK,,,,,
2026-04-27 11:22:14,18.7,47,0.1,392,71010.2,OK,,,,,
2026-04-27 11:22:30,18.7,47,2.4,1928,73530.3,OK,,,,,
2026-04-27 11:22:46,18.4,48,2,392,74290.1,OK,,,,,
2026-04-27 11:23:02,18.5,48,0.8,392,69061.4,OK,,,,,
2026-04-27 11:23:18,18.5,47,1.7,392,173405.7,OK,,,,,
2026-04-27 11:23:34,18.3,48,1.8,392,68748.2,OK,,,,,
2026-04-27 11:23:50,18.3,49,0.8,392,70462.1,OK,,,,,
2026-04-27 11:24:06,18.5,48,0.4,392,72036.8,OK,,,,,
2026-04-27 11:24:22,-40,0,0,0,0,OK,,,,,
2026-04-27 11:24:38,-40,0,0,0,0,OK,,,,,
2026-04-27 11:24:54,18.8,47,0,392,67826,OK,,,,,
2026-04-27 11:25:10,18.9,48,0.6,392,66834.2,OK,,,,,
2026-04-27 11:25:26,18.9,48,1,392,66724,OK,,,,,
2026-04-27 11:25:42,-40,0,0,0,0,OK,,,,,
2026-04-27 11:25:58,18.7,50,1.1,392,67783.9,OK,,,,,
2026-04-27 11:26:14,18.7,50,1.1,392,69241.2,OK,,,,,
2026-04-27 11:26:30,18.5,50,1.7,392,876099.6,OK,,,,,
2026-04-27 11:26:46,18.3,51,2.1,392,70517.2,OK,,,,,
2026-04-27 11:27:02,120.6,52,37,392,70647.7,OK,,,,,
2026-04-27 11:27:18,18.1,53,1.4,392,70227.2,OK,,,,,
2026-04-27 11:27:34,18,53,0.8,392,71535.1,OK,,,,,
2026-04-27 11:27:50,18,53,2.4,392,70650.6,OK,,,,,
2026-04-27 11:28:06,17.9,54,1.3,392,66802.3,OK,,,,,
2026-04-27 11:28:22,-40,0,0,0,0,OK,,,,,
2026-04-27 11:28:38,18.1,54,1.7,392,60918.2,OK,,,,,
2026-04-27 11:28:54,18,54,1.4,392,61567.8,OK,,,,,
2026-04-27 11:29:10,-40,0,0,0,0,OK,,,,,
2026-04-27 11:29:26,18.2,53,0.1,392,66425.3,OK,,,,,
2026-04-27 11:29:42,18.2,63,2.2,392,66703.7,OK,,,,,
2026-04-27 11:29:58,18,53,1.4,392,65247.9,OK,,,,,
2026-04-27 11:30:14,18,54,1.3,392,62896,OK,,,,,
2026-04-27 11:30:30,-40,0,0,0,0,OK,,,,,
2026-04-27 11:30:46,17.9,54,0.8,392,64696.9,OK,,,,,
2026-04-27 11:31:02,17.9,54,0,392,65485.7,OK,,,,,
2026-04-27 11:31:18,18.2,54,0,392,64873.8,OK,,,,,
2026-04-27 11:31:34,18.4,53,0.6,392,65279.8,OK,,,,,
2026-04-27 11:31:50,18.4,53,0.4,392,66663.1,OK,,,,,
2026-04-27 11:32:06,18.4,52,0,392,67385.2,OK,,,,,
2026-04-27 11:32:22,18.5,53,1,392,67834.7,OK,,,,,
2026-04-27 11:32:38,18.4,53,0.6,3976,67524.4,OK,,,,,
2026-04-27 11:32:54,18.5,53,1.1,392,69467.4,OK,,,,,
2026-04-27 11:33:10,18.3,52,0.6,392,64282.2,OK,,,,,
2026-04-27 11:33:26,18.3,52,0.6,392,67834.7,OK,,,,,
2026-04-27 11:33:42,18.3,52,0.8,392,70183.7,OK,,,,,
2026-04-27 11:33:58,18.2,124,0.8,392,67875.3,OK,,,,,
2026-04-27 11:34:14,18.2,53,1,392,68930.9,OK,,,,,
2026-04-27 11:34:30,18.3,52,2,392,70047.4,OK,,,,,
2026-04-27 11:34:46,18.1,53,1.1,392,72048.4,OK,,,,,
2026-04-27 11:35:02,18.2,53,2,392,72338.4,OK,,,,,
2026-04-27 11:35:18,18.1,52,2.5,392,72863.3,OK,,,,,
2026-04-27 11:35:34,18.1,51,1.4,392,871744.2,OK,,,,,
2026-04-27 11:35:50,18.2,51,0.8,392,99935.6,OK,,,,,
2026-04-27 11:36:06,18.1,51,0.6,392,73254.8,OK,,,,,
2026-04-27 11:36:22,-40,0,0,0,0,OK,,,,,
2026-04-27 11:36:38,18.2,51,0.6,392,74530.8,OK,,,,,
2026-04-27 11:36:54,18.4,51,0.8,392,73656.9,OK,,,,,
2026-04-27 11:37:10,18.5,52,1.8,392,73895.7,OK,,,,,
2026-04-27 11:37:26,18.4,53,1.5,392,74748.3,OK,,,,,
2026-04-27 11:37:42,18.5,53,0.6,392,71886,OK,,,,,
2026-04-27 11:37:58,-40,0,0,0,0,OK,,,,,
2026-04-27 11:38:14,18.9,52,0.3,392,72654.5,OK,,,,,
2026-04-27 11:38:30,19,52,0.4,392,72628.4,OK,,,,,
2026-04-27 11:38:46,19.1,51,0.1,392,71108.8,OK,,,,,
2026-04-27 11:39:02,19.2,50,0.1,392,71152.3,OK,,,,,
2026-04-27 11:39:18,19.2,50,0,392,71398.8,OK,,,,,
2026-04-27 11:39:34,32.1,115,13.4,392,71520.6,OK,,,,,
2026-04-27 11:39:50,19.3,51,0.4,392,71314.7,OK,,,,,
2026-04-27 11:40:06,19.4,50,0.8,392,71506.1,OK,,,,,
2026-04-27 11:40:22,19.4,50,0.4,392,72167.3,OK,,,,,
2026-04-27 11:40:38,19.6,49,0.6,392,71935.3,OK,,,,,
2026-04-27 11:40:54,19.7,49,0,392,71082.7,OK,,,,,
2026-04-27 11:41:10,19.7,49,1.7,408,69075.9,OK,,,,,
2026-04-27 11:41:26,19.4,50,2,392,68249.4,OK,,,,,
2026-04-27 11:41:42,19.1,49,2.4,392,64528.7,OK,,,,,
2026-04-27 11:41:58,19.1,50,0.4,392,63012,OK,,,,,
2026-04-27 11:42:14,19.1,49,0.4,392,167852.2,OK,,,,,
2026-04-27 11:42:30,19.2,49,0.1,392,64827.4,OK,,,,,
2026-04-27 11:42:46,19.2,49,1.1,392,65108.7,OK,,,,,
2026-04-27 11:43:02,19.1,49,0.6,392,65555.3,OK,,,,,
2026-04-27 11:43:18,19.2,49,0,392,66613.8,OK,,,,,
2026-04-27 11:43:34,19.3,49,0.6,392,67112.6,OK,,,,,
2026-04-27 11:43:50,19.4,48,1,392,66784.9,OK,,,,,
2026-04-27 11:44:06,19.5,48,0.1,392,66561.6,OK,,,,,
2026-04-27 11:44:22,-40,0,0,0,0,OK,,,,,
2026-04-27 11:44:38,19.5,47,1.7,392,71094.3,OK,,,,,
2026-04-27 11:44:54,19.4,47,0.8,392,70792.7,OK,,,,,
2026-04-27 11:45:10,19.3,47,0.6,392,70960.9,OK,,,,,
2026-04-27 11:45:26,19.5,47,0,392,70728.9,OK,,,,,
2026-04-27 11:45:42,19.7,47,0.8,392,70621.6,OK,,,,,
2026-04-27 11:45:58,19.8,46,1,392,71839.6,OK,,,,,
2026-04-27 11:46:14,19.8,46,0.8,392,72880.7,OK,,,,,
2026-04-27 11:46:30,20,46,0.3,392,72239.8,OK,,,,,
2026-04-27 11:46:46,20.1,45,0.4,392,71422,OK,,,,,
2026-04-27 11:47:02,-40,0,0,0,0,OK,,,,,
2026-04-27 11:47:18,20.2,45,0.6,392,72155.7,OK,,,,,
2026-04-27 11:47:34,20.3,45,1,392,69774.8,OK,,,,,
2026-04-27 11:47:50,-40,0,0,0,0,OK,,,,,
2026-04-27 11:48:06,19.7,46,2.1,392,69470.3,OK,,,,,
2026-04-27 11:48:22,19.6,47,1.1,392,70320,OK,,,,,
2026-04-27 11:48:38,19.4,47,0.7,392,71137.8,OK,,,,,
2026-04-27 11:48:54,19.5,47,0,392,409703.6,OK,,,,,
2026-04-27 11:49:10,-40,0,0,0,0,OK,,,,,
2026-04-27 11:49:26,19.6,47,0.8,392,71793.2,OK,,,,,
2026-04-27 11:49:42,19.6,46,0.1,392,69969.1,OK,,,,,
2026-04-27 11:49:58,19.6,46,0.4,392,67910.1,OK,,,,,
2026-04-27 11:50:14,-40,0,0,0,0,OK,,,,,
2026-04-27 11:50:30,19.8,47,0.4,392,72935.8,OK,,,,,
2026-04-27 11:51:02,19.8,48,0.8,904,72225.3,OK,,,,,
2026-04-27 11:51:18,19.9,48,0.3,392,71778.7,OK,,,,,
2026-04-27 11:51:34,19.8,48,1.8,392,74153.8,OK,,,,,
2026-04-27 11:51:50,19.7,49,0.8,392,77146.6,OK,,,,,
2026-04-27 11:52:06,36.5,115,13.4,392,77625.1,OK,,,,,
2026-04-27 11:52:22,19.7,48,0.1,392,78541.5,OK,,,,,
2026-04-27 11:52:38,19.6,48,1,392,78732.9,OK,,,,,
2026-04-27 11:52:54,19.5,49,1.4,392,78654.6,OK,,,,,
2026-04-27 11:53:10,19.3,48,2.1,392,79884.2,OK,,,,,
2026-04-27 11:53:26,19.3,49,0.4,392,79518.8,OK,,,,,
2026-04-27 11:53:42,19.3,49,0.6,392,393819,OK,,,,,
2026-04-27 11:53:58,19.4,47,0.3,392,78898.2,OK,,,,,
2026-04-27 11:54:14,19.4,48,1.1,392,80403.3,OK,,,,,
2026-04-27 11:54:30,19.4,48,0,392,77947,OK,,,,,
2026-04-27 11:54:46,19.4,48,0.8,392,77335.1,OK,,,,,
2026-04-27 11:55:02,19.5,49,0.4,392,77851.3,OK,,,,,
2026-04-27 11:55:18,19.5,49,0.3,392,75673.4,OK,,,,,
2026-04-27 11:55:34,19.5,49,0,392,76294,OK,,,,,
2026-04-27 11:55:50,19.6,49,0.3,392,77567.1,OK,,,,,
2026-04-27 11:56:06,19.7,48,0.1,392,77398.9,OK,,,,,
2026-04-27 11:56:22,19.9,47,0,392,76577.5,OK,,,,,
2026-04-27 11:56:38,20.1,47,0,392,76569.5,OK,,,,,
2026-04-27 11:56:54,20.2,47,0,392,75122.4,OK,,,,,
2026-04-27 11:57:10,20.2,46,0.8,392,74745.4,OK,,,,,
2026-04-27 11:57:26,20.3,45,0.6,392,77433.7,OK,,,,,
2026-04-27 11:57:42,20.4,45,0.1,392,77938.3,OK,,,,,
2026-04-27 11:58:14,-40,0,0,0,0,OK,,,,,
2026-04-27 11:58:30,-40,0,0,0,0,OK,,,,,
2026-04-27 11:58:46,20.1,47,0.3,392,75806.8,OK,,,,,
2026-04-27 11:59:02,-40,0,0,0,0,OK,,,,,
2026-04-27 11:59:18,20.2,46,0,392,78016.6,OK,,,,,
2026-04-27 11:59:34,20.3,44,0,392,77775.9,OK,,,,,
2026-04-27 11:59:50,20.5,43,0,392,77251,OK,,,,,
2026-04-27 12:00:06,20.6,42,1,392,77929.6,OK,,,,,
2026-04-27 12:00:22,-40,0,0,0,0,OK,,,,,
2026-04-27 12:00:38,20.8,40,0.4,392,78596.6,OK,,,,,
2026-04-27 12:00:54,-40,0,0,0,0,OK,,,,,
2026-04-27 12:01:10,20.6,40,0.6,392,79194,OK,,,,,
2026-04-27 12:01:26,20.6,40,0.8,392,79080.9,OK,,,,,
2026-04-27 12:01:42,20.6,39,0.4,392,80011.8,OK,,,,,
2026-04-27 12:01:58,20.5,40,0.8,392,79044,OK,,,,,
2026-04-27 12:02:14,20.5,40,1,392,79341.9,OK,,,,,
2026-04-27 12:02:30,20.4,41,0.7,392,78535.7,OK,,,,,
2026-04-27 12:02:46,20.4,41,0.7,392,79428.9,OK,,,,,
2026-04-27 12:03:02,20.3,42,0.7,392,79498.5,OK,,,,,
2026-04-27 12:03:18,20.4,44,0.4,392,80681.5,OK,,,,,
2026-04-27 12:03:34,20.4,42,0.7,392,79904.5,OK,,,,,
2026-04-27 12:03:50,20.2,43,1.5,392,79324.5,OK,,,,,
2026-04-27 12:04:06,19.9,44,1,392,79208.5,OK,,,,,
2026-04-27 12:04:22,19.7,43,0.4,392,79115.7,OK,,,,,
2026-04-27 12:04:38,19.7,42,1.1,392,78709.7,OK,,,,,
2026-04-27 12:04:54,19.6,43,2.2,392,79333.2,OK,,,,,
2026-04-27 12:05:10,19.5,42,0.1,392,79307.1,OK,,,,,
2026-04-27 12:05:26,-40,0,0,0,0,OK,,,,,
2026-04-27 12:05:42,20,41,0.1,392,78277.6,OK,,,,,
2026-04-27 12:05:58,20,42,0.6,392,78901.1,OK,,,,,
2026-04-27 12:06:14,20,40,1.3,392,78817.9,OK,,,,,
2026-04-27 12:06:30,-31.4,37,110.2,392,79330.3,OK,,,,,
2026-04-27 12:06:46,19.4,40,2.1,392,79399.9,OK,,,,,
2026-04-27 12:07:02,19.3,41,1,392,82581.9,OK,,,,,
2026-04-27 12:07:18,-40,0,0,0,0,OK,,,,,
2026-04-27 12:07:34,-40,0,0,0,0,OK,,,,,
2026-04-27 12:07:50,19.2,39,1.3,392,294008,OK,,,,,
2026-04-27 12:08:06,19.2,41,0.3,392,79330.3,OK,,,,,
2026-04-27 12:08:22,19.4,41,1.7,408,79272.3,OK,,,,,
2026-04-27 12:09:10,19,41,1.5,392,77642.5,OK,,,,,
2026-04-27 12:09:26,19,41,1.7,392,77085.7,OK,,,,,
2026-04-27 12:09:42,19,40,2,392,77149.5,OK,,,,,
2026-04-27 12:09:58,-40,0,0,0,0,OK,,,,,
2026-04-27 12:10:14,18.9,40,1.4,392,79811.7,OK,,,,,
2026-04-27 12:10:30,-40,0,0,0,0,OK,,,,,
2026-04-27 12:10:46,19.4,40,0.7,392,80194.5,OK,,,,,
2026-04-27 12:11:02,-40,0,0,0,0,OK,,,,,
2026-04-27 12:11:18,19.4,41,0.7,392,80548.3,OK,,,,,
2026-04-27 12:11:34,19.5,40,0.3,392,78730,OK,,,,,
2026-04-27 12:11:50,-40,0,0,0,0,OK,,,,,
2026-04-27 12:12:06,19.8,38,0.1,392,80458.4,OK,,,,,
2026-04-27 12:12:22,20,38,0,392,80153.9,OK,,,,,
2026-04-27 12:12:38,20.1,38,0.1,392,80365.6,OK,,,,,
2026-04-27 12:12:54,-40,0,0,0,0,OK,,,,,
2026-04-27 12:13:10,-40,0,0,0,0,OK,,,,,
2026-04-27 12:13:26,-40,0,0,0,0,OK,,,,,
2026-04-27 12:13:42,20.4,37,0.7,392,82386.9,OK,,,,,
2026-04-27 12:13:58,20.2,38,1,392,82969.8,OK,,,,,
2026-04-27 12:14:14,-40,0,0,0,0,OK,,,,,
2026-04-27 12:14:30,-5.3,39,36.3,392,82604.4,OK,,,,,
2026-04-27 12:14:46,20.4,38,1.1,392,81789.5,OK,,,,,
2026-04-27 12:15:02,-40,0,0,0,0,OK,,,,,
2026-04-27 12:15:18,20.3,39,0.1,392,80655.6,OK,,,,,
2026-04-27 12:15:34,-40,0,0,0,0,OK,,,,,
2026-04-27 12:15:50,-40,0,0,0,0,OK,,,,,
2026-04-27 12:16:06,-40,0,0,0,0,OK,,,,,
2026-04-27 12:16:22,20.4,39,1.3,392,79252,OK,,,,,
2026-04-27 12:16:38,20.3,39,1.1,392,77111.8,OK,,,,,
2026-04-27 12:16:54,20.5,39,0.3,392,71422,OK,,,,,
2026-04-27 12:17:10,20.6,39,0,392,78492.2,OK,,,,,
2026-04-27 12:17:26,-40,0,0,0,0,OK,,,,,
2026-04-27 12:17:42,-40,0,0,0,0,OK,,,,,
2026-04-27 12:17:58,-40,0,0,0,0,OK,,,,,
2026-04-27 12:18:14,20.9,39,0,392,77230.7,OK,,,,,
2026-04-27 12:18:30,20.9,39,0,392,78231.2,OK,,,,,
2026-04-27 12:19:02,20.9,37,0.8,392,84007.8,OK,,,,,
2026-04-27 12:19:18,21,37,0,392,81763.4,OK,,,,,
2026-04-27 12:19:34,-40,0,0,0,0,OK,,,,,
2026-04-27 12:19:50,-4.5,35,107.5,392,82943.7,OK,,,,,
2026-04-27 12:20:06,21.3,36,0.7,392,83538.2,OK,,,,,
2026-04-27 12:20:22,21.2,36,1.7,392,83387.4,OK,,,,,
2026-04-27 12:20:38,21.1,35,0.8,392,83471.5,OK,,,,,
2026-04-27 12:20:54,21.1,35,0,392,83570.1,OK,,,,,
2026-04-27 12:21:10,21.1,34,0.7,392,84362.7,OK,,,,,
2026-04-27 12:21:26,-40,0,0,0,0,OK,,,,,
2026-04-27 12:21:42,20.9,39,1.7,392,83210.5,OK,,,,,
2026-04-27 12:21:58,-40,0,0,0,0,OK,,,,,
2026-04-27 12:22:14,20.6,38,1.1,392,82459.4,OK,,,,,
2026-04-27 12:22:30,20.4,36,1.8,392,82346.3,OK,,,,,
2026-04-27 12:22:46,-40,0,0,0,0,OK,,,,,
2026-04-27 12:23:02,-40,0,0,0,0,OK,,,,,
2026-04-27 12:23:18,-40,0,0,0,0,OK,,,,,
2026-04-27 12:23:34,20.4,37,0.8,392,79979.9,OK,,,,,
2026-04-27 12:23:50,23.9,201,0.4,392,78744.5,OK,,,,,
2026-04-27 12:24:06,20.3,39,0.7,392,78848.9,OK,,,,,
2026-04-27 12:24:22,-40,0,0,0,0,OK,,,,,
2026-04-27 12:24:38,20.3,42,1,392,75870.6,OK,,,,,
2026-04-27 12:24:54,20.4,44,0.4,392,77068.3,OK,,,,,
2026-04-27 12:25:26,20.2,44,1.3,392,78268.9,OK,,,,,
2026-04-27 12:25:42,20,45,1.5,392,79391.2,OK,,,,,
2026-04-27 12:25:58,-40,0,0,0,0,OK,,,,,
2026-04-27 12:26:14,32.6,46,0.7,392,80107.5,OK,,,,,
2026-04-27 12:26:30,-40,0,0,0,0,OK,,,,,
2026-04-27 12:26:46,-40,0,0,0,0,OK,,,,,
2026-04-27 12:27:02,20.1,44,0,392,82283.5,OK,,,,,
2026-04-27 12:27:18,20.3,44,0.3,392,79640.6,OK,,,,,
2026-04-27 12:27:34,20.4,42,4.1,392,78796.7,OK,,,,,
2026-04-27 12:27:50,-40,0,0,0,0,OK,,,,,
2026-04-27 12:28:06,20.7,42,0.3,392,78668.3,OK,,,,,
2026-04-27 12:28:22,20.7,42,0.4,392,78718.4,OK,,,,,
2026-04-27 12:28:38,-40,0,0,0,0,OK,,,,,
2026-04-27 12:28:54,20.8,43,0.4,392,78411,OK,,,,,
2026-04-27 12:29:58,-40,0,0,0,0,OK,,,,,
2026-04-27 12:30:14,-40,0,0,0,0,OK,,,,,
2026-04-27 12:30:30,20.7,42,0,392,78396.5,OK,,,,,
2026-04-27 12:30:46,20.7,42,1.4,1928,77532.3,OK,,,,,
2026-04-27 12:31:02,20.5,59,1.3,392,77625.1,OK,,,,,
2026-04-27 12:31:18,-40,0,0,0,0,OK,,,,,
2026-04-27 12:31:34,-40,0,0,0,0,OK,,,,,
2026-04-27 12:31:50,20,44,1,392,77688.9,OK,,,,,
2026-04-27 12:32:06,19.9,44,0.6,392,76717.4,OK,,,,,
2026-04-27 12:32:22,20.2,43,0,408,75977.9,OK,,,,,
2026-04-27 12:32:38,20.4,42,0.3,392,76990,OK,,,,,
2026-04-27 12:32:54,20.6,47,1,392,77103.1,OK,,,,,
2026-04-27 12:33:10,20.6,39,1.1,392,77642.5,OK,,,,,
2026-04-27 12:33:26,-40,0,0,0,0,OK,,,,,
2026-04-27 12:33:42,20.7,39,0.8,392,75534.2,OK,,,,,
2026-04-27 12:33:58,20.7,38,0.8,392,75748.8,OK,,,,,
2026-04-27 12:34:14,-40,0,0,0,0,OK,,,,,
2026-04-27 12:35:18,-40,0,0,0,0,OK,,,,,
2026-04-27 12:35:34,-40,0,0,0,0,OK,,,,,
2026-04-27 12:35:50,-40,0,0,0,0,OK,,,,,
2026-04-27 12:36:06,-40,0,0,0,0,OK,,,,,
2026-04-27 12:36:22,-40,0,0,0,0,OK,,,,,
2026-04-27 12:36:38,20.9,38,1.5,392,73022.8,OK,,,,,
2026-04-27 12:36:54,20.6,39,0.6,392,73655,OK,,,,,
2026-04-27 12:37:58,20.6,36,0.6,392,76233.1,OK,,,,,
2026-04-27 12:38:14,20.5,36,17.2,392,77085.7,OK,,,,,
2026-04-27 12:38:30,20.2,37,1.3,392,76207,OK,,,,,
2026-04-27 12:38:46,20.1,38,2,392,75745.9,OK,,,,,
2026-04-27 12:39:02,122.4,38,1.8,8072,76694.2,OK,,,,,
2026-04-27 12:39:18,-40,0,0,0,0,OK,,,,,
2026-04-27 12:39:34,19.7,37,2.4,392,79002.6,OK,,,,,
2026-04-27 12:39:50,19.4,38,8,392,78880.8,OK,,,,,
2026-04-27 12:40:06,-40,0,0,0,0,OK,,,,,
2026-04-27 12:40:22,19.5,40,1.7,392,77900.6,OK,,,,,
2026-04-27 12:40:38,19.4,41,0.8,392,78483.5,OK,,,,,
2026-04-27 12:40:54,-40,0,0,0,0,OK,,,,,
2026-04-27 12:41:10,19.4,102,0.6,392,78959.1,OK,,,,,
2026-04-27 12:41:26,19.6,36,8.8,392,78039.8,OK,,,,,
2026-04-27 12:41:42,-40,0,0,0,0,OK,,,,,
2026-04-27 12:42:14,-40,0,0,0,0,OK,,,,,
2026-04-27 12:42:30,20,35,0.6,392,636484.9,OK,,,,,
2026-04-27 12:42:46,-40,0,0,0,0,OK,,,,,
2026-04-27 12:43:02,20.1,34,2,392,72950.3,OK,,,,,
2026-04-27 12:43:18,20.2,34,0,392,72802.4,OK,,,,,
2026-04-27 12:43:34,-40,0,0,0,0,OK,,,,,
2026-04-27 12:44:06,-40,0,0,0,0,OK,,,,,
2026-04-27 12:44:22,-40,0,0,0,0,OK,,,,,
2026-04-27 12:44:38,20.2,34,0.6,392,74179.9,OK,,,,,
2026-04-27 12:44:54,20.2,33,2.2,1928,73858,OK,,,,,
2026-04-27 12:45:10,-40,0,0,0,0,OK,,,,,
2026-04-27 12:45:42,-40,0,0,0,0,OK,,,,,
2026-04-27 12:45:58,20.2,34,0.1,392,69186.1,OK,,,,,
2026-04-27 12:46:14,-40,0,0,0,0,OK,,,,,
2026-04-27 12:46:30,-40,0,0,0,0,OK,,,,,
2026-04-27 12:46:46,-40,0,0,0,0,OK,,,,,
2026-04-27 12:47:02,33.1,34,0.3,392,74873,OK,,,,,
2026-04-27 12:47:18,-40,0,0,0,0,OK,,,,,
2026-04-27 12:47:34,-40,0,0,0,0,OK,,,,,
2026-04-27 12:47:50,20.8,34,0.6,392,181064.6,OK,,,,,
2026-04-27 12:48:06,-40,0,0,0,0,OK,,,,,
2026-04-27 12:48:22,20.4,33,2.5,392,78753.2,OK,,,,,
2026-04-27 12:48:38,20.2,35,1.1,408,76853.7,OK,,,,,
2026-04-27 12:48:54,20.2,35,2,392,579825.5,OK,,,,,
2026-04-27 12:49:10,20.2,36,2,392,76633.3,OK,,,,,
2026-04-27 12:49:26,20.2,36,0.1,392,77135,OK,,,,,
2026-04-27 12:49:42,20.3,35,1.1,392,77773,OK,,,,,
2026-04-27 12:49:58,-40,0,0,0,0,OK,,,,,
2026-04-27 12:50:14,20.1,35,1.5,392,418081.7,OK,,,,,
2026-04-27 12:50:30,20,35,0.6,392,76845,OK,,,,,
2026-04-27 12:50:46,20.1,35,1,392,76552.1,OK,,,,,
2026-04-27 12:51:02,-40,0,0,0,0,OK,,,,,
2026-04-27 12:51:18,20.2,201,0.3,392,72860.4,OK,,,,,
2026-04-27 12:51:34,20.4,36,0.6,392,74394.5,OK,,,,,
2026-04-27 12:51:50,-40,0,0,0,0,OK,,,,,
2026-04-27 12:52:06,20.4,36,0.7,392,75302.2,OK,,,,,
2026-04-27 12:52:22,20.4,36,1.3,392,75125.3,OK,,,,,
2026-04-27 12:52:38,-40,0,0,0,0,OK,,,,,
2026-04-27 12:52:54,20.1,37,0.4,392,77401.8,OK,,,,,
2026-04-27 12:53:10,20,37,1.1,392,418834.7,OK,,,,,
2026-04-27 12:53:26,-40,0,0,0,0,OK,,,,,
2026-04-27 12:53:42,-40,0,0,0,0,OK,,,,,
2026-04-27 12:53:58,20.1,36,0,392,79666.8,OK,,,,,
2026-04-27 12:54:14,-40,0,0,0,0,OK,,,,,
2026-04-27 12:54:30,-40,0,0,0,0,OK,,,,,
2026-04-27 12:54:46,20.3,37,1.1,392,80783.2,OK,,,,,
2026-04-27 12:55:02,20.2,36,1.3,392,82224.5,OK,,,,,
2026-04-27 12:55:18,-40,0,0,0,0,OK,,,,,
2026-04-27 12:55:34,20.1,36,2.1,392,83497.6,OK,,,,,
2026-04-27 12:55:50,20.1,35,1.8,392,83268.5,OK,,,,,
2026-04-27 12:56:06,19.9,35,2.4,392,83810.8,OK,,,,,
2026-04-27 12:56:38,19.8,36,0.6,904,83607.8,OK,,,,,
2026-04-27 12:56:54,-40,0,0,0,0,OK,,,,,
2026-04-27 12:57:10,20,38,0.4,392,83628.1,OK,,,,,
2026-04-27 12:57:26,-40,0,0,0,0,OK,,,,,
2026-04-27 12:57:42,-40,0,0,0,0,OK,,,,,
2026-04-27 12:57:58,21.9,201,1.5,392,76337.5,OK,,,,,
2026-04-27 12:59:02,-40,0,0,0,0,OK,,,,,
2026-04-27 12:59:18,-40,0,0,0,0,OK,,,,,
2026-04-27 12:59:34,-40,0,0,0,0,OK,,,,,
2026-04-27 12:59:50,19.5,40,0.3,392,78610,OK,,,,,
2026-04-27 13:00:06,-40,0,0,0,0,OK,,,,,
2026-04-27 13:00:22,19.5,36,1,392,84618.7,OK,,,,,
2026-04-27 13:00:38,19.6,37,0.6,392,84686.6,OK,,,,,
2026-04-27 13:00:54,32.4,147,1.8,392,85881.4,OK,,,,,
2026-04-27 13:01:10,19.6,37,1.1,392,83654.2,OK,,,,,
2026-04-27 13:01:26,-40,0,0,0,0,OK,,,,,
2026-04-27 13:01:42,-40,0,0,0,0,OK,,,,,
2026-04-27 13:01:58,19.7,34,1.3,392,82172.3,OK,,,,,
2026-04-27 13:02:14,19.6,34,1,392,81534.3,OK,,,,,
2026-04-27 13:02:30,-40,0,0,0,0,OK,,,,,
2026-04-27 13:02:46,-40,0,0,0,0,OK,,,,,
2026-04-27 13:03:02,-40,0,0,0,0,OK,,,,,
2026-04-27 13:03:18,20.1,36,0.4,392,77912.2,OK,,,,,
2026-04-27 13:03:34,-40,0,0,0,0,OK,,,,,
2026-04-27 13:03:50,20,35,1.4,392,82529,OK,,,,,
2026-04-27 13:04:06,-40,0,0,0,0,OK,,,,,
2026-04-27 13:04:22,20,37,1.4,392,80939.8,OK,,,,,
2026-04-27 13:04:38,-40,0,0,0,0,OK,,,,,
2026-04-27 13:04:54,-40,0,0,0,0,OK,,,,,
2026-04-27 13:05:10,-40,0,0,0,0,OK,,,,,
2026-04-27 13:05:26,20.3,35,0,392,78307,OK,,,,,
2026-04-27 13:05:42,20.3,35,0,392,80293.1,OK,,,,,
2026-04-27 13:05:58,20.5,34,0.1,392,80365.6,OK,,,,,
2026-04-27 13:06:14,-5,34,36,392,82204.2,OK,,,,,
2026-04-27 13:06:46,20.6,33,1,392,87195.1,OK,,,,,
2026-04-27 13:07:02,-40,0,0,0,0,OK,,,,,
2026-04-27 13:07:18,-40,0,0,0,0,OK,,,,,
2026-04-27 13:07:34,-40,0,0,0,0,OK,,,,,
2026-04-27 13:07:50,-40,0,0,0,0,OK,,,,,
2026-04-27 13:08:22,21,33,3.4,392,87560.5,OK,,,,,
2026-04-27 13:08:38,-40,0,0,0,0,OK,,,,,
2026-04-27 13:08:54,21.1,224,0,392,84898.3,OK,,,,,
2026-04-27 13:09:10,-40,0,0,0,0,OK,,,,,
2026-04-27 13:09:26,21.2,32,0.4,392,881720.2,OK,,,,,
2026-04-27 13:09:58,-40,0,0,0,0,OK,,,,,
2026-04-27 13:10:14,-4.1,31,36,392,70963.8,OK,,,,,
2026-04-27 13:10:30,21.4,31,1.3,392,70839.1,OK,,,,,
2026-04-27 13:10:46,21.1,31,2.2,392,60979.1,OK,,,,,
2026-04-27 13:11:02,-40,0,0,0,0,OK,,,,,
2026-04-27 13:11:18,20.9,31,1.1,392,71688.8,OK,,,,,
2026-04-27 13:11:34,-40,0,0,0,0,OK,,,,,
2026-04-27 13:11:50,-40,0,0,0,0,OK,,,,,
2026-04-27 13:12:06,21,31,0.1,392,63861.7,OK,,,,,
2026-04-27 13:12:22,-40,0,0,0,0,OK,,,,,
2026-04-27 13:12:38,21,30,0.3,392,67692.6,OK,,,,,
2026-04-27 13:12:54,21.1,31,0.6,392,71337.9,OK,,,,,
2026-04-27 13:13:10,21,32,0.8,392,881682,OK,,,,,
2026-04-27 13:13:26,21,31,0.1,392,84460.4,OK,,,,,
2026-04-27 13:13:42,21,30,0.7,392,73164.9,OK,,,,,
2026-04-27 13:13:58,-40,0,0,0,0,OK,,,,,
2026-04-27 13:14:14,21.3,31,0,392,86910.9,OK,,,,,
2026-04-27 13:14:30,123.7,31,0.6,392,84767.8,OK,,,,,
2026-04-27 13:14:46,21.3,31,0.1,392,89364.3,OK,,,,,
2026-04-27 13:15:02,21.4,32,0.1,392,83365.8,OK,,,,,
2026-04-27 13:15:18,-40,0,0,0,0,OK,,,,,
2026-04-27 13:15:34,21.2,30,2.1,392,80539.6,OK,,,,,
2026-04-27 13:15:50,21,31,0.8,392,82885.7,OK,,,,,
2026-04-27 13:16:06,21.1,31,0,392,67904.3,OK,,,,,
2026-04-27 13:16:22,-40,0,0,0,0,OK,,,,,
2026-04-27 13:16:54,-40,0,0,0,0,OK,,,,,
2026-04-27 13:17:10,21.2,30,0.3,392,66718.2,OK,,,,,
2026-04-27 13:17:26,21.1,29,0.4,392,72834.3,OK,,,,,
2026-04-27 13:17:42,21,30,1,392,66796.5,OK,,,,,
2026-04-27 13:17:58,21,30,0.7,392,74211.8,OK,,,,,
2026-04-27 13:18:14,21,30,0.8,392,81731.5,OK,,,,,
2026-04-27 13:18:30,-40,0,0,0,0,OK,,,,,
2026-04-27 13:18:46,123.5,29,36.4,392,85405.8,OK,,,,,
2026-04-27 13:19:02,21.1,27,1,392,91252.2,OK,,,,,
2026-04-27 13:19:18,-40,0,0,0,0,OK,,,,,
2026-04-27 13:19:34,-40,0,0,0,0,OK,,,,,
2026-04-27 13:19:50,-40,0,0,0,0,OK,,,,,
2026-04-27 13:20:06,21.3,27,0.7,392,90550.4,OK,,,,,
2026-04-27 13:20:22,21.3,26,0.6,392,83077.1,OK,,,,,
2026-04-27 13:20:38,21.3,26,0.8,392,81540.1,OK,,,,,
2026-04-27 13:20:54,-40,0,0,0,0,OK,,,,,
2026-04-27 13:21:10,21,28,0.1,392,81273.3,OK,,,,,
2026-04-27 13:21:26,21.1,28,0.1,392,80391.7,OK,,,,,
2026-04-27 13:21:42,21.2,61,0,392,70897.1,OK,,,,,
2026-04-27 13:21:58,21.3,28,0.8,392,81902.1,OK,,,,,
2026-04-27 13:22:14,21.4,28,16.8,392,69899.5,OK,,,,,
2026-04-27 13:22:30,36.5,29,1,392,69618.2,OK,,,,,
2026-04-27 13:22:46,-40,0,0,0,0,OK,,,,,
2026-04-27 13:23:02,-40,0,0,0,0,OK,,,,,
2026-04-27 13:23:18,21.5,28,0.7,392,69664.6,OK,,,,,
2026-04-27 13:23:50,21.5,27,2,392,90547.5,OK,,,,,
2026-04-27 13:24:06,21.2,27,2.4,392,65732.2,OK,,,,,
2026-04-27 13:24:22,20.8,29,1,414,637143.6,OK,,,,,
2026-04-27 13:24:38,20.8,30,0.1,392,60599.2,OK,,,,,
2026-04-27 13:24:54,20.9,30,0,392,75044.1,OK,,,,,
2026-04-27 13:25:10,-40,0,0,0,0,OK,,,,,
2026-04-27 13:25:42,-40,0,0,0,0,OK,,,,,
2026-04-27 13:25:58,-40,0,0,0,0,OK,,,,,
2026-04-27 13:26:14,21.3,29,35.4,392,94002.9,OK,,,,,
2026-04-27 13:26:30,-40,0,0,0,0,OK,,,,,
2026-04-27 13:26:46,21.2,29,1.7,392,78622.2,OK,,,,,
2026-04-27 13:27:18,-40,0,0,0,0,OK,,,,,
2026-04-27 13:27:34,-40,0,0,0,0,OK,,,,,
2026-04-27 13:27:50,20.8,27,0.3,392,94459.6,OK,,,,,
2026-04-27 13:28:22,20.8,28,0.6,392,79524.9,OK,,,,,
2026-04-27 13:28:38,20.7,28,1.1,392,94068.1,OK,,,,,
2026-04-27 13:28:54,20.6,60,2.2,392,86754.3,OK,,,,,
2026-04-27 13:29:10,20.5,29,0.8,392,72451.5,OK,,,,,
2026-04-27 13:29:26,-40,0,0,0,0,OK,,,,,
2026-04-27 13:29:42,20.7,29,1.3,392,92983.5,OK,,,,,
2026-04-27 13:29:58,20.7,30,1,392,92090.3,OK,,,,,
2026-04-27 13:30:14,-40,0,0,0,0,OK,,,,,
2026-04-27 13:30:30,-40,0,0,0,0,OK,,,,,
2026-04-27 13:30:46,20.8,31,1.5,392,58200.9,OK,,,,,
2026-04-27 13:31:02,20.7,30,0.8,392,86417.9,OK,,,,,
2026-04-27 13:31:18,-40,0,0,0,0,OK,,,,,
2026-04-27 13:31:34,20.9,29,0,392,87427.1,OK,,,,,
2026-04-27 13:31:50,21.1,29,0.7,392,70001,OK,,,,,
2026-04-27 13:32:06,-40,0,0,0,0,OK,,,,,
2026-04-27 13:32:22,21,27,1,392,80449.7,OK,,,,,
2026-04-27 13:32:38,21.1,27,0.8,392,75026.7,OK,,,,,
2026-04-27 13:32:54,21.2,27,0.1,6204,582638.1,OK,,,,,
2026-04-27 13:33:10,21.1,26,0.8,392,84408.2,OK,,,,,
2026-04-27 13:33:26,-40,0,0,0,0,OK,,,,,
2026-04-27 13:33:42,21.5,27,0,392,68455.3,OK,,,,,
2026-04-27 13:33:58,21.3,27,1.1,392,103503.1,OK,,,,,
2026-04-27 13:34:14,21.2,27,0.4,392,75905.4,OK,,,,,
2026-04-27 13:34:30,21.2,26,0.7,392,60886.3,OK,,,,,
2026-04-27 13:34:46,21.1,26,1.7,392,86899.3,OK,,,,,
2026-04-27 13:35:02,21,26,1.8,3976,86545.5,OK,,,,,
2026-04-27 13:35:34,20.5,25,1.1,392,82801.6,OK,,,,,
2026-04-27 13:35:50,20.6,25,1.5,392,82372.4,OK,,,,,
2026-04-27 13:36:06,-40,0,0,0,0,OK,,,,,
2026-04-27 13:36:22,20.6,26,1.4,392,76383.9,OK,,,,,
2026-04-27 13:36:38,20.4,27,1.8,392,71001.5,OK,,,,,
2026-04-27 13:36:54,20.6,29,1.3,392,70552,OK,,,,,
2026-04-27 13:37:10,-40,0,0,0,0,OK,,,,,
2026-04-27 13:37:26,20.2,28,0.8,392,71973,OK,,,,,
2026-04-27 13:37:42,20.3,28,0,392,71523.5,OK,,,,,
2026-04-27 13:37:58,20.5,28,0,392,71117.5,OK,,,,,
2026-04-27 13:38:14,20.6,28,0,392,59694.4,OK,,,,,
2026-04-27 13:38:30,20.7,28,0.8,392,58177.7,OK,,,,,
2026-04-27 13:38:46,20.5,28,2,392,61353.2,OK,,,,,
2026-04-27 13:39:02,-40,0,0,0,0,OK,,,,,
2026-04-27 13:39:34,20.4,29,0.7,392,65097.1,OK,,,,,
2026-04-27 13:39:50,20.5,29,0.1,392,63139.6,OK,,,,,
2026-04-27 13:40:06,-40,0,0,0,0,OK,,,,,
2026-04-27 13:40:22,-40,0,0,0,0,OK,,,,,
2026-04-27 13:40:38,20,27,2.4,392,64227.3,OK,,,,,
2026-04-27 13:40:54,-40,0,0,0,0,OK,,,,,
2026-04-27 13:41:10,19.8,29,2,392,66028,OK,,,,,
2026-04-27 13:41:26,19.7,31,1.4,392,1643275.8,OK,,,,,
2026-04-27 13:41:42,19.7,31,0.4,392,57220.7,OK,,,,,
2026-04-27 13:41:58,-40,0,0,0,0,OK,,,,,
2026-04-27 13:42:14,-40,0,0,0,0,OK,,,,,
2026-04-27 13:42:30,20.1,30,0.1,392,62008.6,OK,,,,,
2026-04-27 13:42:46,20.3,30,0.1,392,64412.7,OK,,,,,
2026-04-27 13:43:02,20.4,30,0,392,55585.1,OK,,,,,
2026-04-27 13:43:18,-40,0,0,0,0,OK,,,,,
2026-04-27 13:43:34,20.5,31,0.1,392,57335.1,OK,,,,,
2026-04-27 13:43:50,20.7,31,0.8,392,54161.2,OK,,,,,
2026-04-27 13:44:06,-40,0,0,0,0,OK,,,,,
2026-04-27 13:44:22,20.6,29,1.8,392,47407.1,OK,,,,,
2026-04-27 13:44:38,-40,0,0,0,0,OK,,,,,
2026-04-27 13:44:54,-40,0,0,0,0,OK,,,,,
2026-04-27 13:45:10,-40,0,0,0,0,OK,,,,,
2026-04-27 13:45:26,20.2,30,0,392,42262.5,OK,,,,,
2026-04-27 13:45:42,20.2,30,1.1,392,42045,OK,,,,,
2026-04-27 13:45:58,-40,0,0,0,0,OK,,,,,
2026-04-27 13:46:14,20.4,29,0.3,392,42071.1,OK,,,,,
2026-04-27 13:46:30,-40,0,0,0,0,OK,,,,,
2026-04-27 13:46:46,20.4,28,0.8,392,43065.8,OK,,,,,
2026-04-27 13:47:02,20.4,27,0.3,392,43390.6,OK,,,,,
2026-04-27 13:47:18,-40,0,0,0,0,OK,,,,,
2026-04-27 13:47:34,-40,0,0,0,0,OK,,,,,
2026-04-27 13:47:50,20.5,28,0.8,392,43367.4,OK,,,,,
2026-04-27 13:48:06,20.4,29,1.4,392,43509.5,OK,,,,,
2026-04-27 13:48:22,20.3,29,0.4,392,44292.5,OK,,,,,
2026-04-27 13:48:54,20.3,29,0,392,44396.9,OK,,,,,
2026-04-27 13:49:10,20.4,29,0,392,44950.8,OK,,,,,
2026-04-27 13:49:26,-40,0,0,0,0,OK,,,,,
2026-04-27 13:49:42,-40,0,0,0,0,OK,,,,,
2026-04-27 13:49:58,20.4,28,0.3,392,53717.5,OK,,,,,
2026-04-27 13:50:14,20.6,28,0.1,392,58969.4,OK,,,,,
2026-04-27 13:50:30,-40,0,0,0,0,OK,,,,,
2026-04-27 13:50:46,20.6,27,0,392,72442.8,OK,,,,,
2026-04-27 13:51:02,20.6,26,0.1,392,66848.7,OK,,,,,
2026-04-27 13:51:18,20.7,27,0.6,392,63911,OK,,,,,
2026-04-27 13:51:34,20.6,27,1.4,392,77630.9,OK,,,,,
2026-04-27 13:51:50,20.6,31,1.1,392,70757.9,OK,,,,,
2026-04-27 13:52:06,-40,0,0,0,0,OK,,,,,
2026-04-27 13:52:22,20.4,28,0.7,392,80446.8,OK,,,,,
2026-04-27 13:52:38,23.9,28,0.7,392,65004.3,OK,,,,,
2026-04-27 13:52:54,20.4,27,0.3,392,58870.8,OK,,,,,
2026-04-27 13:53:10,-40,0,0,0,0,OK,,,,,
2026-04-27 13:53:26,20.2,28,1.7,392,56756.7,OK,,,,,
2026-04-27 13:53:42,19.9,28,4.3,392,56794.4,OK,,,,,
2026-04-27 13:53:58,19.8,28,0.7,392,57792,OK,,,,,
2026-04-27 13:54:14,-40,0,0,0,0,OK,,,,,
2026-04-27 13:54:30,20,28,0.4,392,55269,OK,,,,,
2026-04-27 13:54:46,20.1,28,1.3,392,57902.2,OK,,,,,
2026-04-27 13:55:02,19.9,27,2,392,53221.6,OK,,,,,
2026-04-27 13:55:18,-40,0,0,0,0,OK,,,,,
2026-04-27 13:55:34,19.8,27,0.8,392,56771.2,OK,,,,,
2026-04-27 13:56:38,19.9,28,0.3,392,710442.2,OK,,,,,
2026-04-27 13:56:54,20,27,1.3,392,50133.1,OK,,,,,
2026-04-27 13:57:10,128.7,109,111.4,392,73434.6,OK,,,,,
2026-04-27 13:57:26,-40,0,0,0,0,OK,,,,,
2026-04-27 13:57:42,19.9,28,0.1,408,52351.6,OK,,,,,
2026-04-27 13:57:58,19.9,28,0.1,392,53769.7,OK,,,,,
2026-04-27 13:58:14,-40,0,0,0,0,OK,,,,,
2026-04-27 13:58:30,-40,0,0,0,0,OK,,,,,
2026-04-27 13:58:46,20.2,30,0,392,50747.9,OK,,,,,
2026-04-27 13:59:02,-40,0,0,0,0,OK,,,,,
2026-04-27 13:59:18,20.4,30,0.1,392,50449.2,OK,,,,,
2026-04-27 13:59:34,-40,0,0,0,0,OK,,,,,
2026-04-27 13:59:50,20.1,28,1.1,392,50834.9,OK,,,,,
2026-04-27 14:00:06,20,28,1,392,58125.5,OK,,,,,
2026-04-27 14:00:22,-40,0,0,0,0,OK,,,,,
2026-04-27 14:00:38,20.2,29,0,392,53427.5,OK,,,,,
2026-04-27 14:00:54,20.3,29,0.1,392,54863,OK,,,,,
2026-04-27 14:01:10,20.3,28,0.4,504,68345.1,OK,,,,,
2026-04-27 14:01:26,-40,0,0,0,0,OK,,,,,
2026-04-27 14:01:42,20.4,123,0.7,392,72341.3,OK,,,,,
2026-04-27 14:01:58,-40,0,0,0,0,OK,,,,,
2026-04-27 14:02:14,-40,0,0,0,0,OK,,,,,
2026-04-27 14:02:30,23.4,29,0.3,392,64288,OK,,,,,
2026-04-27 14:02:46,28.5,30,1.3,392,54198.9,OK,,,,,
2026-04-27 14:03:02,-40,0,0,0,0,OK,,,,,
2026-04-27 14:03:18,-40,0,0,0,0,OK,,,,,
2026-04-27 14:03:34,-40,0,0,0,0,OK,,,,,
2026-04-27 14:03:50,19.9,29,0.6,392,43123.8,OK,,,,,
2026-04-27 14:04:06,19.8,29,1.8,392,42375.6,OK,,,,,
2026-04-27 14:04:22,19.6,29,1.8,392,42352.4,OK,,,,,
2026-04-27 14:04:38,-40,0,0,0,0,OK,,,,,
2026-04-27 14:04:54,19.3,27,0,392,40711,OK,,,,,
2026-04-27 14:05:10,19.4,26,0.8,392,39925.1,OK,,,,,
2026-04-27 14:05:26,-40,0,0,0,0,OK,,,,,
2026-04-27 14:05:42,-40,0,0,0,0,OK,,,,,
2026-04-27 14:05:58,-40,0,0,0,0,OK,,,,,
2026-04-27 14:06:14,-40,0,0,0,0,OK,,,,,
2026-04-27 14:06:30,-40,0,0,0,0,OK,,,,,
2026-04-27 14:06:46,19.4,28,0.1,392,36242.1,OK,,,,,
2026-04-27 14:07:02,-40,0,0,0,0,OK,,,,,
2026-04-27 14:07:18,130.5,28,36.4,392,35276.4,OK,,,,,
2026-04-27 14:07:34,124.2,199,36.8,392,34864.6,OK,,,,,
2026-04-27 14:08:06,19.5,28,0,392,33881.5,OK,,,,,
2026-04-27 14:08:22,19.5,28,0.1,392,32785.3,OK,,,,,
2026-04-27 14:08:38,121.9,27,0.7,392,31715.2,OK,,,,,
2026-04-27 14:08:54,19.5,27,2.1,392,30795.9,OK,,,,,
2026-04-27 14:09:10,19.5,28,0.1,392,32656.5,OK,,,,,
2026-04-27 14:09:26,19.5,28,1.1,392,29824.4,OK,,,,,
2026-04-27 14:09:42,19.3,29,1.7,392,29722.9,OK,,,,,
2026-04-27 14:09:58,19.2,29,0.4,392,29740.3,OK,,,,,
2026-04-27 14:10:14,19.1,30,0.7,392,29766.4,OK,,,,,
2026-04-27 14:10:30,19,30,1.1,392,29749,OK,,,,,
2026-04-27 14:10:46,18.9,30,1.1,392,29870.8,OK,,,,,
2026-04-27 14:11:02,18.8,31,0.7,392,30028.6,OK,,,,,
2026-04-27 14:11:18,18.7,29,1.1,392,30276.8,OK,,,,,
2026-04-27 14:11:34,-40,0,0,0,0,OK,,,,,
2026-04-27 14:11:50,18.7,28,1.4,392,30998.9,OK,,,,,
2026-04-27 14:12:06,-40,0,0,0,0,OK,,,,,
2026-04-27 14:12:22,18.6,253,0.4,392,32167.6,OK,,,,,
2026-04-27 14:12:38,21.7,199,0.3,392,33182.6,OK,,,,,
2026-04-27 14:12:54,-40,0,0,0,0,OK,,,,,
2026-04-27 14:13:10,18.9,29,0.1,392,39266.5,OK,,,,,
2026-04-27 14:13:26,18.9,30,0,392,37115,OK,,,,,
2026-04-27 14:13:42,19,30,0.3,392,38620.1,OK,,,,,
2026-04-27 14:13:58,-40,0,0,0,0,OK,,,,,
2026-04-27 14:14:14,-40,0,0,0,0,OK,,,,,
2026-04-27 14:14:30,-40,0,0,0,0,OK,,,,,
2026-04-27 14:14:46,-40,0,0,0,0,OK,,,,,
2026-04-27 14:15:02,19.2,30,0,392,45902,OK,,,,,
2026-04-27 14:16:06,19.6,28,0.3,392,52222.2,OK,,,,,
2026-04-27 14:16:22,-40,0,0,0,0,OK,,,,,
2026-04-27 14:16:38,-40,0,0,0,0,OK,,,,,
2026-04-27 14:16:54,19.7,30,1.1,392,43468.6,OK,,,,,
2026-04-27 14:17:10,19.6,30,0.8,392,43004.9,OK,,,,,
2026-04-27 14:17:26,19.5,31,1.3,392,42523.5,OK,,,,,
2026-04-27 14:17:42,19.4,31,0.1,392,42097.2,OK,,,,,
2026-04-27 14:18:46,19.6,30,0.3,392,38886.9,OK,,,,,
2026-04-27 14:19:02,19.5,30,2.2,392,38072,OK,,,,,
2026-04-27 14:19:18,-40,0,0,0,0,OK,,,,,
2026-04-27 14:19:34,19.1,31,1,392,36479.9,OK,,,,,
2026-04-27 14:19:50,-40,0,0,0,0,OK,,,,,
2026-04-27 14:20:06,-40,0,0,0,0,OK,,,,,
2026-04-27 14:20:22,19,32,0.1,392,34690.6,OK,,,,,
2026-04-27 14:20:38,19.1,32,0,392,38863.8,OK,,,,,
2026-04-27 14:20:54,19.3,31,0.3,392,1154905.3,OK,,,,,
2026-04-27 14:21:10,-40,0,0,0,0,OK,,,,,
2026-04-27 14:21:26,19.4,31,0,392,33519,OK,,,,,
2026-04-27 14:21:42,19.5,31,0.3,392,33307.3,OK,,,,,
2026-04-27 14:21:58,19.5,31,0,392,33101.4,OK,,,,,
2026-04-27 14:22:14,19.6,31,0,392,32901.3,OK,,,,,
2026-04-27 14:22:30,19.6,30,0,392,32707,OK,,,,,
2026-04-27 14:22:46,19.7,30,0,392,32504,OK,,,,,
2026-04-27 14:23:02,-40,0,0,0,0,OK,,,,,
2026-04-27 14:23:18,-40,0,0,0,0,OK,,,,,
2026-04-27 14:23:34,-40,0,0,0,0,OK,,,,,
2026-04-27 14:23:50,19.8,31,0,392,31779,OK,,,,,
2026-04-27 14:24:06,19.8,31,0,392,31781.9,OK,,,,,
2026-04-27 14:24:22,122.2,31,0,392,31799.3,OK,,,,,
2026-04-27 14:24:38,19.8,31,0,392,31924,OK,,,,,
2026-04-27 14:24:54,19.8,31,0,392,32289.4,OK,,,,,
2026-04-27 14:25:10,-40,0,0,0,0,OK,,,,,
2026-04-27 14:25:26,-40,0,0,0,0,OK,,,,,
2026-04-27 14:25:42,19.8,31,0.6,392,1673173.8,OK,,,,,
2026-04-27 14:26:14,19.7,30,0,392,38895.3,OK,,,,,
2026-04-27 14:26:30,19.7,30,0,392,33791.6,OK,,,,,
2026-04-27 14:26:46,-40,0,0,0,0,OK,,,,,
2026-04-27 14:27:02,19.8,30,0.3,392,32791.1,OK,,,,,
2026-04-27 14:27:18,19.8,30,0.1,392,32379.3,OK,,,,,
2026-04-27 14:27:34,19.8,30,0.3,392,31993.6,OK,,,,,
2026-04-27 14:28:38,-31.3,237,120.4,392,30546.5,OK,,,,,
2026-04-27 14:28:54,19.7,31,0,392,30012.9,OK,,,,,
2026-04-27 14:29:10,-40,0,0,0,0,OK,,,,,
2026-04-27 14:29:26,-40,0,0,0,0,OK,,,,,
2026-04-27 14:29:42,-40,0,0,0,0,OK,,,,,
2026-04-27 14:29:58,-40,0,0,0,0,OK,,,,,
2026-04-27 14:30:14,-40,0,0,0,0,OK,,,,,
2026-04-27 14:30:30,19.9,30,0,392,26237.7,OK,,,,,
2026-04-27 14:30:46,20,30,0,392,25631,OK,,,,,
2026-04-27 14:31:02,-40,0,0,0,0,OK,,,,,
2026-04-27 14:31:18,-40,0,0,0,0,OK,,,,,
2026-04-27 14:31:34,-40,0,0,0,0,OK,,,,,
2026-04-27 14:31:50,20,30,0,392,25051,OK,,,,,
2026-04-27 14:32:06,-40,0,0,0,0,OK,,,,,
2026-04-27 14:32:38,-40,0,0,0,0,OK,,,,,
2026-04-27 14:32:54,-40,0,0,0,0,OK,,,,,
2026-04-27 14:33:10,-40,0,0,0,0,OK,,,,,
2026-04-27 14:33:26,20.1,143,0,392,28243.9,OK,,,,,
2026-04-27 14:33:42,20.2,29,0,392,28783.3,OK,,,,,
2026-04-27 14:33:58,-40,0,0,0,0,OK,,,,,
2026-04-27 14:34:14,-40,0,0,0,0,OK,,,,,
2026-04-27 14:34:30,-5.6,28,108.6,392,29908.5,OK,,,,,
2026-04-27 14:34:46,-40,0,0,0,0,OK,,,,,
2026-04-27 14:35:02,19.5,30,0.7,392,30416,OK,,,,,
2026-04-27 14:35:18,-40,0,0,0,0,OK,,,,,
2026-04-27 14:35:34,19.2,31,1,392,30708.9,OK,,,,,
2026-04-27 14:35:50,19.1,31,0.1,392,30819.1,OK,,,,,
2026-04-27 14:36:06,19.1,31,0.6,392,32675,OK,,,,,
2026-04-27 14:36:22,-40,0,0,0,0,OK,,,,,
2026-04-27 14:36:38,-40,0,0,0,0,OK,,,,,
2026-04-27 14:36:54,18.9,30,0.6,392,31828.3,OK,,,,,
2026-04-27 14:37:10,-40,0,0,0,0,OK,,,,,
2026-04-27 14:37:26,18.8,31,0,392,32527.2,OK,,,,,
2026-04-27 14:37:42,19,31,0,392,33774.2,OK,,,,,
2026-04-27 14:37:58,-40,0,0,0,0,OK,,,,,
2026-04-27 14:38:14,-40,0,0,0,0,OK,,,,,
2026-04-27 14:38:30,-40,0,0,0,0,OK,,,,,
2026-04-27 14:38:46,-40,0,0,0,0,OK,,,,,
2026-04-27 14:39:02,-40,0,0,0,0,OK,,,,,
2026-04-27 14:39:18,19.5,29,0,392,29270.5,OK,,,,,
2026-04-27 14:39:50,-40,0,0,0,0,OK,,,,,
2026-04-27 14:40:22,-40,0,0,0,0,OK,,,,,
2026-04-27 14:40:38,-40,0,0,0,0,OK,,,,,
2026-04-27 14:40:54,-40,0,0,0,0,OK,,,,,
2026-04-27 14:41:10,19.2,29,1.3,392,184176,OK,,,,,
2026-04-27 14:41:26,19,30,1,392,27046.2,OK,,,,,
2026-04-27 14:41:42,-40,0,0,0,0,OK,,,,,
2026-04-27 14:41:58,19.1,30,0,392,29446.2,OK,,,,,
2026-04-27 14:42:14,-40,0,0,0,0,OK,,,,,
2026-04-27 14:42:30,19.3,30,0,392,28136.6,OK,,,,,
2026-04-27 14:42:46,19.4,31,0,392,28351.2,OK,,,,,
2026-04-27 14:43:02,-40,0,0,0,0,OK,,,,,
2026-04-27 14:43:18,-40,0,0,0,0,OK,,,,,
2026-04-27 14:43:34,-40,0,0,0,0,OK,,,,,
2026-04-27 14:43:50,19.5,31,0,392,28644.1,OK,,,,,
2026-04-27 14:44:22,19.4,31,0.7,392,28632.5,OK,,,,,
2026-04-27 14:44:38,-40,0,0,0,0,OK,,,,,
2026-04-27 14:44:54,-40,0,0,0,0,OK,,,,,
2026-04-27 14:45:10,19.2,32,0.3,392,29772.2,OK,,,,,
2026-04-27 14:45:26,19.3,32,0,392,30389.9,OK,,,,,
2026-04-27 14:45:42,19.3,32,0,392,30995,OK,,,,,
2026-04-27 14:45:58,23.8,30,0,392,31605,OK,,,,,
2026-04-27 14:46:14,19.4,30,0,392,32203.6,OK,,,,,
2026-04-27 14:46:30,19.5,30,0,392,32640.7,OK,,,,,
2026-04-27 14:46:46,-40,0,0,0,0,OK,,,,,
2026-04-27 14:47:02,19.6,29,0.4,392,33736.5,OK,,,,,
2026-04-27 14:47:18,19.6,30,0.4,392,34455.7,OK,,,,,
2026-04-27 14:47:34,19.5,29,0.8,392,35410.1,OK,,,,,
2026-04-27 14:47:50,-40,0,0,0,0,OK,,,,,
2026-04-27 14:48:06,121.8,29,36.4,392,36427.7,OK,,,,,
2026-04-27 14:48:22,-40,0,0,0,0,OK,,,,,
2026-04-27 14:48:54,19,28,1,392,35926,OK,,,,,
2026-04-27 14:49:10,19,28,0.4,392,35337.3,OK,,,,,
2026-04-27 14:49:26,19,28,0.1,392,34261.4,OK,,,,,
2026-04-27 14:49:42,19,28,1,392,33400.1,OK,,,,,
2026-04-27 14:49:58,19,27,1.1,392,32579.4,OK,,,,,
2026-04-27 14:50:14,18.9,26,1,392,31915.3,OK,,,,,
2026-04-27 14:50:30,-40,0,0,0,0,OK,,,,,
2026-04-27 14:50:46,-40,0,0,0,0,OK,,,,,
2026-04-27 14:51:02,-40,0,0,0,0,OK,,,,,
2026-04-27 14:51:18,19,27,0,392,30065.1,OK,,,,,
2026-04-27 14:51:34,19.1,26,0.1,504,29847.6,OK,,,,,
2026-04-27 14:51:50,-40,0,0,0,0,OK,,,,,
2026-04-27 14:52:06,-40,0,0,0,0,OK,,,,,
2026-04-27 14:52:22,19.3,122,0.1,392,29778,OK,,,,,
2026-04-27 14:52:38,19.3,26,0,392,30044.8,OK,,,,,
2026-04-27 14:52:54,36.7,141,0.4,392,30363.8,OK,,,,,
2026-04-27 14:53:10,19.2,27,0.8,392,30758.2,OK,,,,,
2026-04-27 14:53:26,-40,0,0,0,0,OK,,,,,
2026-04-27 14:53:42,-40,0,0,0,0,OK,,,,,
2026-04-27 14:53:58,-6.5,27,35.8,392,189471.4,OK,,,,,
2026-04-27 14:54:14,-40,0,0,0,0,OK,,,,,
2026-04-27 14:54:30,19.2,26,0,392,32504,OK,,,,,
2026-04-27 14:54:46,19.3,26,0,392,32625.8,OK,,,,,
2026-04-27 14:55:02,-40,0,0,0,0,OK,,,,,
2026-04-27 14:55:18,-40,0,0,0,0,OK,,,,,
2026-04-27 14:55:34,-40,0,0,0,0,OK,,,,,
2026-04-27 14:55:50,-40,0,0,0,0,OK,,,,,
2026-04-27 14:56:06,-40,0,0,0,0,OK,,,,,
2026-04-27 14:56:22,-40,0,0,0,0,OK,,,,,
2026-04-27 14:56:38,18.9,27,0.1,392,28760.1,OK,,,,,
2026-04-27 14:56:54,18.9,26,0.1,392,29310.3,OK,,,,,
2026-04-27 14:57:10,-40,0,0,0,0,OK,,,,,
2026-04-27 14:57:26,18.8,27,0,392,26904.1,OK,,,,,
2026-04-27 14:57:42,18.9,27,0,392,26385,OK,,,,,
2026-04-27 14:57:58,19,27,0,392,25952.9,OK,,,,,
2026-04-27 14:58:14,19.1,27,0,392,25596.2,OK,,,,,
2026-04-27 14:58:30,-40,0,0,0,0,OK,,,,,
2026-04-27 14:58:46,19.2,28,0,392,25832.5,OK,,,,,
2026-04-27 14:59:02,19.3,28,0,392,24734.9,OK,,,,,
2026-04-27 15:00:06,-40,0,0,0,0,OK,,,,,
2026-04-27 15:00:22,-40,0,0,0,0,OK,,,,,
2026-04-27 15:00:38,-40,0,0,0,0,OK,,,,,
2026-04-27 15:00:54,-40,0,0,0,0,OK,,,,,
2026-04-27 15:02:14,-40,0,0,0,0,OK,,,,,
2026-04-27 15:02:30,18.9,29,0,392,22124.9,OK,,,,,
2026-04-27 15:02:46,-40,0,0,0,0,OK,,,,,
2026-04-27 15:03:02,23.8,29,0,392,21907.4,OK,,,,,
2026-04-27 15:03:18,19.1,29,0,392,21768.2,OK,,,,,
2026-04-27 15:03:34,-40,0,0,0,0,OK,,,,,
2026-04-27 15:03:50,19.2,29,0,392,21443.4,OK,,,,,
2026-04-27 15:04:06,19.2,29,0.1,392,21266.5,OK,,,,,
2026-04-27 15:04:22,19.1,28,0.1,392,21049,OK,,,,,
2026-04-27 15:04:38,19,29,0.1,392,20822.8,OK,,,,,
2026-04-27 15:04:54,-40,0,0,0,0,OK,,,,,
2026-04-27 15:05:10,18.9,29,0,392,20312.4,OK,,,,,
2026-04-27 15:05:26,19,29,0,392,20016.6,OK,,,,,
2026-04-27 15:05:42,19,29,0.4,392,19691.8,OK,,,,,
2026-04-27 15:05:58,-40,0,0,0,0,OK,,,,,
2026-04-27 15:06:14,18.8,29,0.4,392,19171.6,OK,,,,,
2026-04-27 15:07:18,18.9,27,0,392,17725.6,OK,,,,,
2026-04-27 15:07:34,-40,0,0,0,0,OK,,,,,
2026-04-27 15:07:50,19.1,27,0,392,17296.4,OK,,,,,
2026-04-27 15:08:06,19.2,27,0.3,392,17105,OK,,,,,
2026-04-27 15:09:10,19.2,28,0,392,16359.7,OK,,,,,
2026-04-27 15:09:26,-40,0,0,0,0,OK,,,,,
2026-04-27 15:09:42,-40,0,0,0,0,OK,,,,,
2026-04-27 15:09:58,-40,0,0,0,0,OK,,,,,
2026-04-27 15:10:14,19.3,28,0.1,392,15475.2,OK,,,,,
2026-04-27 15:10:30,19.3,28,0.4,392,15289.6,OK,,,,,
2026-04-27 15:10:46,35.2,142,0,392,15156.2,OK,,,,,
2026-04-27 15:11:02,19.2,28,0.1,392,15086.6,OK,,,,,
2026-04-27 15:11:18,19.1,28,0.1,392,15127.2,OK,,,,,
2026-04-27 15:11:34,19.1,28,0.3,392,15283.1,OK,,,,,
2026-04-27 15:11:50,19,63,0.1,392,15559.3,OK,,,,,
2026-04-27 15:12:06,-40,0,0,0,0,OK,,,,,
2026-04-27 15:12:22,-40,0,0,0,0,OK,,,,,
2026-04-27 15:12:38,18.9,31,0,392,16878.8,OK,,,,,
2026-04-27 15:12:54,18.8,31,0,392,17366,OK,,,,,
2026-04-27 15:13:10,18.9,30,0,392,17861.9,OK,,,,,
2026-04-27 15:13:26,18.9,28,0,392,18285.3,OK,,,,,
2026-04-27 15:14:30,19,25,0,8072,19262.6,OK,,,,,
2026-04-27 15:14:46,19.1,25,0,392,19349.6,OK,,,,,
2026-04-27 15:15:02,-40,0,0,0,0,OK,,,,,
2026-04-27 15:15:18,19.1,24,0,392,19346.7,OK,,,,,
2026-04-27 15:15:34,19.1,25,0.1,392,97929,OK,,,,,
2026-04-27 15:15:50,19.1,25,0,392,630762.2,OK,,,,,
2026-04-27 15:16:06,19.1,25,0,392,19120.5,OK,,,,,
2026-04-27 15:16:22,19.1,25,0.4,392,18998.7,OK,,,,,
2026-04-27 15:16:38,19,25,0.3,392,18799,OK,,,,,
2026-04-27 15:16:54,18.9,26,0.1,392,18575.3,OK,,,,,
2026-04-27 15:17:10,18.8,27,0.6,392,18302.7,OK,,,,,
2026-04-27 15:17:26,18.8,27,0,392,17992.4,OK,,,,,
2026-04-27 15:17:42,-40,0,0,0,0,OK,,,,,
2026-04-27 15:17:58,18.8,27,0.6,392,17360.2,OK,,,,,
2026-04-27 15:18:14,-40,0,0,0,0,OK,,,,,
2026-04-27 15:18:30,18.6,27,0.4,392,16838.2,OK,,,,,
2026-04-27 15:18:46,18.6,26,0,392,16658.4,OK,,,,,
2026-04-27 15:19:02,18.6,25,27,392,16559.8,OK,,,,,
2026-04-27 15:19:18,18.5,25,0.4,392,16539.5,OK,,,,,
2026-04-27 15:19:34,18.5,26,0.4,392,16580.1,OK,,,,,
2026-04-27 15:19:50,18.3,26,0.7,392,16681.6,OK,,,,,
2026-04-27 15:20:06,-40,0,0,0,0,OK,,,,,
2026-04-27 15:20:22,18.2,26,0,392,17015.1,OK,,,,,
2026-04-27 15:20:38,120.7,26,0,392,17221,OK,,,,,
2026-04-27 15:20:54,18.3,26,0,392,17426.9,OK,,,,,
2026-04-27 15:21:10,18.4,26,0,392,17621.2,OK,,,,,
2026-04-27 15:21:26,-40,0,0,0,0,OK,,,,,
2026-04-27 15:21:42,18.5,27,0,392,18030.1,OK,,,,,
2026-04-27 15:21:58,18.6,28,0,392,850528.7,OK,,,,,
2026-04-27 15:22:14,18.6,27,0,16264,18421.6,OK,,,,,
2026-04-27 15:22:30,-40,0,0,0,0,OK,,,,,
2026-04-27 15:22:46,-40,0,0,0,0,OK,,,,,
2026-04-27 15:23:02,-40,0,0,0,0,OK,,,,,
2026-04-27 15:23:18,18.7,27,0,392,19396,OK,,,,,
2026-04-27 15:23:34,18.7,28,0,392,19654.1,OK,,,,,
2026-04-27 15:23:50,18.7,28,0,392,19938.3,OK,,,,,
2026-04-27 15:24:06,-40,0,0,0,0,OK,,,,,
2026-04-27 15:24:22,18.8,29,0,392,20599.5,OK,,,,,
2026-04-27 15:24:38,18.9,28,0,392,21283.9,OK,,,,,
2026-04-27 15:24:54,18.9,28,0,482,22264.1,OK,,,,,
2026-04-27 15:25:58,-40,0,0,0,0,OK,,,,,
2026-04-27 15:26:14,-40,0,0,0,0,OK,,,,,
2026-04-27 15:26:30,18.9,30,0,392,24984.3,OK,,,,,
2026-04-27 15:26:46,18.9,30,0,392,25546.9,OK,,,,,
2026-04-27 15:27:02,18.9,30,0,392,26167.5,OK,,,,,
2026-04-27 15:27:18,-40,0,0,0,0,OK,,,,,
2026-04-27 15:27:34,18.8,30,0,392,27023,OK,,,,,
2026-04-27 15:27:50,18.8,31,0,392,27344.9,OK,,,,,
2026-04-27 15:28:06,18.8,32,0,392,27666.8,OK,,,,,
2026-04-27 15:28:22,18.9,32,0,392,28000.3,OK,,,,,
2026-04-27 15:28:38,18.9,32,0,392,28220.7,OK,,,,,
2026-04-27 15:28:54,19,32,0,392,28417.9,OK,,,,,
2026-04-27 15:29:10,19.1,32,0,392,28429.5,OK,,,,,
2026-04-27 15:29:26,19.1,32,0,392,28374.4,OK,,,,,
2026-04-27 15:29:42,19.1,32,0,392,28185.9,OK,,,,,
2026-04-27 15:29:58,-40,0,0,0,0,OK,,,,,
2026-04-27 15:30:14,19,33,0,392,27980,OK,,,,,
2026-04-27 15:30:30,19.1,33,0,392,27785.7,OK,,,,,
2026-04-27 15:30:46,19.1,33,0,392,27550.8,OK,,,,,
2026-04-27 15:31:02,19.1,33,0,392,27281.1,OK,,,,,
2026-04-27 15:31:18,19.1,32,0,392,26967.9,OK,,,,,
2026-04-27 15:31:34,19.1,32,0,392,26614.1,OK,,,,,
2026-04-27 15:31:50,-40,0,0,0,0,OK,,,,,
2026-04-27 15:32:06,19.1,33,0,392,25839.8,OK,,,,,
2026-04-27 15:32:22,-40,0,0,0,0,OK,,,,,
2026-04-27 15:32:38,19.1,32,0,392,25114.8,OK,,,,,
2026-04-27 15:32:54,-40,0,0,0,0,OK,,,,,
2026-04-27 15:33:10,-40,0,0,0,0,OK,,,,,
2026-04-27 15:33:26,19.1,31,0,392,24067.9,OK,,,,,
2026-04-27 15:33:42,19.1,32,0,392,1675247.4,OK,,,,,
2026-04-27 15:33:58,-40,0,0,0,0,OK,,,,,
2026-04-27 15:34:14,19,33,0,392,23019,OK,,,,,
2026-04-27 15:34:30,19.1,33,0,392,22687.5,OK,,,,,
2026-04-27 15:34:46,19.1,33,0,392,22264.1,OK,,,,,
2026-04-27 15:35:02,19.1,33,0.1,392,22909.1,OK,,,,,
2026-04-27 15:35:18,19.1,33,0,392,21298.4,OK,,,,,
2026-04-27 15:35:34,19,33,0.1,392,20796.7,OK,,,,,
2026-04-27 15:35:50,19.1,33,0.3,3976,20303.7,OK,,,,,
2026-04-27 15:36:06,19,34,0.1,392,19865.8,OK,,,,,
2026-04-27 15:36:22,19,34,0,392,19456.9,OK,,,,,
2026-04-27 15:36:38,19.1,34,0,392,19094.4,OK,,,,,
2026-04-27 15:36:54,19.1,34,0,392,18787,OK,,,,,
2026-04-27 15:37:10,19.1,33,0,392,18476.7,OK,,,,,
2026-04-27 15:37:42,-40,0,0,0,0,OK,,,,,
2026-04-27 15:37:58,19.2,32,0,392,17566.1,OK,,,,,
2026-04-27 15:38:14,-40,0,0,0,0,OK,,,,,
2026-04-27 15:38:30,19.2,33,0,392,16809.2,OK,,,,,
2026-04-27 15:38:46,19.2,32,0,392,16409,OK,,,,,
2026-04-27 15:39:02,19.2,32,0,392,16029.1,OK,,,,,
2026-04-27 15:39:18,-40,0,0,0,0,OK,,,,,
2026-04-27 15:39:34,19.2,32,0,392,15338.9,OK,,,,,
2026-04-27 15:39:50,-40,0,0,0,0,OK,,,,,
2026-04-27 15:40:06,-40,0,0,0,0,OK,,,,,
2026-04-27 15:40:22,19.2,33,0,392,14428.3,OK,,,,,
2026-04-27 15:40:38,19.1,33,0,392,14193.4,OK,,,,,
2026-04-27 15:40:54,19.1,33,0,392,14019.4,OK,,,,,
2026-04-27 15:41:10,19.1,32,0.1,392,13917.9,OK,,,,,
2026-04-27 15:41:26,19.1,32,0,392,13900.5,OK,,,,,
2026-04-27 15:41:42,19.1,32,0,392,13961.4,OK,,,,,
2026-04-27 15:41:58,19.2,32,0,392,14097.7,OK,,,,,
2026-04-27 15:42:14,19.2,32,0,392,14294.9,OK,,,,,
2026-04-27 15:42:30,19.2,33,17.9,392,14544.3,OK,,,,,
2026-04-27 15:42:46,19.2,32,0,392,14802.4,OK,,,,,
2026-04-27 15:43:02,19.1,31,0,392,15060.5,OK,,,,,
2026-04-27 15:43:18,19.1,32,0,392,15307,OK,,,,,
2026-04-27 15:43:34,19,32,0,392,15547.7,OK,,,,,
2026-04-27 15:43:50,19,32,0,392,15779.7,OK,,,,,
2026-04-27 15:44:06,19,31,0,392,16000.1,OK,,,,,
2026-04-27 15:44:22,19,31,0.3,392,16214.7,OK,,,,,
2026-04-27 15:44:38,18.9,31,0.1,392,16403.2,OK,,,,,
2026-04-27 15:44:54,-40,0,0,0,0,OK,,,,,
2026-04-27 15:45:10,18.8,31,0.6,392,16681.6,OK,,,,,
2026-04-27 15:45:26,18.7,31,0.1,392,16748.3,OK,,,,,
2026-04-27 15:45:42,18.6,31,0,392,16786,OK,,,,,
2026-04-27 15:45:58,18.5,29,0.7,392,16788.9,OK,,,,,
2026-04-27 15:46:14,18.4,31,0.4,392,16751.2,OK,,,,,
2026-04-27 15:46:30,18.4,31,0.6,392,16704.8,OK,,,,,
2026-04-27 15:46:46,-40,0,0,0,0,OK,,,,,
2026-04-27 15:47:02,18.4,32,0.6,392,16525,OK,,,,,
2026-04-27 15:47:18,18.3,31,0.4,392,16342.3,OK,,,,,
2026-04-27 15:47:34,18.4,32,0.4,392,16232.1,OK,,,,,
2026-04-27 15:47:50,18.3,32,0.7,392,16032,OK,,,,,
2026-04-27 15:48:22,18.3,32,0.3,392,15663.7,OK,,,,,
2026-04-27 15:48:38,-40,0,0,0,0,OK,,,,,
2026-04-27 15:48:54,-40,0,0,0,0,OK,,,,,
2026-04-27 15:49:10,18.2,31,0.1,392,15188.1,OK,,,,,
2026-04-27 15:49:26,18.2,31,0.3,392,15150.4,OK,,,,,
2026-04-27 15:49:42,18.2,31,0.3,392,15191,OK,,,,,
2026-04-27 15:49:58,18.1,32,0.3,392,15307,OK,,,,,
2026-04-27 15:50:14,18.1,32,1.1,392,15521.6,OK,,,,,
2026-04-27 15:50:30,18,32,1.4,392,16087.1,OK,,,,,
2026-04-27 15:50:46,-40,0,0,0,0,OK,,,,,
2026-04-27 15:51:02,18.1,33,0,392,16403.2,OK,,,,,
2026-04-27 15:51:18,18.2,33,0,392,16542.4,OK,,,,,
2026-04-27 15:51:34,-40,0,0,0,0,OK,,,,,
2026-04-27 15:51:50,18.3,32,0,1928,16957.1,OK,,,,,
2026-04-27 15:52:06,18.3,32,1,392,17183.3,OK,,,,,
2026-04-27 15:52:22,23.9,32,0,392,17383.4,OK,,,,,
2026-04-27 15:52:38,18.3,32,0,392,17577.7,OK,,,,,
2026-04-27 15:52:54,18.3,32,0,392,17722.7,OK,,,,,
2026-04-27 15:53:10,18.3,31,0,392,17740.1,OK,,,,,
2026-04-27 15:53:26,-40,0,0,0,0,OK,,,,,
2026-04-27 15:53:42,18.4,31,0,392,17789.4,OK,,,,,
2026-04-27 15:53:58,18.5,31,0.1,392,17522.6,OK,,,,,
2026-04-27 15:54:14,18.4,31,1,392,17557.4,OK,,,,,
2026-04-27 15:54:30,18.4,31,1.8,392,17548.7,OK,,,,,
2026-04-27 15:54:46,18.2,31,1,392,17571.9,OK,,,,,
2026-04-27 15:55:02,18.1,31,1.7,392,17606.7,OK,,,,,
2026-04-27 15:55:18,18.1,30,1,392,17676.3,OK,,,,,
2026-04-27 15:55:34,18,29,2,392,17745.9,OK,,,,,
2026-04-27 15:55:50,17.9,29,1.5,392,17803.9,OK,,,,,
2026-04-27 15:56:06,17.9,28,1,392,17856.1,OK,,,,,
2026-04-27 15:56:22,17.9,28,1.1,392,17919.9,OK,,,,,
2026-04-27 15:56:38,17.9,28,0.3,408,17940.2,OK,,,,,
2026-04-27 15:56:54,17.9,28,0.6,392,17986.6,OK,,,,,
2026-04-27 15:57:10,17.8,28,0.7,392,18380.8,OK,,,,,
2026-04-27 15:57:26,18.2,28,0.4,392,18105.5,OK,,,,,
2026-04-27 15:57:42,30.7,142,1.1,392,201649.8,OK,,,,,
2026-04-27 15:57:58,17.8,27,0.4,392,18157.7,OK,,,,,
2026-04-27 15:58:14,17.9,28,0.7,392,18244.7,OK,,,,,
2026-04-27 15:58:30,17.8,29,0.6,392,18447.7,OK,,,,,
2026-04-27 15:58:46,17.9,29,0.1,392,18401.3,OK,,,,,
2026-04-27 15:59:02,17.9,29,0.3,504,18369.4,OK,,,,,
2026-04-27 15:59:18,18,31,1.1,392,18340.4,OK,,,,,
2026-04-27 15:59:34,18,32,0.3,392,18314.3,OK,,,,,
2026-04-27 15:59:50,18,33,0.1,392,18302.7,OK,,,,,
2026-04-27 16:00:06,18,34,0.3,392,18299.8,OK,,,,,
2026-04-27 16:00:22,18,35,0,392,18349.1,OK,,,,,
2026-04-27 16:00:38,18,35,0.1,392,18444.8,OK,,,,,
2026-04-27 16:00:54,18,35,0,65416,18560.8,OK,,,,,
2026-04-27 16:01:10,-40,0,0,0,0,OK,,,,,
2026-04-27 16:01:26,17.9,36,0.8,392,18816,OK,,,,,
2026-04-27 16:01:42,17.8,36,0.4,392,18955.2,OK,,,,,
2026-04-27 16:01:58,17.8,36,0,392,19114.7,OK,,,,,
2026-04-27 16:02:14,17.9,37,0,392,19314.8,OK,,,,,
2026-04-27 16:02:30,-40,0,0,0,0,OK,,,,,
2026-04-27 16:02:46,17.9,38,1,392,19949.9,OK,,,,,
2026-04-27 16:03:02,17.8,38,0.8,392,20422.6,OK,,,,,
2026-04-27 16:03:18,17.7,37,0.8,392,20628.5,OK,,,,,
2026-04-27 16:03:34,17.7,37,0.1,392,21127.3,OK,,,,,
2026-04-27 16:03:50,17.8,38,0.4,392,21254.9,OK,,,,,
2026-04-27 16:04:06,17.7,39,1,392,21596.1,OK,,,,,
2026-04-27 16:04:22,17.6,39,1.5,392,21892.9,OK,,,,,
2026-04-27 16:04:38,17.6,38,0.1,392,22220.6,OK,,,,,
2026-04-27 16:04:54,17.6,38,0.1,392,22533.8,OK,,,,,
2026-04-27 16:05:10,-40,0,0,0,0,OK,,,,,
2026-04-27 16:05:26,17.7,37,0,392,23058.7,OK,,,,,
2026-04-27 16:05:42,17.7,37,0,392,23293.6,OK,,,,,
2026-04-27 16:05:58,17.7,39,1.3,392,23514,OK,,,,,
2026-04-27 16:06:14,17.6,39,0.4,392,23676.4,OK,,,,,
2026-04-27 16:06:30,17.5,40,0.6,392,23827.2,OK,,,,,
2026-04-27 16:06:46,17.5,40,1.1,392,23978,OK,,,,,
2026-04-27 16:07:02,-40,0,0,0,0,OK,,,,,
2026-04-27 16:07:18,17.5,40,0.3,392,24285.4,OK,,,,,
2026-04-27 16:07:34,17.5,40,0,392,24427.5,OK,,,,,
2026-04-27 16:07:50,17.7,40,0.1,392,24569.6,OK,,,,,
2026-04-27 16:08:06,17.7,38,0,392,24668.2,OK,,,,,
2026-04-27 16:08:22,17.6,38,1.1,452,24813.2,OK,,,,,
2026-04-27 16:08:38,17.5,39,0.8,392,24940.8,OK,,,,,
2026-04-27 16:08:54,-40,0,0,0,0,OK,,,,,
2026-04-27 16:09:10,17.4,39,0.3,392,25213.4,OK,,,,,
2026-04-27 16:09:26,17.4,38,1,392,25477.3,OK,,,,,
2026-04-27 16:09:42,17.3,38,0.6,392,25773.1,OK,,,,,
2026-04-27 16:09:58,17.3,38,0,392,26022.5,OK,,,,,
2026-04-27 16:10:14,17.4,38,0,392,26367.6,OK,,,,,
2026-04-27 16:10:30,17.5,38,0.4,392,26756.2,OK,,,,,
2026-04-27 16:10:46,17.6,37,0.4,392,27208.6,OK,,,,,
2026-04-27 16:11:02,-40,0,0,0,0,OK,,,,,
2026-04-27 16:11:18,17.7,36,0,392,28623.8,OK,,,,,
2026-04-27 16:11:34,-40,0,0,0,0,OK,,,,,
2026-04-27 16:11:50,-40,0,0,0,0,OK,,,,,
2026-04-27 16:12:06,17.9,37,0.4,392,33893.1,OK,,,,,
2026-04-27 16:12:22,-40,0,0,0,0,OK,,,,,
2026-04-27 16:12:38,18,37,0,392,31886.3,OK,,,,,
2026-04-27 16:12:54,18,37,0,392,32912.9,OK,,,,,
2026-04-27 16:13:10,18,37,0,392,31129.4,OK,,,,,
2026-04-27 16:13:26,18.1,37,0,392,30099.9,OK,,,,,
2026-04-27 16:13:42,-40,0,0,0,0,OK,,,,,
2026-04-27 16:13:58,18.2,37,0,392,29772.2,OK,,,,,
2026-04-27 16:14:14,18.3,37,0,392,27823.4,OK,,,,,
2026-04-27 16:14:30,18.4,38,0,392,27098.4,OK,,,,,
2026-04-27 16:14:46,18.4,38,0,392,26588,OK,,,,,
2026-04-27 16:15:02,18.5,38,0,392,26251.6,OK,,,,,
2026-04-27 16:15:18,18.5,37,0,392,25958.7,OK,,,,,
2026-04-27 16:15:34,18.5,37,0,392,25726.7,OK,,,,,
2026-04-27 16:15:50,-40,0,0,0,0,OK,,,,,
2026-04-27 16:16:06,18.5,37,0,392,25338.1,OK,,,,,
2026-04-27 16:16:22,18.5,38,0,392,25222.1,OK,,,,,
2026-04-27 16:16:38,18.5,38,0,392,24526.1,OK,,,,,
2026-04-27 16:16:54,18.5,38,0,392,23920,OK,,,,,
2026-04-27 16:17:10,18.5,38,0,392,26013.8,OK,,,,,
2026-04-27 16:17:26,18.5,39,0,392,25483.1,OK,,,,,
2026-04-27 16:17:42,18.5,39,0.1,392,24755.2,OK,,,,,
2026-04-27 16:17:58,18.5,38,0.1,392,21872.6,OK,,,,,
2026-04-27 16:18:14,18.5,38,0,392,21089.6,OK,,,,,
2026-04-27 16:18:30,18.6,38,0,392,20500.9,OK,,,,,
2026-04-27 16:18:46,18.6,38,0.1,392,20045.6,OK,,,,,
2026-04-27 16:19:02,18.5,38,0,392,19665.7,OK,,,,,
2026-04-27 16:19:18,18.4,37,0.1,392,19317.7,OK,,,,,
2026-04-27 16:19:34,-40,0,0,0,0,OK,,,,,
2026-04-27 16:19:50,18.3,37,0,392,18766.7,OK,,,,,
2026-04-27 16:20:06,18.3,37,0.7,392,18566.6,OK,,,,,
2026-04-27 16:20:22,18.1,38,0.6,392,18363.6,OK,,,,,
2026-04-27 16:20:38,-40,0,0,0,0,OK,,,,,
2026-04-27 16:20:54,18.1,38,0,392,17957.6,OK,,,,,
2026-04-27 16:21:10,18.1,38,0.3,392,17722.7,OK,,,,,
2026-04-27 16:21:26,18.1,36,0,392,17513.9,OK,,,,,
2026-04-27 16:21:42,-40,0,0,0,0,OK,,,,,
2026-04-27 16:21:58,18.1,252,17.9,392,17342.8,OK,,,,,
2026-04-27 16:22:14,18.1,35,0,392,17432.7,OK,,,,,
2026-04-27 16:22:30,18.2,35,0,392,17644.4,OK,,,,,
2026-04-27 16:22:46,18.2,35,0,392,17975,OK,,,,,
2026-04-27 16:23:02,18.2,35,0,392,18369.4,OK,,,,,
2026-04-27 16:23:18,18.2,35,0,392,18795.7,OK,,,,,
2026-04-27 16:23:34,18.2,35,0.1,392,19178.5,OK,,,,,
2026-04-27 16:23:50,18.2,35,0.1,392,19497.5,OK,,,,,
2026-04-27 16:24:06,18.1,34,0,392,19732.4,OK,,,,,
2026-04-27 16:24:22,18.1,35,0.1,392,19860,OK,,,,,
2026-04-27 16:24:38,-40,0,0,0,0,OK,,,,,
2026-04-27 16:24:54,18,35,0,504,19967.3,OK,,,,,
2026-04-27 16:25:10,18.1,35,0,392,19918,OK,,,,,
2026-04-27 16:25:26,18.1,35,0,440,19770.1,OK,,,,,
2026-04-27 16:25:42,18.1,34,0,392,19579.9,OK,,,,,
2026-04-27 16:25:58,18.1,34,0,392,19311.9,OK,,,,,
2026-04-27 16:26:14,18.1,34,0,392,18992.9,OK,,,,,
2026-04-27 16:26:30,18.1,34,0,392,18656.5,OK,,,,,
2026-04-27 16:26:46,-40,0,0,0,0,OK,,,,,
2026-04-27 16:27:02,18.1,34,0,392,17827.1,OK,,,,,
2026-04-27 16:27:18,-40,0,0,0,0,OK,,,,,
2026-04-27 16:27:34,18.1,33,0,392,17049.9,OK,,,,,
2026-04-27 16:27:50,18.1,34,0,392,16658.4,OK,,,,,
2026-04-27 16:28:06,-40,0,0,0,0,OK,,,,,
2026-04-27 16:28:22,-40,0,0,0,0,OK,,,,,
2026-04-27 16:28:38,18,35,0,392,15643.4,OK,,,,,
2026-04-27 16:28:54,18,35,0,392,15382.4,OK,,,,,
2026-04-27 16:29:10,18,35,0,392,15156.2,OK,,,,,
2026-04-27 16:29:26,18,35,0,392,14964.8,OK,,,,,
2026-04-27 16:29:42,18,35,0.1,392,849526.5,OK,,,,,
2026-04-27 16:29:58,17.9,35,0,392,14799.5,OK,,,,,
2026-04-27 16:30:14,17.9,35,0,392,14790.8,OK,,,,,
2026-04-27 16:30:30,17.9,36,0.1,392,14828.5,OK,,,,,
2026-04-27 16:30:46,-40,0,0,0,0,OK,,,,,
2026-04-27 16:31:02,17.9,36,0.7,392,15054.7,OK,,,,,
2026-04-27 16:31:18,17.7,36,0.4,392,15234.5,OK,,,,,
2026-04-27 16:31:34,17.6,36,0.1,392,15481,OK,,,,,
2026-04-27 16:31:50,17.6,36,0.1,392,16186.4,OK,,,,,
2026-04-27 16:32:06,17.5,36,0.1,392,16078.4,OK,,,,,
2026-04-27 16:32:22,17.6,36,0,392,16414.8,OK,,,,,
2026-04-27 16:32:38,17.6,228,13.4,392,16759.9,OK,,,,,
2026-04-27 16:32:54,-40,0,0,0,0,OK,,,,,
2026-04-27 16:33:10,17.5,37,0,392,17270.3,OK,,,,,
2026-04-27 16:33:26,17.6,37,0,392,17392.1,OK,,,,,
2026-04-27 16:33:42,17.7,36,0,392,17406.6,OK,,,,,
2026-04-27 16:33:58,17.7,36,0,392,17377.6,OK,,,,,
2026-04-27 16:34:14,17.8,37,0,392,17319.6,OK,,,,,
2026-04-27 16:34:30,-40,0,0,0,0,OK,,,,,
2026-04-27 16:34:46,17.9,37,0.1,392,17296.4,OK,,,,,
2026-04-27 16:35:02,17.8,36,0.6,392,17351.5,OK,,,,,
2026-04-27 16:35:18,17.7,37,0,392,17487.8,OK,,,,,
2026-04-27 16:35:34,17.7,37,0.3,392,17699.5,OK,,,,,
2026-04-27 16:35:50,17.6,37,0.6,392,17986.6,OK,,,,,
2026-04-27 16:36:06,17.5,37,0.4,392,18311.4,OK,,,,,
2026-04-27 16:36:22,17.5,37,0.1,392,18656.5,OK,,,,,
2026-04-27 16:36:38,-40,0,0,0,0,OK,,,,,
2026-04-27 16:36:54,17.7,36,0,392,19239.4,OK,,,,,
2026-04-27 16:37:10,17.7,36,0.6,392,19454,OK,,,,,
2026-04-27 16:37:26,17.6,36,0.4,392,19599,OK,,,,,
2026-04-27 16:37:42,17.6,36,0,392,19677.3,OK,,,,,
2026-04-27 16:37:58,-40,0,0,0,0,OK,,,,,
2026-04-27 16:38:14,17.7,35,0,392,19665.7,OK,,,,,
2026-04-27 16:38:30,17.7,35,0,392,19584.5,OK,,,,,
2026-04-27 16:38:46,17.7,35,0,392,19412.7,OK,,,,,
2026-04-27 16:39:02,17.8,34,0.3,392,19274.2,OK,,,,,
2026-04-27 16:39:18,17.8,34,0.1,392,19013.2,OK,,,,,
2026-04-27 16:39:34,17.8,34,0.1,392,18700,OK,,,,,
2026-04-27 16:39:50,17.7,34,0.3,392,18331.7,OK,,,,,
2026-04-27 16:40:06,17.6,33,1.1,392,17902.5,OK,,,,,
2026-04-27 16:40:22,17.6,33,0.1,392,17403.7,OK,,,,,
2026-04-27 16:40:38,17.6,32,1.3,392,16838.2,OK,,,,,
2026-04-27 16:40:54,-40,0,0,0,0,OK,,,,,
2026-04-27 16:41:10,17.4,33,0,392,15802.9,OK,,,,,
2026-04-27 16:41:26,-40,0,0,0,0,OK,,,,,
2026-04-27 16:41:42,17.3,32,1.3,392,14915.5,OK,,,,,
2026-04-27 16:41:58,17.3,32,0.4,392,14573.3,OK,,,,,
2026-04-27 16:42:14,17.3,32,0.1,392,14283.3,OK,,,,,
2026-04-27 16:42:30,17.3,31,0.7,392,14054.2,OK,,,,,
2026-04-27 16:42:46,17.3,31,2,392,13857,OK,,,,,
2026-04-27 16:43:02,17.3,31,0.1,392,13732.3,OK,,,,,
2026-04-27 16:43:18,17.3,31,0.4,392,13630.8,OK,,,,,
2026-04-27 16:43:34,-40,0,0,0,0,OK,,,,,
2026-04-27 16:43:50,17.3,31,0.1,392,13523.5,OK,,,,,
2026-04-27 16:44:06,17.3,31,0,392,13538,OK,,,,,
2026-04-27 16:44:22,17.3,31,0,392,13584.4,OK,,,,,
2026-04-27 16:44:38,17.3,31,0.1,392,13630.8,OK,,,,,
2026-04-27 16:44:54,-40,0,0,0,0,OK,,,,,
2026-04-27 16:45:10,17.3,31,0,392,13720.7,OK,,,,,
2026-04-27 16:45:26,17.4,31,0.6,392,13743.9,OK,,,,,
2026-04-27 16:45:42,17.3,31,1.1,392,13764.2,OK,,,,,
2026-04-27 16:45:58,17.3,31,0.4,392,13781.6,OK,,,,,
2026-04-27 16:46:14,17.3,31,0.6,392,13781.6,OK,,,,,
2026-04-27 16:46:30,17.3,30,0.7,392,13778.7,OK,,,,,
2026-04-27 16:46:46,-40,0,0,0,0,OK,,,,,
2026-04-27 16:47:02,17.3,30,0,392,13813.5,OK,,,,,
2026-04-27 16:47:18,17.3,30,0.3,392,13865.7,OK,,,,,
2026-04-27 16:47:34,17.3,30,0.3,392,13984.6,OK,,,,,
2026-04-27 16:47:50,17.3,30,0,904,14135.4,OK,,,,,
2026-04-27 16:48:06,136.7,206,39.8,392,14294.9,OK,,,,,
2026-04-27 16:48:22,-40,0,0,0,0,OK,,,,,
2026-04-27 16:48:38,17.2,32,1,392,14660.3,OK,,,,,
2026-04-27 16:48:54,17.1,32,0.3,392,14782.1,OK,,,,,
2026-04-27 16:49:10,-40,0,0,0,0,OK,,,,,
2026-04-27 16:49:26,-40,0,0,0,0,OK,,,,,
2026-04-27 16:49:42,-40,0,0,0,0,OK,,,,,
2026-04-27 16:49:58,17.2,31,0,392,14555.9,OK,,,,,
2026-04-27 16:50:14,17.2,32,0.4,392,14399.3,OK,,,,,
2026-04-27 16:50:30,17.2,31,0.1,392,14219.5,OK,,,,,
2026-04-27 16:50:46,17.2,32,0.8,392,14080.3,OK,,,,,
2026-04-27 16:51:02,17.5,31,0.1,392,13986.8,OK,,,,,
2026-04-27 16:51:18,-40,0,0,0,0,OK,,,,,
2026-04-27 16:51:34,17.1,31,0.4,392,13857,OK,,,,,
2026-04-27 16:51:50,17.1,31,0,392,13784.5,OK,,,,,
2026-04-27 16:52:06,-40,0,0,0,0,OK,,,,,
2026-04-27 16:52:22,17.1,31,0.1,392,13601.8,OK,,,,,
2026-04-27 16:52:38,17.1,31,0,392,13482.9,OK,,,,,
2026-04-27 16:52:54,-40,0,0,0,0,OK,,,,,
2026-04-27 16:53:10,27,31,17.9,392,13256.7,OK,,,,,
2026-04-27 16:53:26,17.2,32,0.1,392,13172.6,OK,,,,,
2026-04-27 16:53:42,17.2,32,0.1,392,13111.7,OK,,,,,
2026-04-27 16:53:58,17.2,32,0.3,392,13068.2,OK,,,,,
2026-04-27 16:54:14,17.2,32,0,392,13045,OK,,,,,
2026-04-27 16:54:30,17.2,32,0.1,392,13045,OK,,,,,
2026-04-27 16:54:46,17.2,32,0.3,392,13050.8,OK,,,,,
2026-04-27 16:55:02,17.1,32,0.4,392,13065.3,OK,,,,,
2026-04-27 16:55:18,17.1,33,1,392,13065.3,OK,,,,,
2026-04-27 16:55:34,17.1,33,0.6,392,13039.2,OK,,,,,
2026-04-27 16:55:50,17,33,0,392,12969.6,OK,,,,,
2026-04-27 16:56:06,17,33,0,392,12868.1,OK,,,,,
2026-04-27 16:56:22,17.1,33,0.8,392,12726,OK,,,,,
2026-04-27 16:56:38,17,33,0,392,12531.7,OK,,,,,
2026-04-27 16:56:54,17.4,33,0,392,12349,OK,,,,,
2026-04-27 16:57:10,17,33,0,392,12195.3,OK,,,,,
2026-04-27 16:57:26,17,33,0.1,392,12021.3,OK,,,,,
2026-04-27 16:57:42,17.1,33,0.1,392,11870.5,OK,,,,,
2026-04-27 16:57:58,17,32,1.4,392,11722.6,OK,,,,,
2026-04-27 16:58:14,17,33,1.1,392,11580.5,OK,,,,,
2026-04-27 16:58:30,16.9,33,0.7,392,11444.2,OK,,,,,
2026-04-27 16:58:46,16.9,34,0,392,11310.8,OK,,,,,
2026-04-27 16:59:02,16.8,34,0,392,11180.3,OK,,,,,
2026-04-27 16:59:18,16.9,34,0,392,11064.3,OK,,,,,
2026-04-27 16:59:34,16.8,34,0.3,392,10988.9,OK,,,,,
2026-04-27 16:59:50,16.8,35,0,392,10904.8,OK,,,,,
2026-04-27 17:00:06,16.9,35,0,392,10829.4,OK,,,,,
2026-04-27 17:00:22,-40,0,0,0,0,OK,,,,,
2026-04-27 17:00:38,16.9,35,0,392,10698.9,OK,,,,,
2026-04-27 17:00:54,17,35,0.1,392,10652.5,OK,,,,,
2026-04-27 17:01:10,16.9,35,0.4,392,10623.5,OK,,,,,
2026-04-27 17:01:26,17,34,0,392,10597.4,OK,,,,,
2026-04-27 17:01:42,16.9,34,0.3,392,10565.5,OK,,,,,
2026-04-27 17:01:58,16.9,34,0.7,392,10533.6,OK,,,,,
2026-04-27 17:02:14,16.8,34,0.7,392,10469.8,OK,,,,,
2026-04-27 17:02:30,16.8,34,0,392,10385.7,OK,,,,,
2026-04-27 17:02:46,16.7,34,0.1,392,10316.1,OK,,,,,
2026-04-27 17:03:02,16.7,34,0.8,392,10243.6,OK,,,,,
2026-04-27 17:03:18,16.7,34,0,392,10188.5,OK,,,,,
2026-04-27 17:03:34,16.7,34,0.3,392,10162.4,OK,,,,,
2026-04-27 17:03:50,-40,0,0,0,0,OK,,,,,
2026-04-27 17:04:06,16.7,34,1,392,10214.6,OK,,,,,
2026-04-27 17:04:22,16.6,114,13.4,392,10304.5,OK,,,,,
2026-04-27 17:04:38,-40,0,0,0,0,OK,,,,,
2026-04-27 17:04:54,16.6,33,0.6,392,10472.7,OK,,,,,
2026-04-27 17:05:10,16.6,33,0.6,1928,12792.9,OK,,,,,
2026-04-27 17:05:26,16.5,33,0.3,392,10580,OK,,,,,
2026-04-27 17:05:42,16.5,33,0.1,392,10600.3,OK,,,,,
2026-04-27 17:05:58,-40,0,0,0,0,OK,,,,,
2026-04-27 17:06:14,16.5,33,0,392,10548.1,OK,,,,,
2026-04-27 17:06:30,16.6,33,0.3,392,10493,OK,,,,,
2026-04-27 17:06:46,16.6,33,0,392,10408.9,OK,,,,,
2026-04-27 17:07:02,-40,0,0,0,0,OK,,,,,
2026-04-27 17:07:18,16.7,33,0,392,10176.9,OK,,,,,
2026-04-27 17:07:34,16.8,32,0,392,10023.2,OK,,,,,
2026-04-27 17:07:50,16.8,31,0,392,9747.8,OK,,,,,
2026-04-27 17:08:06,16.8,31,0.1,392,9518.4,OK,,,,,
2026-04-27 17:08:22,16.8,31,0,392,9281.6,OK,,,,,
2026-04-27 17:08:38,16.9,31,0.1,392,9059.6,OK,,,,,
2026-04-27 17:08:54,16.9,31,0,392,8856.1,OK,,,,,
2026-04-27 17:09:10,16.9,31,0,392,8682.2,OK,,,,,
2026-04-27 17:09:26,119.2,31,0.3,392,8560.1,OK,,,,,
2026-04-27 17:09:42,16.8,31,0,392,8500.9,OK,,,,,
2026-04-27 17:09:58,16.8,31,0,392,8482.4,OK,,,,,
2026-04-27 17:10:14,16.8,31,0.1,392,8508.3,OK,,,,,
2026-04-27 17:10:30,16.8,31,0,392,8556.4,OK,,,,,
2026-04-27 17:10:46,16.8,31,0,392,8623,OK,,,,,
2026-04-27 17:11:02,16.8,31,0,392,8652.6,OK,,,,,
2026-04-27 17:11:18,16.8,31,0,392,8689.6,OK,,,,,
2026-04-27 17:11:34,16.8,31,0,392,8715.5,OK,,,,,
2026-04-27 17:11:50,16.8,31,0,392,8700.7,OK,,,,,
2026-04-27 17:12:06,16.9,31,0,392,8667.4,OK,,,,,
2026-04-27 17:12:22,16.9,31,0,392,8615.6,OK,,,,,
2026-04-27 17:12:38,16.9,31,0,392,8549,OK,,,,,
2026-04-27 17:12:54,16.9,31,0,392,8463.9,OK,,,,,
2026-04-27 17:13:10,16.9,31,0,392,8397.3,OK,,,,,
2026-04-27 17:13:26,-8.7,31,35.8,392,8356.6,OK,,,,,
2026-04-27 17:13:42,16.9,31,0,392,8327,OK,,,,,
2026-04-27 17:13:58,-8.7,31,35.8,392,8341.8,OK,,,,,
2026-04-27 17:14:14,16.9,31,0,392,8367.7,OK,,,,,
2026-04-27 17:14:30,16.9,30,0,392,8393.6,OK,,,,,
2026-04-27 17:14:46,16.9,30,0,392,8401,OK,,,,,
2026-04-27 17:15:02,16.8,31,0.1,392,8371.4,OK,,,,,
2026-04-27 17:15:18,16.8,30,0.7,392,8345.5,OK,,,,,
2026-04-27 17:15:34,16.8,30,0,392,8330.7,OK,,,,,
2026-04-27 17:15:50,-40,0,0,0,0,OK,,,,,
2026-04-27 17:16:54,16.7,29,0.3,392,8600.8,OK,,,,,
2026-04-27 17:17:10,16.7,30,0.6,392,8574.9,OK,,,,,
2026-04-27 17:17:26,16.6,30,0.8,392,8486.1,OK,,,,,
2026-04-27 17:17:42,16.6,30,0.6,392,8341.8,OK,,,,,
2026-04-27 17:17:58,16.6,30,0.1,392,8156.8,OK,,,,,
2026-04-27 17:18:14,16.6,31,0,392,7949.6,OK,,,,,
2026-04-27 17:18:30,16.6,30,0,392,7746.1,OK,,,,,
2026-04-27 17:18:46,16.6,30,0.6,392,7561.1,OK,,,,,
2026-04-27 17:19:02,16.5,30,0.7,392,7409.4,OK,,,,,
2026-04-27 17:19:18,16.5,30,0,392,7302.1,OK,,,,,
2026-04-27 17:19:34,16.5,30,0,392,7254,OK,,,,,
2026-04-27 17:19:50,16.5,30,0.4,392,7279.9,OK,,,,,
2026-04-27 17:20:06,16.5,29,0.1,392,7379.8,OK,,,,,
2026-04-27 17:20:22,16.5,29,0,392,7575.9,OK,,,,,
2026-04-27 17:20:38,16.5,29,0.7,392,7817.9,OK,,,,,
2026-04-27 17:20:54,16.5,29,0.1,392,8082.8,OK,,,,,
2026-04-27 17:21:10,16.7,29,0.1,504,8338.1,OK,,,,,
2026-04-27 17:21:26,16.5,28,0.1,392,8578.6,OK,,,,,
2026-04-27 17:21:42,16.5,28,0.4,392,8778.4,OK,,,,,
2026-04-27 17:21:58,118.9,28,0.1,392,8941.2,OK,,,,,
2026-04-27 17:22:14,16.5,28,0.8,392,9063.3,OK,,,,,
2026-04-27 17:22:30,16.5,27,0.6,392,9115.1,OK,,,,,
2026-04-27 17:22:46,16.5,27,0.1,392,9115.1,OK,,,,,
2026-04-27 17:23:02,16.5,28,0,408,9048.5,OK,,,,,
2026-04-27 17:23:18,16.5,28,0.3,392,8907.9,OK,,,,,
2026-04-27 17:23:34,16.5,28,0,392,8715.5,OK,,,,,
2026-04-27 17:23:50,16.5,28,0,392,8486.1,OK,,,,,
2026-04-27 17:24:06,16.5,27,0.6,392,8234.5,OK,,,,,
2026-04-27 17:24:22,16.5,27,0.3,392,7982.9,OK,,,,,
2026-04-27 17:24:38,16.5,27,0.4,392,7723.9,OK,,,,,
2026-04-27 17:24:54,16.5,27,0.4,392,7468.6,OK,,,,,
2026-04-27 17:25:10,16.4,27,0.6,392,7205.9,OK,,,,,
2026-04-27 17:25:26,16.4,27,0.1,392,1671550.2,OK,,,,,
2026-04-27 17:25:42,16.4,28,0.7,392,9759.9,OK,,,,,
2026-04-27 17:25:58,16.4,28,0.1,392,6480.7,OK,,,,,
2026-04-27 17:26:14,16.4,28,0,392,6347.5,OK,,,,,
2026-04-27 17:26:30,16.5,28,0,392,6293.6,OK,,,,,
2026-04-27 17:26:46,16.5,28,0.1,392,6314.2,OK,,,,,
2026-04-27 17:27:02,16.5,28,0.7,392,6395.6,OK,,,,,
2026-04-27 17:27:18,16.5,28,0.3,392,6510.3,OK,,,,,
2026-04-27 17:27:34,16.5,28,0.6,392,6658.3,OK,,,,,
2026-04-27 17:27:50,16.5,28,0.4,392,6798.9,OK,,,,,
2026-04-27 17:28:06,16.5,28,0.6,392,6928.4,OK,,,,,
2026-04-27 17:28:22,-40,0,0,0,0,OK,,,,,
2026-04-27 17:28:38,16.5,29,0,392,7135.6,OK,,,,,
2026-04-27 17:28:54,16.5,29,0,392,7217,OK,,,,,
2026-04-27 17:29:10,16.5,28,0,392,7291,OK,,,,,
2026-04-27 17:29:26,16.6,29,0,392,7356.7,OK,,,,,
2026-04-27 17:29:42,16.5,29,1.1,392,7409.4,OK,,,,,
2026-04-27 17:29:58,16.5,30,0.6,392,7483.4,OK,,,,,
2026-04-27 17:30:14,16.5,30,0.1,392,7583.3,OK,,,,,
2026-04-27 17:30:30,16.6,30,0,392,7686.9,OK,,,,,
2026-04-27 17:30:46,-40,0,0,0,0,OK,,,,,
2026-04-27 17:31:02,16.6,30,0,392,7875.6,OK,,,,,
2026-04-27 17:31:18,26.7,30,0,392,7920,OK,,,,,
2026-04-27 17:31:34,16.6,30,0,392,7912.6,OK,,,,,
2026-04-27 17:31:50,16.6,30,0,392,7857.1,OK,,,,,
2026-04-27 17:32:06,16.6,30,0.6,392,7764.6,OK,,,,,
2026-04-27 17:32:22,-40,0,0,0,0,OK,,,,,
2026-04-27 17:32:38,16.6,30,0,392,7538.9,OK,,,,,
2026-04-27 17:32:54,16.6,30,0,392,7413.1,OK,,,,,
2026-04-27 17:33:10,16.6,30,0,392,7320.6,OK,,,,,
2026-04-27 17:33:26,23,30,0,392,7239.2,OK,,,,,
2026-04-27 17:33:42,16.6,30,0,392,7168.9,OK,,,,,
2026-04-27 17:33:58,16.6,30,0.1,392,7106,OK,,,,,
2026-04-27 17:34:14,16.6,30,0,392,7043.1,OK,,,,,
2026-04-27 17:34:30,16.6,30,0,392,6962.3,OK,,,,,
2026-04-27 17:34:46,16.6,30,0,1928,6854.4,OK,,,,,
2026-04-27 17:35:02,36.6,31,0.4,392,6724.9,OK,,,,,
2026-04-27 17:35:18,16.6,31,0,392,6565.8,OK,,,,,
2026-04-27 17:35:34,16.6,31,0,392,6373.4,OK,,,,,
2026-04-27 17:35:50,16.6,31,0,392,6192.1,OK,,,,,
2026-04-27 17:36:06,16.6,31,0.1,392,6007.1,OK,,,,,
2026-04-27 17:36:22,16.6,32,0.3,392,5851.7,OK,,,,,
2026-04-27 17:36:38,16.6,32,0,392,5725.9,OK,,,,,
2026-04-27 17:36:54,16.6,32,0,392,5659.3,OK,,,,,
2026-04-27 17:37:10,16.6,32,0.1,392,5633.4,OK,,,,,
2026-04-27 17:37:26,16.6,32,0.1,392,5670.4,OK,,,,,
2026-04-27 17:37:42,16.5,32,0,392,5743.6,OK,,,,,
2026-04-27 17:37:58,16.5,32,0.4,392,5862.8,OK,,,,,
2026-04-27 17:38:14,16.5,33,0.1,392,6021.9,OK,,,,,
2026-04-27 17:38:30,16.5,33,0,392,6192.1,OK,,,,,
2026-04-27 17:38:46,16.5,33,0,392,6351.2,OK,,,,,
2026-04-27 17:39:02,16.5,33,0,392,6484.4,OK,,,,,
2026-04-27 17:39:18,16.5,33,0,392,6602.8,OK,,,,,
2026-04-27 17:39:34,16.5,33,0.6,392,6702.7,OK,,,,,
2026-04-27 17:39:50,16.5,33,0.3,392,6754.5,OK,,,,,
2026-04-27 17:40:06,16.5,33,0.4,392,6854.4,OK,,,,,
2026-04-27 17:40:38,16.5,33,0.1,392,6980.2,OK,,,,,
2026-04-27 17:40:54,16.4,34,0,392,7013.5,OK,,,,,
2026-04-27 17:41:10,16.4,34,0,392,7013.5,OK,,,,,
2026-04-27 17:41:26,35.6,145,0.3,392,6991.3,OK,,,,,
2026-04-27 17:41:58,16.3,34,0.4,392,6898.8,OK,,,,,
2026-04-27 17:42:14,16.3,34,0,392,6828.5,OK,,,,,
2026-04-27 17:42:30,16.4,34,0,392,6758.2,OK,,,,,
2026-04-27 17:42:46,16.4,34,0,392,6691.6,OK,,,,,
2026-04-27 17:43:02,16.4,34,0.1,392,6630.1,OK,,,,,
2026-04-27 17:43:34,-40,0,0,0,0,OK,,,,,
2026-04-27 17:43:50,16.4,34,0.1,392,6417.8,OK,,,,,
2026-04-27 17:44:06,16.4,34,0,392,6358.6,OK,,,,,
2026-04-27 17:44:22,16.4,33,0.1,392,845175,OK,,,,,
2026-04-27 17:44:38,16.4,33,0.1,392,6280.9,OK,,,,,
2026-04-27 17:44:54,16.4,33,0.4,392,6247.6,OK,,,,,
2026-04-27 17:45:10,16.4,34,0.7,392,6221.7,OK,,,,,
2026-04-27 17:45:26,16.4,34,0.7,392,6181,OK,,,,,
2026-04-27 17:45:42,16.3,34,0.3,392,6177.3,OK,,,,,
2026-04-27 17:45:58,16.4,33,0.8,392,6151.4,OK,,,,,
2026-04-27 17:46:14,16.3,33,0.6,392,6144,OK,,,,,
2026-04-27 17:46:30,16.3,33,0.1,392,6132.9,OK,,,,,
2026-04-27 17:46:46,16.7,33,0,392,6136.6,OK,,,,,
2026-04-27 17:47:02,16.4,33,0.7,392,6181,OK,,,,,
2026-04-27 17:47:18,16.3,34,0.4,392,6225.4,OK,,,,,
2026-04-27 17:47:34,-40,0,0,0,0,OK,,,,,
2026-04-27 17:47:50,16.2,34,0.6,392,6340.1,OK,,,,,
2026-04-27 17:48:06,16.2,34,0.7,392,6425.2,OK,,,,,
2026-04-27 17:48:22,16.2,34,0.3,392,6521.4,OK,,,,,
2026-04-27 17:48:38,16.2,33,0.8,392,6632.4,OK,,,,,
2026-04-27 17:48:54,16.2,34,0.3,392,6769.3,OK,,,,,
2026-04-27 17:49:10,16.2,34,0.7,392,6906.2,OK,,,,,
2026-04-27 17:49:26,16.2,34,0.4,392,7054.2,OK,,,,,
2026-04-27 17:49:42,16.2,35,0.4,392,7235.5,OK,,,,,
2026-04-27 17:49:58,16.2,35,0,392,7383.5,OK,,,,,
2026-04-27 17:50:14,16.2,35,0,392,7468.6,OK,,,,,
2026-04-27 17:50:30,16.2,35,0,392,7590.7,OK,,,,,
2026-04-27 17:50:46,16.2,35,0.3,392,7705.4,OK,,,,,
2026-04-27 17:51:02,16.2,35,0.4,392,7831.2,OK,,,,,
2026-04-27 17:51:18,16.2,35,0,392,7971.8,OK,,,,,
2026-04-27 17:51:34,16.2,35,0.1,392,8108.7,OK,,,,,
2026-04-27 17:51:50,16.2,35,0.1,392,8249.3,OK,,,,,
2026-04-27 17:52:06,16.2,35,0,392,8395.2,OK,,,,,
2026-04-27 17:52:22,16.2,35,0.3,392,8534.2,OK,,,,,
2026-04-27 17:52:38,16.2,35,0.6,392,8978.3,OK,,,,,
2026-04-27 17:52:54,16.2,35,0,392,8808,OK,,,,,
2026-04-27 17:53:10,16.2,35,0,392,8930.1,OK,,,,,
2026-04-27 17:53:26,16.2,35,0.4,392,9037.4,OK,,,,,
2026-04-27 17:53:42,16.2,35,0.6,392,9137.3,OK,,,,,
2026-04-27 17:53:58,16.2,35,0.8,392,9211.3,OK,,,,,
2026-04-27 17:54:14,16.2,35,0.3,392,9270.5,OK,,,,,
2026-04-27 17:54:30,-40,0,0,0,0,OK,,,,,
2026-04-27 17:54:46,16.2,35,0,392,9388.9,OK,,,,,
2026-04-27 17:55:02,-40,0,0,0,0,OK,,,,,
2026-04-27 17:55:18,16.3,34,0.1,1928,9511,OK,,,,,
2026-04-27 17:55:34,16.3,34,1.1,392,9566.5,OK,,,,,
2026-04-27 17:55:50,16.3,34,0.4,392,9599.8,OK,,,,,
2026-04-27 17:56:06,16.3,34,0.4,392,9614.6,OK,,,,,
2026-04-27 17:56:22,16.3,33,0.4,392,9607.2,OK,,,,,
2026-04-27 17:56:38,16.2,33,0.8,392,9607.2,OK,,,,,
2026-04-27 17:56:54,16.2,33,0.7,452,9598.8,OK,,,,,
2026-04-27 17:57:10,16.2,33,0.1,392,9570.2,OK,,,,,
2026-04-27 17:57:26,16.2,33,0.1,392,9544.3,OK,,,,,
2026-04-27 17:57:42,16.2,34,0,392,9507.3,OK,,,,,
2026-04-27 17:57:58,16.3,34,0.1,392,9451.8,OK,,,,,
2026-04-27 17:58:14,16.3,34,0.8,392,9407.4,OK,,,,,
2026-04-27 17:58:30,16.3,34,0.3,392,9370.4,OK,,,,,
2026-04-27 17:58:46,16.3,34,0,392,9337.1,OK,,,,,
2026-04-27 17:59:02,16.3,34,0,392,9303.8,OK,,,,,
2026-04-27 17:59:18,16.3,34,0,392,9266.8,OK,,,,,
2026-04-27 17:59:34,16.4,34,0,392,11182.8,OK,,,,,
2026-04-27 17:59:50,16.4,34,0,392,9207.6,OK,,,,,
2026-04-27 18:00:06,16.4,34,0,392,9189.1,OK,,,,,
2026-04-27 18:00:22,16.4,34,0,392,9148.4,OK,,,,,
2026-04-27 18:00:38,16.4,34,0.1,392,9129.9,OK,,,,,
2026-04-27 18:00:54,-40,0,0,0,0,OK,,,,,
2026-04-27 18:01:10,16.4,34,0,392,9063.3,OK,,,,,
2026-04-27 18:01:26,16.4,34,0.7,392,9026.3,OK,,,,,
2026-04-27 18:01:42,16.3,34,0.4,392,8989.3,OK,,,,,
2026-04-27 18:01:58,16.2,35,0,392,8952.3,OK,,,,,
2026-04-27 18:02:14,16.2,35,0,392,8911.6,OK,,,,,
2026-04-27 18:02:30,16.2,34,0,392,8885.7,OK,,,,,
2026-04-27 18:02:46,16.3,34,0,392,8856.1,OK,,,,,
2026-04-27 18:03:02,16.3,35,0,392,8841.3,OK,,,,,
2026-04-27 18:03:18,-40,0,0,0,0,OK,,,,,
2026-04-27 18:03:34,16.2,35,0.6,392,8815.4,OK,,,,,
2026-04-27 18:03:50,16.2,35,0.7,392,8808,OK,,,,,
2026-04-27 18:04:06,23.9,36,0.3,392,8796.9,OK,,,,,
2026-04-27 18:04:22,16.1,36,0,392,8789.5,OK,,,,,
2026-04-27 18:04:38,16.1,36,0.1,392,8767.3,OK,,,,,
2026-04-27 18:04:54,16.1,36,0,392,8745.1,OK,,,,,
2026-04-27 18:05:10,16.1,36,0,392,8708.1,OK,,,,,
2026-04-27 18:05:26,16.1,36,0,392,8667.4,OK,,,,,
2026-04-27 18:05:42,16,36,0,392,8615.6,OK,,,,,
2026-04-27 18:05:58,16,36,0,392,8549,OK,,,,,
2026-04-27 18:06:14,16,37,0.1,392,8493.5,OK,,,,,
2026-04-27 18:06:30,16,37,0,392,8415.8,OK,,,,,
2026-04-27 18:06:46,-40,0,0,0,0,OK,,,,,
2026-04-27 18:07:02,16.1,37,0.4,392,8301.1,OK,,,,,
2026-04-27 18:07:18,16,37,1,392,8230.8,OK,,,,,
2026-04-27 18:07:34,16,37,0.1,392,8167.9,OK,,,,,
2026-04-27 18:07:50,16,37,0,392,8101.3,OK,,,,,
2026-04-27 18:08:06,16,37,0,392,8049.5,OK,,,,,
2026-04-27 18:08:22,16,37,0,392,7986.6,OK,,,,,
2026-04-27 18:08:38,-40,0,0,0,0,OK,,,,,
2026-04-27 18:08:54,16.1,37,0,392,7864.5,OK,,,,,
2026-04-27 18:09:10,16.1,37,0,392,7805.3,OK,,,,,
2026-04-27 18:09:26,-40,0,0,0,0,OK,,,,,
2026-04-27 18:09:42,16.1,37,0,392,7694.3,OK,,,,,
2026-04-27 18:09:58,16.2,36,0,392,7627.7,OK,,,,,
2026-04-27 18:10:14,16.2,36,0,392,7568.5,OK,,,,,
2026-04-27 18:10:30,16.2,36,0,392,7509.3,OK,,,,,
2026-04-27 18:10:46,16.2,36,0,392,7442.7,OK,,,,,
2026-04-27 18:11:02,16.2,36,0,392,7376.1,OK,,,,,
2026-04-27 18:11:18,16.2,35,0,392,7324.3,OK,,,,,
2026-04-27 18:11:34,16.1,35,0,392,7246.6,OK,,,,,
2026-04-27 18:11:50,16.2,35,0.1,392,7209.6,OK,,,,,
2026-04-27 18:12:06,16.2,35,0,392,7157.8,OK,,,,,
2026-04-27 18:12:22,16.2,36,0,392,7117.1,OK,,,,,
2026-04-27 18:12:38,16.2,35,0.4,392,7076.4,OK,,,,,
2026-04-27 18:12:54,16.7,36,0.7,392,7043.1,OK,,,,,
2026-04-27 18:13:10,16.1,36,0.1,392,7020.9,OK,,,,,
2026-04-27 18:13:26,16.1,36,0.6,392,7006.1,OK,,,,,
2026-04-27 18:13:42,16.1,36,0,392,6995,OK,,,,,
2026-04-27 18:13:58,16.1,36,0,392,7012.4,OK,,,,,
2026-04-27 18:14:14,16.1,36,0,392,6991.3,OK,,,,,
2026-04-27 18:14:30,16.1,36,0,392,6995,OK,,,,,
2026-04-27 18:14:46,16.1,36,0,392,6991.3,OK,,,,,
2026-04-27 18:15:02,16.1,36,0,392,6983.9,OK,,,,,
2026-04-27 18:15:18,16.1,36,0.4,392,6972.8,OK,,,,,
2026-04-27 18:15:34,16.1,36,0.1,392,6965.4,OK,,,,,
2026-04-27 18:15:50,16.1,36,0,392,8175.7,OK,,,,,
2026-04-27 18:16:06,16.1,36,0,392,6917.3,OK,,,,,
2026-04-27 18:16:22,16.2,35,0,392,6891.4,OK,,,,,
2026-04-27 18:16:38,16.1,35,0.1,392,6850.7,OK,,,,,
2026-04-27 18:16:54,16.1,36,0.4,392,6813.7,OK,,,,,
2026-04-27 18:17:10,16,36,0.4,392,6780.4,OK,,,,,
2026-04-27 18:17:26,16,37,0,392,6747.1,OK,,,,,
2026-04-27 18:17:42,16,37,0.1,392,6717.5,OK,,,,,
2026-04-27 18:17:58,16,37,1,392,9822.2,OK,,,,,
2026-04-27 18:18:14,16,37,0,392,6684.2,OK,,,,,
2026-04-27 18:18:30,16,37,0.3,392,6680.5,OK,,,,,
2026-04-27 18:18:46,16,37,0.3,392,6680.5,OK,,,,,
2026-04-27 18:19:02,15.9,38,0.7,392,6691.6,OK,,,,,
2026-04-27 18:19:18,15.9,38,0.7,392,203313.9,OK,,,,,
2026-04-27 18:19:34,15.9,37,0,392,6717.5,OK,,,,,
2026-04-27 18:19:50,-40,0,0,0,0,OK,,,,,
2026-04-27 18:20:06,15.9,37,0,392,6736,OK,,,,,
2026-04-27 18:20:22,16,37,0,392,6747.1,OK,,,,,
2026-04-27 18:20:38,16,37,0,392,6761.9,OK,,,,,
2026-04-27 18:20:54,16,37,0.4,392,6765.6,OK,,,,,
2026-04-27 18:21:10,16,36,1,392,6765.6,OK,,,,,
2026-04-27 18:21:26,16,36,0.1,392,6773,OK,,,,,
2026-04-27 18:21:42,16,36,0.4,392,6776.7,OK,,,,,
2026-04-27 18:21:58,16,35,0.4,392,6780.4,OK,,,,,
2026-04-27 18:22:14,15.9,36,0,392,6776.7,OK,,,,,
2026-04-27 18:22:30,16,36,0,904,6773,OK,,,,,
2026-04-27 18:22:46,16,36,0.1,392,6761.9,OK,,,,,
2026-04-27 18:23:02,16,36,0,392,6743.4,OK,,,,,
2026-04-27 18:23:18,16,36,0,392,6721.2,OK,,,,,
2026-04-27 18:23:34,16,36,0,392,6669.4,OK,,,,,
2026-04-27 18:23:50,16.1,36,0,392,6639.8,OK,,,,,
2026-04-27 18:24:06,16,36,0,392,6580.6,OK,,,,,
2026-04-27 18:24:22,16.1,36,0,392,6517.7,OK,,,,,
2026-04-27 18:24:38,16.1,36,0,392,6440,OK,,,,,
2026-04-27 18:24:54,-40,0,0,0,0,OK,,,,,
2026-04-27 18:25:10,16.1,37,0,392,6262.4,OK,,,,,
2026-04-27 18:25:26,16.1,37,0,392,6155.1,OK,,,,,
2026-04-27 18:25:42,16.1,37,0,392,6047.8,OK,,,,,
2026-04-27 18:25:58,16.1,37,0.1,392,5929.4,OK,,,,,
2026-04-27 18:26:14,16.1,38,0,392,5814.7,OK,,,,,
2026-04-27 18:26:30,16.1,38,0,392,5688.9,OK,,,,,
2026-04-27 18:26:46,16.1,38,0,392,5566.8,OK,,,,,
2026-04-27 18:27:02,16.1,38,0,392,5444.7,OK,,,,,
2026-04-27 18:27:18,16.1,38,0,392,5322.6,OK,,,,,
2026-04-27 18:27:34,16.1,39,0,392,5204.2,OK,,,,,
2026-04-27 18:27:50,16.1,39,0,392,5085.8,OK,,,,,
2026-04-27 18:28:06,16,39,0,392,4974.8,OK,,,,,
2026-04-27 18:28:22,16,39,0,392,4867.5,OK,,,,,
2026-04-27 18:28:38,16,39,0,392,4760.2,OK,,,,,
2026-04-27 18:28:54,16.1,39,0,392,4656.6,OK,,,,,
2026-04-27 18:29:10,16.1,39,0,392,4560.4,OK,,,,,
2026-04-27 18:29:26,16.1,39,0,392,4467.9,OK,,,,,
2026-04-27 18:29:42,16.1,39,0,392,4386.5,OK,,,,,
2026-04-27 18:29:58,16.1,39,0,392,4308.8,OK,,,,,
2026-04-27 18:30:14,16.1,39,0,392,4245.9,OK,,,,,
2026-04-27 18:30:30,16.1,39,0,392,4183,OK,,,,,
2026-04-27 18:30:46,16.1,39,0,392,4131.2,OK,,,,,
2026-04-27 18:31:02,16,40,0,392,4083.1,OK,,,,,
2026-04-27 18:31:18,16,40,0,392,4042.4,OK,,,,,
2026-04-27 18:31:34,16,40,0,392,4005.4,OK,,,,,
2026-04-27 18:31:50,16,40,0,392,3979.5,OK,,,,,
2026-04-27 18:32:06,16.1,39,0,392,3949.9,OK,,,,,
2026-04-27 18:32:22,16.1,39,0,392,3920.3,OK,,,,,
2026-04-27 18:32:38,16.1,40,0,392,3894.4,OK,,,,,
2026-04-27 18:32:54,-40,0,0,0,0,OK,,,,,
2026-04-27 18:33:10,16.1,39,0,392,3838.9,OK,,,,,
2026-04-27 18:33:26,16.1,39,0,392,3813,OK,,,,,
2026-04-27 18:33:42,16.1,39,0,392,3787.1,OK,,,,,
2026-04-27 18:33:58,-40,0,0,0,0,OK,,,,,
2026-04-27 18:34:14,16.1,38,0,392,3731.6,OK,,,,,
2026-04-27 18:34:30,16.1,38,0,392,3702,OK,,,,,
2026-04-27 18:34:46,-9.5,38,107.5,392,3672.4,OK,,,,,
2026-04-27 18:35:02,16.1,38,0,392,3646.5,OK,,,,,
2026-04-27 18:35:18,16.1,38,0,392,3616.9,OK,,,,,
2026-04-27 18:35:34,16.1,38,0,392,3594.7,OK,,,,,
2026-04-27 18:35:50,16.1,37,0,392,3568.8,OK,,,,,
2026-04-27 18:36:06,-40,0,0,0,0,OK,,,,,
2026-04-27 18:36:22,16.1,38,0,392,3524.4,OK,,,,,
2026-04-27 18:36:38,16,38,0,32648,3502.2,OK,,,,,
2026-04-27 18:36:54,16.1,38,0,392,3480,OK,,,,,
2026-04-27 18:37:10,16,38,0,392,3457.8,OK,,,,,
2026-04-27 18:37:26,16,38,0,392,3435.6,OK,,,,,
2026-04-27 18:37:42,16,38,0,392,3406,OK,,,,,
2026-04-27 18:37:58,128.8,37,35.8,392,3380.1,OK,,,,,
2026-04-27 18:38:14,-40,0,0,0,0,OK,,,,,
2026-04-27 18:38:30,-40,0,0,0,0,OK,,,,,
2026-04-27 18:38:46,16,38,0,392,3287.6,OK,,,,,
2026-04-27 18:39:02,-40,0,0,0,0,OK,,,,,
2026-04-27 18:39:18,16,38,0,392,3224.7,OK,,,,,
2026-04-27 18:39:34,16,38,0.1,392,3191.4,OK,,,,,
2026-04-27 18:39:50,16,39,0,392,3154.4,OK,,,,,
2026-04-27 18:40:06,15.9,39,0,392,3113.7,OK,,,,,
2026-04-27 18:40:22,15.9,39,0,392,3076.7,OK,,,,,
2026-04-27 18:40:38,16,39,0,392,3032.3,OK,,,,,
2026-04-27 18:40:54,16,39,0.1,392,2991.6,OK,,,,,
2026-04-27 18:41:10,16,39,0,392,2947.2,OK,,,,,
2026-04-27 18:41:42,-40,0,0,0,0,OK,,,,,
2026-04-27 18:41:58,15.9,39,0,392,2806.6,OK,,,,,
2026-04-27 18:42:14,15.9,39,0,392,2758.5,OK,,,,,
2026-04-27 18:42:30,15.9,39,0,392,2710.4,OK,,,,,
2026-04-27 18:42:46,15.9,39,0,392,2658.6,OK,,,,,
2026-04-27 18:43:02,15.9,39,0,392,2614.2,OK,,,,,
2026-04-27 18:43:18,15.9,39,0,392,2562.4,OK,,,,,
2026-04-27 18:43:34,15.9,39,0,392,2521.7,OK,,,,,
2026-04-27 18:43:50,-40,0,0,0,0,OK,,,,,
2026-04-27 18:44:06,15.9,39,0,392,2436.6,OK,,,,,
2026-04-27 18:44:22,15.9,39,0,392,2399.6,OK,,,,,
2026-04-27 18:44:38,15.9,39,0,392,2366.3,OK,,,,,
2026-04-27 18:44:54,15.9,39,0,392,2333,OK,,,,,
2026-04-27 18:45:10,15.9,39,0,392,2307.1,OK,,,,,
2026-04-27 18:45:26,15.9,39,0,392,2281.2,OK,,,,,
2026-04-27 18:45:42,15.9,39,0,392,2259,OK,,,,,
2026-04-27 18:45:58,15.9,39,0,392,2240.5,OK,,,,,
2026-04-27 18:46:14,15.9,39,0,392,2225.7,OK,,,,,
2026-04-27 18:46:30,15.9,39,0,392,2210.9,OK,,,,,
2026-04-27 18:46:46,15.9,39,0,392,2196.1,OK,,,,,
2026-04-27 18:47:02,15.9,39,0,392,2185,OK,,,,,
2026-04-27 18:47:18,15.9,39,0,392,2166.5,OK,,,,,
2026-04-27 18:47:34,15.9,40,0,392,2155.4,OK,,,,,
2026-04-27 18:47:50,15.9,40,0,392,2148,OK,,,,,
2026-04-27 18:48:06,15.9,40,0,392,2136.9,OK,,,,,
2026-04-27 18:48:22,15.9,40,0,392,2114.7,OK,,,,,
2026-04-27 18:48:38,15.9,40,0,392,2096.2,OK,,,,,
2026-04-27 18:48:54,15.9,40,0,392,2074,OK,,,,,
2026-04-27 18:49:10,15.9,40,0,392,2051.8,OK,,,,,
2026-04-27 18:49:26,15.9,40,0,392,2025.9,OK,,,,,
2026-04-27 18:49:42,15.9,40,0,392,2000,OK,,,,,
2026-04-27 18:49:58,-40,0,0,0,0,OK,,,,,
2026-04-27 18:50:14,15.9,40,0,16264,1694.6,OK,,,,,
2026-04-27 18:50:30,15.8,41,0,392,1665,OK,,,,,
2026-04-27 18:50:46,15.8,41,0,392,1635.4,OK,,,,,
2026-04-27 18:51:02,15.8,41,0,392,1605.8,OK,,,,,
2026-04-27 18:51:18,15.8,41,0,392,1773.2,OK,,,,,
2026-04-27 18:51:34,15.8,41,0,392,1731.6,OK,,,,,
2026-04-27 18:51:50,15.8,42,0,392,1698.3,OK,,,,,
2026-04-27 18:52:06,15.8,42,0,392,1656.6,OK,,,,,
2026-04-27 18:52:22,15.7,42,0,392,1619.2,OK,,,,,
2026-04-27 18:52:38,15.8,42,0,392,1577.5,OK,,,,,
2026-04-27 18:52:54,15.8,42,0,392,1535.9,OK,,,,,
2026-04-27 18:53:10,15.7,42,0,392,1490.1,OK,,,,,
2026-04-27 18:53:26,15.7,43,0,392,1448.5,OK,,,,,
2026-04-27 18:53:42,15.7,43,0,392,1402.7,OK,,,,,
2026-04-27 18:53:58,15.7,43,0,392,1356.9,OK,,,,,
2026-04-27 18:54:14,15.7,43,0,392,1311.1,OK,,,,,
2026-04-27 18:54:30,15.7,43,0,392,1265.4,OK,,,,,
2026-04-27 18:54:46,15.7,43,0,392,1219.6,OK,,,,,
2026-04-27 18:55:02,15.7,43,0,392,1177.9,OK,,,,,
2026-04-27 18:55:18,15.7,43,0,392,1132.2,OK,,,,,
2026-04-27 18:55:34,15.7,43,0,392,1094.7,OK,,,,,
2026-04-27 18:55:50,15.6,43,0,392,1053.1,OK,,,,,
2026-04-27 18:56:06,15.7,43,0,392,1011.4,OK,,,,,
2026-04-27 18:56:22,-40,0,0,0,0,OK,,,,,
2026-04-27 18:56:38,15.7,44,0,392,940.7,OK,,,,,
2026-04-27 18:56:54,15.7,44,0,392,911.5,OK,,,,,
2026-04-27 18:57:10,15.7,44,0,392,878.2,OK,,,,,
2026-04-27 18:57:26,15.7,44,0,392,853.3,OK,,,,,
2026-04-27 18:57:42,15.7,44,0,392,824.1,OK,,,,,
2026-04-27 18:57:58,15.6,60,0,392,799.2,OK,,,,,
2026-04-27 18:58:14,15.6,44,0,392,778.3,OK,,,,,
2026-04-27 18:58:30,15.6,44,0,392,757.5,OK,,,,,
2026-04-27 18:58:46,15.6,45,0,392,740.9,OK,,,,,
2026-04-27 18:59:02,15.6,45,0,392,720.1,OK,,,,,
2026-04-27 18:59:18,15.6,45,0,392,707.6,OK,,,,,
2026-04-27 18:59:34,15.6,45,0,392,686.8,OK,,,,,
2026-04-27 18:59:50,15.6,45,0,392,674.3,OK,,,,,
2026-04-27 19:00:06,15.6,45,0,392,661.8,OK,,,,,
2026-04-27 19:00:22,15.6,45,0,392,645.1,OK,,,,,
2026-04-27 19:00:38,15.6,45,0,392,632.7,OK,,,,,
2026-04-27 19:00:54,15.6,45,0,392,611.8,OK,,,,,
2026-04-27 19:01:10,15.6,45,0,504,599.4,OK,,,,,
2026-04-27 19:01:26,15.6,46,0,392,578.5,OK,,,,,
2026-04-27 19:01:42,15.6,46,0,392,619.7,OK,,,,,
2026-04-27 19:01:58,15.6,46,0,392,601.2,OK,,,,,
2026-04-27 19:02:14,15.6,46,0,392,578.1,OK,,,,,
2026-04-27 19:02:30,15.6,46,0,392,555,OK,,,,,
2026-04-27 19:02:46,-40,0,0,0,0,OK,,,,,
2026-04-27 19:03:02,15.6,46,0,392,508.7,OK,,,,,
2026-04-27 19:03:18,15.6,46,0,392,485.6,OK,,,,,
2026-04-27 19:03:34,15.7,46,0,392,462.5,OK,,,,,
2026-04-27 19:03:50,15.6,46,0,392,444,OK,,,,,
2026-04-27 19:04:06,15.6,46,0,392,425.5,OK,,,,,
2026-04-27 19:04:22,15.6,46,0,392,402.3,OK,,,,,
2026-04-27 19:04:38,15.7,46,0,392,379.2,OK,,,,,
2026-04-27 19:04:54,15.7,46,0,392,360.7,OK,,,,,
2026-04-27 19:05:10,15.7,46,0,392,342.2,OK,,,,,
2026-04-27 19:05:26,15.6,46,0,392,323.7,OK,,,,,
2026-04-27 19:05:42,15.7,46,0,392,305.2,OK,,,,,
2026-04-27 19:05:58,15.7,46,0,392,286.7,OK,,,,,
2026-04-27 19:06:14,15.6,45,0,392,268.2,OK,,,,,
2026-04-27 19:06:30,15.7,46,0,392,249.7,OK,,,,,
2026-04-27 19:06:46,15.7,46,0,392,231.2,OK,,,,,
2026-04-27 19:07:02,15.6,46,0,392,212.7,OK,,,,,
2026-04-27 19:07:18,15.7,46,0,392,194.2,OK,,,,,
2026-04-27 19:07:34,15.7,46,0,392,175.7,OK,,,,,
2026-04-27 19:07:50,15.7,46,0,392,152.6,OK,,,,,
2026-04-27 19:08:06,15.7,46,0,392,138.7,OK,,,,,
2026-04-27 19:08:22,15.7,45,0,392,115.6,OK,,,,,
2026-04-27 19:08:38,15.7,45,0,392,92.5,OK,,,,,
2026-04-27 19:08:54,15.6,45,0,392,74,OK,,,,,
2026-04-27 19:09:10,15.6,45,0,392,55.5,OK,,,,,
2026-04-27 19:09:26,15.6,45,0.1,392,37,OK,,,,,
2026-04-27 19:09:42,15.6,44,0,392,18.5,OK,,,,,
2026-04-27 19:09:58,15.6,45,0,392,4.6,OK,,,,,
2026-04-27 19:10:14,15.6,45,0,392,0,OK,,,,,
2026-04-27 19:10:30,15.6,45,0,392,0,OK,,,,,
2026-04-27 19:10:46,15.6,45,0,392,0,OK,,,,,
2026-04-27 19:11:02,15.6,45,0,392,0,OK,,,,,
2026-04-27 19:11:18,15.6,44,0,392,0,OK,,,,,
2026-04-27 19:11:34,15.6,44,0,392,0,OK,,,,,
2026-04-27 19:11:50,15.5,44,0,392,0,OK,,,,,
2026-04-27 19:12:06,15.6,44,0,392,0,OK,,,,,
2026-04-27 19:12:22,15.5,44,0,392,0,OK,,,,,
2026-04-27 19:12:38,15.5,44,0,392,0,OK,,,,,
2026-04-27 19:12:54,15.6,43,0,392,0,OK,,,,,
2026-04-27 19:13:10,15.5,43,0.1,392,0,OK,,,,,
2026-04-27 19:13:26,15.5,43,0,392,0,OK,,,,,
2026-04-27 19:13:42,-40,0,0,0,0,OK,,,,,
2026-04-27 19:13:58,15.5,43,0,392,0,OK,,,,,
2026-04-27 19:14:14,15.4,43,0,392,0,OK,,,,,
2026-04-27 19:14:30,15.5,43,0,392,0,OK,,,,,
2026-04-27 19:14:46,15.4,42,0,392,0,OK,,,,,
2026-04-27 19:15:02,15.4,42,0,392,0,OK,,,,,
2026-04-27 19:15:18,15.4,42,0,392,0,OK,,,,,
2026-04-27 19:15:34,15.4,42,0,392,0,OK,,,,,
2026-04-27 19:15:50,15.5,42,0,392,0,OK,,,,,
2026-04-27 19:16:06,15.5,42,0,392,0,OK,,,,,
2026-04-27 19:16:22,15.5,42,0,392,0,OK,,,,,
2026-04-27 19:16:38,15.5,42,0,392,0,OK,,,,,
2026-04-27 19:16:54,15.4,42,0,392,0,OK,,,,,
2026-04-27 19:17:10,15.4,42,0,392,0,OK,,,,,
2026-04-27 19:17:26,15.4,42,0,392,0,OK,,,,,
2026-04-27 19:17:42,23.4,42,0,392,0,OK,,,,,
2026-04-27 19:17:58,15.3,122,0,392,0,OK,,,,,
2026-04-27 19:18:14,15.3,42,0,392,0,OK,,,,,
2026-04-27 19:18:30,15.3,42,0,392,0,OK,,,,,
2026-04-27 19:18:46,15.3,42,0,392,0,OK,,,,,
2026-04-27 19:19:02,15.3,42,0,392,0,OK,,,,,
2026-04-27 19:19:18,15.3,42,0,392,0,OK,,,,,
2026-04-27 19:19:34,15.3,43,0,392,0,OK,,,,,
2026-04-27 19:19:50,15.3,43,0,392,0,OK,,,,,
2026-04-27 19:20:06,15.3,43,0,392,0,OK,,,,,
2026-04-27 19:20:22,15.3,43,0,392,0,OK,,,,,
2026-04-27 19:20:38,15.3,43,0,392,0,OK,,,,,
2026-04-27 19:20:54,-40,0,0,0,0,OK,,,,,
2026-04-27 19:21:10,15.3,43,0,392,0,OK,,,,,
2026-04-27 19:21:26,15.3,44,0,392,0,OK,,,,,
2026-04-27 19:21:42,15.3,44,0,392,0,OK,,,,,
2026-04-27 19:21:58,-40,0,0,0,0,OK,,,,,
2026-04-27 19:22:14,15.3,45,0,392,0,OK,,,,,
2026-04-27 19:22:30,15.3,45,0,392,0,OK,,,,,
2026-04-27 19:22:46,15.3,45,0,392,0,OK,,,,,
2026-04-27 19:23:02,15.3,45,0,392,0,OK,,,,,
2026-04-27 19:23:18,15.3,46,0,392,0,OK,,,,,
2026-04-27 19:23:34,15.3,46,0,392,0,OK,,,,,
2026-04-27 19:23:50,15.3,46,0,392,0,OK,,,,,
2026-04-27 19:24:06,-40,0,0,0,0,OK,,,,,
2026-04-27 19:24:22,-40,0,0,0,0,OK,,,,,
2026-04-27 19:24:38,15.3,46,0,392,0,OK,,,,,
2026-04-27 19:24:54,-10.3,45,107.5,392,0,OK,,,,,
2026-04-27 19:25:10,15.3,45,0,392,0,OK,,,,,
2026-04-27 19:25:26,15.3,45,0,392,0,OK,,,,,
2026-04-27 19:25:42,15.3,45,0,392,0,OK,,,,,
2026-04-27 19:25:58,15.3,45,0,392,0,OK,,,,,
2026-04-27 19:26:14,15.3,45,0,392,0,OK,,,,,
2026-04-27 19:26:30,15.3,45,0,392,0,OK,,,,,
2026-04-27 19:26:46,15.3,45,0,392,0,OK,,,,,
2026-04-27 19:27:02,15.5,45,0,392,0,OK,,,,,
2026-04-27 19:28:22,15.3,45,0,392,0,OK,,,,,
2026-04-27 19:28:38,15.3,45,0,392,0,OK,,,,,
2026-04-27 19:29:42,15.3,45,0,904,0,OK,,,,,
2026-04-27 19:29:58,-40,0,0,0,0,OK,,,,,
2026-04-27 19:30:14,-40,0,0,0,0,OK,,,,,
2026-04-27 19:30:30,-40,0,0,0,0,OK,,,,,
2026-04-27 19:31:02,15.3,45,0,392,0,OK,,,,,
2026-04-27 19:31:18,15.3,45,0,392,0,OK,,,,,
2026-04-27 19:31:34,-40,0,0,0,0,OK,,,,,
2026-04-27 19:32:38,-40,0,0,0,0,OK,,,,,
2026-04-27 19:32:54,15.2,46,0,392,0,OK,,,,,
2026-04-27 19:33:10,15.2,46,0,392,0,OK,,,,,
2026-04-27 19:33:26,-40,0,0,0,0,OK,,,,,
2026-04-27 19:33:42,15.5,46,0,392,0,OK,,,,,
2026-04-27 19:33:58,15.3,46,0,392,0,OK,,,,,
2026-04-27 19:34:14,15.3,45,0,392,0,OK,,,,,
2026-04-27 19:34:46,15.3,45,0,392,0,OK,,,,,
2026-04-27 19:35:50,15.3,45,0,392,0,OK,,,,,
2026-04-27 19:36:06,15.3,45,0,392,0,OK,,,,,
2026-04-27 19:36:22,15.3,45,0,392,0,OK,,,,,
2026-04-27 19:37:26,-40,0,0,0,0,OK,,,,,
2026-04-27 19:37:42,15.3,45,0,392,0,OK,,,,,
2026-04-27 19:38:46,15.3,45,0,392,0,OK,,,,,
2026-04-27 19:39:02,15.3,45,0,392,0,OK,,,,,
2026-04-27 19:39:18,15.3,45,0,392,0,OK,,,,,
2026-04-27 19:39:34,15.3,45,0,392,0,OK,,,,,
2026-04-27 19:39:50,15.3,45,0,392,0,OK,,,,,
2026-04-27 19:40:06,15.3,45,0,392,0,OK,,,,,
2026-04-27 19:40:22,15.3,46,0,392,0,OK,,,,,
2026-04-27 19:40:38,23.9,46,0,392,0,OK,,,,,
2026-04-27 19:40:54,15.2,46,0,392,0,OK,,,,,
2026-04-27 19:41:10,-40,0,0,0,0,OK,,,,,
2026-04-27 19:41:58,15.3,46,0.1,392,0,OK,,,,,
2026-04-27 19:42:14,15.3,46,0,392,0,OK,,,,,
2026-04-27 19:42:30,15.3,46,0,392,0,OK,,,,,
2026-04-27 19:42:46,15.3,47,0,392,0,OK,,,,,
2026-04-27 19:43:02,-40,0,0,0,0,OK,,,,,
2026-04-27 19:43:18,15.3,47,0,392,0,OK,,,,,
2026-04-27 19:43:34,15.3,47,0,392,0,OK,,,,,
2026-04-27 19:43:50,-40,0,0,0,0,OK,,,,,
2026-04-27 19:44:06,-40,0,0,0,0,OK,,,,,
2026-04-27 19:44:22,15.3,47,0,392,0,OK,,,,,
2026-04-27 19:44:38,-40,0,0,0,0,OK,,,,,
2026-04-27 19:44:54,-40,0,0,0,0,OK,,,,,
2026-04-27 19:45:10,-40,0,0,0,0,OK,,,,,
2026-04-27 19:46:14,15.3,48,0,392,0,OK,,,,,
2026-04-27 19:47:18,15.3,48,0,392,0,OK,,,,,
2026-04-27 19:47:34,15.3,48,0,392,0,OK,,,,,
2026-04-27 19:47:50,15.3,49,0,392,0,OK,,,,,
2026-04-27 19:48:06,15.3,49,0,392,3276.8,OK,,,,,
2026-04-27 19:48:22,15.3,49,0,392,0,OK,,,,,
2026-04-27 19:48:38,15.3,49,0,392,0,OK,,,,,
2026-04-27 19:48:54,-40,0,0,0,0,OK,,,,,
2026-04-27 19:49:58,15.3,49,0,392,0,OK,,,,,
2026-04-27 19:50:14,-40,0,0,0,0,OK,,,,,
2026-04-27 19:50:30,15.3,50,0,392,0,OK,,,,,
2026-04-27 19:50:46,15.3,50,0,392,0,OK,,,,,
2026-04-27 19:51:02,-40,0,0,0,0,OK,,,,,
2026-04-27 19:51:18,15.4,50,0,392,0,OK,,,,,
2026-04-27 19:51:34,15.3,50,0,392,0,OK,,,,,
2026-04-27 19:51:50,15.3,50,0,392,0,OK,,,,,
2026-04-27 19:52:06,15.3,50,0,904,0,OK,,,,,
2026-04-27 19:52:22,15.3,50,0,392,0,OK,,,,,
2026-04-27 19:52:38,15.3,50,0,392,0,OK,,,,,
2026-04-27 19:52:54,15.3,50,0,392,0,OK,,,,,
2026-04-27 19:53:58,-40,0,0,0,0,OK,,,,,
2026-04-27 19:54:14,15.3,48,0,392,0,OK,,,,,
2026-04-27 19:54:30,15.4,48,0,482,0,OK,,,,,
2026-04-27 19:54:46,15.4,47,0,952,0,OK,,,,,
2026-04-27 19:55:02,15.4,47,0,392,0,OK,,,,,
2026-04-27 19:55:34,15.3,47,0,482,0,OK,,,,,
2026-04-27 19:55:50,-40,0,0,0,0,OK,,,,,
2026-04-27 19:56:06,15.3,46,0.3,392,0,OK,,,,,
2026-04-27 19:56:22,-40,0,0,0,0,OK,,,,,
2026-04-27 19:56:38,-40,0,0,0,0,OK,,,,,
2026-04-27 19:56:54,15.3,46,0,392,0,OK,,,,,
2026-04-27 19:57:10,15.3,46,0,392,0,OK,,,,,
2026-04-27 19:57:26,15.3,46,0,392,0,OK,,,,,
2026-04-27 19:57:42,15.3,46,0,392,0,OK,,,,,
2026-04-27 19:57:58,15.3,46,0,504,0,OK,,,,,
2026-04-27 19:58:14,15.3,46,0.1,392,0,OK,,,,,
2026-04-27 19:58:30,15.3,45,0.1,392,0,OK,,,,,
2026-04-27 19:58:46,15.3,45,0,392,0,OK,,,,,
2026-04-27 19:59:02,15.3,45,0.1,392,0,OK,,,,,
2026-04-27 19:59:18,15.3,45,0.1,392,4915.2,OK,,,,,
2026-04-27 19:59:34,15.3,45,0.8,392,0,OK,,,,,
2026-04-27 19:59:50,15.3,45,0.6,392,0,OK,,,,,
2026-04-27 20:00:06,-40,0,0,0,0,OK,,,,,
2026-04-27 20:00:22,15.3,45,0.3,392,0,OK,,,,,
2026-04-27 20:00:38,15.8,45,0.3,452,3276.8,OK,,,,,
2026-04-27 20:00:54,15.3,45,0,392,0,OK,,,,,
2026-04-27 20:01:10,-40,0,0,0,0,OK,,,,,
2026-04-27 20:01:26,-40,0,0,0,0,OK,,,,,
2026-04-27 20:01:42,-40,0,0,0,0,OK,,,,,
2026-04-27 20:01:58,-40,0,0,0,0,OK,,,,,
2026-04-27 20:02:14,-40,0,0,0,0,OK,,,,,
2026-04-27 20:02:30,15.4,45,0,392,9.6,OK,,,,,
2026-04-27 20:02:46,15.4,45,0.3,392,0,OK,,,,,
2026-04-27 20:03:02,-40,0,0,0,0,OK,,,,,
2026-04-27 20:03:18,15.4,45,0,392,0,OK,,,,,
2026-04-27 20:03:34,15.4,45,0,392,0,OK,,,,,
2026-04-27 20:03:50,-40,0,0,0,0,OK,,,,,
2026-04-27 20:04:06,15.4,45,0.1,392,0,OK,,,,,
2026-04-27 20:04:22,-40,0,0,0,0,OK,,,,,
2026-04-27 20:04:38,-40,0,0,0,0,OK,,,,,
2026-04-27 20:04:54,15.4,45,0.3,392,0,OK,,,,,
2026-04-27 20:05:10,15.4,45,0.3,392,3276.8,OK,,,,,
2026-04-27 20:05:26,-40,0,0,0,0,OK,,,,,
2026-04-27 20:05:42,-40,0,0,0,0,OK,,,,,
2026-04-27 20:05:58,-40,0,0,0,0,OK,,,,,
2026-04-27 20:06:14,-40,0,0,0,0,OK,,,,,
2026-04-27 20:06:30,-40,0,0,0,0,OK,,,,,
2026-04-27 20:06:46,-40,0,0,0,0,OK,,,,,
2026-04-27 20:07:02,-40,0,0,0,0,OK,,,,,
2026-04-27 20:07:18,15.4,45,0,392,0,OK,,,,,
2026-04-27 20:07:34,-40,0,0,0,0,OK,,,,,
2026-04-27 20:07:50,-40,0,0,0,0,OK,,,,,
2026-04-27 20:08:06,-40,0,0,0,0,OK,,,,,
2026-04-27 20:08:22,-40,0,0,0,0,OK,,,,,
2026-04-27 20:08:38,15.4,45,0.4,408,0,OK,,,,,
2026-04-27 20:08:54,-40,0,0,0,0,OK,,,,,
2026-04-27 20:09:10,-40,0,0,0,0,OK,,,,,
2026-04-27 20:09:26,-40,0,0,0,0,OK,,,,,
2026-04-27 20:09:42,-40,0,0,0,0,OK,,,,,
2026-04-27 20:09:58,-40,0,0,0,0,OK,,,,,
2026-04-27 20:10:14,-40,0,0,0,0,OK,,,,,
2026-04-27 20:10:30,-40,0,0,0,0,OK,,,,,
2026-04-27 20:10:46,-40,0,0,0,0,OK,,,,,
2026-04-27 20:11:02,-40,0,0,0,0,OK,,,,,
2026-04-27 20:11:18,-40,0,0,0,0,OK,,,,,
2026-04-27 20:11:34,-40,0,0,0,0,OK,,,,,
2026-04-27 20:11:50,-40,0,0,0,0,OK,,,,,
2026-04-27 20:12:06,-40,0,0,0,0,OK,,,,,
2026-04-27 20:12:22,-40,0,0,0,0,OK,,,,,
2026-04-27 20:12:38,-40,0,0,0,0,OK,,,,,
2026-04-27 20:12:54,-40,0,0,0,0,OK,,,,,
2026-04-27 20:13:10,-40,0,0,0,0,OK,,,,,
2026-04-27 20:13:26,-40,0,0,0,0,OK,,,,,
2026-04-27 20:13:42,-40,0,0,0,0,OK,,,,,
2026-04-27 20:13:58,15.3,45,0,392,0,OK,,,,,
2026-04-27 20:14:14,-40,0,0,0,0,OK,,,,,
2026-04-27 20:14:30,-40,0,0,0,0,OK,,,,,
2026-04-27 20:14:46,15.4,45,0.1,392,3276.8,OK,,,,,
2026-04-27 20:15:02,-40,0,0,0,0,OK,,,,,
2026-04-27 20:15:18,-40,0,0,0,0,OK,,,,,
2026-04-27 20:15:34,-40,0,0,0,0,OK,,,,,
2026-04-27 20:15:50,-40,0,0,0,0,OK,,,,,
2026-04-27 20:16:06,-40,0,0,0,0,OK,,,,,
2026-04-27 20:16:22,-40,0,0,0,0,OK,,,,,
2026-04-27 20:16:38,15.4,45,33.6,392,838860.8,OK,,,,,
2026-04-27 20:16:54,-40,0,0,0,0,OK,,,,,
2026-04-27 20:17:10,-40,0,0,0,0,OK,,,,,
2026-04-27 20:17:26,-40,0,0,0,0,OK,,,,,
2026-04-27 20:17:42,15.4,45,0,392,0,OK,,,,,
2026-04-27 20:17:58,-40,0,0,0,0,OK,,,,,
2026-04-27 20:18:30,15.3,238,18.2,482,4915.2,OK,,,,,
2026-04-27 20:18:46,-40,0,0,0,0,OK,,,,,
2026-04-27 20:19:02,-40,0,0,0,0,OK,,,,,
2026-04-27 20:19:18,-40,0,0,0,0,OK,,,,,
2026-04-27 20:19:34,-40,0,0,0,0,OK,,,,,
2026-04-27 20:19:50,-40,0,0,0,0,OK,,,,,
2026-04-27 20:20:06,-40,0,0,0,0,OK,,,,,
2026-04-27 20:20:22,-40,0,0,0,0,OK,,,,,
2026-04-27 20:20:38,-40,0,0,0,0,OK,,,,,
2026-04-27 20:20:54,16.9,47,0,408,25.5,OK,,,,,
2026-04-27 20:21:10,-40,0,0,0,0,OK,,,,,
2026-04-27 20:21:26,-40,0,0,0,0,OK,,,,,
2026-04-27 20:21:42,-40,0,0,0,0,OK,,,,,
2026-04-27 20:21:58,-40,0,0,0,0,OK,,,,,
2026-04-27 20:22:14,-40,0,0,0,0,OK,,,,,
2026-04-27 20:22:30,-40,0,0,0,0,OK,,,,,
2026-04-27 20:22:46,-40,0,0,0,0,OK,,,,,
2026-04-27 20:23:02,-40,0,0,0,0,OK,,,,,
2026-04-27 20:23:18,-40,0,0,0,0,OK,,,,,
2026-04-27 20:23:34,-40,0,0,0,0,OK,,,,,
2026-04-27 20:23:50,15.3,48,0,392,0,OK,,,,,
2026-04-27 20:24:06,117.7,152,0,408,3276.8,OK,,,,,
2026-04-27 20:24:22,-40,0,0,0,0,OK,,,,,
2026-04-27 20:24:38,-40,0,0,0,0,OK,,,,,
2026-04-27 20:24:54,-40,0,0,0,0,OK,,,,,
2026-04-27 20:25:10,-40,0,0,0,0,OK,,,,,
2026-04-27 20:25:26,-40,0,0,0,0,OK,,,,,
2026-04-27 20:25:42,-40,0,0,0,0,OK,,,,,
2026-04-27 20:25:58,-40,0,0,0,0,OK,,,,,
2026-04-27 20:26:14,-40,0,0,0,0,OK,,,,,
2026-04-27 20:26:30,-40,0,0,0,0,OK,,,,,
2026-04-27 20:26:46,-40,0,0,0,0,OK,,,,,
2026-04-27 20:27:02,-40,0,0,0,0,OK,,,,,
2026-04-27 20:27:18,-40,0,0,0,0,OK,,,,,
2026-04-27 20:27:34,-40,0,0,0,0,OK,,,,,
2026-04-27 20:27:50,-40,0,0,0,0,OK,,,,,
2026-04-27 20:28:06,-40,0,0,0,0,OK,,,,,
2026-04-27 20:28:22,-40,0,0,0,0,OK,,,,,
2026-04-27 20:28:38,-40,0,0,0,0,OK,,,,,
2026-04-27 20:28:54,-40,0,0,0,0,OK,,,,,
2026-04-27 20:29:10,-40,0,0,0,0,OK,,,,,
2026-04-27 20:29:26,-40,0,0,0,0,OK,,,,,
2026-04-27 20:29:42,15.3,114,0.4,392,3276.8,OK,,,,,
2026-04-27 20:29:58,-40,0,0,0,0,OK,,,,,
2026-04-27 20:30:14,-40,0,0,0,0,OK,,,,,
2026-04-27 20:30:30,-40,0,0,0,0,OK,,,,,
2026-04-27 20:30:46,-40,0,0,0,0,OK,,,,,
2026-04-27 20:31:02,-40,0,0,0,0,OK,,,,,
2026-04-27 20:31:18,-40,0,0,0,0,OK,,,,,
2026-04-27 20:31:34,-40,0,0,0,0,OK,,,,,
2026-04-27 20:31:50,-40,0,0,0,0,OK,,,,,
2026-04-27 20:32:06,-40,0,0,0,0,OK,,,,,
2026-04-27 20:32:22,-40,0,0,0,0,OK,,,,,
2026-04-27 20:32:38,-40,0,0,0,0,OK,,,,,
2026-04-27 20:32:54,-40,0,0,0,0,OK,,,,,
2026-04-27 20:33:10,155.1,50,35.8,392,0,OK,,,,,
2026-04-27 20:33:26,-40,0,0,0,0,OK,,,,,
2026-04-27 20:33:42,15.4,50,0,3976,0,OK,,,,,
2026-04-27 20:33:58,-40,0,0,0,0,OK,,,,,
2026-04-27 20:34:14,-40,0,0,0,0,OK,,,,,
2026-04-27 20:34:30,-40,0,0,0,0,OK,,,,,
2026-04-27 20:34:46,-40,0,0,0,0,OK,,,,,
2026-04-27 20:35:02,-40,0,0,0,0,OK,,,,,
2026-04-27 20:35:18,-40,0,0,0,0,OK,,,,,
2026-04-27 20:35:34,-40,0,0,0,0,OK,,,,,
2026-04-27 20:35:50,-40,0,0,0,0,OK,,,,,
2026-04-27 20:36:06,-40,0,0,0,0,OK,,,,,
2026-04-27 20:36:22,-40,0,0,0,0,OK,,,,,
2026-04-27 20:36:38,-40,0,0,0,0,OK,,,,,
2026-04-27 20:36:54,-40,0,0,0,0,OK,,,,,
2026-04-27 20:37:10,-40,0,0,0,0,OK,,,,,
2026-04-27 20:37:26,-40,0,0,0,0,OK,,,,,
2026-04-27 20:37:42,-40,0,0,0,0,OK,,,,,
2026-04-27 20:37:58,-40,0,0,0,0,OK,,,,,
2026-04-27 20:38:14,15.4,47,0,392,0,OK,,,,,
2026-04-27 20:38:30,-40,0,0,0,0,OK,,,,,
2026-04-27 20:38:46,-40,0,0,0,0,OK,,,,,
2026-04-27 20:39:02,-40,0,0,0,0,OK,,,,,
2026-04-27 20:39:18,-40,0,0,0,0,OK,,,,,
2026-04-27 20:39:34,-40,0,0,0,0,OK,,,,,
2026-04-27 20:39:50,-40,0,0,0,0,OK,,,,,
2026-04-27 20:40:06,-40,0,0,0,0,OK,,,,,
2026-04-27 20:40:22,15.5,46,0,392,0,OK,,,,,
2026-04-27 20:40:38,-40,0,0,0,0,OK,,,,,
2026-04-27 20:40:54,-40,0,0,0,0,OK,,,,,
2026-04-27 20:41:10,-40,0,0,0,0,OK,,,,,
2026-04-27 20:41:26,-40,0,0,0,0,OK,,,,,
2026-04-27 20:41:42,-40,0,0,0,0,OK,,,,,
2026-04-27 20:41:58,-40,0,0,0,0,OK,,,,,
2026-04-27 20:42:14,-40,0,0,0,0,OK,,,,,
2026-04-27 20:42:30,-40,0,0,0,0,OK,,,,,
2026-04-27 20:42:46,-40,0,0,0,0,OK,,,,,
2026-04-27 20:43:02,-40,0,0,0,0,OK,,,,,
2026-04-27 20:43:18,-40,0,0,0,0,OK,,,,,
2026-04-27 20:43:50,-40,0,0,0,0,OK,,,,,
2026-04-27 20:44:06,-40,0,0,0,0,OK,,,,,
2026-04-27 20:44:38,-40,0,0,0,0,OK,,,,,
2026-04-27 20:44:54,15.6,43,1,392,4915.2,OK,,,,,
2026-04-27 20:45:10,-40,0,0,0,0,OK,,,,,
2026-04-27 20:45:26,92.3,43,0,392,0,OK,,,,,
2026-04-27 20:45:42,-40,0,0,0,0,OK,,,,,
2026-04-27 20:45:58,-40,0,0,0,0,OK,,,,,
2026-04-27 20:46:14,15.5,59,13.4,511,3276.8,OK,,,,,
2026-04-27 20:46:30,-40,0,0,0,0,OK,,,,,
2026-04-27 20:46:46,15.5,43,0.8,392,0,OK,,,,,
2026-04-27 20:47:02,-40,0,0,0,0,OK,,,,,
2026-04-27 20:47:18,-40,0,0,0,0,OK,,,,,
2026-04-27 20:48:22,-40,0,0,0,0,OK,,,,,
2026-04-27 20:48:38,-40,0,0,0,0,OK,,,,,
2026-04-27 20:48:54,15.6,127,0.3,392,2483.1,OK,,,,,
2026-04-27 20:49:10,-40,0,0,0,0,OK,,,,,
2026-04-27 20:49:58,-40,0,0,0,0,OK,,,,,
2026-04-27 20:50:14,-40,0,0,0,0,OK,,,,,
2026-04-27 20:50:30,-40,0,0,0,0,OK,,,,,
2026-04-27 20:51:02,-40,0,0,0,0,OK,,,,,
2026-04-27 20:51:18,-40,0,0,0,0,OK,,,,,
2026-04-27 20:51:34,-40,0,0,0,0,OK,,,,,
2026-04-27 20:51:50,-40,0,0,0,0,OK,,,,,
2026-04-27 20:52:06,-40,0,0,0,0,OK,,,,,
2026-04-27 20:52:22,15.6,63,0,408,0,OK,,,,,
2026-04-27 20:52:38,-40,0,0,0,0,OK,,,,,
2026-04-27 20:53:10,-40,0,0,0,0,OK,,,,,
2026-04-27 20:53:26,15.6,44,0,392,0,OK,,,,,
2026-04-27 20:53:42,15.6,44,0,1016,838860.8,OK,,,,,
2026-04-27 20:53:58,-40,0,0,0,0,OK,,,,,
2026-04-27 20:54:14,15.6,252,0,408,0,OK,,,,,
2026-04-27 20:54:30,-40,0,0,0,0,OK,,,,,
2026-04-27 20:54:46,-40,0,0,0,0,OK,,,,,
2026-04-27 20:55:18,-40,0,0,0,0,OK,,,,,
2026-04-27 20:55:50,15.6,236,17.9,392,0,OK,,,,,
2026-04-27 20:56:06,-40,0,0,0,0,OK,,,,,
2026-04-27 20:56:22,15.6,43,0.1,392,0,OK,,,,,
2026-04-27 20:56:38,143.7,43,36.1,392,14,OK,,,,,
2026-04-27 20:56:54,-40,0,0,0,0,OK,,,,,
2026-04-27 20:57:26,-40,0,0,0,0,OK,,,,,
2026-04-27 20:57:42,-40,0,0,0,0,OK,,,,,
2026-04-27 20:58:30,-40,0,0,0,0,OK,,,,,
2026-04-27 20:58:46,-40,0,0,0,0,OK,,,,,
2026-04-27 20:59:02,-40,0,0,0,0,OK,,,,,
2026-04-27 20:59:34,-40,0,0,0,0,OK,,,,,
2026-04-27 20:59:50,-40,0,0,0,0,OK,,,,,
2026-04-27 21:00:22,-40,0,0,0,0,OK,,,,,
2026-04-27 21:00:38,-40,0,0,0,0,OK,,,,,
2026-04-27 21:00:54,-40,0,0,0,0,OK,,,,,
2026-04-27 21:01:10,-40,0,0,0,0,OK,,,,,
2026-04-27 21:01:26,-40,0,0,0,0,OK,,,,,
2026-04-27 21:01:58,-40,0,0,0,0,OK,,,,,
2026-04-27 21:02:30,15.8,44,0,392,0,OK,,,,,
2026-04-27 21:02:46,-40,0,0,0,0,OK,,,,,
2026-04-27 21:03:02,-40,0,0,0,0,OK,,,,,
2026-04-27 21:03:18,-40,0,0,0,0,OK,,,,,
2026-04-27 21:03:34,15.8,44,0,392,0,OK,,,,,
2026-04-27 21:03:50,-40,0,0,0,0,OK,,,,,
2026-04-27 21:04:06,-40,0,0,0,0,OK,,,,,
2026-04-27 21:07:34,-40,0,0,0,0,OK,,,,,
2026-04-27 21:07:50,-40,0,0,0,0,OK,,,,,
2026-04-27 21:08:06,-40,0,0,0,0,OK,,,,,
2026-04-27 21:09:10,15.7,46,0.1,392,0,OK,,,,,
2026-04-27 21:09:26,-40,0,0,0,0,OK,,,,,
2026-04-27 21:09:42,-40,0,0,0,0,OK,,,,,
2026-04-27 21:09:58,-40,0,0,0,0,OK,,,,,
2026-04-27 21:10:14,-40,0,0,0,0,OK,,,,,
2026-04-27 21:10:30,-40,0,0,0,0,OK,,,,,
2026-04-27 21:11:02,-40,0,0,0,0,OK,,,,,
2026-04-27 21:11:18,-40,0,0,0,0,OK,,,,,
2026-04-27 21:11:34,-40,0,0,0,0,OK,,,,,
2026-04-27 21:11:50,-40,0,0,0,0,OK,,,,,
2026-04-27 21:12:06,-40,0,0,0,0,OK,,,,,
2026-04-27 21:12:22,-40,0,0,0,0,OK,,,,,
2026-04-27 21:12:38,-40,0,0,0,0,OK,,,,,
2026-04-27 21:12:54,-40,0,0,0,0,OK,,,,,
2026-04-27 21:13:10,-40,0,0,0,0,OK,,,,,
2026-04-27 21:13:26,-40,0,0,0,0,OK,,,,,
2026-04-27 21:13:58,-40,0,0,0,0,OK,,,,,
2026-04-27 21:14:14,-40,0,0,0,0,OK,,,,,
2026-04-27 21:14:30,15.7,48,0.1,392,0,OK,,,,,
2026-04-27 21:14:46,-40,0,0,0,0,OK,,,,,
2026-04-27 21:15:18,-40,0,0,0,0,OK,,,,,
2026-04-27 21:15:50,-40,0,0,0,0,OK,,,,,
2026-04-27 21:16:06,-40,0,0,0,0,OK,,,,,
2026-04-27 21:17:10,-40,0,0,0,0,OK,,,,,
2026-04-27 21:17:42,-40,0,0,0,0,OK,,,,,
2026-04-27 21:18:14,-40,0,0,0,0,OK,,,,,
2026-04-27 21:18:46,-40,0,0,0,0,OK,,,,,
2026-04-27 21:19:02,-40,0,0,0,0,OK,,,,,
2026-04-27 21:19:34,-40,0,0,0,0,OK,,,,,
2026-04-27 21:19:50,-40,0,0,0,0,OK,,,,,
2026-04-27 21:20:06,-40,0,0,0,0,OK,,,,,
2026-04-27 21:20:38,-40,0,0,0,0,OK,,,,,
2026-04-27 21:20:54,119.7,49,0,392,0,OK,,,,,
2026-04-27 21:21:42,-40,0,0,0,0,OK,,,,,
2026-04-27 21:22:14,-40,0,0,0,0,OK,,,,,
2026-04-27 21:22:30,-40,0,0,0,0,OK,,,,,
2026-04-27 21:22:46,-40,0,0,0,0,OK,,,,,
2026-04-27 21:23:02,-40,0,0,0,0,OK,,,,,
2026-04-27 21:23:18,-40,0,0,0,0,OK,,,,,
2026-04-27 21:23:34,-40,0,0,0,0,OK,,,,,
2026-04-27 21:24:22,-40,0,0,0,0,OK,,,,,
2026-04-27 21:24:38,-40,0,0,0,0,OK,,,,,
2026-04-27 21:24:54,-40,0,0,0,0,OK,,,,,
2026-04-27 21:25:26,-40,0,0,0,0,OK,,,,,
2026-04-27 21:25:42,-40,0,0,0,0,OK,,,,,
2026-04-27 21:25:58,-40,0,0,0,0,OK,,,,,
2026-04-27 21:26:14,-40,0,0,0,0,OK,,,,,
2026-04-27 21:26:30,-40,0,0,0,0,OK,,,,,
2026-04-27 21:26:46,-40,0,0,0,0,OK,,,,,
2026-04-27 21:27:34,-40,0,0,0,0,OK,,,,,
2026-04-27 21:27:50,-40,0,0,0,0,OK,,,,,
2026-04-27 21:28:06,15.7,50,0.4,392,0,OK,,,,,
2026-04-27 21:28:22,-40,0,0,0,0,OK,,,,,
2026-04-27 21:28:38,-40,0,0,0,0,OK,,,,,
2026-04-27 21:28:54,15.7,50,0.3,392,0,OK,,,,,
2026-04-27 21:29:10,-40,0,0,0,0,OK,,,,,
2026-04-27 21:29:26,15.7,50,0.3,392,0,OK,,,,,
2026-04-27 21:30:30,-40,0,0,0,0,OK,,,,,
2026-04-27 21:30:46,-40,0,0,0,0,OK,,,,,
2026-04-27 21:31:02,-40,0,0,0,0,OK,,,,,
2026-04-27 21:31:18,-40,0,0,0,0,OK,,,,,
2026-04-27 21:31:34,15.7,50,0,392,0,OK,,,,,
2026-04-27 21:32:38,-40,0,0,0,0,OK,,,,,
2026-04-27 21:32:54,-40,0,0,0,0,OK,,,,,
2026-04-27 21:33:26,-9.9,51,107.5,392,12.8,OK,,,,,
2026-04-27 21:33:58,-40,0,0,0,0,OK,,,,,
2026-04-27 21:34:14,-40,0,0,0,0,OK,,,,,
2026-04-27 21:34:46,-40,0,0,0,0,OK,,,,,
2026-04-27 21:35:18,-40,0,0,0,0,OK,,,,,
2026-04-27 21:35:34,15.6,51,0.3,392,12.8,OK,,,,,
2026-04-27 21:35:50,-40,0,0,0,0,OK,,,,,
2026-04-27 21:36:06,9.2,254,125.4,392,0,OK,,,,,
2026-04-27 21:36:22,-40,0,0,0,0,OK,,,,,
2026-04-27 21:36:54,-40,0,0,0,0,OK,,,,,
2026-04-27 21:37:26,-40,0,0,0,0,OK,,,,,
2026-04-27 21:37:42,-40,0,0,0,0,OK,,,,,
2026-04-27 21:38:30,-40,0,0,0,0,OK,,,,,
2026-04-27 21:38:46,-40,0,0,0,0,OK,,,,,
2026-04-27 21:39:02,-40,0,0,0,0,OK,,,,,
2026-04-27 21:39:34,-40,0,0,0,0,OK,,,,,
2026-04-27 21:39:50,-40,0,0,0,0,OK,,,,,
2026-04-27 21:40:06,-40,0,0,0,0,OK,,,,,
2026-04-27 21:40:22,15.6,51,0,392,4915.2,OK,,,,,
2026-04-27 21:40:38,-40,0,0,0,0,OK,,,,,
2026-04-27 21:40:54,-40,0,0,0,0,OK,,,,,
2026-04-27 21:41:10,-40,0,0,0,0,OK,,,,,
2026-04-27 21:41:42,-40,0,0,0,0,OK,,,,,
2026-04-27 21:41:58,-40,0,0,0,0,OK,,,,,
2026-04-27 21:42:30,-40,0,0,0,0,OK,,,,,
2026-04-27 21:42:46,15.7,52,0,392,0,OK,,,,,
2026-04-27 21:43:18,-40,0,0,0,0,OK,,,,,
2026-04-27 21:43:34,15.7,51,0,392,0,OK,,,,,
2026-04-27 21:43:50,-40,0,0,0,0,OK,,,,,
2026-04-27 21:44:22,-40,0,0,0,0,OK,,,,,
2026-04-27 21:44:38,-40,0,0,0,0,OK,,,,,
2026-04-27 21:44:54,-40,0,0,0,0,OK,,,,,
2026-04-27 21:45:26,-40,0,0,0,0,OK,,,,,
2026-04-27 21:45:42,-40,0,0,0,0,OK,,,,,
2026-04-27 21:45:58,-40,0,0,0,0,OK,,,,,
2026-04-27 21:46:14,-40,0,0,0,0,OK,,,,,
2026-04-27 21:47:18,-40,0,0,0,0,OK,,,,,
2026-04-27 21:47:34,-40,0,0,0,0,OK,,,,,
2026-04-27 21:47:50,-40,0,0,0,0,OK,,,,,
2026-04-27 21:48:06,-40,0,0,0,0,OK,,,,,
2026-04-27 21:48:22,15.6,50,0,392,12.8,OK,,,,,
2026-04-27 21:48:38,-40,0,0,0,0,OK,,,,,
2026-04-27 21:49:42,-40,0,0,0,0,OK,,,,,
2026-04-27 21:49:58,-40,0,0,0,0,OK,,,,,
2026-04-27 21:51:18,15.6,51,0,392,0,OK,,,,,
2026-04-27 21:51:34,-40,0,0,0,0,OK,,,,,
2026-04-27 21:52:06,15.6,50,0,392,0,OK,,,,,
2026-04-27 21:52:22,-40,0,0,0,0,OK,,,,,
2026-04-27 21:53:10,-40,0,0,0,0,OK,,,,,
2026-04-27 21:53:26,-40,0,0,0,0,OK,,,,,
2026-04-27 21:53:42,15.6,50,0,392,0,OK,,,,,
2026-04-27 21:53:58,-40,0,0,0,0,OK,,,,,
2026-04-27 21:55:18,15.5,50,0,392,0,OK,,,,,
2026-04-27 21:55:34,-40,0,0,0,0,OK,,,,,
2026-04-27 21:56:54,-40,0,0,0,0,OK,,,,,
2026-04-27 21:57:26,-40,0,0,0,0,OK,,,,,
2026-04-27 21:58:46,26.2,47,17.9,392,0,OK,,,,,
2026-04-27 21:59:02,-40,0,0,0,0,OK,,,,,
2026-04-27 21:59:18,-40,0,0,0,0,OK,,,,,
2026-04-27 21:59:34,-40,0,0,0,0,OK,,,,,
2026-04-27 22:00:06,26.2,46,0,510,0,OK,,,,,
2026-04-27 22:00:22,-40,0,0,0,0,OK,,,,,
2026-04-27 22:00:38,-40,0,0,0,0,OK,,,,,
2026-04-27 22:00:54,-40,0,0,0,0,OK,,,,,
2026-04-27 22:01:26,-40,0,0,0,0,OK,,,,,
2026-04-27 22:01:42,-40,0,0,0,0,OK,,,,,
2026-04-27 22:01:58,-40,0,0,0,0,OK,,,,,
2026-04-27 22:03:02,-40,0,0,0,0,OK,,,,,
2026-04-27 22:03:34,-40,0,0,0,0,OK,,,,,
2026-04-27 22:03:50,15.7,44,0,392,0,OK,,,,,
2026-04-27 22:04:22,-40,0,0,0,0,OK,,,,,
2026-04-27 22:04:38,15.7,44,0,392,0,OK,,,,,
2026-04-27 22:04:54,-40,0,0,0,0,OK,,,,,
2026-04-27 22:05:10,-40,0,0,0,0,OK,,,,,
2026-04-27 22:05:26,-40,0,0,0,0,OK,,,,,
2026-04-27 22:05:42,-40,0,0,0,0,OK,,,,,
2026-04-27 22:05:58,-40,0,0,0,0,OK,,,,,
2026-04-27 22:06:30,-40,0,0,0,0,OK,,,,,
2026-04-27 22:06:46,-40,0,0,0,0,OK,,,,,
2026-04-27 22:07:02,-40,0,0,0,0,OK,,,,,
2026-04-27 22:07:18,-40,0,0,0,0,OK,,,,,
2026-04-27 22:07:34,15.8,61,17.9,392,0,OK,,,,,
2026-04-27 22:07:50,-40,0,0,0,0,OK,,,,,
2026-04-27 22:08:06,-40,0,0,0,0,OK,,,,,
2026-04-27 22:08:38,-40,0,0,0,0,OK,,,,,
2026-04-27 22:08:54,-40,0,0,0,0,OK,,,,,
2026-04-27 22:10:14,-40,0,0,0,0,OK,,,,,
2026-04-27 22:10:46,15.8,46,0,392,0,OK,,,,,
2026-04-27 22:11:02,-40,0,0,0,0,OK,,,,,
2026-04-27 22:11:18,15.8,46,0,392,0,OK,,,,,
2026-04-27 22:12:38,-40,0,0,0,0,OK,,,,,
2026-04-27 22:12:54,-40,0,0,0,0,OK,,,,,
2026-04-27 22:13:10,-40,0,0,0,0,OK,,,,,
2026-04-27 22:13:26,-40,0,0,0,0,OK,,,,,
2026-04-27 22:13:58,-40,0,0,0,0,OK,,,,,
2026-04-27 22:14:14,-40,0,0,0,0,OK,,,,,
2026-04-27 22:14:46,15.7,47,0,392,0,OK,,,,,
2026-04-27 22:15:02,-40,0,0,0,0,OK,,,,,
2026-04-27 22:15:18,15.7,239,17.9,49348,4915.2,OK,,,,,
2026-04-27 22:15:34,15.7,47,0,392,0,OK,,,,,
2026-04-27 22:15:50,-40,0,0,0,0,OK,,,,,
2026-04-27 22:16:06,-40,0,0,0,0,OK,,,,,
2026-04-27 22:16:38,-40,0,0,0,0,OK,,,,,
2026-04-27 22:16:54,-40,0,0,0,0,OK,,,,,
2026-04-27 22:17:10,-40,0,0,0,0,OK,,,,,
2026-04-27 22:17:26,15.7,47,0,392,0,OK,,,,,
2026-04-27 22:17:42,-40,0,0,0,0,OK,,,,,
2026-04-27 22:17:58,-40,0,0,0,0,OK,,,,,
2026-04-27 22:18:14,-40,0,0,0,0,OK,,,,,
2026-04-27 22:18:30,-40,0,0,0,0,OK,,,,,
2026-04-27 22:19:02,-40,0,0,0,0,OK,,,,,
2026-04-27 22:19:18,-40,0,0,0,0,OK,,,,,
2026-04-27 22:19:34,-40,0,0,0,0,OK,,,,,
2026-04-27 22:19:50,15.6,48,0,392,0,OK,,,,,
2026-04-27 22:20:06,-40,0,0,0,0,OK,,,,,
2026-04-27 22:20:54,15.6,49,0,392,0,OK,,,,,
2026-04-27 22:21:10,-40,0,0,0,0,OK,,,,,
2026-04-27 22:22:30,-40,0,0,0,0,OK,,,,,
2026-04-27 22:22:46,-40,0,0,0,0,OK,,,,,
2026-04-27 22:23:02,-40,0,0,0,0,OK,,,,,
2026-04-27 22:23:18,15.6,50,0,392,0,OK,,,,,
2026-04-27 22:23:34,15.6,50,0,392,0,OK,,,,,
2026-04-27 22:23:50,-40,0,0,0,0,OK,,,,,
2026-04-27 22:24:06,-40,0,0,0,0,OK,,,,,
2026-04-27 22:24:38,-40,0,0,0,0,OK,,,,,
2026-04-27 22:25:58,-40,0,0,0,0,OK,,,,,
2026-04-27 22:26:14,-40,0,0,0,0,OK,,,,,
2026-04-27 22:26:30,-40,0,0,0,0,OK,,,,,
2026-04-27 22:26:46,-40,0,0,0,0,OK,,,,,
2026-04-27 22:27:02,-40,0,0,0,0,OK,,,,,
2026-04-27 22:27:34,-40,0,0,0,0,OK,,,,,
2026-04-27 22:29:26,15.5,51,0,392,0,OK,,,,,
2026-04-27 22:29:42,-40,0,0,0,0,OK,,,,,
2026-04-27 22:30:14,-40,0,0,0,0,OK,,,,,
2026-04-27 22:30:30,-40,0,0,0,0,OK,,,,,
2026-04-27 22:31:18,-40,0,0,0,0,OK,,,,,
2026-04-27 22:31:34,15.5,51,0,408,0,OK,,,,,
2026-04-27 22:31:50,-40,0,0,0,0,OK,,,,,
2026-04-27 22:32:06,-40,0,0,0,0,OK,,,,,
2026-04-27 22:32:22,15.5,51,0,392,0,OK,,,,,
2026-04-27 22:32:38,-40,0,0,0,0,OK,,,,,
2026-04-27 22:32:54,-40,0,0,0,0,OK,,,,,
2026-04-27 22:35:02,15.6,51,0,392,0,OK,,,,,
2026-04-27 22:35:18,-40,0,0,0,0,OK,,,,,
2026-04-27 22:35:34,-40,0,0,0,0,OK,,,,,
2026-04-27 22:35:50,-40,0,0,0,0,OK,,,,,
2026-04-27 22:36:22,-40,0,0,0,0,OK,,,,,
2026-04-27 22:38:30,-40,0,0,0,0,OK,,,,,
2026-04-27 22:38:46,15.6,52,0,392,0,OK,,,,,
2026-04-27 22:39:34,-40,0,0,0,0,OK,,,,,
2026-04-27 22:39:50,-40,0,0,0,0,OK,,,,,
2026-04-27 22:40:06,-40,0,0,0,0,OK,,,,,
2026-04-27 22:40:22,-40,0,0,0,0,OK,,,,,
2026-04-27 22:40:54,-40,0,0,0,0,OK,,,,,
2026-04-27 22:41:42,-40,0,0,0,0,OK,,,,,
2026-04-27 22:42:30,15.6,54,0,392,0,OK,,,,,
2026-04-27 22:43:34,-40,0,0,0,0,OK,,,,,
2026-04-27 22:43:50,-40,0,0,0,0,OK,,,,,
2026-04-27 22:44:06,137.2,54,35.8,49348,0,OK,,,,,
2026-04-27 22:44:54,-40,0,0,0,0,OK,,,,,
2026-04-27 22:45:10,15.6,55,0.1,392,0,OK,,,,,
2026-04-27 22:45:26,-40,0,0,0,0,OK,,,,,
2026-04-27 22:45:42,-40,0,0,0,0,OK,,,,,
2026-04-27 22:45:58,-40,0,0,0,0,OK,,,,,
2026-04-27 22:47:02,-40,0,0,0,0,OK,,,,,
2026-04-27 22:47:34,15.7,54,0,392,0,OK,,,,,
2026-04-27 22:48:06,-9.9,53,107.5,904,0,OK,,,,,
2026-04-27 22:48:22,-40,0,0,0,0,OK,,,,,
2026-04-27 22:48:38,-40,0,0,0,0,OK,,,,,
2026-04-27 22:48:54,15.6,54,0,392,0,OK,,,,,
2026-04-27 22:49:10,-40,0,0,0,0,OK,,,,,
2026-04-27 22:49:42,15.6,54,0,392,0,OK,,,,,
2026-04-27 22:50:14,-40,0,0,0,0,OK,,,,,
2026-04-27 22:51:34,-40,0,0,0,0,OK,,,,,
2026-04-27 22:51:50,15.6,55,0,904,0,OK,,,,,
2026-04-27 22:52:06,-40,0,0,0,0,OK,,,,,
2026-04-27 22:52:38,-40,0,0,0,0,OK,,,,,
2026-04-27 22:52:54,-40,0,0,0,0,OK,,,,,
2026-04-27 22:53:10,-40,0,0,0,0,OK,,,,,
2026-04-27 22:53:26,-40,0,0,0,0,OK,,,,,
2026-04-27 22:54:30,-40,0,0,0,0,OK,,,,,
2026-04-27 22:55:02,-40,0,0,0,0,OK,,,,,
2026-04-27 22:55:18,15.5,57,0,392,0,OK,,,,,
2026-04-27 22:55:34,17.5,57,0,392,4915.2,OK,,,,,
2026-04-27 22:55:50,-40,0,0,0,0,OK,,,,,
2026-04-27 22:56:22,-40,0,0,0,0,OK,,,,,
2026-04-27 22:56:38,-40,0,0,0,0,OK,,,,,
2026-04-27 22:57:10,-40,0,0,0,0,OK,,,,,
2026-04-27 22:57:26,15.5,58,0,392,0,OK,,,,,
2026-04-27 22:57:42,15.5,250,17.9,392,4915.2,OK,,,,,
2026-04-27 22:57:58,-40,0,0,0,0,OK,,,,,
2026-04-27 22:58:14,-40,0,0,0,0,OK,,,,,
2026-04-27 22:58:30,-40,0,0,0,0,OK,,,,,
2026-04-27 22:58:46,-40,0,0,0,0,OK,,,,,
2026-04-27 22:59:18,15.5,58,0,392,0,OK,,,,,
2026-04-27 22:59:34,-40,0,0,0,0,OK,,,,,
2026-04-27 22:59:50,-40,0,0,0,0,OK,,,,,
2026-04-27 23:00:06,-40,0,0,0,0,OK,,,,,
2026-04-27 23:01:10,-40,0,0,0,0,OK,,,,,
2026-04-27 23:01:26,-40,0,0,0,0,OK,,,,,
2026-04-27 23:01:42,117.8,63,0.4,392,0,OK,,,,,
2026-04-27 23:02:30,117.8,57,35.8,392,0,OK,,,,,
2026-04-27 23:05:10,-40,0,0,0,0,OK,,,,,
2026-04-27 23:05:26,-40,0,0,0,0,OK,,,,,
2026-04-27 23:05:42,-40,0,0,0,0,OK,,,,,
2026-04-27 23:06:14,-40,0,0,0,0,OK,,,,,
2026-04-27 23:06:30,-40,0,0,0,0,OK,,,,,
2026-04-27 23:07:18,-40,0,0,0,0,OK,,,,,
2026-04-27 23:07:34,15.4,58,0,392,0,OK,,,,,
2026-04-27 23:08:38,-40,0,0,0,0,OK,,,,,
2026-04-27 23:09:10,15.4,58,0.1,392,0,OK,,,,,
2026-04-27 23:09:26,-40,0,0,0,0,OK,,,,,
2026-04-27 23:10:30,137,157,0,1928,0,OK,,,,,
2026-04-27 23:11:18,-40,0,0,0,0,OK,,,,,
2026-04-27 23:11:34,-40,0,0,0,0,OK,,,,,
2026-04-27 23:11:50,15.4,58,0,452,0,OK,,,,,
2026-04-27 23:12:22,15.4,58,0,392,0,OK,,,,,
2026-04-27 23:13:26,-40,0,0,0,0,OK,,,,,
2026-04-27 23:13:58,-40,0,0,0,0,OK,,,,,
2026-04-27 23:14:14,-40,0,0,0,0,OK,,,,,
2026-04-27 23:14:30,-40,0,0,0,0,OK,,,,,
2026-04-27 23:15:02,-40,0,0,0,0,OK,,,,,
2026-04-27 23:15:18,15.4,57,0,392,0,OK,,,,,
2026-04-27 23:15:34,-40,0,0,0,0,OK,,,,,
2026-04-27 23:15:50,-40,0,0,0,0,OK,,,,,
2026-04-27 23:16:06,-40,0,0,0,0,OK,,,,,
2026-04-27 23:16:38,-40,0,0,0,0,OK,,,,,
2026-04-27 23:16:54,-40,0,0,0,0,OK,,,,,
2026-04-27 23:17:10,15.4,56,0,392,0,OK,,,,,
2026-04-27 23:17:26,15.4,56,0,392,0,OK,,,,,
2026-04-27 23:17:42,15.4,56,0.1,392,0,OK,,,,,
2026-04-27 23:17:58,36.2,56,13.4,392,0,OK,,,,,
2026-04-27 23:18:14,-40,0,0,0,0,OK,,,,,
2026-04-27 23:18:30,-40,0,0,0,0,OK,,,,,
2026-04-27 23:19:02,-40,0,0,0,0,OK,,,,,
2026-04-27 23:19:34,-40,0,0,0,0,OK,,,,,
2026-04-27 23:19:50,-40,0,0,0,0,OK,,,,,
2026-04-27 23:20:06,-40,0,0,0,0,OK,,,,,
2026-04-27 23:20:22,-40,0,0,0,0,OK,,,,,
2026-04-27 23:20:54,-40,0,0,0,0,OK,,,,,
2026-04-27 23:21:10,-40,0,0,0,0,OK,,,,,
2026-04-27 23:21:26,139,155,35.8,392,0,OK,,,,,
2026-04-27 23:21:42,-40,0,0,0,0,OK,,,,,
2026-04-27 23:22:14,-40,0,0,0,0,OK,,,,,
2026-04-27 23:22:46,15.5,54,0.1,392,0,OK,,,,,
2026-04-27 23:23:02,15.5,53,0,392,0,OK,,,,,
2026-04-27 23:23:18,-40,0,0,0,0,OK,,,,,
2026-04-27 23:23:50,15.5,54,0,392,0,OK,,,,,
2026-04-27 23:24:06,-40,0,0,0,0,OK,,,,,
2026-04-27 23:24:22,-40,0,0,0,0,OK,,,,,
2026-04-27 23:24:38,15.5,55,0,392,0,OK,,,,,
2026-04-27 23:24:54,-40,0,0,0,0,OK,,,,,
2026-04-27 23:25:10,21.3,205,0.4,392,0,OK,,,,,
2026-04-27 23:25:26,-40,0,0,0,0,OK,,,,,
2026-04-27 23:25:58,-40,0,0,0,0,OK,,,,,
2026-04-27 23:26:30,-40,0,0,0,0,OK,,,,,
2026-04-27 23:26:46,-40,0,0,0,0,OK,,,,,
2026-04-27 23:27:02,17.2,52,0.1,392,0,OK,,,,,
2026-04-27 23:27:18,-40,0,0,0,0,OK,,,,,
2026-04-27 23:27:50,-40,0,0,0,0,OK,,,,,
2026-04-27 23:28:22,-40,0,0,0,0,OK,,,,,
2026-04-27 23:28:54,-40,0,0,0,0,OK,,,,,
2026-04-27 23:30:30,-40,0,0,0,0,OK,,,,,
2026-04-27 23:30:46,-40,0,0,0,0,OK,,,,,
2026-04-27 23:31:02,-40,0,0,0,0,OK,,,,,
2026-04-27 23:31:18,15.6,51,0.3,392,0,OK,,,,,
2026-04-27 23:31:50,-40,0,0,0,0,OK,,,,,
2026-04-27 23:32:06,-40,0,0,0,0,OK,,,,,
2026-04-27 23:32:22,15.6,50,0,392,0,OK,,,,,
2026-04-27 23:32:38,15.6,50,0,392,0,OK,,,,,
2026-04-27 23:33:10,-40,0,0,0,0,OK,,,,,
2026-04-27 23:33:26,-40,0,0,0,0,OK,,,,,
2026-04-27 23:33:42,-40,0,0,0,0,OK,,,,,
2026-04-27 23:33:58,-40,0,0,0,0,OK,,,,,
2026-04-27 23:34:30,-40,0,0,0,0,OK,,,,,
2026-04-27 23:34:46,-40,0,0,0,0,OK,,,,,
2026-04-27 23:35:02,15.7,50,0,392,0,OK,,,,,
2026-04-27 23:35:18,-40,0,0,0,0,OK,,,,,
2026-04-27 23:35:50,-40,0,0,0,0,OK,,,,,
2026-04-27 23:36:06,-40,0,0,0,0,OK,,,,,
2026-04-27 23:36:22,-40,0,0,0,0,OK,,,,,
2026-04-27 23:36:38,-40,0,0,0,0,OK,,,,,
2026-04-27 23:37:26,-40,0,0,0,0,OK,,,,,
2026-04-27 23:37:58,-40,0,0,0,0,OK,,,,,
2026-04-27 23:38:14,-40,0,0,0,0,OK,,,,,
2026-04-27 23:38:30,-40,0,0,0,0,OK,,,,,
2026-04-27 23:39:18,15.7,50,0.1,392,0,OK,,,,,
2026-04-27 23:39:34,-40,0,0,0,0,OK,,,,,
2026-04-27 23:39:50,15.7,50,0,392,0,OK,,,,,
2026-04-27 23:40:06,-40,0,0,0,0,OK,,,,,
2026-04-27 23:40:22,-40,0,0,0,0,OK,,,,,
2026-04-27 23:40:38,-40,0,0,0,0,OK,,,,,
2026-04-27 23:40:54,-40,0,0,0,0,OK,,,,,
2026-04-27 23:41:10,-40,0,0,0,0,OK,,,,,
2026-04-27 23:41:26,-40,0,0,0,0,OK,,,,,
2026-04-27 23:41:58,-40,0,0,0,0,OK,,,,,
2026-04-27 23:42:30,15.7,51,0.3,392,0,OK,,,,,
2026-04-27 23:43:18,-40,0,0,0,0,OK,,,,,
2026-04-27 23:43:34,-40,0,0,0,0,OK,,,,,
2026-04-27 23:43:50,-40,0,0,0,0,OK,,,,,
2026-04-27 23:44:06,-40,0,0,0,0,OK,,,,,
2026-04-27 23:44:22,-40,0,0,0,0,OK,,,,,
2026-04-27 23:45:26,15.7,51,0.6,392,0,OK,,,,,
2026-04-27 23:45:42,-40,0,0,0,0,OK,,,,,
2026-04-27 23:46:14,-40,0,0,0,0,OK,,,,,
2026-04-27 23:46:30,15.7,52,0.4,392,0,OK,,,,,
2026-04-27 23:47:02,15.7,52,0.3,392,0,OK,,,,,
2026-04-27 23:47:18,15.7,52,0.1,392,0,OK,,,,,
2026-04-27 23:47:34,15.7,52,0,392,0,OK,,,,,
2026-04-27 23:47:50,-40,0,0,0,0,OK,,,,,
2026-04-27 23:48:22,15.7,207,0,8132,0,OK,,,,,
2026-04-27 23:49:26,-40,0,0,0,0,OK,,,,,
2026-04-27 23:49:42,-40,0,0,0,0,OK,,,,,
2026-04-27 23:51:34,-40,0,0,0,0,OK,,,,,
2026-04-27 23:52:38,-40,0,0,0,0,OK,,,,,
2026-04-27 23:53:10,-40,0,0,0,0,OK,,,,,
2026-04-27 23:53:26,-40,0,0,0,0,OK,,,,,
2026-04-27 23:53:42,-40,0,0,0,0,OK,,,,,
2026-04-27 23:54:14,-40,0,0,0,0,OK,,,,,
2026-04-27 23:54:30,15.7,54,0.3,392,0,OK,,,,,
2026-04-27 23:55:02,-40,0,0,0,0,OK,,,,,
2026-04-27 23:56:06,-40,0,0,0,0,OK,,,,,
2026-04-27 23:56:38,-40,0,0,0,0,OK,,,,,
2026-04-27 23:56:54,-40,0,0,0,0,OK,,,,,
2026-04-27 23:57:10,-40,0,0,0,0,OK,,,,,
2026-04-27 23:57:26,-40,0,0,0,0,OK,,,,,
2026-04-27 23:57:42,118.1,55,37,392,0,OK,,,,,
2026-04-27 23:58:30,-40,0,0,0,0,OK,,,,,
2026-04-27 23:58:46,-40,0,0,0,0,OK,,,,,
2026-04-27 23:59:18,-40,0,0,0,0,OK,,,,,
2026-04-27 23:59:34,-40,0,0,0,0,OK,,,,,
2026-04-27 23:59:50,-40,0,0,0,0,OK,,,,,
2026-04-28 0:00:06,26.5,166,28.3,392,0,OK,,,,,
2026-04-28 0:00:54,-40,0,0,0,0,OK,,,,,
2026-04-28 0:01:10,-40,0,0,0,0,OK,,,,,
2026-04-28 0:01:42,-40,0,0,0,0,OK,,,,,
2026-04-28 0:01:58,-40,0,0,0,0,OK,,,,,
2026-04-28 0:02:14,15.6,55,0,392,0,OK,,,,,
2026-04-28 0:02:30,-40,0,0,0,0,OK,,,,,
2026-04-28 0:02:46,-40,0,0,0,0,OK,,,,,
2026-04-28 0:03:02,-40,0,0,0,0,OK,,,,,
2026-04-28 0:03:18,-40,0,0,0,0,OK,,,,,
2026-04-28 0:04:22,-40,0,0,0,0,OK,,,,,
2026-04-28 0:04:38,-40,0,0,0,0,OK,,,,,
2026-04-28 0:04:54,-40,0,0,0,0,OK,,,,,
2026-04-28 0:05:10,15.5,57,0.1,392,0,OK,,,,,
2026-04-28 0:05:26,-40,0,0,0,0,OK,,,,,
2026-04-28 0:05:42,-40,0,0,0,0,OK,,,,,
2026-04-28 0:06:14,15.5,250,0.6,392,0,OK,,,,,
2026-04-28 0:07:18,-40,0,0,0,0,OK,,,,,
2026-04-28 0:07:34,-40,0,0,0,0,OK,,,,,
2026-04-28 0:07:50,15.4,58,0.8,452,0,OK,,,,,
2026-04-28 0:08:06,15.4,58,0.7,392,0,OK,,,,,
2026-04-28 0:08:22,15.4,58,0.3,392,0,OK,,,,,
2026-04-28 0:08:38,-40,0,0,0,0,OK,,,,,
2026-04-28 0:09:10,-40,0,0,0,0,OK,,,,,
2026-04-28 0:09:26,-40,0,0,0,0,OK,,,,,
2026-04-28 0:09:42,-40,0,0,0,0,OK,,,,,
2026-04-28 0:10:30,26.1,37,2,392,0,OK,,,,,
2026-04-28 0:10:46,-40,0,0,0,0,OK,,,,,
2026-04-28 0:11:02,-40,0,0,0,0,OK,,,,,
2026-04-28 0:11:18,-40,0,0,0,0,OK,,,,,
2026-04-28 0:11:34,-40,0,0,0,0,OK,,,,,
2026-04-28 0:11:50,-40,0,0,0,0,OK,,,,,
2026-04-28 0:12:06,-40,0,0,0,0,OK,,,,,
2026-04-28 0:12:22,15.4,59,0,392,0,OK,,,,,
2026-04-28 0:12:38,34.6,59,0,392,0,OK,,,,,
2026-04-28 0:12:54,-40,0,0,0,0,OK,,,,,
2026-04-28 0:13:26,-40,0,0,0,0,OK,,,,,
2026-04-28 0:15:02,-40,0,0,0,0,OK,,,,,
2026-04-28 0:15:18,-40,0,0,0,0,OK,,,,,
2026-04-28 0:15:34,-40,0,0,0,0,OK,,,,,
2026-04-28 0:15:50,-40,0,0,0,0,OK,,,,,
2026-04-28 0:16:06,-40,0,0,0,0,OK,,,,,
2026-04-28 0:17:10,-40,0,0,0,0,OK,,,,,
2026-04-28 0:17:26,-40,0,0,0,0,OK,,,,,
2026-04-28 0:17:42,-40,0,0,0,0,OK,,,,,
2026-04-28 0:18:30,-40,0,0,0,0,OK,,,,,
2026-04-28 0:18:46,-40,0,0,0,0,OK,,,,,
2026-04-28 0:19:34,36.2,59,0.3,392,0,OK,,,,,
2026-04-28 0:19:50,17,63,0.6,392,0,OK,,,,,
2026-04-28 0:20:06,-40,0,0,0,0,OK,,,,,
2026-04-28 0:20:38,15.4,58,0.6,392,0,OK,,,,,
2026-04-28 0:20:54,-40,0,0,0,0,OK,,,,,
2026-04-28 0:21:10,-40,0,0,0,0,OK,,,,,
2026-04-28 0:21:26,15.4,58,0.1,392,0,OK,,,,,
2026-04-28 0:21:42,-40,0,0,0,0,OK,,,,,
2026-04-28 0:21:58,-40,0,0,0,0,OK,,,,,
2026-04-28 0:22:30,15.4,58,0,392,0,OK,,,,,
2026-04-28 0:22:46,15.4,58,0,392,0,OK,,,,,
2026-04-28 0:23:34,-40,0,0,0,0,OK,,,,,
2026-04-28 0:23:50,-40,0,0,0,0,OK,,,,,
2026-04-28 0:24:22,-40,0,0,0,0,OK,,,,,
2026-04-28 0:24:38,-40,0,0,0,0,OK,,,,,
2026-04-28 0:24:54,-40,0,0,0,0,OK,,,,,
2026-04-28 0:25:26,-40,0,0,0,0,OK,,,,,
2026-04-28 0:25:42,-40,0,0,0,0,OK,,,,,
2026-04-28 0:26:46,128.5,59,35.8,392,0,OK,,,,,
2026-04-28 0:27:02,15.4,58,0.4,392,0,OK,,,,,
2026-04-28 0:28:22,-40,0,0,0,0,OK,,,,,
2026-04-28 0:28:38,-40,0,0,0,0,OK,,,,,
2026-04-28 0:28:54,-40,0,0,0,0,OK,,,,,
2026-04-28 0:29:10,-40,0,0,0,0,OK,,,,,
2026-04-28 0:29:26,-40,0,0,0,0,OK,,,,,
2026-04-28 0:29:42,-40,0,0,0,0,OK,,,,,
2026-04-28 0:29:58,15.4,254,0.1,392,0,OK,,,,,
2026-04-28 0:30:30,15.4,63,0.1,904,0,OK,,,,,
2026-04-28 0:30:46,-40,0,0,0,0,OK,,,,,
2026-04-28 0:31:34,-40,0,0,0,0,OK,,,,,
2026-04-28 0:32:22,15.4,57,0,392,0,OK,,,,,
2026-04-28 0:32:54,-40,0,0,0,0,OK,,,,,
2026-04-28 0:33:10,15.3,58,0.8,392,0,OK,,,,,
2026-04-28 0:34:14,-40,0,0,0,0,OK,,,,,
2026-04-28 0:34:46,15.3,58,1,3976,0,OK,,,,,
2026-04-28 0:35:02,15.3,57,1.7,392,0,OK,,,,,
2026-04-28 0:35:18,-40,0,0,0,0,OK,,,,,
2026-04-28 0:35:34,15.3,57,0.7,392,0,OK,,,,,
2026-04-28 0:36:06,-40,0,0,0,0,OK,,,,,
2026-04-28 0:36:22,-40,0,0,0,0,OK,,,,,
2026-04-28 0:36:38,15.3,57,0.1,1976,0,OK,,,,,
2026-04-28 0:36:54,-40,0,0,0,0,OK,,,,,
2026-04-28 0:37:10,15.3,249,0.3,2018,0,OK,,,,,
2026-04-28 0:37:26,15.3,57,0.3,392,0,OK,,,,,
2026-04-28 0:38:30,-40,0,0,0,0,OK,,,,,
2026-04-28 0:38:46,-40,0,0,0,0,OK,,,,,
2026-04-28 0:39:02,-40,0,0,0,0,OK,,,,,
2026-04-28 0:39:18,-40,0,0,0,0,OK,,,,,
2026-04-28 0:39:34,15.3,57,2.1,482,0,OK,,,,,
2026-04-28 0:39:50,-40,0,0,0,0,OK,,,,,
2026-04-28 0:41:10,-40,0,0,0,0,OK,,,,,
2026-04-28 0:41:26,15.3,57,0,392,0,OK,,,,,
2026-04-28 0:41:58,-40,0,0,0,0,OK,,,,,
2026-04-28 0:42:30,15.3,56,0,392,0,OK,,,,,
2026-04-28 0:42:46,-40,0,0,0,0,OK,,,,,
2026-04-28 0:43:02,-40,0,0,0,0,OK,,,,,
2026-04-28 0:43:18,-40,0,0,0,0,OK,,,,,
2026-04-28 0:43:34,15.3,156,1,392,0,OK,,,,,
2026-04-28 0:44:06,-40,0,0,0,0,OK,,,,,
2026-04-28 0:44:22,15.3,55,1.3,392,0,OK,,,,,
2026-04-28 0:44:38,-40,0,0,0,0,OK,,,,,
2026-04-28 0:45:10,-40,0,0,0,0,OK,,,,,
2026-04-28 0:45:42,-40,0,0,0,0,OK,,,,,
2026-04-28 0:46:46,-40,0,0,0,0,OK,,,,,
2026-04-28 0:47:02,-40,0,0,0,0,OK,,,,,
2026-04-28 0:47:34,135.3,115,49.3,392,4915.2,OK,,,,,
2026-04-28 0:47:50,15.3,55,1.4,392,0,OK,,,,,
2026-04-28 0:48:22,-40,0,0,0,0,OK,,,,,
2026-04-28 0:48:38,-40,0,0,0,0,OK,,,,,
2026-04-28 0:49:10,-40,0,0,0,0,OK,,,,,
2026-04-28 0:49:26,-40,0,0,0,0,OK,,,,,
2026-04-28 0:49:42,-40,0,0,0,0,OK,,,,,
2026-04-28 0:49:58,-40,0,0,0,0,OK,,,,,
2026-04-28 0:50:14,-40,0,0,0,0,OK,,,,,
2026-04-28 0:50:30,-40,0,0,0,0,OK,,,,,
2026-04-28 0:50:46,15.2,55,1.3,392,0,OK,,,,,
2026-04-28 0:51:02,-40,0,0,0,0,OK,,,,,
2026-04-28 0:51:18,15.3,55,1,392,0,OK,,,,,
2026-04-28 0:51:34,-40,0,0,0,0,OK,,,,,
2026-04-28 0:52:06,-40,0,0,0,0,OK,,,,,
2026-04-28 0:52:22,-40,0,0,0,0,OK,,,,,
2026-04-28 0:53:42,-40,0,0,0,0,OK,,,,,
2026-04-28 0:53:58,-40,0,0,0,0,OK,,,,,
2026-04-28 0:54:14,15.3,55,1.3,392,0,OK,,,,,
2026-04-28 0:54:30,-40,0,0,0,0,OK,,,,,
2026-04-28 0:54:46,15.3,56,1.8,2040,0,OK,,,,,
2026-04-28 0:55:18,-40,0,0,0,0,OK,,,,,
2026-04-28 0:55:34,-40,0,0,0,0,OK,,,,,
2026-04-28 0:56:54,-40,0,0,0,0,OK,,,,,
2026-04-28 0:57:10,23.3,57,2.2,392,0,OK,,,,,
2026-04-28 0:57:26,-40,0,0,0,0,OK,,,,,
2026-04-28 0:57:42,-40,0,0,0,0,OK,,,,,
2026-04-28 0:58:46,-40,0,0,0,0,OK,,,,,
2026-04-28 0:59:02,-40,0,0,0,0,OK,,,,,
2026-04-28 0:59:18,-40,0,0,0,0,OK,,,,,
2026-04-28 1:00:22,15.2,59,1.3,392,0,OK,,,,,
2026-04-28 1:00:38,15.2,60,2.1,392,0,OK,,,,,
2026-04-28 1:01:10,-40,0,0,0,0,OK,,,,,
2026-04-28 1:01:26,-40,0,0,0,0,OK,,,,,
2026-04-28 1:01:58,-40,0,0,0,0,OK,,,,,
2026-04-28 1:02:14,15.2,60,2.4,392,0,OK,,,,,
2026-04-28 1:02:30,-40,0,0,0,0,OK,,,,,
2026-04-28 1:02:46,-40,0,0,0,0,OK,,,,,
2026-04-28 1:03:02,-40,0,0,0,0,OK,,,,,
2026-04-28 1:03:18,-40,0,0,0,0,OK,,,,,
2026-04-28 1:04:22,-40,0,0,0,0,OK,,,,,
2026-04-28 1:04:54,-40,0,0,0,0,OK,,,,,
2026-04-28 1:05:26,-40,0,0,0,0,OK,,,,,
2026-04-28 1:05:42,15.1,61,2.5,392,0,OK,,,,,
2026-04-28 1:05:58,-40,0,0,0,0,OK,,,,,
2026-04-28 1:06:14,-40,0,0,0,0,OK,,,,,
2026-04-28 1:06:30,15,61,1.8,392,0,OK,,,,,
2026-04-28 1:06:46,-40,0,0,0,0,OK,,,,,
2026-04-28 1:07:34,-40,0,0,0,0,OK,,,,,
2026-04-28 1:08:06,-40,0,0,0,0,OK,,,,,
2026-04-28 1:08:38,-40,0,0,0,0,OK,,,,,
2026-04-28 1:08:54,14.9,62,0.6,392,0,OK,,,,,
2026-04-28 1:09:26,-40,0,0,0,0,OK,,,,,
2026-04-28 1:09:58,-40,0,0,0,0,OK,,,,,
2026-04-28 1:10:14,-40,0,0,0,0,OK,,,,,
2026-04-28 1:10:30,14.9,159,1,392,0,OK,,,,,
2026-04-28 1:10:46,-40,0,0,0,0,OK,,,,,
2026-04-28 1:11:02,-40,0,0,0,0,OK,,,,,
2026-04-28 1:11:18,-40,0,0,0,0,OK,,,,,
2026-04-28 1:11:34,-40,0,0,0,0,OK,,,,,
2026-04-28 1:11:50,-40,0,0,0,0,OK,,,,,
2026-04-28 1:12:06,-40,0,0,0,0,OK,,,,,
2026-04-28 1:12:22,-40,0,0,0,0,OK,,,,,
2026-04-28 1:12:38,-40,0,0,0,0,OK,,,,,
2026-04-28 1:12:54,117.3,63,38.4,392,0,OK,,,,,
2026-04-28 1:13:26,14.8,63,1.3,392,0,OK,,,,,
2026-04-28 1:13:42,-40,0,0,0,0,OK,,,,,
2026-04-28 1:14:14,14.8,63,3.2,392,0,OK,,,,,
2026-04-28 1:14:46,-40,0,0,0,0,OK,,,,,
2026-04-28 1:15:02,-40,0,0,0,0,OK,,,,,
2026-04-28 1:15:18,14.8,63,3.1,392,0,OK,,,,,
2026-04-28 1:15:34,-40,0,0,0,0,OK,,,,,
2026-04-28 1:16:06,-40,0,0,0,0,OK,,,,,
2026-04-28 1:16:22,-40,0,0,0,0,OK,,,,,
2026-04-28 1:16:38,14.8,64,1.7,392,0,OK,,,,,
2026-04-28 1:16:54,14.8,64,3.1,392,0,OK,,,,,
2026-04-28 1:17:10,14.8,64,2.4,392,0,OK,,,,,
2026-04-28 1:17:27,-40,0,0,0,0,OK,,,,,
2026-04-28 1:17:42,-40,0,0,0,0,OK,,,,,
2026-04-28 1:17:58,-40,0,0,0,0,OK,,,,,
2026-04-28 1:18:14,-40,0,0,0,0,OK,,,,,
2026-04-28 1:18:30,14.8,160,4.3,392,0,OK,,,,,
2026-04-28 1:19:50,69.5,22,4.3,392,3276.8,OK,,,,,
2026-04-28 1:20:06,-40,0,0,0,0,OK,,,,,
2026-04-28 1:20:38,-40,0,0,0,0,OK,,,,,
2026-04-28 1:20:54,14.7,65,2,392,0,OK,,,,,
2026-04-28 1:21:10,13.4,247,35.7,392,838860.8,OK,,,,,
2026-04-28 1:21:26,-40,0,0,0,0,OK,,,,,
2026-04-28 1:21:42,-40,0,0,0,0,OK,,,,,
2026-04-28 1:21:58,-40,0,0,0,0,OK,,,,,
2026-04-28 1:22:30,-40,0,0,0,0,OK,,,,,
2026-04-28 1:22:46,-40,0,0,0,0,OK,,,,,
2026-04-28 1:23:02,-40,0,0,0,0,OK,,,,,
2026-04-28 1:23:18,15.9,66,2,392,0,OK,,,,,
2026-04-28 1:24:38,14.7,70,2.7,392,0,OK,,,,,
2026-04-28 1:24:54,-40,0,0,0,0,OK,,,,,
2026-04-28 1:25:26,123.6,232,55.9,452,0,OK,,,,,
2026-04-28 1:25:42,14.6,66,3.1,392,0,OK,,,,,
2026-04-28 1:26:30,14.6,67,2.2,392,0,OK,,,,,
2026-04-28 1:27:02,-40,0,0,0,0,OK,,,,,
2026-04-28 1:27:34,-40,0,0,0,0,OK,,,,,
2026-04-28 1:28:06,-40,0,0,0,0,OK,,,,,
2026-04-28 1:28:38,-40,0,0,0,0,OK,,,,,
2026-04-28 1:28:54,-40,0,0,0,0,OK,,,,,
2026-04-28 1:30:46,-40,0,0,0,0,OK,,,,,
2026-04-28 1:31:18,14.5,68,1.5,392,0,OK,,,,,
2026-04-28 1:31:34,-40,0,0,0,0,OK,,,,,
2026-04-28 1:31:50,14.5,68,2,392,0,OK,,,,,
2026-04-28 1:32:22,14.5,253,1.3,392,0,OK,,,,,
2026-04-28 1:32:54,-40,0,0,0,0,OK,,,,,
2026-04-28 1:33:10,-40,0,0,0,0,OK,,,,,
2026-04-28 1:33:42,14.5,95,1.8,392,0,OK,,,,,
2026-04-28 1:34:14,-40,0,0,0,0,OK,,,,,
2026-04-28 1:34:46,14.5,69,2.2,392,0,OK,,,,,
2026-04-28 1:35:02,-40,0,0,0,0,OK,,,,,
2026-04-28 1:35:18,-40,0,0,0,0,OK,,,,,
2026-04-28 1:36:22,-40,0,0,0,0,OK,,,,,
2026-04-28 1:36:54,14.4,70,0.8,392,0,OK,,,,,
2026-04-28 1:37:10,-40,0,0,0,0,OK,,,,,
2026-04-28 1:37:26,-40,0,0,0,0,OK,,,,,
2026-04-28 1:37:42,-40,0,0,0,0,OK,,,,,
2026-04-28 1:37:58,-40,0,0,0,0,OK,,,,,
2026-04-28 1:39:02,14.4,71,0.3,392,0,OK,,,,,
2026-04-28 1:39:50,-40,0,0,0,0,OK,,,,,
2026-04-28 1:40:06,-40,0,0,0,0,OK,,,,,
2026-04-28 1:40:22,14.4,71,1.1,392,0,OK,,,,,
2026-04-28 1:40:38,-40,0,0,0,0,OK,,,,,
2026-04-28 1:40:54,-40,0,0,0,0,OK,,,,,
2026-04-28 1:41:42,-40,0,0,0,0,OK,,,,,
2026-04-28 1:41:58,-40,0,0,0,0,OK,,,,,
2026-04-28 1:42:14,-40,0,0,0,0,OK,,,,,
2026-04-28 1:42:30,14.4,72,1.4,392,0,OK,,,,,
2026-04-28 1:42:46,-40,0,0,0,0,OK,,,,,
2026-04-28 1:43:02,-40,0,0,0,0,OK,,,,,
2026-04-28 1:43:18,14.4,73,2.2,392,0,OK,,,,,
2026-04-28 1:43:34,14.3,73,1.7,440,0,OK,,,,,
2026-04-28 1:43:50,-40,0,0,0,0,OK,,,,,
2026-04-28 1:44:06,-40,0,0,0,0,OK,,,,,
2026-04-28 1:44:22,-40,0,0,0,0,OK,,,,,
2026-04-28 1:44:54,-40,0,0,0,0,OK,,,,,
2026-04-28 1:45:10,14.3,73,0.1,504,0,OK,,,,,
2026-04-28 1:45:26,-40,0,0,0,0,OK,,,,,
2026-04-28 1:45:42,14.3,74,1.8,392,0,OK,,,,,
2026-04-28 1:46:30,-40,0,0,0,0,OK,,,,,
2026-04-28 1:46:46,14.3,74,1.4,392,0,OK,,,,,
2026-04-28 1:47:34,14.3,74,0.8,392,0,OK,,,,,
2026-04-28 1:48:06,-40,0,0,0,0,OK,,,,,
2026-04-28 1:48:38,-40,0,0,0,0,OK,,,,,
2026-04-28 1:49:42,-40,0,0,0,0,OK,,,,,
2026-04-28 1:50:46,-40,0,0,0,0,OK,,,,,
2026-04-28 1:52:22,-40,0,0,0,0,OK,,,,,
2026-04-28 1:52:54,-40,0,0,0,0,OK,,,,,
2026-04-28 1:53:58,-40,0,0,0,0,OK,,,,,
2026-04-28 1:54:14,156.4,122,13.4,392,0,OK,,,,,
2026-04-28 1:54:30,14,77,0.6,392,0,OK,,,,,
2026-04-28 1:55:02,-40,0,0,0,0,OK,,,,,
2026-04-28 1:55:18,-40,0,0,0,0,OK,,,,,
2026-04-28 1:56:22,-40,0,0,0,0,OK,,,,,
2026-04-28 1:56:54,-40,0,0,0,0,OK,,,,,
2026-04-28 1:57:26,-40,0,0,0,0,OK,,,,,
2026-04-28 1:57:58,-40,0,0,0,0,OK,,,,,
2026-04-28 1:58:14,-40,0,0,0,0,OK,,,,,
2026-04-28 1:58:46,-40,0,0,0,0,OK,,,,,
2026-04-28 1:59:02,-40,0,0,0,0,OK,,,,,
2026-04-28 2:00:06,-40,0,0,0,0,OK,,,,,
2026-04-28 2:00:38,13.8,79,1,392,15.2,OK,,,,,
2026-04-28 2:00:54,25.3,79,2.2,392,0,OK,,,,,
2026-04-28 2:01:10,-40,0,0,0,0,OK,,,,,
2026-04-28 2:01:26,-40,0,0,0,0,OK,,,,,
2026-04-28 2:01:42,17.4,79,1.7,392,0,OK,,,,,
2026-04-28 2:01:58,-40,0,0,0,0,OK,,,,,
2026-04-28 2:02:14,-40,0,0,0,0,OK,,,,,
2026-04-28 2:02:46,-40,0,0,0,0,OK,,,,,
2026-04-28 2:04:06,-40,0,0,0,0,OK,,,,,
2026-04-28 2:05:26,-40,0,0,0,0,OK,,,,,
2026-04-28 2:05:42,13.7,80,1.3,392,0,OK,,,,,
2026-04-28 2:05:58,-40,0,0,0,0,OK,,,,,
2026-04-28 2:06:14,13.6,81,0.7,392,0,OK,,,,,
2026-04-28 2:08:22,13.2,82,1.4,392,0,OK,,,,,
2026-04-28 2:08:38,-40,0,0,0,0,OK,,,,,
2026-04-28 2:08:54,131.3,250,54,392,0,OK,,,,,
2026-04-28 2:09:58,-40,0,0,0,0,OK,,,,,
2026-04-28 2:10:30,-40,0,0,0,0,OK,,,,,
2026-04-28 2:11:34,-40,0,0,0,0,OK,,,,,
2026-04-28 2:11:50,12.9,84,2.4,392,0,OK,,,,,
2026-04-28 2:12:06,-40,0,0,0,0,OK,,,,,
2026-04-28 2:13:58,12.7,84,1.5,392,0,OK,,,,,
2026-04-28 2:14:30,-40,0,0,0,0,OK,,,,,
2026-04-28 2:15:02,12.6,85,0.1,392,0,OK,,,,,
2026-04-28 2:15:18,115.1,85,72.4,408,0,OK,,,,,
2026-04-28 2:15:34,-40,0,0,0,0,OK,,,,,
2026-04-28 2:15:50,12.7,85,1.5,452,0,OK,,,,,
2026-04-28 2:16:06,-40,0,0,0,0,OK,,,,,
2026-04-28 2:16:22,12.6,85,0.7,392,0,OK,,,,,
2026-04-28 2:16:38,-40,0,0,0,0,OK,,,,,
2026-04-28 2:16:54,12.6,85,1.4,392,0,OK,,,,,
2026-04-28 2:17:26,12.6,85,0,408,0,OK,,,,,
2026-04-28 2:17:43,12.6,85,4.3,392,0,OK,,,,,
2026-04-28 2:17:58,12.6,117,0.6,392,0,OK,,,,,
2026-04-28 2:18:30,12.6,124,1,392,0,OK,,,,,
2026-04-28 2:19:02,-40,0,0,0,0,OK,,,,,
2026-04-28 2:19:18,12.5,84,2.1,392,0,OK,,,,,
2026-04-28 2:19:34,-40,0,0,0,0,OK,,,,,
2026-04-28 2:19:50,12.5,170,2.5,392,0,OK,,,,,
2026-04-28 2:20:06,-40,0,0,0,0,OK,,,,,
2026-04-28 2:20:22,-40,0,0,0,0,OK,,,,,
2026-04-28 2:20:38,12.5,84,1.3,392,0,OK,,,,,
2026-04-28 2:21:58,-40,0,0,0,0,OK,,,,,
2026-04-28 2:23:02,-40,0,0,0,0,OK,,,,,
2026-04-28 2:23:18,12.4,84,2,392,0,OK,,,,,
2026-04-28 2:25:58,-40,0,0,0,0,OK,,,,,
2026-04-28 2:26:30,-40,0,0,0,0,OK,,,,,
2026-04-28 2:26:46,114.9,84,0.8,392,3276.8,OK,,,,,
2026-04-28 2:27:02,12.5,84,1.4,392,0,OK,,,,,
2026-04-28 2:28:06,-40,0,0,0,0,OK,,,,,
2026-04-28 2:28:38,12.3,84,0.3,392,0,OK,,,,,
2026-04-28 2:28:54,-40,0,0,0,0,OK,,,,,
2026-04-28 2:29:10,12.2,84,1.1,392,0,OK,,,,,
2026-04-28 2:29:26,-40,0,0,0,0,OK,,,,,
2026-04-28 2:29:42,-40,0,0,0,0,OK,,,,,
2026-04-28 2:29:58,-40,0,0,0,0,OK,,,,,
2026-04-28 2:30:14,12.2,84,1.4,392,0,OK,,,,,
2026-04-28 2:30:30,12.1,84,0.3,392,0,OK,,,,,
2026-04-28 2:30:46,24.5,245,35.7,392,0,OK,,,,,
2026-04-28 2:31:02,-40,0,0,0,0,OK,,,,,
2026-04-28 2:33:10,-40,0,0,0,0,OK,,,,,
2026-04-28 2:33:42,12.1,84,1.4,392,12.8,OK,,,,,
2026-04-28 2:34:14,-40,0,0,0,0,OK,,,,,
2026-04-28 2:34:30,114.7,84,1,392,0,OK,,,,,
2026-04-28 2:34:46,-40,0,0,0,0,OK,,,,,
2026-04-28 2:36:38,-40,0,0,0,0,OK,,,,,
2026-04-28 2:36:54,-40,0,0,0,0,OK,,,,,
2026-04-28 2:37:10,12.1,84,3.4,392,0,OK,,,,,
2026-04-28 2:38:30,-40,0,0,0,0,OK,,,,,
2026-04-28 2:39:18,-40,0,0,0,0,OK,,,,,
2026-04-28 2:39:34,-40,0,0,0,0,OK,,,,,
2026-04-28 2:40:06,11.9,84,1,482,0,OK,,,,,
2026-04-28 2:40:38,-40,0,0,0,0,OK,,,,,
2026-04-28 2:40:54,-40,0,0,0,0,OK,,,,,
2026-04-28 2:41:26,11.9,84,0.4,392,0,OK,,,,,
2026-04-28 2:41:42,11.9,84,1.7,392,0,OK,,,,,
2026-04-28 2:41:58,-40,0,0,0,0,OK,,,,,
2026-04-28 2:42:14,123.9,84,73.1,504,0,OK,,,,,
2026-04-28 2:43:02,114.3,124,1.1,392,0,OK,,,,,
2026-04-28 2:43:18,-40,0,0,0,0,OK,,,,,
2026-04-28 2:43:34,149.5,84,0.7,8072,0,OK,,,,,
2026-04-28 2:44:22,11.9,85,3.4,392,0,OK,,,,,
2026-04-28 2:44:54,11.8,84,7.8,392,0,OK,,,,,
2026-04-28 2:45:10,11.8,170,0.7,392,0,OK,,,,,
2026-04-28 2:45:42,-40,0,0,0,0,OK,,,,,
2026-04-28 2:45:58,-40,0,0,0,0,OK,,,,,
2026-04-28 2:46:14,-40,0,0,0,0,OK,,,,,
2026-04-28 2:46:30,-40,0,0,0,0,OK,,,,,
2026-04-28 2:46:46,-40,0,0,0,0,OK,,,,,
2026-04-28 2:47:02,11.7,116,2.1,392,0,OK,,,,,
2026-04-28 2:47:18,-40,0,0,0,0,OK,,,,,
2026-04-28 2:47:34,-40,0,0,0,0,OK,,,,,
2026-04-28 2:48:06,11.7,116,1.7,392,0,OK,,,,,
2026-04-28 2:48:22,-40,0,0,0,0,OK,,,,,
2026-04-28 2:48:38,-40,0,0,0,0,OK,,,,,
2026-04-28 2:49:42,-40,0,0,0,0,OK,,,,,
2026-04-28 2:49:58,-40,0,0,0,0,OK,,,,,
2026-04-28 2:50:14,-40,0,0,0,0,OK,,,,,
2026-04-28 2:50:46,11.6,92,1,392,0,OK,,,,,
2026-04-28 2:51:02,-40,0,0,0,0,OK,,,,,
2026-04-28 2:51:18,-40,0,0,0,0,OK,,,,,
2026-04-28 2:51:34,70.8,15,0.6,34816,0.3,OK,,,,,
2026-04-28 2:52:06,-40,0,0,0,0,OK,,,,,
2026-04-28 2:52:38,-40,0,0,0,0,OK,,,,,
2026-04-28 2:52:54,11.6,84,1.1,392,0,OK,,,,,
2026-04-28 2:53:10,-40,0,0,0,0,OK,,,,,
2026-04-28 2:53:42,-40,0,0,0,0,OK,,,,,
2026-04-28 2:55:34,11.6,84,1.4,392,12.8,OK,,,,,
2026-04-28 2:55:50,-40,0,0,0,0,OK,,,,,
2026-04-28 2:56:22,-40,0,0,0,0,OK,,,,,
2026-04-28 2:57:10,-40,0,0,0,0,OK,,,,,
2026-04-28 2:57:58,-40,0,0,0,0,OK,,,,,
2026-04-28 2:58:14,-40,0,0,0,0,OK,,,,,
2026-04-28 2:58:30,-40,0,0,0,0,OK,,,,,
2026-04-28 2:59:02,11.6,85,0.3,392,12.8,OK,,,,,
2026-04-28 2:59:34,-40,0,0,0,0,OK,,,,,
2026-04-28 2:59:50,114,85,8.7,440,0,OK,,,,,
2026-04-28 3:00:06,11.6,85,1.1,392,0,OK,,,,,
2026-04-28 3:00:22,-40,0,0,0,0,OK,,,,,
2026-04-28 3:00:38,-40,0,0,0,0,OK,,,,,
2026-04-28 3:00:54,11.6,95,2,392,12.8,OK,,,,,
2026-04-28 3:01:10,-40,0,0,0,0,OK,,,,,
2026-04-28 3:01:42,-40,0,0,0,0,OK,,,,,
2026-04-28 3:01:58,-40,0,0,0,0,OK,,,,,
2026-04-28 3:02:14,-40,0,0,0,0,OK,,,,,
2026-04-28 3:02:46,11.4,86,1.3,392,25.2,OK,,,,,
2026-04-28 3:03:02,-40,0,0,0,0,OK,,,,,
2026-04-28 3:03:34,-40,0,0,0,0,OK,,,,,
2026-04-28 3:03:50,11.4,86,1.8,392,0,OK,,,,,
2026-04-28 3:05:10,-40,0,0,0,0,OK,,,,,
2026-04-28 3:05:26,-40,0,0,0,0,OK,,,,,
2026-04-28 3:05:42,11.4,95,1.4,392,0,OK,,,,,
2026-04-28 3:05:58,-40,0,0,0,0,OK,,,,,
2026-04-28 3:06:14,-40,0,0,0,0,OK,,,,,
2026-04-28 3:06:46,-40,0,0,0,0,OK,,,,,
2026-04-28 3:07:02,-40,0,0,0,0,OK,,,,,
2026-04-28 3:08:06,-40,0,0,0,0,OK,,,,,
2026-04-28 3:08:22,-40,0,0,0,0,OK,,,,,
2026-04-28 3:08:54,-40,0,0,0,0,OK,,,,,
2026-04-28 3:09:10,-40,0,0,0,0,OK,,,,,
2026-04-28 3:09:26,-40,0,0,0,0,OK,,,,,
2026-04-28 3:09:42,126.4,84,36.8,392,0,OK,,,,,
2026-04-28 3:09:58,-40,0,0,0,0,OK,,,,,
2026-04-28 3:11:02,-40,0,0,0,0,OK,,,,,
2026-04-28 3:11:18,-40,0,0,0,0,OK,,,,,
2026-04-28 3:11:34,-40,0,0,0,0,OK,,,,,
2026-04-28 3:11:50,-40,0,0,0,0,OK,,,,,
2026-04-28 3:12:06,-40,0,0,0,0,OK,,,,,
2026-04-28 3:12:22,-40,0,0,0,0,OK,,,,,
2026-04-28 3:12:38,-40,0,0,0,0,OK,,,,,
2026-04-28 3:12:54,-40,0,0,0,0,OK,,,,,
2026-04-28 3:13:10,-40,0,0,0,0,OK,,,,,
2026-04-28 3:13:26,-40,0,0,0,0,OK,,,,,
2026-04-28 3:13:42,-40,0,0,0,0,OK,,,,,
2026-04-28 3:13:58,-40,0,0,0,0,OK,,,,,
2026-04-28 3:14:14,-40,0,0,0,0,OK,,,,,
2026-04-28 3:14:30,-40,0,0,0,0,OK,,,,,
2026-04-28 3:14:46,-40,0,0,0,0,OK,,,,,
2026-04-28 3:15:02,11.3,92,8.7,392,0,OK,,,,,
2026-04-28 3:15:18,-40,0,0,0,0,OK,,,,,
2026-04-28 3:15:34,11.3,84,0.7,408,0,OK,,,,,
2026-04-28 3:16:06,-40,0,0,0,0,OK,,,,,
2026-04-28 3:16:22,-40,0,0,0,0,OK,,,,,
2026-04-28 3:16:54,-40,0,0,0,0,OK,,,,,
2026-04-28 3:17:10,-40,0,0,0,0,OK,,,,,
2026-04-28 3:17:26,-40,0,0,0,0,OK,,,,,
2026-04-28 3:17:42,-40,0,0,0,0,OK,,,,,
2026-04-28 3:17:58,-40,0,0,0,0,OK,,,,,
2026-04-28 3:18:30,-40,0,0,0,0,OK,,,,,
2026-04-28 3:18:46,-40,0,0,0,0,OK,,,,,
2026-04-28 3:19:02,-40,0,0,0,0,OK,,,,,
2026-04-28 3:19:18,-40,0,0,0,0,OK,,,,,
2026-04-28 3:19:34,-40,0,0,0,0,OK,,,,,
2026-04-28 3:19:50,13.6,117,13.4,392,12.8,OK,,,,,
2026-04-28 3:20:06,-40,0,0,0,0,OK,,,,,
2026-04-28 3:20:22,-40,0,0,0,0,OK,,,,,
2026-04-28 3:20:38,-40,0,0,0,0,OK,,,,,
2026-04-28 3:21:10,-40,0,0,0,0,OK,,,,,
2026-04-28 3:21:26,-40,0,0,0,0,OK,,,,,
2026-04-28 3:21:42,-40,0,0,0,0,OK,,,,,
2026-04-28 3:21:58,-40,0,0,0,0,OK,,,,,
2026-04-28 3:22:30,-40,0,0,0,0,OK,,,,,
2026-04-28 3:22:46,-40,0,0,0,0,OK,,,,,
2026-04-28 3:23:02,-40,0,0,0,0,OK,,,,,
2026-04-28 3:23:18,-40,0,0,0,0,OK,,,,,
2026-04-28 3:23:34,-40,0,0,0,0,OK,,,,,
2026-04-28 3:23:50,-40,0,0,0,0,OK,,,,,
2026-04-28 3:24:06,-40,0,0,0,0,OK,,,,,
2026-04-28 3:24:22,-40,0,0,0,0,OK,,,,,
2026-04-28 3:24:38,-40,0,0,0,0,OK,,,,,
2026-04-28 3:24:54,-40,0,0,0,0,OK,,,,,
2026-04-28 3:25:10,11.3,87,0.1,408,0,OK,,,,,
2026-04-28 3:25:26,-40,0,0,0,0,OK,,,,,
2026-04-28 3:25:42,-40,0,0,0,0,OK,,,,,
2026-04-28 3:25:58,-40,0,0,0,0,OK,,,,,
2026-04-28 3:26:14,-40,0,0,0,0,OK,,,,,
2026-04-28 3:26:30,-40,0,0,0,0,OK,,,,,
2026-04-28 3:26:46,-40,0,0,0,0,OK,,,,,
2026-04-28 3:27:02,-40,0,0,0,0,OK,,,,,
2026-04-28 3:27:18,-40,0,0,0,0,OK,,,,,
2026-04-28 3:28:22,-40,0,0,0,0,OK,,,,,
2026-04-28 3:28:38,-40,0,0,0,0,OK,,,,,
2026-04-28 3:28:54,-40,0,0,0,0,OK,,,,,
2026-04-28 3:29:10,-40,0,0,0,0,OK,,,,,
2026-04-28 3:29:26,-40,0,0,0,0,OK,,,,,
2026-04-28 3:29:42,-40,0,0,0,0,OK,,,,,
2026-04-28 3:29:58,-40,0,0,0,0,OK,,,,,
2026-04-28 3:30:14,-40,0,0,0,0,OK,,,,,
2026-04-28 3:30:30,-40,0,0,0,0,OK,,,,,
2026-04-28 3:30:46,-40,0,0,0,0,OK,,,,,
2026-04-28 3:31:02,-40,0,0,0,0,OK,,,,,
2026-04-28 3:31:18,-40,0,0,0,0,OK,,,,,
2026-04-28 3:31:34,-40,0,0,0,0,OK,,,,,
2026-04-28 3:31:50,-40,0,0,0,0,OK,,,,,
2026-04-28 3:32:06,-40,0,0,0,0,OK,,,,,
2026-04-28 3:32:22,11.4,95,0.6,408,0,OK,,,,,
2026-04-28 3:32:54,-40,0,0,0,0,OK,,,,,
2026-04-28 3:33:10,-40,0,0,0,0,OK,,,,,
2026-04-28 3:33:26,-40,0,0,0,0,OK,,,,,
2026-04-28 3:33:42,-40,0,0,0,0,OK,,,,,
2026-04-28 3:33:58,36.4,83,4.3,392,0,OK,,,,,
2026-04-28 3:34:14,-40,0,0,0,0,OK,,,,,
2026-04-28 3:34:30,-40,0,0,0,0,OK,,,,,
2026-04-28 3:34:46,-40,0,0,0,0,OK,,,,,
2026-04-28 3:35:02,-40,0,0,0,0,OK,,,,,
2026-04-28 3:35:18,-40,0,0,0,0,OK,,,,,
2026-04-28 3:35:34,-40,0,0,0,0,OK,,,,,
2026-04-28 3:35:50,-40,0,0,0,0,OK,,,,,
2026-04-28 3:36:06,-40,0,0,0,0,OK,,,,,
2026-04-28 3:36:22,-40,0,0,0,0,OK,,,,,
2026-04-28 3:36:38,-40,0,0,0,0,OK,,,,,
2026-04-28 3:36:54,-40,0,0,0,0,OK,,,,,
2026-04-28 3:37:10,-40,0,0,0,0,OK,,,,,
2026-04-28 3:37:42,-40,0,0,0,0,OK,,,,,
2026-04-28 3:38:14,-40,0,0,0,0,OK,,,,,
2026-04-28 3:38:30,-40,0,0,0,0,OK,,,,,
2026-04-28 3:38:46,-40,0,0,0,0,OK,,,,,
2026-04-28 3:39:02,-40,0,0,0,0,OK,,,,,
2026-04-28 3:39:18,-40,0,0,0,0,OK,,,,,
2026-04-28 3:39:34,-40,0,0,0,0,OK,,,,,
2026-04-28 3:39:50,-40,0,0,0,0,OK,,,,,
2026-04-28 3:40:06,-40,0,0,0,0,OK,,,,,
2026-04-28 3:40:22,-40,0,0,0,0,OK,,,,,
2026-04-28 3:40:38,-40,0,0,0,0,OK,,,,,
2026-04-28 3:40:54,-40,0,0,0,0,OK,,,,,
2026-04-28 3:41:10,-40,0,0,0,0,OK,,,,,
2026-04-28 3:41:26,-40,0,0,0,0,OK,,,,,
2026-04-28 3:41:42,-13.7,115,36.8,504,838860.8,OK,,,,,
2026-04-28 3:42:14,-40,0,0,0,0,OK,,,,,
2026-04-28 3:42:46,-40,0,0,0,0,OK,,,,,
2026-04-28 3:43:02,-40,0,0,0,0,OK,,,,,
2026-04-28 3:43:18,-40,0,0,0,0,OK,,,,,
2026-04-28 3:43:34,-40,0,0,0,0,OK,,,,,
2026-04-28 3:43:50,-40,0,0,0,0,OK,,,,,
2026-04-28 3:44:22,-40,0,0,0,0,OK,,,,,
2026-04-28 3:44:38,-40,0,0,0,0,OK,,,,,
2026-04-28 3:44:54,-40,0,0,0,0,OK,,,,,
2026-04-28 3:45:10,-40,0,0,0,0,OK,,,,,
2026-04-28 3:45:26,-40,0,0,0,0,OK,,,,,
2026-04-28 3:45:42,-40,0,0,0,0,OK,,,,,
2026-04-28 3:45:58,-40,0,0,0,0,OK,,,,,
2026-04-28 3:46:14,-40,0,0,0,0,OK,,,,,
2026-04-28 3:46:30,-40,0,0,0,0,OK,,,,,
2026-04-28 3:46:46,-40,0,0,0,0,OK,,,,,
2026-04-28 3:47:02,-40,0,0,0,0,OK,,,,,
2026-04-28 3:47:18,-40,0,0,0,0,OK,,,,,
2026-04-28 3:47:34,-40,0,0,0,0,OK,,,,,
2026-04-28 3:47:50,-40,0,0,0,0,OK,,,,,
2026-04-28 3:48:06,-40,0,0,0,0,OK,,,,,
2026-04-28 3:48:22,-40,0,0,0,0,OK,,,,,
2026-04-28 3:48:38,-40,0,0,0,0,OK,,,,,
2026-04-28 3:48:54,-40,0,0,0,0,OK,,,,,
2026-04-28 3:49:10,-40,0,0,0,0,OK,,,,,
2026-04-28 3:49:26,-40,0,0,0,0,OK,,,,,
2026-04-28 3:49:42,-40,0,0,0,0,OK,,,,,
2026-04-28 3:50:30,-40,0,0,0,0,OK,,,,,
2026-04-28 3:50:46,-40,0,0,0,0,OK,,,,,
2026-04-28 3:51:18,-40,0,0,0,0,OK,,,,,
2026-04-28 3:51:34,-40,0,0,0,0,OK,,,,,
2026-04-28 3:51:50,-40,0,0,0,0,OK,,,,,
2026-04-28 3:52:06,-40,0,0,0,0,OK,,,,,
2026-04-28 3:52:22,-40,0,0,0,0,OK,,,,,
2026-04-28 3:52:54,-40,0,0,0,0,OK,,,,,
2026-04-28 3:53:10,-40,0,0,0,0,OK,,,,,
2026-04-28 3:53:26,-40,0,0,0,0,OK,,,,,
2026-04-28 3:53:42,-40,0,0,0,0,OK,,,,,
2026-04-28 3:53:58,-40,0,0,0,0,OK,,,,,
2026-04-28 3:54:14,-40,0,0,0,0,OK,,,,,
2026-04-28 3:54:46,-40,0,0,0,0,OK,,,,,
2026-04-28 3:55:02,-40,0,0,0,0,OK,,,,,
2026-04-28 3:55:18,-40,0,0,0,0,OK,,,,,
2026-04-28 3:55:34,-40,0,0,0,0,OK,,,,,
2026-04-28 3:55:50,-40,0,0,0,0,OK,,,,,
2026-04-28 3:56:06,-40,0,0,0,0,OK,,,,,
2026-04-28 3:56:22,-40,0,0,0,0,OK,,,,,
2026-04-28 3:56:38,-40,0,0,0,0,OK,,,,,
2026-04-28 3:56:54,11.3,223,1.3,32648,0,OK,,,,,
2026-04-28 3:57:10,-40,0,0,0,0,OK,,,,,
2026-04-28 3:57:42,-40,0,0,0,0,OK,,,,,
2026-04-28 3:57:58,-40,0,0,0,0,OK,,,,,
2026-04-28 3:58:14,-40,0,0,0,0,OK,,,,,
2026-04-28 3:58:30,-40,0,0,0,0,OK,,,,,
2026-04-28 3:58:46,-40,0,0,0,0,OK,,,,,
2026-04-28 3:59:18,-40,0,0,0,0,OK,,,,,
2026-04-28 3:59:34,-40,0,0,0,0,OK,,,,,
2026-04-28 4:00:06,-40,0,0,0,0,OK,,,,,
2026-04-28 4:00:22,-40,0,0,0,0,OK,,,,,
2026-04-28 4:00:38,-40,0,0,0,0,OK,,,,,
2026-04-28 4:00:54,-40,0,0,0,0,OK,,,,,
2026-04-28 4:01:10,-40,0,0,0,0,OK,,,,,
2026-04-28 4:01:26,-40,0,0,0,0,OK,,,,,
2026-04-28 4:01:42,-40,0,0,0,0,OK,,,,,
2026-04-28 4:02:30,-40,0,0,0,0,OK,,,,,
2026-04-28 4:03:02,-40,0,0,0,0,OK,,,,,
2026-04-28 4:03:34,-40,0,0,0,0,OK,,,,,
2026-04-28 4:03:50,-40,0,0,0,0,OK,,,,,
2026-04-28 4:04:06,-40,0,0,0,0,OK,,,,,
2026-04-28 4:04:22,113.7,82,16.8,904,0,OK,,,,,
2026-04-28 4:04:54,-40,0,0,0,0,OK,,,,,
2026-04-28 4:05:42,11.2,169,0.6,392,0,OK,,,,,
2026-04-28 4:05:58,-40,0,0,0,0,OK,,,,,
2026-04-28 4:06:14,-40,0,0,0,0,OK,,,,,
2026-04-28 4:07:18,-40,0,0,0,0,OK,,,,,
2026-04-28 4:07:34,-40,0,0,0,0,OK,,,,,
2026-04-28 4:07:50,-40,0,0,0,0,OK,,,,,
2026-04-28 4:08:06,-40,0,0,0,0,OK,,,,,
2026-04-28 4:08:38,-40,0,0,0,0,OK,,,,,
2026-04-28 4:08:54,-40,0,0,0,0,OK,,,,,
2026-04-28 4:09:10,-40,0,0,0,0,OK,,,,,
2026-04-28 4:09:26,-40,0,0,0,0,OK,,,,,
2026-04-28 4:09:42,-40,0,0,0,0,OK,,,,,
2026-04-28 4:09:58,-40,0,0,0,0,OK,,,,,
2026-04-28 4:10:14,-40,0,0,0,0,OK,,,,,
2026-04-28 4:10:46,-40,0,0,0,0,OK,,,,,
2026-04-28 4:11:18,-40,0,0,0,0,OK,,,,,
2026-04-28 4:12:06,-40,0,0,0,0,OK,,,,,
2026-04-28 4:12:22,-40,0,0,0,0,OK,,,,,
2026-04-28 4:15:18,-40,0,0,0,0,OK,,,,,
2026-04-28 4:15:50,-40,0,0,0,0,OK,,,,,
2026-04-28 4:16:06,-40,0,0,0,0,OK,,,,,
2026-04-28 4:17:10,-40,0,0,0,0,OK,,,,,
2026-04-28 4:18:46,-40,0,0,0,0,OK,,,,,
2026-04-28 4:19:02,-40,0,0,0,0,OK,,,,,
2026-04-28 4:19:18,-40,0,0,0,0,OK,,,,,
2026-04-28 4:19:50,-40,0,0,0,0,OK,,,,,
2026-04-28 4:20:06,-40,0,0,0,0,OK,,,,,
2026-04-28 4:20:38,-40,0,0,0,0,OK,,,,,
2026-04-28 4:21:10,-40,0,0,0,0,OK,,,,,
2026-04-28 4:21:42,-40,0,0,0,0,OK,,,,,
2026-04-28 4:22:30,-40,0,0,0,0,OK,,,,,
2026-04-28 4:23:02,-40,0,0,0,0,OK,,,,,
2026-04-28 4:23:18,-40,0,0,0,0,OK,,,,,
2026-04-28 4:23:34,-40,0,0,0,0,OK,,,,,
2026-04-28 4:24:54,-40,0,0,0,0,OK,,,,,
2026-04-28 4:25:26,-40,0,0,0,0,OK,,,,,
2026-04-28 4:25:58,-40,0,0,0,0,OK,,,,,
2026-04-28 4:26:14,-40,0,0,0,0,OK,,,,,
2026-04-28 4:27:02,-40,0,0,0,0,OK,,,,,
2026-04-28 4:27:18,-40,0,0,0,0,OK,,,,,
2026-04-28 4:27:34,-40,0,0,0,0,OK,,,,,
2026-04-28 4:28:06,-40,0,0,0,0,OK,,,,,
2026-04-28 4:28:22,-40,0,0,0,0,OK,,,,,
2026-04-28 4:28:54,-40,0,0,0,0,OK,,,,,
2026-04-28 4:29:10,-40,0,0,0,0,OK,,,,,
2026-04-28 4:29:26,-40,0,0,0,0,OK,,,,,
2026-04-28 4:31:18,-40,0,0,0,0,OK,,,,,
2026-04-28 4:31:50,-40,0,0,0,0,OK,,,,,
2026-04-28 4:32:38,-40,0,0,0,0,OK,,,,,
2026-04-28 4:33:10,-40,0,0,0,0,OK,,,,,
2026-04-28 4:34:14,-40,0,0,0,0,OK,,,,,
2026-04-28 4:34:30,-40,0,0,0,0,OK,,,,,
2026-04-28 4:34:46,-40,0,0,0,0,OK,,,,,
2026-04-28 4:36:06,-40,0,0,0,0,OK,,,,,
2026-04-28 4:36:54,-40,0,0,0,0,OK,,,,,
2026-04-28 4:37:26,-40,0,0,0,0,OK,,,,,
2026-04-28 4:37:42,11,83,1,904,0,OK,,,,,
2026-04-28 4:38:30,-40,0,0,0,0,OK,,,,,
2026-04-28 4:41:10,-40,0,0,0,0,OK,,,,,
2026-04-28 4:41:26,11,82,0.7,408,6,OK,,,,,
2026-04-28 4:41:58,-40,0,0,0,0,OK,,,,,
2026-04-28 4:42:14,-40,0,0,0,0,OK,,,,,
2026-04-28 4:43:02,-40,0,0,0,0,OK,,,,,
2026-04-28 4:43:18,-40,0,0,0,0,OK,,,,,
2026-04-28 4:44:54,11,83,0.1,392,0,OK,,,,,
2026-04-28 4:45:42,-40,0,0,0,0,OK,,,,,
2026-04-28 4:47:34,-40,0,0,0,0,OK,,,,,
2026-04-28 4:48:06,-40,0,0,0,0,OK,,,,,
2026-04-28 4:48:22,-40,0,0,0,0,OK,,,,,
2026-04-28 4:49:58,-40,0,0,0,0,OK,,,,,
2026-04-28 4:50:14,11,83,0,392,0,OK,,,,,
2026-04-28 4:50:46,-40,0,0,0,0,OK,,,,,
2026-04-28 4:51:18,-40,0,0,0,0,OK,,,,,
2026-04-28 4:51:34,-40,0,0,0,0,OK,,,,,
2026-04-28 4:52:06,11,83,0,392,0,OK,,,,,
2026-04-28 4:52:22,-40,0,0,0,0,OK,,,,,
2026-04-28 4:52:54,-40,0,0,0,0,OK,,,,,
2026-04-28 4:53:42,-14.6,211,39.8,392,0,OK,,,,,
2026-04-28 4:55:18,11,82,1.1,392,3276.8,OK,,,,,
2026-04-28 4:55:34,11,127,0.3,392,0,OK,,,,,
2026-04-28 4:55:50,-40,0,0,0,0,OK,,,,,
2026-04-28 4:57:10,11,83,0,482,0,OK,,,,,
2026-04-28 4:57:26,11,83,0,392,0,OK,,,,,
2026-04-28 4:57:58,-40,0,0,0,0,OK,,,,,
2026-04-28 4:58:30,-40,0,0,0,0,OK,,,,,
2026-04-28 4:59:02,-14.6,82,35.8,392,0,OK,,,,,
2026-04-28 5:00:38,-40,0,0,0,0,OK,,,,,
2026-04-28 5:01:10,-40,0,0,0,0,OK,,,,,
2026-04-28 5:01:26,-40,0,0,0,0,OK,,,,,
2026-04-28 5:01:42,-40,0,0,0,0,OK,,,,,
2026-04-28 5:02:14,-40,0,0,0,0,OK,,,,,
2026-04-28 5:02:46,11,82,0.3,392,0,OK,,,,,
2026-04-28 5:03:02,-40,0,0,0,0,OK,,,,,
2026-04-28 5:03:18,-40,0,0,0,0,OK,,,,,
2026-04-28 5:03:34,-40,0,0,0,0,OK,,,,,
2026-04-28 5:03:50,-40,0,0,0,0,OK,,,,,
2026-04-28 5:04:22,-40,0,0,0,0,OK,,,,,
2026-04-28 5:05:26,-40,0,0,0,0,OK,,,,,
2026-04-28 5:05:42,-40,0,0,0,0,OK,,,,,
2026-04-28 5:05:58,-40,0,0,0,0,OK,,,,,
2026-04-28 5:06:46,-40,0,0,0,0,OK,,,,,
2026-04-28 5:07:50,-40,0,0,0,0,OK,,,,,
2026-04-28 5:08:06,-40,0,0,0,0,OK,,,,,
2026-04-28 5:08:38,-40,0,0,0,0,OK,,,,,
2026-04-28 5:08:54,-40,0,0,0,0,OK,,,,,
2026-04-28 5:09:42,-40,0,0,0,0,OK,,,,,
2026-04-28 5:10:30,-40,0,0,0,0,OK,,,,,
2026-04-28 5:10:46,-14.7,94,36,392,0,OK,,,,,
2026-04-28 5:11:34,-40,0,0,0,0,OK,,,,,
2026-04-28 5:11:50,-40,0,0,0,0,OK,,,,,
2026-04-28 5:13:26,-40,0,0,0,0,OK,,,,,
2026-04-28 5:13:42,10.8,82,35,392,0,OK,,,,,
2026-04-28 5:14:30,10.8,82,0.6,392,0,OK,,,,,
2026-04-28 5:14:46,-40,0,0,0,0,OK,,,,,
2026-04-28 5:15:34,-40,0,0,0,0,OK,,,,,
2026-04-28 5:15:50,10.8,82,0,392,0,OK,,,,,
2026-04-28 5:16:06,-40,0,0,0,0,OK,,,,,
2026-04-28 5:16:22,-40,0,0,0,0,OK,,,,,
2026-04-28 5:18:14,-40,0,0,0,0,OK,,,,,
2026-04-28 5:18:46,-40,0,0,0,0,OK,,,,,
2026-04-28 5:19:02,-40,0,0,0,0,OK,,,,,
2026-04-28 5:19:18,-40,0,0,0,0,OK,,,,,
2026-04-28 5:19:34,-40,0,0,0,0,OK,,,,,
2026-04-28 5:20:54,-40,0,0,0,0,OK,,,,,
2026-04-28 5:21:26,10.9,81,0.1,392,0,OK,,,,,
2026-04-28 5:21:42,10.8,81,0.1,392,4915.2,OK,,,,,
2026-04-28 5:21:58,10.8,81,0.1,392,0,OK,,,,,
2026-04-28 5:22:30,10.9,113,0,392,0,OK,,,,,
2026-04-28 5:22:46,-40,0,0,0,0,OK,,,,,
2026-04-28 5:23:02,-40,0,0,0,0,OK,,,,,
2026-04-28 5:23:18,-40,0,0,0,0,OK,,,,,
2026-04-28 5:24:06,-40,0,0,0,0,OK,,,,,
2026-04-28 5:24:22,10.8,81,0.4,504,0,OK,,,,,
2026-04-28 5:24:38,164.4,252,37.9,392,0,OK,,,,,
2026-04-28 5:24:54,-40,0,0,0,0,OK,,,,,
2026-04-28 5:25:10,-40,0,0,0,0,OK,,,,,
2026-04-28 5:26:30,10.8,113,0,392,0,OK,,,,,
2026-04-28 5:26:46,10.8,81,0,392,0,OK,,,,,
2026-04-28 5:27:02,10.8,81,0,392,0,OK,,,,,
2026-04-28 5:27:50,10.8,113,0.3,392,0,OK,,,,,
2026-04-28 5:29:10,-40,0,0,0,0,OK,,,,,
2026-04-28 5:29:26,-40,0,0,0,0,OK,,,,,
2026-04-28 5:29:42,-40,0,0,0,0,OK,,,,,
2026-04-28 5:29:58,-40,0,0,0,0,OK,,,,,
2026-04-28 5:30:14,-40,0,0,0,0,OK,,,,,
2026-04-28 5:30:30,11.1,87,0.8,904,0,OK,,,,,
2026-04-28 5:30:46,-40,0,0,0,0,OK,,,,,
2026-04-28 5:31:02,-40,0,0,0,0,OK,,,,,
2026-04-28 5:31:18,10.9,81,0,504,0,OK,,,,,
2026-04-28 5:31:34,-40,0,0,0,0,OK,,,,,
2026-04-28 5:31:50,10.8,81,0,392,0,OK,,,,,
2026-04-28 5:32:06,-40,0,0,0,0,OK,,,,,
2026-04-28 5:32:22,10.9,81,0.1,28720,0,OK,,,,,
2026-04-28 5:33:42,-40,0,0,0,0,OK,,,,,
2026-04-28 5:33:58,-40,0,0,0,0,OK,,,,,
2026-04-28 5:34:14,11.1,81,0,904,3276.8,OK,,,,,
2026-04-28 5:34:30,10.9,81,0.3,392,12.8,OK,,,,,
2026-04-28 5:35:02,-14.7,81,37,392,0,OK,,,,,
2026-04-28 5:35:18,-40,0,0,0,0,OK,,,,,
2026-04-28 5:36:22,-40,0,0,0,0,OK,,,,,
2026-04-28 5:37:26,-40,0,0,0,0,OK,,,,,
2026-04-28 5:37:42,-40,0,0,0,0,OK,,,,,
2026-04-28 5:37:58,10.8,81,0,1928,0,OK,,,,,
2026-04-28 5:38:30,-40,0,0,0,0,OK,,,,,
2026-04-28 5:39:34,10.8,82,0.6,392,17.6,OK,,,,,
2026-04-28 5:39:50,164.4,82,36.7,392,3276.8,OK,,,,,
2026-04-28 5:40:06,-40,0,0,0,0,OK,,,,,
2026-04-28 5:40:38,-40,0,0,0,0,OK,,,,,
2026-04-28 5:40:54,-40,0,0,0,0,OK,,,,,
2026-04-28 5:42:30,-40,0,0,0,0,OK,,,,,
2026-04-28 5:42:46,10.8,82,1.7,392,0,OK,,,,,
2026-04-28 5:43:18,-14.8,242,44.7,392,0,OK,,,,,
2026-04-28 5:43:34,10.8,82,0.4,392,0,OK,,,,,
2026-04-28 5:43:50,-40,0,0,0,0,OK,,,,,
2026-04-28 5:45:10,-40,0,0,0,0,OK,,,,,
2026-04-28 5:45:26,-40,0,0,0,0,OK,,,,,
2026-04-28 5:45:42,-40,0,0,0,0,OK,,,,,
2026-04-28 5:45:58,-40,0,0,0,0,OK,,,,,
2026-04-28 5:46:30,-40,0,0,0,0,OK,,,,,
2026-04-28 5:46:46,-40,0,0,0,0,OK,,,,,
2026-04-28 5:47:02,11.1,82,0.8,392,0,OK,,,,,
2026-04-28 5:47:18,-40,0,0,0,0,OK,,,,,
2026-04-28 5:47:34,10.7,82,0.4,392,0,OK,,,,,
2026-04-28 5:48:06,-40,0,0,0,0,OK,,,,,
2026-04-28 5:48:22,10.8,82,0,8072,0,OK,,,,,
2026-04-28 5:48:38,-40,0,0,0,0,OK,,,,,
2026-04-28 5:48:54,-40,0,0,0,0,OK,,,,,
2026-04-28 5:49:10,10.8,254,18.1,392,0,OK,,,,,
2026-04-28 5:49:26,-40,0,0,0,0,OK,,,,,
2026-04-28 5:49:42,-40,0,0,0,0,OK,,,,,
2026-04-28 5:49:58,10.8,81,0.3,452,0,OK,,,,,
2026-04-28 5:50:14,-40,0,0,0,0,OK,,,,,
2026-04-28 5:50:30,10.8,81,0.6,392,0,OK,,,,,
2026-04-28 5:50:46,-40,0,0,0,0,OK,,,,,
2026-04-28 5:51:02,-40,0,0,0,0,OK,,,,,
2026-04-28 5:51:18,-40,0,0,0,0,OK,,,,,
2026-04-28 5:51:34,10.7,82,0.1,392,0,OK,,,,,
2026-04-28 5:52:38,-40,0,0,0,0,OK,,,,,
2026-04-28 5:52:54,-40,0,0,0,0,OK,,,,,
2026-04-28 5:53:10,-40,0,0,0,0,OK,,,,,
2026-04-28 5:53:26,-40,0,0,0,0,OK,,,,,
2026-04-28 5:53:58,-40,0,0,0,0,OK,,,,,
2026-04-28 5:54:14,-40,0,0,0,0,OK,,,,,
2026-04-28 5:54:30,-40,0,0,0,0,OK,,,,,
2026-04-28 5:54:46,-40,0,0,0,0,OK,,,,,
2026-04-28 5:55:18,11.1,82,0,392,97.1,OK,,,,,
2026-04-28 5:55:34,-40,0,0,0,0,OK,,,,,
2026-04-28 5:55:50,10.8,82,0,392,124.8,OK,,,,,
2026-04-28 5:56:54,-40,0,0,0,0,OK,,,,,
2026-04-28 5:57:10,-40,0,0,0,0,OK,,,,,
2026-04-28 5:57:26,10.8,82,1.5,392,242.2,OK,,,,,
2026-04-28 5:57:42,10.7,82,0.8,504,268.2,OK,,,,,
2026-04-28 5:57:58,-40,0,0,0,0,OK,,,,,
2026-04-28 5:58:14,10.7,82,0,482,309.8,OK,,,,,
2026-04-28 5:58:46,10.7,114,0.6,408,756.4,OK,,,,,
2026-04-28 5:59:02,-40,0,0,0,0,OK,,,,,
2026-04-28 5:59:18,-40,0,0,0,0,OK,,,,,
2026-04-28 5:59:34,-40,0,0,0,0,OK,,,,,
2026-04-28 5:59:50,10.7,82,0.1,392,434.7,OK,,,,,
2026-04-28 6:00:06,-40,0,0,0,0,OK,,,,,
2026-04-28 6:00:22,-40,0,0,0,0,OK,,,,,
2026-04-28 6:00:38,-40,0,0,0,0,OK,,,,,
2026-04-28 6:00:54,-40,0,0,0,0,OK,,,,,
2026-04-28 6:01:10,10.7,126,0,392,583.9,OK,,,,,
2026-04-28 6:01:26,-40,0,0,0,0,OK,,,,,
2026-04-28 6:01:58,10.7,82,0.7,392,589.5,OK,,,,,
2026-04-28 6:02:14,-40,0,0,0,0,OK,,,,,
2026-04-28 6:02:30,-40,0,0,0,0,OK,,,,,
2026-04-28 6:03:02,-40,0,0,0,0,OK,,,,,
2026-04-28 6:03:18,-40,0,0,0,0,OK,,,,,
2026-04-28 6:03:34,10.8,242,1.7,392,782.5,OK,,,,,
2026-04-28 6:03:50,10.8,82,0.7,392,807.5,OK,,,,,
2026-04-28 6:04:06,-40,0,0,0,0,OK,,,,,
2026-04-28 6:04:22,-40,0,0,0,0,OK,,,,,
2026-04-28 6:04:38,-40,0,0,0,0,OK,,,,,
2026-04-28 6:04:54,-40,0,0,0,0,OK,,,,,
2026-04-28 6:05:10,-40,0,0,0,0,OK,,,,,
2026-04-28 6:05:26,-40,0,0,0,0,OK,,,,,
2026-04-28 6:05:42,-40,0,0,0,0,OK,,,,,
2026-04-28 6:05:58,-40,0,0,0,0,OK,,,,,
2026-04-28 6:06:14,-40,0,0,0,0,OK,,,,,
2026-04-28 6:06:30,10.7,82,0.3,392,1044.7,OK,,,,,
2026-04-28 6:06:46,164.3,82,0,392,5187.2,OK,,,,,
2026-04-28 6:07:02,-14.8,94,35.8,392,1078,OK,,,,,
2026-04-28 6:07:18,10.8,82,0.1,392,1090.5,OK,,,,,
2026-04-28 6:07:34,-40,0,0,0,0,OK,,,,,
2026-04-28 6:07:50,-40,0,0,0,0,OK,,,,,
2026-04-28 6:08:06,-40,0,0,0,0,OK,,,,,
2026-04-28 6:08:22,-40,0,0,0,0,OK,,,,,
2026-04-28 6:08:38,-40,0,0,0,0,OK,,,,,
2026-04-28 6:08:54,-40,0,0,0,0,OK,,,,,
2026-04-28 6:09:10,-40,0,0,0,0,OK,,,,,
2026-04-28 6:09:26,-40,0,0,0,0,OK,,,,,
2026-04-28 6:09:42,10.8,81,0,392,6329.3,OK,,,,,
2026-04-28 6:09:58,-40,0,0,0,0,OK,,,,,
2026-04-28 6:10:14,-40,0,0,0,0,OK,,,,,
2026-04-28 6:10:30,-40,0,0,0,0,OK,,,,,
2026-04-28 6:10:46,-40,0,0,0,0,OK,,,,,
2026-04-28 6:11:02,-40,0,0,0,0,OK,,,,,
2026-04-28 6:11:18,-40,0,0,0,0,OK,,,,,
2026-04-28 6:11:34,-40,0,0,0,0,OK,,,,,
2026-04-28 6:11:50,-40,0,0,0,0,OK,,,,,
2026-04-28 6:12:22,-40,0,0,0,0,OK,,,,,
2026-04-28 6:12:38,-40,0,0,0,0,OK,,,,,
2026-04-28 6:12:54,10.8,81,0.1,392,1198.1,OK,,,,,
2026-04-28 6:13:26,-40,0,0,0,0,OK,,,,,
2026-04-28 6:13:58,-40,0,0,0,0,OK,,,,,
2026-04-28 6:14:14,-40,0,0,0,0,OK,,,,,
2026-04-28 6:14:30,-40,0,0,0,0,OK,,,,,
2026-04-28 6:14:46,-40,0,0,0,0,OK,,,,,
2026-04-28 6:15:02,-40,0,0,0,0,OK,,,,,
2026-04-28 6:15:18,-40,0,0,0,0,OK,,,,,
2026-04-28 6:15:34,-40,0,0,0,0,OK,,,,,
2026-04-28 6:15:50,10.9,112,0.1,392,4296.9,OK,,,,,
2026-04-28 6:16:06,62.1,80,0.7,392,2055.5,OK,,,,,
2026-04-28 6:16:22,-40,0,0,0,0,OK,,,,,
2026-04-28 6:16:38,-40,0,0,0,0,OK,,,,,
2026-04-28 6:16:54,10.9,80,1.1,452,2149.2,OK,,,,,
2026-04-28 6:17:10,-40,0,0,0,0,OK,,,,,
2026-04-28 6:17:26,10.9,80,0.3,392,2185,OK,,,,,
2026-04-28 6:17:42,10.9,80,0.4,8072,2218.3,OK,,,,,
2026-04-28 6:17:58,-40,0,0,0,0,OK,,,,,
2026-04-28 6:18:14,10.9,212,0,65476,2288.6,OK,,,,,
2026-04-28 6:18:30,-40,0,0,0,0,OK,,,,,
2026-04-28 6:18:46,-40,0,0,0,0,OK,,,,,
2026-04-28 6:19:50,-40,0,0,0,0,OK,,,,,
2026-04-28 6:20:06,10.9,81,0,392,2580.9,OK,,,,,
2026-04-28 6:20:22,10.9,81,0.3,392,2629,OK,,,,,
2026-04-28 6:20:38,-40,0,0,0,0,OK,,,,,
2026-04-28 6:20:54,-40,0,0,0,0,OK,,,,,
2026-04-28 6:21:10,10.9,168,0.1,392,4667.7,OK,,,,,
2026-04-28 6:21:26,-40,0,0,0,0,OK,,,,,
2026-04-28 6:21:42,11,80,0.4,392,2858.4,OK,,,,,
2026-04-28 6:21:58,-40,0,0,0,0,OK,,,,,
2026-04-28 6:22:14,11,80,0,1928,2939.8,OK,,,,,
2026-04-28 6:22:30,-40,0,0,0,0,OK,,,,,
2026-04-28 6:22:46,-40,0,0,0,0,OK,,,,,
2026-04-28 6:23:34,-40,0,0,0,0,OK,,,,,
2026-04-28 6:23:50,10.9,80,0,392,3084.1,OK,,,,,
2026-04-28 6:24:06,-40,0,0,0,0,OK,,,,,
2026-04-28 6:24:22,-14.6,80,35.8,504,3120.1,OK,,,,,
2026-04-28 6:24:38,162.3,80,36,392,3128.5,OK,,,,,
2026-04-28 6:24:54,-40,0,0,0,0,OK,,,,,
2026-04-28 6:25:10,-40,0,0,0,0,OK,,,,,
2026-04-28 6:25:26,-40,0,0,0,0,OK,,,,,
2026-04-28 6:25:42,-14.6,80,35.8,392,842063.3,OK,,,,,
2026-04-28 6:25:58,-40,0,0,0,0,OK,,,,,
2026-04-28 6:26:14,-40,0,0,0,0,OK,,,,,
2026-04-28 6:26:30,-40,0,0,0,0,OK,,,,,
2026-04-28 6:26:46,-40,0,0,0,0,OK,,,,,
2026-04-28 6:27:02,11,79,0,392,3365.3,OK,,,,,
2026-04-28 6:27:18,11,79,0,392,1264052.4,OK,,,,,
2026-04-28 6:27:50,-40,0,0,0,0,OK,,,,,
2026-04-28 6:28:22,-40,0,0,0,0,OK,,,,,
2026-04-28 6:28:38,-40,0,0,0,0,OK,,,,,
2026-04-28 6:28:54,-40,0,0,0,0,OK,,,,,
2026-04-28 6:29:10,-40,0,0,0,0,OK,,,,,
2026-04-28 6:29:26,-40,0,0,0,0,OK,,,,,
2026-04-28 6:29:42,-40,0,0,0,0,OK,,,,,
2026-04-28 6:29:58,-40,0,0,0,0,OK,,,,,
2026-04-28 6:30:14,11,95,1.4,392,4068.3,OK,,,,,
2026-04-28 6:30:30,-40,0,0,0,0,OK,,,,,
2026-04-28 6:30:46,-40,0,0,0,0,OK,,,,,
2026-04-28 6:31:02,-40,0,0,0,0,OK,,,,,
2026-04-28 6:31:18,10.9,79,0.7,392,4342.1,OK,,,,,
2026-04-28 6:31:34,-40,0,0,0,0,OK,,,,,
2026-04-28 6:31:50,-40,0,0,0,0,OK,,,,,
2026-04-28 6:32:22,-40,0,0,0,0,OK,,,,,
2026-04-28 6:32:54,-40,0,0,0,0,OK,,,,,
2026-04-28 6:33:10,10.9,206,0.1,392,4679.6,OK,,,,,
2026-04-28 6:33:26,-40,0,0,0,0,OK,,,,,
2026-04-28 6:33:42,11,78,1.3,392,843635.8,OK,,,,,
2026-04-28 6:33:58,-40,0,0,0,0,OK,,,,,
2026-04-28 6:34:14,11,78,1.1,392,4856.4,OK,,,,,
2026-04-28 6:34:30,-40,0,0,0,0,OK,,,,,
2026-04-28 6:34:46,10.9,78,0.3,392,4927.9,OK,,,,,
2026-04-28 6:35:02,-40,0,0,0,0,OK,,,,,
2026-04-28 6:35:18,-14.6,78,36.1,1928,4982.2,OK,,,,,
2026-04-28 6:35:34,-40,0,0,0,0,OK,,,,,
2026-04-28 6:35:50,-40,0,0,0,0,OK,,,,,
2026-04-28 6:36:06,-40,0,0,0,0,OK,,,,,
2026-04-28 6:36:22,-14.6,77,36.3,392,5803.5,OK,,,,,
2026-04-28 6:36:38,-14.6,77,37.1,392,5222,OK,,,,,
2026-04-28 6:36:54,11,77,0.6,392,6236.2,OK,,,,,
2026-04-28 6:37:10,-40,0,0,0,0,OK,,,,,
2026-04-28 6:37:26,-40,0,0,0,0,OK,,,,,
2026-04-28 6:37:42,11,205,0.6,392,844257.4,OK,,,,,
2026-04-28 6:38:14,11,205,18.8,392,844338.8,OK,,,,,
2026-04-28 6:38:30,11,77,0.7,16264,5518.7,OK,,,,,
2026-04-28 6:38:46,11,77,0,392,5552,OK,,,,,
2026-04-28 6:39:02,11,79,0,392,5570.5,OK,,,,,
2026-04-28 6:39:18,-40,0,0,0,0,OK,,,,,
2026-04-28 6:39:34,-40,0,0,0,0,OK,,,,,
2026-04-28 6:39:50,-40,0,0,0,0,OK,,,,,
2026-04-28 6:40:06,-40,0,0,0,0,OK,,,,,
2026-04-28 6:41:10,11,76,0,392,5485.4,OK,,,,,
2026-04-28 6:42:14,-40,0,0,0,0,OK,,,,,
2026-04-28 6:42:30,-40,0,0,0,0,OK,,,,,
2026-04-28 6:42:46,11.1,76,0,452,5600.1,OK,,,,,
2026-04-28 6:43:02,-40,0,0,0,0,OK,,,,,
2026-04-28 6:43:18,-40,0,0,0,0,OK,,,,,
2026-04-28 6:43:34,11.1,252,0,392,5651.9,OK,,,,,
2026-04-28 6:43:50,-40,0,0,0,0,OK,,,,,
2026-04-28 6:44:06,-40,0,0,0,0,OK,,,,,
2026-04-28 6:44:22,-40,0,0,0,0,OK,,,,,
2026-04-28 6:44:38,-40,0,0,0,0,OK,,,,,
2026-04-28 6:44:54,-40,0,0,0,0,OK,,,,,
2026-04-28 6:45:58,-40,0,0,0,0,OK,,,,,
2026-04-28 6:46:14,-40,0,0,0,0,OK,,,,,
2026-04-28 6:46:30,-40,0,0,0,0,OK,,,,,
2026-04-28 6:47:18,-40,0,0,0,0,OK,,,,,
2026-04-28 6:47:34,-40,0,0,0,0,OK,,,,,
2026-04-28 6:47:50,-40,0,0,0,0,OK,,,,,
2026-04-28 6:48:06,11.1,95,0.6,452,6348.8,OK,,,,,
2026-04-28 6:48:22,-40,0,0,0,0,OK,,,,,
2026-04-28 6:48:38,11.1,75,0.3,392,6241.9,OK,,,,,
2026-04-28 6:49:10,11.1,76,0,392,6306.8,OK,,,,,
2026-04-28 6:49:26,-40,0,0,0,0,OK,,,,,
2026-04-28 6:49:42,-40,0,0,0,0,OK,,,,,
2026-04-28 6:49:58,-40,0,0,0,0,OK,,,,,
2026-04-28 6:50:30,-40,0,0,0,0,OK,,,,,
2026-04-28 6:50:46,11.1,76,0,392,6669.4,OK,,,,,
2026-04-28 6:51:02,-40,0,0,0,0,OK,,,,,
2026-04-28 6:51:18,-40,0,0,0,0,OK,,,,,
2026-04-28 6:51:34,-40,0,0,0,0,OK,,,,,
2026-04-28 6:51:50,-40,0,0,0,0,OK,,,,,
2026-04-28 6:52:06,11.2,75,26.9,392,7043.1,OK,,,,,
2026-04-28 6:52:22,-40,0,0,0,0,OK,,,,,
2026-04-28 6:52:38,-40,0,0,0,0,OK,,,,,
2026-04-28 6:52:54,-40,0,0,0,0,OK,,,,,
2026-04-28 6:53:10,11.2,75,0.8,392,7276.2,OK,,,,,
2026-04-28 6:53:26,-40,0,0,0,0,OK,,,,,
2026-04-28 6:53:42,11.2,251,18.5,392,1421217.5,OK,,,,,
2026-04-28 6:53:58,-40,0,0,0,0,OK,,,,,
2026-04-28 6:54:14,-40,0,0,0,0,OK,,,,,
2026-04-28 6:54:30,-40,0,0,0,0,OK,,,,,
2026-04-28 6:55:34,-40,0,0,0,0,OK,,,,,
2026-04-28 6:55:50,-40,0,0,0,0,OK,,,,,
2026-04-28 6:56:06,11.2,76,0,392,7561.1,OK,,,,,
2026-04-28 6:56:22,-40,0,0,0,0,OK,,,,,
2026-04-28 6:56:38,-40,0,0,0,0,OK,,,,,
2026-04-28 6:56:54,126.3,76,0,392,630332.4,OK,,,,,
2026-04-28 6:57:10,-40,0,0,0,0,OK,,,,,
2026-04-28 6:58:14,-40,0,0,0,0,OK,,,,,
2026-04-28 6:58:30,-40,0,0,0,0,OK,,,,,
2026-04-28 6:58:46,-40,0,0,0,0,OK,,,,,
2026-04-28 6:59:02,-40,0,0,0,0,OK,,,,,
2026-04-28 6:59:18,-40,0,0,0,0,OK,,,,,
2026-04-28 6:59:34,-40,0,0,0,0,OK,,,,,
2026-04-28 6:59:50,-40,0,0,0,0,OK,,,,,
2026-04-28 7:00:06,-40,0,0,0,0,OK,,,,,
2026-04-28 7:00:22,-40,0,0,0,0,OK,,,,,
2026-04-28 7:00:38,11.3,74,0.1,392,8822.8,OK,,,,,
2026-04-28 7:00:55,-40,0,0,0,0,OK,,,,,
2026-04-28 7:01:10,-40,0,0,0,0,OK,,,,,
2026-04-28 7:02:30,-40,0,0,0,0,OK,,,,,
2026-04-28 7:02:46,-40,0,0,0,0,OK,,,,,
2026-04-28 7:03:02,-40,0,0,0,0,OK,,,,,
2026-04-28 7:03:18,-40,0,0,0,0,OK,,,,,
2026-04-28 7:03:34,-40,0,0,0,0,OK,,,,,
2026-04-28 7:04:06,-40,0,0,0,0,OK,,,,,
2026-04-28 7:04:22,11.3,74,0,392,10237.8,OK,,,,,
2026-04-28 7:04:38,-40,0,0,0,0,OK,,,,,
2026-04-28 7:05:26,113.8,74,0,34816,1674276,OK,,,,,
2026-04-28 7:05:42,11.4,74,0.1,392,10458.2,OK,,,,,
2026-04-28 7:05:58,-40,0,0,0,0,OK,,,,,
2026-04-28 7:06:14,-40,0,0,0,0,OK,,,,,
2026-04-28 7:07:02,11.5,73,0.1,392,10580,OK,,,,,
2026-04-28 7:07:18,11.5,73,0,392,10603.2,OK,,,,,
2026-04-28 7:07:50,11.5,73,1.4,392,12302.5,OK,,,,,
2026-04-28 7:08:06,-40,0,0,0,0,OK,,,,,
2026-04-28 7:08:22,-40,0,0,0,0,OK,,,,,
2026-04-28 7:08:38,-40,0,0,0,0,OK,,,,,
2026-04-28 7:08:54,12.7,73,0.1,392,10846.7,OK,,,,,
2026-04-28 7:09:10,-40,0,0,0,0,OK,,,,,
2026-04-28 7:09:26,-40,0,0,0,0,OK,,,,,
2026-04-28 7:09:42,-40,0,0,0,0,OK,,,,,
2026-04-28 7:10:14,-40,0,0,0,0,OK,,,,,
2026-04-28 7:10:30,-40,0,0,0,0,OK,,,,,
2026-04-28 7:10:46,11.5,72,0.4,392,11934.5,OK,,,,,
2026-04-28 7:11:02,-40,0,0,0,0,OK,,,,,
2026-04-28 7:11:18,-40,0,0,0,0,OK,,,,,
2026-04-28 7:11:34,12.7,73,0.1,392,10826.5,OK,,,,,
2026-04-28 7:11:50,-40,0,0,0,0,OK,,,,,
2026-04-28 7:12:06,-40,0,0,0,0,OK,,,,,
2026-04-28 7:12:22,11.5,73,0.1,392,10991.8,OK,,,,,
2026-04-28 7:12:38,-40,0,0,0,0,OK,,,,,
2026-04-28 7:12:54,-40,0,0,0,0,OK,,,,,
2026-04-28 7:13:10,123.2,210,36.1,392,11096.2,OK,,,,,
2026-04-28 7:13:26,-40,0,0,0,0,OK,,,,,
2026-04-28 7:13:42,-40,0,0,0,0,OK,,,,,
2026-04-28 7:13:58,-40,0,0,0,0,OK,,,,,
2026-04-28 7:14:14,-40,0,0,0,0,OK,,,,,
2026-04-28 7:14:30,-40,0,0,0,0,OK,,,,,
2026-04-28 7:14:46,-40,0,0,0,0,OK,,,,,
2026-04-28 7:15:18,114.8,186,49.3,392,11632.7,OK,,,,,
2026-04-28 7:15:34,123.2,58,49.3,392,12274.2,OK,,,,,
2026-04-28 7:15:50,-40,0,0,0,0,OK,,,,,
2026-04-28 7:16:06,-40,0,0,0,0,OK,,,,,
2026-04-28 7:16:22,62.7,72,72.1,392,11957.5,OK,,,,,
2026-04-28 7:16:38,11.5,72,1.1,392,1676687.9,OK,,,,,
2026-04-28 7:17:10,-40,0,0,0,0,OK,,,,,
2026-04-28 7:17:26,-40,0,0,0,0,OK,,,,,
2026-04-28 7:17:42,11.5,73,0,392,12436,OK,,,,,
2026-04-28 7:17:58,-40,0,0,0,0,OK,,,,,
2026-04-28 7:18:14,-40,0,0,0,0,OK,,,,,
2026-04-28 7:18:30,-40,0,0,0,0,OK,,,,,
2026-04-28 7:18:46,-40,0,0,0,0,OK,,,,,
2026-04-28 7:19:02,-40,0,0,0,0,OK,,,,,
2026-04-28 7:19:50,-40,0,0,0,0,OK,,,,,
2026-04-28 7:20:06,-40,0,0,0,0,OK,,,,,
2026-04-28 7:20:22,-40,0,0,0,0,OK,,,,,
2026-04-28 7:20:38,-40,0,0,0,0,OK,,,,,
2026-04-28 7:20:54,-40,0,0,0,0,OK,,,,,
2026-04-28 7:21:10,-40,0,0,0,0,OK,,,,,
2026-04-28 7:21:26,-40,0,0,0,0,OK,,,,,
2026-04-28 7:21:58,-40,0,0,0,0,OK,,,,,
2026-04-28 7:22:30,-40,0,0,0,0,OK,,,,,
2026-04-28 7:22:46,-40,0,0,0,0,OK,,,,,
2026-04-28 7:23:02,-40,0,0,0,0,OK,,,,,
2026-04-28 7:23:18,-40,0,0,0,0,OK,,,,,
2026-04-28 7:23:34,132.9,116,49.3,392,632201.1,OK,,,,,
2026-04-28 7:23:50,-11.3,70,36.1,392,15872.5,OK,,,,,
2026-04-28 7:24:06,-40,0,0,0,0,OK,,,,,
2026-04-28 7:24:22,-40,0,0,0,0,OK,,,,,
2026-04-28 7:24:38,-40,0,0,0,0,OK,,,,,
2026-04-28 7:24:54,-40,0,0,0,0,OK,,,,,
2026-04-28 7:25:10,-40,0,0,0,0,OK,,,,,
2026-04-28 7:25:26,-40,0,0,0,0,OK,,,,,
2026-04-28 7:25:42,-40,0,0,0,0,OK,,,,,
2026-04-28 7:25:58,-40,0,0,0,0,OK,,,,,
2026-04-28 7:26:14,-40,0,0,0,0,OK,,,,,
2026-04-28 7:26:30,-40,0,0,0,0,OK,,,,,
2026-04-28 7:26:46,144,116,121,392,15106.9,OK,,,,,
2026-04-28 7:27:18,-40,0,0,0,0,OK,,,,,
2026-04-28 7:27:34,-40,0,0,0,0,OK,,,,,
2026-04-28 7:27:50,12,70,0.7,504,14680.6,OK,,,,,
2026-04-28 7:29:10,-40,0,0,0,0,OK,,,,,
2026-04-28 7:29:26,-40,0,0,0,0,OK,,,,,
2026-04-28 7:29:42,-40,0,0,0,0,OK,,,,,
2026-04-28 7:29:58,-40,0,0,0,0,OK,,,,,
2026-04-28 7:30:30,-40,0,0,0,0,OK,,,,,
2026-04-28 7:30:46,12,69,0.6,65416,14540.5,OK,,,,,
2026-04-28 7:31:02,-40,0,0,0,0,OK,,,,,
2026-04-28 7:31:18,24.4,69,0.4,392,13917.9,OK,,,,,
2026-04-28 7:31:34,12.1,68,0.7,392,13822.2,OK,,,,,
2026-04-28 7:31:50,-40,0,0,0,0,OK,,,,,
2026-04-28 7:32:06,-40,0,0,0,0,OK,,,,,
2026-04-28 7:32:22,-40,0,0,0,0,OK,,,,,
2026-04-28 7:32:38,-40,0,0,0,0,OK,,,,,
2026-04-28 7:32:54,-40,0,0,0,0,OK,,,,,
2026-04-28 7:33:10,-40,0,0,0,0,OK,,,,,
2026-04-28 7:33:26,-40,0,0,0,0,OK,,,,,
2026-04-28 7:33:42,11.9,69,0.6,392,499266.5,OK,,,,,
2026-04-28 7:33:58,11.9,197,0,392,13709.1,OK,,,,,
2026-04-28 7:34:14,-40,0,0,0,0,OK,,,,,
2026-04-28 7:34:30,-40,0,0,0,0,OK,,,,,
2026-04-28 7:34:46,-40,0,0,0,0,OK,,,,,
2026-04-28 7:35:50,12,69,0.7,392,13717.8,OK,,,,,
2026-04-28 7:36:22,-40,0,0,0,0,OK,,,,,
2026-04-28 7:37:26,12.1,69,0.3,392,17928.6,OK,,,,,
2026-04-28 7:37:58,-40,0,0,0,0,OK,,,,,
2026-04-28 7:38:14,-40,0,0,0,0,OK,,,,,
2026-04-28 7:39:02,-40,0,0,0,0,OK,,,,,
2026-04-28 7:39:34,-40,0,0,0,0,OK,,,,,
2026-04-28 7:39:50,-40,0,0,0,0,OK,,,,,
2026-04-28 7:40:22,-40,0,0,0,0,OK,,,,,
2026-04-28 7:40:38,-40,0,0,0,0,OK,,,,,
2026-04-28 7:40:54,-40,0,0,0,0,OK,,,,,
2026-04-28 7:41:10,12.3,68,2.1,392,22501.9,OK,,,,,
2026-04-28 7:42:14,-40,0,0,0,0,OK,,,,,
2026-04-28 7:42:30,-40,0,0,0,0,OK,,,,,
2026-04-28 7:43:02,-40,0,0,0,0,OK,,,,,
2026-04-28 7:43:18,-40,0,0,0,0,OK,,,,,
2026-04-28 7:44:54,-40,0,0,0,0,OK,,,,,
2026-04-28 7:45:10,-40,0,0,0,0,OK,,,,,
2026-04-28 7:46:14,-40,0,0,0,0,OK,,,,,
2026-04-28 7:46:30,-40,0,0,0,0,OK,,,,,
2026-04-28 7:47:34,-40,0,0,0,0,OK,,,,,
2026-04-28 7:48:54,-40,0,0,0,0,OK,,,,,
2026-04-28 7:49:10,12.9,66,0.8,392,209595.8,OK,,,,,
2026-04-28 7:49:42,-40,0,0,0,0,OK,,,,,
2026-04-28 7:50:14,-40,0,0,0,0,OK,,,,,
2026-04-28 7:51:18,-40,0,0,0,0,OK,,,,,
2026-04-28 7:51:34,-40,0,0,0,0,OK,,,,,
2026-04-28 7:52:06,-40,0,0,0,0,OK,,,,,
2026-04-28 7:52:22,-12.7,64,52.9,8072,27310.1,OK,,,,,
2026-04-28 7:52:38,-40,0,0,0,0,OK,,,,,
2026-04-28 7:53:10,-40,0,0,0,0,OK,,,,,
2026-04-28 7:53:42,12.9,64,0.1,904,23079,OK,,,,,
2026-04-28 7:54:14,-40,0,0,0,0,OK,,,,,
2026-04-28 7:54:30,-40,0,0,0,0,OK,,,,,
2026-04-28 7:54:46,13,64,0.7,1928,22818,OK,,,,,
2026-04-28 7:55:50,-40,0,0,0,0,OK,,,,,
2026-04-28 7:56:22,-40,0,0,0,0,OK,,,,,
2026-04-28 7:56:54,-40,0,0,0,0,OK,,,,,
2026-04-28 7:57:10,-40,0,0,0,0,OK,,,,,
2026-04-28 7:57:26,-40,0,0,0,0,OK,,,,,
2026-04-28 7:57:42,-40,0,0,0,0,OK,,,,,
2026-04-28 7:57:58,-40,0,0,0,0,OK,,,,,
2026-04-28 7:58:14,-40,0,0,0,0,OK,,,,,
2026-04-28 7:59:34,-40,0,0,0,0,OK,,,,,
2026-04-28 7:59:50,12.9,64,0.7,392,22911.9,OK,,,,,
2026-04-28 8:00:22,-40,0,0,0,0,OK,,,,,
2026-04-28 8:01:58,-40,0,0,0,0,OK,,,,,
2026-04-28 8:02:30,-40,0,0,0,0,OK,,,,,
2026-04-28 8:02:46,-40,0,0,0,0,OK,,,,,
2026-04-28 8:04:06,-40,0,0,0,0,OK,,,,,
2026-04-28 8:04:38,-40,0,0,0,0,OK,,,,,
2026-04-28 8:05:26,-40,0,0,0,0,OK,,,,,
2026-04-28 8:05:42,-40,0,0,0,0,OK,,,,,
2026-04-28 8:06:30,-40,0,0,0,0,OK,,,,,
2026-04-28 8:07:34,138.7,159,36.4,392,1660528.9,OK,,,,,
2026-04-28 8:07:50,-40,0,0,0,0,OK,,,,,
2026-04-28 8:08:54,-40,0,0,0,0,OK,,,,,
2026-04-28 8:09:10,-40,0,0,0,0,OK,,,,,
2026-04-28 8:09:58,-40,0,0,0,0,OK,,,,,
2026-04-28 8:10:14,-40,0,0,0,0,OK,,,,,
2026-04-28 8:10:30,-40,0,0,0,0,OK,,,,,
2026-04-28 8:11:18,-40,0,0,0,0,OK,,,,,
2026-04-28 8:11:50,-40,0,0,0,0,OK,,,,,
2026-04-28 8:12:06,-40,0,0,0,0,OK,,,,,
2026-04-28 8:12:38,-40,0,0,0,0,OK,,,,,
2026-04-28 8:13:58,-40,0,0,0,0,OK,,,,,
2026-04-28 8:15:02,-40,0,0,0,0,OK,,,,,
2026-04-28 8:15:18,-40,0,0,0,0,OK,,,,,
2026-04-28 8:15:50,-40,0,0,0,0,OK,,,,,
2026-04-28 8:16:06,-40,0,0,0,0,OK,,,,,
2026-04-28 8:16:22,-40,0,0,0,0,OK,,,,,
2026-04-28 8:16:54,-40,0,0,0,0,OK,,,,,
2026-04-28 8:17:26,-40,0,0,0,0,OK,,,,,
2026-04-28 8:17:42,-40,0,0,0,0,OK,,,,,
2026-04-28 8:18:30,-40,0,0,0,0,OK,,,,,
2026-04-28 8:19:02,-40,0,0,0,0,OK,,,,,
2026-04-28 8:19:50,-40,0,0,0,0,OK,,,,,
2026-04-28 8:20:07,-40,0,0,0,0,OK,,,,,
2026-04-28 8:20:38,-40,0,0,0,0,OK,,,,,
2026-04-28 8:21:26,-40,0,0,0,0,OK,,,,,
2026-04-28 8:21:42,-40,0,0,0,0,OK,,,,,
2026-04-28 8:21:58,-40,0,0,0,0,OK,,,,,
2026-04-28 8:22:14,-40,0,0,0,0,OK,,,,,
2026-04-28 8:23:02,-40,0,0,0,0,OK,,,,,
2026-04-28 8:23:18,-40,0,0,0,0,OK,,,,,
2026-04-28 8:24:06,-40,0,0,0,0,OK,,,,,
2026-04-28 8:24:22,-40,0,0,0,0,OK,,,,,
2026-04-28 8:24:38,-40,0,0,0,0,OK,,,,,
2026-04-28 8:24:54,-40,0,0,0,0,OK,,,,,
2026-04-28 8:25:10,-40,0,0,0,0,OK,,,,,
2026-04-28 8:25:26,-40,0,0,0,0,OK,,,,,
2026-04-28 8:25:42,-40,0,0,0,0,OK,,,,,
2026-04-28 8:25:58,-40,0,0,0,0,OK,,,,,
2026-04-28 8:26:14,13.2,61,0.8,392,40258.6,OK,,,,,
2026-04-28 8:27:02,-40,0,0,0,0,OK,,,,,
2026-04-28 8:27:18,-40,0,0,0,0,OK,,,,,
2026-04-28 8:28:06,13.9,60,0,392,42598.3,OK,,,,,
2026-04-28 8:28:22,-40,0,0,0,0,OK,,,,,
2026-04-28 8:28:38,-40,0,0,0,0,OK,,,,,
2026-04-28 8:28:54,-40,0,0,0,0,OK,,,,,
2026-04-28 8:29:26,-40,0,0,0,0,OK,,,,,
2026-04-28 8:29:42,-40,0,0,0,0,OK,,,,,
2026-04-28 8:29:58,-40,0,0,0,0,OK,,,,,
2026-04-28 8:30:14,-40,0,0,0,0,OK,,,,,
2026-04-28 8:30:30,-40,0,0,0,0,OK,,,,,
2026-04-28 8:30:46,-40,0,0,0,0,OK,,,,,
2026-04-28 8:31:02,-40,0,0,0,0,OK,,,,,
2026-04-28 8:31:18,-40,0,0,0,0,OK,,,,,
2026-04-28 8:31:34,-40,0,0,0,0,OK,,,,,
2026-04-28 8:31:50,-40,0,0,0,0,OK,,,,,
2026-04-28 8:32:06,-40,0,0,0,0,OK,,,,,
2026-04-28 8:32:38,-40,0,0,0,0,OK,,,,,
2026-04-28 8:33:10,-40,0,0,0,0,OK,,,,,
2026-04-28 8:33:26,-40,0,0,0,0,OK,,,,,
2026-04-28 8:33:42,-40,0,0,0,0,OK,,,,,
2026-04-28 8:33:58,-40,0,0,0,0,OK,,,,,
2026-04-28 8:34:14,-40,0,0,0,0,OK,,,,,
2026-04-28 8:34:30,-40,0,0,0,0,OK,,,,,
2026-04-28 8:34:46,-40,0,0,0,0,OK,,,,,
2026-04-28 8:35:02,-40,0,0,0,0,OK,,,,,
2026-04-28 8:35:18,-40,0,0,0,0,OK,,,,,
2026-04-28 8:35:34,-40,0,0,0,0,OK,,,,,
2026-04-28 8:36:06,-40,0,0,0,0,OK,,,,,
2026-04-28 8:36:22,-40,0,0,0,0,OK,,,,,
2026-04-28 8:36:38,-40,0,0,0,0,OK,,,,,
2026-04-28 8:36:54,-40,0,0,0,0,OK,,,,,
2026-04-28 8:37:10,-40,0,0,0,0,OK,,,,,
2026-04-28 8:37:26,-40,0,0,0,0,OK,,,,,
2026-04-28 8:37:42,-40,0,0,0,0,OK,,,,,
2026-04-28 8:37:58,-40,0,0,0,0,OK,,,,,
2026-04-28 8:38:14,-40,0,0,0,0,OK,,,,,
2026-04-28 8:38:30,-40,0,0,0,0,OK,,,,,
2026-04-28 8:38:46,-40,0,0,0,0,OK,,,,,
2026-04-28 8:39:34,-40,0,0,0,0,OK,,,,,
2026-04-28 8:39:50,-40,0,0,0,0,OK,,,,,
2026-04-28 8:40:06,-40,0,0,0,0,OK,,,,,
2026-04-28 8:40:22,-40,0,0,0,0,OK,,,,,
2026-04-28 8:40:38,13.9,60,0.1,392,45158.3,OK,,,,,
2026-04-28 8:40:54,-40,0,0,0,0,OK,,,,,
2026-04-28 8:41:10,-11.6,60,36.1,392,39270.2,OK,,,,,
2026-04-28 8:41:26,-40,0,0,0,0,OK,,,,,
2026-04-28 8:41:42,-40,0,0,0,0,OK,,,,,
2026-04-28 8:41:58,-40,0,0,0,0,OK,,,,,
2026-04-28 8:42:14,-40,0,0,0,0,OK,,,,,
2026-04-28 8:42:30,-40,0,0,0,0,OK,,,,,
2026-04-28 8:42:46,-40,0,0,0,0,OK,,,,,
2026-04-28 8:43:02,-40,0,0,0,0,OK,,,,,
2026-04-28 8:43:18,-40,0,0,0,0,OK,,,,,
2026-04-28 8:43:50,-40,0,0,0,0,OK,,,,,
2026-04-28 8:44:06,-40,0,0,0,0,OK,,,,,
2026-04-28 8:44:22,-40,0,0,0,0,OK,,,,,
2026-04-28 8:44:38,-40,0,0,0,0,OK,,,,,
2026-04-28 8:44:54,14.6,59,0.1,392,92452.5,OK,,,,,
2026-04-28 8:45:10,-40,0,0,0,0,OK,,,,,
2026-04-28 8:45:26,-40,0,0,0,0,OK,,,,,
2026-04-28 8:45:42,20.9,58,1,392,90729.9,OK,,,,,
2026-04-28 8:45:58,14.4,58,1.7,2040,1677065.1,OK,,,,,
2026-04-28 8:46:14,-40,0,0,0,0,OK,,,,,
2026-04-28 8:46:30,-40,0,0,0,0,OK,,,,,
2026-04-28 8:46:46,14.1,59,2.7,392,859612.3,OK,,,,,
2026-04-28 8:47:02,13.9,59,0.8,392,41842,OK,,,,,
2026-04-28 8:47:18,-40,0,0,0,0,OK,,,,,
2026-04-28 8:47:34,-40,0,0,0,0,OK,,,,,
2026-04-28 8:48:22,-40,0,0,0,0,OK,,,,,
2026-04-28 8:48:38,-40,0,0,0,0,OK,,,,,
2026-04-28 8:48:54,-40,0,0,0,0,OK,,,,,
2026-04-28 8:49:10,-40,0,0,0,0,OK,,,,,
2026-04-28 8:49:26,-40,0,0,0,0,OK,,,,,
2026-04-28 8:49:58,13.6,60,0.6,2018,44420.1,OK,,,,,
2026-04-28 8:51:02,-40,0,0,0,0,OK,,,,,
2026-04-28 8:51:18,-40,0,0,0,0,OK,,,,,
2026-04-28 8:51:34,13.5,61,8,392,44145.8,OK,,,,,
2026-04-28 8:52:54,13.6,61,1,392,37924.1,OK,,,,,
2026-04-28 8:53:10,-40,0,0,0,0,OK,,,,,
2026-04-28 8:53:26,-40,0,0,0,0,OK,,,,,
2026-04-28 8:53:42,-40,0,0,0,0,OK,,,,,
2026-04-28 8:54:30,-40,0,0,0,0,OK,,,,,
2026-04-28 8:54:46,-40,0,0,0,0,OK,,,,,
2026-04-28 8:55:02,13.5,61,1.5,392,34003.3,OK,,,,,
2026-04-28 8:55:18,-40,0,0,0,0,OK,,,,,
2026-04-28 8:56:22,-40,0,0,0,0,OK,,,,,
2026-04-28 8:56:38,13.5,60,1.1,3976,41128.6,OK,,,,,
2026-04-28 8:56:54,-40,0,0,0,0,OK,,,,,
2026-04-28 8:57:10,-40,0,0,0,0,OK,,,,,
2026-04-28 8:57:26,-40,0,0,0,0,OK,,,,,
2026-04-28 8:57:42,13.7,60,0.1,392,47195.4,OK,,,,,
2026-04-28 8:58:14,-40,0,0,0,0,OK,,,,,
2026-04-28 8:59:18,-40,0,0,0,0,OK,,,,,
2026-04-28 8:59:34,-40,0,0,0,0,OK,,,,,
2026-04-28 8:59:50,-40,0,0,0,0,OK,,,,,
2026-04-28 9:00:06,-40,0,0,0,0,OK,,,,,
2026-04-28 9:00:54,-40,0,0,0,0,OK,,,,,
2026-04-28 9:01:10,116.1,60,1.3,392,41668,OK,,,,,
2026-04-28 9:01:26,-40,0,0,0,0,OK,,,,,
2026-04-28 9:01:58,-40,0,0,0,0,OK,,,,,
2026-04-28 9:02:14,13.7,60,1.8,392,44814.5,OK,,,,,
2026-04-28 9:03:18,-40,0,0,0,0,OK,,,,,
2026-04-28 9:04:38,-40,0,0,0,0,OK,,,,,
2026-04-28 9:05:10,13.9,60,0.3,392,47990,OK,,,,,
2026-04-28 9:05:42,-40,0,0,0,0,OK,,,,,
2026-04-28 9:05:58,-40,0,0,0,0,OK,,,,,
2026-04-28 9:06:14,-40,0,0,0,0,OK,,,,,
2026-04-28 9:06:30,-40,0,0,0,0,OK,,,,,
2026-04-28 9:07:02,13.7,60,0.7,65506,41357.7,OK,,,,,
2026-04-28 9:07:18,13.8,60,0.3,392,43745.9,OK,,,,,
2026-04-28 9:07:34,-40,0,0,0,0,OK,,,,,
2026-04-28 9:08:38,14.2,59,0.1,392,46658.9,OK,,,,,
2026-04-28 9:08:54,-40,0,0,0,0,OK,,,,,
2026-04-28 9:09:10,-40,0,0,0,0,OK,,,,,
2026-04-28 9:09:26,14.2,58,1.3,392,832687.8,OK,,,,,
2026-04-28 9:09:42,14,58,35.6,504,46722.7,OK,,,,,
2026-04-28 9:10:46,-40,0,0,0,0,OK,,,,,
2026-04-28 9:11:02,-40,0,0,0,0,OK,,,,,
2026-04-28 9:11:18,-40,0,0,0,0,OK,,,,,
2026-04-28 9:11:50,-40,0,0,0,0,OK,,,,,
2026-04-28 9:12:22,-40,0,0,0,0,OK,,,,,
2026-04-28 9:12:38,-40,0,0,0,0,OK,,,,,
2026-04-28 9:12:54,-40,0,0,0,0,OK,,,,,
2026-04-28 9:13:10,-40,0,0,0,0,OK,,,,,
2026-04-28 9:13:26,14.4,63,0.4,904,47510.5,OK,,,,,
2026-04-28 9:13:58,14.5,58,0.4,392,53216.3,OK,,,,,
2026-04-28 9:14:14,-40,0,0,0,0,OK,,,,,
2026-04-28 9:14:30,-40,0,0,0,0,OK,,,,,
2026-04-28 9:14:46,-40,0,0,0,0,OK,,,,,
2026-04-28 9:15:02,-40,0,0,0,0,OK,,,,,
2026-04-28 9:15:18,-40,0,0,0,0,OK,,,,,
2026-04-28 9:15:50,-40,0,0,0,0,OK,,,,,
2026-04-28 9:16:06,-40,0,0,0,0,OK,,,,,
2026-04-28 9:16:22,14.4,57,1,392,581617.4,OK,,,,,
2026-04-28 9:16:38,-40,0,0,0,0,OK,,,,,
2026-04-28 9:16:54,-40,0,0,0,0,OK,,,,,
2026-04-28 9:17:10,-11.3,57,36.4,440,45757,OK,,,,,
2026-04-28 9:17:26,14.3,58,0,392,45872.2,OK,,,,,
2026-04-28 9:17:42,-40,0,0,0,0,OK,,,,,
2026-04-28 9:17:58,14.4,58,0.1,392,43352.3,OK,,,,,
2026-04-28 9:18:14,-40,0,0,0,0,OK,,,,,
2026-04-28 9:18:30,-40,0,0,0,0,OK,,,,,
2026-04-28 9:18:46,116.8,58,0.7,392,45318.3,OK,,,,,
2026-04-28 9:19:02,-40,0,0,0,0,OK,,,,,
2026-04-28 9:19:18,14.5,58,2.8,392,45052.3,OK,,,,,
2026-04-28 9:19:34,14.1,58,1.5,994,43294.9,OK,,,,,
2026-04-28 9:19:50,-40,0,0,0,0,OK,,,,,
2026-04-28 9:20:06,-40,0,0,0,0,OK,,,,,
2026-04-28 9:20:22,155.9,108,64.7,440,42941.1,OK,,,,,
2026-04-28 9:20:54,-40,0,0,0,0,OK,,,,,
2026-04-28 9:21:10,-40,0,0,0,0,OK,,,,,
2026-04-28 9:21:26,-40,0,0,0,0,OK,,,,,
2026-04-28 9:21:42,116.2,60,37.1,392,50686.2,OK,,,,,
2026-04-28 9:21:58,-11.8,60,36.1,32648,41224.3,OK,,,,,
2026-04-28 9:22:14,-40,0,0,0,0,OK,,,,,
2026-04-28 9:22:30,-11.8,59,36.3,504,1462692.9,OK,,,,,
2026-04-28 9:22:46,-40,0,0,0,0,OK,,,,,
2026-04-28 9:23:02,-40,0,0,0,0,OK,,,,,
2026-04-28 9:23:18,-40,0,0,0,0,OK,,,,,
2026-04-28 9:23:34,-40,0,0,0,0,OK,,,,,
2026-04-28 9:23:50,-40,0,0,0,0,OK,,,,,
2026-04-28 9:24:38,-40,0,0,0,0,OK,,,,,
2026-04-28 9:24:54,-40,0,0,0,0,OK,,,,,
2026-04-28 9:25:10,-40,0,0,0,0,OK,,,,,
2026-04-28 9:25:26,-40,0,0,0,0,OK,,,,,
2026-04-28 9:25:42,-40,0,0,0,0,OK,,,,,
2026-04-28 9:25:58,-40,0,0,0,0,OK,,,,,
2026-04-28 9:26:14,-40,0,0,0,0,OK,,,,,
2026-04-28 9:26:30,-40,0,0,0,0,OK,,,,,
2026-04-28 9:26:46,14.3,157,1.3,392,97086.7,OK,,,,,
2026-04-28 9:27:02,-40,0,0,0,0,OK,,,,,
2026-04-28 9:27:18,-40,0,0,0,0,OK,,,,,
2026-04-28 9:27:34,-40,0,0,0,0,OK,,,,,
2026-04-28 9:27:50,-40,0,0,0,0,OK,,,,,
2026-04-28 9:28:06,14.1,58,2.2,392,44022.8,OK,,,,,
2026-04-28 9:28:22,-40,0,0,0,0,OK,,,,,
2026-04-28 9:28:54,-40,0,0,0,0,OK,,,,,
2026-04-28 9:29:10,-40,0,0,0,0,OK,,,,,
2026-04-28 9:29:26,-40,0,0,0,0,OK,,,,,
2026-04-28 9:29:42,13.9,60,1,392,51646.9,OK,,,,,
2026-04-28 9:30:14,-40,0,0,0,0,OK,,,,,
2026-04-28 9:30:46,-40,0,0,0,0,OK,,,,,
2026-04-28 9:31:02,-40,0,0,0,0,OK,,,,,
2026-04-28 9:31:18,-40,0,0,0,0,OK,,,,,
2026-04-28 9:31:34,-40,0,0,0,0,OK,,,,,
2026-04-28 9:31:50,13.9,158,0.3,392,61772.6,OK,,,,,
2026-04-28 9:32:06,-40,0,0,0,0,OK,,,,,
2026-04-28 9:32:22,-40,0,0,0,0,OK,,,,,
2026-04-28 9:32:38,-40,0,0,0,0,OK,,,,,
2026-04-28 9:32:54,14.4,58,1.1,392,53775.5,OK,,,,,
2026-04-28 9:33:10,116.7,58,1,8072,52228.8,OK,,,,,
2026-04-28 9:33:26,-40,0,0,0,0,OK,,,,,
2026-04-28 9:33:42,14.3,59,0.1,3976,1193555,OK,,,,,
2026-04-28 9:33:58,14.3,62,1.3,392,1156467.1,OK,,,,,
2026-04-28 9:34:14,-40,0,0,0,0,OK,,,,,
2026-04-28 9:34:30,142.3,59,37.4,452,1675685,OK,,,,,
2026-04-28 9:34:46,-40,0,0,0,0,OK,,,,,
2026-04-28 9:35:02,23.8,58,1.5,392,45848.1,OK,,,,,
2026-04-28 9:35:34,-40,0,0,0,0,OK,,,,,
2026-04-28 9:35:50,14.3,58,0.6,49378,51783.2,OK,,,,,
2026-04-28 9:36:06,-40,0,0,0,0,OK,,,,,
2026-04-28 9:36:22,-40,0,0,0,0,OK,,,,,
2026-04-28 9:36:38,-40,0,0,0,0,OK,,,,,
2026-04-28 9:36:54,21.1,57,18.2,440,44620.6,OK,,,,,
2026-04-28 9:37:10,-40,0,0,0,0,OK,,,,,
2026-04-28 9:37:26,-40,0,0,0,0,OK,,,,,
2026-04-28 9:37:42,15,56,2,392,44193.7,OK,,,,,
2026-04-28 9:37:58,-40,0,0,0,0,OK,,,,,
2026-04-28 9:38:14,14.7,57,1.1,65476,45272.3,OK,,,,,
2026-04-28 9:38:46,-40,0,0,0,0,OK,,,,,
2026-04-28 9:39:02,14.6,250,18.1,392,864443.7,OK,,,,,
2026-04-28 9:39:18,-40,0,0,0,0,OK,,,,,
2026-04-28 9:39:34,-40,0,0,0,0,OK,,,,,
2026-04-28 9:39:50,14.8,57,1.8,392,319474.6,OK,,,,,
2026-04-28 9:40:06,-40,0,0,0,0,OK,,,,,
2026-04-28 9:40:22,14.5,57,2,392,49663.7,OK,,,,,
2026-04-28 9:40:38,-40,0,0,0,0,OK,,,,,
2026-04-28 9:40:54,14.4,58,1,392,51634.2,OK,,,,,
2026-04-28 9:41:10,14.3,58,1.5,392,45822.6,OK,,,,,
2026-04-28 9:41:26,14.3,58,0.3,392,413361.8,OK,,,,,
2026-04-28 9:41:42,14.3,58,1,392,1673871.5,OK,,,,,
2026-04-28 9:41:58,-40,0,0,0,0,OK,,,,,
2026-04-28 9:42:14,-40,0,0,0,0,OK,,,,,
2026-04-28 9:42:30,-40,0,0,0,0,OK,,,,,
2026-04-28 9:42:46,14.2,59,0.8,392,45554,OK,,,,,
2026-04-28 9:43:02,-40,0,0,0,0,OK,,,,,
2026-04-28 9:43:18,17.5,59,2.7,392,45690.3,OK,,,,,
2026-04-28 9:43:34,13.9,59,2.4,392,44031.5,OK,,,,,
2026-04-28 9:43:50,-40,0,0,0,0,OK,,,,,
2026-04-28 9:44:06,-40,0,0,0,0,OK,,,,,
2026-04-28 9:44:22,-40,0,0,0,0,OK,,,,,
2026-04-28 9:44:38,13.7,60,0.8,392,45272.7,OK,,,,,
2026-04-28 9:44:54,-40,0,0,0,0,OK,,,,,
2026-04-28 9:45:10,13.8,60,1.5,440,46607.8,OK,,,,,
2026-04-28 9:45:26,-40,0,0,0,0,OK,,,,,
2026-04-28 9:45:42,13.8,60,1.4,392,408587.2,OK,,,,,
2026-04-28 9:45:58,13.7,60,1.1,392,50747.9,OK,,,,,
2026-04-28 9:46:14,-40,0,0,0,0,OK,,,,,
2026-04-28 9:46:30,-40,0,0,0,0,OK,,,,,
2026-04-28 9:46:46,-40,0,0,0,0,OK,,,,,
2026-04-28 9:47:02,14,60,0.3,392,52566.2,OK,,,,,
2026-04-28 9:47:18,-40,0,0,0,0,OK,,,,,
2026-04-28 9:47:34,14.2,59,1.4,392,53468.1,OK,,,,,
2026-04-28 9:47:50,-40,0,0,0,0,OK,,,,,
2026-04-28 9:48:06,-40,0,0,0,0,OK,,,,,
2026-04-28 9:48:22,14.3,58,0.1,452,54015.5,OK,,,,,
2026-04-28 9:48:38,-40,0,0,0,0,OK,,,,,
2026-04-28 9:48:54,14.5,57,1.8,392,56400,OK,,,,,
2026-04-28 9:49:10,14.4,57,2.4,392,55013.8,OK,,,,,
2026-04-28 9:49:26,14.2,58,1.4,392,55553.2,OK,,,,,
2026-04-28 9:49:42,14.2,58,0.8,392,55730.1,OK,,,,,
2026-04-28 9:49:58,14.1,58,0.6,392,56942.3,OK,,,,,
2026-04-28 9:50:14,-40,0,0,0,0,OK,,,,,
2026-04-28 9:50:30,-40,0,0,0,0,OK,,,,,
2026-04-28 9:50:46,14.6,58,0.3,392,52485,OK,,,,,
2026-04-28 9:51:02,14.7,57,1.4,392,56846.6,OK,,,,,
2026-04-28 9:51:18,14.7,57,0.7,392,57325.1,OK,,,,,
2026-04-28 9:51:34,14.8,57,2.1,392,53517.4,OK,,,,,
2026-04-28 9:51:50,-40,0,0,0,0,OK,,,,,
2026-04-28 9:52:06,-40,0,0,0,0,OK,,,,,
2026-04-28 9:52:23,-40,0,0,0,0,OK,,,,,
2026-04-28 9:52:38,-40,0,0,0,0,OK,,,,,
2026-04-28 9:52:54,14.5,58,0,392,54062.6,OK,,,,,
2026-04-28 9:53:10,14.6,58,1,392,56330.4,OK,,,,,
2026-04-28 9:53:26,14.4,122,2.5,392,56382.6,OK,,,,,
2026-04-28 9:53:58,14.4,58,0.6,392,57075.7,OK,,,,,
2026-04-28 9:54:14,-40,0,0,0,0,OK,,,,,
2026-04-28 9:54:30,14.4,62,2,392,636092.2,OK,,,,,
2026-04-28 9:54:47,14.4,58,1.3,392,57763,OK,,,,,
2026-04-28 9:55:02,33.6,58,1.8,392,55419.8,OK,,,,,
2026-04-28 9:55:18,-40,0,0,0,0,OK,,,,,
2026-04-28 9:55:34,14.3,58,0.3,392,54993.5,OK,,,,,
2026-04-28 9:55:50,14.3,58,1.8,392,55527.1,OK,,,,,
2026-04-28 9:56:06,14.2,58,2,392,53038.9,OK,,,,,
2026-04-28 9:56:22,116.5,58,3.9,392,54726.7,OK,,,,,
2026-04-28 9:56:38,13.8,58,2.2,392,54227.9,OK,,,,,
2026-04-28 9:56:54,-40,0,0,0,0,OK,,,,,
2026-04-28 9:57:10,116.3,59,1.5,392,55706.9,OK,,,,,
2026-04-28 9:57:26,14,59,1.5,392,55628.6,OK,,,,,
2026-04-28 9:57:42,14,59,1.5,392,55593.8,OK,,,,,
2026-04-28 9:57:58,13.9,59,1.5,392,54665.8,OK,,,,,
2026-04-28 9:58:14,13.9,59,8.3,392,55857.7,OK,,,,,
2026-04-28 9:58:30,14,59,1.3,392,55550.3,OK,,,,,
2026-04-28 9:58:46,-40,0,0,0,0,OK,,,,,
2026-04-28 9:59:02,-40,0,0,0,0,OK,,,,,
2026-04-28 9:59:18,76.6,58,2.4,392,60606.4,OK,,,,,
2026-04-28 9:59:34,13.9,58,2.2,392,59308.7,OK,,,,,
2026-04-28 9:59:50,-40,0,0,0,0,OK,,,,,
2026-04-28 10:00:06,13.9,59,1.8,392,57452.7,OK,,,,,
2026-04-28 10:00:22,13.9,58,1.3,392,59012.9,OK,,,,,
2026-04-28 10:00:38,-40,0,0,0,0,OK,,,,,
2026-04-28 10:00:54,13.9,59,1,392,60741.3,OK,,,,,
2026-04-28 10:01:10,14,59,0.3,392,60741.3,OK,,,,,
2026-04-28 10:01:26,14,58,1.5,392,61124.1,OK,,,,,
2026-04-28 10:01:42,14.1,58,0.4,392,60851.5,OK,,,,,
2026-04-28 10:01:58,14.3,58,2,392,59047.7,OK,,,,,
2026-04-28 10:02:14,14.3,57,1.5,392,57168.5,OK,,,,,
2026-04-28 10:02:30,-40,0,0,0,0,OK,,,,,
2026-04-28 10:02:46,14.3,57,3.6,392,56458,OK,,,,,
2026-04-28 10:03:02,14.2,57,1.7,392,58401,OK,,,,,
2026-04-28 10:03:18,14.2,57,1.7,392,60259.9,OK,,,,,
2026-04-28 10:03:34,14.3,57,7.8,392,58015.3,OK,,,,,
2026-04-28 10:03:50,14.4,57,0.6,392,55918.6,OK,,,,,
2026-04-28 10:04:06,14.5,57,0.3,392,59726.3,OK,,,,,
2026-04-28 10:04:22,14.6,57,0.7,392,58427.1,OK,,,,,
2026-04-28 10:04:38,14.6,56,0.8,392,56176.7,OK,,,,,
2026-04-28 10:04:54,-40,0,0,0,0,OK,,,,,
2026-04-28 10:05:10,-40,0,0,0,0,OK,,,,,
2026-04-28 10:05:26,14.6,57,17.6,392,56826.3,OK,,,,,
2026-04-28 10:05:42,14.5,156,1.7,392,56646.5,OK,,,,,
2026-04-28 10:05:58,14.4,56,1,392,57771.7,OK,,,,,
2026-04-28 10:06:14,-40,0,0,0,0,OK,,,,,
2026-04-28 10:06:30,-40,0,0,0,0,OK,,,,,
2026-04-28 10:06:46,14.4,57,1.4,392,58195.1,OK,,,,,
2026-04-28 10:07:02,-40,0,0,0,0,OK,,,,,
2026-04-28 10:07:34,14.2,57,2.4,392,58383.6,OK,,,,,
2026-04-28 10:07:50,14.2,58,0.4,392,58374.9,OK,,,,,
2026-04-28 10:08:06,14.4,58,0.6,392,59645.1,OK,,,,,
2026-04-28 10:08:22,14.5,57,1.3,392,60929.8,OK,,,,,
2026-04-28 10:08:38,14.6,56,0.8,392,61683.8,OK,,,,,
2026-04-28 10:08:54,-40,0,0,0,0,OK,,,,,
2026-04-28 10:09:10,-40,0,0,0,0,OK,,,,,
2026-04-28 10:10:14,14.1,57,2,392,59871.3,OK,,,,,
2026-04-28 10:10:30,14.1,57,1.5,392,62614.7,OK,,,,,
2026-04-28 10:10:46,14.1,57,1.8,392,64253.2,OK,,,,,
2026-04-28 10:11:02,14,57,1.3,392,61266.2,OK,,,,,
2026-04-28 10:11:18,91.5,29,8,769,1022585.3,OK,,,,,
2026-04-28 10:11:34,-40,0,0,0,0,OK,,,,,
2026-04-28 10:11:50,13.9,58,1.1,392,58656.2,OK,,,,,
2026-04-28 10:12:06,-40,0,0,0,0,OK,,,,,
2026-04-28 10:12:22,14.3,58,0.1,392,56315.9,OK,,,,,
2026-04-28 10:12:38,-40,0,0,0,0,OK,,,,,
2026-04-28 10:12:54,14.7,57,1.7,392,55405.3,OK,,,,,
2026-04-28 10:13:10,14.6,56,2.1,392,53821.9,OK,,,,,
2026-04-28 10:13:26,14.5,56,2.1,392,49393.6,OK,,,,,
2026-04-28 10:13:58,14.1,58,1.5,392,53236.1,OK,,,,,
2026-04-28 10:14:14,14.1,58,1.3,392,56739.3,OK,,,,,
2026-04-28 10:14:30,17.4,58,0.6,392,57910.9,OK,,,,,
2026-04-28 10:14:46,14.3,58,1.4,392,59621.9,OK,,,,,
2026-04-28 10:15:02,14.5,58,0.3,408,59590,OK,,,,,
2026-04-28 10:15:18,-40,0,0,0,0,OK,,,,,
2026-04-28 10:15:34,14.7,57,0.8,392,374391.9,OK,,,,,
2026-04-28 10:15:50,-40,0,0,0,0,OK,,,,,
2026-04-28 10:16:06,-40,0,0,0,0,OK,,,,,
2026-04-28 10:16:22,-40,0,0,0,0,OK,,,,,
2026-04-28 10:16:38,14.6,57,1.4,392,62545.1,OK,,,,,
2026-04-28 10:16:54,14.7,57,2.2,392,62730.7,OK,,,,,
2026-04-28 10:17:10,14.7,57,1.3,392,62840.9,OK,,,,,
2026-04-28 10:17:26,117.1,57,0.3,392,57009,OK,,,,,
2026-04-28 10:17:42,14.9,57,0.4,392,59900.3,OK,,,,,
2026-04-28 10:17:58,14.9,56,0.1,392,61709.9,OK,,,,,
2026-04-28 10:18:14,-40,0,0,0,0,OK,,,,,
2026-04-28 10:18:30,15.2,55,0.7,392,55886.7,OK,,,,,
2026-04-28 10:18:46,15.3,56,0.3,392,54526.6,OK,,,,,
2026-04-28 10:19:02,-40,0,0,0,0,OK,,,,,
2026-04-28 10:19:18,15.3,55,0.4,392,51617.9,OK,,,,,
2026-04-28 10:19:34,-40,0,0,0,0,OK,,,,,
2026-04-28 10:19:50,15.1,54,1.5,392,1677701.7,OK,,,,,
2026-04-28 10:20:06,-40,0,0,0,0,OK,,,,,
2026-04-28 10:20:22,-10.8,56,108.1,392,41644.8,OK,,,,,
2026-04-28 10:20:38,14.8,56,0,392,44304.1,OK,,,,,
2026-04-28 10:20:54,-40,0,0,0,0,OK,,,,,
2026-04-28 10:21:10,14.8,56,0.4,392,49268.9,OK,,,,,
2026-04-28 10:21:26,15,56,0.7,392,53247.7,OK,,,,,
2026-04-28 10:21:42,15,55,1.7,392,55869.3,OK,,,,,
2026-04-28 10:21:58,14.8,55,2.1,392,58598.2,OK,,,,,
2026-04-28 10:22:30,14.6,56,1.1,392,868718.7,OK,,,,,
2026-04-28 10:22:46,14.6,56,1,392,59073.8,OK,,,,,
2026-04-28 10:23:02,14.5,56,1.5,392,58154.5,OK,,,,,
2026-04-28 10:23:18,14.5,57,1.7,392,54981.9,OK,,,,,
2026-04-28 10:23:34,14.6,56,1.7,392,57154,OK,,,,,
2026-04-28 10:23:50,14.7,56,2,392,59256.5,OK,,,,,
2026-04-28 10:24:06,14.6,55,1.1,392,62226.4,OK,,,,,
2026-04-28 10:24:22,14.5,56,1.8,392,62133.3,OK,,,,,
2026-04-28 10:25:26,14.1,57,1.8,392,56083.9,OK,,,,,
2026-04-28 10:25:42,14.1,57,2.4,392,59384.1,OK,,,,,
2026-04-28 10:25:58,14,57,0.6,392,58087.8,OK,,,,,
2026-04-28 10:26:14,14.1,57,1.8,392,60083,OK,,,,,
2026-04-28 10:26:30,14.1,57,1.7,392,63128.8,OK,,,,,
2026-04-28 10:26:46,14.2,57,0.7,392,61408.3,OK,,,,,
2026-04-28 10:27:02,14.3,249,35.7,392,60889.2,OK,,,,,
2026-04-28 10:27:18,14.4,57,0.4,392,60341.1,OK,,,,,
2026-04-28 10:27:34,116.8,56,37.9,392,61344.5,OK,,,,,
2026-04-28 10:27:50,-40,0,0,0,0,OK,,,,,
2026-04-28 10:28:06,14.2,57,2.9,392,65494.4,OK,,,,,
2026-04-28 10:28:22,14.1,58,1.1,392,66474.6,OK,,,,,
2026-04-28 10:28:38,14.2,58,2.8,392,66840,OK,,,,,
2026-04-28 10:28:54,14.1,57,3.6,392,65413.2,OK,,,,,
2026-04-28 10:29:10,-40,0,0,0,0,OK,,,,,
2026-04-28 10:29:26,13.9,58,1.7,392,58247.3,OK,,,,,
2026-04-28 10:29:42,14,58,1,392,61083.5,OK,,,,,
2026-04-28 10:29:58,-40,0,0,0,0,OK,,,,,
2026-04-28 10:30:14,14,58,0,392,64595.4,OK,,,,,
2026-04-28 10:30:30,-40,0,0,0,0,OK,,,,,
2026-04-28 10:30:46,14.4,57,2,392,65851.1,OK,,,,,
2026-04-28 10:31:02,14.4,57,0.6,392,63072.9,OK,,,,,
2026-04-28 10:31:18,14.5,57,0.6,392,61811.4,OK,,,,,
2026-04-28 10:31:34,14.6,57,0.1,392,62623.4,OK,,,,,
2026-04-28 10:31:50,14.8,57,0,392,61240.1,OK,,,,,
2026-04-28 10:32:06,15,56,1.3,392,59824.9,OK,,,,,
2026-04-28 10:32:38,14.9,55,0.4,392,57562.9,OK,,,,,
2026-04-28 10:32:54,15,55,0.1,392,56382.6,OK,,,,,
2026-04-28 10:33:10,15.1,55,0.3,392,59430.5,OK,,,,,
2026-04-28 10:33:26,-10.5,55,107.8,392,74144.3,OK,,,,,
2026-04-28 10:33:42,15.2,54,0.6,392,62443.6,OK,,,,,
2026-04-28 10:33:58,-40,0,0,0,0,OK,,,,,
2026-04-28 10:34:14,-40,0,0,0,0,OK,,,,,
2026-04-28 10:34:46,14.5,55,0.8,392,51348.2,OK,,,,,
2026-04-28 10:35:02,14.6,56,0.6,392,52792.4,OK,,,,,
2026-04-28 10:35:18,117,56,1.8,392,50797.2,OK,,,,,
2026-04-28 10:35:34,14.4,55,3.4,392,51838.3,OK,,,,,
2026-04-28 10:35:50,14.3,56,1,392,52928.7,OK,,,,,
2026-04-28 10:36:06,14.4,56,1.3,392,53537.7,OK,,,,,
2026-04-28 10:36:22,14.4,56,1,392,55474.9,OK,,,,,
2026-04-28 10:36:38,-40,0,0,0,0,OK,,,,,
2026-04-28 10:36:54,14.7,55,34.7,392,58847.6,OK,,,,,
2026-04-28 10:37:10,14.6,54,1.3,392,62400.1,OK,,,,,
2026-04-28 10:37:26,14.5,55,1.1,392,58154.5,OK,,,,,
2026-04-28 10:37:42,14.5,55,1.7,392,55164.6,OK,,,,,
2026-04-28 10:37:58,14.3,55,0.8,392,54729.6,OK,,,,,
2026-04-28 10:38:14,14.5,55,2.1,392,57562.9,OK,,,,,
2026-04-28 10:38:30,14.4,55,2.5,392,52438.6,OK,,,,,
2026-04-28 10:38:46,-40,0,0,0,0,OK,,,,,
2026-04-28 10:39:02,14.2,56,1.5,392,51829.6,OK,,,,,
2026-04-28 10:39:18,14.2,56,1.4,392,51803.5,OK,,,,,
2026-04-28 10:39:34,14.2,56,2.5,392,52946.1,OK,,,,,
2026-04-28 10:39:50,14.2,56,1,392,55564.8,OK,,,,,
2026-04-28 10:40:06,14.3,56,1,392,53021.5,OK,,,,,
2026-04-28 10:40:22,14.5,56,0.3,392,55106.6,OK,,,,,
2026-04-28 10:40:38,14.6,55,1.5,392,54042.3,OK,,,,,
2026-04-28 10:40:54,14.6,55,0.8,392,58441.6,OK,,,,,
2026-04-28 10:41:10,14.7,55,0.1,392,56922,OK,,,,,
2026-04-28 10:41:26,14.8,54,1.3,392,58069.8,OK,,,,,
2026-04-28 10:41:42,-40,0,0,0,0,OK,,,,,
2026-04-28 10:41:58,14.9,54,0,392,60721,OK,,,,,
2026-04-28 10:42:14,15.1,54,1.5,392,58778,OK,,,,,
2026-04-28 10:42:30,15,54,0.3,392,58589.5,OK,,,,,
2026-04-28 10:42:46,15.1,54,0.3,392,55292.2,OK,,,,,
2026-04-28 10:43:02,15.2,54,1.4,392,54425.1,OK,,,,,
2026-04-28 10:43:18,15,54,0.4,392,56156.4,OK,,,,,
2026-04-28 10:43:34,15,54,1.4,392,60048.2,OK,,,,,
2026-04-28 10:43:50,15.1,54,1.5,392,60747.1,OK,,,,,
2026-04-28 10:44:06,15.1,55,0.4,504,60816.7,OK,,,,,
2026-04-28 10:44:22,-40,0,0,0,0,OK,,,,,
2026-04-28 10:44:38,15.4,54,0.1,440,55950.5,OK,,,,,
2026-04-28 10:44:54,15.6,53,1.5,392,1548091.8,OK,,,,,
2026-04-28 10:45:10,15.5,52,2,392,641299.2,OK,,,,,
2026-04-28 10:45:26,-40,0,0,0,0,OK,,,,,
2026-04-28 10:45:42,15.2,53,1.8,392,60886.3,OK,,,,,
2026-04-28 10:45:58,15.1,53,1.1,392,61086.4,OK,,,,,
2026-04-28 10:46:14,15.1,53,2,392,60706.5,OK,,,,,
2026-04-28 10:46:30,15,54,0.6,392,60973.3,OK,,,,,
2026-04-28 10:46:46,15.1,54,1.5,392,63074.8,OK,,,,,
2026-04-28 10:47:02,-40,0,0,0,0,OK,,,,,
2026-04-28 10:47:18,15.2,54,0.7,392,65123.2,OK,,,,,
2026-04-28 10:47:34,15.3,53,3.2,392,67634.6,OK,,,,,
2026-04-28 10:47:50,15,53,1.8,392,69061.4,OK,,,,,
2026-04-28 10:48:06,15,54,0.3,392,66297.7,OK,,,,,
2026-04-28 10:48:22,14.9,54,1.3,392,66927,OK,,,,,
2026-04-28 10:48:38,15,54,3.2,392,67214.1,OK,,,,,
2026-04-28 10:48:54,14.8,54,2,392,65613.3,OK,,,,,
2026-04-28 10:49:10,-40,0,0,0,0,OK,,,,,
2026-04-28 10:49:26,14.7,55,1.4,392,66210.7,OK,,,,,
2026-04-28 10:49:58,14.8,54,0.7,392,68681.5,OK,,,,,
2026-04-28 10:50:14,14.9,54,0.8,392,71390.1,OK,,,,,
2026-04-28 10:50:30,14.9,54,1.3,392,71390.3,OK,,,,,
2026-04-28 10:50:46,14.9,53,2.8,392,67156.1,OK,,,,,
2026-04-28 10:51:02,-40,0,0,0,0,OK,,,,,
2026-04-28 10:51:18,14.7,54,1.7,392,66570.3,OK,,,,,
2026-04-28 10:51:34,14.8,54,1.4,392,69827,OK,,,,,
2026-04-28 10:51:50,14.8,54,0.7,392,64427.2,OK,,,,,
2026-04-28 10:52:06,14.9,126,0.8,392,65416.1,OK,,,,,
2026-04-28 10:52:22,23.7,54,1.3,392,65888.8,OK,,,,,
2026-04-28 10:52:38,15,54,0.4,392,63820.1,OK,,,,,
2026-04-28 10:52:54,15.1,54,1.1,392,65972.9,OK,,,,,
2026-04-28 10:53:10,15.2,53,2.1,392,66425.3,OK,,,,,
2026-04-28 10:53:26,15.2,53,2,392,66260,OK,,,,,
2026-04-28 10:53:42,-40,0,0,0,0,OK,,,,,
2026-04-28 10:53:58,15.2,53,0.6,392,71201.6,OK,,,,,
2026-04-28 10:54:14,15.2,53,1.4,392,67915.9,OK,,,,,
2026-04-28 10:54:30,15.3,53,0.7,392,66129.5,OK,,,,,
2026-04-28 10:54:46,15.4,53,2.4,392,67144.5,OK,,,,,
2026-04-28 10:55:02,15.3,53,2.8,392,65682.9,OK,,,,,
2026-04-28 10:55:18,15,53,1.7,392,64960.8,OK,,,,,
2026-04-28 10:55:34,-40,0,0,0,0,OK,,,,,
2026-04-28 10:55:50,15.1,54,1.3,392,1643257.8,OK,,,,,
2026-04-28 10:56:06,15.3,54,1,392,68629.3,OK,,,,,
2026-04-28 10:56:22,15.3,53,0.8,392,68255.2,OK,,,,,
2026-04-28 10:56:38,15.2,53,0.8,392,67437.4,OK,,,,,
2026-04-28 10:56:54,15.3,53,1.7,392,66030.9,OK,,,,,
2026-04-28 10:57:10,15.1,52,1.3,392,67933.3,OK,,,,,
2026-04-28 10:57:26,-36.2,53,1.1,392,67895.6,OK,,,,,
2026-04-28 10:57:42,14.9,53,3.1,392,67681,OK,,,,,
2026-04-28 10:57:58,14.8,53,1.8,392,66842.9,OK,,,,,
2026-04-28 10:58:14,14.8,54,0.7,392,66262.9,OK,,,,,
2026-04-28 10:58:30,14.7,53,2,392,64415.6,OK,,,,,
2026-04-28 10:58:46,-40,0,0,0,0,OK,,,,,
2026-04-28 10:59:02,14.7,54,1.3,392,67907.2,OK,,,,,
2026-04-28 10:59:18,14.7,54,1.4,392,68861.3,OK,,,,,
2026-04-28 10:59:34,14.8,54,1.3,392,69267.3,OK,,,,,
2026-04-28 10:59:50,-40,0,0,0,0,OK,,,,,
2026-04-28 11:00:06,14.8,53,2.8,392,67634.6,OK,,,,,
2026-04-28 11:00:22,14.8,54,1.4,392,67942,OK,,,,,
2026-04-28 11:00:38,-40,0,0,0,0,OK,,,,,
2026-04-28 11:00:54,14.6,54,2,392,68301.6,OK,,,,,
2026-04-28 11:01:10,14.5,55,1.5,392,69670.4,OK,,,,,
2026-04-28 11:01:26,14.5,55,2.9,392,68965.7,OK,,,,,
2026-04-28 11:01:42,-40,0,0,0,0,OK,,,,,
2026-04-28 11:01:58,14.5,55,1.3,392,69020.8,OK,,,,,
2026-04-28 11:02:14,14.5,55,1.5,392,69110.7,OK,,,,,
2026-04-28 11:02:30,14.6,55,0.4,392,68655.4,OK,,,,,
2026-04-28 11:02:46,14.6,55,0.3,392,68034.8,OK,,,,,
2026-04-28 11:03:02,14.7,155,0.3,392,64485.2,OK,,,,,
2026-04-28 11:03:18,15,54,1.5,392,62275.4,OK,,,,,
2026-04-28 11:03:34,15.1,54,1.3,392,168179.9,OK,,,,,
2026-04-28 11:03:50,15.1,53,2.7,392,66042.5,OK,,,,,
2026-04-28 11:04:06,15,54,1,392,63432.5,OK,,,,,
2026-04-28 11:04:22,15,54,1.5,392,63064.2,OK,,,,,
2026-04-28 11:04:38,14.8,54,1.7,392,64317,OK,,,,,
2026-04-28 11:04:54,14.8,54,2.8,392,66987.9,OK,,,,,
2026-04-28 11:05:10,14.8,54,2.1,392,68295.8,OK,,,,,
2026-04-28 11:05:26,14.8,54,0.8,392,66898,OK,,,,,
2026-04-28 11:05:42,14.8,54,1.1,392,68229.1,OK,,,,,
2026-04-28 11:05:58,-40,0,0,0,0,OK,,,,,
2026-04-28 11:06:14,15,54,0.3,392,66022.2,OK,,,,,
2026-04-28 11:06:30,15.2,54,1.3,392,68321.9,OK,,,,,
2026-04-28 11:06:46,15.3,53,0.3,392,67765.1,OK,,,,,
2026-04-28 11:07:18,15.3,53,0.8,392,68516.2,OK,,,,,
2026-04-28 11:07:34,15.3,53,1,392,70070.6,OK,,,,,
2026-04-28 11:07:50,-40,0,0,0,0,OK,,,,,
2026-04-28 11:08:06,15,53,1.8,392,71091.4,OK,,,,,
2026-04-28 11:08:22,15,53,2.8,392,70836.2,OK,,,,,
2026-04-28 11:08:38,23.8,53,2.4,392,70705.7,OK,,,,,
2026-04-28 11:08:54,14.8,53,1.7,392,69703.6,OK,,,,,
2026-04-28 11:09:10,14.9,54,1.3,392,70586.8,OK,,,,,
2026-04-28 11:09:26,15,53,1.7,392,71352.4,OK,,,,,
2026-04-28 11:09:42,15,117,1.7,392,70978.3,OK,,,,,
2026-04-28 11:09:58,14.9,53,1.7,392,70639,OK,,,,,
2026-04-28 11:10:14,-40,0,0,0,0,OK,,,,,
2026-04-28 11:10:30,14.8,53,2.5,392,70801.4,OK,,,,,
2026-04-28 11:10:46,14.8,54,2,392,70960.9,OK,,,,,
2026-04-28 11:11:02,14.8,54,1.5,392,71036.3,OK,,,,,
2026-04-28 11:11:34,14.7,55,2.5,392,71503.2,OK,,,,,
2026-04-28 11:11:50,14.6,55,1.4,392,71552.5,OK,,,,,
2026-04-28 11:12:06,14.6,55,1.3,392,71506.1,OK,,,,,
2026-04-28 11:12:22,14.7,55,0,392,71427.8,OK,,,,,
2026-04-28 11:12:38,14.8,55,1.7,392,71857,OK,,,,,
2026-04-28 11:12:54,14.7,55,2.5,392,71996.2,OK,,,,,
2026-04-28 11:13:10,14.7,55,1.5,392,71833.8,OK,,,,,
2026-04-28 11:13:26,14.7,55,2.1,392,70630.3,OK,,,,,
2026-04-28 11:13:42,14.7,55,2,392,70969.6,OK,,,,,
2026-04-28 11:13:58,14.8,55,0.8,392,71688.8,OK,,,,,
2026-04-28 11:14:14,-40,0,0,0,0,OK,,,,,
2026-04-28 11:14:30,21.3,54,0.6,452,71317.6,OK,,,,,
2026-04-28 11:14:46,15,53,1.4,392,71453.9,OK,,,,,
2026-04-28 11:15:02,15,53,1.8,392,72149.9,OK,,,,,
2026-04-28 11:15:18,17.2,53,1.7,392,72448.6,OK,,,,,
2026-04-28 11:15:34,14.8,53,0.8,392,72837.2,OK,,,,,
2026-04-28 11:15:50,14.9,253,1.4,392,72460.2,OK,,,,,
2026-04-28 11:16:06,14.8,53,2.2,392,71961.4,OK,,,,,
2026-04-28 11:16:22,14.8,53,1.4,392,72004.9,OK,,,,,
2026-04-28 11:16:38,14.8,53,0.7,392,71970.1,OK,,,,,
2026-04-28 11:16:54,14.9,53,0.6,392,72091.9,OK,,,,,
2026-04-28 11:17:10,14.9,124,1.3,392,72889.4,OK,,,,,
2026-04-28 11:17:26,14.9,53,3.4,392,72724.1,OK,,,,,
2026-04-28 11:17:42,15,53,2.4,392,72706.7,OK,,,,,
2026-04-28 11:17:58,14.8,53,1.8,392,72773.4,OK,,,,,
2026-04-28 11:18:14,14.8,53,0.7,392,72796.6,OK,,,,,
2026-04-28 11:18:30,-40,0,0,0,0,OK,,,,,
2026-04-28 11:18:46,15.2,53,1.8,392,69792.2,OK,,,,,
2026-04-28 11:19:02,15,53,1.1,392,70581,OK,,,,,
2026-04-28 11:19:34,14.8,54,2.9,904,72773.4,OK,,,,,
2026-04-28 11:19:50,14.6,55,2.9,392,73063.4,OK,,,,,
2026-04-28 11:20:06,14.5,55,2.2,392,72959,OK,,,,,
2026-04-28 11:20:22,14.6,55,0.8,392,72242.7,OK,,,,,
2026-04-28 11:20:38,14.6,55,1,392,72700.9,OK,,,,,
2026-04-28 11:20:54,14.6,55,1.3,392,73075,OK,,,,,
2026-04-28 11:21:10,14.7,55,1.4,392,72573.3,OK,,,,,
2026-04-28 11:21:26,-40,0,0,0,0,OK,,,,,
2026-04-28 11:21:42,14.8,54,0.6,392,73527.4,OK,,,,,
2026-04-28 11:21:58,14.8,62,0.4,392,73443.3,OK,,,,,
2026-04-28 11:22:14,14.9,54,0.1,392,73529,OK,,,,,
2026-04-28 11:22:30,15,54,0.3,392,72144.1,OK,,,,,
2026-04-28 11:22:46,15.1,54,0,392,71262.5,OK,,,,,
2026-04-28 11:23:02,15.3,54,0.3,392,71462.6,OK,,,,,
2026-04-28 11:23:18,15.5,54,2,392,72164.4,OK,,,,,
2026-04-28 11:23:34,15.3,53,2.5,392,73193.9,OK,,,,,
2026-04-28 11:23:50,15.2,54,1.4,392,73829,OK,,,,,
2026-04-28 11:24:06,15.3,53,3.2,392,74455.4,OK,,,,,
2026-04-28 11:24:22,15.1,53,2.2,392,74420.6,OK,,,,,
2026-04-28 11:24:38,15,54,1.4,392,73869.6,OK,,,,,
2026-04-28 11:24:54,14.9,54,1.3,392,73832.8,OK,,,,,
2026-04-28 11:25:10,14.9,54,1.3,392,73188.1,OK,,,,,
2026-04-28 11:25:26,14.9,54,0.6,392,73170.7,OK,,,,,
2026-04-28 11:25:42,15.1,54,1.1,392,72242.7,OK,,,,,
2026-04-28 11:25:58,15.1,54,1,392,71952.7,OK,,,,,
2026-04-28 11:26:14,14.9,53,3.6,392,71996.2,OK,,,,,
2026-04-28 11:26:30,-40,0,0,0,0,OK,,,,,
2026-04-28 11:26:46,14.8,54,1.5,392,73106.9,OK,,,,,
2026-04-28 11:27:02,14.9,54,0.8,392,72930,OK,,,,,
2026-04-28 11:27:18,14.8,54,1.5,392,837616,OK,,,,,
2026-04-28 11:27:34,14.9,54,2.4,392,72512.4,OK,,,,,
2026-04-28 11:27:50,14.8,54,3.9,392,73109.8,OK,,,,,
2026-04-28 11:28:06,14.6,55,0.8,392,73037.3,OK,,,,,
2026-04-28 11:28:22,14.7,55,0,392,72216.6,OK,,,,,
2026-04-28 11:28:38,-40,0,0,0,0,OK,,,,,
2026-04-28 11:28:54,15,55,1.3,392,70763.7,OK,,,,,
2026-04-28 11:29:10,15.1,54,1,392,73260.6,OK,,,,,
2026-04-28 11:29:26,15,54,0.3,392,73512.9,OK,,,,,
2026-04-28 11:29:42,15.1,54,1.1,392,73550.6,OK,,,,,
2026-04-28 11:29:58,15,53,2.2,392,74272.7,OK,,,,,
2026-04-28 11:30:14,14.8,53,2.1,392,73518.7,OK,,,,,
2026-04-28 11:30:30,14.8,54,1,392,73153.3,OK,,,,,
2026-04-28 11:30:46,14.8,54,2.2,392,74008.8,OK,,,,,
2026-04-28 11:31:02,14.8,62,1.5,392,74696.1,OK,,,,,
2026-04-28 11:31:18,14.8,54,0.8,392,75261.6,OK,,,,,
2026-04-28 11:31:34,14.8,54,0.8,392,75716.9,OK,,,,,
2026-04-28 11:31:50,14.8,54,2.2,392,78050.8,OK,,,,,
2026-04-28 11:32:06,14.8,55,1.3,392,63928.4,OK,,,,,
2026-04-28 11:32:22,-40,0,0,0,0,OK,,,,,
2026-04-28 11:32:38,14.7,54,1.1,392,78164.5,OK,,,,,
2026-04-28 11:32:54,-40,0,0,0,0,OK,,,,,
2026-04-28 11:33:10,-40,0,0,0,0,OK,,,,,
2026-04-28 11:33:26,-40,0,0,0,0,OK,,,,,
2026-04-28 11:33:42,14.8,55,0.4,392,72863.3,OK,,,,,
2026-04-28 11:33:58,15,246,0.4,392,72503.7,OK,,,,,
2026-04-28 11:34:14,15.2,54,0.4,904,75888,OK,,,,,
2026-04-28 11:34:30,15.2,53,0.6,392,76038.8,OK,,,,,
2026-04-28 11:34:46,15.2,53,2.1,392,75406.6,OK,,,,,
2026-04-28 11:35:02,15.1,53,3.1,392,74638.1,OK,,,,,
2026-04-28 11:35:18,14.9,53,1.7,392,75174.6,OK,,,,,
2026-04-28 11:35:34,14.9,54,0.4,392,64029.9,OK,,,,,
2026-04-28 11:35:50,15.2,53,0.1,392,74890.4,OK,,,,,
2026-04-28 11:36:06,123.7,205,36.4,392,75368.9,OK,,,,,
2026-04-28 11:36:22,15.5,52,0.3,392,74855.6,OK,,,,,
2026-04-28 11:36:38,15.4,52,1,392,74307.5,OK,,,,,
2026-04-28 11:36:54,15.2,53,34.9,392,75754.6,OK,,,,,
2026-04-28 11:37:10,15.3,53,1.3,392,75980.8,OK,,,,,
2026-04-28 11:37:26,15.2,53,1.8,392,76755.1,OK,,,,,
2026-04-28 11:37:42,15,53,3.2,392,74182.8,OK,,,,,
2026-04-28 11:37:58,14.9,54,1.5,392,74145.1,OK,,,,,
2026-04-28 11:38:14,14.8,54,1.7,392,61788.2,OK,,,,,
2026-04-28 11:38:30,14.7,54,3.5,392,77480.1,OK,,,,,
2026-04-28 11:38:46,14.7,54,1.3,392,637304.2,OK,,,,,
2026-04-28 11:39:02,-40,0,0,0,0,OK,,,,,
2026-04-28 11:39:18,14.6,55,0.4,392,68785.9,OK,,,,,
2026-04-28 11:39:34,14.8,55,0,392,59682.8,OK,,,,,
2026-04-28 11:39:50,14.9,55,0.4,392,58499.6,OK,,,,,
2026-04-28 11:40:06,14.9,54,0.4,392,73811.6,OK,,,,,
2026-04-28 11:40:22,34.2,191,1,392,73707.2,OK,,,,,
2026-04-28 11:40:38,15.1,54,0.3,392,74200.2,OK,,,,,
2026-04-28 11:40:54,15.2,54,0.6,392,74208.9,OK,,,,,
2026-04-28 11:41:10,15.2,53,1,392,72735.7,OK,,,,,
2026-04-28 11:41:26,15.1,54,2.4,392,75482,OK,,,,,
2026-04-28 11:41:42,15,54,1.1,392,76311.4,OK,,,,,
2026-04-28 11:41:58,-40,0,0,0,0,OK,,,,,
2026-04-28 11:42:14,15,54,0.8,392,74516.3,OK,,,,,
2026-04-28 11:42:30,15,54,1,392,75664.7,OK,,,,,
2026-04-28 11:42:46,15.1,54,1.8,392,71593.1,OK,,,,,
2026-04-28 11:43:02,15.1,53,3.2,392,71419.1,OK,,,,,
2026-04-28 11:43:18,14.9,53,3.1,392,68304.5,OK,,,,,
2026-04-28 11:43:34,14.8,54,2.1,392,73037.3,OK,,,,,
2026-04-28 11:43:50,14.7,54,0.4,392,73791.3,OK,,,,,
2026-04-28 11:44:06,14.8,54,0.7,392,73907.3,OK,,,,,
2026-04-28 11:44:22,15,54,0.7,392,75380.5,OK,,,,,
2026-04-28 11:44:38,-40,0,0,0,0,OK,,,,,
2026-04-28 11:44:54,15.4,54,1.3,392,75635.7,OK,,,,,
2026-04-28 11:45:10,-40,0,0,0,0,OK,,,,,
2026-04-28 11:45:26,-40,0,0,0,0,OK,,,,,
2026-04-28 11:45:42,15.3,53,1.8,392,75310.9,OK,,,,,
2026-04-28 11:45:58,15.2,53,1.4,392,73811.6,OK,,,,,
2026-04-28 11:46:14,15.2,53,1.1,392,74000.1,OK,,,,,
2026-04-28 11:46:30,-40,0,0,0,0,OK,,,,,
2026-04-28 11:46:46,15.3,53,0.3,392,74501.8,OK,,,,,
2026-04-28 11:47:02,15.5,53,0.7,392,74269.8,OK,,,,,
2026-04-28 11:47:18,-40,0,0,0,0,OK,,,,,
2026-04-28 11:47:34,22.1,52,1,392,74472.8,OK,,,,,
2026-04-28 11:47:50,15.8,52,0.3,392,70755,OK,,,,,
2026-04-28 11:48:06,15.8,51,1.7,392,72152.8,OK,,,,,
2026-04-28 11:48:22,-40,0,0,0,0,OK,,,,,
2026-04-28 11:48:38,15.5,52,1.5,392,68780.1,OK,,,,,
2026-04-28 11:48:54,-40,0,0,0,0,OK,,,,,
2026-04-28 11:49:10,15.4,52,0.6,392,72109.3,OK,,,,,
2026-04-28 11:49:26,15.4,53,1.7,392,72828.5,OK,,,,,
2026-04-28 11:49:42,15.4,53,2.4,392,74075.5,OK,,,,,
2026-04-28 11:49:58,15.3,53,0.8,392,74368.4,OK,,,,,
2026-04-28 11:50:14,-40,0,0,0,0,OK,,,,,
2026-04-28 11:50:30,15,54,2.1,392,76064.9,OK,,,,,
2026-04-28 11:50:46,15.1,54,1.4,392,76004,OK,,,,,
2026-04-28 11:51:02,15.1,54,1.5,392,76099.7,OK,,,,,
2026-04-28 11:51:18,-40,0,0,0,0,OK,,,,,
2026-04-28 11:51:34,-40,0,0,0,0,OK,,,,,
2026-04-28 11:51:50,15,54,2,392,75905.4,OK,,,,,
2026-04-28 11:52:06,14.8,53,2,392,77297.4,OK,,,,,
2026-04-28 11:52:22,14.8,54,1,392,76624.6,OK,,,,,
2026-04-28 11:52:38,14.8,54,0.4,392,75864.8,OK,,,,,
2026-04-28 11:52:54,14.9,55,1.5,392,76366.5,OK,,,,,
2026-04-28 11:53:10,15.1,54,2.2,392,76473.8,OK,,,,,
2026-04-28 11:53:26,-40,0,0,0,0,OK,,,,,
2026-04-28 11:53:42,15.2,53,1.1,392,76540.5,OK,,,,,
2026-04-28 11:53:58,15.2,53,0.8,392,74786,OK,,,,,
2026-04-28 11:54:14,15.2,53,0.4,392,75174.6,OK,,,,,
2026-04-28 11:54:30,15.1,53,0.6,392,76360.7,OK,,,,,
2026-04-28 11:54:46,15.1,53,0.1,392,76227.3,OK,,,,,
2026-04-28 11:55:02,15.2,53,1.1,392,75772,OK,,,,,
2026-04-28 11:55:18,15.3,53,2.2,392,76578.2,OK,,,,,
2026-04-28 11:55:34,-40,0,0,0,0,OK,,,,,
2026-04-28 11:55:50,15.3,53,2.7,392,77039.3,OK,,,,,
2026-04-28 11:56:22,14.7,55,0.8,392,78135.5,OK,,,,,
2026-04-28 11:56:38,14.7,55,1.5,392,78689.4,OK,,,,,
2026-04-28 11:56:54,14.8,55,2.8,392,77920.9,OK,,,,,
2026-04-28 11:57:10,14.9,54,3.6,392,78825.7,OK,,,,,
2026-04-28 11:57:26,-40,0,0,0,0,OK,,,,,
2026-04-28 11:57:42,14.7,54,3.2,392,77833.9,OK,,,,,
2026-04-28 11:57:58,14.6,55,1.4,392,78002.1,OK,,,,,
2026-04-28 11:58:14,14.6,54,2.9,392,77355.4,OK,,,,,
2026-04-28 11:58:30,14.4,54,2.2,392,76825.3,OK,,,,,
2026-04-28 11:58:46,14.3,55,1.4,392,77262.6,OK,,,,,
2026-04-28 11:59:02,14.4,55,1.1,504,77132.1,OK,,,,,
2026-04-28 11:59:18,14.5,55,0.4,392,77027.7,OK,,,,,
2026-04-28 11:59:34,14.7,55,0.6,392,76592.7,OK,,,,,
2026-04-28 11:59:50,14.7,54,0.6,904,76375.2,OK,,,,,
2026-04-28 12:00:06,14.8,54,0.6,392,77074.1,OK,,,,,
2026-04-28 12:00:22,-40,0,0,0,0,OK,,,,,
2026-04-28 12:00:38,14.8,54,0.3,392,69296.3,OK,,,,,
2026-04-28 12:00:54,-40,0,0,0,0,OK,,,,,
2026-04-28 12:01:10,15.1,54,2.2,392,79782.7,OK,,,,,
2026-04-28 12:01:26,15.1,53,1.5,392,80122,OK,,,,,
2026-04-28 12:01:42,-40,0,0,0,0,OK,,,,,
2026-04-28 12:01:58,15.2,54,2.1,392,78529.9,OK,,,,,
2026-04-28 12:02:14,15.2,53,1.1,392,19712.1,OK,,,,,
2026-04-28 12:02:30,15.2,53,1,392,79950.9,OK,,,,,
2026-04-28 12:02:46,15.3,53,35.4,392,77256.8,OK,,,,,
2026-04-28 12:03:02,-40,0,0,0,0,OK,,,,,
2026-04-28 12:03:18,15.4,52,2.1,392,76050.4,OK,,,,,
2026-04-28 12:03:34,15.1,52,2.2,392,75885.1,OK,,,,,
2026-04-28 12:03:50,14.9,53,1.8,392,75545.5,OK,,,,,
2026-04-28 12:04:06,-40,0,0,0,0,OK,,,,,
2026-04-28 12:04:22,14.9,53,2.9,392,74742.5,OK,,,,,
2026-04-28 12:04:38,-40,0,0,0,0,OK,,,,,
2026-04-28 12:04:54,14.8,54,0.8,392,76354.9,OK,,,,,
2026-04-28 12:05:10,14.9,53,0.6,392,75917,OK,,,,,
2026-04-28 12:05:26,14.9,53,1,392,75197.8,OK,,,,,
2026-04-28 12:05:42,15,53,2.7,392,76308.5,OK,,,,,
2026-04-28 12:05:58,14.9,53,2,8072,73391.1,OK,,,,,
2026-04-28 12:07:02,14.8,53,1,392,76798.6,OK,,,,,
2026-04-28 12:07:18,14.8,53,1.3,392,76914.6,OK,,,,,
2026-04-28 12:07:34,15,53,0.8,392,76294,OK,,,,,
2026-04-28 12:07:50,15.1,53,0.6,392,77094.4,OK,,,,,
2026-04-28 12:08:06,15.1,52,0.4,392,77358.3,OK,,,,,
2026-04-28 12:08:22,15.1,53,0.6,392,77349.6,OK,,,,,
2026-04-28 12:08:38,15.1,53,1.4,8072,77088.6,OK,,,,,
2026-04-28 12:08:54,-40,0,0,0,0,OK,,,,,
2026-04-28 12:09:10,15.2,52,1.7,392,76900.1,OK,,,,,
2026-04-28 12:09:26,15.1,52,2,392,77143.7,OK,,,,,
2026-04-28 12:09:42,14.8,52,2,392,77807.8,OK,,,,,
2026-04-28 12:09:58,14.6,53,2.8,392,77642.5,OK,,,,,
2026-04-28 12:10:14,14.5,53,1,392,78080.4,OK,,,,,
2026-04-28 12:10:30,20.9,54,0.1,392,77981.8,OK,,,,,
2026-04-28 12:10:46,14.7,53,0.8,392,182166.6,OK,,,,,
2026-04-28 12:11:02,14.8,53,1.4,392,77349.6,OK,,,,,
2026-04-28 12:11:18,14.8,53,3.8,392,77004.5,OK,,,,,
2026-04-28 12:11:34,14.5,54,0.6,392,77401.8,OK,,,,,
2026-04-28 12:11:50,14.5,54,1.4,392,181722.9,OK,,,,,
2026-04-28 12:12:06,14.6,54,1.7,392,75745.9,OK,,,,,
2026-04-28 12:12:22,14.8,54,0.4,392,638868.5,OK,,,,,
2026-04-28 12:12:38,15,53,1.3,392,78415.3,OK,,,,,
2026-04-28 12:12:54,15.1,53,0.7,392,78016.6,OK,,,,,
2026-04-28 12:13:10,15.2,53,0.1,392,79086.7,OK,,,,,
2026-04-28 12:13:26,15.4,53,0.1,392,78466.1,OK,,,,,
2026-04-28 12:13:42,15.6,52,0.6,392,391635.3,OK,,,,,
2026-04-28 12:13:58,15.8,60,1.4,392,76679.7,OK,,,,,
2026-04-28 12:14:14,15.7,51,0.6,392,76868.2,OK,,,,,
2026-04-28 12:14:30,15.7,51,1.4,392,76792.8,OK,,,,,
2026-04-28 12:14:46,15.6,51,3.5,392,390797.2,OK,,,,,
2026-04-28 12:15:02,-40,0,0,0,0,OK,,,,,
2026-04-28 12:15:18,15.4,52,1.7,392,75679.2,OK,,,,,
2026-04-28 12:15:34,15.3,52,2.4,392,75983.7,OK,,,,,
2026-04-28 12:15:50,15.2,52,2,392,76079.4,OK,,,,,
2026-04-28 12:16:06,15,52,2.8,392,74991.9,OK,,,,,
2026-04-28 12:16:22,-40,0,0,0,0,OK,,,,,
2026-04-28 12:16:38,14.8,53,34.2,392,76389.7,OK,,,,,
2026-04-28 12:16:54,14.7,53,3.2,392,76943.6,OK,,,,,
2026-04-28 12:17:10,-40,0,0,0,0,OK,,,,,
2026-04-28 12:17:26,14.3,54,3.5,392,75493.6,OK,,,,,
2026-04-28 12:17:42,14.2,55,2.5,392,74838.2,OK,,,,,
2026-04-28 12:17:58,-40,0,0,0,0,OK,,,,,
2026-04-28 12:18:14,14.3,55,1.1,392,75890.9,OK,,,,,
2026-04-28 12:18:30,14.3,55,0.1,392,76671,OK,,,,,
2026-04-28 12:18:46,14.5,54,0.6,392,77062.5,OK,,,,,
2026-04-28 12:19:02,14.7,54,0.4,392,77654.1,OK,,,,,
2026-04-28 12:19:18,14.7,53,0.1,392,77773,OK,,,,,
2026-04-28 12:19:34,14.8,53,0.6,392,78123.9,OK,,,,,
2026-04-28 12:19:50,-40,0,0,0,0,OK,,,,,
2026-04-28 12:20:06,14.9,53,2.1,392,77810.7,OK,,,,,
2026-04-28 12:20:22,14.8,53,2.7,392,78118.1,OK,,,,,
2026-04-28 12:20:38,14.7,53,1.8,65476,78199.3,OK,,,,,
2026-04-28 12:20:54,14.8,54,1.4,392,77929.6,OK,,,,,
2026-04-28 12:21:10,-40,0,0,0,0,OK,,,,,
2026-04-28 12:21:26,15.2,53,0.3,392,78167.4,OK,,,,,
2026-04-28 12:21:42,15.4,53,0.8,392,78007.9,OK,,,,,
2026-04-28 12:21:58,15.5,53,2.2,392,76879.8,OK,,,,,
2026-04-28 12:22:14,15.3,52,2.4,392,78106.5,OK,,,,,
2026-04-28 12:22:30,15.1,53,2.4,392,77909.3,OK,,,,,
2026-04-28 12:22:46,14.9,53,2.4,392,78080.4,OK,,,,,
2026-04-28 12:23:02,15,54,1.4,392,77480.1,OK,,,,,
2026-04-28 12:23:18,15,53,2.1,392,77393.1,OK,,,,,
2026-04-28 12:23:34,14.8,53,3.1,392,77659.9,OK,,,,,
2026-04-28 12:23:50,14.7,54,2.1,392,77677.3,OK,,,,,
2026-04-28 12:24:06,14.7,54,1.5,392,77784.6,OK,,,,,
2026-04-28 12:24:22,-40,0,0,0,0,OK,,,,,
2026-04-28 12:24:38,14.6,53,2.9,392,77744,OK,,,,,
2026-04-28 12:24:54,14.5,54,1.3,392,78600.9,OK,,,,,
2026-04-28 12:25:10,14.6,54,1.8,392,78155.8,OK,,,,,
2026-04-28 12:25:26,14.6,54,1.3,392,77738.2,OK,,,,,
2026-04-28 12:25:42,14.7,54,1.5,392,77338,OK,,,,,
2026-04-28 12:25:58,14.7,54,1.7,392,77375.7,OK,,,,,
2026-04-28 12:26:14,14.7,54,2,392,77741.1,OK,,,,,
2026-04-28 12:26:30,14.7,53,2.7,392,77813.6,OK,,,,,
2026-04-28 12:26:46,14.6,54,1.1,392,77894.8,OK,,,,,
2026-04-28 12:27:02,14.7,54,0.8,392,77857.1,OK,,,,,
2026-04-28 12:27:18,14.8,53,1,392,77886.1,OK,,,,,
2026-04-28 12:27:34,14.8,53,1,392,77981.8,OK,,,,,
2026-04-28 12:27:50,14.9,53,1,392,77944.1,OK,,,,,
2026-04-28 12:28:06,14.9,53,0.4,392,78225.4,OK,,,,,
2026-04-28 12:28:22,14.9,53,1.1,392,78097.8,OK,,,,,
2026-04-28 12:28:38,14.9,53,2,392,78329.8,OK,,,,,
2026-04-28 12:29:42,14.9,53,0.4,392,77833.9,OK,,,,,
2026-04-28 12:29:58,15,53,0.8,392,78112.3,OK,,,,,
2026-04-28 12:30:14,15.1,53,0.1,392,77694.7,OK,,,,,
2026-04-28 12:30:30,15.2,53,1.7,392,78512.5,OK,,,,,
2026-04-28 12:30:46,15.1,53,1.3,392,77883.2,OK,,,,,
2026-04-28 12:31:02,15.1,53,1.7,392,1651466.4,OK,,,,,
2026-04-28 12:31:18,15,53,1,392,78944.6,OK,,,,,
2026-04-28 12:31:34,15,53,2.4,392,78811.2,OK,,,,,
2026-04-28 12:31:50,14.8,54,1,392,78135.5,OK,,,,,
2026-04-28 12:32:06,14.8,54,2.7,392,79191.1,OK,,,,,
2026-04-28 12:32:22,14.8,54,2.7,392,78834.4,OK,,,,,
2026-04-28 12:32:38,14.6,55,3.1,392,78338.5,OK,,,,,
2026-04-28 12:32:54,-40,0,0,0,0,OK,,,,,
2026-04-28 12:33:10,-40,0,0,0,0,OK,,,,,
2026-04-28 12:33:26,-40,0,0,0,0,OK,,,,,
2026-04-28 12:34:30,14.6,55,1.4,392,79028.7,OK,,,,,
2026-04-28 12:34:46,14.7,55,0.3,392,79785.6,OK,,,,,
2026-04-28 12:35:02,14.9,55,0.1,392,79194,OK,,,,,
2026-04-28 12:35:18,15.2,55,1,392,79486.9,OK,,,,,
2026-04-28 12:35:34,23.4,54,0,392,79652.2,OK,,,,,
2026-04-28 12:35:50,15.6,53,0.7,392,80116.2,OK,,,,,
2026-04-28 12:36:06,15.7,53,1.3,392,80072.7,OK,,,,,
2026-04-28 12:36:22,15.6,52,0.6,392,79611.6,OK,,,,,
2026-04-28 12:36:38,15.5,53,1,392,79640.6,OK,,,,,
2026-04-28 12:36:54,23.4,53,0.1,392,79774,OK,,,,,
2026-04-28 12:37:10,15.5,53,0,392,184562,OK,,,,,
2026-04-28 12:37:26,15.5,53,0.4,392,79788.5,OK,,,,,
2026-04-28 12:37:42,15.6,53,1.3,392,80043.7,OK,,,,,
2026-04-28 12:37:58,15.5,53,1,392,80066.9,OK,,,,,
2026-04-28 12:38:14,15.5,61,0.8,392,80104.6,OK,,,,,
2026-04-28 12:38:30,15.5,53,1.1,392,79916.1,OK,,,,,
2026-04-28 12:38:46,-40,0,0,0,0,OK,,,,,
2026-04-28 12:39:02,-40,0,0,0,0,OK,,,,,
2026-04-28 12:39:18,15.3,53,2.4,392,79982.8,OK,,,,,
2026-04-28 12:39:34,15.3,54,1.5,392,80681.7,OK,,,,,
2026-04-28 12:39:50,15.4,53,4.3,392,80986.2,OK,,,,,
2026-04-28 12:40:06,15.2,53,1.5,392,80151,OK,,,,,
2026-04-28 12:40:22,15,53,2.8,392,80490.3,OK,,,,,
2026-04-28 12:40:38,14.9,54,1.5,504,83797.5,OK,,,,,
2026-04-28 12:40:54,-40,0,0,0,0,OK,,,,,
2026-04-28 12:41:10,14.9,54,1.8,392,79881.3,OK,,,,,
2026-04-28 12:41:26,-40,0,0,0,0,OK,,,,,
2026-04-28 12:41:42,-40,0,0,0,0,OK,,,,,
2026-04-28 12:41:58,15,54,1.3,392,79817.5,OK,,,,,
2026-04-28 12:42:14,15.1,53,1.7,392,79063.5,OK,,,,,
2026-04-28 12:42:30,15.1,53,2.8,392,78155.8,OK,,,,,
2026-04-28 12:42:46,-40,0,0,0,0,OK,,,,,
2026-04-28 12:43:02,15,53,0.8,392,79666.7,OK,,,,,
2026-04-28 12:43:18,15,54,0.3,392,80354,OK,,,,,
2026-04-28 12:43:34,15.1,54,0.6,392,80214.8,OK,,,,,
2026-04-28 12:43:50,15.3,53,0.6,904,79185.3,OK,,,,,
2026-04-28 12:44:06,15.5,53,1.4,392,79440.5,OK,,,,,
2026-04-28 12:44:22,23.9,205,1.5,392,78440,OK,,,,,
2026-04-28 12:44:38,15.6,53,1.7,392,79017.1,OK,,,,,
2026-04-28 12:44:54,15.8,52,0.6,392,79167.9,OK,,,,,
2026-04-28 12:45:10,15.8,52,0.8,392,78634.3,OK,,,,,
2026-04-28 12:45:26,-40,0,0,0,0,OK,,,,,
2026-04-28 12:45:42,-40,0,0,0,0,OK,,,,,
2026-04-28 12:45:58,16,52,0.8,392,79257.8,OK,,,,,
2026-04-28 12:46:14,-40,0,0,0,0,OK,,,,,
2026-04-28 12:46:30,16,51,0.1,392,78466.1,OK,,,,,
2026-04-28 12:46:46,16.1,51,0.3,392,77465.6,OK,,,,,
2026-04-28 12:47:02,16.3,51,0.4,392,104233.9,OK,,,,,
2026-04-28 12:47:18,16.4,50,1,392,77535.2,OK,,,,,
2026-04-28 12:47:34,16.4,50,0.1,392,73663.7,OK,,,,,
2026-04-28 12:47:50,16.3,50,2.5,392,74878.8,OK,,,,,
2026-04-28 12:48:06,15.8,51,3.8,392,78460.3,OK,,,,,
2026-04-28 12:48:22,15.3,52,1.7,392,77030.2,OK,,,,,
2026-04-28 12:48:38,15.3,53,1.7,392,72271.7,OK,,,,,
2026-04-28 12:48:54,15.1,53,3.8,392,77161.1,OK,,,,,
2026-04-28 12:49:10,15,53,2.4,392,78854.7,OK,,,,,
2026-04-28 12:49:26,15,53,1.8,392,76833.4,OK,,,,,
2026-04-28 12:49:42,14.9,53,2,392,77430.8,OK,,,,,
2026-04-28 12:49:58,-40,0,0,0,0,OK,,,,,
2026-04-28 12:50:14,14.7,54,1.8,392,79537.4,OK,,,,,
2026-04-28 12:50:30,14.7,55,0.8,482,76940.7,OK,,,,,
2026-04-28 12:50:46,14.8,127,1.8,392,76850.8,OK,,,,,
2026-04-28 12:51:02,-40,0,0,0,0,OK,,,,,
2026-04-28 12:51:18,-40,0,0,0,0,OK,,,,,
2026-04-28 12:51:34,-40,0,0,0,0,OK,,,,,
2026-04-28 12:51:50,15.2,54,0.1,392,77662.8,OK,,,,,
2026-04-28 12:52:06,15.3,54,0.1,392,1655138.3,OK,,,,,
2026-04-28 12:52:22,15.5,54,0.6,392,79820.4,OK,,,,,
2026-04-28 12:52:38,15.6,53,0.4,392,79652.2,OK,,,,,
2026-04-28 12:52:54,15.7,53,1.4,452,78672,OK,,,,,
2026-04-28 12:53:10,15.8,53,0.8,8072,79399.9,OK,,,,,
2026-04-28 12:53:26,15.8,52,1,392,79849.4,OK,,,,,
2026-04-28 12:53:42,16,52,0.7,392,80269.9,OK,,,,,
2026-04-28 12:53:58,16.1,52,0.6,392,79930.6,OK,,,,,
2026-04-28 12:54:14,16.2,51,0.1,392,80528,OK,,,,,
2026-04-28 12:54:30,16.2,51,0.8,392,79017.1,OK,,,,,
2026-04-28 12:54:46,16.2,51,1.4,392,80122,OK,,,,,
2026-04-28 12:55:02,16,51,2.2,392,80261.2,OK,,,,,
2026-04-28 12:55:18,15.8,115,1.4,392,80942.7,OK,,,,,
2026-04-28 12:55:34,15.8,52,1.1,392,81705.4,OK,,,,,
2026-04-28 12:55:50,-40,0,0,0,0,OK,,,,,
2026-04-28 12:56:06,-40,0,0,0,0,OK,,,,,
2026-04-28 12:56:22,15.8,52,0.6,392,81705.4,OK,,,,,
2026-04-28 12:56:38,15.8,51,0.8,392,81676.4,OK,,,,,
2026-04-28 12:56:54,15.7,52,0.3,392,82114.3,OK,,,,,
2026-04-28 12:57:10,15.8,52,3.2,392,81685.1,OK,,,,,
2026-04-28 12:57:26,-40,0,0,0,0,OK,,,,,
2026-04-28 12:57:42,15.5,52,1.4,392,81267.5,OK,,,,,
2026-04-28 12:57:58,15.5,52,2.2,392,81424.1,OK,,,,,
2026-04-28 12:58:14,15.4,52,1,392,79695.7,OK,,,,,
2026-04-28 12:58:30,15.4,52,0.4,392,79832,OK,,,,,
2026-04-28 12:58:46,34.4,205,2.1,392,79977,OK,,,,,
2026-04-28 12:59:02,15.2,205,0.8,392,80722.3,OK,,,,,
2026-04-28 12:59:18,15.3,53,0.8,392,80107.5,OK,,,,,
2026-04-28 12:59:34,15.2,53,1.8,392,79368,OK,,,,,
2026-04-28 12:59:50,15,54,0.8,392,79829.1,OK,,,,,
2026-04-28 13:00:06,15.1,54,1.3,392,80658.5,OK,,,,,
2026-04-28 13:00:22,15.3,54,0.4,392,80745.5,OK,,,,,
2026-04-28 13:00:38,-40,0,0,0,0,OK,,,,,
2026-04-28 13:00:54,15.6,53,0.1,392,81186.3,OK,,,,,
2026-04-28 13:01:10,15.6,53,1.1,392,81615.5,OK,,,,,
2026-04-28 13:01:26,-40,0,0,0,0,OK,,,,,
2026-04-28 13:01:42,-40,0,0,0,0,OK,,,,,
2026-04-28 13:01:58,15.8,52,1.4,392,81830.1,OK,,,,,
2026-04-28 13:02:14,15.8,52,1.3,392,82134.6,OK,,,,,
2026-04-28 13:02:30,15.7,52,2.2,392,82862.5,OK,,,,,
2026-04-28 13:02:46,15.6,53,2.4,392,84724.3,OK,,,,,
2026-04-28 13:03:02,-40,0,0,0,0,OK,,,,,
2026-04-28 13:03:18,-40,0,0,0,0,OK,,,,,
2026-04-28 13:03:34,15.3,53,3.4,392,83117.7,OK,,,,,
2026-04-28 13:03:50,15,53,2.7,392,82821.9,OK,,,,,
2026-04-28 13:04:54,14.9,54,1.4,392,81279.7,OK,,,,,
2026-04-28 13:05:10,15,54,2,392,82581.2,OK,,,,,
2026-04-28 13:05:26,15,127,2.1,392,82737.8,OK,,,,,
2026-04-28 13:05:42,14.9,53,1.5,392,80525.1,OK,,,,,
2026-04-28 13:05:58,14.9,54,0.8,392,79205.6,OK,,,,,
2026-04-28 13:06:14,-40,0,0,0,0,OK,,,,,
2026-04-28 13:06:30,15.8,53,2.5,392,80977.5,OK,,,,,
2026-04-28 13:06:46,15,53,2.8,392,83471.5,OK,,,,,
2026-04-28 13:07:02,15,53,2.5,392,84234.2,OK,,,,,
2026-04-28 13:07:18,-10.7,53,36.7,392,83903.6,OK,,,,,
2026-04-28 13:07:34,14.9,53,2.2,392,83552.7,OK,,,,,
2026-04-28 13:07:50,14.9,53,1.3,392,83532.4,OK,,,,,
2026-04-28 13:08:06,15,53,2,392,82552.2,OK,,,,,
2026-04-28 13:08:22,15,53,3.4,392,81197.9,OK,,,,,
2026-04-28 13:08:38,14.9,53,2,392,80841.2,OK,,,,,
2026-04-28 13:08:54,15,53,0.7,392,80507.7,OK,,,,,
2026-04-28 13:09:10,15.2,53,1,392,79936.4,OK,,,,,
2026-04-28 13:09:26,-40,0,0,0,0,OK,,,,,
2026-04-28 13:09:42,15.3,53,0.4,392,79707.3,OK,,,,,
2026-04-28 13:09:58,15.3,53,0.3,392,79840.7,OK,,,,,
2026-04-28 13:10:14,15.3,53,1.7,392,80301.8,OK,,,,,
2026-04-28 13:10:30,15.3,53,2,392,79771.1,OK,,,,,
2026-04-28 13:10:46,15.3,53,1.5,392,79991.5,OK,,,,,
2026-04-28 13:11:02,15.3,53,0.1,392,80298.9,OK,,,,,
2026-04-28 13:11:18,15.5,53,0.6,392,74597.5,OK,,,,,
2026-04-28 13:11:50,15.8,52,1.3,392,80322.1,OK,,,,,
2026-04-28 13:12:06,15.8,52,0.8,392,80565.7,OK,,,,,
2026-04-28 13:12:22,15.8,52,0.3,392,79327.4,OK,,,,,
2026-04-28 13:12:38,15.9,52,1.3,392,68919.3,OK,,,,,
2026-04-28 13:12:54,-40,0,0,0,0,OK,,,,,
2026-04-28 13:13:10,16.2,51,0.8,392,77425,OK,,,,,
2026-04-28 13:13:26,16.2,51,2.5,392,77085.7,OK,,,,,
2026-04-28 13:13:42,16.1,51,0.3,504,640181.9,OK,,,,,
2026-04-28 13:13:58,16,51,2.4,392,77309,OK,,,,,
2026-04-28 13:14:14,15.7,51,1.3,392,76230.2,OK,,,,,
2026-04-28 13:14:30,15.5,55,1.5,392,76352,OK,,,,,
2026-04-28 13:14:46,15.5,52,0.3,392,75777.8,OK,,,,,
2026-04-28 13:15:02,15.6,52,1.1,392,80565.7,OK,,,,,
2026-04-28 13:15:18,15.6,52,0.4,392,79898.7,OK,,,,,
2026-04-28 13:15:34,15.7,52,0.1,392,81023.9,OK,,,,,
2026-04-28 13:15:50,15.8,52,0.1,392,80369.6,OK,,,,,
2026-04-28 13:16:06,-40,0,0,0,0,OK,,,,,
2026-04-28 13:16:22,15.7,52,0.6,392,81514,OK,,,,,
2026-04-28 13:16:38,15.8,53,1.4,392,81699.6,OK,,,,,
2026-04-28 13:16:54,15.8,52,1,392,81650.3,OK,,,,,
2026-04-28 13:17:10,15.9,14,17.9,392,81398,OK,,,,,
2026-04-28 13:17:26,-40,0,0,0,0,OK,,,,,
2026-04-28 13:17:42,15.9,51,1,392,81708.3,OK,,,,,
2026-04-28 13:17:58,-40,0,0,0,0,OK,,,,,
2026-04-28 13:18:14,-40,0,0,0,0,OK,,,,,
2026-04-28 13:18:30,16,50,1.5,392,82473.9,OK,,,,,
2026-04-28 13:18:46,15.8,51,2.2,3132,999247.5,OK,,,,,
2026-04-28 13:19:02,15.5,51,1.1,392,81951.9,OK,,,,,
2026-04-28 13:19:18,15.5,52,0.6,392,81801.1,OK,,,,,
2026-04-28 13:19:34,15.6,52,0.4,392,81229.8,OK,,,,,
2026-04-28 13:19:50,15.6,52,0.6,392,81212.4,OK,,,,,
2026-04-28 13:20:06,15.7,52,1.5,392,82033.1,OK,,,,,
2026-04-28 13:20:22,15.7,52,1.3,392,82117.2,OK,,,,,
2026-04-28 13:20:38,15.8,52,1.7,392,83132.2,OK,,,,,
2026-04-28 13:20:54,15.7,52,1.7,392,82882.8,OK,,,,,
2026-04-28 13:21:10,15.6,52,1.1,392,82621.8,OK,,,,,
2026-04-28 13:21:26,15.5,53,1.1,392,82331.8,OK,,,,,
2026-04-28 13:21:42,15.5,53,1.1,392,82885.7,OK,,,,,
2026-04-28 13:21:58,-40,0,0,0,0,OK,,,,,
2026-04-28 13:22:14,15.6,53,0.3,392,83042.3,OK,,,,,
2026-04-28 13:22:30,15.8,53,0.7,392,83088.7,OK,,,,,
2026-04-28 13:22:46,16,52,0.6,392,81212.4,OK,,,,,
2026-04-28 13:23:02,16.2,52,0,392,81493.7,OK,,,,,
2026-04-28 13:23:18,-40,0,0,0,0,OK,,,,,
2026-04-28 13:23:34,16.3,51,0.4,392,83483.1,OK,,,,,
2026-04-28 13:23:50,16.5,51,1,392,83126.4,OK,,,,,
2026-04-28 13:24:22,16.4,50,1.3,392,84298,OK,,,,,
2026-04-28 13:24:38,16.3,51,1,408,84237.1,OK,,,,,
2026-04-28 13:24:54,16.7,50,2.2,392,83909.4,OK,,,,,
2026-04-28 13:25:10,-40,0,0,0,0,OK,,,,,
2026-04-28 13:25:26,15.9,52,0.8,392,84315.4,OK,,,,,
2026-04-28 13:25:42,15.9,51,2,392,84582.2,OK,,,,,
2026-04-28 13:25:58,15.7,52,0.7,392,85063.6,OK,,,,,
2026-04-28 13:26:14,15.8,52,1.4,392,84764.9,OK,,,,,
2026-04-28 13:26:30,15.6,52,1.1,392,83494.7,OK,,,,,
2026-04-28 13:26:46,15.7,52,1.8,392,83883.3,OK,,,,,
2026-04-28 13:27:02,-40,0,0,0,0,OK,,,,,
2026-04-28 13:27:18,-40,0,0,0,0,OK,,,,,
2026-04-28 13:27:34,16,52,0.7,392,83651.3,OK,,,,,
2026-04-28 13:27:50,16.1,52,1.3,392,80223.5,OK,,,,,
2026-04-28 13:28:06,16,51,0.8,392,64317,OK,,,,,
2026-04-28 13:28:22,15.9,51,3.5,392,69194.8,OK,,,,,
2026-04-28 13:28:38,15.6,52,3.1,392,72909.7,OK,,,,,
2026-04-28 13:28:54,15.3,53,1.7,392,70117,OK,,,,,
2026-04-28 13:29:10,15.3,53,3.1,392,76134.5,OK,,,,,
2026-04-28 13:29:26,15.3,54,2.2,392,78058,OK,,,,,
2026-04-28 13:29:42,15.3,54,1.4,392,73292.5,OK,,,,,
2026-04-28 13:29:58,15.3,54,2,392,74887.5,OK,,,,,
2026-04-28 13:30:14,15.4,53,2.9,392,80806,OK,,,,,
2026-04-28 13:30:30,-40,0,0,0,0,OK,,,,,
2026-04-28 13:30:46,15.2,53,2.7,392,878628.8,OK,,,,,
2026-04-28 13:31:02,15.2,54,0.4,392,77056.7,OK,,,,,
2026-04-28 13:31:18,15.2,54,1.8,392,79025.8,OK,,,,,
2026-04-28 13:31:34,15.2,54,0.6,392,78074.6,OK,,,,,
2026-04-28 13:31:50,15.2,54,1.7,392,80681.7,OK,,,,,
2026-04-28 13:32:06,15.2,54,2.1,392,80588.7,OK,,,,,
2026-04-28 13:32:22,15.2,54,1,392,80699.9,OK,,,,,
2026-04-28 13:32:38,15.3,54,1.4,392,81058.7,OK,,,,,
2026-04-28 13:32:54,15.2,54,2.2,392,81444.4,OK,,,,,
2026-04-28 13:33:10,15.3,54,0.4,392,81406.7,OK,,,,,
2026-04-28 13:33:26,15.9,53,1,392,81499.5,OK,,,,,
2026-04-28 13:33:42,15.5,53,2,392,82227.4,OK,,,,,
2026-04-28 13:33:58,-40,0,0,0,0,OK,,,,,
2026-04-28 13:34:14,15.6,53,1,392,82444.9,OK,,,,,
2026-04-28 13:34:30,15.7,52,1.7,392,83143.8,OK,,,,,
2026-04-28 13:34:46,15.7,52,2.7,392,82468.1,OK,,,,,
2026-04-28 13:35:02,-40,0,0,0,0,OK,,,,,
2026-04-28 13:35:18,15.7,205,1.3,392,81076.1,OK,,,,,
2026-04-28 13:35:34,15.6,52,2.5,392,80586,OK,,,,,
2026-04-28 13:35:50,15.6,52,1.1,392,81450.2,OK,,,,,
2026-04-28 13:36:06,15.6,52,2,392,81000.7,OK,,,,,
2026-04-28 13:36:22,15.5,53,1.8,392,81383.5,OK,,,,,
2026-04-28 13:36:38,-40,0,0,0,0,OK,,,,,
2026-04-28 13:36:54,15.6,55,0.8,392,81780.8,OK,,,,,
2026-04-28 13:37:10,15.7,53,2,392,83184.4,OK,,,,,
2026-04-28 13:37:26,15.6,52,1.5,392,84254.5,OK,,,,,
2026-04-28 13:37:42,15.6,53,1.3,392,84332.8,OK,,,,,
2026-04-28 13:37:58,15.4,53,17.8,452,84025.4,OK,,,,,
2026-04-28 13:39:02,15.6,54,0.6,392,79916.1,OK,,,,,
2026-04-28 13:39:18,15.8,53,1.5,392,80316.3,OK,,,,,
2026-04-28 13:39:34,-40,0,0,0,0,OK,,,,,
2026-04-28 13:39:50,15.9,52,1.3,392,79948,OK,,,,,
2026-04-28 13:40:06,-40,0,0,0,0,OK,,,,,
2026-04-28 13:40:22,16.2,52,1.3,392,81226.9,OK,,,,,
2026-04-28 13:40:38,16.1,51,1.4,392,82816.1,OK,,,,,
2026-04-28 13:41:42,16,52,3.4,392,83065.5,OK,,,,,
2026-04-28 13:41:58,16,52,0.4,392,83019.1,OK,,,,,
2026-04-28 13:42:14,16.2,52,1.5,392,83117.7,OK,,,,,
2026-04-28 13:42:30,16.2,51,0.1,392,83500.5,OK,,,,,
2026-04-28 13:42:46,16.3,51,0.3,392,83549.8,OK,,,,,
2026-04-28 13:43:02,16.4,51,0.6,392,83097.4,OK,,,,,
2026-04-28 13:43:18,16.5,51,1.7,452,82630.5,OK,,,,,
2026-04-28 13:43:34,16.4,51,1.4,392,83341,OK,,,,,
2026-04-28 13:43:50,16.4,51,0.4,392,83236.6,OK,,,,,
2026-04-28 13:44:06,16.4,51,0.1,392,82978.5,OK,,,,,
2026-04-28 13:44:22,16.6,51,0.1,392,82816.1,OK,,,,,
2026-04-28 13:44:38,16.8,50,1,392,83720.9,OK,,,,,
2026-04-28 13:44:54,-40,0,0,0,0,OK,,,,,
2026-04-28 13:45:10,16.8,50,0.4,392,83950,OK,,,,,
2026-04-28 13:46:14,17.4,204,0.8,392,84025.4,OK,,,,,
2026-04-28 13:46:30,17.2,240,13.4,392,84280.6,OK,,,,,
2026-04-28 13:46:46,17.1,49,0.6,482,84791,OK,,,,,
2026-04-28 13:47:02,17.2,49,0.1,392,85100.9,OK,,,,,
2026-04-28 13:47:18,-40,0,0,0,0,OK,,,,,
2026-04-28 13:47:34,17.2,49,0.3,392,84103.7,OK,,,,,
2026-04-28 13:47:50,17.2,49,0.6,392,83326.5,OK,,,,,
2026-04-28 13:48:06,17,48,2,392,83454.1,OK,,,,,
2026-04-28 13:48:22,-40,0,0,0,0,OK,,,,,
2026-04-28 13:48:38,17,48,0.4,392,83288.8,OK,,,,,
2026-04-28 13:48:54,17.1,48,0.8,392,83486,OK,,,,,
2026-04-28 13:49:10,17,47,0.4,392,82607.3,OK,,,,,
2026-04-28 13:49:26,-40,0,0,0,0,OK,,,,,
2026-04-28 13:49:42,17.1,48,0.4,8072,81685.1,OK,,,,,
2026-04-28 13:49:58,17.3,152,0.1,392,81780.8,OK,,,,,
2026-04-28 13:50:14,17.4,47,1.3,392,82381.1,OK,,,,,
2026-04-28 13:50:30,17.3,47,1.3,392,83164.1,OK,,,,,
2026-04-28 13:50:46,17.1,47,1.4,392,83312,OK,,,,,
2026-04-28 13:51:02,16.8,48,0.4,392,82720.4,OK,,,,,
2026-04-28 13:51:18,16.6,48,0.6,392,82259.3,OK,,,,,
2026-04-28 13:51:34,16.6,49,0.4,392,82407.2,OK,,,,,
2026-04-28 13:51:50,16.6,49,2.1,392,82923.4,OK,,,,,
2026-04-28 13:52:06,-9.1,49,38.5,392,85181.7,OK,,,,,
2026-04-28 13:52:22,16.4,50,3.4,392,83604.9,OK,,,,,
2026-04-28 13:52:38,16.2,51,1,392,84074.7,OK,,,,,
2026-04-28 13:52:54,16.3,51,0.3,392,84109.5,OK,,,,,
2026-04-28 13:53:10,-40,0,0,0,0,OK,,,,,
2026-04-28 13:53:26,16.6,54,1.1,392,83604.9,OK,,,,,
2026-04-28 13:53:42,16.5,49,1.7,392,83810.8,OK,,,,,
2026-04-28 13:53:58,-40,0,0,0,0,OK,,,,,
2026-04-28 13:54:14,16.3,49,1,392,83410.6,OK,,,,,
2026-04-28 13:54:30,16.4,49,0.7,392,83512.1,OK,,,,,
2026-04-28 13:54:46,16.4,49,2.1,392,83613.6,OK,,,,,
2026-04-28 13:55:02,16.2,50,1.4,392,83486,OK,,,,,
2026-04-28 13:55:18,16.2,50,0.6,392,83169.9,OK,,,,,
2026-04-28 13:55:34,16.3,49,0.1,392,82589.9,OK,,,,,
2026-04-28 13:55:50,-9.3,49,108.8,392,83145.6,OK,,,,,
2026-04-28 13:56:06,-40,0,0,0,0,OK,,,,,
2026-04-28 13:57:10,16.6,50,0.7,392,81105.1,OK,,,,,
2026-04-28 13:57:26,16.7,49,0.4,392,81264.6,OK,,,,,
2026-04-28 13:57:42,16.8,49,0.7,392,81589.4,OK,,,,,
2026-04-28 13:57:58,16.8,48,0.7,392,82125.9,OK,,,,,
2026-04-28 13:58:14,-40,0,0,0,0,OK,,,,,
2026-04-28 13:58:30,17,48,0.3,392,82926.3,OK,,,,,
2026-04-28 13:58:46,17,48,0.6,392,83349.7,OK,,,,,
2026-04-28 13:59:02,17,112,1.5,392,83787.6,OK,,,,,
2026-04-28 13:59:18,16.7,48,2.7,392,83529.5,OK,,,,,
2026-04-28 13:59:34,16.3,49,2.7,392,83952.9,OK,,,,,
2026-04-28 13:59:50,16.1,50,1.1,392,83538.2,OK,,,,,
2026-04-28 14:00:06,16.2,50,0.1,392,83645.5,OK,,,,,
2026-04-28 14:00:22,22.7,50,1.4,392,84016.7,OK,,,,,
2026-04-28 14:00:38,16.4,50,0.4,392,83651.3,OK,,,,,
2026-04-28 14:00:54,16.6,50,0.1,392,83657.1,OK,,,,,
2026-04-28 14:01:10,16.8,49,0,904,83642.6,OK,,,,,
2026-04-28 14:01:26,17,48,2.1,392,84031.2,OK,,,,,
2026-04-28 14:01:42,16.8,48,2.8,392,84037,OK,,,,,
2026-04-28 14:01:58,16.7,49,1.5,392,83642.6,OK,,,,,
2026-04-28 14:02:14,16.7,49,0.7,392,84057.3,OK,,,,,
2026-04-28 14:02:30,-40,0,0,0,0,OK,,,,,
2026-04-28 14:02:46,16.7,49,1.4,392,82630.5,OK,,,,,
2026-04-28 14:03:02,16.6,49,2.1,392,82424.6,OK,,,,,
2026-04-28 14:03:19,16.5,49,1.3,392,81061.6,OK,,,,,
2026-04-28 14:03:34,16.4,49,1.7,392,81340,OK,,,,,
2026-04-28 14:03:50,16.4,49,0.7,392,81067.4,OK,,,,,
2026-04-28 14:04:06,16.5,49,0.4,392,81972.2,OK,,,,,
2026-04-28 14:04:22,16.8,49,1.3,392,82056.3,OK,,,,,
2026-04-28 14:04:38,16.8,48,2,392,81847.5,OK,,,,,
2026-04-28 14:04:54,16.9,48,0.6,392,82018.6,OK,,,,,
2026-04-28 14:05:10,-40,0,0,0,0,OK,,,,,
2026-04-28 14:05:26,-40,0,0,0,0,OK,,,,,
2026-04-28 14:05:42,16.9,47,0,392,81238.5,OK,,,,,
2026-04-28 14:05:58,16.9,48,0.6,392,80849.9,OK,,,,,
2026-04-28 14:06:14,-40,0,0,0,0,OK,,,,,
2026-04-28 14:06:30,17,48,1,392,81815.6,OK,,,,,
2026-04-28 14:06:46,16.9,47,2.2,392,82677.5,OK,,,,,
2026-04-28 14:07:02,16.8,47,1.1,392,82636.3,OK,,,,,
2026-04-28 14:07:18,-8.7,48,107.7,392,83094.5,OK,,,,,
2026-04-28 14:07:34,17.1,48,1.1,392,82784.2,OK,,,,,
2026-04-28 14:07:50,17,47,2.4,392,82848,OK,,,,,
2026-04-28 14:08:06,16.9,47,1.1,392,82798.7,OK,,,,,
2026-04-28 14:08:22,16.9,48,1.3,392,82813.2,OK,,,,,
2026-04-28 14:08:38,119.2,48,37.7,392,81830.1,OK,,,,,
2026-04-28 14:08:54,16.6,48,1.5,392,81618.4,OK,,,,,
2026-04-28 14:09:10,16.5,48,0.7,392,81137,OK,,,,,
2026-04-28 14:09:26,16.6,49,1.1,392,81105.1,OK,,,,,
2026-04-28 14:09:42,16.7,48,1.8,392,80255.4,OK,,,,,
2026-04-28 14:09:58,-40,0,0,0,0,OK,,,,,
2026-04-28 14:10:14,16.5,49,0.1,392,184883.9,OK,,,,,
2026-04-28 14:10:30,16.5,48,2,392,79652.2,OK,,,,,
2026-04-28 14:10:46,16.3,48,4.1,392,80180,OK,,,,,
2026-04-28 14:11:02,16.2,49,1.5,392,80612.1,OK,,,,,
2026-04-28 14:11:18,16.2,49,2.2,392,80922.4,OK,,,,,
2026-04-28 14:11:34,16.1,49,1.8,392,81563.3,OK,,,,,
2026-04-28 14:11:50,16,49,1.8,392,82082.4,OK,,,,,
2026-04-28 14:12:06,-40,0,0,0,0,OK,,,,,
2026-04-28 14:12:22,15.8,50,0.8,392,81856.2,OK,,,,,
2026-04-28 14:12:38,15.9,50,0.6,392,82534.8,OK,,,,,
2026-04-28 14:12:54,15.9,49,0.3,392,82502.9,OK,,,,,
2026-04-28 14:13:10,16,50,1.1,392,82360.8,OK,,,,,
2026-04-28 14:13:26,16.1,50,2,392,82763.9,OK,,,,,
2026-04-28 14:13:42,16,49,2.4,392,82746.5,OK,,,,,
2026-04-28 14:13:58,15.8,49,1.7,392,82801.6,OK,,,,,
2026-04-28 14:14:14,-40,0,0,0,0,OK,,,,,
2026-04-28 14:14:30,15.6,50,2,392,83152.5,OK,,,,,
2026-04-28 14:14:46,15.6,50,1,392,83019.1,OK,,,,,
2026-04-28 14:15:02,15.7,50,1.1,392,83088.7,OK,,,,,
2026-04-28 14:15:18,15.9,50,1.1,392,82795.8,OK,,,,,
2026-04-28 14:15:34,16,49,2,392,82853.8,OK,,,,,
2026-04-28 14:15:50,15.8,49,2.2,392,82810.3,OK,,,,,
2026-04-28 14:16:06,15.8,49,1.7,392,82630.5,OK,,,,,
2026-04-28 14:16:22,15.8,49,0.8,392,82964,OK,,,,,
2026-04-28 14:16:38,15.8,49,1.1,392,83103.9,OK,,,,,
2026-04-28 14:16:54,-40,0,0,0,0,OK,,,,,
2026-04-28 14:17:10,16,49,2.5,392,83184.4,OK,,,,,
2026-04-28 14:17:26,16,49,1.8,392,85192.8,OK,,,,,
2026-04-28 14:17:42,15.9,49,1,392,83353.3,OK,,,,,
2026-04-28 14:17:58,-40,0,0,0,0,OK,,,,,
2026-04-28 14:18:14,15.9,49,1.7,392,83590.4,OK,,,,,
2026-04-28 14:18:30,16,49,0.3,392,83451.2,OK,,,,,
2026-04-28 14:18:46,16.2,49,0.8,392,83578.8,OK,,,,,
2026-04-28 14:19:02,16.4,48,0.4,392,84721,OK,,,,,
2026-04-28 14:19:18,16.4,48,0,392,84675,OK,,,,,
2026-04-28 14:19:34,16.5,48,1.5,65476,85321.7,OK,,,,,
2026-04-28 14:19:50,16.4,48,19.2,392,85122.2,OK,,,,,
2026-04-28 14:20:06,16.3,48,1.3,392,84440.1,OK,,,,,
2026-04-28 14:20:22,16.3,48,0.3,392,82543.5,OK,,,,,
2026-04-28 14:20:38,16.2,48,1.7,392,83103.2,OK,,,,,
2026-04-28 14:20:54,16.2,48,0.6,392,83996.4,OK,,,,,
2026-04-28 14:21:10,16.3,48,0.8,392,83587.5,OK,,,,,
2026-04-28 14:21:26,-40,0,0,0,0,OK,,,,,
2026-04-28 14:21:42,16.5,48,1,392,86011.9,OK,,,,,
2026-04-28 14:21:58,16.4,48,1.8,392,85576.9,OK,,,,,
2026-04-28 14:22:14,16.5,48,1.3,392,86020.6,OK,,,,,
2026-04-28 14:22:30,16.4,48,1.8,392,85081,OK,,,,,
2026-04-28 14:22:46,16.4,48,1.1,392,86020.6,OK,,,,,
2026-04-28 14:23:02,16.4,48,1.1,392,86183,OK,,,,,
2026-04-28 14:23:18,16.5,48,1.4,392,86719.5,OK,,,,,
2026-04-28 14:23:34,16.5,47,1.4,392,87087.8,OK,,,,,
2026-04-28 14:23:50,16.4,48,1,392,86951.5,OK,,,,,
2026-04-28 14:24:06,35.5,48,0.4,392,86847.1,OK,,,,,
2026-04-28 14:24:22,16.4,48,1.1,392,86449.8,OK,,,,,
2026-04-28 14:24:38,16.2,47,2.1,392,86475.9,OK,,,,,
2026-04-28 14:24:54,16.3,48,1.4,392,86626.7,OK,,,,,
2026-04-28 14:25:26,16.3,48,0.3,392,87305.3,OK,,,,,
2026-04-28 14:25:43,16.5,48,0.7,392,87305.3,OK,,,,,
2026-04-28 14:25:58,16.5,47,1.3,392,87615.6,OK,,,,,
2026-04-28 14:26:14,16.5,47,1.1,392,87067.5,OK,,,,,
2026-04-28 14:26:30,16.4,48,1.3,392,87888.2,OK,,,,,
2026-04-28 14:26:46,16.2,48,2.5,392,88184,OK,,,,,
2026-04-28 14:27:02,-40,0,0,0,0,OK,,,,,
2026-04-28 14:27:18,16.1,49,2.5,392,415626.2,OK,,,,,
2026-04-28 14:27:34,16,49,1.7,392,87801.2,OK,,,,,
2026-04-28 14:27:50,16,49,1.8,392,87983.9,OK,,,,,
2026-04-28 14:28:06,15.9,49,2,392,87775.1,OK,,,,,
2026-04-28 14:28:22,15.9,49,2.4,8072,87514.1,OK,,,,,
2026-04-28 14:28:38,15.7,50,1.8,392,87952,OK,,,,,
2026-04-28 14:28:54,15.9,50,0.4,392,87682.3,OK,,,,,
2026-04-28 14:29:10,16.1,50,0.3,392,87859.2,OK,,,,,
2026-04-28 14:29:26,16.2,50,0.6,392,88001.3,OK,,,,,
2026-04-28 14:29:42,16.4,49,0.6,392,88207.2,OK,,,,,
2026-04-28 14:29:58,16.5,49,0.4,392,88363.8,OK,,,,,
2026-04-28 14:30:14,16.7,49,0.3,392,87546,OK,,,,,
2026-04-28 14:30:30,16.7,49,0.7,392,85779.9,OK,,,,,
2026-04-28 14:30:46,16.8,48,1,392,86203.3,OK,,,,,
2026-04-28 14:31:02,16.8,48,1,392,87026.9,OK,,,,,
2026-04-28 14:31:18,16.7,48,1.4,392,88004.2,OK,,,,,
2026-04-28 14:31:34,16.6,49,1,392,87000.8,OK,,,,,
2026-04-28 14:31:50,-9.1,49,37.1,392,86345.4,OK,,,,,
2026-04-28 14:32:06,16.6,49,4.3,392,86818.1,OK,,,,,
2026-04-28 14:32:22,-40,0,0,0,0,OK,,,,,
2026-04-28 14:32:38,17.1,48,0.6,392,85286.9,OK,,,,,
2026-04-28 14:32:54,17.2,47,1.3,392,85162.2,OK,,,,,
2026-04-28 14:33:10,17.2,47,0.7,392,82088.2,OK,,,,,
2026-04-28 14:33:26,17.2,47,0.1,392,85440.6,OK,,,,,
2026-04-28 14:33:42,17.4,47,0.6,392,84988.2,OK,,,,,
2026-04-28 14:33:58,17.4,126,1,392,84132.7,OK,,,,,
2026-04-28 14:34:14,17.6,46,0.8,392,81454.3,OK,,,,,
2026-04-28 14:34:30,17.6,45,0.7,392,80963,OK,,,,,
2026-04-28 14:34:46,17.7,46,1.4,392,86571.6,OK,,,,,
2026-04-28 14:35:02,17.6,45,3.1,392,80011.8,OK,,,,,
2026-04-28 14:35:18,17,46,2.7,392,82885.7,OK,,,,,
2026-04-28 14:35:34,16.8,46,0.7,392,81760.5,OK,,,,,
2026-04-28 14:35:50,-40,0,0,0,0,OK,,,,,
2026-04-28 14:36:06,16.5,47,1.3,904,78184.8,OK,,,,,
2026-04-28 14:36:22,16.5,48,0.4,392,78988.1,OK,,,,,
2026-04-28 14:36:38,16.6,48,1.5,392,70830.4,OK,,,,,
2026-04-28 14:36:54,16.7,48,1.8,392,84808.4,OK,,,,,
2026-04-28 14:37:10,-40,0,0,0,0,OK,,,,,
2026-04-28 14:37:26,16.9,48,0.4,392,87708.4,OK,,,,,
2026-04-28 14:37:42,17.1,48,0.1,392,86705,OK,,,,,
2026-04-28 14:37:58,-40,0,0,0,0,OK,,,,,
2026-04-28 14:38:14,-40,0,0,0,0,OK,,,,,
2026-04-28 14:38:30,36.7,46,1.7,392,87479.3,OK,,,,,
2026-04-28 14:38:46,16.8,47,1,392,66967.6,OK,,,,,
2026-04-28 14:39:02,16.9,47,0.4,392,65137.7,OK,,,,,
2026-04-28 14:39:18,16.8,46,0.3,392,82982.5,OK,,,,,
2026-04-28 14:39:34,16.9,47,1.4,392,80412,OK,,,,,
2026-04-28 14:39:50,16.9,47,0.4,392,81183.4,OK,,,,,
2026-04-28 14:40:06,16.9,47,2.1,392,80377.2,OK,,,,,
2026-04-28 14:40:22,16.7,47,1.4,392,80594.7,OK,,,,,
2026-04-28 14:40:38,16.7,47,1,392,73811.6,OK,,,,,
2026-04-28 14:40:54,16.8,48,1,392,72561.7,OK,,,,,
2026-04-28 14:41:10,16.9,48,0.3,392,74084.2,OK,,,,,
2026-04-28 14:41:26,-40,0,0,0,0,OK,,,,,
2026-04-28 14:41:42,17.1,46,0.7,392,75000.6,OK,,,,,
2026-04-28 14:41:58,17.2,47,0.1,392,75035.4,OK,,,,,
2026-04-28 14:42:14,17.4,46,0.4,392,71552.5,OK,,,,,
2026-04-28 14:42:30,17.5,254,18.2,392,160533.5,OK,,,,,
2026-04-28 14:42:46,17.5,45,0.7,392,77100.2,OK,,,,,
2026-04-28 14:43:02,17.5,45,1.3,392,78442.9,OK,,,,,
2026-04-28 14:43:18,17.3,45,2.7,392,77013.2,OK,,,,,
2026-04-28 14:43:34,-40,0,0,0,0,OK,,,,,
2026-04-28 14:43:50,17.1,151,0.4,392,80043.7,OK,,,,,
2026-04-28 14:44:06,17.1,46,0.4,408,68272.6,OK,,,,,
2026-04-28 14:44:22,17,46,2,392,76824.7,OK,,,,,
2026-04-28 14:44:38,17.1,47,1.3,392,68005.8,OK,,,,,
2026-04-28 14:44:54,-40,0,0,0,0,OK,,,,,
2026-04-28 14:45:10,16.6,46,2.5,392,85774.1,OK,,,,,
2026-04-28 14:45:26,16.4,47,1.7,8072,82990.1,OK,,,,,
2026-04-28 14:45:42,16.2,48,2.5,392,86049.6,OK,,,,,
2026-04-28 14:45:58,16.2,49,1.8,392,85217.3,OK,,,,,
2026-04-28 14:46:14,16.2,49,0.8,392,84054.4,OK,,,,,
2026-04-28 14:46:30,16.1,49,1.3,392,84179.1,OK,,,,,
2026-04-28 14:46:46,113.2,51,15.4,392,83790.5,OK,,,,,
2026-04-28 14:47:02,16.5,49,0.7,392,83720.9,OK,,,,,
2026-04-28 14:47:18,16.7,48,0.4,392,83088.7,OK,,,,,
2026-04-28 14:47:34,16.8,48,0.4,392,80980.4,OK,,,,,
2026-04-28 14:47:50,-40,0,0,0,0,OK,,,,,
2026-04-28 14:48:07,16.7,48,2.7,392,84019.6,OK,,,,,
2026-04-28 14:48:22,16.5,48,2,392,81508.2,OK,,,,,
2026-04-28 14:48:38,16.5,48,2,392,81183.4,OK,,,,,
2026-04-28 14:48:54,16.4,48,1.8,392,83886.2,OK,,,,,
2026-04-28 14:49:10,16.2,48,2,392,84744.6,OK,,,,,
2026-04-28 14:49:26,16.2,49,1,392,83828.2,OK,,,,,
2026-04-28 14:49:42,16.3,49,1.1,392,81612.6,OK,,,,,
2026-04-28 14:49:58,-40,0,0,0,0,OK,,,,,
2026-04-28 14:50:14,16.4,48,1.8,392,85953.9,OK,,,,,
2026-04-28 14:50:30,16.3,48,1.1,392,85063.6,OK,,,,,
2026-04-28 14:50:46,16.3,48,1.8,392,81830.1,OK,,,,,
2026-04-28 14:51:02,16.2,48,1.5,392,78599.5,OK,,,,,
2026-04-28 14:51:18,16.2,49,1.3,392,73570.9,OK,,,,,
2026-04-28 14:51:34,16.2,49,0.4,392,82323.1,OK,,,,,
2026-04-28 14:51:50,16.4,49,1.3,392,75989.5,OK,,,,,
2026-04-28 14:52:06,16.5,48,1.8,392,82984.3,OK,,,,,
2026-04-28 14:52:22,16.4,48,1.4,392,84443,OK,,,,,
2026-04-28 14:52:38,16.4,48,0.6,392,78005,OK,,,,,
2026-04-28 14:52:54,16.5,48,0.8,392,83506.3,OK,,,,,
2026-04-28 14:53:10,16.7,48,2.7,392,85516.7,OK,,,,,
2026-04-28 14:53:26,16.5,47,3.6,392,83410.6,OK,,,,,
2026-04-28 14:53:42,-40,0,0,0,0,OK,,,,,
2026-04-28 14:53:58,144.2,48,37.1,392,84799.7,OK,,,,,
2026-04-28 14:54:14,16.4,48,1.3,392,86954.4,OK,,,,,
2026-04-28 14:54:30,16.5,48,1.4,392,89752.9,OK,,,,,
2026-04-28 14:54:46,16.5,47,1.4,392,86156.9,OK,,,,,
2026-04-28 14:55:02,16.5,48,1.3,392,88282.6,OK,,,,,
2026-04-28 14:55:18,16.6,47,1.7,452,85922,OK,,,,,
2026-04-28 14:55:34,16.6,47,0.7,392,80087.2,OK,,,,,
2026-04-28 14:55:50,16.6,47,2.5,392,60860.2,OK,,,,,
2026-04-28 14:56:06,16.5,47,2.9,392,78318.2,OK,,,,,
2026-04-28 14:56:22,16.2,48,1.3,392,73775.1,OK,,,,,
2026-04-28 14:56:38,16,48,1.3,392,85571.1,OK,,,,,
2026-04-28 14:56:54,15.8,49,0.8,392,82044.7,OK,,,,,
2026-04-28 14:57:10,-40,0,0,0,0,OK,,,,,
2026-04-28 14:57:26,16.2,49,1.1,392,81412.5,OK,,,,,
2026-04-28 14:57:42,16.3,48,2.1,392,80484.5,OK,,,,,
2026-04-28 14:57:58,-40,0,0,0,0,OK,,,,,
2026-04-28 14:58:14,16.3,47,2.4,392,80762.9,OK,,,,,
2026-04-28 14:58:30,16,47,2.9,392,84735.8,OK,,,,,
2026-04-28 14:58:46,-40,0,0,0,0,OK,,,,,
2026-04-28 14:59:02,-40,0,0,0,0,OK,,,,,
2026-04-28 14:59:18,-40,0,0,0,0,OK,,,,,
2026-04-28 14:59:34,16,48,1.5,392,67617.2,OK,,,,,
2026-04-28 14:59:50,16.1,48,0.3,392,91168.1,OK,,,,,
2026-04-28 15:00:06,16.4,48,1,392,89718.1,OK,,,,,
2026-04-28 15:00:22,16.5,47,0.4,392,76627.5,OK,,,,,
2026-04-28 15:00:38,16.6,47,2.2,392,88877.1,OK,,,,,
2026-04-28 15:00:54,16.5,47,1,392,79797.2,OK,,,,,
2026-04-28 15:01:10,16.7,47,8.8,3976,68075.4,OK,,,,,
2026-04-28 15:01:26,16.7,47,1,392,82172.3,OK,,,,,
2026-04-28 15:01:42,16.8,47,2,392,82749.4,OK,,,,,
2026-04-28 15:01:58,-40,0,0,0,0,OK,,,,,
2026-04-28 15:02:14,16.5,47,1.4,392,82157.8,OK,,,,,
2026-04-28 15:02:30,16.4,48,1,392,89764.5,OK,,,,,
2026-04-28 15:02:46,16.6,48,0.6,392,93302.5,OK,,,,,
2026-04-28 15:03:02,-40,0,0,0,0,OK,,,,,
2026-04-28 15:03:18,16.5,47,2.1,392,94839.5,OK,,,,,
2026-04-28 15:03:34,16.5,48,2.2,392,95022.2,OK,,,,,
2026-04-28 15:03:50,16.4,48,1.8,392,89428.1,OK,,,,,
2026-04-28 15:04:06,16.4,48,2.9,392,93166.2,OK,,,,,
2026-04-28 15:04:22,16.3,48,2.5,392,93798.4,OK,,,,,
2026-04-28 15:04:38,16.2,49,1.5,392,93737.5,OK,,,,,
2026-04-28 15:04:54,16,48,4.5,392,92702.2,OK,,,,,
2026-04-28 15:05:10,15.8,49,1.4,392,92003.3,OK,,,,,
2026-04-28 15:05:26,15.8,49,1,392,91797.4,OK,,,,,
2026-04-28 15:05:42,15.9,49,0.1,392,92734.1,OK,,,,,
2026-04-28 15:05:58,16.1,49,1.3,392,91600.2,OK,,,,,
2026-04-28 15:06:14,16,48,2.5,392,93433,OK,,,,,
2026-04-28 15:06:30,16,48,1.3,392,94218.9,OK,,,,,
2026-04-28 15:06:46,16,48,1.4,392,94024.6,OK,,,,,
2026-04-28 15:07:02,16,48,2.5,392,92934.2,OK,,,,,
2026-04-28 15:07:18,-40,0,0,0,0,OK,,,,,
2026-04-28 15:07:34,15.9,48,1.1,392,93682.4,OK,,,,,
2026-04-28 15:07:50,16,48,2,392,85907.5,OK,,,,,
2026-04-28 15:08:06,-40,0,0,0,0,OK,,,,,
2026-04-28 15:08:22,16.2,204,0.1,392,82981.4,OK,,,,,
2026-04-28 15:08:38,16.4,49,0.6,392,71714.9,OK,,,,,
2026-04-28 15:08:54,16.6,48,1.4,392,62533.5,OK,,,,,
2026-04-28 15:09:10,16.6,48,2.2,392,74623.6,OK,,,,,
2026-04-28 15:09:26,23.7,48,2,392,76810.2,OK,,,,,
2026-04-28 15:09:42,16.3,47,3.8,392,78602.4,OK,,,,,
2026-04-28 15:09:58,16,49,2.8,392,69861.8,OK,,,,,
2026-04-28 15:10:14,-40,0,0,0,0,OK,,,,,
2026-04-28 15:10:30,15.7,50,0.7,392,47595.6,OK,,,,,
2026-04-28 15:10:46,15.8,50,2.1,392,46682.1,OK,,,,,
2026-04-28 15:11:02,15.8,49,0.8,392,52410.7,OK,,,,,
2026-04-28 15:11:18,15.8,48,1.1,392,67222.8,OK,,,,,
2026-04-28 15:11:34,15.8,49,2.2,392,82073.7,OK,,,,,
2026-04-28 15:11:50,15.7,49,2,392,72787.9,OK,,,,,
2026-04-28 15:12:06,15.7,49,0.3,392,88781.4,OK,,,,,
2026-04-28 15:12:22,15.9,204,0.7,392,90791.1,OK,,,,,
2026-04-28 15:12:38,16.2,49,1.4,392,83996.4,OK,,,,,
2026-04-28 15:12:54,16.2,48,1.1,392,69539.9,OK,,,,,
2026-04-28 15:13:10,-40,0,0,0,0,OK,,,,,
2026-04-28 15:13:26,16.3,48,0.6,392,61881,OK,,,,,
2026-04-28 15:13:42,16.4,48,1.4,392,52528.5,OK,,,,,
2026-04-28 15:13:58,16.1,48,0.8,392,50550.7,OK,,,,,
2026-04-28 15:14:14,16.1,49,0.4,392,61646.1,OK,,,,,
2026-04-28 15:14:30,16.2,49,1.7,392,69455.8,OK,,,,,
2026-04-28 15:14:46,16.2,48,0.4,392,70102.5,OK,,,,,
2026-04-28 15:15:02,16.4,48,0.3,392,58496.7,OK,,,,,
2026-04-28 15:15:18,-40,0,0,0,0,OK,,,,,
2026-04-28 15:15:34,16.7,47,2.1,392,68667,OK,,,,,
2026-04-28 15:15:50,16.7,47,1.5,392,76276.6,OK,,,,,
2026-04-28 15:16:06,16.6,47,2.5,392,70656.4,OK,,,,,
2026-04-28 15:16:22,16.4,48,0.3,392,66193.3,OK,,,,,
2026-04-28 15:16:38,16.4,48,0.1,392,81821.4,OK,,,,,
2026-04-28 15:16:54,16.6,48,0.4,392,87395.2,OK,,,,,
2026-04-28 15:17:10,16.8,47,0.1,392,88833.6,OK,,,,,
2026-04-28 15:17:26,16.9,47,0.7,392,86006.1,OK,,,,,
2026-04-28 15:17:42,-40,0,0,0,0,OK,,,,,
2026-04-28 15:17:58,17,46,1.5,392,76940.7,OK,,,,,
2026-04-28 15:18:14,16.8,46,2.9,392,85391.3,OK,,,,,
2026-04-28 15:18:30,-40,0,0,0,0,OK,,,,,
2026-04-28 15:18:46,16.4,48,1,392,86006.1,OK,,,,,
2026-04-28 15:19:02,16.4,48,1.1,392,90959.3,OK,,,,,
2026-04-28 15:19:18,16.4,48,1,392,85156.4,OK,,,,,
2026-04-28 15:19:34,16.4,48,1.7,392,74252.4,OK,,,,,
2026-04-28 15:19:50,-40,0,0,0,0,OK,,,,,
2026-04-28 15:20:06,16.2,49,2,392,75206.5,OK,,,,,
2026-04-28 15:20:22,16.2,49,1.5,392,77390.2,OK,,,,,
2026-04-28 15:20:38,16.2,49,1.8,392,70392.5,OK,,,,,
2026-04-28 15:20:54,16.1,48,2.4,392,79028.7,OK,,,,,
2026-04-28 15:21:10,16.1,49,1.5,392,69928.5,OK,,,,,
2026-04-28 15:21:26,16,48,1.3,392,65680,OK,,,,,
2026-04-28 15:21:42,16,48,2.4,392,52609.7,OK,,,,,
2026-04-28 15:21:58,-40,0,0,0,0,OK,,,,,
2026-04-28 15:22:14,15.5,50,3.5,392,59126,OK,,,,,
2026-04-28 15:22:30,15.4,51,1,392,76758,OK,,,,,
2026-04-28 15:22:46,15.4,51,0.8,392,76882.3,OK,,,,,
2026-04-28 15:23:02,15.5,51,2.1,392,76914.6,OK,,,,,
2026-04-28 15:23:18,15.5,51,1.3,392,80003.1,OK,,,,,
2026-04-28 15:23:34,15.5,51,1.7,392,83459.9,OK,,,,,
2026-04-28 15:23:50,15.6,52,1.3,392,78715.5,OK,,,,,
2026-04-28 15:24:06,15.7,51,2,392,84811.2,OK,,,,,
2026-04-28 15:24:22,15.8,50,2.4,392,80278.6,OK,,,,,
2026-04-28 15:24:38,15.6,50,2.5,392,79652.2,OK,,,,,
2026-04-28 15:24:54,15.4,50,0.8,392,81371.9,OK,,,,,
2026-04-28 15:25:10,15.5,51,1,392,51907.9,OK,,,,,
2026-04-28 15:25:26,15.7,51,0.3,392,48628,OK,,,,,
2026-04-28 15:25:42,15.8,50,0.7,392,57264.2,OK,,,,,
2026-04-28 15:25:58,16,50,0.6,392,76778.3,OK,,,,,
2026-04-28 15:26:14,-40,0,0,0,0,OK,,,,,
2026-04-28 15:26:30,16.1,50,1.7,392,83158.3,OK,,,,,
2026-04-28 15:26:46,16.2,49,4.3,392,83167,OK,,,,,
2026-04-28 15:27:02,-40,0,0,0,0,OK,,,,,
2026-04-28 15:27:18,-40,0,0,0,0,OK,,,,,
2026-04-28 15:27:34,16.3,48,1.3,392,83326.5,OK,,,,,
2026-04-28 15:27:50,16.2,49,1.8,392,83355.5,OK,,,,,
2026-04-28 15:28:06,16.3,49,1.4,392,83071.3,OK,,,,,
2026-04-28 15:28:22,16.2,48,1.1,392,83285.9,OK,,,,,
2026-04-28 15:28:38,16.2,48,1.5,392,82946.6,OK,,,,,
2026-04-28 15:28:54,-40,0,0,0,0,OK,,,,,
2026-04-28 15:29:10,16.2,48,0.7,392,81058.7,OK,,,,,
2026-04-28 15:29:26,-40,0,0,0,0,OK,,,,,
2026-04-28 15:29:42,16.2,47,1.1,392,81728.6,OK,,,,,
2026-04-28 15:29:58,16.3,48,1.8,392,83457,OK,,,,,
2026-04-28 15:30:14,16.1,48,2.2,392,82340.5,OK,,,,,
2026-04-28 15:30:30,16,48,2.7,392,82450.7,OK,,,,,
2026-04-28 15:30:46,15.8,49,2,1928,80870.2,OK,,,,,
2026-04-28 15:31:02,-40,0,0,0,0,OK,,,,,
2026-04-28 15:31:18,15.9,49,1,392,79437.6,OK,,,,,
2026-04-28 15:31:34,16,49,1.8,392,71842.5,OK,,,,,
2026-04-28 15:31:50,15.9,49,1,392,79002.6,OK,,,,,
2026-04-28 15:32:06,15.8,49,2.1,392,78970.7,OK,,,,,
2026-04-28 15:32:22,15.9,49,0.7,392,78799.6,OK,,,,,
2026-04-28 15:32:38,16,49,1.5,65476,641662.8,OK,,,,,
2026-04-28 15:32:54,16.1,49,1.8,392,78938.8,OK,,,,,
2026-04-28 15:33:10,16.2,49,0.8,392,64818.7,OK,,,,,
2026-04-28 15:33:26,16.2,49,1,392,79463.7,OK,,,,,
2026-04-28 15:33:42,16.2,48,0.4,392,79208.5,OK,,,,,
2026-04-28 15:33:58,16.2,48,0,392,78967.8,OK,,,,,
2026-04-28 15:34:14,16.4,48,0,392,79394.1,OK,,,,,
2026-04-28 15:34:30,16.5,48,0.7,392,65949.7,OK,,,,,
2026-04-28 15:34:46,16.4,49,0.8,392,51356.9,OK,,,,,
2026-04-28 15:35:02,16.5,49,2.2,392,80696.2,OK,,,,,
2026-04-28 15:35:18,16.4,49,3.5,392,79977,OK,,,,,
2026-04-28 15:35:34,16,49,3.9,392,80017.6,OK,,,,,
2026-04-28 15:35:50,15.8,50,1.8,392,58728.7,OK,,,,,
2026-04-28 15:36:06,15.7,51,0.8,392,70021.3,OK,,,,,
2026-04-28 15:36:22,15.8,51,0.3,392,80093,OK,,,,,
2026-04-28 15:36:38,16,50,2.8,392,79797.2,OK,,,,,
2026-04-28 15:36:54,15.9,50,2.5,392,75200.7,OK,,,,,
2026-04-28 15:37:10,-40,0,0,0,0,OK,,,,,
2026-04-28 15:37:26,15.9,51,1,392,79362.2,OK,,,,,
2026-04-28 15:37:42,16,50,0.3,392,78860.5,OK,,,,,
2026-04-28 15:37:58,16.1,50,0.8,392,78309.5,OK,,,,,
2026-04-28 15:38:14,16.3,49,0.7,392,78611.1,OK,,,,,
2026-04-28 15:38:30,16.3,48,1.4,392,85185.9,OK,,,,,
2026-04-28 15:38:46,-40,0,0,0,0,OK,,,,,
2026-04-28 15:39:02,16.1,49,1.7,392,78007.9,OK,,,,,
2026-04-28 15:39:18,16,49,1.3,392,77596.1,OK,,,,,
2026-04-28 15:39:34,16,50,1,392,77828.1,OK,,,,,
2026-04-28 15:39:50,16.1,49,0.7,392,77297,OK,,,,,
2026-04-28 15:40:06,16.1,49,1.8,392,77741.1,OK,,,,,
2026-04-28 15:40:22,16,49,0.6,392,77094.4,OK,,,,,
2026-04-28 15:40:38,-40,0,0,0,0,OK,,,,,
2026-04-28 15:40:54,16.2,49,0.7,392,77207.5,OK,,,,,
2026-04-28 15:41:10,16.2,49,0.4,392,77712.1,OK,,,,,
2026-04-28 15:41:26,16.4,49,1.3,392,76961,OK,,,,,
2026-04-28 15:41:42,-40,0,0,0,0,OK,,,,,
2026-04-28 15:41:58,-40,0,0,0,0,OK,,,,,
2026-04-28 15:42:14,-40,0,0,0,0,OK,,,,,
2026-04-28 15:42:30,-40,0,0,0,0,OK,,,,,
2026-04-28 15:42:46,17,48,0.6,392,74609.1,OK,,,,,
2026-04-28 15:43:02,-40,0,0,0,0,OK,,,,,
2026-04-28 15:43:18,16.8,47,0.3,392,74754.1,OK,,,,,
2026-04-28 15:43:34,-40,0,0,0,0,OK,,,,,
2026-04-28 15:43:50,16.6,48,1.5,392,76592.7,OK,,,,,
2026-04-28 15:44:06,16.5,48,0.4,1928,76404.2,OK,,,,,
2026-04-28 15:44:22,-40,0,0,0,0,OK,,,,,
2026-04-28 15:44:38,16.4,48,4.2,392,74977.4,OK,,,,,
2026-04-28 15:44:54,16,49,2.1,392,75716.9,OK,,,,,
2026-04-28 15:45:10,16,49,2.1,392,74104.5,OK,,,,,
2026-04-28 15:45:26,16,49,1.1,392,72466,OK,,,,,
2026-04-28 15:45:42,15.9,49,0.7,392,72619.7,OK,,,,,
2026-04-28 15:46:46,16.3,49,0.1,392,69972,OK,,,,,
2026-04-28 15:47:02,16.5,48,0.3,392,69786.4,OK,,,,,
2026-04-28 15:47:18,16.6,48,0.6,392,69742.9,OK,,,,,
2026-04-28 15:47:34,16.5,48,1.5,392,71033.4,OK,,,,,
2026-04-28 15:47:50,-40,0,0,0,0,OK,,,,,
2026-04-28 15:48:06,16.4,49,1.3,392,71137.8,OK,,,,,
2026-04-28 15:48:22,16.4,48,1.7,392,71799,OK,,,,,
2026-04-28 15:48:38,16.4,49,1,392,68292.9,OK,,,,,
2026-04-28 15:48:54,16.4,48,0.8,12348,641401.3,OK,,,,,
2026-04-28 15:49:10,16.4,48,1.8,392,67219.9,OK,,,,,
2026-04-28 15:49:26,16.2,48,1.4,392,67388.1,OK,,,,,
2026-04-28 15:49:42,-40,0,0,0,0,OK,,,,,
2026-04-28 15:49:58,16.3,49,0.6,392,63249.8,OK,,,,,
2026-04-28 15:50:14,16.2,49,1.7,392,61019.7,OK,,,,,
2026-04-28 15:50:30,16.1,50,1.3,392,57623.8,OK,,,,,
2026-04-28 15:50:46,16.1,50,0.4,392,55692,OK,,,,,
2026-04-28 15:51:02,16.2,50,1.4,392,54839.8,OK,,,,,
2026-04-28 15:52:06,15.6,50,2.7,392,49988.1,OK,,,,,
2026-04-28 15:52:22,15.5,50,2.9,392,49263.1,OK,,,,,
2026-04-28 15:52:38,15.2,51,4.1,392,49973.6,OK,,,,,
2026-04-28 15:53:10,14.9,52,1.3,392,52305.2,OK,,,,,
2026-04-28 15:53:26,14.8,53,2.2,392,52557.5,OK,,,,,
2026-04-28 15:53:42,14.8,53,1.3,392,54474.4,OK,,,,,
2026-04-28 15:53:58,14.9,53,1.3,392,55345.9,OK,,,,,
2026-04-28 15:54:14,-40,0,0,0,0,OK,,,,,
2026-04-28 15:54:30,15,52,0.8,392,48680.2,OK,,,,,
2026-04-28 15:54:46,15,52,1,392,44553.5,OK,,,,,
2026-04-28 15:55:02,15,52,0.8,392,38930.4,OK,,,,,
2026-04-28 15:55:18,15.1,51,1,392,38103.9,OK,,,,,
2026-04-28 15:55:33,117.5,51,36.4,392,38918.8,OK,,,,,
2026-04-28 15:55:49,15,51,1,392,39052.2,OK,,,,,
2026-04-28 15:56:05,15.1,51,0.1,392,38657.8,OK,,,,,
2026-04-28 15:56:21,15.1,51,1,392,43373.2,OK,,,,,
2026-04-28 15:56:37,15.2,52,1.5,392,42424.9,OK,,,,,
2026-04-28 15:56:53,15.2,52,2,392,42253.8,OK,,,,,
2026-04-28 15:57:09,15.1,52,1,392,48079.9,OK,,,,,
2026-04-28 15:57:25,15.1,53,0.4,392,45980.3,OK,,,,,
2026-04-28 15:57:41,-40,0,0,0,0,OK,,,,,
2026-04-28 15:57:57,15.4,53,0.4,392,51087.2,OK,,,,,
2026-04-28 15:58:13,15.5,52,0.6,392,53589.9,OK,,,,,
2026-04-28 15:58:29,15.6,52,0.1,392,53398.5,OK,,,,,
2026-04-28 15:58:45,15.7,52,0.8,392,52174.7,OK,,,,,
2026-04-28 15:59:01,-40,0,0,0,0,OK,,,,,
2026-04-28 15:59:17,15.7,51,1.3,392,50104.1,OK,,,,,
2026-04-28 15:59:33,-40,0,0,0,0,OK,,,,,
2026-04-28 15:59:49,15.3,51,17.4,392,50855.2,OK,,,,,
2026-04-28 16:00:05,15.2,51,1.3,392,52139.9,OK,,,,,
2026-04-28 16:00:21,15.3,51,2.2,392,54100.3,OK,,,,,
2026-04-28 16:00:37,-40,0,0,0,0,OK,,,,,
2026-04-28 16:00:53,15.1,51,2.4,392,56707.4,OK,,,,,
2026-04-28 16:01:09,14.9,52,1.7,392,51809.3,OK,,,,,
2026-04-28 16:01:25,14.7,52,2.5,392,59682.8,OK,,,,,
2026-04-28 16:01:41,14.6,53,1.8,392,61567.8,OK,,,,,
2026-04-28 16:01:57,14.5,54,1.3,392,62188.4,OK,,,,,
2026-04-28 16:02:13,14.5,54,1.5,392,57301.9,OK,,,,,
2026-04-28 16:02:29,14.5,54,0.6,392,55112.4,OK,,,,,
2026-04-28 16:02:45,14.7,54,1.3,392,53030.2,OK,,,,,
2026-04-28 16:03:01,14.8,54,1.1,392,53665.3,OK,,,,,
2026-04-28 16:03:17,14.8,54,0.7,392,57577.4,OK,,,,,
2026-04-28 16:03:33,14.9,54,0,392,56913.3,OK,,,,,
2026-04-28 16:03:49,15.1,53,0.6,392,58737.4,OK,,,,,
2026-04-28 16:04:21,15.3,53,1.3,392,57502,OK,,,,,
2026-04-28 16:04:37,15.3,53,2.7,392,56803.1,OK,,,,,
2026-04-28 16:04:53,15.2,52,1.4,392,58328.5,OK,,,,,
2026-04-28 16:05:09,15.2,52,1.3,392,62217.4,OK,,,,,
2026-04-28 16:05:25,15.1,52,0.4,392,63461.5,OK,,,,,
2026-04-28 16:05:41,15.2,53,0.8,392,62171,OK,,,,,
2026-04-28 16:05:57,15.2,53,0.6,392,62533.5,OK,,,,,
2026-04-28 16:06:13,15.4,52,0.4,392,60503.5,OK,,,,,
2026-04-28 16:06:29,-40,0,0,0,0,OK,,,,,
2026-04-28 16:06:45,15.7,52,1,392,58113.9,OK,,,,,
2026-04-28 16:07:01,15.8,51,0.1,392,58899.8,OK,,,,,
2026-04-28 16:07:17,15.9,51,0.4,392,57641.2,OK,,,,,
2026-04-28 16:07:33,16,51,1.7,392,55764.9,OK,,,,,
2026-04-28 16:07:49,15.8,50,1.5,392,54306.2,OK,,,,,
2026-04-28 16:08:05,-40,0,0,0,0,OK,,,,,
2026-04-28 16:08:21,15.6,51,1.5,392,51629.5,OK,,,,,
2026-04-28 16:08:37,15.4,52,1,392,50071.1,OK,,,,,
2026-04-28 16:08:53,15.4,52,1.4,392,50979.9,OK,,,,,
2026-04-28 16:09:09,15.3,52,0.7,392,51301.8,OK,,,,,
2026-04-28 16:09:25,-40,0,0,0,0,OK,,,,,
2026-04-28 16:09:41,15.3,52,0.7,392,52125.4,OK,,,,,
2026-04-28 16:09:57,15.4,52,1.7,392,53262.2,OK,,,,,
2026-04-28 16:10:13,34.6,115,13.4,392,56849.5,OK,,,,,
2026-04-28 16:10:29,15.5,51,1.1,392,55915.7,OK,,,,,
2026-04-28 16:10:45,15.4,51,1.7,392,57499.1,OK,,,,,
2026-04-28 16:11:01,15.3,52,2.2,392,55448.8,OK,,,,,
2026-04-28 16:11:17,15.2,52,0.4,392,52983.8,OK,,,,,
2026-04-28 16:11:33,-40,0,0,0,0,OK,,,,,
2026-04-28 16:11:49,15.2,52,2.9,392,52490.8,OK,,,,,
2026-04-28 16:12:05,15,52,2.2,392,52267.5,OK,,,,,
2026-04-28 16:12:21,14.9,53,1.4,392,54909.4,OK,,,,,
2026-04-28 16:12:37,14.8,53,3.2,392,56864,OK,,,,,
2026-04-28 16:12:53,14.7,53,1.5,392,56478.3,OK,,,,,
2026-04-28 16:13:09,14.8,54,2.4,392,56655.2,OK,,,,,
2026-04-28 16:13:25,14.8,53,0.8,392,56446.4,OK,,,,,
2026-04-28 16:13:41,14.8,52,1.1,392,54935.5,OK,,,,,
2026-04-28 16:13:57,14.8,52,0.3,392,54030.7,OK,,,,,
2026-04-28 16:14:13,-40,0,0,0,0,OK,,,,,
2026-04-28 16:14:29,15,53,1.7,392,53418.8,OK,,,,,
2026-04-28 16:14:45,14.9,52,1,392,53386.9,OK,,,,,
2026-04-28 16:15:01,14.9,52,0.6,392,51554.1,OK,,,,,
2026-04-28 16:15:17,15,53,1.8,392,50936.4,OK,,,,,
2026-04-28 16:15:33,15,53,1.3,392,50310,OK,,,,,
2026-04-28 16:15:49,15.1,52,1.5,392,49912.7,OK,,,,,
2026-04-28 16:16:05,15.1,52,1.7,392,50760.7,OK,,,,,
2026-04-28 16:16:21,-40,0,0,0,0,OK,,,,,
2026-04-28 16:16:37,14.9,52,2.5,392,47511.5,OK,,,,,
2026-04-28 16:16:53,14.9,52,1.4,392,47740.6,OK,,,,,
2026-04-28 16:17:09,14.9,53,0.7,392,47607.2,OK,,,,,
2026-04-28 16:17:25,14.9,53,0.1,392,48410.5,OK,,,,,
2026-04-28 16:17:41,15,53,0.4,392,48358.3,OK,,,,,
2026-04-28 16:17:57,-40,0,0,0,0,OK,,,,,
2026-04-28 16:18:13,15.2,53,0.3,392,46624.1,OK,,,,,
2026-04-28 16:18:29,-40,0,0,0,0,OK,,,,,
2026-04-28 16:18:45,15.3,52,3.2,392,45545.3,OK,,,,,
2026-04-28 16:19:01,15,52,1.8,316,45162.5,OK,,,,,
2026-04-28 16:19:17,-40,0,0,0,0,OK,,,,,
2026-04-28 16:19:33,14.8,53,1,392,43816.9,OK,,,,,
2026-04-28 16:19:49,14.8,52,3.2,392,44127.2,OK,,,,,
2026-04-28 16:20:05,14.7,53,1.1,392,43184.7,OK,,,,,
2026-04-28 16:20:21,14.7,53,0.4,392,43799.5,OK,,,,,
2026-04-28 16:20:37,14.7,53,0.8,392,45496,OK,,,,,
2026-04-28 16:20:53,14.7,53,1.7,392,46824.2,OK,,,,,
2026-04-28 16:21:09,14.8,53,1.8,392,49651.7,OK,,,,,
2026-04-28 16:21:25,14.8,53,0.3,392,48268.4,OK,,,,,
2026-04-28 16:21:41,-40,0,0,0,0,OK,,,,,
2026-04-28 16:21:57,14.8,52,1.1,392,49790.9,OK,,,,,
2026-04-28 16:22:13,14.8,52,1,392,48599,OK,,,,,
2026-04-28 16:22:29,14.8,53,2.1,392,48106,OK,,,,,
2026-04-28 16:22:45,-40,0,0,0,0,OK,,,,,
2026-04-28 16:23:01,-40,0,0,0,0,OK,,,,,
2026-04-28 16:23:17,14.7,53,0.6,904,50869.7,OK,,,,,
2026-04-28 16:23:33,14.8,53,0.8,392,49553.1,OK,,,,,
2026-04-28 16:23:49,14.7,53,2.1,392,49674.9,OK,,,,,
2026-04-28 16:24:05,14.7,53,1.7,392,48251,OK,,,,,
2026-04-28 16:24:21,14.7,53,0.7,392,46879.3,OK,,,,,
2026-04-28 16:24:37,14.6,53,1.8,392,45565.6,OK,,,,,
2026-04-28 16:24:53,14.5,53,1.1,392,45504.7,OK,,,,,
2026-04-28 16:25:09,14.6,53,0.8,392,45226.3,OK,,,,,
2026-04-28 16:25:25,14.7,53,1.1,392,46435.6,OK,,,,,
2026-04-28 16:25:41,14.7,53,0.7,392,45443.8,OK,,,,,
2026-04-28 16:25:57,14.8,53,0.7,392,47465.1,OK,,,,,
2026-04-28 16:26:13,14.9,53,0.3,392,46345.7,OK,,,,,
2026-04-28 16:26:29,15,53,0.6,392,48166.9,OK,,,,,
2026-04-28 16:26:45,-40,0,0,0,0,OK,,,,,
2026-04-28 16:27:01,15.1,52,0.6,392,49306.6,OK,,,,,
2026-04-28 16:27:17,15.1,115,13.4,392,48442.4,OK,,,,,
2026-04-28 16:27:33,15.2,52,1,392,46070.2,OK,,,,,
2026-04-28 16:27:49,15.1,52,1.3,392,45127.7,OK,,,,,
2026-04-28 16:28:05,15,52,1.7,392,45226.3,OK,,,,,
2026-04-28 16:28:21,14.9,52,2.7,392,42224.8,OK,,,,,
2026-04-28 16:28:37,14.8,52,0.7,392,40232.5,OK,,,,,
2026-04-28 16:28:53,14.8,52,1.5,392,40914,OK,,,,,
2026-04-28 16:29:09,14.8,52,0.8,392,44092.4,OK,,,,,
2026-04-28 16:29:25,14.9,52,2.1,392,43526.9,OK,,,,,
2026-04-28 16:29:41,14.8,52,1.5,392,42485.8,OK,,,,,
2026-04-28 16:29:57,14.7,52,0.3,12348,1156487.9,OK,,,,,
2026-04-28 16:30:13,-40,0,0,0,0,OK,,,,,
2026-04-28 16:30:29,14.6,53,1.5,392,42008.2,OK,,,,,
2026-04-28 16:30:45,14.7,53,1,392,41085.1,OK,,,,,
2026-04-28 16:31:01,-40,0,0,0,0,OK,,,,,
2026-04-28 16:31:17,14.9,53,1,392,39008.7,OK,,,,,
2026-04-28 16:31:33,14.9,53,35.7,392,36813.4,OK,,,,,
2026-04-28 16:31:49,-40,0,0,0,0,OK,,,,,
2026-04-28 16:32:05,14.8,53,0.6,392,35169.1,OK,,,,,
2026-04-28 16:32:21,-40,0,0,0,0,OK,,,,,
2026-04-28 16:32:37,14.9,53,1,392,33455.2,OK,,,,,
2026-04-28 16:32:53,15,53,0.6,392,32573.6,OK,,,,,
2026-04-28 16:33:09,14.9,52,1.8,392,32454.7,OK,,,,,
2026-04-28 16:33:25,14.9,52,0.8,392,34209.2,OK,,,,,
2026-04-28 16:33:41,14.9,52,2,392,34618.1,OK,,,,,
2026-04-28 16:33:57,14.8,52,1.3,392,36885.9,OK,,,,,
2026-04-28 16:34:13,14.7,52,1.1,392,37958.9,OK,,,,,
2026-04-28 16:34:29,117,53,2.8,392,37419.5,OK,,,,,
2026-04-28 16:34:45,14.5,54,0.3,392,38898.5,OK,,,,,
2026-04-28 16:35:01,14.5,54,0.4,392,39977.3,OK,,,,,
2026-04-28 16:35:17,14.6,54,0.7,392,41734.7,OK,,,,,
2026-04-28 16:35:33,14.7,54,1.3,392,42778.7,OK,,,,,
2026-04-28 16:35:49,14.7,54,0.6,392,45612,OK,,,,,
2026-04-28 16:36:05,14.7,54,0.8,392,43260.1,OK,,,,,
2026-04-28 16:36:21,14.7,54,1,392,40629.8,OK,,,,,
2026-04-28 16:36:37,14.7,54,0.3,392,39034.8,OK,,,,,
2026-04-28 16:36:53,-40,0,0,0,0,OK,,,,,
2026-04-28 16:37:09,-40,0,0,0,0,OK,,,,,
2026-04-28 16:37:25,15,54,0.4,392,42010.2,OK,,,,,
2026-04-28 16:37:41,15.1,54,0.7,392,43718.3,OK,,,,,
2026-04-28 16:37:57,15,52,2,392,44315.7,OK,,,,,
2026-04-28 16:38:13,14.9,53,1.4,392,44907.3,OK,,,,,
2026-04-28 16:38:29,-40,0,0,0,0,OK,,,,,
2026-04-28 16:38:45,14.7,53,1.1,392,39513.3,OK,,,,,
2026-04-28 16:39:01,14.8,53,1.8,392,37591,OK,,,,,
2026-04-28 16:39:17,14.6,53,2.1,392,38066.2,OK,,,,,
2026-04-28 16:39:33,14.6,53,0.3,392,40597.9,OK,,,,,
2026-04-28 16:39:49,14.7,53,0.3,392,40658.8,OK,,,,,
2026-04-28 16:40:05,14.7,53,0.7,392,40603.7,OK,,,,,
2026-04-28 16:40:21,14.7,52,0.3,392,39281.3,OK,,,,,
2026-04-28 16:40:37,14.7,53,0,392,38973.9,OK,,,,,
2026-04-28 16:40:53,14.7,53,0,392,39704.7,OK,,,,,
2026-04-28 16:41:09,14.8,53,0.3,392,40650.1,OK,,,,,
2026-04-28 16:42:13,14.7,53,1.1,392,40252.8,OK,,,,,
2026-04-28 16:42:29,14.6,54,1,392,40612.4,OK,,,,,
2026-04-28 16:42:45,-40,0,0,0,0,OK,,,,,
2026-04-28 16:43:49,14.6,54,1.4,392,40932.6,OK,,,,,
2026-04-28 16:44:05,-40,0,0,0,0,OK,,,,,
2026-04-28 16:44:21,14.3,55,2,392,41465,OK,,,,,
2026-04-28 16:44:37,14.3,55,1.4,392,41308.4,OK,,,,,
2026-04-28 16:44:53,14.2,54,1.7,392,42163.9,OK,,,,,
2026-04-28 16:45:09,14.1,55,3.2,392,43248.5,OK,,,,,
2026-04-28 16:45:25,14,56,1.5,392,42923.7,OK,,,,,
2026-04-28 16:45:41,13.9,56,2.1,392,43106.4,OK,,,,,
2026-04-28 16:45:57,13.9,57,0.4,392,43384.8,OK,,,,,
2026-04-28 16:46:13,14.1,56,2.1,392,44399.8,OK,,,,,
2026-04-28 16:46:29,-40,0,0,0,0,OK,,,,,
2026-04-28 16:46:45,14,56,2.4,392,44684,OK,,,,,
2026-04-28 16:47:01,14,56,1.3,392,46157.2,OK,,,,,
2026-04-28 16:47:17,-40,0,0,0,0,OK,,,,,
2026-04-28 16:47:33,-40,0,0,0,0,OK,,,,,
2026-04-28 16:47:49,14.1,56,1.4,392,46067.3,OK,,,,,
2026-04-28 16:48:05,14.1,56,1.1,392,45939.7,OK,,,,,
2026-04-28 16:48:21,14.2,56,0.7,392,46270.3,OK,,,,,
2026-04-28 16:48:37,14.3,56,0.3,392,47795.7,OK,,,,,
2026-04-28 16:48:53,14.4,55,1.3,392,47929.1,OK,,,,,
2026-04-28 16:49:09,14.4,126,1.3,392,47885.6,OK,,,,,
2026-04-28 16:49:25,14.5,54,0.7,392,48097.3,OK,,,,,
2026-04-28 16:49:41,14.4,54,1.1,392,49144.2,OK,,,,,
2026-04-28 16:49:57,14.5,54,0.6,392,49492.2,OK,,,,,
2026-04-28 16:50:13,14.6,54,0.1,392,49912.7,OK,,,,,
2026-04-28 16:50:29,14.6,54,0.8,392,50602.9,OK,,,,,
2026-04-28 16:50:45,14.7,53,0.8,392,51941.4,OK,,,,,
2026-04-28 16:51:01,14.7,53,0.7,452,51844.1,OK,,,,,
2026-04-28 16:51:17,14.7,53,0.3,392,55918.6,OK,,,,,
2026-04-28 16:51:33,14.8,53,0.3,392,56568.2,OK,,,,,
2026-04-28 16:51:49,14.9,53,0.8,392,55005.1,OK,,,,,
2026-04-28 16:52:05,14.9,52,1.4,392,55466.2,OK,,,,,
2026-04-28 16:52:21,14.9,53,1.4,392,55579.3,OK,,,,,
2026-04-28 16:52:37,14.9,53,0.3,392,55933.1,OK,,,,,
2026-04-28 16:52:53,14.9,53,0.6,392,57133.7,OK,,,,,
2026-04-28 16:53:09,-10.9,54,37,392,57890.6,OK,,,,,
2026-04-28 16:53:25,14.7,54,0,392,55124,OK,,,,,
2026-04-28 16:53:41,14.9,54,0.8,392,51615,OK,,,,,
2026-04-28 16:53:57,15,53,3.1,392,53978.5,OK,,,,,
2026-04-28 16:54:13,-40,0,0,0,0,OK,,,,,
2026-04-28 16:54:29,15.1,53,0.4,392,64502.6,OK,,,,,
2026-04-28 16:54:45,-40,0,0,0,0,OK,,,,,
2026-04-28 16:55:01,14.9,53,1.3,392,65427.7,OK,,,,,
2026-04-28 16:55:17,15,53,0,392,65525.8,OK,,,,,
2026-04-28 16:55:33,15.1,53,0.1,392,66341.2,OK,,,,,
2026-04-28 16:55:49,15.2,53,1.1,392,65743.8,OK,,,,,
2026-04-28 16:56:05,15.3,53,1.1,392,53575.4,OK,,,,,
2026-04-28 16:56:21,15.3,53,1.5,392,51710.7,OK,,,,,
2026-04-28 16:56:37,15.2,53,0.3,392,49794.8,OK,,,,,
2026-04-28 16:56:53,15.3,53,1.3,392,1670675.2,OK,,,,,
2026-04-28 16:57:09,15.2,54,0.8,392,42291.5,OK,,,,,
2026-04-28 16:57:25,15.2,54,0,392,37294.8,OK,,,,,
2026-04-28 16:57:41,-40,0,0,0,0,OK,,,,,
2026-04-28 16:57:57,15.2,53,2.1,392,28461.4,OK,,,,,
2026-04-28 16:58:13,15.1,53,2.1,392,31320.8,OK,,,,,
2026-04-28 16:58:29,14.9,54,1.3,392,28426.6,OK,,,,,
2026-04-28 16:58:45,-40,0,0,0,0,OK,,,,,
2026-04-28 16:59:01,14.7,54,0.1,392,29740.3,OK,,,,,
2026-04-28 16:59:17,14.8,55,0,392,29551.8,OK,,,,,
2026-04-28 16:59:33,14.8,55,0,392,28826.8,OK,,,,,
2026-04-28 16:59:49,14.9,54,0.6,392,30907.5,OK,,,,,
2026-04-28 17:00:05,14.9,54,0.6,392,32799.8,OK,,,,,
2026-04-28 17:00:21,14.9,53,1,392,29731.6,OK,,,,,
2026-04-28 17:00:37,14.7,53,1.7,392,27971.3,OK,,,,,
2026-04-28 17:00:53,-40,0,0,0,0,OK,,,,,
2026-04-28 17:01:09,-40,0,0,0,0,OK,,,,,
2026-04-28 17:01:25,123.6,115,49.3,392,27347.8,OK,,,,,
2026-04-28 17:01:41,-40,0,0,0,0,OK,,,,,
2026-04-28 17:01:57,14.7,54,0.6,392,26701.1,OK,,,,,
2026-04-28 17:02:13,14.7,53,1.4,392,26202.3,OK,,,,,
2026-04-28 17:02:29,14.6,53,1.4,392,28101.8,OK,,,,,
2026-04-28 17:02:45,-40,0,0,0,0,OK,,,,,
2026-04-28 17:03:01,14.4,54,0.1,392,26431.4,OK,,,,,
2026-04-28 17:03:17,14.3,54,0.8,392,26863.5,OK,,,,,
2026-04-28 17:03:33,14.3,54,0.6,392,25573,OK,,,,,
2026-04-28 17:03:49,14.3,55,0.3,392,25364.2,OK,,,,,
2026-04-28 17:04:53,13.9,56,1.3,392,26387.9,OK,,,,,
2026-04-28 17:05:09,13.9,56,1.5,392,26625.7,OK,,,,,
2026-04-28 17:05:25,14,56,0.6,392,36680,OK,,,,,
2026-04-28 17:05:41,-40,0,0,0,0,OK,,,,,
2026-04-28 17:05:57,14.1,56,0,392,25515,OK,,,,,
2026-04-28 17:06:13,14.2,56,0,392,23888.1,OK,,,,,
2026-04-28 17:06:29,14.2,56,0.3,392,23664.8,OK,,,,,
2026-04-28 17:06:45,14.3,56,1.1,392,23844.6,OK,,,,,
2026-04-28 17:07:01,14.2,56,1,392,23995.4,OK,,,,,
2026-04-28 17:07:17,14.2,56,0,392,22994.9,OK,,,,,
2026-04-28 17:07:33,14.2,56,0.1,392,22148.1,OK,,,,,
2026-04-28 17:07:49,14.3,56,0.4,392,21736.3,OK,,,,,
2026-04-28 17:08:05,14.4,56,0.3,392,21571,OK,,,,,
2026-04-28 17:08:21,14.5,55,0.1,392,21489.8,OK,,,,,
2026-04-28 17:08:37,14.5,55,0,392,21446.3,OK,,,,,
2026-04-28 17:08:53,14.6,54,0.7,392,21446.3,OK,,,,,
2026-04-28 17:09:09,-40,0,0,0,0,OK,,,,,
2026-04-28 17:09:25,14.4,53,0.8,392,21446.3,OK,,,,,
2026-04-28 17:09:41,14.3,53,1.3,392,21431.8,OK,,,,,
2026-04-28 17:09:57,14.2,54,1.1,392,21423.1,OK,,,,,
2026-04-28 17:10:13,14.2,54,0.3,392,21391.2,OK,,,,,
2026-04-28 17:10:29,14.2,54,0.3,392,21544.9,OK,,,,,
2026-04-28 17:10:45,14.2,54,0.3,392,21858.1,OK,,,,,
2026-04-28 17:11:01,14.3,54,0.6,392,21852.3,OK,,,,,
2026-04-28 17:11:17,14.3,54,0.3,392,22020.5,OK,,,,,
2026-04-28 17:11:33,14.2,54,1.4,392,22551.2,OK,,,,,
2026-04-28 17:11:49,14.2,54,0.1,392,23050,OK,,,,,
2026-04-28 17:12:05,14.2,54,1.3,392,24592.8,OK,,,,,
2026-04-28 17:12:21,14.1,54,1.3,392,24569.6,OK,,,,,
2026-04-28 17:12:37,14.1,54,0.1,392,26028.3,OK,,,,,
2026-04-28 17:12:53,-40,0,0,0,0,OK,,,,,
2026-04-28 17:13:09,14.2,54,0.1,392,29322.7,OK,,,,,
2026-04-28 17:13:25,14.2,54,0.1,392,28261.3,OK,,,,,
2026-04-28 17:13:41,14.2,53,1.4,504,28293.2,OK,,,,,
2026-04-28 17:13:57,14.2,53,0.1,392,26846.1,OK,,,,,
2026-04-28 17:14:13,14.2,53,0.3,392,27417.4,OK,,,,,
2026-04-28 17:14:29,14.2,53,1.7,392,28939.9,OK,,,,,
2026-04-28 17:14:45,14.2,53,0.8,392,31390.4,OK,,,,,
2026-04-28 17:15:01,14.2,54,0.3,392,31190.3,OK,,,,,
2026-04-28 17:15:17,14.2,54,0.4,392,40589.2,OK,,,,,
2026-04-28 17:15:33,-40,0,0,0,0,OK,,,,,
2026-04-28 17:15:49,14.4,54,1.3,392,42578.6,OK,,,,,
2026-04-28 17:16:05,14.3,54,1.4,392,41665.1,OK,,,,,
2026-04-28 17:16:21,14.3,54,1.1,392,42242.2,OK,,,,,
2026-04-28 17:16:37,14.2,54,0.6,392,859360,OK,,,,,
2026-04-28 17:16:53,-40,0,0,0,0,OK,,,,,
2026-04-28 17:17:09,14.4,55,0.1,392,45997.7,OK,,,,,
2026-04-28 17:17:25,14.5,54,1.1,392,41781.1,OK,,,,,
2026-04-28 17:17:41,14.5,54,0.8,392,42723.6,OK,,,,,
2026-04-28 17:17:57,14.5,54,1.5,392,33539.3,OK,,,,,
2026-04-28 17:18:13,33.6,54,2.4,392,34067.1,OK,,,,,
2026-04-28 17:18:29,14.3,54,2.5,392,31407.8,OK,,,,,
2026-04-28 17:18:45,14.1,55,2,392,32707,OK,,,,,
2026-04-28 17:19:01,14,55,1.1,392,28499.1,OK,,,,,
2026-04-28 17:19:17,14,56,0.3,392,27252.1,OK,,,,,
2026-04-28 17:19:33,14.1,56,0.3,392,26422.7,OK,,,,,
2026-04-28 17:19:49,14.2,55,33.9,32904,26646,OK,,,,,
2026-04-28 17:20:05,14,55,2,392,24940.8,OK,,,,,
2026-04-28 17:20:21,13.9,56,2,392,24792.9,OK,,,,,
2026-04-28 17:20:37,13.9,56,1.7,392,26820,OK,,,,,
2026-04-28 17:20:53,13.8,56,2.4,392,30471.1,OK,,,,,
2026-04-28 17:21:09,13.7,56,1.3,392,31984.9,OK,,,,,
2026-04-28 17:21:25,13.7,57,0.1,392,38144.5,OK,,,,,
2026-04-28 17:21:41,13.8,57,0.7,392,34603.6,OK,,,,,
2026-04-28 17:21:57,13.9,56,0.6,392,36891.7,OK,,,,,
2026-04-28 17:22:13,14,55,0.8,392,37880.6,OK,,,,,
2026-04-28 17:22:29,14,55,0.3,392,37471.7,OK,,,,,
2026-04-28 17:22:45,23.8,55,0.8,392,36332,OK,,,,,
2026-04-28 17:23:01,14.2,55,2.7,392,36607.5,OK,,,,,
2026-04-28 17:23:17,14,54,0.7,392,37964.7,OK,,,,,
2026-04-28 17:23:33,36.5,55,1.8,392,37921.2,OK,,,,,
2026-04-28 17:23:49,14,55,0.7,392,38005.3,OK,,,,,
2026-04-28 17:24:05,14,55,2.2,392,32396.7,OK,,,,,
2026-04-28 17:24:21,13.9,53,2.1,392,34325.2,OK,,,,,
2026-04-28 17:24:37,13.9,53,1.4,392,28400.5,OK,,,,,
2026-04-28 17:24:53,-40,0,0,0,0,OK,,,,,
2026-04-28 17:25:09,-40,0,0,0,0,OK,,,,,
2026-04-28 17:25:25,13.8,56,1.1,392,30271,OK,,,,,
2026-04-28 17:25:41,13.8,56,2.5,392,25845.6,OK,,,,,
2026-04-28 17:25:57,13.7,57,1.4,392,23337.1,OK,,,,,
2026-04-28 17:26:13,13.7,57,0.7,392,24526.1,OK,,,,,
2026-04-28 17:26:29,13.7,57,1.7,392,22484.5,OK,,,,,
2026-04-28 17:26:45,13.7,58,2.5,392,22148.1,OK,,,,,
2026-04-28 17:27:01,13.6,58,1.1,392,20608.2,OK,,,,,
2026-04-28 17:27:17,13.6,58,1,392,21228.8,OK,,,,,
2026-04-28 17:27:33,13.6,58,0.6,392,20419.7,OK,,,,,
2026-04-28 17:27:49,13.6,58,1.3,392,21721.8,OK,,,,,
2026-04-28 17:28:05,13.6,58,0.8,392,21237.5,OK,,,,,
2026-04-28 17:28:21,13.6,58,0.3,392,19793.3,OK,,,,,
2026-04-28 17:28:37,13.6,57,1.3,392,19375.7,OK,,,,,
2026-04-28 17:28:53,13.6,57,1.1,392,18862.4,OK,,,,,
2026-04-28 17:29:09,13.6,57,1.4,392,18749.3,OK,,,,,
2026-04-28 17:29:25,13.5,57,1.1,392,18563.7,OK,,,,,
2026-04-28 17:29:41,13.5,58,0.3,392,18485.4,OK,,,,,
2026-04-28 17:29:57,13.5,58,0.8,392,19071.2,OK,,,,,
2026-04-28 17:30:13,13.5,58,1.1,392,851010.1,OK,,,,,
2026-04-28 17:30:29,13.6,57,1.5,392,19097.3,OK,,,,,
2026-04-28 17:30:45,-40,0,0,0,0,OK,,,,,
2026-04-28 17:31:01,13.5,56,1,392,19317.7,OK,,,,,
2026-04-28 17:31:17,13.5,57,0.6,392,18769.6,OK,,,,,
2026-04-28 17:31:33,13.6,57,1.1,392,19007.4,OK,,,,,
2026-04-28 17:31:49,13.6,57,1.4,392,19575.8,OK,,,,,
2026-04-28 17:32:05,13.6,57,2.1,392,20280.5,OK,,,,,
2026-04-28 17:32:21,13.4,58,3.4,392,20938.8,OK,,,,,
2026-04-28 17:32:37,13.3,59,2.1,392,23325.5,OK,,,,,
2026-04-28 17:32:53,13.3,60,0.6,392,24781.3,OK,,,,,
2026-04-28 17:33:09,36.5,60,0.1,392,24729.1,OK,,,,,
2026-04-28 17:33:25,13.3,60,0.6,392,22354,OK,,,,,
2026-04-28 17:33:41,13.4,60,0.1,392,23635.8,OK,,,,,
2026-04-28 17:33:57,13.4,59,0.3,392,23142.8,OK,,,,,
2026-04-28 17:34:13,-40,0,0,0,0,OK,,,,,
2026-04-28 17:34:29,13.6,59,0.1,392,24937.9,OK,,,,,
2026-04-28 17:34:45,13.6,59,1.1,392,24749.4,OK,,,,,
2026-04-28 17:35:01,13.6,59,0.8,392,24471,OK,,,,,
2026-04-28 17:35:17,13.6,59,0.7,392,23255.9,OK,,,,,
2026-04-28 17:35:33,13.5,58,0.3,392,22742.6,OK,,,,,
2026-04-28 17:35:49,13.5,58,0.6,392,22168.4,OK,,,,,
2026-04-28 17:36:05,13.6,58,35.3,392,21904.5,OK,,,,,
2026-04-28 17:36:21,13.6,58,1.1,392,21417.3,OK,,,,,
2026-04-28 17:36:37,13.5,58,0.3,392,19935.4,OK,,,,,
2026-04-28 17:36:53,13.5,58,0.4,392,19529.4,OK,,,,,
2026-04-28 17:37:09,13.6,58,0.6,392,19520.7,OK,,,,,
2026-04-28 17:37:25,13.6,58,0.6,392,18969.7,OK,,,,,
2026-04-28 17:37:41,13.5,58,17.8,392,18462.2,OK,,,,,
2026-04-28 17:37:57,13.6,58,0,392,18259.2,OK,,,,,
2026-04-28 17:38:13,-40,0,0,0,0,OK,,,,,
2026-04-28 17:38:29,13.6,58,0,392,18085.2,OK,,,,,
2026-04-28 17:38:45,13.7,58,1.3,392,17719.8,OK,,,,,
2026-04-28 17:39:01,13.6,58,1,392,17919.9,OK,,,,,
2026-04-28 17:39:17,13.7,58,0.4,392,17966.3,OK,,,,,
2026-04-28 17:39:33,13.7,59,1.3,392,19274.1,OK,,,,,
2026-04-28 17:39:49,13.7,58,2.4,392,17743,OK,,,,,
2026-04-28 17:40:05,-40,0,0,0,0,OK,,,,,
2026-04-28 17:40:21,13.6,59,2,392,1675844.4,OK,,,,,
2026-04-28 17:40:37,13.5,59,1.7,392,17924.6,OK,,,,,
2026-04-28 17:40:53,13.5,59,0.6,392,18650.7,OK,,,,,
2026-04-28 17:41:09,13.5,59,0.7,392,18085.2,OK,,,,,
2026-04-28 17:41:25,13.5,59,0.8,392,17473.3,OK,,,,,
2026-04-28 17:41:41,13.6,59,0.1,392,17922.8,OK,,,,,
2026-04-28 17:41:57,-40,0,0,0,0,OK,,,,,
2026-04-28 17:42:13,13.7,59,0.1,392,1669627.2,OK,,,,,
2026-04-28 17:42:29,13.7,59,0.1,392,17525.5,OK,,,,,
2026-04-28 17:42:45,13.7,59,0.4,392,17545.8,OK,,,,,
2026-04-28 17:43:01,13.6,59,1.1,392,17612.5,OK,,,,,
2026-04-28 17:43:17,13.5,60,1,392,17707.2,OK,,,,,
2026-04-28 17:43:33,-40,0,0,0,0,OK,,,,,
2026-04-28 17:43:49,13.6,59,0.3,392,17867.7,OK,,,,,
2026-04-28 17:44:05,13.6,59,0.1,392,17621.2,OK,,,,,
2026-04-28 17:44:21,13.6,59,0.6,392,19485.9,OK,,,,,
2026-04-28 17:44:37,-40,0,0,0,0,OK,,,,,
2026-04-28 17:44:53,-40,0,0,0,0,OK,,,,,
2026-04-28 17:45:09,13.5,60,0.7,392,18105.5,OK,,,,,
2026-04-28 17:45:25,13.5,60,1.5,392,18578.2,OK,,,,,
2026-04-28 17:45:41,13.4,60,1.4,392,18305.6,OK,,,,,
2026-04-28 17:45:57,13.3,60,0.4,392,18804.4,OK,,,,,
2026-04-28 17:46:13,-40,0,0,0,0,OK,,,,,
2026-04-28 17:46:29,13.3,60,2.1,392,17853.2,OK,,,,,
2026-04-28 17:46:45,13.2,60,1.8,392,18488.3,OK,,,,,
2026-04-28 17:47:01,13.2,60,0.3,392,18482.5,OK,,,,,
2026-04-28 17:47:17,13.2,60,0.8,392,18627.5,OK,,,,,
2026-04-28 17:47:33,13.2,60,1,392,18125.8,OK,,,,,
2026-04-28 17:47:49,13.2,60,0.7,392,17015.1,OK,,,,,
2026-04-28 17:48:05,13.2,60,1.8,392,17038.3,OK,,,,,
2026-04-28 17:48:21,13.1,61,1.8,392,16974.5,OK,,,,,
2026-04-28 17:48:37,13.1,61,0.3,392,17041.2,OK,,,,,
2026-04-28 17:48:53,13.1,61,0,392,1670448.4,OK,,,,,
2026-04-28 17:49:09,13.2,61,0.4,392,17084.7,OK,,,,,
2026-04-28 17:49:25,-40,0,0,0,0,OK,,,,,
2026-04-28 17:49:41,13.2,61,0.8,392,17047,OK,,,,,
2026-04-28 17:49:57,13.2,61,2.2,392,17806.8,OK,,,,,
2026-04-28 17:50:13,13.1,61,1.5,392,16542.4,OK,,,,,
2026-04-28 17:50:29,13.1,61,0.8,392,16429.3,OK,,,,,
2026-04-28 17:50:45,13.2,61,0.1,392,16455.4,OK,,,,,
2026-04-28 17:51:01,13.2,61,1.5,392,16235,OK,,,,,
2026-04-28 17:51:17,13.2,62,0.4,392,16011.7,OK,,,,,
2026-04-28 17:51:33,13.2,62,1.3,392,16003,OK,,,,,
2026-04-28 17:51:49,13.2,62,1.8,392,15945,OK,,,,,
2026-04-28 17:52:05,13.2,62,0.1,392,15744.9,OK,,,,,
2026-04-28 17:52:21,13.2,62,0.3,392,15623.1,OK,,,,,
2026-04-28 17:52:37,13.3,62,1,392,847709.9,OK,,,,,
2026-04-28 17:52:53,13.3,62,1.1,392,15457.8,OK,,,,,
2026-04-28 17:53:09,13.3,62,0.1,392,15425.9,OK,,,,,
2026-04-28 17:53:25,13.4,62,0.6,392,15446.2,OK,,,,,
2026-04-28 17:53:41,13.3,61,0.1,392,15330.2,OK,,,,,
2026-04-28 17:53:57,13.3,60,0.7,392,15388.2,OK,,,,,
2026-04-28 17:54:13,13.2,60,1.4,392,15359.2,OK,,,,,
2026-04-28 17:54:29,13.2,60,1.1,392,15626,OK,,,,,
2026-04-28 17:54:45,13.1,60,0.7,392,15820.3,OK,,,,,
2026-04-28 17:55:01,13.1,60,0.3,392,15628.9,OK,,,,,
2026-04-28 17:55:17,13.2,60,0,392,15762.3,OK,,,,,
2026-04-28 17:55:33,13.3,60,0,392,15750.7,OK,,,,,
2026-04-28 17:55:49,13.4,60,0.4,392,15742,OK,,,,,
2026-04-28 17:56:05,13.4,60,0.1,392,15483.9,OK,,,,,
2026-04-28 17:56:21,13.4,60,0.3,440,15475.9,OK,,,,,
2026-04-28 17:56:37,13.5,60,0.3,392,14999.6,OK,,,,,
2026-04-28 17:56:53,13.5,60,0.7,392,15881.2,OK,,,,,
2026-04-28 17:57:09,13.4,60,1.3,392,14686.4,OK,,,,,
2026-04-28 17:57:25,13.3,60,1.5,392,14671.9,OK,,,,,
2026-04-28 17:57:41,13.2,60,1.3,392,14576.2,OK,,,,,
2026-04-28 17:57:57,13.2,61,0.7,392,14634.2,OK,,,,,
2026-04-28 17:58:13,13.2,61,0.7,392,14367.4,OK,,,,,
2026-04-28 17:58:29,13.1,61,0.8,392,14294.9,OK,,,,,
2026-04-28 17:58:45,13.1,61,1,392,14112.2,OK,,,,,
2026-04-28 17:59:01,13.1,61,1.8,392,14144.1,OK,,,,,
2026-04-28 17:59:17,13.1,62,0.4,392,14712.5,OK,,,,,
2026-04-28 17:59:33,13.1,62,1.4,392,14558.8,OK,,,,,
2026-04-28 17:59:49,13.1,62,0.7,392,14271.7,OK,,,,,
2026-04-28 18:00:05,-40,0,0,0,0,OK,,,,,
2026-04-28 18:00:21,-40,0,0,0,0,OK,,,,,
2026-04-28 18:00:37,13.2,62,0.7,392,14822.7,OK,,,,,
2026-04-28 18:00:53,-40,0,0,0,0,OK,,,,,
2026-04-28 18:01:09,13.1,62,0.3,392,15330.2,OK,,,,,
2026-04-28 18:01:25,13.1,159,0.3,392,15060.5,OK,,,,,
2026-04-28 18:01:41,13.1,61,1.7,392,16388.7,OK,,,,,
2026-04-28 18:01:57,13.1,62,1.7,392,14399.3,OK,,,,,
2026-04-28 18:02:13,13,62,1.4,3976,14564.6,OK,,,,,
2026-04-28 18:02:29,-40,0,0,0,0,OK,,,,,
2026-04-28 18:03:01,13.1,62,0.1,392,13891.8,OK,,,,,
2026-04-28 18:03:17,13.1,62,0.4,392,13491.6,OK,,,,,
2026-04-28 18:03:33,13.1,62,1.3,392,13555.4,OK,,,,,
2026-04-28 18:03:49,13.1,61,0.4,392,13256.7,OK,,,,,
2026-04-28 18:04:05,13.1,61,0.1,392,13311.6,OK,,,,,
2026-04-28 18:04:21,13.1,61,0,392,13250.9,OK,,,,,
2026-04-28 18:04:37,13.1,61,0,392,12844.9,OK,,,,,
2026-04-28 18:04:53,13.2,61,1.4,392,13056.6,OK,,,,,
2026-04-28 18:05:09,13.1,61,1.3,392,13253.8,OK,,,,,
2026-04-28 18:05:25,13.1,61,0.8,392,12421.5,OK,,,,,
2026-04-28 18:05:41,13.1,61,1.8,392,13300.2,OK,,,,,
2026-04-28 18:05:57,13,61,0.7,392,13192.9,OK,,,,,
2026-04-28 18:06:13,-40,0,0,0,0,OK,,,,,
2026-04-28 18:06:29,12.9,62,0,392,12093.8,OK,,,,,
2026-04-28 18:06:45,12.9,62,0.8,392,11838.6,OK,,,,,
2026-04-28 18:07:01,12.9,62,0.1,392,13935.3,OK,,,,,
2026-04-28 18:07:17,-40,0,0,0,0,OK,,,,,
2026-04-28 18:07:33,13,62,0.3,392,13195.8,OK,,,,,
2026-04-28 18:08:05,13,62,0.1,392,12389.6,OK,,,,,
2026-04-28 18:08:21,13,62,0,392,13045,OK,,,,,
2026-04-28 18:08:37,13,62,0.1,392,11858.9,OK,,,,,
2026-04-28 18:08:53,13,62,0.8,392,12537.5,OK,,,,,
2026-04-28 18:09:09,-40,0,0,0,0,OK,,,,,
2026-04-28 18:09:25,12.9,62,1.5,392,11551.5,OK,,,,,
2026-04-28 18:09:41,12.8,62,0.4,392,11676.2,OK,,,,,
2026-04-28 18:09:57,12.8,62,1,392,844314.8,OK,,,,,
2026-04-28 18:10:29,12.7,63,1.1,392,11676.2,OK,,,,,
2026-04-28 18:10:45,12.7,63,1.3,392,11673.3,OK,,,,,
2026-04-28 18:11:01,12.7,63,0.1,392,11702.3,OK,,,,,
2026-04-28 18:11:33,12.8,63,1,392,11806.7,OK,,,,,
2026-04-28 18:11:49,-40,0,0,0,0,OK,,,,,
2026-04-28 18:12:05,12.8,63,0.1,392,11945.9,OK,,,,,
2026-04-28 18:12:21,12.9,63,0.4,392,12494,OK,,,,,
2026-04-28 18:12:37,12.9,62,0.1,392,12006,OK,,,,,
2026-04-28 18:12:53,115.3,62,0,392,12163.4,OK,,,,,
2026-04-28 18:13:25,13,62,0.4,392,12360.6,OK,,,,,
2026-04-28 18:13:41,-40,0,0,0,0,OK,,,,,
2026-04-28 18:13:57,12.9,62,0.7,392,12560.7,OK,,,,,
2026-04-28 18:14:13,12.9,62,0.3,392,12545.5,OK,,,,,
2026-04-28 18:15:17,13,62,0,392,11958.3,OK,,,,,
2026-04-28 18:15:33,13,62,0.1,392,11844.4,OK,,,,,
2026-04-28 18:15:49,-40,0,0,0,0,OK,,,,,
2026-04-28 18:16:05,13,62,0.3,392,12630.3,OK,,,,,
2026-04-28 18:16:21,13,62,2.4,392,11247,OK,,,,,
2026-04-28 18:16:37,-40,0,0,0,0,OK,,,,,
2026-04-28 18:16:53,12.8,63,0.4,392,11893.7,OK,,,,,
2026-04-28 18:17:09,12.9,63,0.1,392,11502.2,OK,,,,,
2026-04-28 18:17:25,89.7,63,0,392,11809.6,OK,,,,,
2026-04-28 18:17:41,-40,0,0,0,0,OK,,,,,
2026-04-28 18:17:57,13,63,0.1,392,11360.1,OK,,,,,
2026-04-28 18:18:13,13,127,1,392,10504.6,OK,,,,,
2026-04-28 18:18:29,12.9,62,1.8,392,10362.5,OK,,,,,
2026-04-28 18:18:45,12.8,63,1.1,392,10031.9,OK,,,,,
2026-04-28 18:19:01,12.7,63,1.1,392,9725.6,OK,,,,,
2026-04-28 18:19:17,-40,0,0,0,0,OK,,,,,
2026-04-28 18:19:33,12.8,64,1,392,9303.8,OK,,,,,
2026-04-28 18:19:49,12.7,64,1.8,392,9096.6,OK,,,,,
2026-04-28 18:20:05,12.6,64,0.4,392,9270.5,OK,,,,,
2026-04-28 18:20:21,24.7,64,0.3,392,9619.8,OK,,,,,
2026-04-28 18:20:37,-40,0,0,0,0,OK,,,,,
2026-04-28 18:21:41,12.6,63,1.8,392,7997.7,OK,,,,,
2026-04-28 18:21:57,12.5,63,0.1,392,7945.9,OK,,,,,
2026-04-28 18:22:13,12.5,64,0,392,7846,OK,,,,,
2026-04-28 18:22:29,12.5,64,1.4,1928,7768.3,OK,,,,,
2026-04-28 18:22:45,12.5,63,1.4,392,7564.8,OK,,,,,
2026-04-28 18:23:01,12.4,63,0.1,392,7357.6,OK,,,,,
2026-04-28 18:23:33,-40,0,0,0,0,OK,,,,,
2026-04-28 18:23:49,-40,0,0,0,0,OK,,,,,
2026-04-28 18:24:05,12.4,63,1.3,392,6995,OK,,,,,
2026-04-28 18:24:21,12.4,64,1.1,392,6913.6,OK,,,,,
2026-04-28 18:24:37,12.4,64,2,392,6909.9,OK,,,,,
2026-04-28 18:24:53,-40,0,0,0,0,OK,,,,,
2026-04-28 18:25:09,12.2,65,0.4,392,6798.9,OK,,,,,
2026-04-28 18:25:25,12.2,65,1.3,392,6724.9,OK,,,,,
2026-04-28 18:25:41,12.2,65,1,392,6706.4,OK,,,,,
2026-04-28 18:25:57,12.2,66,1.7,392,6632.4,OK,,,,,
2026-04-28 18:26:13,12.2,66,0.4,392,1671198.7,OK,,,,,
2026-04-28 18:26:29,12.2,66,0.3,392,6539.9,OK,,,,,
2026-04-28 18:26:45,12.2,66,0.1,392,6495.5,OK,,,,,
2026-04-28 18:27:01,12.2,66,0.1,392,6451.1,OK,,,,,
2026-04-28 18:27:17,-40,0,0,0,0,OK,,,,,
2026-04-28 18:27:33,12.3,193,13.4,392,6347.5,OK,,,,,
2026-04-28 18:27:49,12.3,65,0.3,392,6288.3,OK,,,,,
2026-04-28 18:28:05,12.3,65,0,392,6229.1,OK,,,,,
2026-04-28 18:28:21,12.4,65,0,392,6162.5,OK,,,,,
2026-04-28 18:28:53,12.4,65,0,392,6036.7,OK,,,,,
2026-04-28 18:29:09,12.4,65,1,392,5973.8,OK,,,,,
2026-04-28 18:29:25,-40,0,0,0,0,OK,,,,,
2026-04-28 18:29:41,12.4,64,0,392,5829.5,OK,,,,,
2026-04-28 18:29:57,12.4,65,0,392,5737,OK,,,,,
2026-04-28 18:30:13,12.4,65,0,392,5644.5,OK,,,,,
2026-04-28 18:30:29,-40,0,0,0,0,OK,,,,,
2026-04-28 18:30:45,12.4,65,0,392,6283.8,OK,,,,,
2026-04-28 18:31:01,12.4,65,0,392,5404,OK,,,,,
2026-04-28 18:31:17,-40,0,0,0,0,OK,,,,,
2026-04-28 18:31:33,12.4,193,0.3,392,5237.5,OK,,,,,
2026-04-28 18:31:49,12.4,65,0.7,392,5148.7,OK,,,,,
2026-04-28 18:32:05,-40,0,0,0,0,OK,,,,,
2026-04-28 18:32:21,12.3,65,1.1,392,635317.1,OK,,,,,
2026-04-28 18:32:37,12.3,65,2.1,392,5030.3,OK,,,,,
2026-04-28 18:32:53,12.2,65,1.3,452,4908.2,OK,,,,,
2026-04-28 18:33:09,12.2,65,1.3,392,4804.6,OK,,,,,
2026-04-28 18:33:25,12.2,65,0.1,392,4775,OK,,,,,
2026-04-28 18:33:41,12.2,65,0,392,4656.6,OK,,,,,
2026-04-28 18:33:57,12.2,65,0.4,392,4504.9,OK,,,,,
2026-04-28 18:34:13,-40,0,0,0,0,OK,,,,,
2026-04-28 18:34:29,12.1,65,1.1,392,4345.8,OK,,,,,
2026-04-28 18:34:45,12.1,65,0.1,392,5943.5,OK,,,,,
2026-04-28 18:35:01,23.9,65,0,452,4242.2,OK,,,,,
2026-04-28 18:35:17,12.2,65,0,392,4160.8,OK,,,,,
2026-04-28 18:35:33,-40,0,0,0,0,OK,,,,,
2026-04-28 18:35:49,12.2,66,0,392,4060.9,OK,,,,,
2026-04-28 18:36:05,12.2,66,0,392,4035,OK,,,,,
2026-04-28 18:36:21,12.2,66,0,392,4023.9,OK,,,,,
2026-04-28 18:36:37,12.2,66,0,8072,4018.7,OK,,,,,
2026-04-28 18:36:53,12.2,66,0,392,3972.1,OK,,,,,
2026-04-28 18:37:09,12.2,66,0,392,3940.6,OK,,,,,
2026-04-28 18:37:25,12.2,66,0.1,392,3920.3,OK,,,,,
2026-04-28 18:37:41,-40,0,0,0,0,OK,,,,,
2026-04-28 18:37:57,12.2,66,0,392,3887,OK,,,,,
2026-04-28 18:38:13,12.2,66,0,392,3881.1,OK,,,,,
2026-04-28 18:38:29,-40,0,0,0,0,OK,,,,,
2026-04-28 18:38:45,-40,0,0,0,0,OK,,,,,
2026-04-28 18:39:01,12.1,65,0.4,392,3861.1,OK,,,,,
2026-04-28 18:39:17,12.1,65,0,392,3861.1,OK,,,,,
2026-04-28 18:39:33,12.1,208,0.7,482,3891.1,OK,,,,,
2026-04-28 18:39:49,12.1,65,0.1,392,3879.6,OK,,,,,
2026-04-28 18:40:05,-40,0,0,0,0,OK,,,,,
2026-04-28 18:40:21,-40,0,0,0,0,OK,,,,,
2026-04-28 18:40:37,-40,0,0,0,0,OK,,,,,
2026-04-28 18:40:53,12,70,0.4,452,842733,OK,,,,,
2026-04-28 18:41:09,12,65,0.1,392,3868.5,OK,,,,,
2026-04-28 18:41:25,12,66,0,392,3857.4,OK,,,,,
2026-04-28 18:41:41,-40,0,0,0,0,OK,,,,,
2026-04-28 18:41:57,-40,0,0,0,0,OK,,,,,
2026-04-28 18:42:13,-40,0,0,0,0,OK,,,,,
2026-04-28 18:42:29,12,65,0.1,392,6456.9,OK,,,,,
2026-04-28 18:42:45,-40,0,0,0,0,OK,,,,,
2026-04-28 18:43:01,-40,0,0,0,0,OK,,,,,
2026-04-28 18:43:17,-40,0,0,0,0,OK,,,,,
2026-04-28 18:43:33,-40,0,0,0,0,OK,,,,,
2026-04-28 18:43:49,11.9,66,0.4,392,3702,OK,,,,,
2026-04-28 18:44:05,-40,0,0,0,0,OK,,,,,
2026-04-28 18:44:21,-40,0,0,0,0,OK,,,,,
2026-04-28 18:44:37,11.9,195,0.3,392,3686.2,OK,,,,,
2026-04-28 18:44:53,-40,0,0,0,0,OK,,,,,
2026-04-28 18:45:09,-40,0,0,0,0,OK,,,,,
2026-04-28 18:45:25,-40,0,0,0,0,OK,,,,,
2026-04-28 18:45:41,-40,0,0,0,0,OK,,,,,
2026-04-28 18:45:57,-40,0,0,0,0,OK,,,,,
2026-04-28 18:46:13,-40,0,0,0,0,OK,,,,,
2026-04-28 18:46:29,11.9,66,0.4,392,3737.3,OK,,,,,
2026-04-28 18:46:45,-40,0,0,0,0,OK,,,,,
2026-04-28 18:47:01,-40,0,0,0,0,OK,,,,,
2026-04-28 18:47:17,-40,0,0,0,0,OK,,,,,
2026-04-28 18:47:33,30.3,9,5.5,392,6206.8,OK,,,,,
2026-04-28 18:47:49,-40,0,0,0,0,OK,,,,,
2026-04-28 18:48:05,-40,0,0,0,0,OK,,,,,
2026-04-28 18:48:21,11.8,66,0.1,392,6222.5,OK,,,,,
2026-04-28 18:48:37,-40,0,0,0,0,OK,,,,,
2026-04-28 18:48:53,-40,0,0,0,0,OK,,,,,
2026-04-28 18:49:09,-40,0,0,0,0,OK,,,,,
2026-04-28 18:49:25,-40,0,0,0,0,OK,,,,,
2026-04-28 18:49:41,11.8,66,0.6,511,3662.1,OK,,,,,
2026-04-28 18:49:57,-40,0,0,0,0,OK,,,,,
2026-04-28 18:50:13,-40,0,0,0,0,OK,,,,,
2026-04-28 18:50:29,-40,0,0,0,0,OK,,,,,
2026-04-28 18:50:45,-40,0,0,0,0,OK,,,,,
2026-04-28 18:51:01,-40,0,0,0,0,OK,,,,,
2026-04-28 18:51:17,11.7,67,8.5,392,4971,OK,,,,,
2026-04-28 18:51:33,-40,0,0,0,0,OK,,,,,
2026-04-28 18:51:49,-40,0,0,0,0,OK,,,,,
2026-04-28 18:52:05,-40,0,0,0,0,OK,,,,,
2026-04-28 18:52:21,11.7,67,0.6,3976,3098.9,OK,,,,,
2026-04-28 18:52:37,14.1,67,0,392,841878.3,OK,,,,,
2026-04-28 18:52:53,11.7,67,0.8,392,2932.4,OK,,,,,
2026-04-28 18:53:09,-40,0,0,0,0,OK,,,,,
2026-04-28 18:53:25,-40,0,0,0,0,OK,,,,,
2026-04-28 18:53:41,-40,0,0,0,0,OK,,,,,
2026-04-28 18:54:29,-40,0,0,0,0,OK,,,,,
2026-04-28 18:54:45,-40,0,0,0,0,OK,,,,,
2026-04-28 18:55:01,11.8,67,0,408,2278.2,OK,,,,,
2026-04-28 18:55:17,-40,0,0,0,0,OK,,,,,
2026-04-28 18:55:33,-40,0,0,0,0,OK,,,,,
2026-04-28 18:55:49,-40,0,0,0,0,OK,,,,,
2026-04-28 18:56:05,-40,0,0,0,0,OK,,,,,
2026-04-28 18:56:21,-40,0,0,0,0,OK,,,,,
2026-04-28 18:56:37,-40,0,0,0,0,OK,,,,,
2026-04-28 18:56:53,-13.7,66,36.7,392,1665,OK,,,,,
2026-04-28 18:57:09,-40,0,0,0,0,OK,,,,,
2026-04-28 18:57:25,-40,0,0,0,0,OK,,,,,
2026-04-28 18:57:41,-40,0,0,0,0,OK,,,,,
2026-04-28 18:57:57,-40,0,0,0,0,OK,,,,,
2026-04-28 18:58:13,-40,0,0,0,0,OK,,,,,
2026-04-28 18:58:29,-40,0,0,0,0,OK,,,,,
2026-04-28 18:58:45,-40,0,0,0,0,OK,,,,,
2026-04-28 18:59:01,11.9,194,31.4,392,1602.5,OK,,,,,
2026-04-28 18:59:17,-40,0,0,0,0,OK,,,,,
2026-04-28 18:59:33,-40,0,0,0,0,OK,,,,,
2026-04-28 19:00:05,11.7,66,3.9,392,1494.3,OK,,,,,
2026-04-28 19:00:21,11.7,66,0.4,392,5283.7,OK,,,,,
2026-04-28 19:00:37,-40,0,0,0,0,OK,,,,,
2026-04-28 19:01:09,-40,0,0,0,0,OK,,,,,
2026-04-28 19:01:25,-40,0,0,0,0,OK,,,,,
2026-04-28 19:01:41,11.8,66,0.1,392,1311.1,OK,,,,,
2026-04-28 19:01:57,-40,0,0,0,0,OK,,,,,
2026-04-28 19:02:13,-40,0,0,0,0,OK,,,,,
2026-04-28 19:02:29,11.7,67,0.1,392,1228.6,OK,,,,,
2026-04-28 19:02:45,-40,0,0,0,0,OK,,,,,
2026-04-28 19:03:01,12.5,67,0,392,6060.6,OK,,,,,
2026-04-28 19:03:17,-40,0,0,0,0,OK,,,,,
2026-04-28 19:03:33,-40,0,0,0,0,OK,,,,,
2026-04-28 19:03:49,-40,0,0,0,0,OK,,,,,
2026-04-28 19:04:05,-40,0,0,0,0,OK,,,,,
2026-04-28 19:04:21,11.7,67,0.1,392,924,OK,,,,,
2026-04-28 19:04:37,-40,0,0,0,0,OK,,,,,
2026-04-28 19:04:53,-40,0,0,0,0,OK,,,,,
2026-04-28 19:05:09,11.6,66,0.6,392,786.7,OK,,,,,
2026-04-28 19:05:25,-40,0,0,0,0,OK,,,,,
2026-04-28 19:05:57,-40,0,0,0,0,OK,,,,,
2026-04-28 19:06:13,-40,0,0,0,0,OK,,,,,
2026-04-28 19:06:29,-40,0,0,0,0,OK,,,,,
2026-04-28 19:07:01,11.6,66,0.6,504,570.2,OK,,,,,
2026-04-28 19:07:17,11.7,66,0.1,904,601.2,OK,,,,,
2026-04-28 19:07:33,11.7,66,0.1,392,573.5,OK,,,,,
2026-04-28 19:07:49,-40,0,0,0,0,OK,,,,,
2026-04-28 19:08:05,-40,0,0,0,0,OK,,,,,
2026-04-28 19:08:21,-40,0,0,0,0,OK,,,,,
2026-04-28 19:08:37,-40,0,0,0,0,OK,,,,,
2026-04-28 19:08:53,114.1,66,71.5,61694,462.5,OK,,,,,
2026-04-28 19:09:09,-40,0,0,0,0,OK,,,,,
2026-04-28 19:09:25,-40,0,0,0,0,OK,,,,,
2026-04-28 19:09:41,-40,0,0,0,0,OK,,,,,
2026-04-28 19:09:57,-40,0,0,0,0,OK,,,,,
2026-04-28 19:10:13,-40,0,0,0,0,OK,,,,,
2026-04-28 19:10:45,-40,0,0,0,0,OK,,,,,
2026-04-28 19:11:01,-40,0,0,0,0,OK,,,,,
2026-04-28 19:11:33,-40,0,0,0,0,OK,,,,,
2026-04-28 19:11:49,11.5,67,0.6,392,255.9,OK,,,,,
2026-04-28 19:12:05,-40,0,0,0,0,OK,,,,,
2026-04-28 19:12:21,-40,0,0,0,0,OK,,,,,
2026-04-28 19:12:37,-40,0,0,0,0,OK,,,,,
2026-04-28 19:12:53,11.6,67,17.9,392,161.8,OK,,,,,
2026-04-28 19:13:25,-40,0,0,0,0,OK,,,,,
2026-04-28 19:13:57,-40,0,0,0,0,OK,,,,,
2026-04-28 19:14:13,11.5,66,0.6,504,67.1,OK,,,,,
2026-04-28 19:14:29,-40,0,0,0,0,OK,,,,,
2026-04-28 19:14:45,-40,0,0,0,0,OK,,,,,
2026-04-28 19:17:25,-40,0,0,0,0,OK,,,,,
2026-04-28 19:17:57,-40,0,0,0,0,OK,,,,,
2026-04-28 19:18:13,11.6,66,0,392,3276.8,OK,,,,,
2026-04-28 19:19:17,-40,0,0,0,0,OK,,,,,
2026-04-28 19:20:21,11.5,66,2.4,392,0,OK,,,,,
2026-04-28 19:20:37,-40,0,0,0,0,OK,,,,,
2026-04-28 19:20:53,-40,0,0,0,0,OK,,,,,
2026-04-28 19:21:41,-40,0,0,0,0,OK,,,,,
2026-04-28 19:21:57,11.5,66,0.3,904,0,OK,,,,,
2026-04-28 19:22:13,-40,0,0,0,0,OK,,,,,
2026-04-28 19:22:29,-40,0,0,0,0,OK,,,,,
2026-04-28 19:22:45,11.5,95,0,392,0,OK,,,,,
2026-04-28 19:24:53,11.4,67,0.1,392,0,OK,,,,,
2026-04-28 19:25:09,37,67,36,392,0,OK,,,,,
2026-04-28 19:26:29,-40,0,0,0,0,OK,,,,,
2026-04-28 19:26:45,113.8,68,0,392,0,OK,,,,,
2026-04-28 19:27:01,-40,0,0,0,0,OK,,,,,
2026-04-28 19:27:17,11.4,68,0,392,0,OK,,,,,
2026-04-28 19:27:33,11.3,68,0.3,392,0,OK,,,,,
2026-04-28 19:28:21,16,244,13.4,392,0,OK,,,,,
2026-04-28 19:29:57,-40,0,0,0,0,OK,,,,,
2026-04-28 19:30:13,11.3,69,0,392,0,OK,,,,,
2026-04-28 19:30:29,11.3,69,0.6,392,3276.8,OK,,,,,
2026-04-28 19:30:45,-40,0,0,0,0,OK,,,,,
2026-04-28 19:31:17,-40,0,0,0,0,OK,,,,,
2026-04-28 19:31:33,11.3,69,0.1,392,0,OK,,,,,
2026-04-28 19:31:49,-40,0,0,0,0,OK,,,,,
2026-04-28 19:33:09,-40,0,0,0,0,OK,,,,,
2026-04-28 19:33:25,-40,0,0,0,0,OK,,,,,
2026-04-28 19:33:41,11.4,127,0,392,0,OK,,,,,
2026-04-28 19:34:45,123.2,209,36.5,392,3276.8,OK,,,,,
2026-04-28 19:35:01,-40,0,0,0,0,OK,,,,,
2026-04-28 19:35:17,11.3,69,0,392,0,OK,,,,,
2026-04-28 19:35:33,-40,0,0,0,0,OK,,,,,
2026-04-28 19:35:49,-40,0,0,0,0,OK,,,,,
2026-04-28 19:36:05,-40,0,0,0,0,OK,,,,,
2026-04-28 19:36:21,-40,0,0,0,0,OK,,,,,
2026-04-28 19:36:53,11.3,77,0.6,392,0,OK,,,,,
2026-04-28 19:37:09,-40,0,0,0,0,OK,,,,,
2026-04-28 19:37:25,-40,0,0,0,0,OK,,,,,
2026-04-28 19:37:41,113.7,69,0,392,0,OK,,,,,
2026-04-28 19:38:13,-40,0,0,0,0,OK,,,,,
2026-04-28 19:38:29,11.3,69,0.4,510,0,OK,,,,,
2026-04-28 19:38:45,-40,0,0,0,0,OK,,,,,
2026-04-28 19:39:01,11.3,69,1,482,0,OK,,,,,
2026-04-28 19:40:05,11.2,94,1.4,392,0,OK,,,,,
2026-04-28 19:40:21,-40,0,0,0,0,OK,,,,,
2026-04-28 19:40:37,-40,0,0,0,0,OK,,,,,
2026-04-28 19:40:53,11.2,70,0,392,0,OK,,,,,
2026-04-28 19:41:09,-40,0,0,0,0,OK,,,,,
2026-04-28 19:42:13,11.2,70,0,482,0,OK,,,,,
2026-04-28 19:42:29,-40,0,0,0,0,OK,,,,,
2026-04-28 19:43:01,-14.4,71,36.1,392,0,OK,,,,,
2026-04-28 19:43:17,11.2,71,35.7,392,0,OK,,,,,
2026-04-28 19:43:49,-40,0,0,0,0,OK,,,,,
2026-04-28 19:44:05,24,70,0.7,392,0,OK,,,,,
2026-04-28 19:44:21,-40,0,0,0,0,OK,,,,,
2026-04-28 19:44:37,12.7,197,1,392,0,OK,,,,,
2026-04-28 19:44:53,-40,0,0,0,0,OK,,,,,
2026-04-28 19:45:09,11.2,163,0.7,904,838873.4,OK,,,,,
2026-04-28 19:45:25,-40,0,0,0,0,OK,,,,,
2026-04-28 19:45:41,-40,0,0,0,0,OK,,,,,
2026-04-28 19:45:57,-40,0,0,0,0,OK,,,,,
2026-04-28 19:46:13,-40,0,0,0,0,OK,,,,,
2026-04-28 19:46:45,11.2,70,0,504,17.6,OK,,,,,
2026-04-28 19:47:01,-40,0,0,0,0,OK,,,,,
2026-04-28 19:47:17,-40,0,0,0,0,OK,,,,,
2026-04-28 19:47:33,-40,0,0,0,0,OK,,,,,
2026-04-28 19:47:49,-40,0,0,0,0,OK,,,,,
2026-04-28 19:48:05,-40,0,0,0,0,OK,,,,,
2026-04-28 19:48:21,-40,0,0,0,0,OK,,,,,
2026-04-28 19:48:37,-40,0,0,0,0,OK,,,,,
2026-04-28 19:48:53,-40,0,0,0,0,OK,,,,,
2026-04-28 19:49:25,-40,0,0,0,0,OK,,,,,
2026-04-28 19:49:41,-40,0,0,0,0,OK,,,,,
2026-04-28 19:49:57,-40,0,0,0,0,OK,,,,,
2026-04-28 19:50:13,-40,0,0,0,0,OK,,,,,
2026-04-28 19:50:29,-40,0,0,0,0,OK,,,,,
2026-04-28 19:50:45,-40,0,0,0,0,OK,,,,,
2026-04-28 19:51:01,-40,0,0,0,0,OK,,,,,
2026-04-28 19:51:17,-40,0,0,0,0,OK,,,,,
2026-04-28 19:51:33,-40,0,0,0,0,OK,,,,,
2026-04-28 19:52:05,-40,0,0,0,0,OK,,,,,
2026-04-28 19:52:21,-40,0,0,0,0,OK,,,,,
2026-04-28 19:52:37,-40,0,0,0,0,OK,,,,,
2026-04-28 19:52:53,-40,0,0,0,0,OK,,,,,
2026-04-28 19:53:09,-40,0,0,0,0,OK,,,,,
2026-04-28 19:54:13,-40,0,0,0,0,OK,,,,,
2026-04-28 19:54:29,-40,0,0,0,0,OK,,,,,
2026-04-28 19:54:45,-40,0,0,0,0,OK,,,,,
2026-04-28 19:55:01,-40,0,0,0,0,OK,,,,,
2026-04-28 19:55:17,-40,0,0,0,0,OK,,,,,
2026-04-28 19:55:34,-40,0,0,0,0,OK,,,,,
2026-04-28 19:55:49,-40,0,0,0,0,OK,,,,,
2026-04-28 19:56:05,-40,0,0,0,0,OK,,,,,
2026-04-28 19:56:21,-40,0,0,0,0,OK,,,,,
2026-04-28 19:56:37,-40,0,0,0,0,OK,,,,,
2026-04-28 19:56:53,-40,0,0,0,0,OK,,,,,
2026-04-28 19:57:09,-40,0,0,0,0,OK,,,,,
2026-04-28 19:57:25,-40,0,0,0,0,OK,,,,,
2026-04-28 19:57:57,-40,0,0,0,0,OK,,,,,
2026-04-28 19:58:13,-40,0,0,0,0,OK,,,,,
2026-04-28 19:58:29,-40,0,0,0,0,OK,,,,,
2026-04-28 19:58:45,-40,0,0,0,0,OK,,,,,
2026-04-28 19:59:01,-40,0,0,0,0,OK,,,,,
2026-04-28 19:59:17,-40,0,0,0,0,OK,,,,,
2026-04-28 19:59:33,-40,0,0,0,0,OK,,,,,
2026-04-28 19:59:49,11.2,239,0.4,460,4.8,OK,,,,,
2026-04-28 20:00:05,-40,0,0,0,0,OK,,,,,
2026-04-28 20:00:21,-40,0,0,0,0,OK,,,,,
2026-04-28 20:00:37,-40,0,0,0,0,OK,,,,,
2026-04-28 20:00:53,-40,0,0,0,0,OK,,,,,
2026-04-28 20:01:09,-40,0,0,0,0,OK,,,,,
2026-04-28 20:01:41,-40,0,0,0,0,OK,,,,,
2026-04-28 20:01:57,-40,0,0,0,0,OK,,,,,
2026-04-28 20:02:13,-40,0,0,0,0,OK,,,,,
2026-04-28 20:02:29,-40,0,0,0,0,OK,,,,,
2026-04-28 20:02:45,-40,0,0,0,0,OK,,,,,
2026-04-28 20:03:01,-40,0,0,0,0,OK,,,,,
2026-04-28 20:03:17,-40,0,0,0,0,OK,,,,,
2026-04-28 20:03:33,-40,0,0,0,0,OK,,,,,
2026-04-28 20:03:49,-40,0,0,0,0,OK,,,,,
2026-04-28 20:04:05,-40,0,0,0,0,OK,,,,,
2026-04-28 20:04:21,-40,0,0,0,0,OK,,,,,
2026-04-28 20:04:37,-40,0,0,0,0,OK,,,,,
2026-04-28 20:04:53,-40,0,0,0,0,OK,,,,,
2026-04-28 20:05:09,-40,0,0,0,0,OK,,,,,
2026-04-28 20:05:25,-40,0,0,0,0,OK,,,,,
2026-04-28 20:05:41,-40,0,0,0,0,OK,,,,,
2026-04-28 20:05:57,-40,0,0,0,0,OK,,,,,
2026-04-28 20:06:13,-40,0,0,0,0,OK,,,,,
2026-04-28 20:06:29,-40,0,0,0,0,OK,,,,,
2026-04-28 20:06:45,-40,0,0,0,0,OK,,,,,
2026-04-28 20:07:01,-40,0,0,0,0,OK,,,,,
2026-04-28 20:07:17,-40,0,0,0,0,OK,,,,,
2026-04-28 20:07:33,-40,0,0,0,0,OK,,,,,
2026-04-28 20:07:49,-40,0,0,0,0,OK,,,,,
2026-04-28 20:08:05,-40,0,0,0,0,OK,,,,,
2026-04-28 20:08:21,-40,0,0,0,0,OK,,,,,
2026-04-28 20:08:37,-40,0,0,0,0,OK,,,,,
2026-04-28 20:08:53,-40,0,0,0,0,OK,,,,,
2026-04-28 20:09:09,-40,0,0,0,0,OK,,,,,
2026-04-28 20:09:25,-40,0,0,0,0,OK,,,,,
2026-04-28 20:09:41,-40,0,0,0,0,OK,,,,,
2026-04-28 20:09:57,-40,0,0,0,0,OK,,,,,
2026-04-28 20:10:13,-40,0,0,0,0,OK,,,,,
2026-04-28 20:10:29,-40,0,0,0,0,OK,,,,,
2026-04-28 20:10:45,-40,0,0,0,0,OK,,,,,
2026-04-28 20:11:01,-40,0,0,0,0,OK,,,,,
2026-04-28 20:12:21,-40,0,0,0,0,OK,,,,,
2026-04-28 20:12:37,-40,0,0,0,0,OK,,,,,
2026-04-28 20:12:53,-40,0,0,0,0,OK,,,,,
2026-04-28 20:13:09,-40,0,0,0,0,OK,,,,,
2026-04-28 20:13:41,-40,0,0,0,0,OK,,,,,
2026-04-28 20:13:57,-40,0,0,0,0,OK,,,,,
2026-04-28 20:14:13,-40,0,0,0,0,OK,,,,,
2026-04-28 20:14:29,-40,0,0,0,0,OK,,,,,
2026-04-28 20:14:45,-40,0,0,0,0,OK,,,,,
2026-04-28 20:15:49,-40,0,0,0,0,OK,,,,,
2026-04-28 20:16:05,-40,0,0,0,0,OK,,,,,
2026-04-28 20:16:21,-40,0,0,0,0,OK,,,,,
2026-04-28 20:16:37,-40,0,0,0,0,OK,,,,,
2026-04-28 20:16:53,-40,0,0,0,0,OK,,,,,
2026-04-28 20:17:41,-40,0,0,0,0,OK,,,,,
2026-04-28 20:17:57,-40,0,0,0,0,OK,,,,,
2026-04-28 20:18:13,-40,0,0,0,0,OK,,,,,
2026-04-28 20:18:29,-40,0,0,0,0,OK,,,,,
2026-04-28 20:18:45,-40,0,0,0,0,OK,,,,,
2026-04-28 20:19:01,-40,0,0,0,0,OK,,,,,
2026-04-28 20:19:33,-40,0,0,0,0,OK,,,,,
2026-04-28 20:20:21,-40,0,0,0,0,OK,,,,,
2026-04-28 20:20:53,-40,0,0,0,0,OK,,,,,
2026-04-28 20:21:09,-40,0,0,0,0,OK,,,,,
2026-04-28 20:21:41,-40,0,0,0,0,OK,,,,,
2026-04-28 20:21:57,-40,0,0,0,0,OK,,,,,
2026-04-28 20:22:13,-40,0,0,0,0,OK,,,,,
2026-04-28 20:22:29,-40,0,0,0,0,OK,,,,,
2026-04-28 20:22:45,-40,0,0,0,0,OK,,,,,
2026-04-28 20:23:01,-40,0,0,0,0,OK,,,,,
2026-04-28 20:23:17,-40,0,0,0,0,OK,,,,,
2026-04-28 20:23:33,-40,0,0,0,0,OK,,,,,
2026-04-28 20:23:49,-40,0,0,0,0,OK,,,,,
2026-04-28 20:24:05,-40,0,0,0,0,OK,,,,,
2026-04-28 20:24:37,-40,0,0,0,0,OK,,,,,
2026-04-28 20:25:09,164.6,70,36.1,504,0,OK,,,,,
2026-04-28 20:25:25,164.6,69,0.3,49288,0,OK,,,,,
2026-04-28 20:25:57,-40,0,0,0,0,OK,,,,,
2026-04-28 20:26:13,-40,0,0,0,0,OK,,,,,
2026-04-28 20:26:45,-40,0,0,0,0,OK,,,,,
2026-04-28 20:27:01,-40,0,0,0,0,OK,,,,,
2026-04-28 20:27:17,-40,0,0,0,0,OK,,,,,
2026-04-28 20:27:33,-40,0,0,0,0,OK,,,,,
2026-04-28 20:27:49,-40,0,0,0,0,OK,,,,,
2026-04-28 20:28:05,-40,0,0,0,0,OK,,,,,
2026-04-28 20:28:21,-40,0,0,0,0,OK,,,,,
2026-04-28 20:28:37,-40,0,0,0,0,OK,,,,,
2026-04-28 20:28:53,-40,0,0,0,0,OK,,,,,
2026-04-28 20:29:09,-40,0,0,0,0,OK,,,,,
2026-04-28 20:29:41,-40,0,0,0,0,OK,,,,,
2026-04-28 20:31:17,-40,0,0,0,0,OK,,,,,
2026-04-28 20:32:05,11,94,0,504,0,OK,,,,,
2026-04-28 20:32:21,-40,0,0,0,0,OK,,,,,
2026-04-28 20:33:25,-40,0,0,0,0,OK,,,,,
2026-04-28 20:34:29,-40,0,0,0,0,OK,,,,,
2026-04-28 20:34:45,-40,0,0,0,0,OK,,,,,
2026-04-28 20:35:17,-40,0,0,0,0,OK,,,,,
2026-04-28 20:35:33,-40,0,0,0,0,OK,,,,,
2026-04-28 20:35:49,-40,0,0,0,0,OK,,,,,
2026-04-28 20:36:05,-40,0,0,0,0,OK,,,,,
2026-04-28 20:36:21,-40,0,0,0,0,OK,,,,,
2026-04-28 20:37:09,-40,0,0,0,0,OK,,,,,
2026-04-28 20:37:41,-40,0,0,0,0,OK,,,,,
2026-04-28 20:38:13,-40,0,0,0,0,OK,,,,,
2026-04-28 20:39:17,-40,0,0,0,0,OK,,,,,
2026-04-28 20:39:33,-40,0,0,0,0,OK,,,,,
2026-04-28 20:40:37,-40,0,0,0,0,OK,,,,,
2026-04-28 20:41:25,-40,0,0,0,0,OK,,,,,
2026-04-28 20:42:29,10.9,69,0,392,0,OK,,,,,
2026-04-28 20:43:01,-40,0,0,0,0,OK,,,,,
2026-04-28 20:43:33,10.9,69,0.8,392,12.8,OK,,,,,
2026-04-28 20:44:05,-40,0,0,0,0,OK,,,,,
2026-04-28 20:44:21,11,70,8.8,1928,0,OK,,,,,
2026-04-28 20:44:37,-40,0,0,0,0,OK,,,,,
2026-04-28 20:44:53,-40,0,0,0,0,OK,,,,,
2026-04-28 20:46:29,-40,0,0,0,0,OK,,,,,
2026-04-28 20:47:01,-40,0,0,0,0,OK,,,,,
2026-04-28 20:47:17,-40,0,0,0,0,OK,,,,,
2026-04-28 20:47:49,-40,0,0,0,0,OK,,,,,
2026-04-28 20:48:37,-40,0,0,0,0,OK,,,,,
2026-04-28 20:48:53,-40,0,0,0,0,OK,,,,,
2026-04-28 20:49:25,11.1,69,0,392,17.6,OK,,,,,
2026-04-28 20:49:41,-40,0,0,0,0,OK,,,,,
2026-04-28 20:50:29,-40,0,0,0,0,OK,,,,,
2026-04-28 20:50:45,-40,0,0,0,0,OK,,,,,
2026-04-28 20:51:01,-40,0,0,0,0,OK,,,,,
2026-04-28 20:51:17,-40,0,0,0,0,OK,,,,,
2026-04-28 20:52:05,11,70,0,440,0,OK,,,,,
2026-04-28 20:52:53,-40,0,0,0,0,OK,,,,,
2026-04-28 20:53:09,-40,0,0,0,0,OK,,,,,
2026-04-28 20:53:41,-40,0,0,0,0,OK,,,,,
2026-04-28 20:54:13,-40,0,0,0,0,OK,,,,,
2026-04-28 20:54:45,11.1,70,0,392,838860.8,OK,,,,,
2026-04-28 20:56:21,-40,0,0,0,0,OK,,,,,
2026-04-28 20:56:37,-40,0,0,0,0,OK,,,,,
2026-04-28 20:56:53,-40,0,0,0,0,OK,,,,,
2026-04-28 20:57:25,-40,0,0,0,0,OK,,,,,
2026-04-28 20:59:33,-40,0,0,0,0,OK,,,,,
2026-04-28 20:59:49,-40,0,0,0,0,OK,,,,,
2026-04-28 21:01:57,-40,0,0,0,0,OK,,,,,
2026-04-28 21:02:13,11.1,69,0,392,0,OK,,,,,
2026-04-28 21:03:33,-40,0,0,0,0,OK,,,,,
2026-04-28 21:04:05,11.1,69,0,392,0,OK,,,,,
2026-04-28 21:04:21,-40,0,0,0,0,OK,,,,,
2026-04-28 21:04:37,-40,0,0,0,0,OK,,,,,
2026-04-28 21:04:53,-40,0,0,0,0,OK,,,,,
2026-04-28 21:05:57,11.1,241,35.4,3976,0,OK,,,,,
2026-04-28 21:07:01,-40,0,0,0,0,OK,,,,,
2026-04-28 21:07:17,-40,0,0,0,0,OK,,,,,
2026-04-28 21:07:33,-40,0,0,0,0,OK,,,,,
2026-04-28 21:07:49,-40,0,0,0,0,OK,,,,,
2026-04-28 21:08:05,-40,0,0,0,0,OK,,,,,
2026-04-28 21:08:21,-40,0,0,0,0,OK,,,,,
2026-04-28 21:08:37,-40,0,0,0,0,OK,,,,,
2026-04-28 21:09:09,-40,0,0,0,0,OK,,,,,
2026-04-28 21:11:17,-40,0,0,0,0,OK,,,,,
2026-04-28 21:11:33,11.1,69,0,392,0,OK,,,,,
2026-04-28 21:11:49,-40,0,0,0,0,OK,,,,,
2026-04-28 21:12:37,-40,0,0,0,0,OK,,,,,
2026-04-28 21:12:53,11.2,77,0,440,0,OK,,,,,
2026-04-28 21:13:09,-40,0,0,0,0,OK,,,,,
2026-04-28 21:13:25,-40,0,0,0,0,OK,,,,,
2026-04-28 21:13:41,-40,0,0,0,0,OK,,,,,
2026-04-28 21:13:57,11.1,69,0.1,392,0,OK,,,,,
2026-04-28 21:14:13,11.1,69,0,392,0,OK,,,,,
2026-04-28 21:14:29,-40,0,0,0,0,OK,,,,,
2026-04-28 21:15:01,-40,0,0,0,0,OK,,,,,
2026-04-28 21:15:17,-40,0,0,0,0,OK,,,,,
2026-04-28 21:15:33,-40,0,0,0,0,OK,,,,,
2026-04-28 21:15:49,-40,0,0,0,0,OK,,,,,
2026-04-28 21:16:05,-40,0,0,0,0,OK,,,,,
2026-04-28 21:16:37,-40,0,0,0,0,OK,,,,,
2026-04-28 21:17:25,-40,0,0,0,0,OK,,,,,
2026-04-28 21:17:41,-40,0,0,0,0,OK,,,,,
2026-04-28 21:17:57,-40,0,0,0,0,OK,,,,,
2026-04-28 21:18:29,-40,0,0,0,0,OK,,,,,
2026-04-28 21:18:45,-40,0,0,0,0,OK,,,,,
2026-04-28 21:19:01,-40,0,0,0,0,OK,,,,,
2026-04-28 21:19:49,-40,0,0,0,0,OK,,,,,
2026-04-28 21:20:05,-40,0,0,0,0,OK,,,,,
2026-04-28 21:20:21,-14.6,69,35.8,392,9.6,OK,,,,,
2026-04-28 21:20:37,-40,0,0,0,0,OK,,,,,
2026-04-28 21:20:53,11,70,0,452,0,OK,,,,,
2026-04-28 21:21:09,11,126,0,392,0,OK,,,,,
2026-04-28 21:22:13,-40,0,0,0,0,OK,,,,,
2026-04-28 21:22:29,11,68,0,392,0,OK,,,,,
2026-04-28 21:23:33,-40,0,0,0,0,OK,,,,,
2026-04-28 21:23:49,-40,0,0,0,0,OK,,,,,
2026-04-28 21:24:05,11,79,0.4,392,0,OK,,,,,
2026-04-28 21:24:21,-40,0,0,0,0,OK,,,,,
2026-04-28 21:24:37,11,69,0,392,15.2,OK,,,,,
2026-04-28 21:24:53,-40,0,0,0,0,OK,,,,,
2026-04-28 21:25:25,11.1,69,0,392,0,OK,,,,,
2026-04-28 21:25:41,-40,0,0,0,0,OK,,,,,
2026-04-28 21:25:57,11.1,69,17.9,1016,0,OK,,,,,
2026-04-28 21:26:13,-40,0,0,0,0,OK,,,,,
2026-04-28 21:26:29,11.1,69,0,392,3276.8,OK,,,,,
2026-04-28 21:27:33,11,69,0,392,0,OK,,,,,
2026-04-28 21:27:49,-40,0,0,0,0,OK,,,,,
2026-04-28 21:28:05,11,69,0,392,0,OK,,,,,
2026-04-28 21:28:21,-40,0,0,0,0,OK,,,,,
2026-04-28 21:28:53,11,253,0,392,0,OK,,,,,
2026-04-28 21:29:09,-40,0,0,0,0,OK,,,,,
2026-04-28 21:29:25,11,197,0,392,0,OK,,,,,
2026-04-28 21:29:41,-40,0,0,0,0,OK,,,,,
2026-04-28 21:30:13,-40,0,0,0,0,OK,,,,,
2026-04-28 21:30:29,11,70,0,392,0,OK,,,,,
2026-04-28 21:30:45,-40,0,0,0,0,OK,,,,,
2026-04-28 21:31:17,11,69,0.1,392,0,OK,,,,,
2026-04-28 21:31:33,-40,0,0,0,0,OK,,,,,
2026-04-28 21:32:53,-40,0,0,0,0,OK,,,,,
2026-04-28 21:33:09,11.1,69,0,392,0,OK,,,,,
2026-04-28 21:33:41,-40,0,0,0,0,OK,,,,,
2026-04-28 21:33:57,-40,0,0,0,0,OK,,,,,
2026-04-28 21:34:13,-40,0,0,0,0,OK,,,,,
2026-04-28 21:34:29,-40,0,0,0,0,OK,,,,,
2026-04-28 21:34:45,-40,0,0,0,0,OK,,,,,
2026-04-28 21:35:01,164.5,241,53.8,408,0,OK,,,,,
2026-04-28 21:36:05,-40,0,0,0,0,OK,,,,,
2026-04-28 21:36:21,-40,0,0,0,0,OK,,,,,
2026-04-28 21:36:37,11,77,0,482,0,OK,,,,,
2026-04-28 21:36:53,-40,0,0,0,0,OK,,,,,
2026-04-28 21:37:09,11.1,116,13.4,511,0,OK,,,,,
2026-04-28 21:37:25,-40,0,0,0,0,OK,,,,,
2026-04-28 21:37:41,11,69,0,392,12.8,OK,,,,,
2026-04-28 21:37:57,-40,0,0,0,0,OK,,,,,
2026-04-28 21:38:13,11,69,0,392,0,OK,,,,,
2026-04-28 21:38:29,-40,0,0,0,0,OK,,,,,
2026-04-28 21:38:45,11.1,69,0,392,4915.2,OK,,,,,
2026-04-28 21:39:01,-40,0,0,0,0,OK,,,,,
2026-04-28 21:39:17,-40,0,0,0,0,OK,,,,,
2026-04-28 21:39:33,11.2,68,0.1,392,0,OK,,,,,
2026-04-28 21:40:05,-40,0,0,0,0,OK,,,,,
2026-04-28 21:40:21,-40,0,0,0,0,OK,,,,,
2026-04-28 21:40:37,113.6,68,0.1,392,0,OK,,,,,
2026-04-28 21:40:53,-40,0,0,0,0,OK,,,,,
2026-04-28 21:41:09,-40,0,0,0,0,OK,,,,,
2026-04-28 21:41:25,-40,0,0,0,0,OK,,,,,
2026-04-28 21:41:41,-40,0,0,0,0,OK,,,,,
2026-04-28 21:41:57,-40,0,0,0,0,OK,,,,,
2026-04-28 21:42:13,11.2,68,0.1,392,0,OK,,,,,
2026-04-28 21:42:29,24,68,0.1,392,0,OK,,,,,
2026-04-28 21:42:45,-40,0,0,0,0,OK,,,,,
2026-04-28 21:43:01,-40,0,0,0,0,OK,,,,,
2026-04-28 21:43:33,11.2,68,0,392,0,OK,,,,,
2026-04-28 21:43:49,11.2,68,0,392,0,OK,,,,,
2026-04-28 21:44:05,-40,0,0,0,0,OK,,,,,
2026-04-28 21:44:21,11.2,68,0.1,904,0,OK,,,,,
2026-04-28 21:44:37,11.2,68,0,392,838860.8,OK,,,,,
2026-04-28 21:44:53,-40,0,0,0,0,OK,,,,,
2026-04-28 21:45:57,-40,0,0,0,0,OK,,,,,
2026-04-28 21:46:29,-14.5,69,35.8,452,0,OK,,,,,
2026-04-28 21:47:01,139.1,69,36,392,0,OK,,,,,
2026-04-28 21:47:17,11.1,68,0.1,392,0,OK,,,,,
2026-04-28 21:47:33,11.2,68,0,392,0,OK,,,,,
2026-04-28 21:47:49,-40,0,0,0,0,OK,,,,,
2026-04-28 21:48:05,11.2,68,0,392,0,OK,,,,,
2026-04-28 21:48:37,11.1,68,0,392,0,OK,,,,,
2026-04-28 21:48:53,-40,0,0,0,0,OK,,,,,
2026-04-28 21:49:09,11.1,76,0.4,452,0,OK,,,,,
2026-04-28 21:49:25,-40,0,0,0,0,OK,,,,,
2026-04-28 21:49:57,-40,0,0,0,0,OK,,,,,
2026-04-28 21:50:13,11.1,68,1,392,0,OK,,,,,
2026-04-28 21:50:29,-40,0,0,0,0,OK,,,,,
2026-04-28 21:50:45,-40,0,0,0,0,OK,,,,,
2026-04-28 21:51:17,-40,0,0,0,0,OK,,,,,
2026-04-28 21:51:33,-40,0,0,0,0,OK,,,,,
2026-04-28 21:52:05,-40,0,0,0,0,OK,,,,,
2026-04-28 21:52:21,11.1,68,0.4,482,0,OK,,,,,
2026-04-28 21:52:37,-40,0,0,0,0,OK,,,,,
2026-04-28 21:52:53,-40,0,0,0,0,OK,,,,,
2026-04-28 21:53:09,-40,0,0,0,0,OK,,,,,
2026-04-28 21:53:25,-40,0,0,0,0,OK,,,,,
2026-04-28 21:53:41,-40,0,0,0,0,OK,,,,,
2026-04-28 21:53:57,11.1,69,0.1,392,0,OK,,,,,
2026-04-28 21:54:13,-40,0,0,0,0,OK,,,,,
2026-04-28 21:54:29,-40,0,0,0,0,OK,,,,,
2026-04-28 21:54:45,-40,0,0,0,0,OK,,,,,
2026-04-28 21:55:01,-40,0,0,0,0,OK,,,,,
2026-04-28 21:55:17,-40,0,0,0,0,OK,,,,,
2026-04-28 21:55:33,11.1,209,0,392,0,OK,,,,,
2026-04-28 21:55:49,-40,0,0,0,0,OK,,,,,
2026-04-28 21:56:05,11.1,69,0,392,0,OK,,,,,
2026-04-28 21:56:21,-40,0,0,0,0,OK,,,,,
2026-04-28 21:56:37,-40,0,0,0,0,OK,,,,,
2026-04-28 21:57:09,-40,0,0,0,0,OK,,,,,
2026-04-28 21:57:25,11.1,93,0,392,0,OK,,,,,
2026-04-28 21:57:41,-40,0,0,0,0,OK,,,,,
2026-04-28 21:57:57,11.1,69,0.1,392,0,OK,,,,,
2026-04-28 21:58:13,11.1,69,1,392,12.8,OK,,,,,
2026-04-28 21:59:17,-14.5,197,35.8,392,4915.2,OK,,,,,
2026-04-28 21:59:33,-40,0,0,0,0,OK,,,,,
2026-04-28 21:59:49,-40,0,0,0,0,OK,,,,,
2026-04-28 22:00:53,-40,0,0,0,0,OK,,,,,
2026-04-28 22:01:09,-40,0,0,0,0,OK,,,,,
2026-04-28 22:01:25,11.2,68,0.7,392,0,OK,,,,,
2026-04-28 22:01:41,-40,0,0,0,0,OK,,,,,
2026-04-28 22:01:57,-40,0,0,0,0,OK,,,,,
2026-04-28 22:02:13,-40,0,0,0,0,OK,,,,,
2026-04-28 22:02:29,-40,0,0,0,0,OK,,,,,
2026-04-28 22:02:45,11.2,196,13.4,392,838860.8,OK,,,,,
2026-04-28 22:03:01,-40,0,0,0,0,OK,,,,,
2026-04-28 22:03:17,-14.4,68,36.4,392,0,OK,,,,,
2026-04-28 22:03:33,11.2,68,0,392,3276.8,OK,,,,,
2026-04-28 22:03:49,-40,0,0,0,0,OK,,,,,
2026-04-28 22:04:05,-40,0,0,0,0,OK,,,,,
2026-04-28 22:04:21,-40,0,0,0,0,OK,,,,,
2026-04-28 22:04:37,-40,0,0,0,0,OK,,,,,
2026-04-28 22:04:53,-40,0,0,0,0,OK,,,,,
2026-04-28 22:05:09,11.2,68,0.8,392,0,OK,,,,,
2026-04-28 22:05:25,11.2,68,0.3,392,0,OK,,,,,
2026-04-28 22:05:41,-40,0,0,0,0,OK,,,,,
2026-04-28 22:05:57,-40,0,0,0,0,OK,,,,,
2026-04-28 22:06:13,-40,0,0,0,0,OK,,,,,
2026-04-28 22:06:29,-40,0,0,0,0,OK,,,,,
2026-04-28 22:06:45,-40,0,0,0,0,OK,,,,,
2026-04-28 22:07:01,-40,0,0,0,0,OK,,,,,
2026-04-28 22:07:17,-40,0,0,0,0,OK,,,,,
2026-04-28 22:07:33,-14.4,69,36.1,1928,0,OK,,,,,
2026-04-28 22:07:49,-40,0,0,0,0,OK,,,,,
2026-04-28 22:08:05,-40,0,0,0,0,OK,,,,,
2026-04-28 22:08:21,11.2,92,0.1,392,0,OK,,,,,
2026-04-28 22:08:53,-40,0,0,0,0,OK,,,,,
2026-04-28 22:09:09,-40,0,0,0,0,OK,,,,,
2026-04-28 22:09:41,11.2,69,0.1,392,838860.8,OK,,,,,
2026-04-28 22:09:57,-40,0,0,0,0,OK,,,,,
2026-04-28 22:10:13,-14.4,69,107.7,392,0,OK,,,,,
2026-04-28 22:10:29,-40,0,0,0,0,OK,,,,,
2026-04-28 22:10:45,-40,0,0,0,0,OK,,,,,
2026-04-28 22:11:01,-40,0,0,0,0,OK,,,,,
2026-04-28 22:11:17,11.2,69,0,32904,0,OK,,,,,
2026-04-28 22:11:33,-40,0,0,0,0,OK,,,,,
2026-04-28 22:11:49,-40,0,0,0,0,OK,,,,,
2026-04-28 22:12:05,-40,0,0,0,0,OK,,,,,
2026-04-28 22:12:21,-14.4,68,37.1,392,0,OK,,,,,
2026-04-28 22:12:37,-40,0,0,0,0,OK,,,,,
2026-04-28 22:12:53,-40,0,0,0,0,OK,,,,,
2026-04-28 22:13:09,-40,0,0,0,0,OK,,,,,
2026-04-28 22:13:25,11.2,69,0.1,408,0,OK,,,,,
2026-04-28 22:13:41,-40,0,0,0,0,OK,,,,,
2026-04-28 22:13:57,-40,0,0,0,0,OK,,,,,
2026-04-28 22:14:13,-40,0,0,0,0,OK,,,,,
2026-04-28 22:14:29,-40,0,0,0,0,OK,,,,,
2026-04-28 22:14:45,113.6,71,72.7,392,0,OK,,,,,
2026-04-28 22:15:01,-40,0,0,0,0,OK,,,,,
2026-04-28 22:15:17,11.2,69,0.1,392,0,OK,,,,,
2026-04-28 22:15:33,-40,0,0,0,0,OK,,,,,
2026-04-28 22:15:49,-40,0,0,0,0,OK,,,,,
2026-04-28 22:16:21,-40,0,0,0,0,OK,,,,,
2026-04-28 22:16:37,-40,0,0,0,0,OK,,,,,
2026-04-28 22:16:53,-40,0,0,0,0,OK,,,,,
2026-04-28 22:17:09,-40,0,0,0,0,OK,,,,,
2026-04-28 22:17:25,-40,0,0,0,0,OK,,,,,
2026-04-28 22:17:41,-40,0,0,0,0,OK,,,,,
2026-04-28 22:17:57,-40,0,0,0,0,OK,,,,,
2026-04-28 22:18:13,-40,0,0,0,0,OK,,,,,
2026-04-28 22:18:29,11.2,69,0,392,838860.8,OK,,,,,
2026-04-28 22:18:45,-40,0,0,0,0,OK,,,,,
2026-04-28 22:19:01,-40,0,0,0,0,OK,,,,,
2026-04-28 22:19:17,-40,0,0,0,0,OK,,,,,
2026-04-28 22:19:33,-40,0,0,0,0,OK,,,,,
2026-04-28 22:19:49,36.8,69,0,392,15.2,OK,,,,,
2026-04-28 22:20:53,11.2,69,0.1,392,0,OK,,,,,
2026-04-28 22:21:09,-40,0,0,0,0,OK,,,,,
2026-04-28 22:21:41,-40,0,0,0,0,OK,,,,,
2026-04-28 22:21:57,-40,0,0,0,0,OK,,,,,
2026-04-28 22:22:13,11.2,69,17.6,392,3276.8,OK,,,,,
2026-04-28 22:23:01,-40,0,0,0,0,OK,,,,,
2026-04-28 22:23:17,11.1,77,0,392,0,OK,,,,,
2026-04-28 22:23:33,11.1,69,0.1,482,0,OK,,,,,
2026-04-28 22:23:49,11.2,69,0.3,392,0,OK,,,,,
2026-04-28 22:24:21,-40,0,0,0,0,OK,,,,,
2026-04-28 22:24:37,-40,0,0,0,0,OK,,,,,
2026-04-28 22:24:53,-40,0,0,0,0,OK,,,,,
2026-04-28 22:25:09,-40,0,0,0,0,OK,,,,,
2026-04-28 22:25:25,-40,0,0,0,0,OK,,,,,
2026-04-28 22:25:41,-40,0,0,0,0,OK,,,,,
2026-04-28 22:25:57,-40,0,0,0,0,OK,,,,,
2026-04-28 22:26:13,-40,0,0,0,0,OK,,,,,
2026-04-28 22:26:29,-40,0,0,0,0,OK,,,,,
2026-04-28 22:26:45,-40,0,0,0,0,OK,,,,,
2026-04-28 22:27:01,-40,0,0,0,0,OK,,,,,
2026-04-28 22:27:17,-40,0,0,0,0,OK,,,,,
2026-04-28 22:27:33,-40,0,0,0,0,OK,,,,,
2026-04-28 22:27:49,-40,0,0,0,0,OK,,,,,
2026-04-28 22:28:05,-40,0,0,0,0,OK,,,,,
2026-04-28 22:28:21,-40,0,0,0,0,OK,,,,,
2026-04-28 22:28:37,-40,0,0,0,0,OK,,,,,
2026-04-28 22:28:53,11.2,197,18.3,392,0,OK,,,,,
2026-04-28 22:29:09,-40,0,0,0,0,OK,,,,,
2026-04-28 22:29:25,11.2,69,0.1,392,0,OK,,,,,
2026-04-28 22:29:57,-40,0,0,0,0,OK,,,,,
2026-04-28 22:30:13,11.2,69,0.1,1928,0,OK,,,,,
2026-04-28 22:30:29,11.2,127,1,392,0,OK,,,,,
2026-04-28 22:30:45,11.2,69,1.1,392,3276.8,OK,,,,,
2026-04-28 22:31:01,-40,0,0,0,0,OK,,,,,
2026-04-28 22:31:17,11.2,71,0,408,12.8,OK,,,,,
2026-04-28 22:32:21,-40,0,0,0,0,OK,,,,,
2026-04-28 22:32:37,-40,0,0,0,0,OK,,,,,
2026-04-28 22:32:53,113.6,69,37.2,392,0,OK,,,,,
2026-04-28 22:33:09,-40,0,0,0,0,OK,,,,,
2026-04-28 22:34:13,-40,0,0,0,0,OK,,,,,
2026-04-28 22:34:29,113.6,69,1.8,392,0,OK,,,,,
2026-04-28 22:34:45,-40,0,0,0,0,OK,,,,,
2026-04-28 22:35:01,-14.4,69,108.4,392,0,OK,,,,,
2026-04-28 22:35:17,-40,0,0,0,0,OK,,,,,
2026-04-28 22:35:33,-40,0,0,0,0,OK,,,,,
2026-04-28 22:35:49,-40,0,0,0,0,OK,,,,,
2026-04-28 22:36:05,11.2,127,0.1,392,0,OK,,,,,
2026-04-28 22:36:21,11.1,69,0.6,392,0,OK,,,,,
2026-04-28 22:36:37,-40,0,0,0,0,OK,,,,,
2026-04-28 22:36:53,-40,0,0,0,0,OK,,,,,
2026-04-28 22:37:25,11.1,71,0.7,392,0,OK,,,,,
2026-04-28 22:37:41,-40,0,0,0,0,OK,,,,,
2026-04-28 22:37:57,-40,0,0,0,0,OK,,,,,
2026-04-28 22:39:01,-40,0,0,0,0,OK,,,,,
2026-04-28 22:39:17,11.2,69,0.7,392,0,OK,,,,,
2026-04-28 22:39:33,-40,0,0,0,0,OK,,,,,
2026-04-28 22:39:49,11.2,197,17.9,392,0,OK,,,,,
2026-04-28 22:40:05,-40,0,0,0,0,OK,,,,,
2026-04-28 22:40:21,-40,0,0,0,0,OK,,,,,
2026-04-28 22:40:37,-40,0,0,0,0,OK,,,,,
2026-04-28 22:40:53,11.1,69,0.1,392,0,OK,,,,,
2026-04-28 22:41:09,-40,0,0,0,0,OK,,,,,
2026-04-28 22:41:25,11.1,70,0,392,0,OK,,,,,
2026-04-28 22:41:41,-40,0,0,0,0,OK,,,,,
2026-04-28 22:42:13,11.1,70,0,392,0,OK,,,,,
2026-04-28 22:42:29,-40,0,0,0,0,OK,,,,,
2026-04-28 22:42:45,11.1,163,0.1,392,17.6,OK,,,,,
2026-04-28 22:43:01,-40,0,0,0,0,OK,,,,,
2026-04-28 22:43:17,-40,0,0,0,0,OK,,,,,
2026-04-28 22:43:33,-40,0,0,0,0,OK,,,,,
2026-04-28 22:44:05,-40,0,0,0,0,OK,,,,,
2026-04-28 22:44:21,-40,0,0,0,0,OK,,,,,
2026-04-28 22:44:37,-40,0,0,0,0,OK,,,,,
2026-04-28 22:44:53,-40,0,0,0,0,OK,,,,,
2026-04-28 22:45:09,11.1,186,13.4,392,0,OK,,,,,
2026-04-28 22:45:25,-40,0,0,0,0,OK,,,,,
2026-04-28 22:45:41,-40,0,0,0,0,OK,,,,,
2026-04-28 22:46:13,-40,0,0,0,0,OK,,,,,
2026-04-28 22:46:29,-40,0,0,0,0,OK,,,,,
2026-04-28 22:46:45,-40,0,0,0,0,OK,,,,,
2026-04-28 22:47:01,-40,0,0,0,0,OK,,,,,
2026-04-28 22:47:17,11.1,70,0,392,0,OK,,,,,
2026-04-28 22:47:33,139.1,94,35.8,392,17.6,OK,,,,,
2026-04-28 22:47:49,-40,0,0,0,0,OK,,,,,
2026-04-28 22:48:05,-40,0,0,0,0,OK,,,,,
2026-04-28 22:48:21,-40,0,0,0,0,OK,,,,,
2026-04-28 22:48:37,11.1,254,0,392,0,OK,,,,,
2026-04-28 22:48:53,-40,0,0,0,0,OK,,,,,
2026-04-28 22:49:09,-40,0,0,0,0,OK,,,,,
2026-04-28 22:49:25,-40,0,0,0,0,OK,,,,,
2026-04-28 22:49:41,-40,0,0,0,0,OK,,,,,
2026-04-28 22:49:57,11.1,70,0.1,408,0,OK,,,,,
2026-04-28 22:50:29,-40,0,0,0,0,OK,,,,,
2026-04-28 22:50:45,-40,0,0,0,0,OK,,,,,
2026-04-28 22:51:01,-40,0,0,0,0,OK,,,,,
2026-04-28 22:51:17,-40,0,0,0,0,OK,,,,,
2026-04-28 22:51:33,-40,0,0,0,0,OK,,,,,
2026-04-28 22:51:49,-40,0,0,0,0,OK,,,,,
2026-04-28 22:52:05,-40,0,0,0,0,OK,,,,,
2026-04-28 22:52:37,-40,0,0,0,0,OK,,,,,
2026-04-28 22:52:53,-40,0,0,0,0,OK,,,,,
2026-04-28 22:53:09,-40,0,0,0,0,OK,,,,,
2026-04-28 22:53:25,11.1,70,0.8,392,0,OK,,,,,
2026-04-28 22:53:41,-40,0,0,0,0,OK,,,,,
2026-04-28 22:53:57,11.1,78,1.1,392,0,OK,,,,,
2026-04-28 22:54:13,-40,0,0,0,0,OK,,,,,
2026-04-28 22:54:29,-40,0,0,0,0,OK,,,,,
2026-04-28 22:54:45,-40,0,0,0,0,OK,,,,,
2026-04-28 22:55:17,-40,0,0,0,0,OK,,,,,
2026-04-28 22:55:33,-40,0,0,0,0,OK,,,,,
2026-04-28 22:55:49,-40,0,0,0,0,OK,,,,,
2026-04-28 22:56:05,-14.5,70,36.1,392,3276.8,OK,,,,,
2026-04-28 22:56:37,-40,0,0,0,0,OK,,,,,
2026-04-28 22:57:09,-40,0,0,0,0,OK,,,,,
2026-04-28 22:57:25,-40,0,0,0,0,OK,,,,,
2026-04-28 22:58:13,-40,0,0,0,0,OK,,,,,
2026-04-28 22:58:29,-40,0,0,0,0,OK,,,,,
2026-04-28 22:58:45,11.1,69,0,392,12.8,OK,,,,,
2026-04-28 22:59:01,-40,0,0,0,0,OK,,,,,
2026-04-28 22:59:17,-40,0,0,0,0,OK,,,,,
2026-04-28 22:59:33,-40,0,0,0,0,OK,,,,,
2026-04-28 22:59:49,-40,0,0,0,0,OK,,,,,
2026-04-28 23:00:05,-40,0,0,0,0,OK,,,,,
2026-04-28 23:00:21,-40,0,0,0,0,OK,,,,,
2026-04-28 23:00:37,-40,0,0,0,0,OK,,,,,
2026-04-28 23:01:25,-40,0,0,0,0,OK,,,,,
2026-04-28 23:01:41,-40,0,0,0,0,OK,,,,,
2026-04-28 23:02:29,-40,0,0,0,0,OK,,,,,
2026-04-28 23:03:17,-40,0,0,0,0,OK,,,,,
2026-04-28 23:03:33,11,70,0,452,0,OK,,,,,
2026-04-28 23:03:49,-40,0,0,0,0,OK,,,,,
2026-04-28 23:04:21,-40,0,0,0,0,OK,,,,,
2026-04-28 23:04:37,-40,0,0,0,0,OK,,,,,
2026-04-28 23:04:53,-40,0,0,0,0,OK,,,,,
2026-04-28 23:06:45,-40,0,0,0,0,OK,,,,,
2026-04-28 23:07:01,11,71,0,392,4915.2,OK,,,,,
2026-04-28 23:07:17,-40,0,0,0,0,OK,,,,,
2026-04-28 23:07:49,87.8,71,72.1,392,0,OK,,,,,
2026-04-28 23:08:21,11,71,0,452,3276.8,OK,,,,,
2026-04-28 23:08:37,-40,0,0,0,0,OK,,,,,
2026-04-28 23:08:53,-40,0,0,0,0,OK,,,,,
2026-04-28 23:09:09,-40,0,0,0,0,OK,,,,,
2026-04-28 23:10:13,11.1,71,1,392,0,OK,,,,,
2026-04-28 23:10:29,-40,0,0,0,0,OK,,,,,
2026-04-28 23:10:45,11,71,18.5,392,0,OK,,,,,
2026-04-28 23:11:01,-40,0,0,0,0,OK,,,,,
2026-04-28 23:11:33,-40,0,0,0,0,OK,,,,,
2026-04-28 23:11:49,-40,0,0,0,0,OK,,,,,
2026-04-28 23:12:05,62.2,71,0.1,392,0,OK,,,,,
2026-04-28 23:12:37,-40,0,0,0,0,OK,,,,,
2026-04-28 23:12:53,11,127,0.8,392,0,OK,,,,,
2026-04-28 23:13:09,-40,0,0,0,0,OK,,,,,
2026-04-28 23:13:41,-40,0,0,0,0,OK,,,,,
2026-04-28 23:14:13,-40,0,0,0,0,OK,,,,,
2026-04-28 23:14:29,-40,0,0,0,0,OK,,,,,
2026-04-28 23:14:45,-40,0,0,0,0,OK,,,,,
2026-04-28 23:15:01,11,71,0,392,0,OK,,,,,
2026-04-28 23:15:17,11,71,0,504,0,OK,,,,,
2026-04-28 23:15:33,-40,0,0,0,0,OK,,,,,
2026-04-28 23:15:49,11,71,0.1,392,0,OK,,,,,
2026-04-28 23:16:37,-40,0,0,0,0,OK,,,,,
2026-04-28 23:16:53,-40,0,0,0,0,OK,,,,,
2026-04-28 23:17:09,-40,0,0,0,0,OK,,,,,
2026-04-28 23:17:25,11.1,199,0,392,9.6,OK,,,,,
2026-04-28 23:17:41,-40,0,0,0,0,OK,,,,,
2026-04-28 23:17:57,-40,0,0,0,0,OK,,,,,
2026-04-28 23:18:29,-40,0,0,0,0,OK,,,,,
2026-04-28 23:18:45,-40,0,0,0,0,OK,,,,,
2026-04-28 23:19:01,-40,0,0,0,0,OK,,,,,
2026-04-28 23:19:17,-40,0,0,0,0,OK,,,,,
2026-04-28 23:19:33,11.1,71,0,392,0,OK,,,,,
2026-04-28 23:19:49,-40,0,0,0,0,OK,,,,,
2026-04-28 23:20:05,-40,0,0,0,0,OK,,,,,
2026-04-28 23:20:21,-40,0,0,0,0,OK,,,,,
2026-04-28 23:21:25,-40,0,0,0,0,OK,,,,,
2026-04-28 23:21:41,11.1,71,0.8,65416,3276.8,OK,,,,,
2026-04-28 23:21:57,-40,0,0,0,0,OK,,,,,
2026-04-28 23:22:13,-40,0,0,0,0,OK,,,,,
2026-04-28 23:22:29,-40,0,0,0,0,OK,,,,,
2026-04-28 23:22:45,11.1,199,0,392,21.6,OK,,,,,
2026-04-28 23:24:05,-40,0,0,0,0,OK,,,,,
2026-04-28 23:24:53,-40,0,0,0,0,OK,,,,,
2026-04-28 23:25:09,11,71,0.3,392,0,OK,,,,,
2026-04-28 23:25:25,-40,0,0,0,0,OK,,,,,
2026-04-28 23:25:41,-40,0,0,0,0,OK,,,,,
2026-04-28 23:25:57,-40,0,0,0,0,OK,,,,,
2026-04-28 23:26:13,-40,0,0,0,0,OK,,,,,
2026-04-28 23:26:29,11,71,0.1,904,3276.8,OK,,,,,
2026-04-28 23:26:45,11,199,18.1,392,0,OK,,,,,
2026-04-28 23:27:33,11,79,0.3,392,3276.8,OK,,,,,
2026-04-28 23:27:49,11,71,0.6,482,0,OK,,,,,
2026-04-28 23:28:05,-40,0,0,0,0,OK,,,,,
2026-04-28 23:28:21,-40,0,0,0,0,OK,,,,,
2026-04-28 23:28:37,-40,0,0,0,0,OK,,,,,
2026-04-28 23:28:53,-40,0,0,0,0,OK,,,,,
2026-04-28 23:29:09,-40,0,0,0,0,OK,,,,,
2026-04-28 23:29:25,11,248,17.9,392,0,OK,,,,,
2026-04-28 23:29:41,-40,0,0,0,0,OK,,,,,
2026-04-28 23:29:57,-40,0,0,0,0,OK,,,,,
2026-04-28 23:30:13,-40,0,0,0,0,OK,,,,,
2026-04-28 23:30:29,-14.6,72,70.7,392,4.8,OK,,,,,
2026-04-28 23:30:45,11,72,0.6,392,3276.8,OK,,,,,
2026-04-28 23:31:01,-40,0,0,0,0,OK,,,,,
2026-04-28 23:31:17,11,72,1.4,482,2.4,OK,,,,,
2026-04-28 23:31:33,-14.6,72,37.2,392,0,OK,,,,,
2026-04-28 23:31:49,-40,0,0,0,0,OK,,,,,
2026-04-28 23:32:05,-40,0,0,0,0,OK,,,,,
2026-04-28 23:32:21,-40,0,0,0,0,OK,,,,,
2026-04-28 23:32:37,-40,0,0,0,0,OK,,,,,
2026-04-28 23:32:53,-40,0,0,0,0,OK,,,,,
2026-04-28 23:33:09,-40,0,0,0,0,OK,,,,,
2026-04-28 23:33:25,11.1,120,0.7,392,838860.8,OK,,,,,
2026-04-28 23:33:41,11,210,0.8,392,0,OK,,,,,
2026-04-28 23:33:57,-40,0,0,0,0,OK,,,,,
2026-04-28 23:34:29,-40,0,0,0,0,OK,,,,,
2026-04-28 23:34:45,-40,0,0,0,0,OK,,,,,
2026-04-28 23:35:01,11.1,72,16.9,392,0,OK,,,,,
2026-04-28 23:35:17,-40,0,0,0,0,OK,,,,,
2026-04-28 23:35:33,11.1,72,0.4,392,4915.2,OK,,,,,
2026-04-28 23:36:05,-40,0,0,0,0,OK,,,,,
2026-04-28 23:36:37,11.1,200,18.1,392,0,OK,,,,,
2026-04-28 23:36:53,11.1,72,0.1,392,0,OK,,,,,
2026-04-28 23:37:25,-40,0,0,0,0,OK,,,,,
2026-04-28 23:38:13,11.1,72,13.4,392,0,OK,,,,,
2026-04-28 23:38:29,-40,0,0,0,0,OK,,,,,
2026-04-28 23:38:45,-40,0,0,0,0,OK,,,,,
2026-04-28 23:39:01,-40,0,0,0,0,OK,,,,,
2026-04-28 23:39:17,164.7,72,36.5,482,15.2,OK,,,,,
2026-04-28 23:39:33,-40,0,0,0,0,OK,,,,,
2026-04-28 23:39:49,-40,0,0,0,0,OK,,,,,
2026-04-28 23:40:05,-40,0,0,0,0,OK,,,,,
2026-04-28 23:40:21,-40,0,0,0,0,OK,,,,,
2026-04-28 23:40:37,-40,0,0,0,0,OK,,,,,
2026-04-28 23:41:25,11.1,72,0,392,0,OK,,,,,
2026-04-28 23:41:41,-40,0,0,0,0,OK,,,,,
2026-04-28 23:41:57,-40,0,0,0,0,OK,,,,,
2026-04-28 23:43:01,-40,0,0,0,0,OK,,,,,
2026-04-28 23:43:17,-40,0,0,0,0,OK,,,,,
2026-04-28 23:43:33,11.1,71,0.6,452,0,OK,,,,,
2026-04-28 23:44:05,-40,0,0,0,0,OK,,,,,
2026-04-28 23:44:37,-40,0,0,0,0,OK,,,,,
2026-04-28 23:44:53,-40,0,0,0,0,OK,,,,,
2026-04-28 23:45:09,-40,0,0,0,0,OK,,,,,
2026-04-28 23:45:25,-40,0,0,0,0,OK,,,,,
2026-04-28 23:45:41,-40,0,0,0,0,OK,,,,,
2026-04-28 23:46:29,-40,0,0,0,0,OK,,,,,
2026-04-28 23:47:01,-40,0,0,0,0,OK,,,,,
2026-04-28 23:47:17,-40,0,0,0,0,OK,,,,,
2026-04-28 23:47:49,164.7,72,0,392,9.6,OK,,,,,
2026-04-28 23:48:05,-40,0,0,0,0,OK,,,,,
2026-04-28 23:49:25,-40,0,0,0,0,OK,,,,,
2026-04-28 23:49:41,11.1,72,0,392,838860.8,OK,,,,,
2026-04-28 23:50:29,11.2,72,0.1,1928,0,OK,,,,,
2026-04-28 23:50:45,-40,0,0,0,0,OK,,,,,
2026-04-28 23:51:01,11.2,210,0.3,440,0,OK,,,,,
2026-04-28 23:51:33,-40,0,0,0,0,OK,,,,,
2026-04-28 23:51:49,-40,0,0,0,0,OK,,,,,
2026-04-28 23:52:05,-40,0,0,0,0,OK,,,,,
2026-04-28 23:52:21,-40,0,0,0,0,OK,,,,,
2026-04-28 23:52:53,-40,0,0,0,0,OK,,,,,
2026-04-28 23:53:09,-40,0,0,0,0,OK,,,,,
2026-04-28 23:53:25,11.1,71,17.6,392,0,OK,,,,,
2026-04-28 23:53:41,-40,0,0,0,0,OK,,,,,
2026-04-28 23:53:57,11.1,72,0.1,392,0,OK,,,,,
2026-04-28 23:54:13,11.1,72,0,392,0,OK,,,,,
2026-04-28 23:55:17,11.2,72,0.1,392,0,OK,,,,,
2026-04-28 23:55:33,-40,0,0,0,0,OK,,,,,
2026-04-28 23:56:05,-40,0,0,0,0,OK,,,,,
2026-04-28 23:56:21,-40,0,0,0,0,OK,,,,,
2026-04-28 23:56:37,-40,0,0,0,0,OK,,,,,
2026-04-28 23:57:09,11.2,72,0,392,0,OK,,,,,
2026-04-28 23:57:25,-40,0,0,0,0,OK,,,,,
2026-04-28 23:57:41,-40,0,0,0,0,OK,,,,,
2026-04-28 23:58:13,11.1,72,2,392,0,OK,,,,,
2026-04-28 23:58:45,11.1,120,0.7,392,0,OK,,,,,
2026-04-28 23:59:01,-40,0,0,0,0,OK,,,,,
2026-04-28 23:59:17,-40,0,0,0,0,OK,,,,,
2026-04-28 23:59:33,-40,0,0,0,0,OK,,,,,
2026-04-28 23:59:49,11.1,72,0,504,0,OK,,,,,
2026-04-29 0:00:05,-40,0,0,0,0,OK,,,,,
2026-04-29 0:00:21,-40,0,0,0,0,OK,,,,,
2026-04-29 0:00:37,11.1,88,0.8,392,0,OK,,,,,
2026-04-29 0:00:53,-40,0,0,0,0,OK,,,,,
2026-04-29 0:01:09,-40,0,0,0,0,OK,,,,,
2026-04-29 0:01:25,-40,0,0,0,0,OK,,,,,
2026-04-29 0:01:41,11.1,72,0.7,392,0,OK,,,,,
2026-04-29 0:02:13,-40,0,0,0,0,OK,,,,,
2026-04-29 0:02:29,11.1,72,0,392,17.6,OK,,,,,
2026-04-29 0:02:45,-40,0,0,0,0,OK,,,,,
2026-04-29 0:03:01,-40,0,0,0,0,OK,,,,,
2026-04-29 0:03:49,11.1,72,1,392,0,OK,,,,,
2026-04-29 0:04:21,11.1,72,1,392,0,OK,,,,,
2026-04-29 0:04:37,11.1,72,8.8,392,0,OK,,,,,
2026-04-29 0:04:53,-40,0,0,0,0,OK,,,,,
2026-04-29 0:05:09,11.1,72,0.1,392,0,OK,,,,,
2026-04-29 0:05:41,-40,0,0,0,0,OK,,,,,
2026-04-29 0:05:57,11.1,72,0.1,392,0,OK,,,,,
2026-04-29 0:06:13,-40,0,0,0,0,OK,,,,,
2026-04-29 0:06:29,-40,0,0,0,0,OK,,,,,
2026-04-29 0:06:45,11.1,72,13.4,392,0,OK,,,,,
2026-04-29 0:07:01,-40,0,0,0,0,OK,,,,,
2026-04-29 0:07:17,-40,0,0,0,0,OK,,,,,
2026-04-29 0:07:33,-40,0,0,0,0,OK,,,,,
2026-04-29 0:07:49,11.1,200,1.3,392,0,OK,,,,,
2026-04-29 0:08:05,-40,0,0,0,0,OK,,,,,
2026-04-29 0:08:21,-40,0,0,0,0,OK,,,,,
2026-04-29 0:08:37,-40,0,0,0,0,OK,,,,,
2026-04-29 0:09:09,-40,0,0,0,0,OK,,,,,
2026-04-29 0:09:41,-40,0,0,0,0,OK,,,,,
2026-04-29 0:10:13,-40,0,0,0,0,OK,,,,,
2026-04-29 0:10:29,11,72,2,392,0,OK,,,,,
2026-04-29 0:10:45,-40,0,0,0,0,OK,,,,,
2026-04-29 0:12:21,-40,0,0,0,0,OK,,,,,
2026-04-29 0:12:53,-40,0,0,0,0,OK,,,,,
2026-04-29 0:13:09,-40,0,0,0,0,OK,,,,,
2026-04-29 0:13:57,11.1,72,8.5,392,0,OK,,,,,
2026-04-29 0:14:13,-40,0,0,0,0,OK,,,,,
2026-04-29 0:14:45,11.1,120,0,504,0,OK,,,,,
2026-04-29 0:15:17,-40,0,0,0,0,OK,,,,,
2026-04-29 0:15:33,-14.5,71,36.1,392,0,OK,,,,,
2026-04-29 0:16:05,-40,0,0,0,0,OK,,,,,
2026-04-29 0:16:37,-40,0,0,0,0,OK,,,,,
2026-04-29 0:17:41,-40,0,0,0,0,OK,,,,,
2026-04-29 0:18:45,11.1,71,0.3,392,4915.2,OK,,,,,
2026-04-29 0:19:01,-40,0,0,0,0,OK,,,,,
2026-04-29 0:19:17,11.1,71,17.2,392,12.8,OK,,,,,
2026-04-29 0:19:33,-40,0,0,0,0,OK,,,,,
2026-04-29 0:20:05,11,72,0.8,392,0,OK,,,,,
2026-04-29 0:20:21,-40,0,0,0,0,OK,,,,,
2026-04-29 0:20:37,11,72,0.4,392,0,OK,,,,,
2026-04-29 0:21:57,-40,0,0,0,0,OK,,,,,
2026-04-29 0:22:13,11.1,72,0.1,8072,4915.2,OK,,,,,
2026-04-29 0:22:29,-40,0,0,0,0,OK,,,,,
2026-04-29 0:22:45,-40,0,0,0,0,OK,,,,,
2026-04-29 0:23:01,11,72,0,440,12.8,OK,,,,,
2026-04-29 0:23:17,-40,0,0,0,0,OK,,,,,
2026-04-29 0:23:49,-40,0,0,0,0,OK,,,,,
2026-04-29 0:24:05,-40,0,0,0,0,OK,,,,,
2026-04-29 0:24:21,-40,0,0,0,0,OK,,,,,
2026-04-29 0:24:53,-40,0,0,0,0,OK,,,,,
2026-04-29 0:25:25,-40,0,0,0,0,OK,,,,,
2026-04-29 0:26:45,-40,0,0,0,0,OK,,,,,
2026-04-29 0:27:01,-40,0,0,0,0,OK,,,,,
2026-04-29 0:27:49,-40,0,0,0,0,OK,,,,,
2026-04-29 0:28:53,-40,0,0,0,0,OK,,,,,
2026-04-29 0:29:09,-40,0,0,0,0,OK,,,,,
2026-04-29 0:29:25,-40,0,0,0,0,OK,,,,,
2026-04-29 0:29:41,-40,0,0,0,0,OK,,,,,
2026-04-29 0:30:45,11,72,0.1,408,0,OK,,,,,
2026-04-29 0:31:01,-40,0,0,0,0,OK,,,,,
2026-04-29 0:31:17,-40,0,0,0,0,OK,,,,,
2026-04-29 0:31:33,-40,0,0,0,0,OK,,,,,
2026-04-29 0:31:49,-40,0,0,0,0,OK,,,,,
2026-04-29 0:32:37,-40,0,0,0,0,OK,,,,,
2026-04-29 0:32:53,-40,0,0,0,0,OK,,,,,
2026-04-29 0:33:25,-14.5,72,36.8,392,0,OK,,,,,
2026-04-29 0:33:41,-40,0,0,0,0,OK,,,,,
2026-04-29 0:34:29,-40,0,0,0,0,OK,,,,,
2026-04-29 0:35:01,-40,0,0,0,0,OK,,,,,
2026-04-29 0:35:17,-40,0,0,0,0,OK,,,,,
2026-04-29 0:35:49,-40,0,0,0,0,OK,,,,,
2026-04-29 0:36:05,-40,0,0,0,0,OK,,,,,
2026-04-29 0:36:37,11,72,0.4,392,0,OK,,,,,
2026-04-29 0:36:53,-40,0,0,0,0,OK,,,,,
2026-04-29 0:37:25,-40,0,0,0,0,OK,,,,,
2026-04-29 0:37:41,-40,0,0,0,0,OK,,,,,
2026-04-29 0:37:57,11,72,0,392,0,OK,,,,,
2026-04-29 0:38:13,11,73,17.9,392,0,OK,,,,,
2026-04-29 0:38:29,11,121,0,392,0,OK,,,,,
2026-04-29 0:38:45,-40,0,0,0,0,OK,,,,,
2026-04-29 0:39:01,-40,0,0,0,0,OK,,,,,
2026-04-29 0:39:49,-40,0,0,0,0,OK,,,,,
2026-04-29 0:40:05,-40,0,0,0,0,OK,,,,,
2026-04-29 0:40:21,-40,0,0,0,0,OK,,,,,
2026-04-29 0:40:53,-40,0,0,0,0,OK,,,,,
2026-04-29 0:41:09,11,73,0.3,392,0,OK,,,,,
2026-04-29 0:41:25,11,121,0,504,17.6,OK,,,,,
2026-04-29 0:41:41,-40,0,0,0,0,OK,,,,,
2026-04-29 0:42:29,11,73,1.8,392,0,OK,,,,,
2026-04-29 0:43:17,11.1,73,0,392,4915.2,OK,,,,,
2026-04-29 0:43:33,11,75,0.4,392,21.4,OK,,,,,
2026-04-29 0:43:49,-40,0,0,0,0,OK,,,,,
2026-04-29 0:44:05,-40,0,0,0,0,OK,,,,,
2026-04-29 0:44:21,-40,0,0,0,0,OK,,,,,
2026-04-29 0:44:37,-40,0,0,0,0,OK,,,,,
2026-04-29 0:44:53,-40,0,0,0,0,OK,,,,,
2026-04-29 0:45:09,11,201,17.9,392,0,OK,,,,,
2026-04-29 0:47:33,164.6,73,0.8,392,4915.2,OK,,,,,
2026-04-29 0:47:49,11,210,0.4,392,838860.8,OK,,,,,
2026-04-29 0:49:09,164.6,73,36.5,392,0,OK,,,,,
2026-04-29 0:49:25,-40,0,0,0,0,OK,,,,,
2026-04-29 0:49:41,-40,0,0,0,0,OK,,,,,
2026-04-29 0:49:57,11,89,0.7,392,0,OK,,,,,
2026-04-29 0:50:45,-40,0,0,0,0,OK,,,,,
2026-04-29 0:51:49,-40,0,0,0,0,OK,,,,,
2026-04-29 0:52:21,-40,0,0,0,0,OK,,,,,
2026-04-29 0:52:37,-40,0,0,0,0,OK,,,,,
2026-04-29 0:53:09,11,73,0.1,392,0,OK,,,,,
2026-04-29 0:53:25,-40,0,0,0,0,OK,,,,,
2026-04-29 0:53:41,-40,0,0,0,0,OK,,,,,
2026-04-29 0:53:57,11,73,0,504,0,OK,,,,,
2026-04-29 0:54:45,-40,0,0,0,0,OK,,,,,
2026-04-29 0:55:01,-40,0,0,0,0,OK,,,,,
2026-04-29 0:55:17,-40,0,0,0,0,OK,,,,,
2026-04-29 0:56:21,-40,0,0,0,0,OK,,,,,
2026-04-29 0:56:37,11,73,1.3,392,12.8,OK,,,,,
2026-04-29 0:57:09,-40,0,0,0,0,OK,,,,,
2026-04-29 0:57:25,-40,0,0,0,0,OK,,,,,
2026-04-29 0:57:41,164.6,73,0.3,440,0,OK,,,,,
2026-04-29 0:57:57,-40,0,0,0,0,OK,,,,,
2026-04-29 0:58:45,-40,0,0,0,0,OK,,,,,
2026-04-29 0:59:49,-40,0,0,0,0,OK,,,,,
2026-04-29 1:00:05,-40,0,0,0,0,OK,,,,,
2026-04-29 1:00:37,-40,0,0,0,0,OK,,,,,
2026-04-29 1:00:53,-40,0,0,0,0,OK,,,,,
2026-04-29 1:01:09,-40,0,0,0,0,OK,,,,,
2026-04-29 1:01:41,-40,0,0,0,0,OK,,,,,
2026-04-29 1:01:57,-40,0,0,0,0,OK,,,,,
2026-04-29 1:02:29,11,74,0.4,392,0,OK,,,,,
2026-04-29 1:02:45,-40,0,0,0,0,OK,,,,,
2026-04-29 1:03:01,-40,0,0,0,0,OK,,,,,
2026-04-29 1:03:33,-40,0,0,0,0,OK,,,,,
2026-04-29 1:03:49,-40,0,0,0,0,OK,,,,,
2026-04-29 1:04:05,-40,0,0,0,0,OK,,,,,
2026-04-29 1:04:21,-40,0,0,0,0,OK,,,,,
2026-04-29 1:04:37,-40,0,0,0,0,OK,,,,,
2026-04-29 1:04:53,-40,0,0,0,0,OK,,,,,
2026-04-29 1:05:09,11,89,0.1,65535,0,OK,,,,,
2026-04-29 1:05:25,-40,0,0,0,0,OK,,,,,
2026-04-29 1:05:41,-40,0,0,0,0,OK,,,,,
2026-04-29 1:05:57,-40,0,0,0,0,OK,,,,,
2026-04-29 1:06:13,-40,0,0,0,0,OK,,,,,
2026-04-29 1:06:29,-40,0,0,0,0,OK,,,,,
2026-04-29 1:06:45,-40,0,0,0,0,OK,,,,,
2026-04-29 1:07:01,-40,0,0,0,0,OK,,,,,
2026-04-29 1:07:17,-40,0,0,0,0,OK,,,,,
2026-04-29 1:07:33,11,89,1.3,452,0,OK,,,,,
2026-04-29 1:07:49,-40,0,0,0,0,OK,,,,,
2026-04-29 1:08:21,-40,0,0,0,0,OK,,,,,
2026-04-29 1:08:37,-40,0,0,0,0,OK,,,,,
2026-04-29 1:08:53,10.9,74,0.6,392,0,OK,,,,,
2026-04-29 1:10:13,-40,0,0,0,0,OK,,,,,
2026-04-29 1:10:29,-40,0,0,0,0,OK,,,,,
2026-04-29 1:10:45,-40,0,0,0,0,OK,,,,,
2026-04-29 1:11:01,-40,0,0,0,0,OK,,,,,
2026-04-29 1:11:17,-40,0,0,0,0,OK,,,,,
2026-04-29 1:11:33,-40,0,0,0,0,OK,,,,,
2026-04-29 1:11:49,-40,0,0,0,0,OK,,,,,
2026-04-29 1:12:05,-40,0,0,0,0,OK,,,,,
2026-04-29 1:12:21,10.9,74,0,392,0,OK,,,,,
2026-04-29 1:12:37,-40,0,0,0,0,OK,,,,,
2026-04-29 1:12:53,-40,0,0,0,0,OK,,,,,
2026-04-29 1:13:09,-40,0,0,0,0,OK,,,,,
2026-04-29 1:14:13,10.9,78,0.4,392,0,OK,,,,,
2026-04-29 1:14:45,-40,0,0,0,0,OK,,,,,
2026-04-29 1:15:49,-40,0,0,0,0,OK,,,,,
2026-04-29 1:16:05,-40,0,0,0,0,OK,,,,,
2026-04-29 1:16:37,-40,0,0,0,0,OK,,,,,
2026-04-29 1:16:53,-40,0,0,0,0,OK,,,,,
2026-04-29 1:17:41,-40,0,0,0,0,OK,,,,,
2026-04-29 1:17:57,-40,0,0,0,0,OK,,,,,
2026-04-29 1:18:13,-40,0,0,0,0,OK,,,,,
2026-04-29 1:18:45,-40,0,0,0,0,OK,,,,,
2026-04-29 1:19:01,-40,0,0,0,0,OK,,,,,
2026-04-29 1:19:17,10.9,75,35.7,392,0,OK,,,,,
2026-04-29 1:19:49,-40,0,0,0,0,OK,,,,,
2026-04-29 1:20:05,-40,0,0,0,0,OK,,,,,
2026-04-29 1:20:21,-40,0,0,0,0,OK,,,,,
2026-04-29 1:21:09,-40,0,0,0,0,OK,,,,,
2026-04-29 1:21:25,-40,0,0,0,0,OK,,,,,
2026-04-29 1:21:41,-40,0,0,0,0,OK,,,,,
2026-04-29 1:21:57,-40,0,0,0,0,OK,,,,,
2026-04-29 1:22:29,-40,0,0,0,0,OK,,,,,
2026-04-29 1:23:33,-40,0,0,0,0,OK,,,,,
2026-04-29 1:23:49,-40,0,0,0,0,OK,,,,,
2026-04-29 1:24:05,-40,0,0,0,0,OK,,,,,
2026-04-29 1:24:37,10.9,91,0,392,838860.8,OK,,,,,
2026-04-29 1:25:09,10.9,75,0.3,8072,0,OK,,,,,
2026-04-29 1:25:25,-40,0,0,0,0,OK,,,,,
2026-04-29 1:25:57,-40,0,0,0,0,OK,,,,,
2026-04-29 1:27:01,-40,0,0,0,0,OK,,,,,
2026-04-29 1:27:33,10.9,75,0,65476,0,OK,,,,,
2026-04-29 1:28:05,-40,0,0,0,0,OK,,,,,
2026-04-29 1:28:37,-40,0,0,0,0,OK,,,,,
2026-04-29 1:28:53,-40,0,0,0,0,OK,,,,,
2026-04-29 1:29:09,-40,0,0,0,0,OK,,,,,
2026-04-29 1:29:41,10.9,203,26.9,392,0,OK,,,,,
2026-04-29 1:29:57,-40,0,0,0,0,OK,,,,,
2026-04-29 1:30:13,-40,0,0,0,0,OK,,,,,
2026-04-29 1:30:29,-40,0,0,0,0,OK,,,,,
2026-04-29 1:30:45,-40,0,0,0,0,OK,,,,,
2026-04-29 1:31:49,-40,0,0,0,0,OK,,,,,
2026-04-29 1:32:21,-40,0,0,0,0,OK,,,,,
2026-04-29 1:32:37,-40,0,0,0,0,OK,,,,,
2026-04-29 1:33:41,-40,0,0,0,0,OK,,,,,
2026-04-29 1:33:57,-40,0,0,0,0,OK,,,,,
2026-04-29 1:34:29,87.2,252,10.6,575,0,OK,,,,,
2026-04-29 1:35:01,10.8,76,0.7,392,0,OK,,,,,
2026-04-29 1:35:33,-40,0,0,0,0,OK,,,,,
2026-04-29 1:36:21,-40,0,0,0,0,OK,,,,,
2026-04-29 1:36:37,-40,0,0,0,0,OK,,,,,
2026-04-29 1:36:53,11.1,76,0,392,0,OK,,,,,
2026-04-29 1:37:09,-40,0,0,0,0,OK,,,,,
2026-04-29 1:38:13,-40,0,0,0,0,OK,,,,,
2026-04-29 1:38:29,10.8,76,0,392,838860.8,OK,,,,,
2026-04-29 1:39:01,-40,0,0,0,0,OK,,,,,
2026-04-29 1:39:17,-40,0,0,0,0,OK,,,,,
2026-04-29 1:39:33,-40,0,0,0,0,OK,,,,,
2026-04-29 1:39:49,-40,0,0,0,0,OK,,,,,
2026-04-29 1:40:05,10.8,76,0,392,0,OK,,,,,
2026-04-29 1:40:37,-40,0,0,0,0,OK,,,,,
2026-04-29 1:40:53,-40,0,0,0,0,OK,,,,,
2026-04-29 1:41:25,-40,0,0,0,0,OK,,,,,
2026-04-29 1:41:41,-40,0,0,0,0,OK,,,,,
2026-04-29 1:43:01,-40,0,0,0,0,OK,,,,,
2026-04-29 1:43:49,-40,0,0,0,0,OK,,,,,
2026-04-29 1:44:21,-40,0,0,0,0,OK,,,,,
2026-04-29 1:45:25,-40,0,0,0,0,OK,,,,,
2026-04-29 1:47:01,-40,0,0,0,0,OK,,,,,
2026-04-29 1:47:17,10.8,190,13.4,482,3276.8,OK,,,,,
2026-04-29 1:47:33,-40,0,0,0,0,OK,,,,,
2026-04-29 1:47:49,-40,0,0,0,0,OK,,,,,
2026-04-29 1:48:05,-40,0,0,0,0,OK,,,,,
2026-04-29 1:48:21,-40,0,0,0,0,OK,,,,,
2026-04-29 1:48:37,-40,0,0,0,0,OK,,,,,
2026-04-29 1:49:09,-40,0,0,0,0,OK,,,,,
2026-04-29 1:49:41,-40,0,0,0,0,OK,,,,,
2026-04-29 1:49:57,-40,0,0,0,0,OK,,,,,
2026-04-29 1:50:13,-40,0,0,0,0,OK,,,,,
2026-04-29 1:51:01,-40,0,0,0,0,OK,,,,,
2026-04-29 1:51:17,-40,0,0,0,0,OK,,,,,
2026-04-29 1:51:33,10.8,204,0.3,392,0,OK,,,,,
2026-04-29 1:51:49,-40,0,0,0,0,OK,,,,,
2026-04-29 1:52:05,-40,0,0,0,0,OK,,,,,
2026-04-29 1:52:37,-40,0,0,0,0,OK,,,,,
2026-04-29 1:52:53,10.8,76,0.1,904,0,OK,,,,,
2026-04-29 1:53:09,-40,0,0,0,0,OK,,,,,
2026-04-29 1:53:25,-40,0,0,0,0,OK,,,,,
2026-04-29 1:53:41,11.1,127,8.1,49153,0,OK,,,,,
2026-04-29 1:53:57,-40,0,0,0,0,OK,,,,,
2026-04-29 1:54:29,-40,0,0,0,0,OK,,,,,
2026-04-29 1:55:01,10.7,77,0,392,3276.8,OK,,,,,
2026-04-29 1:55:33,-40,0,0,0,0,OK,,,,,
2026-04-29 1:55:49,-40,0,0,0,0,OK,,,,,
2026-04-29 1:56:05,-40,0,0,0,0,OK,,,,,
2026-04-29 1:57:09,-40,0,0,0,0,OK,,,,,
2026-04-29 1:57:25,-40,0,0,0,0,OK,,,,,
2026-04-29 1:57:41,10.6,77,0.1,392,0,OK,,,,,
2026-04-29 1:57:57,10.6,79,1.1,392,0,OK,,,,,
2026-04-29 1:59:01,-40,0,0,0,0,OK,,,,,
2026-04-29 1:59:17,10.6,93,0.7,392,0,OK,,,,,
2026-04-29 1:59:33,10.6,77,0.3,392,0,OK,,,,,
2026-04-29 1:59:49,-40,0,0,0,0,OK,,,,,
2026-04-29 2:00:05,-40,0,0,0,0,OK,,,,,
2026-04-29 2:00:21,-40,0,0,0,0,OK,,,,,
2026-04-29 2:00:53,-40,0,0,0,0,OK,,,,,
2026-04-29 2:01:09,10.6,77,0,16264,4915.2,OK,,,,,
2026-04-29 2:01:25,-40,0,0,0,0,OK,,,,,
2026-04-29 2:01:41,-40,0,0,0,0,OK,,,,,
2026-04-29 2:01:57,10.6,77,0,392,0,OK,,,,,
2026-04-29 2:02:29,-40,0,0,0,0,OK,,,,,
2026-04-29 2:02:45,-15,77,35.8,392,12.8,OK,,,,,
2026-04-29 2:03:01,-15,77,35.8,392,0,OK,,,,,
2026-04-29 2:03:17,-40,0,0,0,0,OK,,,,,
2026-04-29 2:03:33,-40,0,0,0,0,OK,,,,,
2026-04-29 2:04:37,-40,0,0,0,0,OK,,,,,
2026-04-29 2:04:53,10.6,77,0,392,838860.8,OK,,,,,
2026-04-29 2:05:09,-40,0,0,0,0,OK,,,,,
2026-04-29 2:05:25,-40,0,0,0,0,OK,,,,,
2026-04-29 2:05:41,-40,0,0,0,0,OK,,,,,
2026-04-29 2:05:57,-40,0,0,0,0,OK,,,,,
2026-04-29 2:06:29,-40,0,0,0,0,OK,,,,,
2026-04-29 2:07:17,-40,0,0,0,0,OK,,,,,
2026-04-29 2:08:53,-40,0,0,0,0,OK,,,,,
2026-04-29 2:09:25,-40,0,0,0,0,OK,,,,,
2026-04-29 2:09:57,10.5,77,0,392,0,OK,,,,,
2026-04-29 2:10:13,-40,0,0,0,0,OK,,,,,
2026-04-29 2:10:29,-40,0,0,0,0,OK,,,,,
2026-04-29 2:11:01,-40,0,0,0,0,OK,,,,,
2026-04-29 2:11:17,-40,0,0,0,0,OK,,,,,
2026-04-29 2:11:33,-40,0,0,0,0,OK,,,,,
2026-04-29 2:12:21,10.5,125,0,440,0,OK,,,,,
2026-04-29 2:12:53,151.9,211,36.1,392,0,OK,,,,,
2026-04-29 2:13:09,-40,0,0,0,0,OK,,,,,
2026-04-29 2:13:25,10.5,77,0,392,0,OK,,,,,
2026-04-29 2:13:41,-40,0,0,0,0,OK,,,,,
2026-04-29 2:14:29,10.5,77,0,392,0,OK,,,,,
2026-04-29 2:15:01,-40,0,0,0,0,OK,,,,,
2026-04-29 2:15:17,-40,0,0,0,0,OK,,,,,
2026-04-29 2:15:33,-40,0,0,0,0,OK,,,,,
2026-04-29 2:15:49,-40,0,0,0,0,OK,,,,,
2026-04-29 2:16:05,-40,0,0,0,0,OK,,,,,
2026-04-29 2:16:21,-40,0,0,0,0,OK,,,,,
2026-04-29 2:16:37,-40,0,0,0,0,OK,,,,,
2026-04-29 2:16:53,-40,0,0,0,0,OK,,,,,
2026-04-29 2:17:09,-40,0,0,0,0,OK,,,,,
2026-04-29 2:17:25,-40,0,0,0,0,OK,,,,,
2026-04-29 2:17:41,-40,0,0,0,0,OK,,,,,
2026-04-29 2:18:13,-40,0,0,0,0,OK,,,,,
2026-04-29 2:18:29,-40,0,0,0,0,OK,,,,,
2026-04-29 2:18:45,-40,0,0,0,0,OK,,,,,
2026-04-29 2:19:17,-40,0,0,0,0,OK,,,,,
2026-04-29 2:19:33,-40,0,0,0,0,OK,,,,,
2026-04-29 2:21:25,10.6,77,0,392,0,OK,,,,,
2026-04-29 2:21:41,-40,0,0,0,0,OK,,,,,
2026-04-29 2:21:57,-40,0,0,0,0,OK,,,,,
2026-04-29 2:22:13,-40,0,0,0,0,OK,,,,,
2026-04-29 2:22:45,-40,0,0,0,0,OK,,,,,
2026-04-29 2:23:01,-40,0,0,0,0,OK,,,,,
2026-04-29 2:24:05,-40,0,0,0,0,OK,,,,,
2026-04-29 2:25:25,10.6,76,0.1,452,838860.8,OK,,,,,
2026-04-29 2:25:41,-40,0,0,0,0,OK,,,,,
2026-04-29 2:27:01,10.6,166,0.1,392,0,OK,,,,,
2026-04-29 2:27:17,-40,0,0,0,0,OK,,,,,
2026-04-29 2:27:33,-40,0,0,0,0,OK,,,,,
2026-04-29 2:27:49,-40,0,0,0,0,OK,,,,,
2026-04-29 2:28:05,-40,0,0,0,0,OK,,,,,
2026-04-29 2:28:21,-40,0,0,0,0,OK,,,,,
2026-04-29 2:28:37,-40,0,0,0,0,OK,,,,,
2026-04-29 2:28:53,-40,0,0,0,0,OK,,,,,
2026-04-29 2:29:25,-40,0,0,0,0,OK,,,,,
2026-04-29 2:29:57,-40,0,0,0,0,OK,,,,,
2026-04-29 2:30:13,-40,0,0,0,0,OK,,,,,
2026-04-29 2:31:01,-40,0,0,0,0,OK,,,,,
2026-04-29 2:31:17,11.1,166,0,392,0,OK,,,,,
2026-04-29 2:31:33,-40,0,0,0,0,OK,,,,,
2026-04-29 2:31:49,10.6,76,0.1,392,0,OK,,,,,
2026-04-29 2:32:05,-40,0,0,0,0,OK,,,,,
2026-04-29 2:32:37,-40,0,0,0,0,OK,,,,,
2026-04-29 2:32:53,-40,0,0,0,0,OK,,,,,
2026-04-29 2:33:09,-40,0,0,0,0,OK,,,,,
2026-04-29 2:33:25,-40,0,0,0,0,OK,,,,,
2026-04-29 2:33:41,-40,0,0,0,0,OK,,,,,
2026-04-29 2:33:57,-40,0,0,0,0,OK,,,,,
2026-04-29 2:34:13,-40,0,0,0,0,OK,,,,,
2026-04-29 2:34:29,10.5,76,0,392,0,OK,,,,,
2026-04-29 2:34:45,10.5,76,0,392,0,OK,,,,,
2026-04-29 2:35:01,-40,0,0,0,0,OK,,,,,
2026-04-29 2:35:17,-40,0,0,0,0,OK,,,,,
2026-04-29 2:35:33,-40,0,0,0,0,OK,,,,,
2026-04-29 2:35:49,-40,0,0,0,0,OK,,,,,
2026-04-29 2:36:05,-40,0,0,0,0,OK,,,,,
2026-04-29 2:36:37,-40,0,0,0,0,OK,,,,,
2026-04-29 2:36:53,-40,0,0,0,0,OK,,,,,
2026-04-29 2:37:09,-40,0,0,0,0,OK,,,,,
2026-04-29 2:37:25,-40,0,0,0,0,OK,,,,,
2026-04-29 2:37:41,10.5,252,0,504,0,OK,,,,,
2026-04-29 2:38:13,-40,0,0,0,0,OK,,,,,
2026-04-29 2:38:29,-40,0,0,0,0,OK,,,,,
2026-04-29 2:40:21,-40,0,0,0,0,OK,,,,,
2026-04-29 2:40:37,-40,0,0,0,0,OK,,,,,
2026-04-29 2:41:09,-15.1,77,36.3,392,0,OK,,,,,
2026-04-29 2:41:25,-40,0,0,0,0,OK,,,,,
2026-04-29 2:41:41,-40,0,0,0,0,OK,,,,,
2026-04-29 2:41:57,-15.1,77,36.4,3976,0,OK,,,,,
2026-04-29 2:43:33,10.5,77,0.1,392,0,OK,,,,,
2026-04-29 2:43:49,-40,0,0,0,0,OK,,,,,
2026-04-29 2:44:05,-40,0,0,0,0,OK,,,,,
2026-04-29 2:45:09,-40,0,0,0,0,OK,,,,,
2026-04-29 2:46:29,10.4,77,0,392,0,OK,,,,,
2026-04-29 2:46:45,-40,0,0,0,0,OK,,,,,
2026-04-29 2:47:49,-40,0,0,0,0,OK,,,,,
2026-04-29 2:48:05,-40,0,0,0,0,OK,,,,,
2026-04-29 2:48:21,-40,0,0,0,0,OK,,,,,
2026-04-29 2:48:37,-40,0,0,0,0,OK,,,,,
2026-04-29 2:48:53,-40,0,0,0,0,OK,,,,,
2026-04-29 2:49:09,-40,0,0,0,0,OK,,,,,
2026-04-29 2:49:25,-40,0,0,0,0,OK,,,,,
2026-04-29 2:49:41,10.5,77,0,392,0,OK,,,,,
2026-04-29 2:49:57,10.5,77,0,392,0,OK,,,,,
2026-04-29 2:50:45,10.4,77,0,392,0,OK,,,,,
2026-04-29 2:51:01,-40,0,0,0,0,OK,,,,,
2026-04-29 2:51:17,-40,0,0,0,0,OK,,,,,
2026-04-29 2:52:21,10.3,77,0,392,0,OK,,,,,
2026-04-29 2:52:37,-40,0,0,0,0,OK,,,,,
2026-04-29 2:52:53,-40,0,0,0,0,OK,,,,,
2026-04-29 2:53:57,-40,0,0,0,0,OK,,,,,
2026-04-29 2:54:29,-40,0,0,0,0,OK,,,,,
2026-04-29 2:54:45,10.3,78,0,392,0,OK,,,,,
2026-04-29 2:55:01,10.3,78,0,392,0,OK,,,,,
2026-04-29 2:55:17,-40,0,0,0,0,OK,,,,,
2026-04-29 2:55:33,-40,0,0,0,0,OK,,,,,
2026-04-29 2:55:49,-40,0,0,0,0,OK,,,,,
2026-04-29 2:56:21,-40,0,0,0,0,OK,,,,,
2026-04-29 2:56:37,10.3,78,0,392,0,OK,,,,,
2026-04-29 2:56:53,10.2,78,0,392,0,OK,,,,,
2026-04-29 2:57:09,10.3,78,0,392,0,OK,,,,,
2026-04-29 2:57:57,-40,0,0,0,0,OK,,,,,
2026-04-29 2:59:17,10.2,79,0,392,0,OK,,,,,
2026-04-29 2:59:33,-40,0,0,0,0,OK,,,,,
2026-04-29 2:59:49,-40,0,0,0,0,OK,,,,,
2026-04-29 3:00:05,10.2,79,0,392,3276.8,OK,,,,,
2026-04-29 3:01:09,-40,0,0,0,0,OK,,,,,
2026-04-29 3:01:25,163.8,79,35.8,16264,0,OK,,,,,
2026-04-29 3:01:41,-40,0,0,0,0,OK,,,,,
2026-04-29 3:02:13,10.2,79,0,392,0,OK,,,,,
2026-04-29 3:02:29,-40,0,0,0,0,OK,,,,,
2026-04-29 3:02:45,-40,0,0,0,0,OK,,,,,
2026-04-29 3:03:01,-40,0,0,0,0,OK,,,,,
2026-04-29 3:03:17,10.2,79,0.3,392,0,OK,,,,,
2026-04-29 3:03:33,10.2,79,0,392,0,OK,,,,,
2026-04-29 3:04:05,-40,0,0,0,0,OK,,,,,
2026-04-29 3:04:21,10.2,79,0.4,392,0,OK,,,,,
2026-04-29 3:04:37,10.2,79,0.4,392,0,OK,,,,,
2026-04-29 3:04:53,10.2,79,0,392,0,OK,,,,,
2026-04-29 3:05:09,-40,0,0,0,0,OK,,,,,
2026-04-29 3:05:25,-40,0,0,0,0,OK,,,,,
2026-04-29 3:05:41,10.2,79,0,392,3276.8,OK,,,,,
2026-04-29 3:05:57,-40,0,0,0,0,OK,,,,,
2026-04-29 3:06:13,-40,0,0,0,0,OK,,,,,
2026-04-29 3:06:29,10.2,79,0,392,4.8,OK,,,,,
2026-04-29 3:06:45,10.2,79,0,392,0,OK,,,,,
2026-04-29 3:07:01,-40,0,0,0,0,OK,,,,,
2026-04-29 3:07:17,-40,0,0,0,0,OK,,,,,
2026-04-29 3:07:33,-40,0,0,0,0,OK,,,,,
2026-04-29 3:07:49,-40,0,0,0,0,OK,,,,,
2026-04-29 3:08:21,-15.5,80,35.8,408,0,OK,,,,,
2026-04-29 3:08:37,10.1,80,0,392,0,OK,,,,,
2026-04-29 3:09:41,-40,0,0,0,0,OK,,,,,
2026-04-29 3:10:13,-40,0,0,0,0,OK,,,,,
2026-04-29 3:10:45,-40,0,0,0,0,OK,,,,,
2026-04-29 3:11:01,-40,0,0,0,0,OK,,,,,
2026-04-29 3:11:17,-40,0,0,0,0,OK,,,,,
2026-04-29 3:11:33,-40,0,0,0,0,OK,,,,,
2026-04-29 3:12:37,-40,0,0,0,0,OK,,,,,
2026-04-29 3:13:25,10.1,80,0,392,0,OK,,,,,
2026-04-29 3:13:41,10.1,80,0,392,0,OK,,,,,
2026-04-29 3:13:57,10.1,80,0,392,0,OK,,,,,
2026-04-29 3:14:13,10.1,80,0,392,0,OK,,,,,
2026-04-29 3:14:29,-40,0,0,0,0,OK,,,,,
2026-04-29 3:14:45,10.1,80,0,392,0,OK,,,,,
2026-04-29 3:15:01,10.1,80,0,392,0,OK,,,,,
2026-04-29 3:15:17,10.1,80,0,392,0,OK,,,,,
2026-04-29 3:15:33,10.1,80,0,392,0,OK,,,,,
2026-04-29 3:16:21,-40,0,0,0,0,OK,,,,,
2026-04-29 3:16:37,10.1,80,0,392,0,OK,,,,,
2026-04-29 3:17:09,-40,0,0,0,0,OK,,,,,
2026-04-29 3:17:25,10.1,80,0,392,0,OK,,,,,
2026-04-29 3:17:41,-40,0,0,0,0,OK,,,,,
2026-04-29 3:18:13,-40,0,0,0,0,OK,,,,,
2026-04-29 3:18:29,10.1,80,0,392,0,OK,,,,,
2026-04-29 3:18:45,-40,0,0,0,0,OK,,,,,
2026-04-29 3:19:17,10.1,80,0,392,0,OK,,,,,
2026-04-29 3:19:33,10.1,80,0,392,0,OK,,,,,
2026-04-29 3:19:49,10.1,80,0,392,0,OK,,,,,
2026-04-29 3:20:37,10.1,80,0.4,392,0,OK,,,,,
2026-04-29 3:20:53,10.1,80,0,392,0,OK,,,,,
2026-04-29 3:21:57,10.1,80,0,392,0,OK,,,,,
2026-04-29 3:22:13,10.2,80,0,392,0,OK,,,,,
2026-04-29 3:23:33,10.1,80,0,392,0,OK,,,,,
2026-04-29 3:23:49,-40,0,0,0,0,OK,,,,,
2026-04-29 3:24:05,10.1,80,0,392,0,OK,,,,,
2026-04-29 3:24:21,10.1,80,0,392,0,OK,,,,,
2026-04-29 3:24:37,10.1,80,0,392,0,OK,,,,,
2026-04-29 3:24:53,-40,0,0,0,0,OK,,,,,
2026-04-29 3:25:09,10.1,80,0,392,0,OK,,,,,
2026-04-29 3:25:25,10.1,80,0,392,0,OK,,,,,
2026-04-29 3:25:41,10.1,80,0,392,0,OK,,,,,
2026-04-29 3:25:57,10.1,80,0,392,0,OK,,,,,
2026-04-29 3:26:13,10.1,80,0,392,0,OK,,,,,
2026-04-29 3:26:29,10.1,80,0,392,0,OK,,,,,
2026-04-29 3:26:45,10.1,80,0,392,0,OK,,,,,
2026-04-29 3:27:01,10.1,80,0,392,0,OK,,,,,
2026-04-29 3:27:17,10.1,80,1,392,0,OK,,,,,
2026-04-29 3:27:33,10.2,80,0,392,0,OK,,,,,
2026-04-29 3:27:49,10.2,80,0,392,0,OK,,,,,
2026-04-29 3:28:05,10.2,80,0,392,0,OK,,,,,
2026-04-29 3:28:21,10.2,80,0,392,0,OK,,,,,
2026-04-29 3:29:09,10.9,168,0,511,0,OK,,,,,
2026-04-29 3:29:25,-40,0,0,0,0,OK,,,,,
2026-04-29 3:29:41,10.1,80,0,392,0,OK,,,,,
2026-04-29 3:30:29,10.1,80,0,392,0,OK,,,,,
2026-04-29 3:30:45,-40,0,0,0,0,OK,,,,,
2026-04-29 3:31:01,-40,0,0,0,0,OK,,,,,
2026-04-29 3:31:17,-40,0,0,0,0,OK,,,,,
2026-04-29 3:31:33,10.1,80,0,392,0,OK,,,,,
2026-04-29 3:32:53,10,80,0,392,0,OK,,,,,
2026-04-29 3:33:57,-40,0,0,0,0,OK,,,,,
2026-04-29 3:35:33,10.1,80,0,392,0,OK,,,,,
2026-04-29 3:35:49,10.1,80,0,392,0,OK,,,,,
2026-04-29 3:36:05,10.1,80,0,392,0,OK,,,,,
2026-04-29 3:36:53,10.1,80,0,392,0,OK,,,,,
2026-04-29 3:37:09,10.1,80,0,392,0,OK,,,,,
2026-04-29 3:37:25,10.1,80,0,392,0,OK,,,,,
2026-04-29 3:37:41,10.1,80,0,392,0,OK,,,,,
2026-04-29 3:38:13,-40,0,0,0,0,OK,,,,,
2026-04-29 3:38:29,10.1,80,0,392,0,OK,,,,,
2026-04-29 3:38:45,10.1,80,0.1,392,0,OK,,,,,
2026-04-29 3:39:01,-40,0,0,0,0,OK,,,,,
2026-04-29 3:39:33,10.1,80,0,392,0,OK,,,,,
2026-04-29 3:39:49,10.1,80,0,392,0,OK,,,,,
2026-04-29 3:40:05,10.1,80,0,392,0,OK,,,,,
2026-04-29 3:40:37,10.1,80,0,392,0,OK,,,,,
2026-04-29 3:40:53,10.1,80,0,392,0,OK,,,,,
2026-04-29 3:41:09,10.1,80,0,392,0,OK,,,,,
2026-04-29 3:41:25,11.1,80,0,392,0,OK,,,,,
2026-04-29 3:42:13,-40,0,0,0,0,OK,,,,,
2026-04-29 3:42:29,-40,0,0,0,0,OK,,,,,
2026-04-29 3:42:45,-40,0,0,0,0,OK,,,,,
2026-04-29 3:43:01,10.1,80,0,392,0,OK,,,,,
2026-04-29 3:43:17,-40,0,0,0,0,OK,,,,,
2026-04-29 3:43:33,10.1,80,0,392,0,OK,,,,,
2026-04-29 3:43:49,-40,0,0,0,0,OK,,,,,
2026-04-29 3:44:05,-40,0,0,0,0,OK,,,,,
2026-04-29 3:44:21,-40,0,0,0,0,OK,,,,,
2026-04-29 3:44:37,10.1,80,0,392,0,OK,,,,,
2026-04-29 3:44:53,10.1,80,0,392,0,OK,,,,,
2026-04-29 3:45:09,10,80,0.3,392,0,OK,,,,,
2026-04-29 3:45:25,-40,0,0,0,0,OK,,,,,
2026-04-29 3:45:57,-40,0,0,0,0,OK,,,,,
2026-04-29 3:46:13,-40,0,0,0,0,OK,,,,,
2026-04-29 3:47:17,10,80,0,392,0,OK,,,,,
2026-04-29 3:47:33,10,80,0,392,0,OK,,,,,
2026-04-29 3:47:49,-40,0,0,0,0,OK,,,,,
2026-04-29 3:48:05,-40,0,0,0,0,OK,,,,,
2026-04-29 3:48:21,10.1,80,0.8,392,0,OK,,,,,
2026-04-29 3:48:53,10.1,80,0,392,0,OK,,,,,
2026-04-29 3:49:09,-40,0,0,0,0,OK,,,,,
2026-04-29 3:49:25,10.1,80,0,392,0,OK,,,,,
2026-04-29 3:49:41,10.1,80,0,392,0,OK,,,,,
2026-04-29 3:49:57,10.1,80,0,392,0,OK,,,,,
2026-04-29 3:50:13,10.1,80,0,392,0,OK,,,,,
2026-04-29 3:50:29,10.1,80,0.8,392,0,OK,,,,,
2026-04-29 3:50:45,-40,0,0,0,0,OK,,,,,
2026-04-29 3:51:01,10.1,80,0,392,0,OK,,,,,
2026-04-29 3:51:33,10.1,80,0.4,392,0,OK,,,,,
2026-04-29 3:51:49,10.1,80,0.3,392,0,OK,,,,,
2026-04-29 3:52:05,10.2,80,0.3,392,0,OK,,,,,
2026-04-29 3:52:21,10.2,80,0,392,0,OK,,,,,
2026-04-29 3:52:37,10.2,80,0.6,392,0,OK,,,,,
2026-04-29 3:52:53,10.2,80,0,392,0,OK,,,,,
2026-04-29 3:53:09,10.2,80,0,392,0,OK,,,,,
2026-04-29 3:53:41,-40,0,0,0,0,OK,,,,,
2026-04-29 3:53:57,10.1,80,0.3,392,0,OK,,,,,
2026-04-29 3:54:13,-40,0,0,0,0,OK,,,,,
2026-04-29 3:55:17,10.1,80,0,392,0,OK,,,,,
2026-04-29 3:55:33,-40,0,0,0,0,OK,,,,,
2026-04-29 3:55:49,10.1,80,0,392,0,OK,,,,,
2026-04-29 3:56:05,10.1,80,0,392,0,OK,,,,,
2026-04-29 3:56:21,-40,0,0,0,0,OK,,,,,
2026-04-29 3:56:37,-40,0,0,0,0,OK,,,,,
2026-04-29 3:56:53,-40,0,0,0,0,OK,,,,,
2026-04-29 3:57:09,10.1,80,0.3,392,0,OK,,,,,
2026-04-29 3:57:25,10.1,80,0.1,392,0,OK,,,,,
2026-04-29 3:57:41,10.1,81,0,392,0,OK,,,,,
2026-04-29 3:58:45,10.1,81,0,392,0,OK,,,,,
2026-04-29 3:59:01,10.1,81,0,392,0,OK,,,,,
2026-04-29 3:59:17,10.1,81,0,392,0,OK,,,,,
2026-04-29 3:59:33,10.1,81,0.1,392,0,OK,,,,,
2026-04-29 4:00:05,-40,0,0,0,0,OK,,,,,
2026-04-29 4:00:21,-40,0,0,0,0,OK,,,,,
2026-04-29 4:00:53,10.1,81,0.4,392,0,OK,,,,,
2026-04-29 4:01:09,-40,0,0,0,0,OK,,,,,
2026-04-29 4:01:25,-40,0,0,0,0,OK,,,,,
2026-04-29 4:01:41,10.2,81,0.4,392,0,OK,,,,,
2026-04-29 4:01:57,10.2,81,0,392,0,OK,,,,,
2026-04-29 4:02:13,10.2,81,0,392,0,OK,,,,,
2026-04-29 4:02:29,-40,0,0,0,0,OK,,,,,
2026-04-29 4:02:45,10.1,81,0,392,0,OK,,,,,
2026-04-29 4:03:01,-40,0,0,0,0,OK,,,,,
2026-04-29 4:03:17,10.1,81,0,392,0,OK,,,,,
2026-04-29 4:03:33,10.1,81,0.1,392,0,OK,,,,,
2026-04-29 4:03:49,10.1,81,0.3,392,0,OK,,,,,
2026-04-29 4:04:05,10.1,81,0,392,0,OK,,,,,
2026-04-29 4:04:21,10.1,82,0,392,0,OK,,,,,
2026-04-29 4:04:37,10.1,82,0,392,0,OK,,,,,
2026-04-29 4:04:53,-40,0,0,0,0,OK,,,,,
2026-04-29 4:05:09,10.1,82,0,392,0,OK,,,,,
2026-04-29 4:05:25,10.1,82,0,392,0,OK,,,,,
2026-04-29 4:05:41,10.1,82,0,392,0,OK,,,,,
2026-04-29 4:05:57,10.1,82,0.1,392,0,OK,,,,,
2026-04-29 4:06:13,10.1,82,0.1,392,0,OK,,,,,
2026-04-29 4:06:29,10.1,82,0,392,0,OK,,,,,
2026-04-29 4:07:01,10.1,82,0,392,0,OK,,,,,
2026-04-29 4:07:33,10.1,82,0.6,392,0,OK,,,,,
2026-04-29 4:07:49,10.1,82,0,392,0,OK,,,,,
2026-04-29 4:08:05,10.1,82,0,392,0,OK,,,,,
2026-04-29 4:08:21,10.1,82,0,392,0,OK,,,,,
2026-04-29 4:08:37,10.1,82,0.1,392,0,OK,,,,,
2026-04-29 4:08:53,-40,0,0,0,0,OK,,,,,
2026-04-29 4:09:09,10.1,82,0,392,0,OK,,,,,
2026-04-29 4:09:25,-40,0,0,0,0,OK,,,,,
2026-04-29 4:09:41,10.1,82,0.6,392,0,OK,,,,,
2026-04-29 4:09:57,10.1,82,1.5,392,0,OK,,,,,
2026-04-29 4:10:13,10.2,82,1,392,0,OK,,,,,
2026-04-29 4:10:29,10.2,82,0,392,0,OK,,,,,
2026-04-29 4:11:17,10.1,82,0,392,0,OK,,,,,
2026-04-29 4:11:33,10.1,82,0,392,0,OK,,,,,
2026-04-29 4:11:49,10.9,82,0,452,0,OK,,,,,
2026-04-29 4:12:05,10.1,82,0,392,0,OK,,,,,
2026-04-29 4:12:21,10.1,82,0,392,0,OK,,,,,
2026-04-29 4:12:37,10.1,82,0,392,0,OK,,,,,
2026-04-29 4:12:53,10.1,82,0,392,0,OK,,,,,
2026-04-29 4:13:25,10.1,82,0,392,0,OK,,,,,
2026-04-29 4:13:41,10,82,0,392,0,OK,,,,,
2026-04-29 4:13:57,-40,0,0,0,0,OK,,,,,
2026-04-29 4:14:13,10,82,0,392,0,OK,,,,,
2026-04-29 4:14:29,-40,0,0,0,0,OK,,,,,
2026-04-29 4:15:01,-40,0,0,0,0,OK,,,,,
2026-04-29 4:15:17,10.1,94,0.1,392,4.8,OK,,,,,
2026-04-29 4:15:33,-40,0,0,0,0,OK,,,,,
2026-04-29 4:15:49,10.1,82,0,392,0,OK,,,,,
2026-04-29 4:16:05,-40,0,0,0,0,OK,,,,,
2026-04-29 4:16:21,10.1,82,0,392,0,OK,,,,,
2026-04-29 4:16:37,10.1,82,0,392,0,OK,,,,,
2026-04-29 4:16:53,10.8,169,0,392,0,OK,,,,,
2026-04-29 4:17:09,10,82,0,392,0,OK,,,,,
2026-04-29 4:17:25,10,82,0,392,0,OK,,,,,
2026-04-29 4:17:57,-40,0,0,0,0,OK,,,,,
2026-04-29 4:18:13,10,82,0,392,0,OK,,,,,
2026-04-29 4:19:17,10,82,0,392,0,OK,,,,,
2026-04-29 4:19:33,10,82,0,392,0,OK,,,,,
2026-04-29 4:19:49,10,82,0,392,0,OK,,,,,
2026-04-29 4:20:05,10,82,0,392,0,OK,,,,,
2026-04-29 4:20:37,10,82,0,392,0,OK,,,,,
2026-04-29 4:20:53,10,82,0,392,0,OK,,,,,
2026-04-29 4:21:09,10,82,0,392,0,OK,,,,,
2026-04-29 4:21:25,10,82,0,392,0,OK,,,,,
2026-04-29 4:21:41,10,82,0,392,0,OK,,,,,
2026-04-29 4:21:57,-40,0,0,0,0,OK,,,,,
2026-04-29 4:22:13,10,82,0,392,0,OK,,,,,
2026-04-29 4:22:29,10,82,0,392,0,OK,,,,,
2026-04-29 4:22:45,10,82,0.1,392,0,OK,,,,,
2026-04-29 4:23:01,10,82,0,392,0,OK,,,,,
2026-04-29 4:23:17,10,82,0,392,0,OK,,,,,
2026-04-29 4:23:33,10,82,0,392,0,OK,,,,,
2026-04-29 4:23:49,-40,0,0,0,0,OK,,,,,
2026-04-29 4:24:05,10,82,0,392,0,OK,,,,,
2026-04-29 4:24:21,9.9,82,0,392,0,OK,,,,,
2026-04-29 4:24:37,9.9,82,0,392,0,OK,,,,,
2026-04-29 4:24:53,9.9,82,0,392,0,OK,,,,,
2026-04-29 4:25:09,9.9,82,0,392,0,OK,,,,,
2026-04-29 4:25:25,9.9,82,0,392,0,OK,,,,,
2026-04-29 4:25:41,9.9,82,0,392,0,OK,,,,,
2026-04-29 4:25:57,-40,0,0,0,0,OK,,,,,
2026-04-29 4:26:13,9.9,82,0,392,0,OK,,,,,
2026-04-29 4:26:29,9.9,82,0,392,0,OK,,,,,
2026-04-29 4:26:45,9.9,82,0,392,0,OK,,,,,
2026-04-29 4:27:49,9.9,83,1.1,392,0,OK,,,,,
2026-04-29 4:28:05,9.9,83,0.1,392,0,OK,,,,,
2026-04-29 4:28:21,-40,0,0,0,0,OK,,,,,
2026-04-29 4:28:53,10,82,0,392,0,OK,,,,,
2026-04-29 4:29:09,10,82,0,392,0,OK,,,,,
2026-04-29 4:29:41,10,82,0,392,0,OK,,,,,
2026-04-29 4:29:57,10,82,0,392,0,OK,,,,,
2026-04-29 4:30:13,9.9,82,0,392,0,OK,,,,,
2026-04-29 4:30:29,9.9,82,0,392,0,OK,,,,,
2026-04-29 4:30:45,-40,0,0,0,0,OK,,,,,
2026-04-29 4:31:01,9.9,82,0,392,0,OK,,,,,
2026-04-29 4:31:17,-40,0,0,0,0,OK,,,,,
2026-04-29 4:31:33,9.9,82,0,392,0,OK,,,,,
2026-04-29 4:31:49,9.9,82,0,392,0,OK,,,,,
2026-04-29 4:32:05,9.9,82,0,392,0,OK,,,,,
2026-04-29 4:32:21,9.9,82,0,392,0,OK,,,,,
2026-04-29 4:32:37,9.9,83,0,392,0,OK,,,,,
2026-04-29 4:32:53,9.9,82,0,392,0,OK,,,,,
2026-04-29 4:33:09,-40,0,0,0,0,OK,,,,,
2026-04-29 4:33:25,-40,0,0,0,0,OK,,,,,
2026-04-29 4:33:41,10,82,0.1,392,0,OK,,,,,
2026-04-29 4:33:57,10,82,0.3,392,3276.8,OK,,,,,
2026-04-29 4:34:13,10,82,0.1,392,0,OK,,,,,
2026-04-29 4:34:29,10,82,0,392,0,OK,,,,,
2026-04-29 4:34:45,10,82,0,392,0,OK,,,,,
2026-04-29 4:35:01,10,82,0,392,0,OK,,,,,
2026-04-29 4:35:17,10,82,0,392,0,OK,,,,,
2026-04-29 4:35:33,10,82,0,392,0,OK,,,,,
2026-04-29 4:35:49,10,82,0,392,0,OK,,,,,
2026-04-29 4:36:05,10,82,0,392,0,OK,,,,,
2026-04-29 4:36:21,-40,0,0,0,0,OK,,,,,
2026-04-29 4:36:37,-40,0,0,0,0,OK,,,,,
2026-04-29 4:36:53,-40,0,0,0,0,OK,,,,,
2026-04-29 4:37:41,10,82,0,392,0,OK,,,,,
2026-04-29 4:37:57,9.9,82,0,392,0,OK,,,,,
2026-04-29 4:38:13,9.9,83,0,392,0,OK,,,,,
2026-04-29 4:38:29,-40,0,0,0,0,OK,,,,,
2026-04-29 4:38:45,10,83,0,392,0,OK,,,,,
2026-04-29 4:39:01,10,83,0,392,0,OK,,,,,
2026-04-29 4:39:17,10,83,0,392,0,OK,,,,,
2026-04-29 4:39:49,10,82,0,392,0,OK,,,,,
2026-04-29 4:40:05,9.9,83,0,392,0,OK,,,,,
2026-04-29 4:40:21,9.9,83,0,392,0,OK,,,,,
2026-04-29 4:40:37,9.9,83,0,392,0,OK,,,,,
2026-04-29 4:41:09,9.9,83,0,392,0,OK,,,,,
2026-04-29 4:41:25,9.9,83,0,392,0,OK,,,,,
2026-04-29 4:41:41,9.9,83,0,392,0,OK,,,,,
2026-04-29 4:41:57,9.9,83,0,392,0,OK,,,,,
2026-04-29 4:42:13,9.9,83,0,392,0,OK,,,,,
2026-04-29 4:42:29,9.9,83,0,392,0,OK,,,,,
2026-04-29 4:42:45,9.8,83,0,392,0,OK,,,,,
2026-04-29 4:43:01,9.8,83,0,392,0,OK,,,,,
2026-04-29 4:43:17,9.8,83,0,392,0,OK,,,,,
2026-04-29 4:43:33,9.8,83,0,392,0,OK,,,,,
2026-04-29 4:43:49,9.8,83,0,392,0,OK,,,,,
2026-04-29 4:44:05,9.8,83,0,392,0,OK,,,,,
2026-04-29 4:44:21,9.8,83,0,392,0,OK,,,,,
2026-04-29 4:44:37,9.8,83,0,392,0,OK,,,,,
2026-04-29 4:44:53,9.8,83,0,392,0,OK,,,,,
2026-04-29 4:45:09,9.8,83,0,392,0,OK,,,,,
2026-04-29 4:45:25,9.8,83,0,392,0,OK,,,,,
2026-04-29 4:45:41,9.8,83,0,392,0,OK,,,,,
2026-04-29 4:45:57,9.8,83,0,392,0,OK,,,,,
2026-04-29 4:46:13,-40,0,0,0,0,OK,,,,,
2026-04-29 4:46:29,9.9,83,0,392,0,OK,,,,,
2026-04-29 4:46:45,9.9,83,0.1,392,0,OK,,,,,
2026-04-29 4:47:01,9.9,83,0.4,392,0,OK,,,,,
2026-04-29 4:47:17,9.9,83,0,392,0,OK,,,,,
2026-04-29 4:47:33,9.9,83,0.3,392,0,OK,,,,,
2026-04-29 4:47:49,9.9,83,0.3,392,0,OK,,,,,
2026-04-29 4:48:05,9.9,83,0,392,0,OK,,,,,
2026-04-29 4:48:21,9.9,83,0,392,0,OK,,,,,
2026-04-29 4:48:37,9.9,83,0,392,0,OK,,,,,
2026-04-29 4:48:53,9.9,83,0,392,0,OK,,,,,
2026-04-29 4:49:09,9.9,83,0,392,0,OK,,,,,
2026-04-29 4:49:25,9.9,83,0,392,0,OK,,,,,
2026-04-29 4:49:41,9.9,83,0,392,0,OK,,,,,
2026-04-29 4:51:01,-40,0,0,0,0,OK,,,,,
2026-04-29 4:51:33,9.9,83,0,392,0,OK,,,,,
2026-04-29 4:51:49,9.9,83,0,392,0,OK,,,,,
2026-04-29 4:52:05,9.9,83,0,392,0,OK,,,,,
2026-04-29 4:52:21,9.9,83,0,392,0,OK,,,,,
2026-04-29 4:52:37,9.9,83,0,392,0,OK,,,,,
2026-04-29 4:52:53,9.9,83,0,392,0,OK,,,,,
2026-04-29 4:53:09,9.9,83,0,392,0,OK,,,,,
2026-04-29 4:53:25,9.9,83,0,392,0,OK,,,,,
2026-04-29 4:53:41,-40,0,0,0,0,OK,,,,,
2026-04-29 4:53:57,9.8,84,0,392,0,OK,,,,,
2026-04-29 4:54:13,9.8,84,0,392,9.6,OK,,,,,
2026-04-29 4:54:29,9.8,84,0,392,0,OK,,,,,
2026-04-29 4:54:45,-40,0,0,0,0,OK,,,,,
2026-04-29 4:55:01,9.8,84,0,392,0,OK,,,,,
2026-04-29 4:55:17,9.8,84,0,392,0,OK,,,,,
2026-04-29 4:55:33,9.8,84,0,392,0,OK,,,,,
2026-04-29 4:55:49,9.8,84,0,392,0,OK,,,,,
2026-04-29 4:56:05,9.8,84,0,392,0,OK,,,,,
2026-04-29 4:56:21,9.8,84,0,392,0,OK,,,,,
2026-04-29 4:56:37,9.8,84,0,392,0,OK,,,,,
2026-04-29 4:56:53,9.8,84,0,392,0,OK,,,,,
2026-04-29 4:57:09,9.7,84,0,392,0,OK,,,,,
2026-04-29 4:57:25,9.7,84,0,392,0,OK,,,,,
2026-04-29 4:57:41,-40,0,0,0,0,OK,,,,,
2026-04-29 4:57:57,9.7,84,0,392,0,OK,,,,,
2026-04-29 4:58:13,11.1,84,0,1928,0,OK,,,,,
2026-04-29 4:58:29,9.7,84,0,392,0,OK,,,,,
2026-04-29 4:58:45,9.7,84,0,392,0,OK,,,,,
2026-04-29 4:59:01,-40,0,0,0,0,OK,,,,,
2026-04-29 4:59:17,9.7,85,0,392,0,OK,,,,,
2026-04-29 4:59:33,9.8,85,0,392,0,OK,,,,,
2026-04-29 4:59:49,9.8,84,0,392,0,OK,,,,,
2026-04-29 5:00:05,9.8,84,0,392,0,OK,,,,,
2026-04-29 5:00:21,9.8,84,0,392,0,OK,,,,,
2026-04-29 5:00:37,9.8,84,0,392,0,OK,,,,,
2026-04-29 5:00:53,9.8,84,0,392,0,OK,,,,,
2026-04-29 5:01:09,9.8,84,0,392,0,OK,,,,,
2026-04-29 5:01:25,9.8,84,0,392,0,OK,,,,,
2026-04-29 5:01:41,9.8,84,0,392,0,OK,,,,,
2026-04-29 5:02:13,9.8,84,0,392,0,OK,,,,,
2026-04-29 5:02:29,9.8,84,0,392,0,OK,,,,,
2026-04-29 5:02:45,9.7,84,0,392,0,OK,,,,,
2026-04-29 5:03:01,9.7,84,0,392,0,OK,,,,,
2026-04-29 5:03:17,9.7,84,0,392,0,OK,,,,,
2026-04-29 5:03:33,9.8,84,0,392,0,OK,,,,,
2026-04-29 5:03:49,9.7,84,0,392,0,OK,,,,,
2026-04-29 5:04:05,9.7,84,0,392,0,OK,,,,,
2026-04-29 5:04:21,9.7,84,0,392,0,OK,,,,,
2026-04-29 5:04:37,9.7,84,0,392,0,OK,,,,,
2026-04-29 5:04:53,9.7,85,0,392,0,OK,,,,,
2026-04-29 5:05:09,-40,0,0,0,0,OK,,,,,
2026-04-29 5:05:25,9.8,84,0,392,0,OK,,,,,
2026-04-29 5:05:41,9.7,84,0,392,0,OK,,,,,
2026-04-29 5:05:57,9.7,84,0,392,0,OK,,,,,
2026-04-29 5:06:13,-40,0,0,0,0,OK,,,,,
2026-04-29 5:06:45,9.7,84,0,392,0,OK,,,,,
2026-04-29 5:07:01,9.7,85,0,392,0,OK,,,,,
2026-04-29 5:07:17,9.7,85,0,392,0,OK,,,,,
2026-04-29 5:07:33,9.7,85,0,392,0,OK,,,,,
2026-04-29 5:07:49,-40,0,0,0,0,OK,,,,,
2026-04-29 5:08:05,-40,0,0,0,0,OK,,,,,
2026-04-29 5:08:21,9.7,85,0,392,0,OK,,,,,
2026-04-29 5:08:37,9.7,85,0,392,0,OK,,,,,
2026-04-29 5:08:53,9.8,84,0,392,0,OK,,,,,
2026-04-29 5:09:09,9.7,84,0,392,0,OK,,,,,
2026-04-29 5:09:25,9.8,84,0,392,0,OK,,,,,
2026-04-29 5:09:41,9.7,84,0,392,0,OK,,,,,
2026-04-29 5:09:57,-40,0,0,0,0,OK,,,,,
2026-04-29 5:10:13,-40,0,0,0,0,OK,,,,,
2026-04-29 5:10:29,9.7,84,0,392,0,OK,,,,,
2026-04-29 5:11:01,9.7,84,0,392,0,OK,,,,,
2026-04-29 5:11:17,9.7,85,0,392,0,OK,,,,,
2026-04-29 5:11:33,9.7,85,0,392,0,OK,,,,,
2026-04-29 5:11:49,9.7,85,0,392,0,OK,,,,,
2026-04-29 5:12:05,9.7,84,0,392,12.8,OK,,,,,
2026-04-29 5:12:21,-40,0,0,0,0,OK,,,,,
2026-04-29 5:12:37,9.7,84,0,392,0,OK,,,,,
2026-04-29 5:12:53,9.7,84,0,392,0,OK,,,,,
2026-04-29 5:13:09,9.7,84,0,392,0,OK,,,,,
2026-04-29 5:13:25,9.7,85,0,392,0,OK,,,,,
2026-04-29 5:13:41,9.7,85,0,392,0,OK,,,,,
2026-04-29 5:13:57,-40,0,0,0,0,OK,,,,,
2026-04-29 5:14:13,9.8,85,0.3,392,0,OK,,,,,
2026-04-29 5:14:29,9.8,85,0,392,0,OK,,,,,
2026-04-29 5:14:45,9.8,84,0,392,0,OK,,,,,
2026-04-29 5:15:01,9.8,84,0,392,0,OK,,,,,
2026-04-29 5:15:17,9.8,84,0,392,0,OK,,,,,
2026-04-29 5:15:33,9.8,84,0,392,0,OK,,,,,
2026-04-29 5:15:49,9.8,84,0,392,0,OK,,,,,
2026-04-29 5:16:21,-40,0,0,0,0,OK,,,,,
2026-04-29 5:16:37,9.8,84,0,392,0,OK,,,,,
2026-04-29 5:16:53,9.8,84,0,392,0,OK,,,,,
2026-04-29 5:17:09,9.8,84,0,392,0,OK,,,,,
2026-04-29 5:17:25,9.8,84,0,392,0,OK,,,,,
2026-04-29 5:17:41,9.8,84,0.1,392,0,OK,,,,,
2026-04-29 5:17:57,9.8,84,0,392,0,OK,,,,,
2026-04-29 5:18:13,9.9,84,0,392,0,OK,,,,,
2026-04-29 5:18:29,9.8,84,0,392,0,OK,,,,,
2026-04-29 5:19:01,9.9,84,0,392,0,OK,,,,,
2026-04-29 5:19:17,9.9,84,0,392,0,OK,,,,,
2026-04-29 5:19:33,9.9,84,0.6,392,0,OK,,,,,
2026-04-29 5:19:49,9.9,84,0,392,0,OK,,,,,
2026-04-29 5:20:05,-40,0,0,0,0,OK,,,,,
2026-04-29 5:20:21,9.9,84,0,392,0,OK,,,,,
2026-04-29 5:20:37,9.9,84,0,392,0,OK,,,,,
2026-04-29 5:20:53,9.9,84,0,392,0,OK,,,,,
2026-04-29 5:21:09,9.9,84,0,392,0,OK,,,,,
2026-04-29 5:21:25,9.9,84,0,392,0,OK,,,,,
2026-04-29 5:21:41,9.9,84,0,392,0,OK,,,,,
2026-04-29 5:21:57,9.9,84,0,392,0,OK,,,,,
2026-04-29 5:22:13,-40,0,0,0,0,OK,,,,,
2026-04-29 5:22:29,9.8,84,0,392,0,OK,,,,,
2026-04-29 5:22:45,9.8,84,0,392,0,OK,,,,,
2026-04-29 5:23:01,9.8,84,0,392,0,OK,,,,,
2026-04-29 5:23:17,9.8,84,0,392,0,OK,,,,,
2026-04-29 5:23:33,-40,0,0,0,0,OK,,,,,
2026-04-29 5:23:49,9.8,84,0,904,0,OK,,,,,
2026-04-29 5:24:05,9.8,84,0,392,0,OK,,,,,
2026-04-29 5:24:21,9.8,84,0,392,0,OK,,,,,
2026-04-29 5:24:37,9.8,84,0,392,0,OK,,,,,
2026-04-29 5:24:53,-40,0,0,0,0,OK,,,,,
2026-04-29 5:25:25,9.8,84,0,392,0,OK,,,,,
2026-04-29 5:25:41,9.8,84,0,392,0,OK,,,,,
2026-04-29 5:26:13,9.8,244,0,392,9.6,OK,,,,,
2026-04-29 5:26:29,9.8,84,0,392,0,OK,,,,,
2026-04-29 5:26:45,9.8,84,0,392,0,OK,,,,,
2026-04-29 5:27:01,9.8,84,0,392,0,OK,,,,,
2026-04-29 5:27:17,-40,0,0,0,0,OK,,,,,
2026-04-29 5:27:33,9.8,84,0,392,0,OK,,,,,
2026-04-29 5:27:49,9.8,84,0,392,0,OK,,,,,
2026-04-29 5:28:05,9.8,84,0,392,0,OK,,,,,
2026-04-29 5:28:21,9.7,84,0,392,0,OK,,,,,
2026-04-29 5:28:37,9.7,84,0,392,0,OK,,,,,
2026-04-29 5:28:53,-40,0,0,0,0,OK,,,,,
2026-04-29 5:29:09,9.7,84,0,392,0,OK,,,,,
2026-04-29 5:29:25,9.7,84,0,392,0,OK,,,,,
2026-04-29 5:29:41,9.7,84,0,392,0,OK,,,,,
2026-04-29 5:29:57,9.7,84,0,392,0,OK,,,,,
2026-04-29 5:30:13,9.7,84,0,392,0,OK,,,,,
2026-04-29 5:30:29,9.7,84,0,392,0,OK,,,,,
2026-04-29 5:30:45,9.7,84,0,392,0,OK,,,,,
2026-04-29 5:31:01,9.7,84,0,392,0,OK,,,,,
2026-04-29 5:31:17,9.7,84,0,392,0,OK,,,,,
2026-04-29 5:31:33,9.6,84,0,392,0,OK,,,,,
2026-04-29 5:31:49,9.6,84,0,392,0,OK,,,,,
2026-04-29 5:32:05,9.6,84,0,392,0,OK,,,,,
2026-04-29 5:32:21,9.7,84,0,392,0,OK,,,,,
2026-04-29 5:32:37,9.6,85,0,392,0,OK,,,,,
2026-04-29 5:32:53,9.7,85,0,392,0,OK,,,,,
2026-04-29 5:33:09,9.7,85,0,392,0,OK,,,,,
2026-04-29 5:33:25,9.6,84,0,392,0,OK,,,,,
2026-04-29 5:33:41,9.6,84,0,392,0,OK,,,,,
2026-04-29 5:33:57,9.7,85,0,392,0,OK,,,,,
2026-04-29 5:34:13,9.7,84,0,392,0,OK,,,,,
2026-04-29 5:34:29,9.6,84,0,392,0,OK,,,,,
2026-04-29 5:34:45,9.6,92,0,452,3276.8,OK,,,,,
2026-04-29 5:35:01,-40,0,0,0,0,OK,,,,,
2026-04-29 5:35:17,9.6,84,0,392,0,OK,,,,,
2026-04-29 5:35:33,9.6,84,0,392,0,OK,,,,,
2026-04-29 5:35:49,9.6,85,0,392,0,OK,,,,,
2026-04-29 5:36:05,9.7,85,0,392,0,OK,,,,,
2026-04-29 5:36:21,9.7,85,0,392,0,OK,,,,,
2026-04-29 5:36:37,9.7,84,0,392,0,OK,,,,,
2026-04-29 5:36:53,9.7,85,0,392,0,OK,,,,,
2026-04-29 5:37:09,9.7,85,0,392,0,OK,,,,,
2026-04-29 5:37:25,9.7,84,0,392,0,OK,,,,,
2026-04-29 5:37:41,9.7,84,0,392,0,OK,,,,,
2026-04-29 5:37:57,9.7,84,0,392,0,OK,,,,,
2026-04-29 5:38:13,9.7,84,0,392,0,OK,,,,,
2026-04-29 5:38:29,9.7,84,0.1,392,0,OK,,,,,
2026-04-29 5:38:45,9.7,84,0,392,0,OK,,,,,
2026-04-29 5:39:01,9.7,84,0,392,0,OK,,,,,
2026-04-29 5:39:17,9.7,84,0,392,0,OK,,,,,
2026-04-29 5:39:33,9.7,84,0,392,0,OK,,,,,
2026-04-29 5:39:49,9.7,84,0,392,0,OK,,,,,
2026-04-29 5:40:05,9.7,84,0,392,0,OK,,,,,
2026-04-29 5:40:21,9.7,84,0,392,0,OK,,,,,
2026-04-29 5:40:37,9.7,84,0,392,0,OK,,,,,
2026-04-29 5:40:53,9.7,84,0,392,0,OK,,,,,
2026-04-29 5:41:09,9.7,84,0,392,0,OK,,,,,
2026-04-29 5:41:25,9.7,84,0,392,0,OK,,,,,
2026-04-29 5:41:41,9.7,84,0,392,0,OK,,,,,
2026-04-29 5:41:57,9.7,84,0,392,0,OK,,,,,
2026-04-29 5:42:13,9.7,84,0,392,0,OK,,,,,
2026-04-29 5:42:29,9.7,84,0,392,0,OK,,,,,
2026-04-29 5:42:45,9.7,84,0,392,0,OK,,,,,
2026-04-29 5:43:17,-40,0,0,0,0,OK,,,,,
2026-04-29 5:43:33,9.7,84,0,392,0,OK,,,,,
2026-04-29 5:43:49,9.7,84,0,392,0,OK,,,,,
2026-04-29 5:44:05,9.7,84,0,392,0,OK,,,,,
2026-04-29 5:44:21,9.7,84,0,392,0,OK,,,,,
2026-04-29 5:44:37,9.7,84,0,392,0,OK,,,,,
2026-04-29 5:44:53,9.7,84,0,392,0,OK,,,,,
2026-04-29 5:45:09,9.7,84,0,392,0,OK,,,,,
2026-04-29 5:45:25,9.7,84,0,392,0,OK,,,,,
2026-04-29 5:45:41,9.7,84,0,392,0,OK,,,,,
2026-04-29 5:45:57,9.7,84,0,392,0,OK,,,,,
2026-04-29 5:46:13,9.7,84,0,392,0,OK,,,,,
2026-04-29 5:46:29,9.7,84,0,392,0,OK,,,,,
2026-04-29 5:46:45,9.7,84,0,392,0,OK,,,,,
2026-04-29 5:47:01,9.7,84,0,392,0,OK,,,,,
2026-04-29 5:47:17,9.7,84,0,392,0,OK,,,,,
2026-04-29 5:47:33,9.7,84,0,392,0,OK,,,,,
2026-04-29 5:47:49,9.7,84,0,392,0,OK,,,,,
2026-04-29 5:48:05,9.7,84,0,392,0,OK,,,,,
2026-04-29 5:48:21,-40,0,0,0,0,OK,,,,,
2026-04-29 5:48:37,9.7,85,0,392,0,OK,,,,,
2026-04-29 5:48:53,9.7,85,0,392,0,OK,,,,,
2026-04-29 5:49:09,9.7,85,0,392,0,OK,,,,,
2026-04-29 5:49:25,-40,0,0,0,0,OK,,,,,
2026-04-29 5:49:41,9.7,84,0,392,0,OK,,,,,
2026-04-29 5:49:57,9.7,84,0,392,0,OK,,,,,
2026-04-29 5:50:13,9.7,84,0,392,0,OK,,,,,
2026-04-29 5:50:29,9.7,85,0,392,13.8,OK,,,,,
2026-04-29 5:50:45,9.7,85,0,392,32.3,OK,,,,,
2026-04-29 5:51:01,9.7,85,0,392,46.2,OK,,,,,
2026-04-29 5:51:17,9.7,85,0,392,64.7,OK,,,,,
2026-04-29 5:51:33,9.7,85,0,392,87.8,OK,,,,,
2026-04-29 5:51:49,9.6,85,0,392,106.3,OK,,,,,
2026-04-29 5:52:05,9.6,85,0,392,124.8,OK,,,,,
2026-04-29 5:52:21,-40,0,0,0,0,OK,,,,,
2026-04-29 5:52:37,-40,0,0,0,0,OK,,,,,
2026-04-29 5:52:53,9.6,85,0,392,180.7,OK,,,,,
2026-04-29 5:53:09,9.5,85,0,392,198.8,OK,,,,,
2026-04-29 5:53:25,9.6,85,0,392,212.7,OK,,,,,
2026-04-29 5:53:41,9.6,95,0,392,60383.9,OK,,,,,
2026-04-29 5:53:57,9.6,85,0,392,254.3,OK,,,,,
2026-04-29 5:54:13,9.6,85,0,392,272.8,OK,,,,,
2026-04-29 5:54:29,9.6,85,0,392,286.7,OK,,,,,
2026-04-29 5:54:45,9.6,85,0,392,309.8,OK,,,,,
2026-04-29 5:55:01,9.6,85,0,392,328.3,OK,,,,,
2026-04-29 5:55:17,9.6,85,0,392,346.8,OK,,,,,
2026-04-29 5:55:33,9.7,85,0,392,370,OK,,,,,
2026-04-29 5:55:49,-40,0,0,0,0,OK,,,,,
2026-04-29 5:56:05,9.7,85,0,392,407,OK,,,,,
2026-04-29 5:56:21,9.7,85,0,392,425.5,OK,,,,,
2026-04-29 5:56:37,-40,0,0,0,0,OK,,,,,
2026-04-29 5:56:53,-40,0,0,0,0,OK,,,,,
2026-04-29 5:57:09,9.7,85,0,392,485.6,OK,,,,,
2026-04-29 5:57:25,-40,0,0,0,0,OK,,,,,
2026-04-29 5:57:41,9.7,85,0,392,527.2,OK,,,,,
2026-04-29 5:57:57,9.7,85,0,392,545.7,OK,,,,,
2026-04-29 5:58:13,9.7,85,0,392,568.8,OK,,,,,
2026-04-29 5:58:29,9.7,85,0,392,592,OK,,,,,
2026-04-29 5:58:45,-40,0,0,0,0,OK,,,,,
2026-04-29 5:59:17,86.5,253,35.8,392,3253.4,OK,,,,,
2026-04-29 5:59:33,-40,0,0,0,0,OK,,,,,
2026-04-29 5:59:49,9.7,85,0,392,632.7,OK,,,,,
2026-04-29 6:00:05,9.7,85,0,408,632753.6,OK,,,,,
2026-04-29 6:00:21,9.7,85,0,392,678.4,OK,,,,,
2026-04-29 6:00:37,9.7,85,0,392,703.4,OK,,,,,
2026-04-29 6:00:53,9.6,85,0,392,728.4,OK,,,,,
2026-04-29 6:01:09,9.7,85,0,408,839614.2,OK,,,,,
2026-04-29 6:01:25,9.7,85,0,392,778.3,OK,,,,,
2026-04-29 6:01:57,9.6,85,0,392,832.5,OK,,,,,
2026-04-29 6:02:13,-40,0,0,0,0,OK,,,,,
2026-04-29 6:02:29,-40,0,0,0,0,OK,,,,,
2026-04-29 6:03:01,-40,0,0,0,0,OK,,,,,
2026-04-29 6:03:17,-40,0,0,0,0,OK,,,,,
2026-04-29 6:03:33,9.6,85,0,392,1007.3,OK,,,,,
2026-04-29 6:03:49,9.6,85,0,392,1036.4,OK,,,,,
2026-04-29 6:04:05,9.6,85,0,392,1065.6,OK,,,,,
2026-04-29 6:04:21,-40,0,0,0,0,OK,,,,,
2026-04-29 6:04:37,9.5,85,0,392,1123.8,OK,,,,,
2026-04-29 6:04:53,-40,0,0,0,0,OK,,,,,
2026-04-29 6:05:09,9.5,85,0,392,1186.3,OK,,,,,
2026-04-29 6:05:25,-40,0,0,0,0,OK,,,,,
2026-04-29 6:05:41,-40,0,0,0,0,OK,,,,,
2026-04-29 6:05:57,-40,0,0,0,0,OK,,,,,
2026-04-29 6:06:13,9.5,85,0,392,1311.1,OK,,,,,
2026-04-29 6:06:45,9.5,85,0,392,1373.6,OK,,,,,
2026-04-29 6:07:01,9.5,85,0,392,1402.7,OK,,,,,
2026-04-29 6:07:17,9.5,85,0,392,1431.9,OK,,,,,
2026-04-29 6:07:33,9.5,86,0,392,1461,OK,,,,,
2026-04-29 6:07:49,-40,0,0,0,0,OK,,,,,
2026-04-29 6:08:05,9.5,86,0,392,1515.1,OK,,,,,
2026-04-29 6:08:21,9.5,86,0,392,1540.1,OK,,,,,
2026-04-29 6:08:37,9.5,86,0,392,1569.2,OK,,,,,
2026-04-29 6:09:09,9.5,86,0,392,1623.3,OK,,,,,
2026-04-29 6:09:25,9.5,86,0,392,1648.3,OK,,,,,
2026-04-29 6:09:41,-40,0,0,0,0,OK,,,,,
2026-04-29 6:09:57,9.5,86,0,392,1706.6,OK,,,,,
2026-04-29 6:10:13,9.5,86,0,392,1735.7,OK,,,,,
2026-04-29 6:10:29,9.5,86,0,392,1769,OK,,,,,
2026-04-29 6:10:45,-40,0,0,0,0,OK,,,,,
2026-04-29 6:11:01,9.5,86,0,392,1631.7,OK,,,,,
2026-04-29 6:11:17,-40,0,0,0,0,OK,,,,,
2026-04-29 6:11:33,9.5,86,0,392,1694.6,OK,,,,,
2026-04-29 6:11:49,9.5,86,0,392,1727.9,OK,,,,,
2026-04-29 6:12:05,9.5,86,0,392,2014.8,OK,,,,,
2026-04-29 6:12:21,9.5,86,0,392,2051.8,OK,,,,,
2026-04-29 6:12:37,9.5,86,0,392,2088.8,OK,,,,,
2026-04-29 6:12:53,9.4,86,0,392,748.7,OK,,,,,
2026-04-29 6:13:09,9.4,86,0,392,2170.2,OK,,,,,
2026-04-29 6:13:25,9.5,86,0,392,2210.9,OK,,,,,
2026-04-29 6:13:41,9.5,86,0,392,2255.3,OK,,,,,
2026-04-29 6:13:57,9.5,86,0,392,2296,OK,,,,,
2026-04-29 6:14:13,9.6,86,0,392,2340.4,OK,,,,,
2026-04-29 6:15:17,9.7,86,0,504,2510.6,OK,,,,,
2026-04-29 6:15:33,-40,0,0,0,0,OK,,,,,
2026-04-29 6:15:49,9.7,86,0,392,2595.7,OK,,,,,
2026-04-29 6:16:05,-40,0,0,0,0,OK,,,,,
2026-04-29 6:16:21,9.7,85,0,392,2677.1,OK,,,,,
2026-04-29 6:16:37,9.8,85,0,392,2718.4,OK,,,,,
2026-04-29 6:16:53,9.8,85,0,392,2751.1,OK,,,,,
2026-04-29 6:17:09,9.8,85,0,392,6080.7,OK,,,,,
2026-04-29 6:17:25,9.8,245,17.9,392,2828.8,OK,,,,,
2026-04-29 6:17:41,9.8,85,0,392,2858.4,OK,,,,,
2026-04-29 6:17:57,9.8,85,0,392,2895.4,OK,,,,,
2026-04-29 6:18:13,9.8,85,0,392,2925,OK,,,,,
2026-04-29 6:18:29,9.8,85,0,392,2954.6,OK,,,,,
2026-04-29 6:18:45,-40,0,0,0,0,OK,,,,,
2026-04-29 6:19:01,-40,0,0,0,0,OK,,,,,
2026-04-29 6:19:17,9.8,85,0,392,3028.6,OK,,,,,
2026-04-29 6:19:33,9.8,85,0,392,3050.8,OK,,,,,
2026-04-29 6:19:49,-40,0,0,0,0,OK,,,,,
2026-04-29 6:20:05,9.8,85,0,392,3087.8,OK,,,,,
2026-04-29 6:20:21,9.8,85,0,392,3106.3,OK,,,,,
2026-04-29 6:20:37,9.8,85,0,392,3121.1,OK,,,,,
2026-04-29 6:20:53,9.9,85,0,392,3135.9,OK,,,,,
2026-04-29 6:21:09,9.9,85,0,392,3147,OK,,,,,
2026-04-29 6:21:25,-40,0,0,0,0,OK,,,,,
2026-04-29 6:21:41,-40,0,0,0,0,OK,,,,,
2026-04-29 6:21:57,10,84,0,392,3195.1,OK,,,,,
2026-04-29 6:22:13,-40,0,0,0,0,OK,,,,,
2026-04-29 6:22:29,10.1,84,0,392,3228.4,OK,,,,,
2026-04-29 6:22:45,10.1,84,0,392,3239.5,OK,,,,,
2026-04-29 6:23:01,10.1,84,0,392,6553.5,OK,,,,,
2026-04-29 6:23:17,10.1,84,0,392,3269.1,OK,,,,,
2026-04-29 6:23:33,10.1,84,0,392,3283.9,OK,,,,,
2026-04-29 6:23:49,10.1,84,0,440,5752.6,OK,,,,,
2026-04-29 6:24:05,-40,0,0,0,0,OK,,,,,
2026-04-29 6:24:21,10.2,83,0,392,3320.9,OK,,,,,
2026-04-29 6:24:37,10.2,83,0,392,3328.3,OK,,,,,
2026-04-29 6:24:53,10.2,83,0,392,3335.7,OK,,,,,
2026-04-29 6:25:09,10.2,83,0,392,3350.5,OK,,,,,
2026-04-29 6:25:25,10.1,83,0,392,3361.6,OK,,,,,
2026-04-29 6:25:41,-40,0,0,0,0,OK,,,,,
2026-04-29 6:25:57,10.2,83,0,392,4915.1,OK,,,,,
2026-04-29 6:26:13,-40,0,0,0,0,OK,,,,,
2026-04-29 6:26:29,10.1,83,0,392,3398.6,OK,,,,,
2026-04-29 6:26:45,10.1,83,0,392,3413.4,OK,,,,,
2026-04-29 6:27:49,10.1,83,0,392,3468.9,OK,,,,,
2026-04-29 6:28:05,10.1,83,0,392,3483.7,OK,,,,,
2026-04-29 6:28:21,-40,0,0,0,0,OK,,,,,
2026-04-29 6:28:53,10.1,83,0,392,3543.1,OK,,,,,
2026-04-29 6:29:09,10.1,83,0,392,3561.4,OK,,,,,
2026-04-29 6:29:25,10.1,83,0,392,3583.6,OK,,,,,
2026-04-29 6:29:41,10,83,0,392,3609.5,OK,,,,,
2026-04-29 6:29:57,10.1,83,0,392,3628,OK,,,,,
2026-04-29 6:30:13,-40,0,0,0,0,OK,,,,,
2026-04-29 6:30:45,-40,0,0,0,0,OK,,,,,
2026-04-29 6:31:01,10.1,83,0,392,3757.5,OK,,,,,
2026-04-29 6:31:17,10.1,83,0,392,3794.5,OK,,,,,
2026-04-29 6:31:33,-40,0,0,0,0,OK,,,,,
2026-04-29 6:31:49,10.2,83,0,392,3872.2,OK,,,,,
2026-04-29 6:32:05,10.2,83,0,392,3905.5,OK,,,,,
2026-04-29 6:32:21,10.2,83,0,392,5903,OK,,,,,
2026-04-29 6:32:37,10.3,83,0,392,3957.3,OK,,,,,
2026-04-29 6:32:53,10.3,82,0,392,3986.9,OK,,,,,
2026-04-29 6:33:09,10.3,82,0,392,4020.2,OK,,,,,
2026-04-29 6:33:25,-40,0,0,0,0,OK,,,,,
2026-04-29 6:33:41,10.3,82,0,392,4101.6,OK,,,,,
2026-04-29 6:33:57,10.3,82,0,392,4149.7,OK,,,,,
2026-04-29 6:34:13,-40,0,0,0,0,OK,,,,,
2026-04-29 6:34:29,10.2,82,0,392,4249.6,OK,,,,,
2026-04-29 6:34:45,10.3,82,0,392,4305.1,OK,,,,,
2026-04-29 6:35:01,10.3,82,0,392,4360.6,OK,,,,,
2026-04-29 6:35:17,-40,0,0,0,0,OK,,,,,
2026-04-29 6:35:33,10.3,82,0,392,633993.9,OK,,,,,
2026-04-29 6:35:49,-40,0,0,0,0,OK,,,,,
2026-04-29 6:36:05,10.3,82,0,392,4608.5,OK,,,,,
2026-04-29 6:36:21,10.3,82,0,392,4671.4,OK,,,,,
2026-04-29 6:36:37,10.3,82,0,392,4734.3,OK,,,,,
2026-04-29 6:36:53,10.3,82,0,392,4800.9,OK,,,,,
2026-04-29 6:37:09,-40,0,0,0,0,OK,,,,,
2026-04-29 6:37:25,-40,0,0,0,0,OK,,,,,
2026-04-29 6:37:41,10.3,82,0,392,4989.6,OK,,,,,
2026-04-29 6:37:57,-40,0,0,0,0,OK,,,,,
2026-04-29 6:38:13,10.3,82,0,392,5122.8,OK,,,,,
2026-04-29 6:38:29,-40,0,0,0,0,OK,,,,,
2026-04-29 6:38:45,10.3,82,0,392,5281.9,OK,,,,,
2026-04-29 6:39:01,10.4,81,0,392,5363.3,OK,,,,,
2026-04-29 6:39:17,10.4,81,0,392,5429.9,OK,,,,,
2026-04-29 6:39:33,-40,0,0,0,0,OK,,,,,
2026-04-29 6:39:49,10.4,81,0,392,5566.8,OK,,,,,
2026-04-29 6:40:05,10.4,81,0,392,5629.7,OK,,,,,
2026-04-29 6:40:21,-40,0,0,0,0,OK,,,,,
2026-04-29 6:40:53,-40,0,0,0,0,OK,,,,,
2026-04-29 6:41:09,10.4,81,0,392,5892.4,OK,,,,,
2026-04-29 6:41:25,-40,0,0,0,0,OK,,,,,
2026-04-29 6:41:41,10.5,81,0,392,5999.7,OK,,,,,
2026-04-29 6:41:57,10.5,81,0,392,6058.9,OK,,,,,
2026-04-29 6:42:13,10.5,81,0,392,6542.5,OK,,,,,
2026-04-29 6:42:29,10.5,81,0,392,6206.9,OK,,,,,
2026-04-29 6:42:45,10.5,81,0,392,6292,OK,,,,,
2026-04-29 6:43:01,-40,0,0,0,0,OK,,,,,
2026-04-29 6:43:17,-40,0,0,0,0,OK,,,,,
2026-04-29 6:43:33,10.5,81,0,392,6462.2,OK,,,,,
2026-04-29 6:43:49,10.5,81,0,392,6547,OK,,,,,
2026-04-29 6:44:05,10.5,81,0,392,6584.3,OK,,,,,
2026-04-29 6:44:21,10.5,81,0,392,6632.4,OK,,,,,
2026-04-29 6:44:37,-40,0,0,0,0,OK,,,,,
2026-04-29 6:44:53,10.5,81,0,392,6717.5,OK,,,,,
2026-04-29 6:45:09,-40,0,0,0,0,OK,,,,,
2026-04-29 6:45:25,10.5,81,0,392,6824.8,OK,,,,,
2026-04-29 6:45:41,-40,0,0,0,0,OK,,,,,
2026-04-29 6:45:57,10.6,81,0,392,6969.1,OK,,,,,
2026-04-29 6:46:13,10.6,81,0,392,7020.9,OK,,,,,
2026-04-29 6:46:29,10.6,81,0,392,7072.7,OK,,,,,
2026-04-29 6:46:45,10.6,81,0,392,7120.8,OK,,,,,
2026-04-29 6:47:01,10.6,81,0,392,7195.5,OK,,,,,
2026-04-29 6:47:17,10.6,81,0,392,7250.3,OK,,,,,
2026-04-29 6:47:33,10.6,80,0,392,7294.7,OK,,,,,
2026-04-29 6:47:49,10.6,80,0,392,7342.8,OK,,,,,
2026-04-29 6:48:05,10.6,80,0,392,7379.8,OK,,,,,
2026-04-29 6:48:21,10.6,80,0,392,7416.8,OK,,,,,
2026-04-29 6:48:37,-40,0,0,0,0,OK,,,,,
2026-04-29 6:48:53,10.7,80,0,392,12456.3,OK,,,,,
2026-04-29 6:49:09,-40,0,0,0,0,OK,,,,,
2026-04-29 6:49:25,10.7,80,0,392,7646.2,OK,,,,,
2026-04-29 6:49:41,-40,0,0,0,0,OK,,,,,
2026-04-29 6:49:57,10.7,80,0,392,7764.6,OK,,,,,
2026-04-29 6:50:13,10.7,80,0,392,7834.9,OK,,,,,
2026-04-29 6:50:29,10.7,80,0,392,7905.2,OK,,,,,
2026-04-29 6:50:45,10.7,80,0,392,7975.5,OK,,,,,
2026-04-29 6:51:01,10.7,80,0,504,631167.4,OK,,,,,
2026-04-29 6:51:17,10.8,80,0,452,13009.6,OK,,,,,
2026-04-29 6:51:33,10.8,80,0,452,8112.4,OK,,,,,
2026-04-29 6:51:49,10.8,80,0,392,8138.3,OK,,,,,
2026-04-29 6:52:05,10.8,80,0,392,8175.3,OK,,,,,
2026-04-29 6:52:21,10.8,80,0,392,8223.4,OK,,,,,
2026-04-29 6:52:37,-40,0,0,0,0,OK,,,,,
2026-04-29 6:52:53,-40,0,0,0,0,OK,,,,,
2026-04-29 6:53:09,10.8,80,0,392,8393.6,OK,,,,,
2026-04-29 6:53:25,10.8,80,0,392,8438,OK,,,,,
2026-04-29 6:53:41,10.8,80,0,392,8489.8,OK,,,,,
2026-04-29 6:53:57,10.8,80,0,392,11957.2,OK,,,,,
2026-04-29 6:54:13,-40,0,0,0,0,OK,,,,,
2026-04-29 6:54:29,10.8,80,0,392,8600.8,OK,,,,,
2026-04-29 6:54:45,10.8,80,0,392,8641.5,OK,,,,,
2026-04-29 6:55:01,-40,0,0,0,0,OK,,,,,
2026-04-29 6:55:17,10.8,80,0,392,8671.1,OK,,,,,
2026-04-29 6:55:33,-40,0,0,0,0,OK,,,,,
2026-04-29 6:55:49,-40,0,0,0,0,OK,,,,,
2026-04-29 6:56:21,10.9,80,0,392,8619.3,OK,,,,,
2026-04-29 6:56:37,10.9,80,0,392,8634.1,OK,,,,,
2026-04-29 6:57:09,10.9,80,0,392,8711.8,OK,,,,,
2026-04-29 6:57:25,10.9,80,0,482,100502.9,OK,,,,,
2026-04-29 6:57:41,10.9,80,0,392,8793.2,OK,,,,,
2026-04-29 6:57:57,11,80,0,392,8833.9,OK,,,,,
2026-04-29 6:58:13,-40,0,0,0,0,OK,,,,,
2026-04-29 6:58:29,-40,0,0,0,0,OK,,,,,
2026-04-29 6:58:45,-40,0,0,0,0,OK,,,,,
2026-04-29 6:59:01,11,212,0,504,8985.6,OK,,,,,
2026-04-29 6:59:17,11,80,0,392,9015.2,OK,,,,,
2026-04-29 6:59:33,11,80,0,392,9044.8,OK,,,,,
2026-04-29 6:59:49,11,80,0,392,9073,OK,,,,,
2026-04-29 7:00:05,11,80,0,392,415423.5,OK,,,,,
2026-04-29 7:00:21,-40,0,0,0,0,OK,,,,,
2026-04-29 7:00:37,-40,0,0,0,0,OK,,,,,
2026-04-29 7:01:09,11,80,0,392,9163.2,OK,,,,,
2026-04-29 7:01:25,-40,0,0,0,0,OK,,,,,
2026-04-29 7:01:41,-40,0,0,0,0,OK,,,,,
2026-04-29 7:01:57,11.1,80,0,392,9248.3,OK,,,,,
2026-04-29 7:02:13,11.1,80,0,65416,9292.3,OK,,,,,
2026-04-29 7:02:45,-40,0,0,0,0,OK,,,,,
2026-04-29 7:03:01,11.2,80,0,392,9337.1,OK,,,,,
2026-04-29 7:03:17,11.2,80,0,392,9816.4,OK,,,,,
2026-04-29 7:03:33,11.2,80,0,392,9396.3,OK,,,,,
2026-04-29 7:03:49,11.2,80,0,392,9425.9,OK,,,,,
2026-04-29 7:04:05,11.2,80,0,392,9407.4,OK,,,,,
2026-04-29 7:04:21,11.2,80,0,392,9403.7,OK,,,,,
2026-04-29 7:04:37,11.2,80,0,392,9355.6,OK,,,,,
2026-04-29 7:04:53,11.2,79,0,392,9385.2,OK,,,,,
2026-04-29 7:05:09,-40,0,0,0,0,OK,,,,,
2026-04-29 7:05:25,11.2,80,0,392,9370.4,OK,,,,,
2026-04-29 7:05:41,11.2,79,0,392,9374.1,OK,,,,,
2026-04-29 7:05:57,-40,0,0,0,0,OK,,,,,
2026-04-29 7:06:13,-40,0,0,0,0,OK,,,,,
2026-04-29 7:06:29,11.2,79,0,392,9474,OK,,,,,
2026-04-29 7:06:45,11.2,79,0,392,9499.9,OK,,,,,
2026-04-29 7:07:01,11.2,79,0,392,9548,OK,,,,,
2026-04-29 7:07:17,11.2,79,0,392,9588.7,OK,,,,,
2026-04-29 7:07:33,11.2,79,0,392,9559.1,OK,,,,,
2026-04-29 7:07:49,-40,0,0,0,0,OK,,,,,
2026-04-29 7:08:05,-40,0,0,0,0,OK,,,,,
2026-04-29 7:08:21,11.1,79,0,392,9536.9,OK,,,,,
2026-04-29 7:08:37,11.1,79,0,392,9562.8,OK,,,,,
2026-04-29 7:08:53,-40,0,0,0,0,OK,,,,,
2026-04-29 7:09:09,11.1,79,0,392,13081.4,OK,,,,,
2026-04-29 7:09:25,11.1,79,0,392,9622,OK,,,,,
2026-04-29 7:09:41,11.2,79,0,392,9640.5,OK,,,,,
2026-04-29 7:09:57,147.1,0,35.8,34817,1677696.7,OK,,,,,
2026-04-29 7:10:13,-40,0,0,0,0,OK,,,,,
2026-04-29 7:10:29,11.1,79,0,392,9684.9,OK,,,,,
2026-04-29 7:10:45,11.1,79,0,392,9707.1,OK,,,,,
2026-04-29 7:11:01,11.1,79,0,392,9721.9,OK,,,,,
2026-04-29 7:11:17,-40,0,0,0,0,OK,,,,,
2026-04-29 7:11:33,-40,0,0,0,0,OK,,,,,
2026-04-29 7:11:49,11.1,79,0,392,9770,OK,,,,,
2026-04-29 7:12:05,11.1,79,0,392,13079,OK,,,,,
2026-04-29 7:12:37,11.1,80,0,392,9862.5,OK,,,,,
2026-04-29 7:12:53,11.1,212,0,408,9862.5,OK,,,,,
2026-04-29 7:13:09,11.1,79,0,392,9847.7,OK,,,,,
2026-04-29 7:13:25,11.1,80,0,482,9810.7,OK,,,,,
2026-04-29 7:13:41,11.1,79,0,392,9762.6,OK,,,,,
2026-04-29 7:13:57,-40,0,0,0,0,OK,,,,,
2026-04-29 7:14:13,11.1,79,0,392,9670.1,OK,,,,,
2026-04-29 7:14:29,-40,0,0,0,0,OK,,,,,
2026-04-29 7:14:45,-40,0,0,0,0,OK,,,,,
2026-04-29 7:15:01,-40,0,0,0,0,OK,,,,,
2026-04-29 7:15:17,11.1,79,0,392,9577.6,OK,,,,,
2026-04-29 7:15:33,11.1,79,0,32648,13051.8,OK,,,,,
2026-04-29 7:15:49,11.1,79,0,392,9514.7,OK,,,,,
2026-04-29 7:16:05,11.1,79,0,392,9488.8,OK,,,,,
2026-04-29 7:16:21,-40,0,0,0,0,OK,,,,,
2026-04-29 7:16:37,-40,0,0,0,0,OK,,,,,
2026-04-29 7:16:53,11.1,79,0,392,9385.2,OK,,,,,
2026-04-29 7:17:09,11.1,79,0,392,9307.5,OK,,,,,
2026-04-29 7:17:25,11.1,79,0,392,9240.9,OK,,,,,
2026-04-29 7:17:41,11.1,79,0,482,9225.9,OK,,,,,
2026-04-29 7:17:57,-40,0,0,0,0,OK,,,,,
2026-04-29 7:18:13,11.1,80,0,392,9122.5,OK,,,,,
2026-04-29 7:18:29,11.1,80,0,392,9026.3,OK,,,,,
2026-04-29 7:18:45,11.1,80,0,392,8933.8,OK,,,,,
2026-04-29 7:19:01,11.1,79,0,392,8885.7,OK,,,,,
2026-04-29 7:19:17,11,79,0.1,392,8848.7,OK,,,,,
2026-04-29 7:19:33,-40,0,0,0,0,OK,,,,,
2026-04-29 7:19:49,-40,0,0,0,0,OK,,,,,
2026-04-29 7:20:05,11,80,0,392,8789.5,OK,,,,,
2026-04-29 7:20:21,-40,0,0,0,0,OK,,,,,
2026-04-29 7:20:37,-40,0,0,0,0,OK,,,,,
2026-04-29 7:20:53,-40,0,0,0,0,OK,,,,,
2026-04-29 7:21:09,-40,0,0,0,0,OK,,,,,
2026-04-29 7:21:25,-40,0,0,0,0,OK,,,,,
2026-04-29 7:21:57,11.1,79,0,392,8648.9,OK,,,,,
2026-04-29 7:22:13,11.2,208,0,392,11995.1,OK,,,,,
2026-04-29 7:22:29,-40,0,0,0,0,OK,,,,,
2026-04-29 7:22:45,11.2,79,0,392,8734,OK,,,,,
2026-04-29 7:23:01,11.2,79,0,392,9026.3,OK,,,,,
2026-04-29 7:23:17,11.2,79,0,392,9266.8,OK,,,,,
2026-04-29 7:23:33,11.2,79,0,392,9292.7,OK,,,,,
2026-04-29 7:23:49,11.1,79,0.3,392,10055.1,OK,,,,,
2026-04-29 7:24:05,11.1,80,0.1,392,10870,OK,,,,,
2026-04-29 7:24:21,11.1,80,0,392,11200.6,OK,,,,,
2026-04-29 7:24:37,11.1,80,0,392,11258.6,OK,,,,,
2026-04-29 7:24:53,11.1,80,0,392,11017.9,OK,,,,,
2026-04-29 7:25:09,-40,0,0,0,0,OK,,,,,
2026-04-29 7:25:25,-40,0,0,0,0,OK,,,,,
2026-04-29 7:25:41,11.2,80,0,392,12755,OK,,,,,
2026-04-29 7:25:57,11.2,80,0,392,13427.8,OK,,,,,
2026-04-29 7:26:13,11.2,80,0,392,13919.9,OK,,,,,
2026-04-29 7:26:45,-40,0,0,0,0,OK,,,,,
2026-04-29 7:27:01,11.3,79,0,392,15686.9,OK,,,,,
2026-04-29 7:27:17,11.4,79,0,392,16150.9,OK,,,,,
2026-04-29 7:27:33,11.4,79,0,392,17473.3,OK,,,,,
2026-04-29 7:27:49,-40,0,0,0,0,OK,,,,,
2026-04-29 7:28:05,-40,0,0,0,0,OK,,,,,
2026-04-29 7:28:21,-40,0,0,0,0,OK,,,,,
2026-04-29 7:29:09,-40,0,0,0,0,OK,,,,,
2026-04-29 7:29:25,11.8,77,0,392,18972.6,OK,,,,,
2026-04-29 7:29:41,11.8,77,0,392,19010.3,OK,,,,,
2026-04-29 7:29:57,-40,0,0,0,0,OK,,,,,
2026-04-29 7:30:13,12,76,0,392,18613,OK,,,,,
2026-04-29 7:30:29,12,76,0,392,18586.9,OK,,,,,
2026-04-29 7:30:45,12.1,76,0,392,18244.7,OK,,,,,
2026-04-29 7:31:49,-40,0,0,0,0,OK,,,,,
2026-04-29 7:32:21,12.5,75,0,392,16710.6,OK,,,,,
2026-04-29 7:32:37,17.2,75,0,392,19629.4,OK,,,,,
2026-04-29 7:32:53,12.4,75,0,392,16124.8,OK,,,,,
2026-04-29 7:33:25,12.4,75,0,392,19149.4,OK,,,,,
2026-04-29 7:33:41,12.3,75,0,392,17569,OK,,,,,
2026-04-29 7:34:13,-40,0,0,0,0,OK,,,,,
2026-04-29 7:34:29,12.4,75,0,392,17218.1,OK,,,,,
2026-04-29 7:34:45,-40,0,0,0,0,OK,,,,,
2026-04-29 7:35:17,-40,0,0,0,0,OK,,,,,
2026-04-29 7:35:33,12.4,75,0,392,17149.1,OK,,,,,
2026-04-29 7:36:05,12.4,75,0,392,16896.2,OK,,,,,
2026-04-29 7:36:21,12.4,75,0,392,16562.7,OK,,,,,
2026-04-29 7:36:37,-40,0,0,0,0,OK,,,,,
2026-04-29 7:36:53,12.4,75,0,392,828826.3,OK,,,,,
2026-04-29 7:37:09,12.4,75,0,392,17009.3,OK,,,,,
2026-04-29 7:37:41,12.4,75,0,392,16435.1,OK,,,,,
2026-04-29 7:37:57,12.4,75,0,392,16449.6,OK,,,,,
2026-04-29 7:38:13,-40,0,0,0,0,OK,,,,,
2026-04-29 7:38:29,12.5,74,0,392,16487.3,OK,,,,,
2026-04-29 7:38:45,12.6,74,0,392,17461.7,OK,,,,,
2026-04-29 7:39:01,12.6,74,0,392,17487.8,OK,,,,,
2026-04-29 7:39:17,12.6,74,0,392,17737.2,OK,,,,,
2026-04-29 7:39:33,-40,0,0,0,0,OK,,,,,
2026-04-29 7:39:49,-40,0,0,0,0,OK,,,,,
2026-04-29 7:40:53,140.9,73,35.8,392,1673202.9,OK,,,,,
2026-04-29 7:41:09,-40,0,0,0,0,OK,,,,,
2026-04-29 7:41:25,13,73,0,392,17595.1,OK,,,,,
2026-04-29 7:41:41,13,72,0,392,16365.5,OK,,,,,
2026-04-29 7:41:57,-40,0,0,0,0,OK,,,,,
2026-04-29 7:42:13,-40,0,0,0,0,OK,,,,,
2026-04-29 7:42:29,-40,0,0,0,0,OK,,,,,
2026-04-29 7:42:45,-40,0,0,0,0,OK,,,,,
2026-04-29 7:43:01,-40,0,0,0,0,OK,,,,,
2026-04-29 7:43:17,13.5,72,0,440,15834.8,OK,,,,,
2026-04-29 7:43:33,13.1,72,0,392,16991.8,OK,,,,,
2026-04-29 7:44:05,-40,0,0,0,0,OK,,,,,
2026-04-29 7:44:21,12.9,72,0,392,19822.3,OK,,,,,
2026-04-29 7:44:37,12.9,73,0,392,20927.2,OK,,,,,
2026-04-29 7:45:57,13.1,72,0,392,21031.6,OK,,,,,
2026-04-29 7:46:13,13.1,72,0,392,21579.7,OK,,,,,
2026-04-29 7:46:29,13.2,72,17.9,392,21904.5,OK,,,,,
2026-04-29 7:46:45,13.2,72,0,392,22461.3,OK,,,,,
2026-04-29 7:47:01,-40,0,0,0,0,OK,,,,,
2026-04-29 7:47:17,115.6,72,35.8,392,101603.3,OK,,,,,
2026-04-29 7:47:33,44,0,35.8,34817,1053407.5,OK,,,,,
2026-04-29 7:47:49,-40,0,0,0,0,OK,,,,,
2026-04-29 7:48:05,-40,0,0,0,0,OK,,,,,
2026-04-29 7:49:09,-40,0,0,0,0,OK,,,,,
2026-04-29 7:49:25,16.6,71,0,440,23209.5,OK,,,,,
2026-04-29 7:49:41,-40,0,0,0,0,OK,,,,,
2026-04-29 7:49:57,-40,0,0,0,0,OK,,,,,
2026-04-29 7:50:13,-40,0,0,0,0,OK,,,,,
2026-04-29 7:50:29,13.7,126,0,392,836772.3,OK,,,,,
2026-04-29 7:50:45,-40,0,0,0,0,OK,,,,,
2026-04-29 7:53:09,116.1,70,35.8,392,24320.2,OK,,,,,
2026-04-29 7:53:25,-40,0,0,0,0,OK,,,,,
2026-04-29 7:53:41,-40,0,0,0,0,OK,,,,,
2026-04-29 7:54:13,-40,0,0,0,0,OK,,,,,
2026-04-29 7:54:29,-40,0,0,0,0,OK,,,,,
2026-04-29 7:54:45,-40,0,0,0,0,OK,,,,,
2026-04-29 7:55:17,13.8,197,17.9,392,24540.6,OK,,,,,
2026-04-29 7:56:21,14,124,0,392,24526.1,OK,,,,,
2026-04-29 7:56:37,-40,0,0,0,0,OK,,,,,
2026-04-29 7:57:09,-40,0,0,0,0,OK,,,,,
2026-04-29 7:57:25,-40,0,0,0,0,OK,,,,,
2026-04-29 7:57:41,-40,0,0,0,0,OK,,,,,
2026-04-29 7:58:13,-40,0,0,0,0,OK,,,,,
2026-04-29 7:58:29,-11.6,69,35.8,392,26568.9,OK,,,,,
2026-04-29 7:58:45,-40,0,0,0,0,OK,,,,,
2026-04-29 7:59:17,-40,0,0,0,0,OK,,,,,
2026-04-29 7:59:49,87.1,108,1,392,27115.8,OK,,,,,
2026-04-29 8:00:05,-40,0,0,0,0,OK,,,,,
2026-04-29 8:00:21,14.3,67,0,392,79611.3,OK,,,,,
2026-04-29 8:00:37,-40,0,0,0,0,OK,,,,,
2026-04-29 8:00:53,116.7,67,0,392,26933.1,OK,,,,,
2026-04-29 8:01:25,14.3,66,0,3132,32611,OK,,,,,
2026-04-29 8:01:41,14.4,66,0,392,26619.9,OK,,,,,
2026-04-29 8:01:57,14.4,66,0,392,26350.2,OK,,,,,
2026-04-29 8:03:17,14.5,66,0,392,26228.4,OK,,,,,
2026-04-29 8:03:33,-40,0,0,0,0,OK,,,,,
2026-04-29 8:04:05,14.4,66,0,12348,315304.7,OK,,,,,
2026-04-29 8:04:21,-40,0,0,0,0,OK,,,,,
2026-04-29 8:04:37,-40,0,0,0,0,OK,,,,,
2026-04-29 8:04:53,-40,0,0,0,0,OK,,,,,
2026-04-29 8:05:09,14.4,66,0,1928,25355.5,OK,,,,,
2026-04-29 8:05:41,14.5,66,0,392,26201.5,OK,,,,,
2026-04-29 8:05:57,-40,0,0,0,0,OK,,,,,
2026-04-29 8:06:29,17.4,66,0,408,26019.6,OK,,,,,
2026-04-29 8:06:45,-40,0,0,0,0,OK,,,,,
2026-04-29 8:07:01,-40,0,0,0,0,OK,,,,,
2026-04-29 8:07:17,-40,0,0,0,0,OK,,,,,
2026-04-29 8:07:33,-40,0,0,0,0,OK,,,,,
2026-04-29 8:08:05,-40,0,0,0,0,OK,,,,,
2026-04-29 8:08:53,-40,0,0,0,0,OK,,,,,
2026-04-29 8:09:09,14.3,67,0,392,28539.7,OK,,,,,
2026-04-29 8:09:25,14.3,127,0,392,28966,OK,,,,,
2026-04-29 8:09:57,14.4,67,0,504,29476.4,OK,,,,,
2026-04-29 8:10:13,-40,0,0,0,0,OK,,,,,
2026-04-29 8:10:29,-40,0,0,0,0,OK,,,,,
2026-04-29 8:10:45,-40,0,0,0,0,OK,,,,,
2026-04-29 8:11:01,-40,0,0,0,0,OK,,,,,
2026-04-29 8:11:17,-40,0,0,0,0,OK,,,,,
2026-04-29 8:11:33,-40,0,0,0,0,OK,,,,,
2026-04-29 8:11:49,14.6,194,17.9,392,27008.4,OK,,,,,
2026-04-29 8:12:05,-40,0,0,0,0,OK,,,,,
2026-04-29 8:12:21,117,66,0,408,32699.4,OK,,,,,
2026-04-29 8:12:53,14.5,66,0,408,27426.1,OK,,,,,
2026-04-29 8:13:09,14.5,66,0,392,27338,OK,,,,,
2026-04-29 8:13:25,-40,0,0,0,0,OK,,,,,
2026-04-29 8:13:41,-40,0,0,0,0,OK,,,,,
2026-04-29 8:13:57,-40,0,0,0,0,OK,,,,,
2026-04-29 8:14:13,14.7,64,0,408,30851.2,OK,,,,,
2026-04-29 8:14:29,-40,0,0,0,0,OK,,,,,
2026-04-29 8:14:45,-40,0,0,0,0,OK,,,,,
2026-04-29 8:15:01,14.5,64,0,504,27904.6,OK,,,,,
2026-04-29 8:15:17,-40,0,0,0,0,OK,,,,,
2026-04-29 8:15:33,14.3,67,0.7,504,316963.5,OK,,,,,
2026-04-29 8:15:49,-40,0,0,0,0,OK,,,,,
2026-04-29 8:16:05,-40,0,0,0,0,OK,,,,,
2026-04-29 8:16:21,-40,0,0,0,0,OK,,,,,
2026-04-29 8:16:37,-40,0,0,0,0,OK,,,,,
2026-04-29 8:16:53,-11.3,66,107.7,392,29366.2,OK,,,,,
2026-04-29 8:17:09,-40,0,0,0,0,OK,,,,,
2026-04-29 8:17:25,14.2,66,0,392,28652.8,OK,,,,,
2026-04-29 8:17:41,14.2,67,0,392,28484.6,OK,,,,,
2026-04-29 8:17:57,126.3,67,35.8,904,28423.7,OK,,,,,
2026-04-29 8:18:13,14.3,67,0,3132,1154435.9,OK,,,,,
2026-04-29 8:18:29,-40,0,0,0,0,OK,,,,,
2026-04-29 8:18:45,-40,0,0,0,0,OK,,,,,
2026-04-29 8:19:01,15.9,66,0,904,27681.3,OK,,,,,
2026-04-29 8:19:17,-40,0,0,0,0,OK,,,,,
2026-04-29 8:19:33,-40,0,0,0,0,OK,,,,,
2026-04-29 8:19:49,-40,0,0,0,0,OK,,,,,
2026-04-29 8:20:21,14.6,66,0,392,317545.4,OK,,,,,
2026-04-29 8:20:37,14.7,66,0,392,27504.4,OK,,,,,
2026-04-29 8:20:53,23.6,65,0,392,27405.8,OK,,,,,
2026-04-29 8:21:09,-40,0,0,0,0,OK,,,,,
2026-04-29 8:21:41,117.2,65,71.7,392,28191.7,OK,,,,,
2026-04-29 8:21:57,-40,0,0,0,0,OK,,,,,
2026-04-29 8:22:13,-40,0,0,0,0,OK,,,,,
2026-04-29 8:22:45,-40,0,0,0,0,OK,,,,,
2026-04-29 8:23:01,14.9,192,0,392,29807,OK,,,,,
2026-04-29 8:24:05,14.9,64,0,392,30795.9,OK,,,,,
2026-04-29 8:24:21,-40,0,0,0,0,OK,,,,,
2026-04-29 8:24:37,-40,0,0,0,0,OK,,,,,
2026-04-29 8:24:53,14.8,65,0,392,31393.3,OK,,,,,
2026-04-29 8:25:09,-40,0,0,0,0,OK,,,,,
2026-04-29 8:25:57,-40,0,0,0,0,OK,,,,,
2026-04-29 8:26:13,-40,0,0,0,0,OK,,,,,
2026-04-29 8:26:29,-40,0,0,0,0,OK,,,,,
2026-04-29 8:26:45,-40,0,0,0,0,OK,,,,,
2026-04-29 8:27:01,21,64,0,12348,316180.3,OK,,,,,
2026-04-29 8:28:05,-40,0,0,0,0,OK,,,,,
2026-04-29 8:28:21,-40,0,0,0,0,OK,,,,,
2026-04-29 8:28:37,-40,0,0,0,0,OK,,,,,
2026-04-29 8:28:53,20.9,63,0,392,35090.8,OK,,,,,
2026-04-29 8:31:01,-40,0,0,0,0,OK,,,,,
2026-04-29 8:31:33,-40,0,0,0,0,OK,,,,,
2026-04-29 8:31:49,-10,62,35.8,392,36088.4,OK,,,,,
2026-04-29 8:33:25,-40,0,0,0,0,OK,,,,,
2026-04-29 8:34:13,-40,0,0,0,0,OK,,,,,
2026-04-29 8:34:45,-40,0,0,0,0,OK,,,,,
2026-04-29 8:35:01,-40,0,0,0,0,OK,,,,,
2026-04-29 8:35:49,-40,0,0,0,0,OK,,,,,
2026-04-29 8:36:21,-40,0,0,0,0,OK,,,,,
2026-04-29 8:36:53,-40,0,0,0,0,OK,,,,,
2026-04-29 8:37:09,-40,0,0,0,0,OK,,,,,
2026-04-29 8:37:41,-40,0,0,0,0,OK,,,,,
2026-04-29 8:37:57,-40,0,0,0,0,OK,,,,,
2026-04-29 8:38:13,-40,0,0,0,0,OK,,,,,
2026-04-29 8:38:29,-40,0,0,0,0,OK,,,,,
2026-04-29 8:39:17,-40,0,0,0,0,OK,,,,,
2026-04-29 8:40:53,-40,0,0,0,0,OK,,,,,
2026-04-29 8:41:09,-40,0,0,0,0,OK,,,,,
2026-04-29 8:41:57,-40,0,0,0,0,OK,,,,,
2026-04-29 8:42:13,16,123,0,392,33335,OK,,,,,
2026-04-29 8:42:29,-40,0,0,0,0,OK,,,,,
2026-04-29 8:43:01,-40,0,0,0,0,OK,,,,,
2026-04-29 8:43:17,-40,0,0,0,0,OK,,,,,
2026-04-29 8:44:05,-40,0,0,0,0,OK,,,,,
2026-04-29 8:44:37,-40,0,0,0,0,OK,,,,,
2026-04-29 8:45:57,-40,0,0,0,0,OK,,,,,
2026-04-29 8:46:29,-40,0,0,0,0,OK,,,,,
2026-04-29 8:46:45,-40,0,0,0,0,OK,,,,,
2026-04-29 8:47:01,-40,0,0,0,0,OK,,,,,
2026-04-29 8:47:17,-40,0,0,0,0,OK,,,,,
2026-04-29 8:47:33,-40,0,0,0,0,OK,,,,,
2026-04-29 8:47:49,-40,0,0,0,0,OK,,,,,
2026-04-29 8:48:21,-40,0,0,0,0,OK,,,,,
2026-04-29 8:48:37,-40,0,0,0,0,OK,,,,,
2026-04-29 8:49:09,-40,0,0,0,0,OK,,,,,
2026-04-29 8:49:25,-40,0,0,0,0,OK,,,,,
2026-04-29 8:49:41,-40,0,0,0,0,OK,,,,,
2026-04-29 8:49:57,-40,0,0,0,0,OK,,,,,
2026-04-29 8:51:01,-40,0,0,0,0,OK,,,,,
2026-04-29 8:51:17,-40,0,0,0,0,OK,,,,,
2026-04-29 8:51:33,-40,0,0,0,0,OK,,,,,
2026-04-29 8:51:49,-40,0,0,0,0,OK,,,,,
2026-04-29 8:52:21,-40,0,0,0,0,OK,,,,,
2026-04-29 8:52:37,-40,0,0,0,0,OK,,,,,
2026-04-29 8:53:09,-40,0,0,0,0,OK,,,,,
2026-04-29 8:53:25,16,60,0,65432,104719,OK,,,,,
2026-04-29 8:53:41,-40,0,0,0,0,OK,,,,,
2026-04-29 8:53:57,-40,0,0,0,0,OK,,,,,
2026-04-29 8:54:13,-40,0,0,0,0,OK,,,,,
2026-04-29 8:54:29,-40,0,0,0,0,OK,,,,,
2026-04-29 8:54:45,-40,0,0,0,0,OK,,,,,
2026-04-29 8:55:01,-40,0,0,0,0,OK,,,,,
2026-04-29 8:55:17,-40,0,0,0,0,OK,,,,,
2026-04-29 8:55:49,-40,0,0,0,0,OK,,,,,
2026-04-29 8:56:05,-40,0,0,0,0,OK,,,,,
2026-04-29 8:56:21,-40,0,0,0,0,OK,,,,,
2026-04-29 8:56:37,-40,0,0,0,0,OK,,,,,
2026-04-29 8:56:53,-40,0,0,0,0,OK,,,,,
2026-04-29 8:57:25,-40,0,0,0,0,OK,,,,,
2026-04-29 8:57:41,-40,0,0,0,0,OK,,,,,
2026-04-29 8:57:57,15.7,60,0,452,32492.7,OK,,,,,
2026-04-29 8:58:13,-40,0,0,0,0,OK,,,,,
2026-04-29 8:58:45,-40,0,0,0,0,OK,,,,,
2026-04-29 8:59:01,-40,0,0,0,0,OK,,,,,
2026-04-29 8:59:17,-40,0,0,0,0,OK,,,,,
2026-04-29 8:59:33,-40,0,0,0,0,OK,,,,,
2026-04-29 9:00:37,-40,0,0,0,0,OK,,,,,
2026-04-29 9:00:53,143.8,60,35.8,452,33490.3,OK,,,,,
2026-04-29 9:01:25,-40,0,0,0,0,OK,,,,,
2026-04-29 9:01:41,-40,0,0,0,0,OK,,,,,
2026-04-29 9:01:57,15.7,60,0,392,34312.5,OK,,,,,
2026-04-29 9:02:29,15.6,61,0,392,34764.9,OK,,,,,
2026-04-29 9:03:01,-40,0,0,0,0,OK,,,,,
2026-04-29 9:03:17,-40,0,0,0,0,OK,,,,,
2026-04-29 9:03:33,-40,0,0,0,0,OK,,,,,
2026-04-29 9:04:05,-40,0,0,0,0,OK,,,,,
2026-04-29 9:04:21,-40,0,0,0,0,OK,,,,,
2026-04-29 9:04:53,-40,0,0,0,0,OK,,,,,
2026-04-29 9:05:09,15.9,59,0,392,39406,OK,,,,,
2026-04-29 9:05:25,15.9,127,0,392,39935.8,OK,,,,,
2026-04-29 9:05:41,-40,0,0,0,0,OK,,,,,
2026-04-29 9:05:57,35.1,158,0,482,92989,OK,,,,,
2026-04-29 9:06:13,-40,0,0,0,0,OK,,,,,
2026-04-29 9:06:29,16.1,59,0,392,40985.4,OK,,,,,
2026-04-29 9:06:45,-40,0,0,0,0,OK,,,,,
2026-04-29 9:08:21,-40,0,0,0,0,OK,,,,,
2026-04-29 9:08:37,-40,0,0,0,0,OK,,,,,
2026-04-29 9:09:41,16,59,0,392,45411.9,OK,,,,,
2026-04-29 9:09:57,-40,0,0,0,0,OK,,,,,
2026-04-29 9:10:29,16.1,59,0,392,46244.2,OK,,,,,
2026-04-29 9:11:01,-40,0,0,0,0,OK,,,,,
2026-04-29 9:11:17,36.6,58,0,392,99635.1,OK,,,,,
2026-04-29 9:12:05,-40,0,0,0,0,OK,,,,,
2026-04-29 9:12:37,16.2,58,0,392,48010.3,OK,,,,,
2026-04-29 9:12:53,16.2,58,0,504,205418.5,OK,,,,,
2026-04-29 9:13:09,-40,0,0,0,0,OK,,,,,
2026-04-29 9:13:25,16.3,58,0.1,392,48691.8,OK,,,,,
2026-04-29 9:13:41,36.7,63,0.8,452,49147.1,OK,,,,,
2026-04-29 9:14:45,-40,0,0,0,0,OK,,,,,
2026-04-29 9:15:17,-40,0,0,0,0,OK,,,,,
2026-04-29 9:15:33,16.7,156,0,392,47081.2,OK,,,,,
2026-04-29 9:16:05,16.7,56,0.1,392,314965.4,OK,,,,,
2026-04-29 9:16:21,-40,0,0,0,0,OK,,,,,
2026-04-29 9:16:37,-40,0,0,0,0,OK,,,,,
2026-04-29 9:16:53,-40,0,0,0,0,OK,,,,,
2026-04-29 9:17:09,-40,0,0,0,0,OK,,,,,
2026-04-29 9:17:25,16.8,55,0,392,50918,OK,,,,,
2026-04-29 9:17:41,-40,0,0,0,0,OK,,,,,
2026-04-29 9:17:57,-40,0,0,0,0,OK,,,,,
2026-04-29 9:18:13,16.9,56,13.4,392,50550.7,OK,,,,,
2026-04-29 9:18:29,35.9,57,0,392,50325.7,OK,,,,,
2026-04-29 9:18:45,-40,0,0,0,0,OK,,,,,
2026-04-29 9:19:01,-40,0,0,0,0,OK,,,,,
2026-04-29 9:19:17,-40,0,0,0,0,OK,,,,,
2026-04-29 9:19:33,-40,0,0,0,0,OK,,,,,
2026-04-29 9:22:13,16.5,58,0.1,392,52835.9,OK,,,,,
2026-04-29 9:22:29,-40,0,0,0,0,OK,,,,,
2026-04-29 9:22:45,-40,0,0,0,0,OK,,,,,
2026-04-29 9:23:01,-40,0,0,0,0,OK,,,,,
2026-04-29 9:23:17,16.9,57,0,392,52644.5,OK,,,,,
2026-04-29 9:23:33,17.1,56,0,392,52838.8,OK,,,,,
2026-04-29 9:23:49,-40,0,0,0,0,OK,,,,,
2026-04-29 9:24:05,-40,0,0,0,0,OK,,,,,
2026-04-29 9:25:09,-40,0,0,0,0,OK,,,,,
2026-04-29 9:25:25,-40,0,0,0,0,OK,,,,,
2026-04-29 9:25:41,-40,0,0,0,0,OK,,,,,
2026-04-29 9:26:13,-40,0,0,0,0,OK,,,,,
2026-04-29 9:26:45,-40,0,0,0,0,OK,,,,,
2026-04-29 9:27:17,-40,0,0,0,0,OK,,,,,
2026-04-29 9:27:33,-40,0,0,0,0,OK,,,,,
2026-04-29 9:27:49,-40,0,0,0,0,OK,,,,,
2026-04-29 9:28:05,-40,0,0,0,0,OK,,,,,
2026-04-29 9:28:21,17.1,56,0.1,504,57502,OK,,,,,
2026-04-29 9:28:37,-40,0,0,0,0,OK,,,,,
2026-04-29 9:28:53,-40,0,0,0,0,OK,,,,,
2026-04-29 9:29:09,-40,0,0,0,0,OK,,,,,
2026-04-29 9:29:25,-40,0,0,0,0,OK,,,,,
2026-04-29 9:29:41,-40,0,0,0,0,OK,,,,,
2026-04-29 9:29:57,-40,0,0,0,0,OK,,,,,
2026-04-29 9:30:45,-40,0,0,0,0,OK,,,,,
2026-04-29 9:31:01,-40,0,0,0,0,OK,,,,,
2026-04-29 9:31:17,17.4,55,0,392,999260.7,OK,,,,,
2026-04-29 9:31:33,-40,0,0,0,0,OK,,,,,
2026-04-29 9:31:49,-40,0,0,0,0,OK,,,,,
2026-04-29 9:32:05,-40,0,0,0,0,OK,,,,,
2026-04-29 9:32:21,-40,0,0,0,0,OK,,,,,
2026-04-29 9:32:37,-40,0,0,0,0,OK,,,,,
2026-04-29 9:32:53,17.5,54,0,482,57843.2,OK,,,,,
2026-04-29 9:33:09,-40,0,0,0,0,OK,,,,,
2026-04-29 9:33:25,-40,0,0,0,0,OK,,,,,
2026-04-29 9:33:41,-40,0,0,0,0,OK,,,,,
2026-04-29 9:33:57,-40,0,0,0,0,OK,,,,,
2026-04-29 9:34:13,-40,0,0,0,0,OK,,,,,
2026-04-29 9:34:29,-40,0,0,0,0,OK,,,,,
2026-04-29 9:34:45,-40,0,0,0,0,OK,,,,,
2026-04-29 9:35:01,17.5,55,0,392,57217.8,OK,,,,,
2026-04-29 9:35:17,-40,0,0,0,0,OK,,,,,
2026-04-29 9:35:33,-40,0,0,0,0,OK,,,,,
2026-04-29 9:35:49,-40,0,0,0,0,OK,,,,,
2026-04-29 9:36:05,-40,0,0,0,0,OK,,,,,
2026-04-29 9:36:21,17.6,55,35.7,392,57168.5,OK,,,,,
2026-04-29 9:36:37,-40,0,0,0,0,OK,,,,,
2026-04-29 9:36:53,-40,0,0,0,0,OK,,,,,
2026-04-29 9:37:09,-40,0,0,0,0,OK,,,,,
2026-04-29 9:37:25,-40,0,0,0,0,OK,,,,,
2026-04-29 9:37:41,-40,0,0,0,0,OK,,,,,
2026-04-29 9:37:57,-40,0,0,0,0,OK,,,,,
2026-04-29 9:38:13,17.7,54,0,392,60511.9,OK,,,,,
2026-04-29 9:38:29,-40,0,0,0,0,OK,,,,,
2026-04-29 9:38:45,-40,0,0,0,0,OK,,,,,
2026-04-29 9:39:01,-40,0,0,0,0,OK,,,,,
2026-04-29 9:39:17,-40,0,0,0,0,OK,,,,,
2026-04-29 9:39:33,-40,0,0,0,0,OK,,,,,
2026-04-29 9:39:49,17.7,54,0,392,58866.6,OK,,,,,
2026-04-29 9:40:53,-40,0,0,0,0,OK,,,,,
2026-04-29 9:41:09,-40,0,0,0,0,OK,,,,,
2026-04-29 9:41:25,17.7,53,0,392,64084.1,OK,,,,,
2026-04-29 9:41:41,-40,0,0,0,0,OK,,,,,
2026-04-29 9:41:57,-40,0,0,0,0,OK,,,,,
2026-04-29 9:42:13,-40,0,0,0,0,OK,,,,,
2026-04-29 9:42:29,17.6,54,0,392,58891,OK,,,,,
2026-04-29 9:42:45,17.6,53,0,392,57139.5,OK,,,,,
2026-04-29 9:43:01,17.7,53,0,392,57191.7,OK,,,,,
2026-04-29 9:43:17,-40,0,0,0,0,OK,,,,,
2026-04-29 9:43:33,17.8,52,0,392,59079.6,OK,,,,,
2026-04-29 9:43:49,17.8,53,0,392,59601.6,OK,,,,,
2026-04-29 9:44:05,-40,0,0,0,0,OK,,,,,
2026-04-29 9:44:21,17.9,52,0,392,58693.9,OK,,,,,
2026-04-29 9:44:37,18.1,52,0,392,60051.1,OK,,,,,
2026-04-29 9:44:53,18.1,51,0,392,59784.3,OK,,,,,
2026-04-29 9:45:09,-40,0,0,0,0,OK,,,,,
2026-04-29 9:45:41,18.3,254,13.4,392,60976.2,OK,,,,,
2026-04-29 9:45:57,18.2,51,0.1,392,60944.3,OK,,,,,
2026-04-29 9:46:13,-40,0,0,0,0,OK,,,,,
2026-04-29 9:46:29,18.2,50,0,392,61025.5,OK,,,,,
2026-04-29 9:46:45,-40,0,0,0,0,OK,,,,,
2026-04-29 9:47:01,18.1,55,0,392,61254.6,OK,,,,,
2026-04-29 9:47:17,18.1,51,0,32648,60515.1,OK,,,,,
2026-04-29 9:47:33,18,51,0.1,392,60999.4,OK,,,,,
2026-04-29 9:47:49,30.6,115,13.4,392,60839.9,OK,,,,,
2026-04-29 9:48:05,-40,0,0,0,0,OK,,,,,
2026-04-29 9:48:21,-7.9,51,107.5,392,60367.2,OK,,,,,
2026-04-29 9:48:37,17.8,51,0,392,59427.6,OK,,,,,
2026-04-29 9:48:53,17.8,51,0.1,392,59807.5,OK,,,,,
2026-04-29 9:49:09,18,51,0,392,1676545.7,OK,,,,,
2026-04-29 9:49:25,-40,0,0,0,0,OK,,,,,
2026-04-29 9:49:41,17.6,51,0.1,392,578324.5,OK,,,,,
2026-04-29 9:49:57,17.5,252,13.4,392,57357,OK,,,,,
2026-04-29 9:50:13,17.4,52,0,392,58499.6,OK,,,,,
2026-04-29 9:50:29,17.5,52,0.4,392,59320.3,OK,,,,,
2026-04-29 9:50:45,17.5,52,0,392,60283.1,OK,,,,,
2026-04-29 9:51:01,17.5,52,0.4,392,59207.2,OK,,,,,
2026-04-29 9:51:33,-40,0,0,0,0,OK,,,,,
2026-04-29 9:51:49,-40,0,0,0,0,OK,,,,,
2026-04-29 9:52:05,17.5,52,0.4,392,58380.7,OK,,,,,
2026-04-29 9:53:09,17.4,52,0.6,504,59581.3,OK,,,,,
2026-04-29 9:53:25,-40,0,0,0,0,OK,,,,,
2026-04-29 9:53:41,17,53,0.4,392,60416.5,OK,,,,,
2026-04-29 9:53:57,16.9,53,0.6,392,65345,OK,,,,,
2026-04-29 9:54:13,17,54,0,392,61533,OK,,,,,
2026-04-29 9:54:29,-40,0,0,0,0,OK,,,,,
2026-04-29 9:54:45,17.3,53,0.4,392,62472.6,OK,,,,,
2026-04-29 9:55:01,-40,0,0,0,0,OK,,,,,
2026-04-29 9:55:17,-40,0,0,0,0,OK,,,,,
2026-04-29 9:56:21,17.4,52,0.4,392,64427.2,OK,,,,,
2026-04-29 9:56:37,17.3,52,0.6,392,64250.3,OK,,,,,
2026-04-29 9:56:53,17.3,53,0.7,392,64053.1,OK,,,,,
2026-04-29 9:57:09,17,53,0.4,392,64000.9,OK,,,,,
2026-04-29 9:57:25,-40,0,0,0,0,OK,,,,,
2026-04-29 9:57:41,16.9,54,0,392,39725,OK,,,,,
2026-04-29 9:57:57,16.8,54,0.7,392,30848.1,OK,,,,,
2026-04-29 9:58:13,16.7,55,1.3,392,52679.3,OK,,,,,
2026-04-29 9:58:29,16.7,55,0.7,392,32233,OK,,,,,
2026-04-29 9:58:45,16.8,55,0.6,392,32187.9,OK,,,,,
2026-04-29 9:59:01,16.7,55,0.4,392,22467.1,OK,,,,,
2026-04-29 9:59:17,16.5,55,0.6,392,21510.1,OK,,,,,
2026-04-29 9:59:33,16.5,55,0,392,21524.6,OK,,,,,
2026-04-29 9:59:49,16.6,55,0,392,48814.9,OK,,,,,
2026-04-29 10:00:21,16.7,55,0,392,59949.6,OK,,,,,
2026-04-29 10:00:37,-40,0,0,0,0,OK,,,,,
2026-04-29 10:00:53,17,54,0.1,392,61054.5,OK,,,,,
2026-04-29 10:01:09,17.2,53,0.1,392,60416.5,OK,,,,,
2026-04-29 10:01:25,-40,0,0,0,0,OK,,,,,
2026-04-29 10:01:41,-40,0,0,0,0,OK,,,,,
2026-04-29 10:01:57,-40,0,0,0,0,OK,,,,,
2026-04-29 10:02:13,17.4,52,0.3,392,61712.8,OK,,,,,
2026-04-29 10:02:29,17.3,53,0.1,392,61857.8,OK,,,,,
2026-04-29 10:02:45,-40,0,0,0,0,OK,,,,,
2026-04-29 10:03:01,17.3,53,0,392,61599.7,OK,,,,,
2026-04-29 10:03:17,17.3,53,0,392,61591,OK,,,,,
2026-04-29 10:03:33,17.3,53,0,392,62188.4,OK,,,,,
2026-04-29 10:03:49,17.2,53,0.1,392,62394.3,OK,,,,,
2026-04-29 10:04:05,17.2,53,0.6,392,62173.9,OK,,,,,
2026-04-29 10:04:21,17,53,0.3,392,62171,OK,,,,,
2026-04-29 10:04:37,16.9,53,0.4,392,62469.7,OK,,,,,
2026-04-29 10:04:53,16.7,54,0,392,62031.8,OK,,,,,
2026-04-29 10:05:09,-40,0,0,0,0,OK,,,,,
2026-04-29 10:05:25,16.9,54,0.3,392,62075.3,OK,,,,,
2026-04-29 10:05:41,-40,0,0,0,0,OK,,,,,
2026-04-29 10:05:57,17,53,0,392,63130.9,OK,,,,,
2026-04-29 10:06:13,-40,0,0,0,0,OK,,,,,
2026-04-29 10:06:29,16.9,54,0.1,392,63032.3,OK,,,,,
2026-04-29 10:06:45,16.8,53,0.4,392,63563,OK,,,,,
2026-04-29 10:07:01,16.8,53,0,392,63786.3,OK,,,,,
2026-04-29 10:07:17,17,53,0.1,392,63832.7,OK,,,,,
2026-04-29 10:07:33,17,52,0.1,392,64641.8,OK,,,,,
2026-04-29 10:07:49,17,52,0,392,64691.1,OK,,,,,
2026-04-29 10:08:05,17.1,52,0,392,63499.2,OK,,,,,
2026-04-29 10:08:21,17.1,52,0,392,62107.2,OK,,,,,
2026-04-29 10:08:37,-40,0,0,0,0,OK,,,,,
2026-04-29 10:08:53,17.2,52,0,392,60712.3,OK,,,,,
2026-04-29 10:09:09,17.3,52,0,392,61770.8,OK,,,,,
2026-04-29 10:09:25,17.3,52,0,392,61573.6,OK,,,,,
2026-04-29 10:09:41,-40,0,0,0,0,OK,,,,,
2026-04-29 10:09:57,17.3,52,0.1,392,62890.2,OK,,,,,
2026-04-29 10:10:13,17.3,52,1.3,392,63458.6,OK,,,,,
2026-04-29 10:10:29,16.9,54,1.3,392,63789.2,OK,,,,,
2026-04-29 10:10:45,17,54,0.4,392,62794.5,OK,,,,,
2026-04-29 10:11:01,17.1,55,0.4,392,63012,OK,,,,,
2026-04-29 10:11:17,17.1,55,0,392,63800.8,OK,,,,,
2026-04-29 10:11:33,17.1,55,0.1,392,63925.5,OK,,,,,
2026-04-29 10:11:49,17.2,55,0,392,64624.4,OK,,,,,
2026-04-29 10:12:05,17.4,54,0.1,392,65027.5,OK,,,,,
2026-04-29 10:12:21,-40,0,0,0,0,OK,,,,,
2026-04-29 10:12:37,17.7,53,1.3,392,66036.7,OK,,,,,
2026-04-29 10:12:53,17.4,54,1.3,392,66088.9,OK,,,,,
2026-04-29 10:13:09,17.2,55,0.6,392,65456.7,OK,,,,,
2026-04-29 10:13:25,17.3,55,0.3,392,65943.9,OK,,,,,
2026-04-29 10:13:41,17.2,55,1.8,392,65227.6,OK,,,,,
2026-04-29 10:13:57,16.9,56,2.2,392,65946.8,OK,,,,,
2026-04-29 10:14:13,16.9,57,0.1,392,66987.9,OK,,,,,
2026-04-29 10:14:29,16.9,57,0.3,392,67309.8,OK,,,,,
2026-04-29 10:14:45,17,57,0.3,392,67347.5,OK,,,,,
2026-04-29 10:15:01,17.2,56,0.1,392,67283.7,OK,,,,,
2026-04-29 10:15:17,17.5,55,0,392,67672.3,OK,,,,,
2026-04-29 10:15:33,17.7,55,0,392,67225.7,OK,,,,,
2026-04-29 10:15:49,17.5,55,0.3,392,66929.9,OK,,,,,
2026-04-29 10:16:05,17.5,55,0.1,392,381952.2,OK,,,,,
2026-04-29 10:16:21,17.8,55,0.3,392,801530.5,OK,,,,,
2026-04-29 10:16:37,17.8,55,0.7,392,67034.3,OK,,,,,
2026-04-29 10:16:53,17.7,54,0.8,392,67478,OK,,,,,
2026-04-29 10:17:09,17.5,55,0.4,392,67048.8,OK,,,,,
2026-04-29 10:17:25,-40,0,0,0,0,OK,,,,,
2026-04-29 10:17:41,17.7,55,0.6,392,66152.7,OK,,,,,
2026-04-29 10:17:57,17.6,55,0.6,392,65642.3,OK,,,,,
2026-04-29 10:18:13,17.6,55,35.4,392,65520.5,OK,,,,,
2026-04-29 10:18:29,-40,0,0,0,0,OK,,,,,
2026-04-29 10:18:45,17.4,55,0.4,392,209557.6,OK,,,,,
2026-04-29 10:19:01,17.4,56,1,392,65601.7,OK,,,,,
2026-04-29 10:19:17,-40,0,0,0,0,OK,,,,,
2026-04-29 10:19:33,17.1,56,1,392,65221.8,OK,,,,,
2026-04-29 10:19:49,16.9,56,0.8,392,65143.5,OK,,,,,
2026-04-29 10:20:05,16.9,57,0.3,504,64151.7,OK,,,,,
2026-04-29 10:20:21,16.9,57,0.4,392,63592,OK,,,,,
2026-04-29 10:20:37,16.8,57,1,392,63397.7,OK,,,,,
2026-04-29 10:20:53,16.8,57,0.8,392,62101.4,OK,,,,,
2026-04-29 10:21:09,16.8,58,0.8,392,64000.9,OK,,,,,
2026-04-29 10:21:25,16.7,58,1.1,392,61556.2,OK,,,,,
2026-04-29 10:21:41,16.8,59,0.1,392,62318.9,OK,,,,,
2026-04-29 10:21:57,16.9,58,0,392,65767,OK,,,,,
2026-04-29 10:22:13,17,58,0,392,66013.5,OK,,,,,
2026-04-29 10:22:29,17.2,57,0,392,65332.1,OK,,,,,
2026-04-29 10:22:45,17.1,57,0,392,63368.7,OK,,,,,
2026-04-29 10:23:01,17.2,57,0,392,60141,OK,,,,,
2026-04-29 10:23:17,17.3,56,0,392,1417058.6,OK,,,,,
2026-04-29 10:23:33,17.3,56,0.6,392,58151.6,OK,,,,,
2026-04-29 10:23:49,17.2,57,0.3,392,58151.3,OK,,,,,
2026-04-29 10:24:05,17,57,1.1,392,57664.4,OK,,,,,
2026-04-29 10:24:21,-40,0,0,0,0,OK,,,,,
2026-04-29 10:24:37,-40,0,0,0,0,OK,,,,,
2026-04-29 10:24:53,16.9,58,0,392,56901.7,OK,,,,,
2026-04-29 10:25:09,17.1,57,0.7,392,57191.7,OK,,,,,
2026-04-29 10:25:25,16.9,58,1.5,392,58308.2,OK,,,,,
2026-04-29 10:25:41,16.8,58,1,392,57702.1,OK,,,,,
2026-04-29 10:25:57,16.8,58,1.1,392,58766.4,OK,,,,,
2026-04-29 10:26:13,16.6,58,2.5,392,59926.4,OK,,,,,
2026-04-29 10:26:29,16.4,59,1.7,392,58696.8,OK,,,,,
2026-04-29 10:26:45,16.3,59,1.7,392,59569.7,OK,,,,,
2026-04-29 10:27:01,16.2,252,0.3,392,59708.9,OK,,,,,
2026-04-29 10:27:17,16.3,59,0.8,392,59784.3,OK,,,,,
2026-04-29 10:27:33,35.4,158,1,392,59633.5,OK,,,,,
2026-04-29 10:27:49,16.2,60,1.4,392,60286,OK,,,,,
2026-04-29 10:28:05,-40,0,0,0,0,OK,,,,,
2026-04-29 10:28:21,16,61,0.6,3976,59471.1,OK,,,,,
2026-04-29 10:28:37,-40,0,0,0,0,OK,,,,,
2026-04-29 10:28:53,16.2,60,0.4,392,58969.4,OK,,,,,
2026-04-29 10:29:09,16.1,60,2,392,58885.3,OK,,,,,
2026-04-29 10:29:25,15.9,61,0.1,392,59961.2,OK,,,,,
2026-04-29 10:29:41,16,61,0,392,60346.9,OK,,,,,
2026-04-29 10:29:57,16.3,61,0.6,392,60222.2,OK,,,,,
2026-04-29 10:30:13,16.2,60,1.4,392,60074.3,OK,,,,,
2026-04-29 10:30:29,16.1,61,1.3,392,59900.3,OK,,,,,
2026-04-29 10:30:45,16.1,61,0.4,392,60030.8,OK,,,,,
2026-04-29 10:31:01,16,61,1.5,392,61002.3,OK,,,,,
2026-04-29 10:31:17,16.1,61,1.4,392,61234.3,OK,,,,,
2026-04-29 10:31:33,15.9,61,1.3,392,60410.7,OK,,,,,
2026-04-29 10:31:49,15.9,61,1.3,392,59015.8,OK,,,,,
2026-04-29 10:32:05,15.7,62,0.7,392,58891.1,OK,,,,,
2026-04-29 10:32:21,-40,0,0,0,0,OK,,,,,
2026-04-29 10:32:37,-40,0,0,0,0,OK,,,,,
2026-04-29 10:32:53,-40,0,0,0,0,OK,,,,,
2026-04-29 10:33:09,15.8,62,0.4,392,61533,OK,,,,,
2026-04-29 10:33:25,15.8,61,1.8,452,61709.9,OK,,,,,
2026-04-29 10:33:41,118,61,1.8,392,62188.4,OK,,,,,
2026-04-29 10:33:57,15.6,62,1.1,392,63855.9,OK,,,,,
2026-04-29 10:34:13,-40,0,0,0,0,OK,,,,,
2026-04-29 10:34:29,-40,0,0,0,0,OK,,,,,
2026-04-29 10:34:45,15.7,62,0.8,392,63293.3,OK,,,,,
2026-04-29 10:35:01,15.7,62,0.8,392,65410.2,OK,,,,,
2026-04-29 10:35:17,15.8,62,0.1,392,64569.3,OK,,,,,
2026-04-29 10:35:33,-40,0,0,0,0,OK,,,,,
2026-04-29 10:36:05,15.8,62,0.3,392,65198.6,OK,,,,,
2026-04-29 10:36:21,15.9,61,1,392,65372.6,OK,,,,,
2026-04-29 10:36:37,16,61,0.8,392,66033.8,OK,,,,,
2026-04-29 10:36:53,16,61,0.4,392,65917.8,OK,,,,,
2026-04-29 10:37:09,16.1,61,0,392,65790.2,OK,,,,,
2026-04-29 10:37:25,16.3,61,0.3,392,65305.9,OK,,,,,
2026-04-29 10:37:41,-40,0,0,0,0,OK,,,,,
2026-04-29 10:37:57,16.6,61,0.1,392,65633.6,OK,,,,,
2026-04-29 10:38:13,16.6,60,0.1,392,66112.1,OK,,,,,
2026-04-29 10:38:29,16.7,60,0,392,66231,OK,,,,,
2026-04-29 10:38:45,16.8,60,0.1,392,66231,OK,,,,,
2026-04-29 10:39:01,16.9,60,0.7,392,406722.4,OK,,,,,
2026-04-29 10:39:17,16.8,59,0.8,392,66518.1,OK,,,,,
2026-04-29 10:39:33,16.7,60,0.6,392,65972.9,OK,,,,,
2026-04-29 10:39:49,16.6,60,0.7,392,66848.7,OK,,,,,
2026-04-29 10:40:21,16.4,60,0,392,68014.5,OK,,,,,
2026-04-29 10:40:37,16.5,60,0.1,392,68292.9,OK,,,,,
2026-04-29 10:40:53,16.6,60,0,392,68925.1,OK,,,,,
2026-04-29 10:41:09,16.8,59,0.3,392,69087.5,OK,,,,,
2026-04-29 10:41:25,16.7,59,0.7,392,69122.3,OK,,,,,
2026-04-29 10:41:41,16.6,59,1.5,392,69191.9,OK,,,,,
2026-04-29 10:41:57,-40,0,0,0,0,OK,,,,,
2026-04-29 10:42:13,-40,0,0,0,0,OK,,,,,
2026-04-29 10:42:29,-40,0,0,0,0,OK,,,,,
2026-04-29 10:42:45,16.6,59,0.7,392,69357.2,OK,,,,,
2026-04-29 10:43:01,16.5,58,0.7,392,69638.5,OK,,,,,
2026-04-29 10:43:17,16.5,58,0.8,392,70032.9,OK,,,,,
2026-04-29 10:43:33,16.3,59,1.8,392,70359.5,OK,,,,,
2026-04-29 10:43:49,16,59,1.8,392,70688.3,OK,,,,,
2026-04-29 10:44:05,15.8,60,1.4,392,71050.8,OK,,,,,
2026-04-29 10:44:21,15.7,60,1.5,392,71587.3,OK,,,,,
2026-04-29 10:44:37,15.5,61,1.8,392,71920.8,OK,,,,,
2026-04-29 10:44:53,15.4,61,3.8,392,72141.2,OK,,,,,
2026-04-29 10:45:09,15.4,61,1.3,392,72219.5,OK,,,,,
2026-04-29 10:45:25,15.4,62,0.8,392,72884.1,OK,,,,,
2026-04-29 10:45:41,-40,0,0,0,0,OK,,,,,
2026-04-29 10:45:57,15.9,61,0,392,72785,OK,,,,,
2026-04-29 10:46:13,-40,0,0,0,0,OK,,,,,
2026-04-29 10:46:29,16.3,60,0.4,392,73040.2,OK,,,,,
2026-04-29 10:46:45,16.4,59,1.1,392,72851.7,OK,,,,,
2026-04-29 10:47:17,16.2,59,0.4,392,72474.7,OK,,,,,
2026-04-29 10:47:33,16.3,59,2,392,72686.4,OK,,,,,
2026-04-29 10:47:49,16.1,59,1.5,392,72335.5,OK,,,,,
2026-04-29 10:48:05,16.1,59,1.3,392,72390.6,OK,,,,,
2026-04-29 10:48:21,16.2,59,0.6,392,71169.7,OK,,,,,
2026-04-29 10:48:37,16.2,59,1.1,504,71268.3,OK,,,,,
2026-04-29 10:48:53,16.3,251,0.7,392,71865.7,OK,,,,,
2026-04-29 10:49:09,16.2,59,1.1,392,72100.6,OK,,,,,
2026-04-29 10:49:25,16.1,59,1.8,392,71538,OK,,,,,
2026-04-29 10:49:41,15.9,60,1.8,392,70702.8,OK,,,,,
2026-04-29 10:50:45,16,61,0.1,392,71511.9,OK,,,,,
2026-04-29 10:51:01,16.1,61,0.7,392,71271.2,OK,,,,,
2026-04-29 10:51:17,16.1,60,0.8,392,70482.4,OK,,,,,
2026-04-29 10:51:33,16.2,60,0.4,452,70601.3,OK,,,,,
2026-04-29 10:51:49,16.4,60,0,392,70209.8,OK,,,,,
2026-04-29 10:52:05,-40,0,0,0,0,OK,,,,,
2026-04-29 10:52:21,16.4,59,0.6,392,70395.4,OK,,,,,
2026-04-29 10:52:37,16.4,59,1.5,392,70334.5,OK,,,,,
2026-04-29 10:52:53,16.2,59,0.6,392,69621.1,OK,,,,,
2026-04-29 10:53:09,16.4,58,0.6,392,69064.3,OK,,,,,
2026-04-29 10:53:25,16.3,58,1.7,392,68852.6,OK,,,,,
2026-04-29 10:53:41,16.2,58,0.6,392,68591.6,OK,,,,,
2026-04-29 10:53:57,16.4,59,0,392,69310.8,OK,,,,,
2026-04-29 10:54:13,-40,0,0,0,0,OK,,,,,
2026-04-29 10:54:29,16.4,59,0.4,392,68205.9,OK,,,,,
2026-04-29 10:54:45,-40,0,0,0,0,OK,,,,,
2026-04-29 10:55:01,16.3,59,1,392,874136.3,OK,,,,,
2026-04-29 10:55:17,16.1,59,1.7,392,67411.3,OK,,,,,
2026-04-29 10:55:33,16.1,60,0.8,392,66695,OK,,,,,
2026-04-29 10:55:49,16.2,61,0,392,65946.8,OK,,,,,
2026-04-29 10:56:05,16.4,60,0.7,392,66500.7,OK,,,,,
2026-04-29 10:56:21,16.3,60,1.3,392,66558.7,OK,,,,,
2026-04-29 10:56:37,16.1,60,1.4,392,66407.9,OK,,,,,
2026-04-29 10:56:53,-40,0,0,0,0,OK,,,,,
2026-04-29 10:57:09,16.3,60,0.1,392,67037.2,OK,,,,,
2026-04-29 10:57:25,16.4,59,0,392,67312.7,OK,,,,,
2026-04-29 10:57:41,16.6,59,0.1,392,66086,OK,,,,,
2026-04-29 10:57:57,16.7,59,0,392,64975.3,OK,,,,,
2026-04-29 10:58:13,16.8,59,0.3,392,64412.7,OK,,,,,
2026-04-29 10:58:29,16.8,58,0.7,392,63789.2,OK,,,,,
2026-04-29 10:58:45,-40,0,0,0,0,OK,,,,,
2026-04-29 10:59:01,16.7,58,1.1,392,64409.8,OK,,,,,
2026-04-29 10:59:17,16.5,58,1.3,392,64421.4,OK,,,,,
2026-04-29 10:59:33,16.5,58,0.3,392,61402.5,OK,,,,,
2026-04-29 10:59:49,16.5,59,0.8,392,61454.7,OK,,,,,
2026-04-29 11:00:05,16.5,60,1,392,62864.1,OK,,,,,
2026-04-29 11:00:21,16.5,60,0.8,392,63835.6,OK,,,,,
2026-04-29 11:00:37,16.5,60,0,392,63980.6,OK,,,,,
2026-04-29 11:00:53,-40,0,0,0,0,OK,,,,,
2026-04-29 11:01:09,16.5,59,0.3,392,62959.8,OK,,,,,
2026-04-29 11:01:25,-40,0,0,0,0,OK,,,,,
2026-04-29 11:01:41,-40,0,0,0,0,OK,,,,,
2026-04-29 11:01:57,16.5,59,1.1,392,61037.1,OK,,,,,
2026-04-29 11:02:13,16.5,59,0.8,392,60996.5,OK,,,,,
2026-04-29 11:02:29,16.4,59,0.7,392,61112.5,OK,,,,,
2026-04-29 11:02:45,16.3,59,0.6,392,60723.9,OK,,,,,
2026-04-29 11:03:01,16.3,60,0.3,392,60146.8,OK,,,,,
2026-04-29 11:03:17,16.4,60,0.1,392,60225.1,OK,,,,,
2026-04-29 11:03:33,16.5,59,0.3,392,60286,OK,,,,,
2026-04-29 11:03:49,16.5,59,0.1,392,60155.5,OK,,,,,
2026-04-29 11:04:05,-40,0,0,0,0,OK,,,,,
2026-04-29 11:04:21,16.2,59,1.3,392,60494.8,OK,,,,,
2026-04-29 11:04:37,16,60,1.1,392,60692,OK,,,,,
2026-04-29 11:04:53,-40,0,0,0,0,OK,,,,,
2026-04-29 11:05:09,16.2,60,0,392,60039.5,OK,,,,,
2026-04-29 11:05:25,-40,0,0,0,0,OK,,,,,
2026-04-29 11:05:41,16.3,59,0.4,392,59413.1,OK,,,,,
2026-04-29 11:05:57,16.3,59,0,392,58711.3,OK,,,,,
2026-04-29 11:06:13,16.4,59,0,392,57893.5,OK,,,,,
2026-04-29 11:06:29,16.4,59,0.3,392,57870.3,OK,,,,,
2026-04-29 11:06:45,-40,0,0,0,0,OK,,,,,
2026-04-29 11:07:01,16.7,58,0.4,392,58299.5,OK,,,,,
2026-04-29 11:07:17,16.7,57,1.3,392,58517,OK,,,,,
2026-04-29 11:07:33,16.5,58,1.1,392,58754.8,OK,,,,,
2026-04-29 11:07:49,16.6,58,0.4,392,59157.9,OK,,,,,
2026-04-29 11:08:05,16.7,58,0,392,62978.5,OK,,,,,
2026-04-29 11:08:21,16.8,57,0.3,392,59155,OK,,,,,
2026-04-29 11:08:37,16.9,57,0.1,392,58395.2,OK,,,,,
2026-04-29 11:08:53,16.9,57,0.6,392,57502,OK,,,,,
2026-04-29 11:09:09,16.9,57,0.1,504,56634.9,OK,,,,,
2026-04-29 11:09:25,16.8,57,1.7,392,56521.8,OK,,,,,
2026-04-29 11:09:41,16.7,57,1.1,392,56463.8,OK,,,,,
2026-04-29 11:09:57,16.5,57,0.6,392,56330.4,OK,,,,,
2026-04-29 11:10:13,16.6,57,0.3,408,56011.4,OK,,,,,
2026-04-29 11:10:29,16.6,58,0.1,392,56257.9,OK,,,,,
2026-04-29 11:10:45,16.7,58,0.3,392,56661,OK,,,,,
2026-04-29 11:11:01,16.8,58,0.6,392,56505.1,OK,,,,,
2026-04-29 11:11:17,16.8,57,0.7,392,55962.1,OK,,,,,
2026-04-29 11:11:33,16.8,57,0.6,392,55477.8,OK,,,,,
2026-04-29 11:11:49,16.9,56,0.4,392,55492.3,OK,,,,,
2026-04-29 11:12:05,16.9,56,0.3,392,55660.5,OK,,,,,
2026-04-29 11:12:21,17,57,0.4,392,55718.5,OK,,,,,
2026-04-29 11:12:37,-40,0,0,0,0,OK,,,,,
2026-04-29 11:12:53,16.9,58,0.8,392,55266.1,OK,,,,,
2026-04-29 11:13:09,16.7,59,1,392,54674.5,OK,,,,,
2026-04-29 11:13:25,16.8,59,0,392,54372.9,OK,,,,,
2026-04-29 11:13:41,17,59,0,392,54245.3,OK,,,,,
2026-04-29 11:13:57,17,58,0.1,392,53421.7,OK,,,,,
2026-04-29 11:14:13,17.1,58,0,392,53679.8,OK,,,,,
2026-04-29 11:14:29,17.2,58,0.6,392,53395.6,OK,,,,,
2026-04-29 11:14:45,17.2,58,0.7,392,53792.9,OK,,,,,
2026-04-29 11:15:01,17.2,56,1,392,53993,OK,,,,,
2026-04-29 11:15:17,17.2,56,1.3,392,53740.7,OK,,,,,
2026-04-29 11:15:33,17.2,56,0.1,392,54117.7,OK,,,,,
2026-04-29 11:15:49,17.3,56,0,392,54338.1,OK,,,,,
2026-04-29 11:16:53,17.4,56,0.6,392,55216.8,OK,,,,,
2026-04-29 11:17:09,17.3,57,0.7,392,55530,OK,,,,,
2026-04-29 11:17:25,17.2,57,0.1,392,55599.6,OK,,,,,
2026-04-29 11:17:41,-40,0,0,0,0,OK,,,,,
2026-04-29 11:17:57,17.1,58,0.4,392,55814.2,OK,,,,,
2026-04-29 11:18:13,17.1,58,1.1,392,580766.5,OK,,,,,
2026-04-29 11:18:29,17,58,0.8,392,56605.9,OK,,,,,
2026-04-29 11:18:45,42.5,58,0.1,392,56513.1,OK,,,,,
2026-04-29 11:19:01,16.8,58,0.3,392,56956.8,OK,,,,,
2026-04-29 11:19:17,16.8,57,0.1,392,57055.4,OK,,,,,
2026-04-29 11:19:33,16.7,58,0.7,392,162667,OK,,,,,
2026-04-29 11:19:49,16.8,58,0.7,392,58166.1,OK,,,,,
2026-04-29 11:20:05,16.9,58,0,392,58653.3,OK,,,,,
2026-04-29 11:20:21,17.1,58,0,392,58334.3,OK,,,,,
2026-04-29 11:20:37,17.2,58,0.6,392,59358,OK,,,,,
2026-04-29 11:20:53,-40,0,0,0,0,OK,,,,,
2026-04-29 11:21:09,-40,0,0,0,0,OK,,,,,
2026-04-29 11:21:25,16.6,58,1.7,392,60172.9,OK,,,,,
2026-04-29 11:21:41,16.6,59,0.4,392,59674.1,OK,,,,,
2026-04-29 11:21:57,16.8,59,0.3,392,60065.6,OK,,,,,
2026-04-29 11:22:13,16.8,58,0.6,392,60097.5,OK,,,,,
2026-04-29 11:22:29,16.8,59,0.4,392,59595.8,OK,,,,,
2026-04-29 11:22:45,16.8,59,0.4,392,59949.6,OK,,,,,
2026-04-29 11:23:01,-40,0,0,0,0,OK,,,,,
2026-04-29 11:23:17,16.6,59,0.7,392,58708.4,OK,,,,,
2026-04-29 11:23:33,-40,0,0,0,0,OK,,,,,
2026-04-29 11:23:49,-40,0,0,0,0,OK,,,,,
2026-04-29 11:24:05,16.5,59,1,392,59204.3,OK,,,,,
2026-04-29 11:24:21,16.5,59,1.3,392,58493.8,OK,,,,,
2026-04-29 11:24:37,16.5,60,0,392,58009.5,OK,,,,,
2026-04-29 11:24:53,16.7,59,0,392,58380.7,OK,,,,,
2026-04-29 11:25:09,16.9,59,0,392,58751.9,OK,,,,,
2026-04-29 11:25:25,-40,0,0,0,0,OK,,,,,
2026-04-29 11:25:41,17,58,0,392,58711.3,OK,,,,,
2026-04-29 11:25:57,-40,0,0,0,0,OK,,,,,
2026-04-29 11:26:13,-40,0,0,0,0,OK,,,,,
2026-04-29 11:26:29,17.5,56,0.3,392,56608.8,OK,,,,,
2026-04-29 11:26:45,17.4,56,0,392,56817.6,OK,,,,,
2026-04-29 11:27:01,17.5,55,0.1,392,57168.5,OK,,,,,
2026-04-29 11:27:17,-40,0,0,0,0,OK,,,,,
2026-04-29 11:27:33,17.5,247,13.4,392,58691,OK,,,,,
2026-04-29 11:27:49,17.5,55,1.3,392,58157.4,OK,,,,,
2026-04-29 11:28:05,-40,0,0,0,0,OK,,,,,
2026-04-29 11:28:21,17.4,56,1.4,392,57217.8,OK,,,,,
2026-04-29 11:28:37,17.3,55,0.7,392,56864,OK,,,,,
2026-04-29 11:28:53,17.4,55,0.7,392,57246.8,OK,,,,,
2026-04-29 11:29:09,17.3,55,0,392,57194.6,OK,,,,,
2026-04-29 11:29:25,-40,0,0,0,0,OK,,,,,
2026-04-29 11:29:41,17.3,56,0.6,504,56835,OK,,,,,
2026-04-29 11:29:57,17.4,56,0.6,392,56382.6,OK,,,,,
2026-04-29 11:30:13,17.3,56,0.3,392,56484.1,OK,,,,,
2026-04-29 11:30:29,-40,0,0,0,0,OK,,,,,
2026-04-29 11:30:45,16.8,58,1.1,392,55999.8,OK,,,,,
2026-04-29 11:31:01,-40,0,0,0,0,OK,,,,,
2026-04-29 11:31:17,-40,0,0,0,0,OK,,,,,
2026-04-29 11:31:33,16.8,58,0.6,392,54517.9,OK,,,,,
2026-04-29 11:31:49,16.7,58,0.4,392,54834,OK,,,,,
2026-04-29 11:32:05,16.8,58,0.7,392,55254.5,OK,,,,,
2026-04-29 11:32:21,17,58,0,392,54320.7,OK,,,,,
2026-04-29 11:32:37,17.1,57,0.8,392,54082.9,OK,,,,,
2026-04-29 11:32:53,16.9,57,2,392,52389.3,OK,,,,,
2026-04-29 11:33:09,16.6,57,0.8,392,51441.6,OK,,,,,
2026-04-29 11:33:25,16.4,57,1.1,392,51200.3,OK,,,,,
2026-04-29 11:33:41,16.3,58,0.3,392,51574.4,OK,,,,,
2026-04-29 11:33:57,16.3,58,1.5,392,51835.4,OK,,,,,
2026-04-29 11:34:13,16.1,58,1.4,392,52592.3,OK,,,,,
2026-04-29 11:34:29,16.1,59,0.3,392,52711.2,OK,,,,,
2026-04-29 11:34:45,16.1,59,0.4,392,55904.1,OK,,,,,
2026-04-29 11:35:01,-40,0,0,0,0,OK,,,,,
2026-04-29 11:35:17,16.4,59,0.7,392,57107.6,OK,,,,,
2026-04-29 11:35:33,-40,0,0,0,0,OK,,,,,
2026-04-29 11:35:49,16.4,59,0,392,59340.6,OK,,,,,
2026-04-29 11:36:05,16.5,59,0,392,60103.3,OK,,,,,
2026-04-29 11:36:21,16.6,59,0,392,60889.2,OK,,,,,
2026-04-29 11:36:37,16.7,58,0.3,392,61077.7,OK,,,,,
2026-04-29 11:36:53,16.9,58,0,392,61419.9,OK,,,,,
2026-04-29 11:37:09,17.1,58,0.7,392,62220.3,OK,,,,,
2026-04-29 11:37:25,17.2,56,1.8,392,167159.1,OK,,,,,
2026-04-29 11:37:41,17,57,1.7,392,62664,OK,,,,,
2026-04-29 11:37:57,16.9,57,0,392,61994.1,OK,,,,,
2026-04-29 11:38:13,16.9,57,1.3,392,61744.7,OK,,,,,
2026-04-29 11:38:29,16.7,57,1,392,61428.6,OK,,,,,
2026-04-29 11:38:45,16.7,57,0.7,392,61930.3,OK,,,,,
2026-04-29 11:39:01,16.7,57,0.3,392,62391.4,OK,,,,,
2026-04-29 11:39:17,16.7,57,0.1,392,60033.7,OK,,,,,
2026-04-29 11:39:33,16.8,57,0.3,392,57823.9,OK,,,,,
2026-04-29 11:39:49,16.8,56,0,392,54306.2,OK,,,,,
2026-04-29 11:40:05,16.8,55,0,392,52464.7,OK,,,,,
2026-04-29 11:40:21,16.8,56,1.5,392,49634.3,OK,,,,,
2026-04-29 11:40:37,16.8,56,0.8,392,47789.9,OK,,,,,
2026-04-29 11:40:53,16.7,56,1.5,392,46673.4,OK,,,,,
2026-04-29 11:41:09,16.6,57,0.3,392,46673.4,OK,,,,,
2026-04-29 11:41:25,16.6,57,0,392,46658.9,OK,,,,,
2026-04-29 11:41:41,-40,0,0,0,0,OK,,,,,
2026-04-29 11:41:57,17,56,0.4,392,45696.1,OK,,,,,
2026-04-29 11:42:13,17,56,0.4,392,44863.8,OK,,,,,
2026-04-29 11:42:29,17,55,0.4,392,44428.8,OK,,,,,
2026-04-29 11:42:45,16.8,56,0.6,392,43495,OK,,,,,
2026-04-29 11:43:01,16.8,56,0.7,392,43654.5,OK,,,,,
2026-04-29 11:43:17,16.8,56,0.6,392,43602.3,OK,,,,,
2026-04-29 11:43:33,16.7,57,0.8,392,42845.4,OK,,,,,
2026-04-29 11:43:49,16.7,57,0.1,392,42378.5,OK,,,,,
2026-04-29 11:44:05,16.7,57,0.3,392,41966.7,OK,,,,,
2026-04-29 11:44:21,16.8,57,0.3,392,41807.2,OK,,,,,
2026-04-29 11:44:37,16.9,57,0.3,392,41595.5,OK,,,,,
2026-04-29 11:44:53,17,57,0.3,392,41291,OK,,,,,
2026-04-29 11:45:09,17,57,0.4,392,41088,OK,,,,,
2026-04-29 11:45:25,17,57,0.1,392,40980.7,OK,,,,,
2026-04-29 11:45:41,17,56,0,392,40650.1,OK,,,,,
2026-04-29 11:45:57,17,56,0,392,40174.5,OK,,,,,
2026-04-29 11:46:13,17.1,56,1,392,39858.4,OK,,,,,
2026-04-29 11:46:29,16.8,54,1.1,392,39896.1,OK,,,,,
2026-04-29 11:46:45,16.8,55,0,392,39742.4,OK,,,,,
2026-04-29 11:47:01,16.9,55,1.1,392,39733.7,OK,,,,,
2026-04-29 11:47:17,16.5,56,1.7,392,39693.1,OK,,,,,
2026-04-29 11:47:33,16.4,57,0.6,392,39565.5,OK,,,,,
2026-04-29 11:47:49,16.5,57,0.3,392,39551,OK,,,,,
2026-04-29 11:48:05,-40,0,0,0,0,OK,,,,,
2026-04-29 11:48:21,16.6,55,0,392,39553.9,OK,,,,,
2026-04-29 11:48:53,16.6,55,0,392,39423.4,OK,,,,,
2026-04-29 11:49:09,-40,0,0,0,0,OK,,,,,
2026-04-29 11:49:25,16.7,56,0,392,39310.3,OK,,,,,
2026-04-29 11:49:41,16.8,56,0,392,39345.1,OK,,,,,
2026-04-29 11:49:57,16.9,57,0,392,39571.3,OK,,,,,
2026-04-29 11:50:13,16.9,57,0.6,392,39748.2,OK,,,,,
2026-04-29 11:50:29,16.8,57,0.6,392,39748.2,OK,,,,,
2026-04-29 11:50:45,16.7,58,0.6,392,40015,OK,,,,,
2026-04-29 11:51:01,16.7,58,0.3,392,40270.2,OK,,,,,
2026-04-29 11:51:17,-40,0,0,0,0,OK,,,,,
2026-04-29 11:51:33,16.7,249,13.4,504,40592.1,OK,,,,,
2026-04-29 11:51:49,-40,0,0,0,0,OK,,,,,
2026-04-29 11:52:05,16.7,57,0.4,392,40452.9,OK,,,,,
2026-04-29 11:52:21,16.7,57,0.1,392,40644.3,OK,,,,,
2026-04-29 11:52:37,16.7,56,0.3,392,40864.7,OK,,,,,
2026-04-29 11:52:53,16.8,56,0.1,392,40829.9,OK,,,,,
2026-04-29 11:53:09,16.9,56,0,392,40774.8,OK,,,,,
2026-04-29 11:53:25,16.9,56,0,392,41366.4,OK,,,,,
2026-04-29 11:53:41,17,56,0.1,392,41491.1,OK,,,,,
2026-04-29 11:53:57,17,56,0,392,41456.3,OK,,,,,
2026-04-29 11:54:13,-40,0,0,0,0,OK,,,,,
2026-04-29 11:54:29,-40,0,0,0,0,OK,,,,,
2026-04-29 11:54:45,17,56,1.3,392,41572.3,OK,,,,,
2026-04-29 11:55:01,-40,0,0,0,0,OK,,,,,
2026-04-29 11:55:17,16.7,56,0.3,392,41836.2,OK,,,,,
2026-04-29 11:55:33,16.7,56,0.8,392,42117.5,OK,,,,,
2026-04-29 11:55:49,16.5,56,0.8,392,42323.4,OK,,,,,
2026-04-29 11:56:05,16.5,56,0,392,1303947,OK,,,,,
2026-04-29 11:56:21,16.6,56,0.4,392,42778.7,OK,,,,,
2026-04-29 11:56:37,16.4,56,1,392,42851.2,OK,,,,,
2026-04-29 11:56:53,16.4,56,0.1,392,43228.2,OK,,,,,
2026-04-29 11:57:09,16.4,56,0.6,392,43361.6,OK,,,,,
2026-04-29 11:57:25,-40,0,0,0,0,OK,,,,,
2026-04-29 11:57:41,16.3,248,17.9,392,43840.1,OK,,,,,
2026-04-29 11:57:57,-40,0,0,0,0,OK,,,,,
2026-04-29 11:58:13,16.2,57,0.4,392,44840.6,OK,,,,,
2026-04-29 11:58:29,16.3,57,0,392,45055.2,OK,,,,,
2026-04-29 11:58:45,-40,0,0,0,0,OK,,,,,
2026-04-29 11:59:01,16.5,57,0.1,392,46087.6,OK,,,,,
2026-04-29 11:59:17,16.6,56,0.3,408,46348.6,OK,,,,,
2026-04-29 11:59:33,16.7,56,0.7,392,46264.5,OK,,,,,
2026-04-29 11:59:49,-40,0,0,0,0,OK,,,,,
2026-04-29 12:00:05,16.5,55,0.6,392,46676.3,OK,,,,,
2026-04-29 12:00:21,16.5,55,0.7,392,47311.4,OK,,,,,
2026-04-29 12:00:37,16.5,55,0.3,392,47076.5,OK,,,,,
2026-04-29 12:00:53,-40,0,0,0,0,OK,,,,,
2026-04-29 12:01:09,-40,0,0,0,0,OK,,,,,
2026-04-29 12:01:25,-40,0,0,0,0,OK,,,,,
2026-04-29 12:01:41,16.5,55,0,392,50623.2,OK,,,,,
2026-04-29 12:01:57,16.6,55,0.1,392,51046.6,OK,,,,,
2026-04-29 12:02:13,16.6,55,0,392,53134.6,OK,,,,,
2026-04-29 12:02:29,-40,0,0,0,0,OK,,,,,
2026-04-29 12:02:45,-40,0,0,0,0,OK,,,,,
2026-04-29 12:03:01,16.6,54,0.1,392,54132.2,OK,,,,,
2026-04-29 12:03:17,16.6,55,0.8,392,53871.2,OK,,,,,
2026-04-29 12:03:33,16.6,55,0.1,392,52963.5,OK,,,,,
2026-04-29 12:03:49,16.7,55,1.3,392,53250.6,OK,,,,,
2026-04-29 12:04:05,16.5,55,1.4,392,53650.8,OK,,,,,
2026-04-29 12:04:21,16.4,56,0,392,54541.1,OK,,,,,
2026-04-29 12:04:37,-40,0,0,0,0,OK,,,,,
2026-04-29 12:04:53,16.4,57,0.4,392,55228.4,OK,,,,,
2026-04-29 12:05:09,16.5,56,0.3,392,55155.9,OK,,,,,
2026-04-29 12:05:25,16.4,56,0,392,54622.3,OK,,,,,
2026-04-29 12:05:41,16.4,55,0.1,392,56750.9,OK,,,,,
2026-04-29 12:05:57,16.5,56,0,392,55657.6,OK,,,,,
2026-04-29 12:06:13,16.6,56,0.8,392,55225.5,OK,,,,,
2026-04-29 12:06:29,16.5,55,0.6,392,54027.8,OK,,,,,
2026-04-29 12:06:45,16.5,55,0,392,54871.7,OK,,,,,
2026-04-29 12:07:01,16.6,55,0,392,54091.6,OK,,,,,
2026-04-29 12:07:17,16.7,56,0,392,53601.5,OK,,,,,
2026-04-29 12:07:33,16.7,55,0.4,392,52435.7,OK,,,,,
2026-04-29 12:07:49,16.6,55,0.6,392,52421.2,OK,,,,,
2026-04-29 12:08:05,16.8,55,0.1,392,51397.5,OK,,,,,
2026-04-29 12:08:21,16.9,55,0.6,392,50631.9,OK,,,,,
2026-04-29 12:08:37,17,55,0,392,50635.7,OK,,,,,
2026-04-29 12:08:53,17.1,55,1,392,49022.4,OK,,,,,
2026-04-29 12:09:09,16.8,55,1.3,392,48764.3,OK,,,,,
2026-04-29 12:09:25,16.7,56,0.8,392,48610.6,OK,,,,,
2026-04-29 12:09:41,16.8,56,0.3,392,48242.3,OK,,,,,
2026-04-29 12:09:57,16.9,55,0.1,392,49242.8,OK,,,,,
2026-04-29 12:10:13,16.9,55,0,392,49808.3,OK,,,,,
2026-04-29 12:10:29,16.9,55,0.6,392,50840.7,OK,,,,,
2026-04-29 12:10:45,16.9,56,0.6,392,50762.4,OK,,,,,
2026-04-29 12:11:01,16.8,55,1,392,49582.1,OK,,,,,
2026-04-29 12:11:17,-40,0,0,0,0,OK,,,,,
2026-04-29 12:11:33,16.4,54,1,392,48999.2,OK,,,,,
2026-04-29 12:11:49,-40,0,0,0,0,OK,,,,,
2026-04-29 12:12:05,16.4,56,0.1,392,48227.8,OK,,,,,
2026-04-29 12:12:21,16.6,55,0.8,392,47975.5,OK,,,,,
2026-04-29 12:12:37,16.7,56,0,392,47972.6,OK,,,,,
2026-04-29 12:12:53,16.8,56,0.7,392,48433.7,OK,,,,,
2026-04-29 12:13:09,16.8,55,0.3,392,48561.3,OK,,,,,
2026-04-29 12:13:25,16.8,55,0,392,48897.7,OK,,,,,
2026-04-29 12:13:41,16.8,55,0,392,49645.9,OK,,,,,
2026-04-29 12:13:57,16.8,55,0.6,392,49846,OK,,,,,
2026-04-29 12:14:13,-40,0,0,0,0,OK,,,,,
2026-04-29 12:14:29,-40,0,0,0,0,OK,,,,,
2026-04-29 12:14:45,16.8,55,1.5,392,49469,OK,,,,,
2026-04-29 12:15:01,16.6,56,1.1,392,49877.9,OK,,,,,
2026-04-29 12:15:17,16.4,56,1.3,392,49628.5,OK,,,,,
2026-04-29 12:15:33,16.3,57,0.1,392,49054.3,OK,,,,,
2026-04-29 12:15:49,16.3,57,0.1,392,48088.6,OK,,,,,
2026-04-29 12:16:05,16.4,57,0.1,392,47412.9,OK,,,,,
2026-04-29 12:16:21,16.5,56,0.3,392,47320.1,OK,,,,,
2026-04-29 12:16:37,16.5,56,1,392,47053.3,OK,,,,,
2026-04-29 12:16:53,16.6,56,0.3,392,46801,OK,,,,,
2026-04-29 12:17:09,16.5,56,0.8,392,46177.5,OK,,,,,
2026-04-29 12:17:25,16.4,56,1.3,392,45907.8,OK,,,,,
2026-04-29 12:17:41,16.4,56,1,392,46580.6,OK,,,,,
2026-04-29 12:17:57,16.4,56,0.6,392,46957.6,OK,,,,,
2026-04-29 12:18:13,16.4,55,0.1,392,47497,OK,,,,,
2026-04-29 12:18:45,16.4,54,0.3,392,47096.8,OK,,,,,
2026-04-29 12:19:01,16.5,54,0.1,392,47346.2,OK,,,,,
2026-04-29 12:19:17,16.5,55,0,392,47508.6,OK,,,,,
2026-04-29 12:19:33,16.7,54,0,392,47143.2,OK,,,,,
2026-04-29 12:19:49,16.7,54,0.3,392,47511.5,OK,,,,,
2026-04-29 12:20:05,16.8,54,0.1,392,47369.4,OK,,,,,
2026-04-29 12:20:21,16.8,54,0.3,392,47221.5,OK,,,,,
2026-04-29 12:20:37,17,54,0.1,392,48121.7,OK,,,,,
2026-04-29 12:20:53,17.1,53,0.1,392,48352.5,OK,,,,,
2026-04-29 12:21:09,17.1,52,0.1,392,48854.2,OK,,,,,
2026-04-29 12:21:25,16.9,51,1.3,392,49529.9,OK,,,,,
2026-04-29 12:21:41,16.8,51,0,392,49796.7,OK,,,,,
2026-04-29 12:21:57,16.7,51,0.6,392,49440,OK,,,,,
2026-04-29 12:22:13,16.7,52,0.1,392,50144.7,OK,,,,,
2026-04-29 12:22:29,16.7,52,0.8,392,50745,OK,,,,,
2026-04-29 12:22:45,-40,0,0,0,0,OK,,,,,
2026-04-29 12:23:01,16.4,52,1.3,392,51835.4,OK,,,,,
2026-04-29 12:23:17,16.5,52,0.1,392,52003.6,OK,,,,,
2026-04-29 12:23:33,16.6,52,0,392,52012.3,OK,,,,,
2026-04-29 12:23:49,16.7,52,0,392,52566.2,OK,,,,,
2026-04-29 12:24:05,16.9,52,0,392,52490.8,OK,,,,,
2026-04-29 12:24:21,17,52,0.3,392,52879.4,OK,,,,,
2026-04-29 12:24:37,16.9,52,1.3,392,52850.4,OK,,,,,
2026-04-29 12:24:53,16.9,52,0.6,2040,53128.8,OK,,,,,
2026-04-29 12:25:09,16.8,53,0.1,392,53108.5,OK,,,,,
2026-04-29 12:25:25,17,53,0.3,392,53041.8,OK,,,,,
2026-04-29 12:25:41,-40,0,0,0,0,OK,,,,,
2026-04-29 12:25:57,17.1,52,0.3,392,54335.2,OK,,,,,
2026-04-29 12:26:13,17,52,0.6,392,54802.1,OK,,,,,
2026-04-29 12:26:29,17,52,0.3,392,54962.5,OK,,,,,
2026-04-29 12:26:45,16.9,51,1,392,55329.9,OK,,,,,
2026-04-29 12:27:01,16.9,52,0.1,392,55263.2,OK,,,,,
2026-04-29 12:27:17,17,52,0.3,392,55057.3,OK,,,,,
2026-04-29 12:27:33,17.2,52,0.3,392,55132.7,OK,,,,,
2026-04-29 12:27:49,17.1,51,0.7,392,54773.1,OK,,,,,
2026-04-29 12:28:05,17.1,51,0.4,392,53691.4,OK,,,,,
2026-04-29 12:28:21,17.2,50,0.8,392,52417.3,OK,,,,,
2026-04-29 12:28:37,17.1,51,0.6,392,51264.1,OK,,,,,
2026-04-29 12:28:53,17,51,0.7,392,51064,OK,,,,,
2026-04-29 12:29:25,16.8,49,1.5,392,50991.5,OK,,,,,
2026-04-29 12:29:41,16.7,50,0.8,392,50379.6,OK,,,,,
2026-04-29 12:29:57,16.6,51,0,392,49512.5,OK,,,,,
2026-04-29 12:30:13,16.6,50,0,392,784075.4,OK,,,,,
2026-04-29 12:30:29,16.6,49,0,392,50492.7,OK,,,,,
2026-04-29 12:30:45,16.7,50,0,392,50431.8,OK,,,,,
2026-04-29 12:31:01,16.7,50,0,392,50457.9,OK,,,,,
2026-04-29 12:31:17,-40,0,0,0,0,OK,,,,,
2026-04-29 12:31:33,16.9,52,0,392,50730.5,OK,,,,,
2026-04-29 12:31:49,16.9,52,0,392,51003.1,OK,,,,,
2026-04-29 12:32:05,17,52,0,49348,51148.1,OK,,,,,
2026-04-29 12:32:21,-40,0,0,0,0,OK,,,,,
2026-04-29 12:32:37,-40,0,0,0,0,OK,,,,,
2026-04-29 12:32:53,16.9,50,0.7,392,51414.9,OK,,,,,
2026-04-29 12:33:09,-40,0,0,0,0,OK,,,,,
2026-04-29 12:33:25,16.7,51,1,392,51539.6,OK,,,,,
2026-04-29 12:33:41,16.7,52,0.4,392,51064,OK,,,,,
2026-04-29 12:33:57,-40,0,0,0,0,OK,,,,,
2026-04-29 12:34:13,16.7,50,0,392,50901.6,OK,,,,,
2026-04-29 12:34:29,16.8,50,0,392,50237.5,OK,,,,,
2026-04-29 12:34:45,16.9,49,0,392,51887,OK,,,,,
2026-04-29 12:35:01,-40,0,0,0,0,OK,,,,,
2026-04-29 12:35:17,-40,0,0,0,0,OK,,,,,
2026-04-29 12:35:33,17,49,0,392,50194,OK,,,,,
2026-04-29 12:35:49,17.1,50,1,504,50629,OK,,,,,
2026-04-29 12:36:05,17.1,50,0.1,392,50834.9,OK,,,,,
2026-04-29 12:36:21,17.2,50,0.3,392,51249.6,OK,,,,,
2026-04-29 12:36:37,17.2,48,0.8,392,51200.3,OK,,,,,
2026-04-29 12:36:53,17.1,48,0.6,392,50840.7,OK,,,,,
2026-04-29 12:37:09,17.1,48,0,392,50573.9,OK,,,,,
2026-04-29 12:37:25,17.2,49,0,392,50605.8,OK,,,,,
2026-04-29 12:37:41,17.3,49,0.3,392,50565.2,OK,,,,,
2026-04-29 12:37:57,17.4,49,1,392,50312.9,OK,,,,,
2026-04-29 12:38:13,17.4,48,0.4,392,49883.7,OK,,,,,
2026-04-29 12:38:29,17.3,47,0.1,392,50246.2,OK,,,,,
2026-04-29 12:38:45,17.2,46,0.1,392,50199.8,OK,,,,,
2026-04-29 12:39:01,17.1,45,0.6,392,50054.8,OK,,,,,
2026-04-29 12:39:17,17.1,46,0.4,392,50063.5,OK,,,,,
2026-04-29 12:39:33,17.2,45,0.6,392,50104.1,OK,,,,,
2026-04-29 12:39:49,-40,0,0,0,0,OK,,,,,
2026-04-29 12:40:05,17.2,46,0,392,49715.5,OK,,,,,
2026-04-29 12:40:37,17.4,47,0,392,50025.8,OK,,,,,
2026-04-29 12:40:53,17.4,47,0,392,50281,OK,,,,,
2026-04-29 12:41:09,17.4,45,0.1,392,50542,OK,,,,,
2026-04-29 12:41:25,17.4,45,0.3,392,51374.3,OK,,,,,
2026-04-29 12:41:41,17.4,44,0,392,51664.3,OK,,,,,
2026-04-29 12:41:57,17.3,45,0.7,392,51707.8,OK,,,,,
2026-04-29 12:42:13,17.3,46,0.4,392,51774.5,OK,,,,,
2026-04-29 12:42:29,17.3,47,0,392,51455.5,OK,,,,,
2026-04-29 12:42:45,-40,0,0,0,0,OK,,,,,
2026-04-29 12:43:01,17.3,48,0.6,392,51467.1,OK,,,,,
2026-04-29 12:43:17,17.3,47,0.3,392,51264.1,OK,,,,,
2026-04-29 12:43:33,17.2,48,0.1,392,50913.2,OK,,,,,
2026-04-29 12:43:49,17.1,49,0.6,392,51206.1,OK,,,,,
2026-04-29 12:44:05,17,49,1,392,50742.1,OK,,,,,
2026-04-29 12:44:21,16.9,48,0.4,392,50866.8,OK,,,,,
2026-04-29 12:44:37,-40,0,0,0,0,OK,,,,,
2026-04-29 12:44:53,-40,0,0,0,0,OK,,,,,
2026-04-29 12:45:09,36.2,152,0.6,392,51011.8,OK,,,,,
2026-04-29 12:45:25,17.1,48,0,392,51069.8,OK,,,,,
2026-04-29 12:45:41,17.1,48,1,392,50790.3,OK,,,,,
2026-04-29 12:45:57,16.8,48,1,408,50776.9,OK,,,,,
2026-04-29 12:46:13,16.8,49,0.1,392,50602.9,OK,,,,,
2026-04-29 12:46:29,16.9,49,0.1,392,50669.6,OK,,,,,
2026-04-29 12:46:45,17,48,0.1,392,50391.2,OK,,,,,
2026-04-29 12:47:01,17.1,47,0.6,392,49999.7,OK,,,,,
2026-04-29 12:47:17,17,48,1,392,49825.7,OK,,,,,
2026-04-29 12:47:33,16.8,49,0.4,392,49631.4,OK,,,,,
2026-04-29 12:47:49,16.8,49,0.3,392,48822.3,OK,,,,,
2026-04-29 12:48:05,16.8,204,0,392,48474.3,OK,,,,,
2026-04-29 12:48:21,16.8,49,0,392,48251,OK,,,,,
2026-04-29 12:48:37,16.9,49,0.7,392,47952.3,OK,,,,,
2026-04-29 12:48:53,16.9,49,0.1,392,286503.7,OK,,,,,
2026-04-29 12:49:09,-40,0,0,0,0,OK,,,,,
2026-04-29 12:49:25,17.1,48,0.3,392,47436.7,OK,,,,,
2026-04-29 12:49:41,17.2,46,0.3,392,47360.7,OK,,,,,
2026-04-29 12:49:57,17.3,46,0.4,392,51194,OK,,,,,
2026-04-29 12:50:13,17.2,48,1,392,99934.5,OK,,,,,
2026-04-29 12:50:29,-40,0,0,0,0,OK,,,,,
2026-04-29 12:50:45,-40,0,0,0,0,OK,,,,,
2026-04-29 12:51:01,17.2,50,0.3,392,47737.7,OK,,,,,
2026-04-29 12:51:17,17.3,50,1,392,47610.1,OK,,,,,
2026-04-29 12:51:33,17.2,49,2.2,392,47592.7,OK,,,,,
2026-04-29 12:51:49,16.8,49,1.8,392,47526,OK,,,,,
2026-04-29 12:52:05,16.7,50,0.1,392,47470.9,OK,,,,,
2026-04-29 12:52:21,-40,0,0,0,0,OK,,,,,
2026-04-29 12:52:37,16.9,49,0,392,47847.9,OK,,,,,
2026-04-29 12:52:53,17,49,0,392,48155.3,OK,,,,,
2026-04-29 12:53:09,17.1,48,0.1,392,48448.2,OK,,,,,
2026-04-29 12:53:25,17.1,48,1.1,904,48816.5,OK,,,,,
2026-04-29 12:53:41,16.8,49,1,392,49210.9,OK,,,,,
2026-04-29 12:53:57,16.7,50,0.3,392,49286.3,OK,,,,,
2026-04-29 12:54:13,16.8,49,0,392,49469,OK,,,,,
2026-04-29 12:54:29,16.8,49,0,392,49619.8,OK,,,,,
2026-04-29 12:54:45,16.8,50,0.4,392,49643,OK,,,,,
2026-04-29 12:55:01,16.9,50,0.3,392,49877.9,OK,,,,,
2026-04-29 12:55:17,16.9,49,0,392,50089.6,OK,,,,,
2026-04-29 12:55:33,17.1,49,0,392,50356.4,OK,,,,,
2026-04-29 12:55:49,17.2,47,0,392,783953.6,OK,,,,,
2026-04-29 12:56:05,17.3,49,0.1,392,49933,OK,,,,,
2026-04-29 12:56:21,17.4,48,0.3,392,49834.4,OK,,,,,
2026-04-29 12:56:37,17.4,46,0.1,392,49970.7,OK,,,,,
2026-04-29 12:56:53,17.4,46,0.4,392,50481.1,OK,,,,,
2026-04-29 12:57:09,17.3,45,0.4,392,50730.5,OK,,,,,
2026-04-29 12:57:25,17.3,45,0.6,392,51481.6,OK,,,,,
2026-04-29 12:57:41,-40,0,0,0,0,OK,,,,,
2026-04-29 12:57:57,16.9,46,0.7,392,51417.8,OK,,,,,
2026-04-29 12:58:13,16.9,47,0.1,392,51513.5,OK,,,,,
2026-04-29 12:58:29,16.9,47,0,392,50315.8,OK,,,,,
2026-04-29 12:58:45,17,47,0.3,392,50779.8,OK,,,,,
2026-04-29 12:59:01,17.1,47,1,392,50336.1,OK,,,,,
2026-04-29 12:59:17,17.2,46,0.3,392,50498.5,OK,,,,,
2026-04-29 12:59:33,-40,0,0,0,0,OK,,,,,
2026-04-29 12:59:49,17.2,46,0.4,392,51385.9,OK,,,,,
2026-04-29 13:00:05,17.4,46,0.4,392,51652.7,OK,,,,,
2026-04-29 13:00:21,17.4,45,1,392,51673,OK,,,,,
2026-04-29 13:00:37,17.3,45,0,392,51823.8,OK,,,,,
2026-04-29 13:00:53,17.3,46,0,392,51690.4,OK,,,,,
2026-04-29 13:01:09,17.4,46,0.3,392,51267,OK,,,,,
2026-04-29 13:01:25,-40,0,0,0,0,OK,,,,,
2026-04-29 13:01:41,-40,0,0,0,0,OK,,,,,
2026-04-29 13:01:57,-40,0,0,0,0,OK,,,,,
2026-04-29 13:02:13,17.3,45,0.1,392,51278.6,OK,,,,,
2026-04-29 13:02:29,17.3,46,1,392,50533.3,OK,,,,,
2026-04-29 13:02:45,17.1,48,1.1,392,50484,OK,,,,,
2026-04-29 13:03:01,17,49,0,392,49846,OK,,,,,
2026-04-29 13:03:17,17,49,0.1,392,50104.1,OK,,,,,
2026-04-29 13:03:33,-40,0,0,0,0,OK,,,,,
2026-04-29 13:03:49,17,50,1.3,392,49695.2,OK,,,,,
2026-04-29 13:04:05,16.9,51,0.3,392,49457.4,OK,,,,,
2026-04-29 13:04:21,16.9,51,0,392,49355.9,OK,,,,,
2026-04-29 13:04:37,17,51,0,392,49295,OK,,,,,
2026-04-29 13:04:53,17,50,0,1928,49640.1,OK,,,,,
2026-04-29 13:05:09,17.1,50,0,392,49680.7,OK,,,,,
2026-04-29 13:05:25,-40,0,0,0,0,OK,,,,,
2026-04-29 13:05:41,16.8,50,1.7,392,50130.2,OK,,,,,
2026-04-29 13:05:57,16.5,51,1,392,50202.7,OK,,,,,
2026-04-29 13:06:13,-40,0,0,0,0,OK,,,,,
2026-04-29 13:06:29,-40,0,0,0,0,OK,,,,,
2026-04-29 13:06:45,22.9,51,0.7,392,783222.8,OK,,,,,
2026-04-29 13:07:01,16.6,52,0.1,392,48920.9,OK,,,,,
2026-04-29 13:07:17,16.6,52,0.4,392,49150,OK,,,,,
2026-04-29 13:07:33,16.7,53,0.3,392,49759,OK,,,,,
2026-04-29 13:07:49,16.7,53,0.1,392,49103.6,OK,,,,,
2026-04-29 13:08:05,16.7,53,0.6,392,48639.6,OK,,,,,
2026-04-29 13:08:21,-40,0,0,0,0,OK,,,,,
2026-04-29 13:08:37,17,52,0.6,392,48712.1,OK,,,,,
2026-04-29 13:08:53,-40,0,0,0,0,OK,,,,,
2026-04-29 13:09:09,16.8,52,1,392,49065.9,OK,,,,,
2026-04-29 13:09:25,16.7,53,0.7,392,48819.4,OK,,,,,
2026-04-29 13:09:41,16.6,54,0.3,392,49266,OK,,,,,
2026-04-29 13:09:57,16.6,54,0,392,49814.1,OK,,,,,
2026-04-29 13:10:13,16.6,53,0.4,392,49315.3,OK,,,,,
2026-04-29 13:10:29,119,52,0.3,392,49208,OK,,,,,
2026-04-29 13:10:45,16.7,53,0.4,392,49300.8,OK,,,,,
2026-04-29 13:11:01,-40,0,0,0,0,OK,,,,,
2026-04-29 13:11:17,16.4,53,35.7,392,49344.3,OK,,,,,
2026-04-29 13:11:33,-40,0,0,0,0,OK,,,,,
2026-04-29 13:11:49,16.2,53,0.6,392,49065.9,OK,,,,,
2026-04-29 13:12:05,16.2,54,0.4,392,48465.6,OK,,,,,
2026-04-29 13:12:21,16.1,53,0.8,392,48343.8,OK,,,,,
2026-04-29 13:12:37,16.2,53,0.6,392,47613,OK,,,,,
2026-04-29 13:12:53,16.3,53,0,392,47479.6,OK,,,,,
2026-04-29 13:13:09,16.4,54,0,392,47273.7,OK,,,,,
2026-04-29 13:13:25,16.5,54,0.8,392,47122.9,OK,,,,,
2026-04-29 13:13:41,16.5,55,0.3,392,46879.3,OK,,,,,
2026-04-29 13:13:57,-40,0,0,0,0,OK,,,,,
2026-04-29 13:14:13,16.4,56,0,392,46705.3,OK,,,,,
2026-04-29 13:14:29,16.5,55,0,392,46789.4,OK,,,,,
2026-04-29 13:14:45,16.5,55,0,392,46551.6,OK,,,,,
2026-04-29 13:15:01,16.5,55,0.1,392,46290.6,OK,,,,,
2026-04-29 13:15:17,-40,0,0,0,0,OK,,,,,
2026-04-29 13:15:49,16.7,54,0.1,392,47134.5,OK,,,,,
2026-04-29 13:16:05,16.8,54,0.1,392,46859,OK,,,,,
2026-04-29 13:16:21,16.8,53,1.1,392,46827.1,OK,,,,,
2026-04-29 13:16:37,16.6,52,1.5,392,47198.3,OK,,,,,
2026-04-29 13:16:53,16.5,52,1.3,392,47134.5,OK,,,,,
2026-04-29 13:17:09,16.4,52,1.8,392,47427.4,OK,,,,,
2026-04-29 13:17:25,16.2,53,1.3,392,47346.2,OK,,,,,
2026-04-29 13:17:41,16.2,54,0.1,392,47775.4,OK,,,,,
2026-04-29 13:17:57,16.2,54,0.4,392,48143.7,OK,,,,,
2026-04-29 13:18:13,-40,0,0,0,0,OK,,,,,
2026-04-29 13:18:29,16.1,54,1.1,392,47911.7,OK,,,,,
2026-04-29 13:18:45,16.1,54,0.4,392,48265.5,OK,,,,,
2026-04-29 13:19:01,16.1,53,0,392,48291.6,OK,,,,,
2026-04-29 13:19:33,16.2,54,0.7,392,47526,OK,,,,,
2026-04-29 13:19:49,16.2,53,0.8,392,47557.9,OK,,,,,
2026-04-29 13:20:05,16.2,53,0.1,392,47143.2,OK,,,,,
2026-04-29 13:20:21,16.4,52,0.1,392,46606.7,OK,,,,,
2026-04-29 13:20:37,16.5,53,0,392,46496.5,OK,,,,,
2026-04-29 13:20:53,16.6,52,0,392,46116.6,OK,,,,,
2026-04-29 13:21:09,16.7,52,0,392,45493.1,OK,,,,,
2026-04-29 13:21:25,16.6,52,1,392,45565.6,OK,,,,,
2026-04-29 13:22:29,-40,0,0,0,0,OK,,,,,
2026-04-29 13:22:45,16.5,54,0.7,392,47140.3,OK,,,,,
2026-04-29 13:23:01,-40,0,0,0,0,OK,,,,,
2026-04-29 13:23:17,-40,0,0,0,0,OK,,,,,
2026-04-29 13:23:33,16.5,54,0,392,50025.2,OK,,,,,
2026-04-29 13:23:49,16.6,54,0.1,392,48088.6,OK,,,,,
2026-04-29 13:24:05,16.7,54,0.1,392,48106,OK,,,,,
2026-04-29 13:24:21,16.7,53,0.3,392,48030.6,OK,,,,,
2026-04-29 13:24:37,16.8,54,1,392,48193,OK,,,,,
2026-04-29 13:24:53,16.8,127,0.8,392,48480.1,OK,,,,,
2026-04-29 13:25:09,16.7,53,0.6,392,48683.1,OK,,,,,
2026-04-29 13:25:25,16.7,53,0,392,48758.5,OK,,,,,
2026-04-29 13:25:41,16.8,53,0,392,48744,OK,,,,,
2026-04-29 13:25:57,16.8,52,0,65476,48819.4,OK,,,,,
2026-04-29 13:26:13,16.9,52,0,392,48599,OK,,,,,
2026-04-29 13:26:29,16.9,51,0,392,48082.8,OK,,,,,
2026-04-29 13:26:45,17,51,0,392,48039.3,OK,,,,,
2026-04-29 13:27:01,17.1,49,0.1,392,48027.7,OK,,,,,
2026-04-29 13:27:17,17.1,49,0.7,392,47421.6,OK,,,,,
2026-04-29 13:27:33,17,51,0.4,392,47485.4,OK,,,,,
2026-04-29 13:27:49,17,51,0.4,392,47763.8,OK,,,,,
2026-04-29 13:28:05,-40,0,0,0,0,OK,,,,,
2026-04-29 13:28:21,17.1,50,0,392,51548.1,OK,,,,,
2026-04-29 13:28:37,17.1,50,0.3,392,48947,OK,,,,,
2026-04-29 13:28:53,17.2,50,0,392,49408.1,OK,,,,,
2026-04-29 13:29:09,17.3,50,0,392,50153.4,OK,,,,,
2026-04-29 13:29:41,17.4,49,0.1,392,51006,OK,,,,,
2026-04-29 13:29:57,-8.1,50,36.4,392,51301.8,OK,,,,,
2026-04-29 13:30:13,-40,0,0,0,0,OK,,,,,
2026-04-29 13:30:29,17.5,51,0.7,392,51702,OK,,,,,
2026-04-29 13:30:45,17.3,50,0.8,392,51806.4,OK,,,,,
2026-04-29 13:31:01,17.2,51,1,392,51826.7,OK,,,,,
2026-04-29 13:31:17,17.1,51,1,392,51945.6,OK,,,,,
2026-04-29 13:31:33,16.9,52,0.7,392,52192.1,OK,,,,,
2026-04-29 13:31:49,16.9,52,0,408,52226.9,OK,,,,,
2026-04-29 13:32:05,-40,0,0,0,0,OK,,,,,
2026-04-29 13:32:37,17,50,0.8,392,53671.1,OK,,,,,
2026-04-29 13:32:53,17,50,0.3,392,53534.8,OK,,,,,
2026-04-29 13:33:09,17,50,0.1,392,53627.6,OK,,,,,
2026-04-29 13:33:41,17.1,50,0,392,157496.3,OK,,,,,
2026-04-29 13:33:57,17.2,49,1.1,392,52522.7,OK,,,,,
2026-04-29 13:34:13,17,48,0.8,392,51771.6,OK,,,,,
2026-04-29 13:34:29,17.1,48,0,392,51307.6,OK,,,,,
2026-04-29 13:34:45,17.3,48,0.1,392,51020.5,OK,,,,,
2026-04-29 13:35:01,-40,0,0,0,0,OK,,,,,
2026-04-29 13:35:17,17.3,46,0.3,392,50869.7,OK,,,,,
2026-04-29 13:35:33,17.4,46,0.8,392,51037.9,OK,,,,,
2026-04-29 13:35:49,17.4,46,0.1,392,51052.4,OK,,,,,
2026-04-29 13:36:05,17.4,46,0,392,50472.4,OK,,,,,
2026-04-29 13:36:21,17.5,46,0,392,51188.7,OK,,,,,
2026-04-29 13:36:37,-40,0,0,0,0,OK,,,,,
2026-04-29 13:36:53,17.7,45,0.4,392,51458.4,OK,,,,,
2026-04-29 13:37:09,17.6,44,0.1,392,52351.6,OK,,,,,
2026-04-29 13:37:25,-40,0,0,0,0,OK,,,,,
2026-04-29 13:37:41,17.3,45,0.1,392,53241.5,OK,,,,,
2026-04-29 13:37:57,17.4,45,0,392,52560.4,OK,,,,,
2026-04-29 13:38:13,17.4,47,0,392,52609.7,OK,,,,,
2026-04-29 13:38:29,17.5,44,0.3,392,53027.3,OK,,,,,
2026-04-29 13:38:45,17.6,44,0,392,53250.6,OK,,,,,
2026-04-29 13:39:01,17.6,44,0.1,392,53294.1,OK,,,,,
2026-04-29 13:39:17,17.6,44,0.6,392,53502.9,OK,,,,,
2026-04-29 13:39:33,17.5,44,0.8,392,53111.4,OK,,,,,
2026-04-29 13:39:49,17.3,44,1,392,53207.1,OK,,,,,
2026-04-29 13:40:05,27,45,0.1,392,53607.3,OK,,,,,
2026-04-29 13:40:21,17.2,46,0,392,53879.9,OK,,,,,
2026-04-29 13:40:37,17.2,46,0.6,392,53975.6,OK,,,,,
2026-04-29 13:40:53,17.2,47,0,392,53732,OK,,,,,
2026-04-29 13:41:09,17.2,47,0,482,55685,OK,,,,,
2026-04-29 13:41:25,17.2,48,0.1,392,53210,OK,,,,,
2026-04-29 13:41:41,-40,0,0,0,0,OK,,,,,
2026-04-29 13:41:57,17.2,47,0,392,52954.8,OK,,,,,
2026-04-29 13:42:13,17.2,46,1.7,392,52447.3,OK,,,,,
2026-04-29 13:42:29,17,45,1.1,392,52569.1,OK,,,,,
2026-04-29 13:42:45,16.9,45,0.3,392,52708.3,OK,,,,,
2026-04-29 13:43:01,-40,0,0,0,0,OK,,,,,
2026-04-29 13:43:17,17.1,46,0.3,392,52261.7,OK,,,,,
2026-04-29 13:43:33,17.1,46,0.3,1928,52374.8,OK,,,,,
2026-04-29 13:43:49,-40,0,0,0,0,OK,,,,,
2026-04-29 13:44:05,17.1,46,0.8,392,51887.6,OK,,,,,
2026-04-29 13:44:21,17.2,47,0,392,51293.1,OK,,,,,
2026-04-29 13:44:37,-40,0,0,0,0,OK,,,,,
2026-04-29 13:44:53,17.2,47,0,392,416586.6,OK,,,,,
2026-04-29 13:45:09,17.3,45,1.5,392,49039.8,OK,,,,,
2026-04-29 13:45:25,17.1,45,1.7,392,48509.1,OK,,,,,
2026-04-29 13:45:41,16.9,45,0.3,392,47929.1,OK,,,,,
2026-04-29 13:45:57,17,45,0.3,392,47708.7,OK,,,,,
2026-04-29 13:46:13,17,45,0.1,392,47526,OK,,,,,
2026-04-29 13:46:29,17,45,0.7,392,46943.1,OK,,,,,
2026-04-29 13:46:45,17,46,0,392,46670.5,OK,,,,,
2026-04-29 13:47:01,17.1,46,0,392,46496.5,OK,,,,,
2026-04-29 13:47:17,17.1,46,0.8,392,46337,OK,,,,,
2026-04-29 13:47:33,17.1,46,0,392,46366,OK,,,,,
2026-04-29 13:47:49,17.2,45,0.1,392,46389.2,OK,,,,,
2026-04-29 13:48:05,17.2,45,0.3,392,46650.2,OK,,,,,
2026-04-29 13:48:21,17.2,44,0.1,392,46586.4,OK,,,,,
2026-04-29 13:48:37,17.3,44,0,392,46606.7,OK,,,,,
2026-04-29 13:48:53,17.4,44,0.1,392,46563.2,OK,,,,,
2026-04-29 13:49:09,17.5,44,0,392,47012.7,OK,,,,,
2026-04-29 13:49:25,17.5,44,0,392,47050.4,OK,,,,,
2026-04-29 13:49:41,17.6,44,1,392,47256.3,OK,,,,,
2026-04-29 13:49:57,17.3,45,1,392,47401.3,OK,,,,,
2026-04-29 13:50:13,17.2,45,0.3,392,47633.3,OK,,,,,
2026-04-29 13:50:29,17.3,45,0.7,392,47610.1,OK,,,,,
2026-04-29 13:50:45,17.3,45,0,392,48065.4,OK,,,,,
2026-04-29 13:51:01,17.4,47,1,392,48384.4,OK,,,,,
2026-04-29 13:51:17,17.4,47,0.3,392,48564.2,OK,,,,,
2026-04-29 13:51:33,17.3,48,0,392,48642.5,OK,,,,,
2026-04-29 13:51:49,17.3,48,0.3,392,48642.5,OK,,,,,
2026-04-29 13:52:05,17.4,47,0.1,392,48807.8,OK,,,,,
2026-04-29 13:52:21,17.4,47,0.3,16264,48825.2,OK,,,,,
2026-04-29 13:52:37,17.5,47,0,392,48958.6,OK,,,,,
2026-04-29 13:52:53,17.4,48,0.4,392,49126.8,OK,,,,,
2026-04-29 13:53:09,17.2,48,2.5,392,49010.8,OK,,,,,
2026-04-29 13:53:25,17,49,1,392,49216.7,OK,,,,,
2026-04-29 13:53:41,16.8,50,1.3,392,49239.9,OK,,,,,
2026-04-29 13:53:57,-8.9,50,37.4,392,49187.7,OK,,,,,
2026-04-29 13:54:13,16.7,50,0.4,392,49384.9,OK,,,,,
2026-04-29 13:54:29,16.8,50,0,392,49480.6,OK,,,,,
2026-04-29 13:54:45,17,49,0,440,49828.6,OK,,,,,
2026-04-29 13:55:01,-40,0,0,0,0,OK,,,,,
2026-04-29 13:55:17,17.3,48,0,392,50167.9,OK,,,,,
2026-04-29 13:55:33,17.3,48,1,392,50391.2,OK,,,,,
2026-04-29 13:55:49,17.1,48,0.3,392,50327.4,OK,,,,,
2026-04-29 13:56:05,17.2,48,0.1,392,50762.4,OK,,,,,
2026-04-29 13:56:21,-40,0,0,0,0,OK,,,,,
2026-04-29 13:56:37,17.4,46,0.4,392,50576.8,OK,,,,,
2026-04-29 13:56:53,17.4,46,0.1,392,50225.9,OK,,,,,
2026-04-29 13:57:09,17.4,46,0.3,392,50118.6,OK,,,,,
2026-04-29 13:57:25,17.3,48,0.8,392,49996.8,OK,,,,,
2026-04-29 13:57:41,17.2,48,0.4,392,49814.1,OK,,,,,
2026-04-29 13:57:57,17.3,49,0,392,49912.7,OK,,,,,
2026-04-29 13:58:13,17.3,49,0.1,392,50089.6,OK,,,,,
2026-04-29 13:58:29,17.4,49,0.1,392,50025.5,OK,,,,,
2026-04-29 13:58:45,17.5,49,0.3,392,50333.2,OK,,,,,
2026-04-29 13:59:01,17.5,48,0.1,392,50257.8,OK,,,,,
2026-04-29 13:59:17,17.5,48,0,392,50518.8,OK,,,,,
2026-04-29 13:59:33,-40,0,0,0,0,OK,,,,,
2026-04-29 13:59:49,17.8,47,0.1,392,50985.7,OK,,,,,
2026-04-29 14:00:05,17.8,46,0,392,51162.6,OK,,,,,
2026-04-29 14:00:21,17.6,45,0.4,392,51122,OK,,,,,
2026-04-29 14:01:25,17.3,45,0.3,392,50733.4,OK,,,,,
2026-04-29 14:01:41,17.3,62,0.1,392,50553.6,OK,,,,,
2026-04-29 14:02:45,17.1,47,2.2,392,49251.5,OK,,,,,
2026-04-29 14:03:01,119.3,47,1.4,392,49176.1,OK,,,,,
2026-04-29 14:03:17,16.7,48,1.3,392,48889,OK,,,,,
2026-04-29 14:03:33,-40,0,0,0,0,OK,,,,,
2026-04-29 14:03:49,16.5,49,0.6,392,48799.1,OK,,,,,
2026-04-29 14:04:05,16.5,49,0.1,392,48468.5,OK,,,,,
2026-04-29 14:04:21,16.6,49,0,392,47760.9,OK,,,,,
2026-04-29 14:04:37,16.7,48,0,392,47373.9,OK,,,,,
2026-04-29 14:04:53,16.8,48,0.1,392,46664.7,OK,,,,,
2026-04-29 14:05:09,16.9,47,0,392,45730.9,OK,,,,,
2026-04-29 14:05:25,-40,0,0,0,0,OK,,,,,
2026-04-29 14:05:41,17.1,47,0.3,392,45194.4,OK,,,,,
2026-04-29 14:05:57,17.2,46,0,392,45081.3,OK,,,,,
2026-04-29 14:06:13,17.2,46,0.6,392,45040.7,OK,,,,,
2026-04-29 14:06:29,17.3,45,0.4,392,45136.4,OK,,,,,
2026-04-29 14:06:45,17.3,46,0.6,392,45104.5,OK,,,,,
2026-04-29 14:07:01,17.2,47,0.3,392,45861.9,OK,,,,,
2026-04-29 14:07:17,17.2,46,2.2,392,44971.1,OK,,,,,
2026-04-29 14:07:33,16.9,45,1,392,44831.9,OK,,,,,
2026-04-29 14:07:49,16.9,45,0,392,44585.4,OK,,,,,
2026-04-29 14:08:05,17,45,0.1,392,44695.6,OK,,,,,
2026-04-29 14:08:21,17,61,1,392,44713,OK,,,,,
2026-04-29 14:08:37,16.9,45,0.4,392,44486.8,OK,,,,,
2026-04-29 14:08:53,17,45,0.4,392,44420.1,OK,,,,,
2026-04-29 14:09:09,-40,0,0,0,0,OK,,,,,
2026-04-29 14:09:25,17.1,44,0.4,392,44657.9,OK,,,,,
2026-04-29 14:09:41,-40,0,0,0,0,OK,,,,,
2026-04-29 14:09:57,17.1,43,0.6,392,44698.5,OK,,,,,
2026-04-29 14:10:13,17.3,43,0.4,392,44817.4,OK,,,,,
2026-04-29 14:10:29,17.3,44,0.7,392,44898.6,OK,,,,,
2026-04-29 14:10:45,17.3,43,0.1,392,44721.7,OK,,,,,
2026-04-29 14:11:01,17.3,43,0.4,392,44634.7,OK,,,,,
2026-04-29 14:11:17,-40,0,0,0,0,OK,,,,,
2026-04-29 14:11:33,17.3,44,0,392,44199.7,OK,,,,,
2026-04-29 14:11:49,17.2,43,1.1,392,43700.9,OK,,,,,
2026-04-29 14:12:05,17.2,43,0,392,43698,OK,,,,,
2026-04-29 14:12:21,17.1,43,0.1,392,43796.6,OK,,,,,
2026-04-29 14:12:37,17.1,43,0.1,392,43793.7,OK,,,,,
2026-04-29 14:12:53,17.1,43,0,392,43845.9,OK,,,,,
2026-04-29 14:13:09,-40,0,0,0,0,OK,,,,,
2026-04-29 14:13:25,17.3,44,0,392,43979.3,OK,,,,,
2026-04-29 14:13:41,17.3,44,1.1,392,43985.1,OK,,,,,
2026-04-29 14:13:57,-8.4,45,107.7,392,43964.8,OK,,,,,
2026-04-29 14:15:01,17,44,0.3,392,43779.2,OK,,,,,
2026-04-29 14:15:17,17.1,44,0.1,392,43680.6,OK,,,,,
2026-04-29 14:15:33,17.1,45,0.1,392,45340.3,OK,,,,,
2026-04-29 14:15:49,17,46,0.4,392,43779.2,OK,,,,,
2026-04-29 14:16:05,17,46,0.6,392,45466.9,OK,,,,,
2026-04-29 14:16:21,17.1,45,0.4,392,43703.8,OK,,,,,
2026-04-29 14:16:37,16.9,45,1.4,392,43787.9,OK,,,,,
2026-04-29 14:16:53,16.7,44,1.5,392,43924.2,OK,,,,,
2026-04-29 14:17:09,16.6,45,0.1,392,43964.8,OK,,,,,
2026-04-29 14:17:25,16.7,45,0.1,392,1675691.1,OK,,,,,
2026-04-29 14:17:41,16.8,44,0.1,392,43889.4,OK,,,,,
2026-04-29 14:17:57,16.9,44,0,392,43750.2,OK,,,,,
2026-04-29 14:18:13,17,44,0,392,43727,OK,,,,,
2026-04-29 14:18:29,17.1,44,0.1,392,43970.6,OK,,,,,
2026-04-29 14:18:45,17.1,44,0.3,392,43804.3,OK,,,,,
2026-04-29 14:19:01,17.2,44,1.4,392,43628.4,OK,,,,,
2026-04-29 14:19:17,16.9,43,1.8,392,43689.3,OK,,,,,
2026-04-29 14:19:33,16.8,43,0.6,392,96048.5,OK,,,,,
2026-04-29 14:19:49,16.8,44,0.1,392,43526.9,OK,,,,,
2026-04-29 14:20:05,16.9,44,0,392,43413.8,OK,,,,,
2026-04-29 14:20:21,16.8,45,2,392,43263,OK,,,,,
2026-04-29 14:20:37,16.9,45,0.7,392,43207.9,OK,,,,,
2026-04-29 14:20:53,16.8,46,0.4,392,42880.2,OK,,,,,
2026-04-29 14:21:09,16.8,46,0,392,42790.3,OK,,,,,
2026-04-29 14:21:25,16.8,46,0.4,392,42674.3,OK,,,,,
2026-04-29 14:21:41,16.8,46,0.6,392,42645.3,OK,,,,,
2026-04-29 14:21:57,-40,0,0,0,0,OK,,,,,
2026-04-29 14:22:13,-40,0,0,0,0,OK,,,,,
2026-04-29 14:22:29,-40,0,0,0,0,OK,,,,,
2026-04-29 14:22:45,16.5,46,2,504,43321,OK,,,,,
2026-04-29 14:23:01,16.4,48,0.6,392,43558.8,OK,,,,,
2026-04-29 14:23:17,16.4,49,0,392,43570.4,OK,,,,,
2026-04-29 14:23:33,-40,0,0,0,0,OK,,,,,
2026-04-29 14:23:49,16.4,49,0,392,44217.1,OK,,,,,
2026-04-29 14:24:05,16.5,48,0.1,392,44272.2,OK,,,,,
2026-04-29 14:24:21,16.6,47,0.1,392,44083.7,OK,,,,,
2026-04-29 14:24:37,16.7,47,0.8,392,44231.6,OK,,,,,
2026-04-29 14:24:53,16.7,47,0,392,44466.5,OK,,,,,
2026-04-29 14:25:09,16.8,47,0.1,392,44556.4,OK,,,,,
2026-04-29 14:25:25,-40,0,0,0,0,OK,,,,,
2026-04-29 14:25:41,16.8,47,0.3,504,44721.7,OK,,,,,
2026-04-29 14:25:57,16.8,47,0.6,392,44663.7,OK,,,,,
2026-04-29 14:26:13,-40,0,0,0,0,OK,,,,,
2026-04-29 14:26:29,16.8,46,0.3,392,44498.4,OK,,,,,
2026-04-29 14:26:45,16.8,47,0.4,392,44112.7,OK,,,,,
2026-04-29 14:27:01,16.8,47,0.3,392,44237.4,OK,,,,,
2026-04-29 14:27:17,16.9,48,0,392,44623.1,OK,,,,,
2026-04-29 14:27:33,17,48,0,392,45023.3,OK,,,,,
2026-04-29 14:27:49,17,49,0.1,392,45092.9,OK,,,,,
2026-04-29 14:28:05,-40,0,0,0,0,OK,,,,,
2026-04-29 14:28:21,16.9,50,1.5,392,45327.8,OK,,,,,
2026-04-29 14:28:37,16.7,51,1.1,392,44910.2,OK,,,,,
2026-04-29 14:28:53,16.7,52,0.3,392,44953.7,OK,,,,,
2026-04-29 14:29:09,-40,0,0,0,0,OK,,,,,
2026-04-29 14:29:25,16.7,52,0.7,392,45461.2,OK,,,,,
2026-04-29 14:29:41,16.7,51,0,392,45916.5,OK,,,,,
2026-04-29 14:29:57,16.7,53,0.6,440,46139.8,OK,,,,,
2026-04-29 14:30:13,-40,0,0,0,0,OK,,,,,
2026-04-29 14:30:29,16.5,52,0.4,392,45568.5,OK,,,,,
2026-04-29 14:30:45,16.6,52,0,392,45652.6,OK,,,,,
2026-04-29 14:31:01,16.7,51,0,392,45487.9,OK,,,,,
2026-04-29 14:31:17,16.7,51,0.4,392,45855.6,OK,,,,,
2026-04-29 14:31:33,16.7,51,0.7,392,46049.9,OK,,,,,
2026-04-29 14:31:49,16.6,51,1.3,392,45380,OK,,,,,
2026-04-29 14:32:05,16.6,51,0.6,392,45000.1,OK,,,,,
2026-04-29 14:32:21,16.6,51,0.4,392,44515.8,OK,,,,,
2026-04-29 14:32:37,16.7,51,0.4,392,43872,OK,,,,,
2026-04-29 14:32:53,16.7,51,0,392,43045.5,OK,,,,,
2026-04-29 14:33:09,16.7,51,1.1,392,41502.7,OK,,,,,
2026-04-29 14:33:25,16.5,50,1.5,392,41450.5,OK,,,,,
2026-04-29 14:33:41,16.4,51,1.5,392,41114.1,OK,,,,,
2026-04-29 14:33:57,16.3,51,0.7,392,41279.4,OK,,,,,
2026-04-29 14:34:13,16.2,51,0.1,392,40943,OK,,,,,
2026-04-29 14:34:29,-40,0,0,0,0,OK,,,,,
2026-04-29 14:34:45,16.2,51,0.1,392,40397.8,OK,,,,,
2026-04-29 14:35:01,16.3,51,0.6,392,39814.9,OK,,,,,
2026-04-29 14:35:17,16.3,51,0.6,392,39716.3,OK,,,,,
2026-04-29 14:35:33,16.4,51,0.6,392,39988.9,OK,,,,,
2026-04-29 14:35:49,16.7,52,0.3,392,40203.5,OK,,,,,
2026-04-29 14:36:05,16.3,52,0.3,392,40186.1,OK,,,,,
2026-04-29 14:36:21,16.3,52,0.3,392,40577.6,OK,,,,,
2026-04-29 14:36:37,16.3,52,0.8,392,40748.7,OK,,,,,
2026-04-29 14:36:53,16.4,52,0.1,392,40624,OK,,,,,
2026-04-29 14:37:09,16.4,52,1.3,392,40206.4,OK,,,,,
2026-04-29 14:37:25,17.5,53,1,392,40125.2,OK,,,,,
2026-04-29 14:37:41,22.6,54,0.3,392,40125.2,OK,,,,,
2026-04-29 14:37:57,16.2,54,0.7,392,40003.4,OK,,,,,
2026-04-29 14:38:13,16.2,54,0.7,392,39875.8,OK,,,,,
2026-04-29 14:38:29,16,54,1.8,392,40510.9,OK,,,,,
2026-04-29 14:38:45,-40,0,0,0,0,OK,,,,,
2026-04-29 14:39:01,16,55,0.6,392,41569.4,OK,,,,,
2026-04-29 14:39:17,16,55,0.1,392,41705.7,OK,,,,,
2026-04-29 14:39:33,16.1,55,0.7,392,41157.6,OK,,,,,
2026-04-29 14:39:49,16.1,55,0.6,392,41520.1,OK,,,,,
2026-04-29 14:40:05,-40,0,0,0,0,OK,,,,,
2026-04-29 14:40:21,16,55,2,392,41001,OK,,,,,
2026-04-29 14:40:37,15.9,56,1.8,392,40696.5,OK,,,,,
2026-04-29 14:40:53,15.8,56,1.1,392,40708.1,OK,,,,,
2026-04-29 14:41:09,15.8,56,0.3,392,40363,OK,,,,,
2026-04-29 14:41:25,15.8,56,0.3,392,40476.1,OK,,,,,
2026-04-29 14:41:41,15.8,57,0.3,392,41015.5,OK,,,,,
2026-04-29 14:41:57,15.8,56,1.3,392,41427.3,OK,,,,,
2026-04-29 14:42:13,15.8,56,0.6,392,41496.9,OK,,,,,
2026-04-29 14:42:29,15.9,55,0.1,392,41810.1,OK,,,,,
2026-04-29 14:42:45,16,55,0.1,392,41836.2,OK,,,,,
2026-04-29 14:43:01,-40,0,0,0,0,OK,,,,,
2026-04-29 14:43:17,16.2,55,1.1,8072,42271.2,OK,,,,,
2026-04-29 14:43:33,16.2,55,0.6,392,41946.4,OK,,,,,
2026-04-29 14:43:49,16.2,55,0,392,42027.6,OK,,,,,
2026-04-29 14:44:05,16.2,55,0,392,42146.5,OK,,,,,
2026-04-29 14:44:21,16.3,55,0.1,392,42198.7,OK,,,,,
2026-04-29 14:44:37,16.4,55,0,392,41844.9,OK,,,,,
2026-04-29 14:44:53,16.3,55,0.3,392,40934.3,OK,,,,,
2026-04-29 14:45:09,16.3,54,0.1,392,40487.7,OK,,,,,
2026-04-29 14:45:25,16.2,55,1.5,392,40940.1,OK,,,,,
2026-04-29 14:45:41,16.2,55,0.7,392,1667594.4,OK,,,,,
2026-04-29 14:45:57,16.2,56,0.7,392,39884.5,OK,,,,,
2026-04-29 14:46:13,16.2,57,0.4,392,317477.3,OK,,,,,
2026-04-29 14:46:29,16.2,57,1.7,392,39165.3,OK,,,,,
2026-04-29 14:46:45,16,57,2.2,392,38623,OK,,,,,
2026-04-29 14:47:01,-40,0,0,0,0,OK,,,,,
2026-04-29 14:47:17,15.9,58,0,392,37436.9,OK,,,,,
2026-04-29 14:47:33,16.1,58,0.6,904,37454.3,OK,,,,,
2026-04-29 14:47:49,16.1,57,0.3,392,36865.6,OK,,,,,
2026-04-29 14:48:05,16.1,57,0.8,392,37500.7,OK,,,,,
2026-04-29 14:48:21,16,56,1,392,37422.4,OK,,,,,
2026-04-29 14:48:37,16,56,0.3,392,38211.2,OK,,,,,
2026-04-29 14:48:53,16.1,56,0,392,37970.5,OK,,,,,
2026-04-29 14:49:09,16.2,55,0.4,392,37848.7,OK,,,,,
2026-04-29 14:49:25,-40,0,0,0,0,OK,,,,,
2026-04-29 14:49:41,16.4,56,0.3,392,37828.4,OK,,,,,
2026-04-29 14:49:57,16.5,56,0.1,392,38727.4,OK,,,,,
2026-04-29 14:50:13,16.5,56,0.1,392,39362.5,OK,,,,,
2026-04-29 14:50:29,16.5,56,0.4,392,39890.3,OK,,,,,
2026-04-29 14:50:45,16.4,56,1.4,392,40078.8,OK,,,,,
2026-04-29 14:51:01,16.3,56,0.6,392,40145.5,OK,,,,,
2026-04-29 14:51:17,16.4,56,0,392,40418.1,OK,,,,,
2026-04-29 14:51:33,16.4,55,0.3,392,41520.1,OK,,,,,
2026-04-29 14:51:49,16.4,55,0,392,41784,OK,,,,,
2026-04-29 14:52:21,-40,0,0,0,0,OK,,,,,
2026-04-29 14:52:37,16.6,55,0.1,392,41833.3,OK,,,,,
2026-04-29 14:52:53,16.7,55,0,392,41427.3,OK,,,,,
2026-04-29 14:53:09,16.8,55,0,392,41789.8,OK,,,,,
2026-04-29 14:53:25,16.8,55,0.3,392,41755,OK,,,,,
2026-04-29 14:53:41,16.8,54,0.3,392,41876.8,OK,,,,,
2026-04-29 14:53:57,16.7,54,0.1,392,41006.8,OK,,,,,
2026-04-29 14:54:13,16.7,55,0,392,41685.4,OK,,,,,
2026-04-29 14:54:29,16.7,55,0.1,392,42366.9,OK,,,,,
2026-04-29 14:54:45,-40,0,0,0,0,OK,,,,,
2026-04-29 14:55:01,16.6,56,0,392,42271.2,OK,,,,,
2026-04-29 14:55:17,-40,0,0,0,0,OK,,,,,
2026-04-29 14:55:33,16.6,56,0,392,39058,OK,,,,,
2026-04-29 14:55:49,16.7,57,0.3,392,38098.1,OK,,,,,
2026-04-29 14:56:05,119.1,56,1.1,392,37494.9,OK,,,,,
2026-04-29 14:56:21,16.5,55,35.6,392,36456.7,OK,,,,,
2026-04-29 14:56:37,16.3,55,1.5,392,35821.6,OK,,,,,
2026-04-29 14:56:53,16.3,56,0.1,392,35444.6,OK,,,,,
2026-04-29 14:57:09,16.2,55,0.8,392,34951.6,OK,,,,,
2026-04-29 14:57:25,-40,0,0,0,0,OK,,,,,
2026-04-29 14:57:41,-40,0,0,0,0,OK,,,,,
2026-04-29 14:57:57,16.2,55,0.7,392,35172,OK,,,,,
2026-04-29 14:58:13,16.1,54,0.7,392,35122.7,OK,,,,,
2026-04-29 14:58:29,16.1,55,0,392,34989.3,OK,,,,,
2026-04-29 14:58:45,-40,0,0,0,0,OK,,,,,
2026-04-29 14:59:01,16,55,1.3,392,35560.6,OK,,,,,
2026-04-29 14:59:17,15.9,56,2,392,36155.1,OK,,,,,
2026-04-29 14:59:33,15.7,57,0.8,392,36833.7,OK,,,,,
2026-04-29 14:59:49,15.7,57,0.3,392,37207.8,OK,,,,,
2026-04-29 15:00:05,15.8,57,0.3,392,38391,OK,,,,,
2026-04-29 15:00:21,15.9,56,0.3,392,39234.9,OK,,,,,
2026-04-29 15:00:37,15.9,56,0,392,39887.4,OK,,,,,
2026-04-29 15:00:53,15.9,56,0.1,392,40148.4,OK,,,,,
2026-04-29 15:01:09,16,57,0.3,392,40313.7,OK,,,,,
2026-04-29 15:01:25,16,57,0.4,392,40287.6,OK,,,,,
2026-04-29 15:01:41,15.9,57,1.5,392,40940.1,OK,,,,,
2026-04-29 15:01:57,15.9,58,1.3,392,41093.8,OK,,,,,
2026-04-29 15:02:13,15.9,58,0.4,392,41027.1,OK,,,,,
2026-04-29 15:02:29,-40,0,0,0,0,OK,,,,,
2026-04-29 15:02:45,15.7,58,1.5,392,40899.5,OK,,,,,
2026-04-29 15:03:01,15.7,58,0.6,392,40766.1,OK,,,,,
2026-04-29 15:03:17,15.8,58,0.1,392,40586.3,OK,,,,,
2026-04-29 15:03:33,15.9,58,0.8,392,40447.1,OK,,,,,
2026-04-29 15:03:49,15.9,58,1.3,392,40392,OK,,,,,
2026-04-29 15:04:05,15.8,58,1.1,392,40679.1,OK,,,,,
2026-04-29 15:04:21,26.3,58,0.6,392,41006.8,OK,,,,,
2026-04-29 15:04:37,-40,0,0,0,0,OK,,,,,
2026-04-29 15:04:53,15.7,58,2,392,39913.5,OK,,,,,
2026-04-29 15:05:09,15.7,58,1.3,392,39292.9,OK,,,,,
2026-04-29 15:05:25,15.7,59,2.4,392,39252.3,OK,,,,,
2026-04-29 15:05:41,15.6,58,1.8,392,39110.2,OK,,,,,
2026-04-29 15:05:57,15.5,59,0.8,392,38675.2,OK,,,,,
2026-04-29 15:06:13,15.5,58,1.1,392,38669.4,OK,,,,,
2026-04-29 15:06:29,15.4,59,1.1,392,38617.2,OK,,,,,
2026-04-29 15:06:45,15.5,59,0,392,39510.4,OK,,,,,
2026-04-29 15:07:01,15.6,59,1.1,392,40421,OK,,,,,
2026-04-29 15:07:17,15.6,59,1.5,392,40948.8,OK,,,,,
2026-04-29 15:07:33,15.7,58,1.3,392,41421.5,OK,,,,,
2026-04-29 15:07:49,15.6,57,1.4,392,41795.6,OK,,,,,
2026-04-29 15:08:05,15.6,56,1.1,392,42045,OK,,,,,
2026-04-29 15:08:21,15.6,56,0.7,392,42056.6,OK,,,,,
2026-04-29 15:08:37,15.7,56,0.1,392,42387.2,OK,,,,,
2026-04-29 15:08:53,15.7,57,0.7,392,41871,OK,,,,,
2026-04-29 15:09:09,15.8,57,0,392,42018.9,OK,,,,,
2026-04-29 15:09:25,15.9,56,0,392,42065.3,OK,,,,,
2026-04-29 15:09:41,15.9,55,1.8,392,42339.1,OK,,,,,
2026-04-29 15:09:57,15.8,55,2,392,41749.2,OK,,,,,
2026-04-29 15:10:13,15.7,55,17.6,392,42378.5,OK,,,,,
2026-04-29 15:10:29,15.9,55,0.1,392,42590.2,OK,,,,,
2026-04-29 15:10:45,15.9,55,0.8,392,42683,OK,,,,,
2026-04-29 15:11:01,15.9,56,0.3,392,43364.5,OK,,,,,
2026-04-29 15:11:17,15.9,56,1.5,392,43187.6,OK,,,,,
2026-04-29 15:11:33,15.8,57,0.7,392,41514.3,OK,,,,,
2026-04-29 15:11:49,15.8,57,0,392,40458.7,OK,,,,,
2026-04-29 15:12:05,15.9,57,0,392,40760.3,OK,,,,,
2026-04-29 15:12:21,15.9,57,0.3,392,40963.3,OK,,,,,
2026-04-29 15:12:37,16,57,0.6,392,41378,OK,,,,,
2026-04-29 15:12:53,16,57,0,392,41035.8,OK,,,,,
2026-04-29 15:13:09,-40,0,0,0,0,OK,,,,,
2026-04-29 15:13:25,16.1,57,0.1,392,40046.9,OK,,,,,
2026-04-29 15:13:41,16.1,57,0.1,392,39266.8,OK,,,,,
2026-04-29 15:13:57,16.1,57,0.1,392,39084.1,OK,,,,,
2026-04-29 15:14:13,16.1,57,0,392,39269.7,OK,,,,,
2026-04-29 15:14:29,-40,0,0,0,0,OK,,,,,
2026-04-29 15:14:45,35.4,206,0.8,392,39194.3,OK,,,,,
2026-04-29 15:15:01,16.1,57,18.6,392,38736.1,OK,,,,,
2026-04-29 15:15:17,16,57,0.8,392,38481.8,OK,,,,,
2026-04-29 15:15:33,-40,0,0,0,0,OK,,,,,
2026-04-29 15:15:49,16.1,57,0.4,392,37280.3,OK,,,,,
2026-04-29 15:16:05,16.1,57,1.8,392,36723.5,OK,,,,,
2026-04-29 15:16:21,16,57,1.3,392,36326.2,OK,,,,,
2026-04-29 15:16:37,15.8,57,1.1,392,36065.2,OK,,,,,
2026-04-29 15:16:53,15.8,57,0.3,392,35989.8,OK,,,,,
2026-04-29 15:17:09,15.8,57,1.1,392,35621.5,OK,,,,,
2026-04-29 15:17:25,15.8,57,1.4,392,35464.9,OK,,,,,
2026-04-29 15:17:41,15.7,56,1.1,392,35114,OK,,,,,
2026-04-29 15:17:57,15.7,56,1,392,34931.3,OK,,,,,
2026-04-29 15:18:13,15.7,57,1.7,392,34551.4,OK,,,,,
2026-04-29 15:18:29,15.6,56,2.1,392,34548.5,OK,,,,,
2026-04-29 15:18:45,-40,0,0,0,0,OK,,,,,
2026-04-29 15:19:01,15.5,57,0.7,392,34447,OK,,,,,
2026-04-29 15:19:17,15.5,57,1.4,392,34113.5,OK,,,,,
2026-04-29 15:19:33,15.6,57,0,392,34012,OK,,,,,
2026-04-29 15:19:49,15.6,57,0.1,392,33840.9,OK,,,,,
2026-04-29 15:20:05,15.7,57,0.8,392,33811.9,OK,,,,,
2026-04-29 15:20:21,15.8,57,0.6,392,33736.5,OK,,,,,
2026-04-29 15:20:37,15.7,57,0.7,392,33626.3,OK,,,,,
2026-04-29 15:20:53,15.8,57,0.8,392,33666.9,OK,,,,,
2026-04-29 15:21:09,15.8,57,0.3,392,33640.8,OK,,,,,
2026-04-29 15:21:25,15.9,58,1.7,392,33490,OK,,,,,
2026-04-29 15:21:41,-40,0,0,0,0,OK,,,,,
2026-04-29 15:21:57,15.9,58,1.1,392,33092.7,OK,,,,,
2026-04-29 15:22:13,15.9,58,1.3,392,32970.9,OK,,,,,
2026-04-29 15:22:29,15.8,58,1.4,392,32756.3,OK,,,,,
2026-04-29 15:22:45,15.6,59,1.3,392,32750.5,OK,,,,,
2026-04-29 15:23:01,15.5,59,1,392,32695.4,OK,,,,,
2026-04-29 15:23:17,15.5,59,1,392,32622.9,OK,,,,,
2026-04-29 15:23:33,-40,0,0,0,0,OK,,,,,
2026-04-29 15:23:49,15.5,59,0.8,392,32306.8,OK,,,,,
2026-04-29 15:24:05,15.5,59,1,392,32092.2,OK,,,,,
2026-04-29 15:24:21,15.4,59,1,392,31953,OK,,,,,
2026-04-29 15:24:37,15.5,59,0,392,31889.2,OK,,,,,
2026-04-29 15:24:53,15.6,59,0,392,398760.3,OK,,,,,
2026-04-29 15:25:09,15.8,59,0,392,31706.5,OK,,,,,
2026-04-29 15:25:25,15.9,58,0,392,31547,OK,,,,,
2026-04-29 15:25:41,16,57,0.4,392,31544.1,OK,,,,,
2026-04-29 15:25:57,118.5,56,1.1,392,31497.7,OK,,,,,
2026-04-29 15:26:13,15.9,55,2.4,392,31428.1,OK,,,,,
2026-04-29 15:26:29,15.8,56,0.6,392,31399.1,OK,,,,,
2026-04-29 15:26:45,15.8,56,1.4,392,31248.3,OK,,,,,
2026-04-29 15:27:01,15.7,57,1.3,392,31117.8,OK,,,,,
2026-04-29 15:27:17,15.6,57,1,392,30819.1,OK,,,,,
2026-04-29 15:27:33,15.7,57,0.3,392,30688.6,OK,,,,,
2026-04-29 15:27:49,15.8,57,0.3,392,30607.4,OK,,,,,
2026-04-29 15:28:05,15.9,57,0,392,30595.8,OK,,,,,
2026-04-29 15:28:21,15.9,57,0.7,392,30476.9,OK,,,,,
2026-04-29 15:28:37,15.8,57,1.4,392,30389.9,OK,,,,,
2026-04-29 15:28:53,15.7,57,0.3,392,30413.1,OK,,,,,
2026-04-29 15:29:09,15.7,57,0.1,392,30239.1,OK,,,,,
2026-04-29 15:29:25,15.8,57,0,392,30160.8,OK,,,,,
2026-04-29 15:29:41,15.9,56,0,392,30186.9,OK,,,,,
2026-04-29 15:29:57,15.9,56,1.1,392,30012.9,OK,,,,,
2026-04-29 15:30:13,15.7,56,2.4,392,29923,OK,,,,,
2026-04-29 15:30:29,36.4,156,1.4,392,29838.9,OK,,,,,
2026-04-29 15:30:45,15.5,57,1.1,392,29577.9,OK,,,,,
2026-04-29 15:31:01,15.4,57,0.7,392,29357.5,OK,,,,,
2026-04-29 15:31:17,15.4,58,1.3,392,28968.9,OK,,,,,
2026-04-29 15:31:33,15.3,58,0.8,392,28687.6,OK,,,,,
2026-04-29 15:31:49,15.3,58,0.7,392,28272.9,OK,,,,,
2026-04-29 15:32:05,15.3,58,1,392,28119.2,OK,,,,,
2026-04-29 15:32:21,15.3,58,0.3,392,27893,OK,,,,,
2026-04-29 15:32:37,15.4,58,0,392,27768.3,OK,,,,,
2026-04-29 15:32:53,15.5,58,0.3,392,27634.9,OK,,,,,
2026-04-29 15:33:09,36.3,59,0.6,392,27545,OK,,,,,
2026-04-29 15:33:25,15.4,59,1.4,392,27397.1,OK,,,,,
2026-04-29 15:33:41,15.5,60,0.3,392,27266.6,OK,,,,,
2026-04-29 15:33:57,15.5,59,1.1,392,27112.9,OK,,,,,
2026-04-29 15:34:13,15.6,58,0.3,392,27028.8,OK,,,,,
2026-04-29 15:35:17,15.7,57,0.6,392,26576.4,OK,,,,,
2026-04-29 15:35:33,15.7,58,0.1,392,26443,OK,,,,,
2026-04-29 15:35:49,15.8,58,0.1,392,26396.6,OK,,,,,
2026-04-29 15:36:05,15.9,57,0.6,392,26396.6,OK,,,,,
2026-04-29 15:36:21,15.8,57,2.4,392,26370.5,OK,,,,,
2026-04-29 15:36:37,15.6,58,1.1,392,26324.1,OK,,,,,
2026-04-29 15:36:53,15.6,58,1.3,392,26313.2,OK,,,,,
2026-04-29 15:37:09,-40,0,0,0,0,OK,,,,,
2026-04-29 15:37:25,15.6,63,0,392,26182,OK,,,,,
2026-04-29 15:37:41,-40,0,0,0,0,OK,,,,,
2026-04-29 15:37:57,15.5,59,0.7,392,26132.7,OK,,,,,
2026-04-29 15:38:13,15.5,59,0.6,392,26150.1,OK,,,,,
2026-04-29 15:38:29,15.4,59,1.4,392,26211,OK,,,,,
2026-04-29 15:38:45,15.4,60,0.3,392,26263.2,OK,,,,,
2026-04-29 15:39:17,15.5,60,0.3,392,26341.5,OK,,,,,
2026-04-29 15:39:33,15.4,60,0.1,392,26329.9,OK,,,,,
2026-04-29 15:39:49,15.5,60,0,392,26347.3,OK,,,,,
2026-04-29 15:40:05,15.6,59,0,392,26408.2,OK,,,,,
2026-04-29 15:40:21,15.7,59,0,392,26501,OK,,,,,
2026-04-29 15:40:37,15.8,58,0,392,26567.7,OK,,,,,
2026-04-29 15:40:53,15.9,59,0.1,392,26634.4,OK,,,,,
2026-04-29 15:41:09,15.9,58,0.8,392,26663.4,OK,,,,,
2026-04-29 15:41:25,15.9,56,0,392,26689.5,OK,,,,,
2026-04-29 15:41:41,-40,0,0,0,0,OK,,,,,
2026-04-29 15:41:57,15.9,55,0,392,26759.1,OK,,,,,
2026-04-29 15:42:13,15.9,54,0.6,392,26788.1,OK,,,,,
2026-04-29 15:42:29,-40,0,0,0,0,OK,,,,,
2026-04-29 15:42:45,15.8,55,0.6,392,26837.4,OK,,,,,
2026-04-29 15:43:01,15.9,56,0,392,26854.8,OK,,,,,
2026-04-29 15:43:17,-40,0,0,0,0,OK,,,,,
2026-04-29 15:43:33,16.1,55,0.6,392,26918.6,OK,,,,,
2026-04-29 15:43:49,16.1,55,1,392,26918.6,OK,,,,,
2026-04-29 15:44:05,-40,0,0,0,0,OK,,,,,
2026-04-29 15:44:21,15.9,54,0,392,26953.4,OK,,,,,
2026-04-29 15:44:37,-40,0,0,0,0,OK,,,,,
2026-04-29 15:44:53,15.9,55,0.8,392,26927.3,OK,,,,,
2026-04-29 15:45:09,15.9,55,1.3,392,27034.6,OK,,,,,
2026-04-29 15:45:25,15.7,55,0.7,392,27043.3,OK,,,,,
2026-04-29 15:45:41,15.7,56,0.6,392,27025.9,OK,,,,,
2026-04-29 15:45:57,15.6,56,0,392,26996.9,OK,,,,,
2026-04-29 15:46:13,15.7,56,0.1,392,26982.4,OK,,,,,
2026-04-29 15:46:29,15.7,56,1.4,392,26991.1,OK,,,,,
2026-04-29 15:46:45,15.6,54,0.3,392,27031.7,OK,,,,,
2026-04-29 15:47:01,15.7,55,0.7,392,27043.3,OK,,,,,
2026-04-29 15:47:17,15.7,55,0.3,392,27043.3,OK,,,,,
2026-04-29 15:47:33,15.7,55,0.1,392,27014.3,OK,,,,,
2026-04-29 15:47:49,15.7,62,1.1,392,26991.1,OK,,,,,
2026-04-29 15:48:05,15.7,54,0,392,26936,OK,,,,,
2026-04-29 15:48:21,15.7,54,0.1,392,26849,OK,,,,,
2026-04-29 15:48:37,15.7,54,0.3,392,26683.7,OK,,,,,
2026-04-29 15:48:53,15.7,54,1.3,392,26567.7,OK,,,,,
2026-04-29 15:49:09,15.7,55,0.4,392,26315.4,OK,,,,,
2026-04-29 15:49:25,15.6,56,0.7,392,26385,OK,,,,,
2026-04-29 15:49:41,15.6,56,0,392,26208.1,OK,,,,,
2026-04-29 15:49:57,15.6,56,0.3,392,25926.8,OK,,,,,
2026-04-29 15:50:13,15.6,56,0,392,26031.2,OK,,,,,
2026-04-29 15:50:29,15.7,56,0.4,392,26100.8,OK,,,,,
2026-04-29 15:50:45,118.1,56,37,392,26202.3,OK,,,,,
2026-04-29 15:51:01,15.6,55,0.8,392,26306.7,OK,,,,,
2026-04-29 15:51:17,15.6,54,0.1,392,26373.4,OK,,,,,
2026-04-29 15:51:33,15.6,55,0.1,392,26393.7,OK,,,,,
2026-04-29 15:51:49,15.6,55,0.8,392,26532.9,OK,,,,,
2026-04-29 15:52:05,15.6,54,0.4,392,26617,OK,,,,,
2026-04-29 15:52:21,15.6,55,0,392,26669.2,OK,,,,,
2026-04-29 15:52:37,15.6,54,1.3,392,26643.1,OK,,,,,
2026-04-29 15:52:53,15.5,55,2,392,26817.1,OK,,,,,
2026-04-29 15:53:09,15.4,56,0.3,392,26593.8,OK,,,,,
2026-04-29 15:53:25,15.4,56,0,392,26440.1,OK,,,,,
2026-04-29 15:53:41,15.4,56,0.3,392,26677.9,OK,,,,,
2026-04-29 15:53:57,15.4,56,1.3,392,26866.4,OK,,,,,
2026-04-29 15:54:13,15.4,56,1.5,392,26596.7,OK,,,,,
2026-04-29 15:54:29,15.3,57,0.8,392,26669.2,OK,,,,,
2026-04-29 15:54:45,15.3,57,0.7,392,26785.2,OK,,,,,
2026-04-29 15:55:01,15.4,57,0,392,27327.5,OK,,,,,
2026-04-29 15:55:17,15.4,57,0.4,392,27779.9,OK,,,,,
2026-04-29 15:55:33,15.5,56,0.4,392,27991.6,OK,,,,,
2026-04-29 15:55:49,15.5,57,0.3,392,28400.5,OK,,,,,
2026-04-29 15:56:05,15.5,57,0.3,392,29140,OK,,,,,
2026-04-29 15:56:21,15.6,57,0.1,392,29546,OK,,,,,
2026-04-29 15:56:37,15.6,56,1.3,392,30044.8,OK,,,,,
2026-04-29 15:56:53,15.5,56,1.4,392,30149.2,OK,,,,,
2026-04-29 15:57:09,15.4,56,1,392,30575.5,OK,,,,,
2026-04-29 15:57:25,15.3,56,1.1,392,30706,OK,,,,,
2026-04-29 15:57:41,15.3,56,1.4,392,30746.6,OK,,,,,
2026-04-29 15:57:57,15.3,56,0.1,511,30822,OK,,,,,
2026-04-29 15:58:13,15.7,57,0,392,30795.9,OK,,,,,
2026-04-29 15:58:29,-40,0,0,0,0,OK,,,,,
2026-04-29 15:58:45,15.4,56,0.4,392,31178.7,OK,,,,,
2026-04-29 15:59:01,15.4,56,0.3,392,31181.6,OK,,,,,
2026-04-29 15:59:17,15.3,56,1,392,31657.2,OK,,,,,
2026-04-29 15:59:33,15.4,56,0.1,392,31712.3,OK,,,,,
2026-04-29 15:59:49,15.3,56,1.4,392,31457.1,OK,,,,,
2026-04-29 16:00:05,-10.3,56,36.1,392,31201.9,OK,,,,,
2026-04-29 16:00:21,117.7,57,0,392,30244.9,OK,,,,,
2026-04-29 16:00:37,15.4,56,0,392,29740.3,OK,,,,,
2026-04-29 16:00:53,15.5,57,0,392,30447.9,OK,,,,,
2026-04-29 16:01:09,15.5,56,1,392,31074.3,OK,,,,,
2026-04-29 16:01:25,15.5,54,0.4,392,30352.2,OK,,,,,
2026-04-29 16:01:41,15.5,55,0.1,392,29409.7,OK,,,,,
2026-04-29 16:01:57,62,118,108.6,392,29343,OK,,,,,
2026-04-29 16:02:13,-40,0,0,0,0,OK,,,,,
2026-04-29 16:02:29,15.4,56,0,392,30256.5,OK,,,,,
2026-04-29 16:02:45,15.5,56,0,392,31564.4,OK,,,,,
2026-04-29 16:03:01,15.5,56,0.3,392,31938.5,OK,,,,,
2026-04-29 16:03:17,15.6,56,0,392,32492.4,OK,,,,,
2026-04-29 16:03:33,15.7,56,0,392,32457.6,OK,,,,,
2026-04-29 16:03:49,-40,0,0,0,0,OK,,,,,
2026-04-29 16:04:05,15.9,56,1,392,32118.3,OK,,,,,
2026-04-29 16:04:21,15.8,54,2.4,392,32086.4,OK,,,,,
2026-04-29 16:04:37,118.1,54,36,392,31616.6,OK,,,,,
2026-04-29 16:04:53,15.7,55,0.8,392,31048.2,OK,,,,,
2026-04-29 16:05:09,15.6,55,2,392,30700.2,OK,,,,,
2026-04-29 16:05:25,15.6,56,0.6,392,29983.9,OK,,,,,
2026-04-29 16:05:41,15.6,56,0.6,392,29186.4,OK,,,,,
2026-04-29 16:05:57,15.6,56,0,392,28835.5,OK,,,,,
2026-04-29 16:06:13,15.7,56,0,392,28629.6,OK,,,,,
2026-04-29 16:06:29,15.7,56,0,392,28510.7,OK,,,,,
2026-04-29 16:06:45,15.7,56,0.4,392,28429.5,OK,,,,,
2026-04-29 16:07:01,15.7,56,0.6,392,27771.2,OK,,,,,
2026-04-29 16:07:17,15.8,57,0.8,392,27371,OK,,,,,
2026-04-29 16:07:33,15.8,57,0.4,392,26982.4,OK,,,,,
2026-04-29 16:07:49,15.7,57,0.1,392,26677.9,OK,,,,,
2026-04-29 16:08:05,15.7,57,1.1,392,26802.6,OK,,,,,
2026-04-29 16:08:21,15.6,57,0.8,392,27059.1,OK,,,,,
2026-04-29 16:08:37,15.6,57,1.5,392,26399.5,OK,,,,,
2026-04-29 16:08:53,15.4,57,1.3,392,25720.9,OK,,,,,
2026-04-29 16:09:09,15.3,58,0.6,392,25465.7,OK,,,,,
2026-04-29 16:09:25,15.4,58,0.4,392,1673647.9,OK,,,,,
2026-04-29 16:09:41,-40,0,0,0,0,OK,,,,,
2026-04-29 16:09:57,15.4,58,0.3,392,24761,OK,,,,,
2026-04-29 16:10:13,-40,0,0,0,0,OK,,,,,
2026-04-29 16:10:29,15.5,58,0.4,392,25161.2,OK,,,,,
2026-04-29 16:10:45,15.5,58,0.1,392,25181.5,OK,,,,,
2026-04-29 16:11:01,15.4,58,0,392,25413.5,OK,,,,,
2026-04-29 16:11:17,-40,0,0,0,0,OK,,,,,
2026-04-29 16:11:33,15.4,59,0,392,26675,OK,,,,,
2026-04-29 16:11:49,-40,0,0,0,0,OK,,,,,
2026-04-29 16:12:05,15.6,58,0,392,27379.7,OK,,,,,
2026-04-29 16:12:21,-40,0,0,0,0,OK,,,,,
2026-04-29 16:12:37,15.7,57,0,392,26924.4,OK,,,,,
2026-04-29 16:12:53,15.8,57,0,392,27098.4,OK,,,,,
2026-04-29 16:13:09,15.9,57,0,392,27469.6,OK,,,,,
2026-04-29 16:13:25,15.9,56,13.4,392,28011.9,OK,,,,,
2026-04-29 16:13:41,15.8,55,0.1,392,28568.7,OK,,,,,
2026-04-29 16:13:57,15.8,55,0.3,392,28754.3,OK,,,,,
2026-04-29 16:14:13,23.9,55,0.7,392,28342.5,OK,,,,,
2026-04-29 16:14:29,15.8,56,0.1,392,27745.1,OK,,,,,
2026-04-29 16:14:45,15.8,56,0,392,27382.6,OK,,,,,
2026-04-29 16:15:01,15.8,56,0,392,27046.2,OK,,,,,
2026-04-29 16:15:17,15.9,55,0.3,392,26808.4,OK,,,,,
2026-04-29 16:15:33,15.8,55,0,392,26695.3,OK,,,,,
2026-04-29 16:15:49,15.9,55,0.3,392,26364.7,OK,,,,,
2026-04-29 16:16:05,15.8,55,0.1,392,26066,OK,,,,,
2026-04-29 16:16:21,-40,0,0,0,0,OK,,,,,
2026-04-29 16:16:37,15.8,55,0.1,392,25607.8,OK,,,,,
2026-04-29 16:16:53,15.8,55,0.1,392,25364.2,OK,,,,,
2026-04-29 16:17:09,35,55,0.1,392,25056.8,OK,,,,,
2026-04-29 16:17:25,15.8,155,0.4,392,24842.2,OK,,,,,
2026-04-29 16:17:41,15.7,53,2.2,392,24697.2,OK,,,,,
2026-04-29 16:17:57,15.5,53,1.4,392,24537.7,OK,,,,,
2026-04-29 16:18:13,15.4,53,1.8,392,24291.2,OK,,,,,
2026-04-29 16:18:29,-40,0,0,0,0,OK,,,,,
2026-04-29 16:19:33,15.3,53,1.1,392,24308.6,OK,,,,,
2026-04-29 16:19:49,15.2,54,0.6,392,24331.8,OK,,,,,
2026-04-29 16:20:05,15.2,54,0.7,392,24616,OK,,,,,
2026-04-29 16:20:21,15.2,55,1.7,392,24430.4,OK,,,,,
2026-04-29 16:20:37,15.1,55,0.4,392,24500,OK,,,,,
2026-04-29 16:20:53,15.1,56,1.3,392,24471,OK,,,,,
2026-04-29 16:21:09,15.1,56,0.4,392,24549.3,OK,,,,,
2026-04-29 16:21:25,-40,0,0,0,0,OK,,,,,
2026-04-29 16:21:41,15.2,56,0,392,24236.1,OK,,,,,
2026-04-29 16:21:57,15.2,56,0,392,24360.8,OK,,,,,
2026-04-29 16:22:13,15.4,56,0,392,207780.4,OK,,,,,
2026-04-29 16:22:29,15.4,55,0,392,24363.7,OK,,,,,
2026-04-29 16:22:45,15.6,55,0.4,392,24285.4,OK,,,,,
2026-04-29 16:23:01,15.6,54,0.1,392,24349.2,OK,,,,,
2026-04-29 16:23:17,15.7,54,0,392,24621.8,OK,,,,,
2026-04-29 16:23:33,15.7,54,0,316,24607.3,OK,,,,,
2026-04-29 16:23:49,15.8,54,0.6,392,24154.9,OK,,,,,
2026-04-29 16:24:05,15.7,54,0.4,392,24108.5,OK,,,,,
2026-04-29 16:24:21,-40,0,0,0,0,OK,,,,,
2026-04-29 16:24:37,-40,0,0,0,0,OK,,,,,
2026-04-29 16:24:53,15.7,54,0,392,23421.2,OK,,,,,
2026-04-29 16:25:09,15.6,54,0.1,392,23180.5,OK,,,,,
2026-04-29 16:25:25,15.6,55,0.4,392,23009.4,OK,,,,,
2026-04-29 16:25:41,15.6,55,0.1,392,22916.6,OK,,,,,
2026-04-29 16:25:57,15.6,55,0.4,392,22907.9,OK,,,,,
2026-04-29 16:26:13,-40,0,0,0,0,OK,,,,,
2026-04-29 16:26:29,-40,0,0,0,0,OK,,,,,
2026-04-29 16:26:45,15.4,56,0,504,24143.3,OK,,,,,
2026-04-29 16:27:01,15.5,56,0,392,23815.6,OK,,,,,
2026-04-29 16:27:17,15.5,55,0.3,392,23543,OK,,,,,
2026-04-29 16:27:33,-40,0,0,0,0,OK,,,,,
2026-04-29 16:27:49,15.4,55,0.7,392,23131.2,OK,,,,,
2026-04-29 16:28:05,15.4,55,1.1,392,23360.3,OK,,,,,
2026-04-29 16:28:21,15.3,55,1.3,392,23664.8,OK,,,,,
2026-04-29 16:28:37,-40,0,0,0,0,OK,,,,,
2026-04-29 16:28:53,15.1,56,1,392,24413,OK,,,,,
2026-04-29 16:29:09,-10.5,56,107.5,392,24833.5,OK,,,,,
2026-04-29 16:29:25,15.1,56,0.1,392,25071.3,OK,,,,,
2026-04-29 16:29:41,15.2,56,0,392,25346.8,OK,,,,,
2026-04-29 16:29:57,15.2,56,109.2,392,25477.3,OK,,,,,
2026-04-29 16:30:13,15.1,55,1.4,392,25178.6,OK,,,,,
2026-04-29 16:30:29,-40,0,0,0,0,OK,,,,,
2026-04-29 16:30:45,15,55,1.3,392,25439.6,OK,,,,,
2026-04-29 16:31:01,15.1,55,0.6,392,26408.2,OK,,,,,
2026-04-29 16:31:17,15,55,0.4,392,27336.2,OK,,,,,
2026-04-29 16:31:33,15,55,0,392,27547.9,OK,,,,,
2026-04-29 16:31:49,15.1,56,0.6,392,27756.7,OK,,,,,
2026-04-29 16:32:05,15.1,56,1.4,392,27869.8,OK,,,,,
2026-04-29 16:32:21,15,57,0.8,392,27895.9,OK,,,,,
2026-04-29 16:32:37,15,57,0.8,392,27884.3,OK,,,,,
2026-04-29 16:32:53,15,56,1.8,392,28246.8,OK,,,,,
2026-04-29 16:33:09,14.9,56,0.8,392,185510,OK,,,,,
2026-04-29 16:33:25,14.9,56,0.3,392,27835,OK,,,,,
2026-04-29 16:33:41,-40,0,0,0,0,OK,,,,,
2026-04-29 16:33:57,14.9,57,0,392,28420.8,OK,,,,,
2026-04-29 16:34:13,-40,0,0,0,0,OK,,,,,
2026-04-29 16:34:29,15,57,0.3,392,27980,OK,,,,,
2026-04-29 16:34:45,15.1,57,0,392,27872.7,OK,,,,,
2026-04-29 16:35:01,-40,0,0,0,0,OK,,,,,
2026-04-29 16:35:17,15.1,57,0.1,392,27223.1,OK,,,,,
2026-04-29 16:35:33,15.1,57,0.1,392,26938.9,OK,,,,,
2026-04-29 16:35:49,15.1,57,2.1,392,26576.4,OK,,,,,
2026-04-29 16:36:05,15,57,0.6,392,26448.8,OK,,,,,
2026-04-29 16:36:21,15,57,1.3,392,26190.7,OK,,,,,
2026-04-29 16:36:37,14.9,57,1.3,392,25871.7,OK,,,,,
2026-04-29 16:36:53,14.9,57,0.3,392,25213.4,OK,,,,,
2026-04-29 16:37:09,14.9,58,0.4,392,24871.2,OK,,,,,
2026-04-29 16:37:25,14.8,58,0.3,392,24616,OK,,,,,
2026-04-29 16:37:41,14.9,58,0,392,24331.8,OK,,,,,
2026-04-29 16:37:57,14.9,58,0,392,24105.6,OK,,,,,
2026-04-29 16:38:13,15,58,0,392,23743.1,OK,,,,,
2026-04-29 16:38:29,15.1,58,0.3,392,23200.8,OK,,,,,
2026-04-29 16:38:45,-40,0,0,0,0,OK,,,,,
2026-04-29 16:39:01,-40,0,0,0,0,OK,,,,,
2026-04-29 16:39:17,15.1,56,0.7,392,22055.3,OK,,,,,
2026-04-29 16:39:33,15.1,57,0.6,392,21745,OK,,,,,
2026-04-29 16:39:49,15.1,57,0.7,392,21637.7,OK,,,,,
2026-04-29 16:40:05,15.1,57,0.8,392,21420.2,OK,,,,,
2026-04-29 16:40:21,15,57,0.4,392,21437.6,OK,,,,,
2026-04-29 16:40:37,15,57,0.1,392,21466.6,OK,,,,,
2026-04-29 16:40:53,34.2,57,0.7,392,21501.4,OK,,,,,
2026-04-29 16:41:09,15,57,1,392,21591.3,OK,,,,,
2026-04-29 16:41:25,-40,0,0,0,0,OK,,,,,
2026-04-29 16:41:41,15,58,0.4,392,22632.4,OK,,,,,
2026-04-29 16:41:57,-40,0,0,0,0,OK,,,,,
2026-04-29 16:42:13,15,57,0.3,392,23534.3,OK,,,,,
2026-04-29 16:42:29,15,57,0.8,392,23850.4,OK,,,,,
2026-04-29 16:42:45,15,58,0.6,392,24331.8,OK,,,,,
2026-04-29 16:43:01,-40,0,0,0,0,OK,,,,,
2026-04-29 16:43:17,14.9,58,0.3,392,25030.7,OK,,,,,
2026-04-29 16:43:33,14.9,59,0.3,392,25372.9,OK,,,,,
2026-04-29 16:43:49,14.9,59,0.1,392,25828.2,OK,,,,,
2026-04-29 16:44:05,14.9,58,0,392,26129.8,OK,,,,,
2026-04-29 16:44:21,15,58,0,392,26414,OK,,,,,
2026-04-29 16:44:37,15,58,0,392,26527.1,OK,,,,,
2026-04-29 16:44:53,15.1,58,0,392,26840.3,OK,,,,,
2026-04-29 16:45:09,15.2,58,0,392,32735.7,OK,,,,,
2026-04-29 16:45:25,15.2,58,0.1,392,27272.4,OK,,,,,
2026-04-29 16:45:41,15.3,58,0.1,392,26637.3,OK,,,,,
2026-04-29 16:45:57,15.3,57,0.7,392,26460.4,OK,,,,,
2026-04-29 16:46:13,15.3,56,0.7,392,25523.7,OK,,,,,
2026-04-29 16:47:17,-40,0,0,0,0,OK,,,,,
2026-04-29 16:47:33,-40,0,0,0,0,OK,,,,,
2026-04-29 16:47:49,15,58,0.3,392,22725.2,OK,,,,,
2026-04-29 16:48:05,15,58,1,392,22217.7,OK,,,,,
2026-04-29 16:48:21,15,58,0.6,392,21803,OK,,,,,
2026-04-29 16:48:37,14.9,59,1,392,21486.9,OK,,,,,
2026-04-29 16:48:53,14.8,58,1,392,47623,OK,,,,,
2026-04-29 16:49:09,14.8,58,1,392,21370.9,OK,,,,,
2026-04-29 16:49:25,14.9,58,0.7,392,21286.8,OK,,,,,
2026-04-29 16:49:41,14.8,58,0.6,392,21832,OK,,,,,
2026-04-29 16:49:57,14.8,58,0,392,22513.5,OK,,,,,
2026-04-29 16:50:13,14.9,58,0,3976,22852.8,OK,,,,,
2026-04-29 16:50:29,15,58,1.4,392,22896.3,OK,,,,,
2026-04-29 16:50:45,15,58,1.1,392,22783.2,OK,,,,,
2026-04-29 16:51:01,14.9,59,0.7,392,22061.1,OK,,,,,
2026-04-29 16:51:17,-40,0,0,0,0,OK,,,,,
2026-04-29 16:51:33,14.7,59,1.3,392,23183.4,OK,,,,,
2026-04-29 16:51:49,14.7,59,0,392,24131.7,OK,,,,,
2026-04-29 16:52:05,14.7,59,1.1,392,24415.9,OK,,,,,
2026-04-29 16:52:21,15.1,59,0.7,392,634459,OK,,,,,
2026-04-29 16:52:37,14.7,59,0.1,392,24601.5,OK,,,,,
2026-04-29 16:52:53,14.8,58,0.7,392,24955.3,OK,,,,,
2026-04-29 16:53:09,14.8,58,0.7,392,25480.2,OK,,,,,
2026-04-29 16:53:25,14.8,58,0.6,392,25520.8,OK,,,,,
2026-04-29 16:53:41,14.8,58,0,392,25584.6,OK,,,,,
2026-04-29 16:53:57,14.9,58,0.8,392,25784.7,OK,,,,,
2026-04-29 16:54:13,14.9,57,1.7,392,25834,OK,,,,,
2026-04-29 16:54:29,14.8,58,0.3,392,25741.2,OK,,,,,
2026-04-29 16:54:45,-40,0,0,0,0,OK,,,,,
2026-04-29 16:55:01,14.9,58,0.1,392,25239.5,OK,,,,,
2026-04-29 16:55:17,14.9,58,0,392,24879.9,OK,,,,,
2026-04-29 16:55:33,14.9,58,0.6,392,24247.7,OK,,,,,
2026-04-29 16:56:37,15,59,1.4,392,22554.1,OK,,,,,
2026-04-29 16:56:53,14.9,59,0.4,904,22348.2,OK,,,,,
2026-04-29 16:57:09,14.9,59,0,392,22093,OK,,,,,
2026-04-29 16:57:25,14.9,59,0,392,21805.9,OK,,,,,
2026-04-29 16:57:41,117.3,59,36.4,392,21486.9,OK,,,,,
2026-04-29 16:57:57,15,59,0,392,21327.4,OK,,,,,
2026-04-29 16:58:13,15.1,59,0,392,21191.1,OK,,,,,
2026-04-29 16:58:29,15,59,0,392,20967.8,OK,,,,,
2026-04-29 16:58:45,15,60,0,392,20819.9,OK,,,,,
2026-04-29 16:59:01,15.1,59,0.1,392,20718.4,OK,,,,,
2026-04-29 16:59:17,-40,0,0,0,0,OK,,,,,
2026-04-29 16:59:33,-40,0,0,0,0,OK,,,,,
2026-04-29 16:59:49,15,58,0.4,392,21025.8,OK,,,,,
2026-04-29 17:00:05,14.9,58,0.8,392,21185.3,OK,,,,,
2026-04-29 17:00:21,-40,0,0,0,0,OK,,,,,
2026-04-29 17:00:37,14.8,58,1.4,392,21252,OK,,,,,
2026-04-29 17:00:53,14.7,58,1.8,392,21269.4,OK,,,,,
2026-04-29 17:01:09,14.6,59,1.3,392,21101.2,OK,,,,,
2026-04-29 17:01:25,14.5,59,0.6,392,21014.2,OK,,,,,
2026-04-29 17:01:41,-40,0,0,0,0,OK,,,,,
2026-04-29 17:01:57,14.6,59,1,392,20793.8,OK,,,,,
2026-04-29 17:02:13,14.5,59,0.8,392,20756.1,OK,,,,,
2026-04-29 17:02:29,14.5,59,0.6,392,20611.1,OK,,,,,
2026-04-29 17:02:45,14.5,59,0.3,392,20451.6,OK,,,,,
2026-04-29 17:03:01,14.6,59,0,392,20121,OK,,,,,
2026-04-29 17:03:17,-40,0,0,0,0,OK,,,,,
2026-04-29 17:03:33,14.7,59,0.8,392,19819.4,OK,,,,,
2026-04-29 17:03:49,14.7,59,0.1,392,19804.9,OK,,,,,
2026-04-29 17:04:05,14.7,59,0.1,392,19804.9,OK,,,,,
2026-04-29 17:04:21,14.8,58,0,392,19697.6,OK,,,,,
2026-04-29 17:04:37,14.8,58,0.1,392,19474.3,OK,,,,,
2026-04-29 17:04:53,14.9,58,0.3,392,19280,OK,,,,,
2026-04-29 17:05:09,14.9,58,0.6,392,19117.6,OK,,,,,
2026-04-29 17:05:25,-40,0,0,0,0,OK,,,,,
2026-04-29 17:05:41,14.9,57,1.1,392,18691.3,OK,,,,,
2026-04-29 17:05:57,14.8,57,0.1,392,18517.3,OK,,,,,
2026-04-29 17:06:13,14.8,58,0,392,18468,OK,,,,,
2026-04-29 17:06:29,14.8,58,0,392,18433.2,OK,,,,,
2026-04-29 17:06:45,-40,0,0,0,0,OK,,,,,
2026-04-29 17:07:01,14.8,57,0,392,18267.9,OK,,,,,
2026-04-29 17:07:17,14.8,57,0.7,392,18311.4,OK,,,,,
2026-04-29 17:07:33,14.8,57,0.6,392,18357.8,OK,,,,,
2026-04-29 17:07:49,14.8,57,0.4,392,18436.1,OK,,,,,
2026-04-29 17:08:05,14.8,58,0.1,392,18549.2,OK,,,,,
2026-04-29 17:08:21,14.8,57,0.1,392,18572.4,OK,,,,,
2026-04-29 17:08:37,14.8,57,0.4,392,18575.3,OK,,,,,
2026-04-29 17:08:53,14.8,58,0.1,392,18569.5,OK,,,,,
2026-04-29 17:09:09,14.8,58,0,392,18656.5,OK,,,,,
2026-04-29 17:09:25,14.8,57,0.8,392,18679.7,OK,,,,,
2026-04-29 17:09:41,14.7,57,1.1,392,18668.1,OK,,,,,
2026-04-29 17:09:57,14.7,58,1.4,392,18653.6,OK,,,,,
2026-04-29 17:10:13,14.7,58,0.3,392,18662.3,OK,,,,,
2026-04-29 17:10:29,14.6,58,0,392,18820.7,OK,,,,,
2026-04-29 17:10:45,14.6,58,0.6,392,18601.4,OK,,,,,
2026-04-29 17:11:01,14.6,58,0.8,392,97183.7,OK,,,,,
2026-04-29 17:11:17,14.6,58,1.4,392,18470.9,OK,,,,,
2026-04-29 17:11:33,14.5,59,0.6,392,18415.8,OK,,,,,
2026-04-29 17:11:49,14.5,59,1.3,392,18340.4,OK,,,,,
2026-04-29 17:12:05,14.5,58,0.4,392,18247.6,OK,,,,,
2026-04-29 17:12:21,14.5,58,0.1,392,18183.8,OK,,,,,
2026-04-29 17:12:37,14.5,58,0.4,392,18059.1,OK,,,,,
2026-04-29 17:12:53,-11.1,58,37.7,392,17945.2,OK,,,,,
2026-04-29 17:13:09,14.4,58,1.5,392,17861.9,OK,,,,,
2026-04-29 17:13:25,-40,0,0,0,0,OK,,,,,
2026-04-29 17:13:41,14.4,59,0,392,17690.8,OK,,,,,
2026-04-29 17:13:57,14.4,59,0.4,392,17534.2,OK,,,,,
2026-04-29 17:14:13,14.4,59,0,392,17383.4,OK,,,,,
2026-04-29 17:14:29,-40,0,0,0,0,OK,,,,,
2026-04-29 17:14:45,14.4,60,0,392,17125.3,OK,,,,,
2026-04-29 17:15:01,14.5,60,0.4,392,16957.1,OK,,,,,
2026-04-29 17:15:17,-40,0,0,0,0,OK,,,,,
2026-04-29 17:16:21,14.5,59,0.6,392,632624.6,OK,,,,,
2026-04-29 17:16:37,14.4,59,1,392,16150.9,OK,,,,,
2026-04-29 17:16:53,-40,0,0,0,0,OK,,,,,
2026-04-29 17:17:09,14.4,59,0.1,392,15965.3,OK,,,,,
2026-04-29 17:17:25,14.4,59,0,392,15910.2,OK,,,,,
2026-04-29 17:17:41,14.4,59,0,392,15820.3,OK,,,,,
2026-04-29 17:17:57,14.4,59,0,392,15715.9,OK,,,,,
2026-04-29 17:18:13,14.4,59,0,392,15608.6,OK,,,,,
2026-04-29 17:18:29,14.4,59,0,392,15573.8,OK,,,,,
2026-04-29 17:18:45,14.4,59,0,392,15524.5,OK,,,,,
2026-04-29 17:19:01,14.5,60,0.6,392,15478.1,OK,,,,,
2026-04-29 17:19:17,14.4,60,0.6,392,15402.7,OK,,,,,
2026-04-29 17:19:33,142.4,61,36.1,392,15324.4,OK,,,,,
2026-04-29 17:19:49,14.4,61,0,392,15269.3,OK,,,,,
2026-04-29 17:20:05,14.4,61,0.1,392,15211.3,OK,,,,,
2026-04-29 17:20:21,14.4,61,0,392,15156.2,OK,,,,,
2026-04-29 17:20:37,14.4,60,0.6,392,15106.9,OK,,,,,
2026-04-29 17:20:53,-40,0,0,0,0,OK,,,,,
2026-04-29 17:21:09,14.4,61,0.1,392,15089.5,OK,,,,,
2026-04-29 17:21:25,14.4,61,0.7,392,15072.1,OK,,,,,
2026-04-29 17:21:57,-40,0,0,0,0,OK,,,,,
2026-04-29 17:22:13,14.4,60,0,392,15031.5,OK,,,,,
2026-04-29 17:22:29,14.4,60,0.4,392,15048.9,OK,,,,,
2026-04-29 17:22:45,14.4,60,0.4,392,15072.1,OK,,,,,
2026-04-29 17:23:01,-40,0,0,0,0,OK,,,,,
2026-04-29 17:23:17,14.3,61,1.3,392,15089.5,OK,,,,,
2026-04-29 17:23:33,14.2,61,1.1,392,15103.9,OK,,,,,
2026-04-29 17:23:49,14.2,62,0.4,392,15072.1,OK,,,,,
2026-04-29 17:24:05,14.2,62,0.3,392,15048.9,OK,,,,,
2026-04-29 17:24:21,14.2,62,0.1,392,15014.1,OK,,,,,
2026-04-29 17:24:37,14.3,62,0.1,392,14996.7,OK,,,,,
2026-04-29 17:24:53,14.2,61,0.3,392,14999.6,OK,,,,,
2026-04-29 17:25:09,14.3,61,0.6,392,14947.4,OK,,,,,
2026-04-29 17:25:25,14.2,61,1.8,392,14860.4,OK,,,,,
2026-04-29 17:25:41,-40,0,0,0,0,OK,,,,,
2026-04-29 17:25:57,14.1,61,1.3,392,14808.2,OK,,,,,
2026-04-29 17:26:13,14,62,1.7,392,14785,OK,,,,,
2026-04-29 17:26:29,14,62,0.8,392,14764.7,OK,,,,,
2026-04-29 17:26:45,14,62,1,392,14744.4,OK,,,,,
2026-04-29 17:27:01,14,62,1,392,14721.2,OK,,,,,
2026-04-29 17:27:17,14,62,0.6,392,14698,OK,,,,,
2026-04-29 17:27:33,14,63,0.1,392,14677.7,OK,,,,,
2026-04-29 17:27:49,14,63,0,392,14657.4,OK,,,,,
2026-04-29 17:28:05,14,63,0,392,14660.3,OK,,,,,
2026-04-29 17:28:21,14,63,0,392,14634.2,OK,,,,,
2026-04-29 17:28:37,14,63,0.1,392,14622.6,OK,,,,,
2026-04-29 17:28:53,14.1,63,0.3,392,14625.5,OK,,,,,
2026-04-29 17:29:09,14.1,63,0,392,14645.8,OK,,,,,
2026-04-29 17:29:25,14.1,63,1.7,392,14637.1,OK,,,,,
2026-04-29 17:29:41,14,63,4.2,392,14611,OK,,,,,
2026-04-29 17:29:57,13.9,64,0.8,392,14573.3,OK,,,,,
2026-04-29 17:30:13,13.9,64,0.3,392,14500.8,OK,,,,,
2026-04-29 17:30:29,13.8,64,0,392,14503.7,OK,,,,,
2026-04-29 17:30:45,13.9,64,0.1,392,14373.2,OK,,,,,
2026-04-29 17:31:01,13.9,64,1.4,1928,14245.6,OK,,,,,
2026-04-29 17:31:17,13.9,64,1,392,14147,OK,,,,,
2026-04-29 17:31:33,13.9,64,1.1,392,14089,OK,,,,,
2026-04-29 17:31:49,-40,0,0,0,0,OK,,,,,
2026-04-29 17:32:05,13.8,65,0.7,392,13967.2,OK,,,,,
2026-04-29 17:32:21,13.8,64,2,392,13906.3,OK,,,,,
2026-04-29 17:32:37,13.7,64,0.4,392,13839.6,OK,,,,,
2026-04-29 17:32:53,13.8,65,0.4,392,13743.9,OK,,,,,
2026-04-29 17:33:09,13.8,65,0.1,392,13657.2,OK,,,,,
2026-04-29 17:33:25,13.9,65,0.6,392,13601.8,OK,,,,,
2026-04-29 17:33:41,-40,0,0,0,0,OK,,,,,
2026-04-29 17:33:57,13.9,65,0.6,392,13474.2,OK,,,,,
2026-04-29 17:34:13,13.9,65,1.1,392,13401.7,OK,,,,,
2026-04-29 17:34:29,-40,0,0,0,0,OK,,,,,
2026-04-29 17:34:45,13.8,65,0.4,392,13297.3,OK,,,,,
2026-04-29 17:35:01,13.9,65,0.7,392,13213.2,OK,,,,,
2026-04-29 17:35:17,13.9,65,0,392,13137.8,OK,,,,,
2026-04-29 17:35:33,13.9,65,0.1,392,13071.1,OK,,,,,
2026-04-29 17:35:49,-40,0,0,0,0,OK,,,,,
2026-04-29 17:36:05,14,64,0.7,392,13010.2,OK,,,,,
2026-04-29 17:36:21,13.9,64,1.7,392,12940.6,OK,,,,,
2026-04-29 17:36:37,13.8,64,1.1,392,12920.3,OK,,,,,
2026-04-29 17:36:53,13.8,160,1,392,12943.5,OK,,,,,
2026-04-29 17:37:09,13.8,65,0.6,392,12972.5,OK,,,,,
2026-04-29 17:37:25,13.8,65,0.4,392,12998.6,OK,,,,,
2026-04-29 17:37:41,-40,0,0,0,0,OK,,,,,
2026-04-29 17:37:57,13.8,65,0.3,392,13071.1,OK,,,,,
2026-04-29 17:38:13,13.8,65,0.4,392,13134.9,OK,,,,,
2026-04-29 17:38:29,13.8,65,0,392,13181.3,OK,,,,,
2026-04-29 17:38:45,13.8,65,0.1,392,13103,OK,,,,,
2026-04-29 17:39:01,13.8,64,0.6,392,13140.7,OK,,,,,
2026-04-29 17:39:17,13.8,64,1.7,392,13097.2,OK,,,,,
2026-04-29 17:39:33,13.8,64,0.3,392,13030.5,OK,,,,,
2026-04-29 17:39:49,13.7,64,0.3,392,13004.4,OK,,,,,
2026-04-29 17:40:05,13.8,64,0.4,392,12943.5,OK,,,,,
2026-04-29 17:40:21,13.8,64,0,392,12917.4,OK,,,,,
2026-04-29 17:40:37,13.8,64,0.1,392,12885.5,OK,,,,,
2026-04-29 17:40:53,13.9,64,0.7,392,12905.8,OK,,,,,
2026-04-29 17:41:09,13.9,64,1,392,12810.1,OK,,,,,
2026-04-29 17:41:25,13.8,64,1.1,392,12763.7,OK,,,,,
2026-04-29 17:41:41,13.8,64,1.3,392,12723.1,OK,,,,,
2026-04-29 17:41:57,13.8,63,1,392,12697,OK,,,,,
2026-04-29 17:42:13,13.8,62,1.3,392,12659.3,OK,,,,,
2026-04-29 17:42:29,13.7,63,1.4,392,12618.7,OK,,,,,
2026-04-29 17:43:33,13.9,64,0,392,12288.1,OK,,,,,
2026-04-29 17:43:49,13.7,63,0,392,12221.4,OK,,,,,
2026-04-29 17:44:05,13.8,63,0,392,12148.9,OK,,,,,
2026-04-29 17:44:21,13.8,63,0.3,392,12088,OK,,,,,
2026-04-29 17:44:37,13.8,63,0.1,392,12059,OK,,,,,
2026-04-29 17:44:53,13.8,63,0.4,392,12009.7,OK,,,,,
2026-04-29 17:45:09,13.8,63,0.6,392,11925.6,OK,,,,,
2026-04-29 17:45:25,13.8,63,0.4,392,11873.4,OK,,,,,
2026-04-29 17:45:41,13.8,63,0.7,392,11798,OK,,,,,
2026-04-29 17:45:57,13.8,63,0.7,392,11751.6,OK,,,,,
2026-04-29 17:46:13,13.8,62,1.4,392,11711,OK,,,,,
2026-04-29 17:46:29,13.7,62,1.5,392,11679.1,OK,,,,,
2026-04-29 17:46:45,13.6,62,1.5,392,11632.7,OK,,,,,
2026-04-29 17:47:01,13.6,60,1.7,392,11606.6,OK,,,,,
2026-04-29 17:47:17,13.5,61,0.4,392,11574.7,OK,,,,,
2026-04-29 17:47:33,13.6,61,2.1,392,11560.2,OK,,,,,
2026-04-29 17:47:49,13.5,61,2.4,392,11513.8,OK,,,,,
2026-04-29 17:48:05,13.5,61,1.1,392,11470.3,OK,,,,,
2026-04-29 17:48:21,13.5,62,1.1,392,11447.1,OK,,,,,
2026-04-29 17:48:37,13.5,62,1.7,392,11406.5,OK,,,,,
2026-04-29 17:48:53,13.4,63,1.8,392,11386.2,OK,,,,,
2026-04-29 17:49:09,13.4,63,0.7,392,11351.4,OK,,,,,
2026-04-29 17:49:25,13.4,63,0.4,392,11316.6,OK,,,,,
2026-04-29 17:49:41,13.4,63,1.1,392,11290.5,OK,,,,,
2026-04-29 17:49:57,13.4,63,1.4,392,11258.6,OK,,,,,
2026-04-29 17:50:13,13.5,63,0.1,392,11235.4,OK,,,,,
2026-04-29 17:50:29,13.5,63,0,392,11206.4,OK,,,,,
2026-04-29 17:50:45,13.5,63,0.7,392,11186.1,OK,,,,,
2026-04-29 17:51:01,13.5,63,1,392,11165.8,OK,,,,,
2026-04-29 17:51:17,13.5,62,0.7,392,11148.4,OK,,,,,
2026-04-29 17:51:33,13.5,62,0.7,392,11125.2,OK,,,,,
2026-04-29 17:51:49,13.5,62,0.7,392,11104.9,OK,,,,,
2026-04-29 17:52:05,13.5,62,0.3,392,11090.4,OK,,,,,
2026-04-29 17:52:21,-40,0,0,0,0,OK,,,,,
2026-04-29 17:52:37,-40,0,0,0,0,OK,,,,,
2026-04-29 17:52:53,13.5,62,0.3,392,11035.3,OK,,,,,
2026-04-29 17:53:09,13.6,62,0,392,11038.2,OK,,,,,
2026-04-29 17:53:25,13.5,62,0.6,392,11015,OK,,,,,
2026-04-29 17:53:41,13.5,62,0.8,392,10997.6,OK,,,,,
2026-04-29 17:53:57,13.5,62,1.1,392,10997.6,OK,,,,,
2026-04-29 17:54:13,-40,0,0,0,0,OK,,,,,
2026-04-29 17:54:29,13.5,62,0.1,392,10971.5,OK,,,,,
2026-04-29 17:54:45,13.5,62,1.4,392,10965.7,OK,,,,,
2026-04-29 17:55:01,13.4,62,0,392,10925.1,OK,,,,,
2026-04-29 17:55:17,13.5,62,0.1,392,10890.3,OK,,,,,
2026-04-29 17:55:33,13.5,62,0,392,10861.3,OK,,,,,
2026-04-29 17:55:49,-40,0,0,0,0,OK,,,,,
2026-04-29 17:56:05,13.5,61,0.1,392,10817.8,OK,,,,,
2026-04-29 17:56:21,-40,0,0,0,0,OK,,,,,
2026-04-29 17:56:37,13.6,61,0,392,10754,OK,,,,,
2026-04-29 17:56:53,13.6,61,0,392,10733.7,OK,,,,,
2026-04-29 17:57:09,13.6,61,0.4,392,10707.6,OK,,,,,
2026-04-29 17:57:25,13.6,62,0,392,10690.2,OK,,,,,
2026-04-29 17:57:41,13.7,61,0.4,392,10675.7,OK,,,,,
2026-04-29 17:57:57,13.6,61,0.6,392,10649.6,OK,,,,,
2026-04-29 17:58:13,13.7,61,0.1,392,10626.4,OK,,,,,
2026-04-29 17:58:29,-40,0,0,0,0,OK,,,,,
2026-04-29 17:58:45,13.7,61,0,392,10562.6,OK,,,,,
2026-04-29 17:59:01,13.7,61,0,392,10530.7,OK,,,,,
2026-04-29 17:59:17,13.7,61,0.1,392,10493,OK,,,,,
2026-04-29 17:59:33,13.7,60,0,392,10440.8,OK,,,,,
2026-04-29 17:59:49,13.8,59,0,392,10391.5,OK,,,,,
2026-04-29 18:00:05,13.7,58,0.3,392,10339.3,OK,,,,,
2026-04-29 18:00:21,13.7,57,0.6,392,10278.4,OK,,,,,
2026-04-29 18:00:37,13.7,57,0,392,10214.6,OK,,,,,
2026-04-29 18:00:53,13.8,57,0,392,10156.6,OK,,,,,
2026-04-29 18:01:09,-40,0,0,0,0,OK,,,,,
2026-04-29 18:01:25,13.8,57,0.4,392,10055.1,OK,,,,,
2026-04-29 18:01:41,13.8,57,0,392,10014.5,OK,,,,,
2026-04-29 18:01:57,-40,0,0,0,0,OK,,,,,
2026-04-29 18:02:13,-40,0,0,0,0,OK,,,,,
2026-04-29 18:02:29,13.7,55,0,392,9829.2,OK,,,,,
2026-04-29 18:02:45,13.7,56,0,392,9814.4,OK,,,,,
2026-04-29 18:03:01,13.8,56,0,392,9792.2,OK,,,,,
2026-04-29 18:03:17,13.8,56,0,392,9792.2,OK,,,,,
2026-04-29 18:03:33,13.8,56,0.1,392,9784.8,OK,,,,,
2026-04-29 18:03:49,13.8,56,0.6,392,9792.2,OK,,,,,
2026-04-29 18:04:05,13.9,56,0.7,392,9799.6,OK,,,,,
2026-04-29 18:04:21,13.8,56,2.7,392,9803.3,OK,,,,,
2026-04-29 18:04:37,13.7,57,0.6,392,9803.3,OK,,,,,
2026-04-29 18:04:53,13.7,57,0.1,392,9799.6,OK,,,,,
2026-04-29 18:05:09,13.7,57,0.7,392,9788.5,OK,,,,,
2026-04-29 18:05:25,13.7,57,0.4,392,9770,OK,,,,,
2026-04-29 18:05:41,13.7,57,0.3,392,9744.1,OK,,,,,
2026-04-29 18:05:57,-40,0,0,0,0,OK,,,,,
2026-04-29 18:06:13,-40,0,0,0,0,OK,,,,,
2026-04-29 18:06:29,13.7,56,0.1,392,9599.8,OK,,,,,
2026-04-29 18:06:45,-40,0,0,0,0,OK,,,,,
2026-04-29 18:07:01,13.6,56,0.7,392,9466.6,OK,,,,,
2026-04-29 18:07:17,13.6,56,2.1,392,9400,OK,,,,,
2026-04-29 18:07:33,13.5,56,1.5,392,9326,OK,,,,,
2026-04-29 18:07:49,13.5,56,2.1,392,9274.2,OK,,,,,
2026-04-29 18:08:05,-40,0,0,0,0,OK,,,,,
2026-04-29 18:08:21,13.4,57,1.3,392,9100.3,OK,,,,,
2026-04-29 18:08:37,13.4,57,1.1,392,9022.6,OK,,,,,
2026-04-29 18:08:53,13.4,57,1.1,392,8963.4,OK,,,,,
2026-04-29 18:09:09,13.4,57,0.4,392,8893.1,OK,,,,,
2026-04-29 18:09:25,13.4,57,1,392,8830.2,OK,,,,,
2026-04-29 18:09:41,-40,0,0,0,0,OK,,,,,
2026-04-29 18:09:57,13.4,57,0.7,392,8711.8,OK,,,,,
2026-04-29 18:10:13,-40,0,0,0,0,OK,,,,,
2026-04-29 18:10:29,13.4,57,0.7,392,8604.5,OK,,,,,
2026-04-29 18:10:45,13.4,57,1,392,8552.7,OK,,,,,
2026-04-29 18:11:01,13.4,57,0,392,8493.5,OK,,,,,
2026-04-29 18:12:05,-40,0,0,0,0,OK,,,,,
2026-04-29 18:12:21,13.4,57,0,392,8234.5,OK,,,,,
2026-04-29 18:12:37,13.4,57,0.6,392,8193.8,OK,,,,,
2026-04-29 18:12:53,13.4,57,0.8,392,8149.4,OK,,,,,
2026-04-29 18:13:09,13.4,57,0.4,392,8112.4,OK,,,,,
2026-04-29 18:13:25,-40,0,0,0,0,OK,,,,,
2026-04-29 18:13:41,13.4,57,1.7,392,8042.1,OK,,,,,
2026-04-29 18:13:57,-40,0,0,0,0,OK,,,,,
2026-04-29 18:14:13,13.4,57,2,392,7982.9,OK,,,,,
2026-04-29 18:14:29,-40,0,0,0,0,OK,,,,,
2026-04-29 18:14:45,13.4,58,0.1,392,7953.3,OK,,,,,
2026-04-29 18:15:01,13.4,58,0.4,392,7938.5,OK,,,,,
2026-04-29 18:15:17,13.4,58,0.3,392,7916.3,OK,,,,,
2026-04-29 18:16:21,13.4,58,0.6,392,7768.3,OK,,,,,
2026-04-29 18:16:37,-40,0,0,0,0,OK,,,,,
2026-04-29 18:16:53,13.4,59,0,392,7635.1,OK,,,,,
2026-04-29 18:17:09,13.4,59,0,392,7550,OK,,,,,
2026-04-29 18:17:25,13.4,59,0,392,7450.1,OK,,,,,
2026-04-29 18:17:41,13.4,59,0.1,392,7342.8,OK,,,,,
2026-04-29 18:17:57,13.5,59,0,392,7217,OK,,,,,
2026-04-29 18:18:13,13.5,59,0.1,392,7087.5,OK,,,,,
2026-04-29 18:18:29,13.5,59,1,392,6950.6,OK,,,,,
2026-04-29 18:18:45,13.5,59,0.6,392,6802.6,OK,,,,,
2026-04-29 18:19:01,13.5,59,0.4,392,13102.1,OK,,,,,
2026-04-29 18:19:17,13.5,59,0.3,392,6499.2,OK,,,,,
2026-04-29 18:19:33,13.5,59,0,392,6343.8,OK,,,,,
2026-04-29 18:19:49,13.5,59,0,392,6188.4,OK,,,,,
2026-04-29 18:20:05,13.5,59,0,392,844901.2,OK,,,,,
2026-04-29 18:20:21,13.5,59,1.7,392,5896.1,OK,,,,,
2026-04-29 18:20:37,-40,0,0,0,0,OK,,,,,
2026-04-29 18:20:53,-40,0,0,0,0,OK,,,,,
2026-04-29 18:21:09,13.4,59,0.3,392,5511.3,OK,,,,,
2026-04-29 18:21:25,13.4,60,0.8,392,5396.6,OK,,,,,
2026-04-29 18:21:41,13.4,60,0.8,392,5300.4,OK,,,,,
2026-04-29 18:21:57,13.4,60,0.6,392,5204.2,OK,,,,,
2026-04-29 18:22:13,13.4,60,0.3,392,5126.5,OK,,,,,
2026-04-29 18:22:29,16.6,60,1.1,392,5056.2,OK,,,,,
2026-04-29 18:22:45,13.4,60,0.6,392,4993.3,OK,,,,,
2026-04-29 18:23:01,13.4,60,0,392,4941.5,OK,,,,,
2026-04-29 18:23:17,13.4,60,0,392,4897.1,OK,,,,,
2026-04-29 18:23:33,13.4,60,0,392,6546,OK,,,,,
2026-04-29 18:24:37,-40,0,0,0,0,OK,,,,,
2026-04-29 18:24:53,13.4,60,0,392,4902.7,OK,,,,,
2026-04-29 18:25:09,13.4,60,0,392,4734.3,OK,,,,,
2026-04-29 18:25:25,13.4,60,0,392,4712.1,OK,,,,,
2026-04-29 18:25:41,13.5,60,0,392,4671.4,OK,,,,,
2026-04-29 18:26:45,13.5,60,0,392,4549.3,OK,,,,,
2026-04-29 18:27:01,-40,0,0,0,0,OK,,,,,
2026-04-29 18:27:17,13.5,60,0.1,392,4445.9,OK,,,,,
2026-04-29 18:27:33,13.5,61,0.4,392,4390.2,OK,,,,,
2026-04-29 18:27:49,13.4,60,0,392,4331,OK,,,,,
2026-04-29 18:28:05,-40,0,0,0,0,OK,,,,,
2026-04-29 18:28:21,-40,0,0,0,0,OK,,,,,
2026-04-29 18:28:37,13.4,61,0.1,392,5791.8,OK,,,,,
2026-04-29 18:28:53,13.4,61,0.3,482,4094.2,OK,,,,,
2026-04-29 18:29:10,-40,0,0,0,0,OK,,,,,
2026-04-29 18:29:25,-40,0,0,0,0,OK,,,,,
2026-04-29 18:29:41,13.3,61,0,392,3949.9,OK,,,,,
2026-04-29 18:29:57,13.3,61,0,392,3916.6,OK,,,,,
2026-04-29 18:30:13,13.3,61,0,392,3887,OK,,,,,
2026-04-29 18:30:29,-40,0,0,0,0,OK,,,,,
2026-04-29 18:30:45,13.4,61,0,392,3857.4,OK,,,,,
2026-04-29 18:31:01,-40,0,0,0,0,OK,,,,,
2026-04-29 18:31:17,13.4,61,0.8,392,3861.1,OK,,,,,
2026-04-29 18:31:33,25.1,61,0.1,392,3872.2,OK,,,,,
2026-04-29 18:31:49,13.3,61,0,392,3898.1,OK,,,,,
2026-04-29 18:32:05,-40,0,0,0,0,OK,,,,,
2026-04-29 18:32:21,13.4,61,0,392,3961,OK,,,,,
2026-04-29 18:32:37,13.3,61,0.1,392,4001.7,OK,,,,,
2026-04-29 18:32:53,13.3,61,0,392,4046.1,OK,,,,,
2026-04-29 18:33:09,16.5,61,0,392,631574.2,OK,,,,,
2026-04-29 18:33:25,13.3,61,1.4,392,4138.6,OK,,,,,
2026-04-29 18:33:41,13.2,60,1.3,392,4183,OK,,,,,
2026-04-29 18:33:57,13.2,61,1.3,392,4227.4,OK,,,,,
2026-04-29 18:34:13,13.2,61,2.4,392,4273.5,OK,,,,,
2026-04-29 18:34:29,13.2,61,1,392,4294,OK,,,,,
2026-04-29 18:34:45,-40,0,0,0,0,OK,,,,,
2026-04-29 18:35:49,-40,0,0,0,0,OK,,,,,
2026-04-29 18:36:05,13.1,62,0.8,392,4290.3,OK,,,,,
2026-04-29 18:36:21,13.1,62,1,408,4257,OK,,,,,
2026-04-29 18:36:37,13.1,62,1,392,4208.9,OK,,,,,
2026-04-29 18:36:53,13.1,62,0.1,392,4157.1,OK,,,,,
2026-04-29 18:37:09,-40,0,0,0,0,OK,,,,,
2026-04-29 18:37:25,13.1,62,0,392,4031.3,OK,,,,,
2026-04-29 18:37:41,13.1,62,0,392,3957.3,OK,,,,,
2026-04-29 18:37:57,-12.5,62,35.8,392,3891.1,OK,,,,,
2026-04-29 18:38:13,13.1,62,0,392,3787.1,OK,,,,,
2026-04-29 18:38:29,13.1,63,0.1,392,5856.1,OK,,,,,
2026-04-29 18:38:45,13.2,63,0.3,392,3616.9,OK,,,,,
2026-04-29 18:39:01,13.2,63,0.6,392,3520.7,OK,,,,,
2026-04-29 18:39:17,13.1,63,0.7,392,3420.8,OK,,,,,
2026-04-29 18:39:33,-40,0,0,0,0,OK,,,,,
2026-04-29 18:39:49,13.1,63,13.4,392,3228.4,OK,,,,,
2026-04-29 18:40:05,13.1,64,0,392,3132.2,OK,,,,,
2026-04-29 18:40:21,13.1,64,0,392,3039.7,OK,,,,,
2026-04-29 18:40:37,-40,0,0,0,0,OK,,,,,
2026-04-29 18:40:53,13.1,64,0.1,452,3268,OK,,,,,
2026-04-29 18:41:09,-40,0,0,0,0,OK,,,,,
2026-04-29 18:41:25,13.1,64,0.4,392,2695.6,OK,,,,,
2026-04-29 18:41:41,-40,0,0,0,0,OK,,,,,
2026-04-29 18:41:57,13.1,64,0,392,2558.7,OK,,,,,
2026-04-29 18:42:13,13.1,64,0.3,392,2499.5,OK,,,,,
2026-04-29 18:42:29,-40,0,0,0,0,OK,,,,,
2026-04-29 18:42:45,13.5,63,0.1,504,2399.6,OK,,,,,
2026-04-29 18:43:01,13.1,62,0.1,392,2357.8,OK,,,,,
2026-04-29 18:43:17,-40,0,0,0,0,OK,,,,,
2026-04-29 18:43:33,13.1,63,0.3,392,2303.4,OK,,,,,
2026-04-29 18:43:49,-40,0,0,0,0,OK,,,,,
2026-04-29 18:44:05,13.1,64,0.8,392,2266.4,OK,,,,,
2026-04-29 18:44:21,-40,0,0,0,0,OK,,,,,
2026-04-29 18:44:37,13.1,64,0.1,392,2251.6,OK,,,,,
2026-04-29 18:44:53,-40,0,0,0,0,OK,,,,,
2026-04-29 18:45:09,-40,0,0,0,0,OK,,,,,
2026-04-29 18:45:25,-40,0,0,0,0,OK,,,,,
2026-04-29 18:45:41,-40,0,0,0,0,OK,,,,,
2026-04-29 18:45:57,13.1,64,0.4,452,2273.8,OK,,,,,
2026-04-29 18:46:13,13.1,64,0,392,2277.5,OK,,,,,
2026-04-29 18:46:29,-40,0,0,0,0,OK,,,,,
2026-04-29 18:46:45,-40,0,0,0,0,OK,,,,,
2026-04-29 18:47:01,-40,0,0,0,0,OK,,,,,
2026-04-29 18:47:17,13.2,64,0.1,392,2310.8,OK,,,,,
2026-04-29 18:47:33,-40,0,0,0,0,OK,,,,,
2026-04-29 18:47:49,13.2,192,1.1,392,2314.5,OK,,,,,
2026-04-29 18:48:05,-40,0,0,0,0,OK,,,,,
2026-04-29 18:48:21,13.1,65,1.1,392,2307.1,OK,,,,,
2026-04-29 18:48:37,13.1,65,0.4,392,2299.7,OK,,,,,
2026-04-29 18:48:53,-40,0,0,0,0,OK,,,,,
2026-04-29 18:49:09,16.3,65,0.1,452,2277.5,OK,,,,,
2026-04-29 18:49:25,13.1,66,0,3976,2259,OK,,,,,
2026-04-29 18:49:41,-40,0,0,0,0,OK,,,,,
2026-04-29 18:49:57,-40,0,0,0,0,OK,,,,,
2026-04-29 18:50:13,115.5,66,35.8,392,2185,OK,,,,,
2026-04-29 18:50:29,-40,0,0,0,0,OK,,,,,
2026-04-29 18:50:45,13.1,65,0.3,392,2125.8,OK,,,,,
2026-04-29 18:51:01,13.1,65,0,392,634588,OK,,,,,
2026-04-29 18:51:17,13.1,65,0,452,4300.9,OK,,,,,
2026-04-29 18:51:33,13.1,65,0.1,392,2011.1,OK,,,,,
2026-04-29 18:51:49,-40,0,0,0,0,OK,,,,,
2026-04-29 18:52:05,-40,0,0,0,0,OK,,,,,
2026-04-29 18:52:21,13.1,95,0,504,1638.3,OK,,,,,
2026-04-29 18:52:37,13.1,65,0.3,392,1821.9,OK,,,,,
2026-04-29 18:52:53,-40,0,0,0,0,OK,,,,,
2026-04-29 18:53:09,13,66,1.1,408,1665,OK,,,,,
2026-04-29 18:53:25,-40,0,0,0,0,OK,,,,,
2026-04-29 18:53:41,-40,0,0,0,0,OK,,,,,
2026-04-29 18:53:57,-40,0,0,0,0,OK,,,,,
2026-04-29 18:54:13,12.9,66,0.1,392,1452.7,OK,,,,,
2026-04-29 18:54:29,12.9,66,0.4,392,3988.3,OK,,,,,
2026-04-29 18:54:45,-40,0,0,0,0,OK,,,,,
2026-04-29 18:55:01,-40,0,0,0,0,OK,,,,,
2026-04-29 18:55:17,-40,0,0,0,0,OK,,,,,
2026-04-29 18:55:33,-40,0,0,0,0,OK,,,,,
2026-04-29 18:55:49,-40,0,0,0,0,OK,,,,,
2026-04-29 18:56:05,-40,0,0,0,0,OK,,,,,
2026-04-29 18:56:21,-40,0,0,0,0,OK,,,,,
2026-04-29 18:56:37,-40,0,0,0,0,OK,,,,,
2026-04-29 18:56:53,16.1,66,0,392,1073.9,OK,,,,,
2026-04-29 18:57:09,-40,0,0,0,0,OK,,,,,
2026-04-29 18:57:25,13,66,0.1,504,1023.9,OK,,,,,
2026-04-29 18:57:41,-40,0,0,0,0,OK,,,,,
2026-04-29 18:57:57,-40,0,0,0,0,OK,,,,,
2026-04-29 18:58:13,-40,0,0,0,0,OK,,,,,
2026-04-29 18:58:29,-40,0,0,0,0,OK,,,,,
2026-04-29 18:58:45,-40,0,0,0,0,OK,,,,,
2026-04-29 18:59:01,-40,0,0,0,0,OK,,,,,
2026-04-29 18:59:17,-40,0,0,0,0,OK,,,,,
2026-04-29 18:59:33,12.9,65,13.4,392,5120.1,OK,,,,,
2026-04-29 18:59:49,-40,0,0,0,0,OK,,,,,
2026-04-29 19:00:05,-40,0,0,0,0,OK,,,,,
2026-04-29 19:00:21,-40,0,0,0,0,OK,,,,,
2026-04-29 19:00:37,-40,0,0,0,0,OK,,,,,
2026-04-29 19:00:53,-40,0,0,0,0,OK,,,,,
2026-04-29 19:01:09,-40,0,0,0,0,OK,,,,,
2026-04-29 19:01:25,-40,0,0,0,0,OK,,,,,
2026-04-29 19:01:41,12.8,64,0.1,392,6430.7,OK,,,,,
2026-04-29 19:01:57,-40,0,0,0,0,OK,,,,,
2026-04-29 19:02:13,-40,0,0,0,0,OK,,,,,
2026-04-29 19:03:17,12.8,64,1.8,16264,5051.3,OK,,,,,
2026-04-29 19:03:33,-40,0,0,0,0,OK,,,,,
2026-04-29 19:03:49,-40,0,0,0,0,OK,,,,,
2026-04-29 19:04:05,-40,0,0,0,0,OK,,,,,
2026-04-29 19:04:21,12.8,64,0,392,439.3,OK,,,,,
2026-04-29 19:04:37,-40,0,0,0,0,OK,,,,,
2026-04-29 19:04:53,-40,0,0,0,0,OK,,,,,
2026-04-29 19:05:09,-40,0,0,0,0,OK,,,,,
2026-04-29 19:05:25,35.2,64,0,392,342.2,OK,,,,,
2026-04-29 19:05:41,-40,0,0,0,0,OK,,,,,
2026-04-29 19:05:57,-40,0,0,0,0,OK,,,,,
2026-04-29 19:06:13,-40,0,0,0,0,OK,,,,,
2026-04-29 19:06:29,-40,0,0,0,0,OK,,,,,
2026-04-29 19:06:45,-40,0,0,0,0,OK,,,,,
2026-04-29 19:07:01,12.8,66,35.7,392,1436.9,OK,,,,,
2026-04-29 19:07:17,-40,0,0,0,0,OK,,,,,
2026-04-29 19:07:33,164.7,15,45.1,257,111411.8,OK,,,,,
2026-04-29 19:07:49,-40,0,0,0,0,OK,,,,,
2026-04-29 19:08:05,-40,0,0,0,0,OK,,,,,
2026-04-29 19:08:21,-40,0,0,0,0,OK,,,,,
2026-04-29 19:08:37,-40,0,0,0,0,OK,,,,,
2026-04-29 19:08:53,-40,0,0,0,0,OK,,,,,
2026-04-29 19:09:09,154.4,161,36.3,904,50.8,OK,,,,,
2026-04-29 19:09:25,-40,0,0,0,0,OK,,,,,
2026-04-29 19:09:41,-40,0,0,0,0,OK,,,,,
2026-04-29 19:09:57,-40,0,0,0,0,OK,,,,,
2026-04-29 19:10:13,-40,0,0,0,0,OK,,,,,
2026-04-29 19:10:29,-40,0,0,0,0,OK,,,,,
2026-04-29 19:10:45,-40,0,0,0,0,OK,,,,,
2026-04-29 19:11:01,12.7,67,0.7,392,0,OK,,,,,
2026-04-29 19:11:17,-40,0,0,0,0,OK,,,,,
2026-04-29 19:11:33,12.7,67,0.3,904,0,OK,,,,,
2026-04-29 19:12:05,-40,0,0,0,0,OK,,,,,
2026-04-29 19:12:21,12.7,195,0.7,392,0,OK,,,,,
2026-04-29 19:12:37,-40,0,0,0,0,OK,,,,,
2026-04-29 19:12:53,-40,0,0,0,0,OK,,,,,
2026-04-29 19:13:09,-40,0,0,0,0,OK,,,,,
2026-04-29 19:13:25,-40,0,0,0,0,OK,,,,,
2026-04-29 19:13:41,12.7,67,1.1,392,0,OK,,,,,
2026-04-29 19:13:57,12.6,67,0.3,65308,12.8,OK,,,,,
2026-04-29 19:14:29,-40,0,0,0,0,OK,,,,,
2026-04-29 19:14:45,-40,0,0,0,0,OK,,,,,
2026-04-29 19:15:01,-40,0,0,0,0,OK,,,,,
2026-04-29 19:15:17,-40,0,0,0,0,OK,,,,,
2026-04-29 19:15:49,-40,0,0,0,0,OK,,,,,
2026-04-29 19:16:21,-40,0,0,0,0,OK,,,,,
2026-04-29 19:16:37,-40,0,0,0,0,OK,,,,,
2026-04-29 19:16:53,12.6,68,0,392,0,OK,,,,,
2026-04-29 19:17:09,-40,0,0,0,0,OK,,,,,
2026-04-29 19:17:25,-40,0,0,0,0,OK,,,,,
2026-04-29 19:17:41,-40,0,0,0,0,OK,,,,,
2026-04-29 19:17:57,-40,0,0,0,0,OK,,,,,
2026-04-29 19:18:13,12.6,68,1.3,392,0,OK,,,,,
2026-04-29 19:18:29,-40,0,0,0,0,OK,,,,,
2026-04-29 19:18:45,12.5,209,25.2,392,0,OK,,,,,
2026-04-29 19:19:17,-40,0,0,0,0,OK,,,,,
2026-04-29 19:19:33,122.4,116,49.3,392,0,OK,,,,,
2026-04-29 19:19:49,-40,0,0,0,0,OK,,,,,
2026-04-29 19:20:05,115,79,107.5,392,0,OK,,,,,
2026-04-29 19:20:21,12.6,69,0.1,504,0,OK,,,,,
2026-04-29 19:20:37,36.5,69,0.1,392,0,OK,,,,,
2026-04-29 19:20:53,-40,0,0,0,0,OK,,,,,
2026-04-29 19:21:09,-40,0,0,0,0,OK,,,,,
2026-04-29 19:21:25,-40,0,0,0,0,OK,,,,,
2026-04-29 19:21:41,-40,0,0,0,0,OK,,,,,
2026-04-29 19:21:57,-40,0,0,0,0,OK,,,,,
2026-04-29 19:22:13,-40,0,0,0,0,OK,,,,,
2026-04-29 19:22:29,-40,0,0,0,0,OK,,,,,
2026-04-29 19:23:01,12.5,70,0.8,392,0,OK,,,,,
2026-04-29 19:23:17,-40,0,0,0,0,OK,,,,,
2026-04-29 19:24:05,-40,0,0,0,0,OK,,,,,
2026-04-29 19:24:37,-40,0,0,0,0,OK,,,,,
2026-04-29 19:24:53,-40,0,0,0,0,OK,,,,,
2026-04-29 19:25:09,-40,0,0,0,0,OK,,,,,
2026-04-29 19:25:25,-40,0,0,0,0,OK,,,,,
2026-04-29 19:25:41,114.9,69,0.1,392,0,OK,,,,,
2026-04-29 19:25:57,12.5,69,0,504,0,OK,,,,,
2026-04-29 19:26:13,23.9,69,0,482,0,OK,,,,,
2026-04-29 19:27:33,-40,0,0,0,0,OK,,,,,
2026-04-29 19:27:49,-40,0,0,0,0,OK,,,,,
2026-04-29 19:28:05,-40,0,0,0,0,OK,,,,,
2026-04-29 19:28:21,-40,0,0,0,0,OK,,,,,
2026-04-29 19:28:53,-40,0,0,0,0,OK,,,,,
2026-04-29 19:29:41,-40,0,0,0,0,OK,,,,,
2026-04-29 19:29:57,-40,0,0,0,0,OK,,,,,
2026-04-29 19:30:29,-40,0,0,0,0,OK,,,,,
2026-04-29 19:30:45,-40,0,0,0,0,OK,,,,,
2026-04-29 19:31:01,-40,0,0,0,0,OK,,,,,
2026-04-29 19:31:33,12.5,70,0.1,392,0,OK,,,,,
2026-04-29 19:31:49,-40,0,0,0,0,OK,,,,,
2026-04-29 19:32:05,-40,0,0,0,0,OK,,,,,
2026-04-29 19:32:37,-40,0,0,0,0,OK,,,,,
2026-04-29 19:32:53,12.5,70,0.8,392,0,OK,,,,,
2026-04-29 19:33:25,-40,0,0,0,0,OK,,,,,
2026-04-29 19:33:41,-40,0,0,0,0,OK,,,,,
2026-04-29 19:33:57,-40,0,0,0,0,OK,,,,,
2026-04-29 19:34:13,-40,0,0,0,0,OK,,,,,
2026-04-29 19:34:45,-40,0,0,0,0,OK,,,,,
2026-04-29 19:35:17,-40,0,0,0,0,OK,,,,,
2026-04-29 19:35:33,12.4,70,0,392,0,OK,,,,,
2026-04-29 19:35:49,12.4,70,0,392,0,OK,,,,,
2026-04-29 19:36:05,-40,0,0,0,0,OK,,,,,
2026-04-29 19:36:37,-40,0,0,0,0,OK,,,,,
2026-04-29 19:37:09,-40,0,0,0,0,OK,,,,,
2026-04-29 19:37:57,36.4,71,0,392,0,OK,,,,,
2026-04-29 19:38:29,23.6,71,0,392,0,OK,,,,,
2026-04-29 19:38:45,12.4,71,0,392,0,OK,,,,,
2026-04-29 19:39:01,12.5,71,0,392,0,OK,,,,,
2026-04-29 19:39:17,-40,0,0,0,0,OK,,,,,
2026-04-29 19:40:21,-40,0,0,0,0,OK,,,,,
2026-04-29 19:40:37,-40,0,0,0,0,OK,,,,,
2026-04-29 19:40:53,-40,0,0,0,0,OK,,,,,
2026-04-29 19:41:09,-40,0,0,0,0,OK,,,,,
2026-04-29 19:42:29,-40,0,0,0,0,OK,,,,,
2026-04-29 19:42:45,-40,0,0,0,0,OK,,,,,
2026-04-29 19:43:01,-40,0,0,0,0,OK,,,,,
2026-04-29 19:43:17,-40,0,0,0,0,OK,,,,,
2026-04-29 19:43:33,-40,0,0,0,0,OK,,,,,
2026-04-29 19:43:49,-40,0,0,0,0,OK,,,,,
2026-04-29 19:44:05,-40,0,0,0,0,OK,,,,,
2026-04-29 19:44:37,-40,0,0,0,0,OK,,,,,
2026-04-29 19:44:53,-40,0,0,0,0,OK,,,,,
2026-04-29 19:45:09,-40,0,0,0,0,OK,,,,,
2026-04-29 19:45:41,-40,0,0,0,0,OK,,,,,
2026-04-29 19:45:57,-40,0,0,0,0,OK,,,,,
2026-04-29 19:46:13,12.4,72,0.1,392,0,OK,,,,,
2026-04-29 19:46:29,-40,0,0,0,0,OK,,,,,
2026-04-29 19:47:01,-40,0,0,0,0,OK,,,,,
2026-04-29 19:47:49,12.4,72,1,392,0,OK,,,,,
2026-04-29 19:48:05,-40,0,0,0,0,OK,,,,,
2026-04-29 19:48:21,12.4,72,0,1928,0,OK,,,,,
2026-04-29 19:48:37,12.4,72,0,392,0,OK,,,,,
2026-04-29 19:48:53,12.4,200,13.4,392,838860.8,OK,,,,,
2026-04-29 19:49:09,-40,0,0,0,0,OK,,,,,
2026-04-29 19:49:25,-40,0,0,0,0,OK,,,,,
2026-04-29 19:50:45,-40,0,0,0,0,OK,,,,,
2026-04-29 19:51:17,-40,0,0,0,0,OK,,,,,
2026-04-29 19:52:05,-40,0,0,0,0,OK,,,,,
2026-04-29 19:52:21,-40,0,0,0,0,OK,,,,,
2026-04-29 19:52:37,-40,0,0,0,0,OK,,,,,
2026-04-29 19:52:53,-40,0,0,0,0,OK,,,,,
2026-04-29 19:53:09,-40,0,0,0,0,OK,,,,,
2026-04-29 19:53:25,-40,0,0,0,0,OK,,,,,
2026-04-29 19:53:41,114.8,72,36,392,0,OK,,,,,
2026-04-29 19:53:57,12.5,71,0,392,0,OK,,,,,
2026-04-29 19:55:01,-40,0,0,0,0,OK,,,,,
2026-04-29 19:56:05,-40,0,0,0,0,OK,,,,,
2026-04-29 19:56:21,-40,0,0,0,0,OK,,,,,
2026-04-29 19:56:37,-40,0,0,0,0,OK,,,,,
2026-04-29 19:56:53,12.5,94,0,392,0,OK,,,,,
2026-04-29 19:57:09,12.4,78,0,392,838860.8,OK,,,,,
2026-04-29 19:57:41,-40,0,0,0,0,OK,,,,,
2026-04-29 19:57:57,-40,0,0,0,0,OK,,,,,
2026-04-29 19:58:29,-40,0,0,0,0,OK,,,,,
2026-04-29 19:58:45,-40,0,0,0,0,OK,,,,,
2026-04-29 19:59:01,-40,0,0,0,0,OK,,,,,
2026-04-29 19:59:17,-40,0,0,0,0,OK,,,,,
2026-04-29 19:59:33,12.4,71,0.6,392,0,OK,,,,,
2026-04-29 19:59:49,-40,0,0,0,0,OK,,,,,
2026-04-29 20:00:05,-40,0,0,0,0,OK,,,,,
2026-04-29 20:00:21,12.4,71,1.5,452,3276.8,OK,,,,,
2026-04-29 20:00:37,12.4,71,1,392,0,OK,,,,,
2026-04-29 20:00:53,-40,0,0,0,0,OK,,,,,
2026-04-29 20:01:09,-40,0,0,0,0,OK,,,,,
2026-04-29 20:01:25,-40,0,0,0,0,OK,,,,,
2026-04-29 20:01:41,-40,0,0,0,0,OK,,,,,
2026-04-29 20:01:57,-40,0,0,0,0,OK,,,,,
2026-04-29 20:02:29,-40,0,0,0,0,OK,,,,,
2026-04-29 20:03:49,12.4,71,0.3,392,0,OK,,,,,
2026-04-29 20:04:05,24.6,71,0,8072,0,OK,,,,,
2026-04-29 20:04:21,-40,0,0,0,0,OK,,,,,
2026-04-29 20:04:37,-40,0,0,0,0,OK,,,,,
2026-04-29 20:04:53,-40,0,0,0,0,OK,,,,,
2026-04-29 20:05:09,12.3,72,0,392,0,OK,,,,,
2026-04-29 20:05:25,-40,0,0,0,0,OK,,,,,
2026-04-29 20:05:41,-40,0,0,0,0,OK,,,,,
2026-04-29 20:05:57,-40,0,0,0,0,OK,,,,,
2026-04-29 20:06:13,-40,0,0,0,0,OK,,,,,
2026-04-29 20:06:29,-40,0,0,0,0,OK,,,,,
2026-04-29 20:06:45,-40,0,0,0,0,OK,,,,,
2026-04-29 20:08:05,-40,0,0,0,0,OK,,,,,
2026-04-29 20:08:21,-40,0,0,0,0,OK,,,,,
2026-04-29 20:08:37,-40,0,0,0,0,OK,,,,,
2026-04-29 20:08:53,-40,0,0,0,0,OK,,,,,
2026-04-29 20:09:09,-40,0,0,0,0,OK,,,,,
2026-04-29 20:09:25,-40,0,0,0,0,OK,,,,,
2026-04-29 20:09:57,-40,0,0,0,0,OK,,,,,
2026-04-29 20:10:13,23.5,71,0,1928,0,OK,,,,,
2026-04-29 20:10:45,12.3,72,0,392,0,OK,,,,,
2026-04-29 20:11:01,-40,0,0,0,0,OK,,,,,
2026-04-29 20:11:17,12.3,72,0.8,392,0,OK,,,,,
2026-04-29 20:11:33,-40,0,0,0,0,OK,,,,,
2026-04-29 20:11:49,-40,0,0,0,0,OK,,,,,
2026-04-29 20:12:21,14.3,72,0,392,0,OK,,,,,
2026-04-29 20:12:53,-40,0,0,0,0,OK,,,,,
2026-04-29 20:13:09,-40,0,0,0,0,OK,,,,,
2026-04-29 20:13:25,-40,0,0,0,0,OK,,,,,
2026-04-29 20:13:41,-40,0,0,0,0,OK,,,,,
2026-04-29 20:13:57,12.3,71,0,3976,0,OK,,,,,
2026-04-29 20:14:13,-40,0,0,0,0,OK,,,,,
2026-04-29 20:14:29,-40,0,0,0,0,OK,,,,,
2026-04-29 20:14:45,-40,0,0,0,0,OK,,,,,
2026-04-29 20:15:01,-40,0,0,0,0,OK,,,,,
2026-04-29 20:15:17,-40,0,0,0,0,OK,,,,,
2026-04-29 20:16:21,-40,0,0,0,0,OK,,,,,
2026-04-29 20:16:37,-40,0,0,0,0,OK,,,,,
2026-04-29 20:17:09,-40,0,0,0,0,OK,,,,,
2026-04-29 20:17:25,12.3,71,26.9,452,6544.6,OK,,,,,
2026-04-29 20:17:41,12.3,70,1.5,392,0,OK,,,,,
2026-04-29 20:17:57,12.3,69,0.7,392,838873.6,OK,,,,,
2026-04-29 20:18:13,-40,0,0,0,0,OK,,,,,
2026-04-29 20:18:29,-40,0,0,0,0,OK,,,,,
2026-04-29 20:19:49,-40,0,0,0,0,OK,,,,,
2026-04-29 20:20:05,-40,0,0,0,0,OK,,,,,
2026-04-29 20:20:21,-40,0,0,0,0,OK,,,,,
2026-04-29 20:20:37,-40,0,0,0,0,OK,,,,,
2026-04-29 20:20:53,-40,0,0,0,0,OK,,,,,
2026-04-29 20:21:57,-40,0,0,0,0,OK,,,,,
2026-04-29 20:22:13,-40,0,0,0,0,OK,,,,,
2026-04-29 20:22:29,-40,0,0,0,0,OK,,,,,
2026-04-29 20:22:45,-40,0,0,0,0,OK,,,,,
2026-04-29 20:23:17,-40,0,0,0,0,OK,,,,,
2026-04-29 20:23:33,-40,0,0,0,0,OK,,,,,
2026-04-29 20:23:49,-40,0,0,0,0,OK,,,,,
2026-04-29 20:24:05,-40,0,0,0,0,OK,,,,,
2026-04-29 20:24:21,12.3,68,0,504,12.8,OK,,,,,
2026-04-29 20:24:53,23.9,162,0,392,0,OK,,,,,
2026-04-29 20:25:09,-40,0,0,0,0,OK,,,,,
2026-04-29 20:25:25,-40,0,0,0,0,OK,,,,,
2026-04-29 20:25:41,12.3,253,1.4,494,838860.8,OK,,,,,
2026-04-29 20:25:57,-40,0,0,0,0,OK,,,,,
2026-04-29 20:26:13,-40,0,0,0,0,OK,,,,,
2026-04-29 20:26:29,-40,0,0,0,0,OK,,,,,
2026-04-29 20:26:45,-40,0,0,0,0,OK,,,,,
2026-04-29 20:27:01,-40,0,0,0,0,OK,,,,,
2026-04-29 20:27:17,-40,0,0,0,0,OK,,,,,
2026-04-29 20:27:33,-40,0,0,0,0,OK,,,,,
2026-04-29 20:27:49,-40,0,0,0,0,OK,,,,,
2026-04-29 20:28:05,-40,0,0,0,0,OK,,,,,
2026-04-29 20:28:21,-40,0,0,0,0,OK,,,,,
2026-04-29 20:28:37,-40,0,0,0,0,OK,,,,,
2026-04-29 20:28:53,-40,0,0,0,0,OK,,,,,
2026-04-29 20:29:09,-40,0,0,0,0,OK,,,,,
2026-04-29 20:29:25,-40,0,0,0,0,OK,,,,,
2026-04-29 20:29:41,-40,0,0,0,0,OK,,,,,
2026-04-29 20:29:57,-40,0,0,0,0,OK,,,,,
2026-04-29 20:30:13,-40,0,0,0,0,OK,,,,,
2026-04-29 20:30:29,-40,0,0,0,0,OK,,,,,
2026-04-29 20:30:45,-40,0,0,0,0,OK,,,,,
2026-04-29 20:31:01,-40,0,0,0,0,OK,,,,,
2026-04-29 20:31:17,12.3,69,0.7,904,3276.8,OK,,,,,
2026-04-29 20:31:33,-40,0,0,0,0,OK,,,,,
2026-04-29 20:31:49,-40,0,0,0,0,OK,,,,,
2026-04-29 20:32:05,148.9,209,36,408,5747.2,OK,,,,,
2026-04-29 20:32:37,-40,0,0,0,0,OK,,,,,
2026-04-29 20:32:53,-40,0,0,0,0,OK,,,,,
2026-04-29 20:33:09,-40,0,0,0,0,OK,,,,,
2026-04-29 20:33:25,-40,0,0,0,0,OK,,,,,
2026-04-29 20:33:41,-40,0,0,0,0,OK,,,,,
2026-04-29 20:33:57,-40,0,0,0,0,OK,,,,,
2026-04-29 20:34:13,-40,0,0,0,0,OK,,,,,
2026-04-29 20:34:29,-40,0,0,0,0,OK,,,,,
2026-04-29 20:34:45,-40,0,0,0,0,OK,,,,,
2026-04-29 20:35:01,-40,0,0,0,0,OK,,,,,
2026-04-29 20:35:17,-40,0,0,0,0,OK,,,,,
2026-04-29 20:35:33,-40,0,0,0,0,OK,,,,,
2026-04-29 20:35:49,-40,0,0,0,0,OK,,,,,
2026-04-29 20:36:05,-40,0,0,0,0,OK,,,,,
2026-04-29 20:36:21,-40,0,0,0,0,OK,,,,,
2026-04-29 20:36:37,-40,0,0,0,0,OK,,,,,
2026-04-29 20:36:53,-40,0,0,0,0,OK,,,,,
2026-04-29 20:37:09,-40,0,0,0,0,OK,,,,,
2026-04-29 20:37:25,-40,0,0,0,0,OK,,,,,
2026-04-29 20:37:41,-40,0,0,0,0,OK,,,,,
2026-04-29 20:37:57,-40,0,0,0,0,OK,,,,,
2026-04-29 20:38:13,-40,0,0,0,0,OK,,,,,
2026-04-29 20:38:29,-40,0,0,0,0,OK,,,,,
2026-04-29 20:38:45,-40,0,0,0,0,OK,,,,,
2026-04-29 20:39:01,-40,0,0,0,0,OK,,,,,
2026-04-29 20:39:33,12.3,67,0.3,392,5747.2,OK,,,,,
2026-04-29 20:39:49,-40,0,0,0,0,OK,,,,,
2026-04-29 20:40:05,-40,0,0,0,0,OK,,,,,
2026-04-29 20:40:21,17.1,199,33.6,34816,6169.5,OK,,,,,
2026-04-29 20:40:37,-40,0,0,0,0,OK,,,,,
2026-04-29 20:40:53,-40,0,0,0,0,OK,,,,,
2026-04-29 20:41:09,-40,0,0,0,0,OK,,,,,
2026-04-29 20:41:25,-40,0,0,0,0,OK,,,,,
2026-04-29 20:41:41,-40,0,0,0,0,OK,,,,,
2026-04-29 20:41:57,-40,0,0,0,0,OK,,,,,
2026-04-29 20:42:13,-40,0,0,0,0,OK,,,,,
2026-04-29 20:42:29,-40,0,0,0,0,OK,,,,,
2026-04-29 20:42:45,-40,0,0,0,0,OK,,,,,
2026-04-29 20:43:01,-40,0,0,0,0,OK,,,,,
2026-04-29 20:43:17,-40,0,0,0,0,OK,,,,,
2026-04-29 20:43:33,-40,0,0,0,0,OK,,,,,
2026-04-29 20:43:49,-40,0,0,0,0,OK,,,,,
2026-04-29 20:44:05,-40,0,0,0,0,OK,,,,,
2026-04-29 20:44:37,-40,0,0,0,0,OK,,,,,
2026-04-29 20:44:53,-40,0,0,0,0,OK,,,,,
2026-04-29 20:45:09,-40,0,0,0,0,OK,,,,,
2026-04-29 20:45:25,-40,0,0,0,0,OK,,,,,
2026-04-29 20:45:41,-40,0,0,0,0,OK,,,,,
2026-04-29 20:45:57,12.3,209,0,1016,3276.8,OK,,,,,
2026-04-29 20:46:13,-40,0,0,0,0,OK,,,,,
2026-04-29 20:46:29,-40,0,0,0,0,OK,,,,,
2026-04-29 20:46:45,-40,0,0,0,0,OK,,,,,
2026-04-29 20:47:01,-40,0,0,0,0,OK,,,,,
2026-04-29 20:47:17,-40,0,0,0,0,OK,,,,,
2026-04-29 20:47:33,-40,0,0,0,0,OK,,,,,
2026-04-29 20:47:49,-40,0,0,0,0,OK,,,,,
2026-04-29 20:48:05,-40,0,0,0,0,OK,,,,,
2026-04-29 20:48:21,-40,0,0,0,0,OK,,,,,
2026-04-29 20:48:37,-40,0,0,0,0,OK,,,,,
2026-04-29 20:48:53,-40,0,0,0,0,OK,,,,,
2026-04-29 20:49:25,-40,0,0,0,0,OK,,,,,
2026-04-29 20:49:41,-40,0,0,0,0,OK,,,,,
2026-04-29 20:49:57,-40,0,0,0,0,OK,,,,,
2026-04-29 20:50:13,-40,0,0,0,0,OK,,,,,
2026-04-29 20:50:29,-40,0,0,0,0,OK,,,,,
2026-04-29 20:50:45,-40,0,0,0,0,OK,,,,,
2026-04-29 20:51:01,164.4,135,45.5,23704,843788.8,OK,,,,,
2026-04-29 20:51:17,-40,0,0,0,0,OK,,,,,
2026-04-29 20:51:33,-40,0,0,0,0,OK,,,,,
2026-04-29 20:51:49,-40,0,0,0,0,OK,,,,,
2026-04-29 20:52:21,-40,0,0,0,0,OK,,,,,
2026-04-29 20:52:37,17.1,252,18.1,65416,838883.2,OK,,,,,
2026-04-29 20:52:53,-40,0,0,0,0,OK,,,,,
2026-04-29 20:53:09,-40,0,0,0,0,OK,,,,,
2026-04-29 20:53:25,-40,0,0,0,0,OK,,,,,
2026-04-29 20:53:41,-40,0,0,0,0,OK,,,,,
2026-04-29 20:53:57,-40,0,0,0,0,OK,,,,,
2026-04-29 20:54:13,-40,0,0,0,0,OK,,,,,
2026-04-29 20:54:29,-40,0,0,0,0,OK,,,,,
2026-04-29 20:54:45,-40,0,0,0,0,OK,,,,,
2026-04-29 20:55:17,-40,0,0,0,0,OK,,,,,
2026-04-29 20:55:33,-40,0,0,0,0,OK,,,,,
2026-04-29 20:55:49,-40,0,0,0,0,OK,,,,,
2026-04-29 20:56:05,-40,0,0,0,0,OK,,,,,
2026-04-29 20:56:21,-40,0,0,0,0,OK,,,,,
2026-04-29 20:56:37,-40,0,0,0,0,OK,,,,,
2026-04-29 20:56:53,-40,0,0,0,0,OK,,,,,
2026-04-29 20:57:09,-40,0,0,0,0,OK,,,,,
2026-04-29 20:57:25,-40,0,0,0,0,OK,,,,,
2026-04-29 20:57:41,-40,0,0,0,0,OK,,,,,
2026-04-29 20:58:13,-40,0,0,0,0,OK,,,,,
2026-04-29 20:58:29,-40,0,0,0,0,OK,,,,,
2026-04-29 20:58:45,-40,0,0,0,0,OK,,,,,
2026-04-29 20:59:01,-40,0,0,0,0,OK,,,,,
2026-04-29 20:59:17,-40,0,0,0,0,OK,,,,,
2026-04-29 20:59:33,-40,0,0,0,0,OK,,,,,
2026-04-29 20:59:49,-40,0,0,0,0,OK,,,,,
2026-04-29 21:00:05,17.1,66,0,392,0,OK,,,,,
2026-04-29 21:00:21,-40,0,0,0,0,OK,,,,,
2026-04-29 21:00:37,114.7,78,4.2,392,0,OK,,,,,
2026-04-29 21:00:53,-40,0,0,0,0,OK,,,,,
2026-04-29 21:01:09,-40,0,0,0,0,OK,,,,,
2026-04-29 21:01:25,13.9,67,0,504,0,OK,,,,,
2026-04-29 21:01:41,-40,0,0,0,0,OK,,,,,
2026-04-29 21:01:57,-40,0,0,0,0,OK,,,,,
2026-04-29 21:02:13,-40,0,0,0,0,OK,,,,,
2026-04-29 21:02:29,-40,0,0,0,0,OK,,,,,
2026-04-29 21:03:01,-40,0,0,0,0,OK,,,,,
2026-04-29 21:03:17,-40,0,0,0,0,OK,,,,,
2026-04-29 21:03:49,-40,0,0,0,0,OK,,,,,
2026-04-29 21:04:05,-40,0,0,0,0,OK,,,,,
2026-04-29 21:04:21,-40,0,0,0,0,OK,,,,,
2026-04-29 21:04:37,-40,0,0,0,0,OK,,,,,
2026-04-29 21:04:53,-40,0,0,0,0,OK,,,,,
2026-04-29 21:05:09,-40,0,0,0,0,OK,,,,,
2026-04-29 21:05:25,-40,0,0,0,0,OK,,,,,
2026-04-29 21:05:57,-40,0,0,0,0,OK,,,,,
2026-04-29 21:06:13,-40,0,0,0,0,OK,,,,,
2026-04-29 21:06:29,-40,0,0,0,0,OK,,,,,
2026-04-29 21:06:45,-40,0,0,0,0,OK,,,,,
2026-04-29 21:07:01,12.7,67,0,392,0,OK,,,,,
2026-04-29 21:07:17,-40,0,0,0,0,OK,,,,,
2026-04-29 21:07:49,-40,0,0,0,0,OK,,,,,
2026-04-29 21:08:21,-40,0,0,0,0,OK,,,,,
2026-04-29 21:08:37,-40,0,0,0,0,OK,,,,,
2026-04-29 21:09:09,-40,0,0,0,0,OK,,,,,
2026-04-29 21:09:25,-40,0,0,0,0,OK,,,,,
2026-04-29 21:09:41,-40,0,0,0,0,OK,,,,,
2026-04-29 21:09:57,114.7,92,1.1,504,0,OK,,,,,
2026-04-29 21:10:13,-40,0,0,0,0,OK,,,,,
2026-04-29 21:10:29,-40,0,0,0,0,OK,,,,,
2026-04-29 21:10:45,12.3,196,17.9,392,0,OK,,,,,
2026-04-29 21:11:01,-40,0,0,0,0,OK,,,,,
2026-04-29 21:11:33,-40,0,0,0,0,OK,,,,,
2026-04-29 21:11:49,-40,0,0,0,0,OK,,,,,
2026-04-29 21:12:05,-40,0,0,0,0,OK,,,,,
2026-04-29 21:13:09,-40,0,0,0,0,OK,,,,,
2026-04-29 21:13:25,-40,0,0,0,0,OK,,,,,
2026-04-29 21:13:41,12.3,67,1,392,0,OK,,,,,
2026-04-29 21:13:57,-40,0,0,0,0,OK,,,,,
2026-04-29 21:14:13,-40,0,0,0,0,OK,,,,,
2026-04-29 21:14:29,-40,0,0,0,0,OK,,,,,
2026-04-29 21:15:01,-40,0,0,0,0,OK,,,,,
2026-04-29 21:15:33,-40,0,0,0,0,OK,,,,,
2026-04-29 21:16:05,-40,0,0,0,0,OK,,,,,
2026-04-29 21:16:21,-40,0,0,0,0,OK,,,,,
2026-04-29 21:17:09,-40,0,0,0,0,OK,,,,,
2026-04-29 21:17:25,-40,0,0,0,0,OK,,,,,
2026-04-29 21:17:57,-40,0,0,0,0,OK,,,,,
2026-04-29 21:18:29,-40,0,0,0,0,OK,,,,,
2026-04-29 21:18:45,-40,0,0,0,0,OK,,,,,
2026-04-29 21:19:01,-40,0,0,0,0,OK,,,,,
2026-04-29 21:19:17,-40,0,0,0,0,OK,,,,,
2026-04-29 21:19:33,-40,0,0,0,0,OK,,,,,
2026-04-29 21:19:49,-40,0,0,0,0,OK,,,,,
2026-04-29 21:20:21,-11.3,66,63.1,904,12.8,OK,,,,,
2026-04-29 21:20:37,-40,0,0,0,0,OK,,,,,
2026-04-29 21:20:53,-40,0,0,0,0,OK,,,,,
2026-04-29 21:21:09,-40,0,0,0,0,OK,,,,,
2026-04-29 21:21:25,-40,0,0,0,0,OK,,,,,
2026-04-29 21:21:41,-40,0,0,0,0,OK,,,,,
2026-04-29 21:22:13,-40,0,0,0,0,OK,,,,,
2026-04-29 21:22:45,-40,0,0,0,0,OK,,,,,
2026-04-29 21:23:17,-40,0,0,0,0,OK,,,,,
2026-04-29 21:23:33,-40,0,0,0,0,OK,,,,,
2026-04-29 21:24:05,-40,0,0,0,0,OK,,,,,
2026-04-29 21:24:21,-40,0,0,0,0,OK,,,,,
2026-04-29 21:25:25,-40,0,0,0,0,OK,,,,,
2026-04-29 21:25:41,-40,0,0,0,0,OK,,,,,
2026-04-29 21:26:45,-40,0,0,0,0,OK,,,,,
2026-04-29 21:27:01,140.3,67,35.8,408,0,OK,,,,,
2026-04-29 21:27:17,-40,0,0,0,0,OK,,,,,
2026-04-29 21:27:33,-40,0,0,0,0,OK,,,,,
2026-04-29 21:27:49,-1.1,67,53.8,392,0,OK,,,,,
2026-04-29 21:28:21,-40,0,0,0,0,OK,,,,,
2026-04-29 21:28:37,-40,0,0,0,0,OK,,,,,
2026-04-29 21:29:25,-40,0,0,0,0,OK,,,,,
2026-04-29 21:29:41,-40,0,0,0,0,OK,,,,,
2026-04-29 21:29:57,-40,0,0,0,0,OK,,,,,
2026-04-29 21:30:13,-40,0,0,0,0,OK,,,,,
2026-04-29 21:30:29,-40,0,0,0,0,OK,,,,,
2026-04-29 21:30:45,-40,0,0,0,0,OK,,,,,
2026-04-29 21:31:01,-40,0,0,0,0,OK,,,,,
2026-04-29 21:31:17,-40,0,0,0,0,OK,,,,,
2026-04-29 21:31:49,-40,0,0,0,0,OK,,,,,
2026-04-29 21:32:37,-40,0,0,0,0,OK,,,,,
2026-04-29 21:32:53,-40,0,0,0,0,OK,,,,,
2026-04-29 21:33:25,-40,0,0,0,0,OK,,,,,
2026-04-29 21:34:13,-40,0,0,0,0,OK,,,,,
2026-04-29 21:34:29,-40,0,0,0,0,OK,,,,,
2026-04-29 21:35:01,-40,0,0,0,0,OK,,,,,
2026-04-29 21:35:17,-40,0,0,0,0,OK,,,,,
2026-04-29 21:35:49,-40,0,0,0,0,OK,,,,,
2026-04-29 21:36:05,-40,0,0,0,0,OK,,,,,
2026-04-29 21:36:37,-40,0,0,0,0,OK,,,,,
2026-04-29 21:36:53,-40,0,0,0,0,OK,,,,,
2026-04-29 21:37:09,-40,0,0,0,0,OK,,,,,
2026-04-29 21:37:25,-40,0,0,0,0,OK,,,,,
2026-04-29 21:37:41,-40,0,0,0,0,OK,,,,,
2026-04-29 21:39:01,-40,0,0,0,0,OK,,,,,
2026-04-29 21:40:21,-40,0,0,0,0,OK,,,,,
2026-04-29 21:40:37,-40,0,0,0,0,OK,,,,,
2026-04-29 21:41:09,-40,0,0,0,0,OK,,,,,
2026-04-29 21:41:25,-40,0,0,0,0,OK,,,,,
2026-04-29 21:41:41,-40,0,0,0,0,OK,,,,,
2026-04-29 21:42:13,-40,0,0,0,0,OK,,,,,
2026-04-29 21:42:29,-40,0,0,0,0,OK,,,,,
2026-04-29 21:42:45,-40,0,0,0,0,OK,,,,,
2026-04-29 21:43:17,-40,0,0,0,0,OK,,,,,
2026-04-29 21:43:33,-40,0,0,0,0,OK,,,,,
2026-04-29 21:44:05,89.2,232,17.9,392,9.6,OK,,,,,
2026-04-29 21:44:21,-40,0,0,0,0,OK,,,,,
2026-04-29 21:44:37,12.4,194,17.9,392,842137.6,OK,,,,,
2026-04-29 21:45:09,-40,0,0,0,0,OK,,,,,
2026-04-29 21:45:41,-40,0,0,0,0,OK,,,,,
2026-04-29 21:45:57,-40,0,0,0,0,OK,,,,,
2026-04-29 21:46:13,-40,0,0,0,0,OK,,,,,
2026-04-29 21:46:45,-40,0,0,0,0,OK,,,,,
2026-04-29 21:47:01,-40,0,0,0,0,OK,,,,,
2026-04-29 21:47:17,-40,0,0,0,0,OK,,,,,
2026-04-29 21:47:33,-40,0,0,0,0,OK,,,,,
2026-04-29 21:47:49,-40,0,0,0,0,OK,,,,,
2026-04-29 21:49:25,-40,0,0,0,0,OK,,,,,
2026-04-29 21:50:45,-40,0,0,0,0,OK,,,,,
2026-04-29 21:51:01,-40,0,0,0,0,OK,,,,,
2026-04-29 21:51:33,-40,0,0,0,0,OK,,,,,
2026-04-29 21:51:49,-40,0,0,0,0,OK,,,,,
2026-04-29 21:52:05,-40,0,0,0,0,OK,,,,,
2026-04-29 21:52:21,-40,0,0,0,0,OK,,,,,
2026-04-29 21:52:37,-40,0,0,0,0,OK,,,,,
2026-04-29 21:53:09,-40,0,0,0,0,OK,,,,,
2026-04-29 21:53:25,-40,0,0,0,0,OK,,,,,
2026-04-29 21:53:41,-40,0,0,0,0,OK,,,,,
2026-04-29 21:53:57,-40,0,0,0,0,OK,,,,,
2026-04-29 21:54:13,-40,0,0,0,0,OK,,,,,
2026-04-29 21:54:29,-40,0,0,0,0,OK,,,,,
2026-04-29 21:54:45,-40,0,0,0,0,OK,,,,,
2026-04-29 21:56:21,-40,0,0,0,0,OK,,,,,
2026-04-29 21:56:53,-40,0,0,0,0,OK,,,,,
2026-04-29 21:57:09,-40,0,0,0,0,OK,,,,,
2026-04-29 21:57:25,-40,0,0,0,0,OK,,,,,
2026-04-29 21:57:41,-40,0,0,0,0,OK,,,,,
2026-04-29 21:58:13,-40,0,0,0,0,OK,,,,,
2026-04-29 21:59:17,-40,0,0,0,0,OK,,,,,
2026-04-29 22:00:05,12.3,66,0.4,392,0,OK,,,,,
2026-04-29 22:00:21,-40,0,0,0,0,OK,,,,,
2026-04-29 22:00:53,-40,0,0,0,0,OK,,,,,
2026-04-29 22:01:09,-40,0,0,0,0,OK,,,,,
2026-04-29 22:01:25,-40,0,0,0,0,OK,,,,,
2026-04-29 22:01:41,-40,0,0,0,0,OK,,,,,
2026-04-29 22:02:13,-40,0,0,0,0,OK,,,,,
2026-04-29 22:03:01,-40,0,0,0,0,OK,,,,,
2026-04-29 22:03:17,-40,0,0,0,0,OK,,,,,
2026-04-29 22:03:33,-40,0,0,0,0,OK,,,,,
2026-04-29 22:03:49,-40,0,0,0,0,OK,,,,,
2026-04-29 22:04:53,-40,0,0,0,0,OK,,,,,
2026-04-29 22:05:09,-40,0,0,0,0,OK,,,,,
2026-04-29 22:05:25,-40,0,0,0,0,OK,,,,,
2026-04-29 22:05:41,-40,0,0,0,0,OK,,,,,
2026-04-29 22:06:45,-40,0,0,0,0,OK,,,,,
2026-04-29 22:07:01,-40,0,0,0,0,OK,,,,,
2026-04-29 22:07:17,-40,0,0,0,0,OK,,,,,
2026-04-29 22:07:33,-40,0,0,0,0,OK,,,,,
2026-04-29 22:08:05,-40,0,0,0,0,OK,,,,,
2026-04-29 22:08:53,-40,0,0,0,0,OK,,,,,
2026-04-29 22:09:09,-40,0,0,0,0,OK,,,,,
2026-04-29 22:09:25,-40,0,0,0,0,OK,,,,,
2026-04-29 22:09:41,-40,0,0,0,0,OK,,,,,
2026-04-29 22:09:57,-40,0,0,0,0,OK,,,,,
2026-04-29 22:10:45,-40,0,0,0,0,OK,,,,,
2026-04-29 22:11:01,-40,0,0,0,0,OK,,,,,
2026-04-29 22:11:33,-40,0,0,0,0,OK,,,,,
2026-04-29 22:12:05,-40,0,0,0,0,OK,,,,,
2026-04-29 22:13:25,-40,0,0,0,0,OK,,,,,
2026-04-29 22:14:13,-40,0,0,0,0,OK,,,,,
2026-04-29 22:15:49,-40,0,0,0,0,OK,,,,,
2026-04-29 22:16:21,-40,0,0,0,0,OK,,,,,
2026-04-29 22:17:41,-40,0,0,0,0,OK,,,,,
2026-04-29 22:17:57,-40,0,0,0,0,OK,,,,,
2026-04-29 22:19:01,-40,0,0,0,0,OK,,,,,
2026-04-29 22:20:05,-40,0,0,0,0,OK,,,,,
2026-04-29 22:20:21,-40,0,0,0,0,OK,,,,,
2026-04-29 22:20:37,-40,0,0,0,0,OK,,,,,
2026-04-29 22:21:09,-40,0,0,0,0,OK,,,,,
2026-04-29 22:21:25,-40,0,0,0,0,OK,,,,,
2026-04-29 22:21:41,-40,0,0,0,0,OK,,,,,
2026-04-29 22:21:57,-40,0,0,0,0,OK,,,,,
2026-04-29 22:22:45,14.3,61,0,8072,0,OK,,,,,
2026-04-29 22:23:17,-40,0,0,0,0,OK,,,,,
2026-04-29 22:24:05,-40,0,0,0,0,OK,,,,,
2026-04-29 22:24:37,-40,0,0,0,0,OK,,,,,
2026-04-29 22:26:29,-40,0,0,0,0,OK,,,,,
2026-04-29 22:27:17,12.5,61,0,392,12.8,OK,,,,,
2026-04-29 22:28:05,-40,0,0,0,0,OK,,,,,
2026-04-29 22:30:13,-40,0,0,0,0,OK,,,,,
2026-04-29 22:30:45,-40,0,0,0,0,OK,,,,,
2026-04-29 22:32:05,-40,0,0,0,0,OK,,,,,
2026-04-29 22:32:37,-40,0,0,0,0,OK,,,,,
2026-04-29 22:33:25,-40,0,0,0,0,OK,,,,,
2026-04-29 22:33:41,-40,0,0,0,0,OK,,,,,
2026-04-29 22:34:13,-40,0,0,0,0,OK,,,,,
2026-04-29 22:34:45,-40,0,0,0,0,OK,,,,,
2026-04-29 22:36:21,-40,0,0,0,0,OK,,,,,
2026-04-29 22:36:53,-40,0,0,0,0,OK,,,,,
2026-04-29 22:37:57,-40,0,0,0,0,OK,,,,,
2026-04-29 22:38:29,140.6,59,35.8,1016,0,OK,,,,,
2026-04-29 22:38:45,-40,0,0,0,0,OK,,,,,
2026-04-29 22:39:17,-40,0,0,0,0,OK,,,,,
2026-04-29 22:39:49,-40,0,0,0,0,OK,,,,,
2026-04-29 22:40:05,-40,0,0,0,0,OK,,,,,
2026-04-29 22:40:21,-40,0,0,0,0,OK,,,,,
2026-04-29 22:41:25,-40,0,0,0,0,OK,,,,,
2026-04-29 22:41:41,-40,0,0,0,0,OK,,,,,
2026-04-29 22:41:57,-40,0,0,0,0,OK,,,,,
2026-04-29 22:43:01,-40,0,0,0,0,OK,,,,,
2026-04-29 22:43:17,-40,0,0,0,0,OK,,,,,
2026-04-29 22:43:33,-40,0,0,0,0,OK,,,,,
2026-04-29 22:44:21,-40,0,0,0,0,OK,,,,,
2026-04-29 22:44:53,-40,0,0,0,0,OK,,,,,
2026-04-29 22:45:09,-40,0,0,0,0,OK,,,,,
2026-04-29 22:46:13,12.6,59,0,392,0,OK,,,,,
2026-04-29 22:46:29,-40,0,0,0,0,OK,,,,,
2026-04-29 22:47:17,12.6,59,0,392,0,OK,,,,,
2026-04-29 22:47:49,-40,0,0,0,0,OK,,,,,
2026-04-29 22:48:21,-40,0,0,0,0,OK,,,,,
2026-04-29 22:48:37,-40,0,0,0,0,OK,,,,,
2026-04-29 22:49:41,-40,0,0,0,0,OK,,,,,
2026-04-29 22:49:57,-40,0,0,0,0,OK,,,,,
2026-04-29 22:50:29,12.6,59,0,392,0,OK,,,,,
2026-04-29 22:50:45,-40,0,0,0,0,OK,,,,,
2026-04-29 22:51:17,-40,0,0,0,0,OK,,,,,
2026-04-29 22:51:33,-40,0,0,0,0,OK,,,,,
2026-04-29 22:53:25,-40,0,0,0,0,OK,,,,,
2026-04-29 22:53:41,-40,0,0,0,0,OK,,,,,
2026-04-29 22:53:57,14.1,60,0,392,0,OK,,,,,
2026-04-29 22:54:13,-40,0,0,0,0,OK,,,,,
2026-04-29 22:55:01,-40,0,0,0,0,OK,,,,,
2026-04-29 22:55:17,-40,0,0,0,0,OK,,,,,
2026-04-29 22:56:21,-40,0,0,0,0,OK,,,,,
2026-04-29 22:56:53,-40,0,0,0,0,OK,,,,,
2026-04-29 22:58:13,12.5,61,0,392,0,OK,,,,,
2026-04-29 22:58:29,-40,0,0,0,0,OK,,,,,
2026-04-29 23:00:21,-40,0,0,0,0,OK,,,,,
2026-04-29 23:00:53,114.9,127,0,504,0,OK,,,,,
2026-04-29 23:01:09,-40,0,0,0,0,OK,,,,,
2026-04-29 23:01:41,-40,0,0,0,0,OK,,,,,
2026-04-29 23:01:57,87.9,60,35.8,392,0,OK,,,,,
2026-04-29 23:02:13,-40,0,0,0,0,OK,,,,,
2026-04-29 23:02:45,12.7,60,0,392,0,OK,,,,,
2026-04-29 23:03:01,-12.9,60,107.5,392,0,OK,,,,,
2026-04-29 23:03:33,-40,0,0,0,0,OK,,,,,
2026-04-29 23:03:49,-40,0,0,0,0,OK,,,,,
2026-04-29 23:04:05,12.8,60,0,392,0,OK,,,,,
2026-04-29 23:04:21,-40,0,0,0,0,OK,,,,,
2026-04-29 23:05:41,-40,0,0,0,0,OK,,,,,
2026-04-29 23:08:21,-40,0,0,0,0,OK,,,,,
2026-04-29 23:08:37,-40,0,0,0,0,OK,,,,,
2026-04-29 23:09:41,-40,0,0,0,0,OK,,,,,
2026-04-29 23:09:57,-40,0,0,0,0,OK,,,,,
2026-04-29 23:10:45,13,60,0,392,0,OK,,,,,
2026-04-29 23:11:01,-40,0,0,0,0,OK,,,,,
2026-04-29 23:11:17,-40,0,0,0,0,OK,,,,,
2026-04-29 23:11:33,-40,0,0,0,0,OK,,,,,
2026-04-29 23:12:05,-40,0,0,0,0,OK,,,,,
2026-04-29 23:12:37,-40,0,0,0,0,OK,,,,,
2026-04-29 23:12:53,-40,0,0,0,0,OK,,,,,
2026-04-29 23:13:57,-40,0,0,0,0,OK,,,,,
2026-04-29 23:14:45,-40,0,0,0,0,OK,,,,,
2026-04-29 23:15:01,12.9,61,0,392,0,OK,,,,,
2026-04-29 23:15:17,-40,0,0,0,0,OK,,,,,
2026-04-29 23:15:33,-40,0,0,0,0,OK,,,,,
2026-04-29 23:15:49,-40,0,0,0,0,OK,,,,,
2026-04-29 23:16:05,-12.8,127,35.8,392,9.6,OK,,,,,
2026-04-29 23:16:37,-40,0,0,0,0,OK,,,,,
2026-04-29 23:16:53,-40,0,0,0,0,OK,,,,,
2026-04-29 23:17:41,-40,0,0,0,0,OK,,,,,
2026-04-29 23:18:13,-40,0,0,0,0,OK,,,,,
2026-04-29 23:19:49,-40,0,0,0,0,OK,,,,,
2026-04-29 23:20:21,-40,0,0,0,0,OK,,,,,
2026-04-29 23:20:53,-40,0,0,0,0,OK,,,,,
2026-04-29 23:21:25,-40,0,0,0,0,OK,,,,,
2026-04-29 23:21:57,-40,0,0,0,0,OK,,,,,
2026-04-29 23:23:01,-40,0,0,0,0,OK,,,,,
2026-04-29 23:23:17,-40,0,0,0,0,OK,,,,,
2026-04-29 23:23:33,12.7,62,0,392,0,OK,,,,,
2026-04-29 23:24:05,-40,0,0,0,0,OK,,,,,
2026-04-29 23:24:21,12.7,62,0,408,0,OK,,,,,
2026-04-29 23:25:09,-40,0,0,0,0,OK,,,,,
2026-04-29 23:25:25,-40,0,0,0,0,OK,,,,,
2026-04-29 23:25:57,12.7,62,0,392,3276.8,OK,,,,,
2026-04-29 23:26:29,-40,0,0,0,0,OK,,,,,
2026-04-29 23:26:45,-40,0,0,0,0,OK,,,,,
2026-04-29 23:27:01,-40,0,0,0,0,OK,,,,,
2026-04-29 23:27:33,-40,0,0,0,0,OK,,,,,
2026-04-29 23:28:05,-40,0,0,0,0,OK,,,,,
2026-04-29 23:28:21,-40,0,0,0,0,OK,,,,,
2026-04-29 23:30:13,-40,0,0,0,0,OK,,,,,
2026-04-29 23:30:45,12.7,62,0,392,0,OK,,,,,
2026-04-29 23:32:05,-40,0,0,0,0,OK,,,,,
2026-04-29 23:32:21,-40,0,0,0,0,OK,,,,,
2026-04-29 23:32:37,-40,0,0,0,0,OK,,,,,
2026-04-29 23:32:53,-40,0,0,0,0,OK,,,,,
2026-04-29 23:33:41,-40,0,0,0,0,OK,,,,,
2026-04-29 23:33:57,12.7,62,0,408,0,OK,,,,,
2026-04-29 23:34:29,139,62,0,392,0,OK,,,,,
2026-04-29 23:34:45,12.6,62,0,392,0,OK,,,,,
2026-04-29 23:35:49,-40,0,0,0,0,OK,,,,,
2026-04-29 23:37:09,-40,0,0,0,0,OK,,,,,
2026-04-29 23:37:57,-40,0,0,0,0,OK,,,,,
2026-04-29 23:38:13,-40,0,0,0,0,OK,,,,,
2026-04-29 23:38:45,-40,0,0,0,0,OK,,,,,
2026-04-29 23:39:01,12.5,63,0,452,0,OK,,,,,
2026-04-29 23:39:33,-40,0,0,0,0,OK,,,,,
2026-04-29 23:40:21,-40,0,0,0,0,OK,,,,,
2026-04-29 23:40:37,-40,0,0,0,0,OK,,,,,
2026-04-29 23:40:53,-40,0,0,0,0,OK,,,,,
2026-04-29 23:42:13,-40,0,0,0,0,OK,,,,,
2026-04-29 23:42:29,-40,0,0,0,0,OK,,,,,
2026-04-29 23:42:45,-40,0,0,0,0,OK,,,,,
2026-04-29 23:43:01,-40,0,0,0,0,OK,,,,,
2026-04-29 23:44:21,-40,0,0,0,0,OK,,,,,
2026-04-29 23:45:09,-40,0,0,0,0,OK,,,,,
2026-04-29 23:46:13,-40,0,0,0,0,OK,,,,,
2026-04-29 23:46:29,12.3,63,0,392,0,OK,,,,,
2026-04-29 23:47:01,-40,0,0,0,0,OK,,,,,
2026-04-29 23:47:17,-40,0,0,0,0,OK,,,,,
2026-04-29 23:47:49,-40,0,0,0,0,OK,,,,,
2026-04-29 23:48:05,-40,0,0,0,0,OK,,,,,
2026-04-29 23:48:21,12.4,64,0,392,0,OK,,,,,
2026-04-29 23:48:37,-40,0,0,0,0,OK,,,,,
2026-04-29 23:48:53,-40,0,0,0,0,OK,,,,,
2026-04-29 23:49:09,-40,0,0,0,0,OK,,,,,
2026-04-29 23:49:25,12.4,64,0,392,0,OK,,,,,
2026-04-29 23:50:13,12.4,64,0,392,0,OK,,,,,
2026-04-29 23:51:17,-40,0,0,0,0,OK,,,,,
2026-04-29 23:51:33,-40,0,0,0,0,OK,,,,,
2026-04-29 23:51:49,-40,0,0,0,0,OK,,,,,
2026-04-29 23:53:09,12.5,64,0,392,0,OK,,,,,
2026-04-29 23:53:25,-40,0,0,0,0,OK,,,,,
2026-04-29 23:53:41,-40,0,0,0,0,OK,,,,,
2026-04-29 23:55:33,-40,0,0,0,0,OK,,,,,
2026-04-29 23:56:05,-40,0,0,0,0,OK,,,,,
2026-04-29 23:56:53,114.9,64,0,392,0,OK,,,,,
2026-04-29 23:57:25,-40,0,0,0,0,OK,,,,,
2026-04-29 23:57:41,-40,0,0,0,0,OK,,,,,
2026-04-29 23:57:57,-40,0,0,0,0,OK,,,,,
2026-04-29 23:58:45,-40,0,0,0,0,OK,,,,,
2026-04-30 0:00:37,-40,0,0,0,0,OK,,,,,
2026-04-30 0:01:09,12.4,64,0,392,0,OK,,,,,
2026-04-30 0:03:01,12.4,64,0,392,0,OK,,,,,
2026-04-30 0:03:17,14,64,0,392,0,OK,,,,,
2026-04-30 0:03:33,-40,0,0,0,0,OK,,,,,
2026-04-30 0:03:49,12.4,64,0,392,0,OK,,,,,
2026-04-30 0:05:09,-40,0,0,0,0,OK,,,,,
2026-04-30 0:05:25,-40,0,0,0,0,OK,,,,,
2026-04-30 0:05:41,-40,0,0,0,0,OK,,,,,
2026-04-30 0:05:57,-40,0,0,0,0,OK,,,,,
2026-04-30 0:06:13,-40,0,0,0,0,OK,,,,,
2026-04-30 0:07:49,-40,0,0,0,0,OK,,,,,
2026-04-30 0:09:09,36.5,192,0,392,0,OK,,,,,
2026-04-30 0:09:41,116.7,64,0,392,0,OK,,,,,
2026-04-30 0:10:13,114.9,64,0,392,838860.8,OK,,,,,
2026-04-30 0:11:17,-40,0,0,0,0,OK,,,,,
2026-04-30 0:11:33,-40,0,0,0,0,OK,,,,,
2026-04-30 0:11:49,12.6,64,0,504,0,OK,,,,,
2026-04-30 0:12:21,-40,0,0,0,0,OK,,,,,
2026-04-30 0:12:53,-40,0,0,0,0,OK,,,,,
2026-04-30 0:13:25,-40,0,0,0,0,OK,,,,,
2026-04-30 0:14:29,-40,0,0,0,0,OK,,,,,
2026-04-30 0:15:01,-40,0,0,0,0,OK,,,,,
2026-04-30 0:15:33,12.6,64,0,392,0,OK,,,,,
2026-04-30 0:15:49,12.6,64,0,440,0,OK,,,,,
2026-04-30 0:16:05,-40,0,0,0,0,OK,,,,,
2026-04-30 0:16:21,-40,0,0,0,0,OK,,,,,
2026-04-30 0:16:37,-40,0,0,0,0,OK,,,,,
2026-04-30 0:16:53,-40,0,0,0,0,OK,,,,,
2026-04-30 0:17:09,12.5,64,0,392,3276.8,OK,,,,,
2026-04-30 0:17:41,-40,0,0,0,0,OK,,,,,
2026-04-30 0:18:45,12.5,64,0,392,0,OK,,,,,
2026-04-30 0:19:17,-40,0,0,0,0,OK,,,,,
2026-04-30 0:19:33,-40,0,0,0,0,OK,,,,,
2026-04-30 0:19:49,12.5,67,0,16264,0,OK,,,,,
2026-04-30 0:20:05,-40,0,0,0,0,OK,,,,,
2026-04-30 0:20:21,-40,0,0,0,0,OK,,,,,
2026-04-30 0:21:41,-40,0,0,0,0,OK,,,,,
2026-04-30 0:21:57,12.5,64,0,392,0,OK,,,,,
2026-04-30 0:22:13,-40,0,0,0,0,OK,,,,,
2026-04-30 0:22:29,-40,0,0,0,0,OK,,,,,
2026-04-30 0:22:45,12.5,64,0,392,0,OK,,,,,
2026-04-30 0:23:01,-40,0,0,0,0,OK,,,,,
2026-04-30 0:23:17,-40,0,0,0,0,OK,,,,,
2026-04-30 0:23:33,-40,0,0,0,0,OK,,,,,
2026-04-30 0:23:49,-40,0,0,0,0,OK,,,,,
2026-04-30 0:24:21,-40,0,0,0,0,OK,,,,,
2026-04-30 0:24:37,-40,0,0,0,0,OK,,,,,
2026-04-30 0:25:09,12.6,63,0,952,0,OK,,,,,
2026-04-30 0:25:25,-40,0,0,0,0,OK,,,,,
2026-04-30 0:25:41,12.6,63,0,392,0,OK,,,,,
2026-04-30 0:26:13,-40,0,0,0,0,OK,,,,,
2026-04-30 0:26:45,-40,0,0,0,0,OK,,,,,
2026-04-30 0:27:01,115,63,0,392,838860.8,OK,,,,,
2026-04-30 0:27:17,-40,0,0,0,0,OK,,,,,
2026-04-30 0:28:37,-40,0,0,0,0,OK,,,,,
2026-04-30 0:29:25,-40,0,0,0,0,OK,,,,,
2026-04-30 0:30:45,-40,0,0,0,0,OK,,,,,
2026-04-30 0:31:01,-40,0,0,0,0,OK,,,,,
2026-04-30 0:31:33,-40,0,0,0,0,OK,,,,,
2026-04-30 0:31:49,-40,0,0,0,0,OK,,,,,
2026-04-30 0:32:53,-40,0,0,0,0,OK,,,,,
2026-04-30 0:33:25,-40,0,0,0,0,OK,,,,,
2026-04-30 0:33:41,12.7,60,0,392,0,OK,,,,,
2026-04-30 0:36:21,-40,0,0,0,0,OK,,,,,
2026-04-30 0:36:37,-40,0,0,0,0,OK,,,,,
2026-04-30 0:36:53,-40,0,0,0,0,OK,,,,,
2026-04-30 0:37:09,-40,0,0,0,0,OK,,,,,
2026-04-30 0:37:25,12.9,60,0,1928,0,OK,,,,,
2026-04-30 0:38:13,-40,0,0,0,0,OK,,,,,
2026-04-30 0:38:45,-40,0,0,0,0,OK,,,,,
2026-04-30 0:39:01,-40,0,0,0,0,OK,,,,,
2026-04-30 0:39:49,-40,0,0,0,0,OK,,,,,
2026-04-30 0:40:05,-40,0,0,0,0,OK,,,,,
2026-04-30 0:40:21,-40,0,0,0,0,OK,,,,,
2026-04-30 0:40:53,-40,0,0,0,0,OK,,,,,
2026-04-30 0:41:41,-40,0,0,0,0,OK,,,,,
2026-04-30 0:41:57,118.6,61,0,504,0,OK,,,,,
2026-04-30 0:42:13,13,61,0,392,0,OK,,,,,
2026-04-30 0:42:45,-40,0,0,0,0,OK,,,,,
2026-04-30 0:43:01,-12.6,61,35.8,452,9.6,OK,,,,,
2026-04-30 0:44:05,-40,0,0,0,0,OK,,,,,
2026-04-30 0:44:37,-40,0,0,0,0,OK,,,,,
2026-04-30 0:44:53,-40,0,0,0,0,OK,,,,,
2026-04-30 0:45:09,-40,0,0,0,0,OK,,,,,
2026-04-30 0:45:41,-40,0,0,0,0,OK,,,,,
2026-04-30 0:46:29,13,61,0,392,0,OK,,,,,
2026-04-30 0:47:17,13,158,0,392,0,OK,,,,,
2026-04-30 0:47:49,-40,0,0,0,0,OK,,,,,
2026-04-30 0:48:05,-40,0,0,0,0,OK,,,,,
2026-04-30 0:48:21,14.2,60,0,392,0,OK,,,,,
2026-04-30 0:48:37,-40,0,0,0,0,OK,,,,,
2026-04-30 0:48:53,-40,0,0,0,0,OK,,,,,
2026-04-30 0:49:09,-40,0,0,0,0,OK,,,,,
2026-04-30 0:49:25,36.6,158,0,3976,0,OK,,,,,
2026-04-30 0:50:29,13,60,0,408,0,OK,,,,,
2026-04-30 0:50:45,-12.6,60,35.8,392,0,OK,,,,,
2026-04-30 0:51:01,-40,0,0,0,0,OK,,,,,
2026-04-30 0:51:17,-40,0,0,0,0,OK,,,,,
2026-04-30 0:51:33,-40,0,0,0,0,OK,,,,,
2026-04-30 0:52:05,16.2,60,0,392,0,OK,,,,,
2026-04-30 0:52:21,13,60,0,392,0,OK,,,,,
2026-04-30 0:53:09,-40,0,0,0,0,OK,,,,,
2026-04-30 0:53:25,-40,0,0,0,0,OK,,,,,
2026-04-30 0:53:41,13,60,0,392,0,OK,,,,,
2026-04-30 0:53:57,-40,0,0,0,0,OK,,,,,
2026-04-30 0:54:13,127.3,59,35.8,392,0,OK,,,,,
2026-04-30 0:54:29,-40,0,0,0,0,OK,,,,,
2026-04-30 0:54:45,-40,0,0,0,0,OK,,,,,
2026-04-30 0:55:01,13,59,0,392,0,OK,,,,,
2026-04-30 0:55:17,13,59,0,392,3276.8,OK,,,,,
2026-04-30 0:55:33,-40,0,0,0,0,OK,,,,,
2026-04-30 0:55:49,-40,0,0,0,0,OK,,,,,
2026-04-30 0:56:05,-40,0,0,0,0,OK,,,,,
2026-04-30 0:56:21,-40,0,0,0,0,OK,,,,,
2026-04-30 0:56:37,-40,0,0,0,0,OK,,,,,
2026-04-30 0:57:25,-40,0,0,0,0,OK,,,,,
2026-04-30 0:57:57,-40,0,0,0,0,OK,,,,,
2026-04-30 0:59:01,-40,0,0,0,0,OK,,,,,
2026-04-30 0:59:17,-40,0,0,0,0,OK,,,,,
2026-04-30 0:59:33,-40,0,0,0,0,OK,,,,,
2026-04-30 1:04:37,13.1,58,0,392,0,OK,,,,,
2026-04-30 1:06:13,-40,0,0,0,0,OK,,,,,
2026-04-30 1:07:17,-40,0,0,0,0,OK,,,,,
2026-04-30 1:07:33,13,58,0,392,0,OK,,,,,
2026-04-30 1:08:05,-40,0,0,0,0,OK,,,,,
2026-04-30 1:08:21,-40,0,0,0,0,OK,,,,,
2026-04-30 1:09:09,-40,0,0,0,0,OK,,,,,
2026-04-30 1:09:25,13,57,0,392,3276.8,OK,,,,,
2026-04-30 1:09:41,-40,0,0,0,0,OK,,,,,
2026-04-30 1:09:57,13,63,0,392,0,OK,,,,,
2026-04-30 1:10:13,-40,0,0,0,0,OK,,,,,
2026-04-30 1:10:29,13,57,0,392,4.8,OK,,,,,
2026-04-30 1:11:01,-40,0,0,0,0,OK,,,,,
2026-04-30 1:11:33,-40,0,0,0,0,OK,,,,,
2026-04-30 1:12:05,-40,0,0,0,0,OK,,,,,
2026-04-30 1:12:37,-40,0,0,0,0,OK,,,,,
2026-04-30 1:13:25,-40,0,0,0,0,OK,,,,,
2026-04-30 1:13:57,-40,0,0,0,0,OK,,,,,
2026-04-30 1:14:29,-40,0,0,0,0,OK,,,,,
2026-04-30 1:14:45,13.1,57,0,920,0,OK,,,,,
2026-04-30 1:15:17,-40,0,0,0,0,OK,,,,,
2026-04-30 1:16:21,13,57,0,904,12.8,OK,,,,,
2026-04-30 1:17:09,-40,0,0,0,0,OK,,,,,
2026-04-30 1:17:25,-40,0,0,0,0,OK,,,,,
2026-04-30 1:17:57,21,206,0,392,0,OK,,,,,
2026-04-30 1:18:13,-40,0,0,0,0,OK,,,,,
2026-04-30 1:18:29,123.4,206,35.8,392,0,OK,,,,,
2026-04-30 1:18:45,-40,0,0,0,0,OK,,,,,
2026-04-30 1:19:01,23.8,206,0,392,0,OK,,,,,
2026-04-30 1:19:17,-40,0,0,0,0,OK,,,,,
2026-04-30 1:20:05,-40,0,0,0,0,OK,,,,,
2026-04-30 1:20:21,-40,0,0,0,0,OK,,,,,
2026-04-30 1:21:09,-40,0,0,0,0,OK,,,,,
2026-04-30 1:21:57,-40,0,0,0,0,OK,,,,,
2026-04-30 1:23:17,-40,0,0,0,0,OK,,,,,
2026-04-30 1:23:33,-40,0,0,0,0,OK,,,,,
2026-04-30 1:24:05,13.1,57,0,452,17.6,OK,,,,,
2026-04-30 1:24:21,-40,0,0,0,0,OK,,,,,
2026-04-30 1:25:57,-40,0,0,0,0,OK,,,,,
2026-04-30 1:26:13,-40,0,0,0,0,OK,,,,,
2026-04-30 1:26:45,-40,0,0,0,0,OK,,,,,
2026-04-30 1:27:01,-40,0,0,0,0,OK,,,,,
2026-04-30 1:27:49,-40,0,0,0,0,OK,,,,,
2026-04-30 1:28:37,16.2,58,17.9,408,0,OK,,,,,
2026-04-30 1:28:53,-40,0,0,0,0,OK,,,,,
2026-04-30 1:30:45,-40,0,0,0,0,OK,,,,,
2026-04-30 1:31:01,-40,0,0,0,0,OK,,,,,
2026-04-30 1:31:17,-40,0,0,0,0,OK,,,,,
2026-04-30 1:31:33,-40,0,0,0,0,OK,,,,,
2026-04-30 1:33:41,-40,0,0,0,0,OK,,,,,
2026-04-30 1:33:57,13.1,59,0,392,0,OK,,,,,
2026-04-30 1:34:13,-40,0,0,0,0,OK,,,,,
2026-04-30 1:34:29,-40,0,0,0,0,OK,,,,,
2026-04-30 1:35:01,-40,0,0,0,0,OK,,,,,
2026-04-30 1:35:17,-40,0,0,0,0,OK,,,,,
2026-04-30 1:37:09,13.4,58,0,1928,0,OK,,,,,
2026-04-30 1:37:41,-40,0,0,0,0,OK,,,,,
2026-04-30 1:37:57,-40,0,0,0,0,OK,,,,,
2026-04-30 1:38:29,-40,0,0,0,0,OK,,,,,
2026-04-30 1:38:45,-40,0,0,0,0,OK,,,,,
2026-04-30 1:39:49,13.1,59,0,392,0,OK,,,,,
2026-04-30 1:40:53,-40,0,0,0,0,OK,,,,,
2026-04-30 1:42:13,13.1,60,0,392,0,OK,,,,,
2026-04-30 1:42:29,-40,0,0,0,0,OK,,,,,
2026-04-30 1:43:01,-40,0,0,0,0,OK,,,,,
2026-04-30 1:43:17,-40,0,0,0,0,OK,,,,,
2026-04-30 1:43:33,13.1,61,0.1,392,0,OK,,,,,
2026-04-30 1:43:49,-40,0,0,0,0,OK,,,,,
2026-04-30 1:44:21,-40,0,0,0,0,OK,,,,,
2026-04-30 1:44:53,-40,0,0,0,0,OK,,,,,
2026-04-30 1:45:25,-40,0,0,0,0,OK,,,,,
2026-04-30 1:48:37,-40,0,0,0,0,OK,,,,,
2026-04-30 1:48:53,12.9,62,0,392,0,OK,,,,,
2026-04-30 1:49:09,-40,0,0,0,0,OK,,,,,
2026-04-30 1:49:41,-40,0,0,0,0,OK,,,,,
2026-04-30 1:50:13,-40,0,0,0,0,OK,,,,,
2026-04-30 1:50:29,13,61,0,392,0,OK,,,,,
2026-04-30 1:51:33,-40,0,0,0,0,OK,,,,,
2026-04-30 1:51:49,-40,0,0,0,0,OK,,,,,
2026-04-30 1:52:05,-40,0,0,0,0,OK,,,,,
2026-04-30 1:53:41,-40,0,0,0,0,OK,,,,,
2026-04-30 1:53:57,-40,0,0,0,0,OK,,,,,
2026-04-30 1:54:13,-40,0,0,0,0,OK,,,,,
2026-04-30 1:54:45,-40,0,0,0,0,OK,,,,,
2026-04-30 1:55:01,-40,0,0,0,0,OK,,,,,
2026-04-30 1:55:33,-40,0,0,0,0,OK,,,,,
2026-04-30 1:56:05,12.9,60,0,504,0,OK,,,,,
2026-04-30 1:56:53,-40,0,0,0,0,OK,,,,,
2026-04-30 1:57:09,-40,0,0,0,0,OK,,,,,
2026-04-30 1:58:13,-40,0,0,0,0,OK,,,,,
2026-04-30 1:58:29,-40,0,0,0,0,OK,,,,,
2026-04-30 1:59:17,-40,0,0,0,0,OK,,,,,
2026-04-30 1:59:49,115.4,58,0,392,0,OK,,,,,
2026-04-30 2:00:05,-40,0,0,0,0,OK,,,,,
2026-04-30 2:01:25,-40,0,0,0,0,OK,,,,,
2026-04-30 2:02:13,13,58,0,392,0,OK,,,,,
2026-04-30 2:02:45,-40,0,0,0,0,OK,,,,,
2026-04-30 2:03:01,-40,0,0,0,0,OK,,,,,
2026-04-30 2:03:17,13,58,0,392,0,OK,,,,,
2026-04-30 2:03:33,-40,0,0,0,0,OK,,,,,
2026-04-30 2:03:49,-40,0,0,0,0,OK,,,,,
2026-04-30 2:05:25,-40,0,0,0,0,OK,,,,,
2026-04-30 2:06:13,-40,0,0,0,0,OK,,,,,
2026-04-30 2:06:29,-40,0,0,0,0,OK,,,,,
2026-04-30 2:08:05,-40,0,0,0,0,OK,,,,,
2026-04-30 2:08:53,-40,0,0,0,0,OK,,,,,
2026-04-30 2:09:25,-40,0,0,0,0,OK,,,,,
2026-04-30 2:09:57,-40,0,0,0,0,OK,,,,,
2026-04-30 2:10:29,-40,0,0,0,0,OK,,,,,
2026-04-30 2:10:45,-40,0,0,0,0,OK,,,,,
2026-04-30 2:11:01,-40,0,0,0,0,OK,,,,,
2026-04-30 2:11:17,-40,0,0,0,0,OK,,,,,
2026-04-30 2:11:33,-40,0,0,0,0,OK,,,,,
2026-04-30 2:12:21,12.8,59,0,392,0,OK,,,,,
2026-04-30 2:12:37,-40,0,0,0,0,OK,,,,,
2026-04-30 2:12:53,-40,0,0,0,0,OK,,,,,
2026-04-30 2:13:41,12.8,59,0,392,15.2,OK,,,,,
2026-04-30 2:13:57,-40,0,0,0,0,OK,,,,,
2026-04-30 2:14:13,12.8,59,0,392,0,OK,,,,,
2026-04-30 2:14:29,-40,0,0,0,0,OK,,,,,
2026-04-30 2:15:33,12.8,252,17.9,392,0,OK,,,,,
2026-04-30 2:16:05,-3.2,60,35.8,452,4915.2,OK,,,,,
2026-04-30 2:16:21,-40,0,0,0,0,OK,,,,,
2026-04-30 2:16:37,-40,0,0,0,0,OK,,,,,
2026-04-30 2:17:25,-40,0,0,0,0,OK,,,,,
2026-04-30 2:17:41,-40,0,0,0,0,OK,,,,,
2026-04-30 2:17:57,-40,0,0,0,0,OK,,,,,
2026-04-30 2:18:29,12.8,61,0,392,0,OK,,,,,
2026-04-30 2:19:01,-40,0,0,0,0,OK,,,,,
2026-04-30 2:19:17,-40,0,0,0,0,OK,,,,,
2026-04-30 2:19:33,-40,0,0,0,0,OK,,,,,
2026-04-30 2:19:49,-40,0,0,0,0,OK,,,,,
2026-04-30 2:20:53,-40,0,0,0,0,OK,,,,,
2026-04-30 2:21:09,-40,0,0,0,0,OK,,,,,
2026-04-30 2:21:25,-40,0,0,0,0,OK,,,,,
2026-04-30 2:22:13,-40,0,0,0,0,OK,,,,,
2026-04-30 2:22:45,-40,0,0,0,0,OK,,,,,
2026-04-30 2:23:01,-40,0,0,0,0,OK,,,,,
2026-04-30 2:23:17,-40,0,0,0,0,OK,,,,,
2026-04-30 2:23:33,-40,0,0,0,0,OK,,,,,
2026-04-30 2:23:49,12.7,62,0,392,0,OK,,,,,
2026-04-30 2:24:05,12.7,159,35.7,16264,3276.8,OK,,,,,
2026-04-30 2:25:09,-40,0,0,0,0,OK,,,,,
2026-04-30 2:25:25,17.5,62,0,392,0,OK,,,,,
2026-04-30 2:25:57,12.6,62,0.3,392,0,OK,,,,,
2026-04-30 2:26:13,-40,0,0,0,0,OK,,,,,
2026-04-30 2:27:17,-40,0,0,0,0,OK,,,,,
2026-04-30 2:27:33,12.6,62,0,392,12.8,OK,,,,,
2026-04-30 2:27:49,-40,0,0,0,0,OK,,,,,
2026-04-30 2:29:41,-40,0,0,0,0,OK,,,,,
2026-04-30 2:29:57,-40,0,0,0,0,OK,,,,,
2026-04-30 2:30:13,-40,0,0,0,0,OK,,,,,
2026-04-30 2:30:45,-40,0,0,0,0,OK,,,,,
2026-04-30 2:32:05,-40,0,0,0,0,OK,,,,,
2026-04-30 2:32:21,-40,0,0,0,0,OK,,,,,
2026-04-30 2:32:37,12.4,64,0,440,0,OK,,,,,
2026-04-30 2:33:09,12.4,64,0,392,0,OK,,,,,
2026-04-30 2:33:25,-40,0,0,0,0,OK,,,,,
2026-04-30 2:33:57,-40,0,0,0,0,OK,,,,,
2026-04-30 2:34:13,17.2,64,0,504,0,OK,,,,,
2026-04-30 2:34:29,12.4,64,0,392,0,OK,,,,,
2026-04-30 2:35:17,-40,0,0,0,0,OK,,,,,
2026-04-30 2:36:05,-40,0,0,0,0,OK,,,,,
2026-04-30 2:36:37,12.3,64,0,392,0,OK,,,,,
2026-04-30 2:37:09,-40,0,0,0,0,OK,,,,,
2026-04-30 2:38:13,-40,0,0,0,0,OK,,,,,
2026-04-30 2:39:01,-40,0,0,0,0,OK,,,,,
2026-04-30 2:40:05,-40,0,0,0,0,OK,,,,,
2026-04-30 2:40:21,-40,0,0,0,0,OK,,,,,
2026-04-30 2:40:37,-40,0,0,0,0,OK,,,,,
2026-04-30 2:41:09,-40,0,0,0,0,OK,,,,,
2026-04-30 2:41:25,-40,0,0,0,0,OK,,,,,
2026-04-30 2:41:57,-40,0,0,0,0,OK,,,,,
2026-04-30 2:42:13,-40,0,0,0,0,OK,,,,,
2026-04-30 2:42:29,13.9,64,0,392,0,OK,,,,,
2026-04-30 2:43:17,-40,0,0,0,0,OK,,,,,
2026-04-30 2:44:21,-40,0,0,0,0,OK,,,,,
2026-04-30 2:45:25,-40,0,0,0,0,OK,,,,,
2026-04-30 2:45:41,12.3,64,0,392,0,OK,,,,,
2026-04-30 2:46:45,-40,0,0,0,0,OK,,,,,
2026-04-30 2:47:01,12.3,64,0,392,0,OK,,,,,
2026-04-30 2:47:17,-40,0,0,0,0,OK,,,,,
2026-04-30 2:48:21,12.3,65,0,392,0,OK,,,,,
2026-04-30 2:48:37,-40,0,0,0,0,OK,,,,,
2026-04-30 2:48:53,-40,0,0,0,0,OK,,,,,
2026-04-30 2:49:09,12.3,65,0,392,0,OK,,,,,
2026-04-30 2:49:25,12.3,65,0,392,3276.8,OK,,,,,
2026-04-30 2:49:57,-40,0,0,0,0,OK,,,,,
2026-04-30 2:50:29,-40,0,0,0,0,OK,,,,,
2026-04-30 2:50:45,-40,0,0,0,0,OK,,,,,
2026-04-30 2:51:01,-40,0,0,0,0,OK,,,,,
2026-04-30 2:51:17,-40,0,0,0,0,OK,,,,,
2026-04-30 2:51:49,-40,0,0,0,0,OK,,,,,
2026-04-30 2:52:21,-40,0,0,0,0,OK,,,,,
2026-04-30 2:52:37,-40,0,0,0,0,OK,,,,,
2026-04-30 2:53:09,-40,0,0,0,0,OK,,,,,
2026-04-30 2:53:25,-40,0,0,0,0,OK,,,,,
2026-04-30 2:53:41,-40,0,0,0,0,OK,,,,,
2026-04-30 2:55:01,-40,0,0,0,0,OK,,,,,
2026-04-30 2:56:05,-40,0,0,0,0,OK,,,,,
2026-04-30 2:56:37,12.3,67,0,392,0,OK,,,,,
2026-04-30 2:56:53,-40,0,0,0,0,OK,,,,,
2026-04-30 2:57:25,-40,0,0,0,0,OK,,,,,
2026-04-30 2:57:57,140.3,67,35.8,392,0,OK,,,,,
2026-04-30 2:58:29,-40,0,0,0,0,OK,,,,,
2026-04-30 2:58:45,43.1,67,35.8,392,0,OK,,,,,
2026-04-30 2:59:01,-40,0,0,0,0,OK,,,,,
2026-04-30 2:59:17,12.3,67,0,392,0,OK,,,,,
2026-04-30 3:00:53,-40,0,0,0,0,OK,,,,,
2026-04-30 3:01:09,-40,0,0,0,0,OK,,,,,
2026-04-30 3:01:41,-40,0,0,0,0,OK,,,,,
2026-04-30 3:02:45,-40,0,0,0,0,OK,,,,,
2026-04-30 3:03:17,12.3,195,17.9,392,0,OK,,,,,
2026-04-30 3:04:05,12.3,67,0,392,0,OK,,,,,
2026-04-30 3:04:21,12.3,67,0.3,392,0,OK,,,,,
2026-04-30 3:04:37,12.3,68,0.1,392,0,OK,,,,,
2026-04-30 3:05:41,115.1,68,0,392,0,OK,,,,,
2026-04-30 3:05:57,12.3,76,0,392,3276.8,OK,,,,,
2026-04-30 3:06:45,-40,0,0,0,0,OK,,,,,
2026-04-30 3:07:01,12.2,68,0,392,0,OK,,,,,
2026-04-30 3:08:05,-40,0,0,0,0,OK,,,,,
2026-04-30 3:09:25,-40,0,0,0,0,OK,,,,,
2026-04-30 3:10:13,-40,0,0,0,0,OK,,,,,
2026-04-30 3:10:29,-40,0,0,0,0,OK,,,,,
2026-04-30 3:11:01,-40,0,0,0,0,OK,,,,,
2026-04-30 3:11:17,-40,0,0,0,0,OK,,,,,
2026-04-30 3:11:33,-40,0,0,0,0,OK,,,,,
2026-04-30 3:12:05,114.6,68,35.8,392,0,OK,,,,,
2026-04-30 3:12:21,12.2,68,0,392,3276.8,OK,,,,,
2026-04-30 3:12:53,-40,0,0,0,0,OK,,,,,
2026-04-30 3:13:09,-40,0,0,0,0,OK,,,,,
2026-04-30 3:13:41,-40,0,0,0,0,OK,,,,,
2026-04-30 3:13:57,12.1,68,0,3976,0,OK,,,,,
2026-04-30 3:14:29,12.2,68,0,392,0,OK,,,,,
2026-04-30 3:14:45,-40,0,0,0,0,OK,,,,,
2026-04-30 3:15:17,12.2,124,0,392,0,OK,,,,,
2026-04-30 3:15:49,12.1,68,0,392,838860.8,OK,,,,,
2026-04-30 3:16:05,-40,0,0,0,0,OK,,,,,
2026-04-30 3:16:21,-40,0,0,0,0,OK,,,,,
2026-04-30 3:17:09,-40,0,0,0,0,OK,,,,,
2026-04-30 3:17:41,-40,0,0,0,0,OK,,,,,
2026-04-30 3:17:57,-40,0,0,0,0,OK,,,,,
2026-04-30 3:18:13,-40,0,0,0,0,OK,,,,,
2026-04-30 3:19:01,-40,0,0,0,0,OK,,,,,
2026-04-30 3:19:17,12.1,68,0,392,838860.8,OK,,,,,
2026-04-30 3:19:33,-40,0,0,0,0,OK,,,,,
2026-04-30 3:20:05,114.5,68,0,392,0,OK,,,,,
2026-04-30 3:21:09,-40,0,0,0,0,OK,,,,,
2026-04-30 3:21:25,-40,0,0,0,0,OK,,,,,
2026-04-30 3:21:41,12.1,68,0,408,0,OK,,,,,
2026-04-30 3:22:45,-40,0,0,0,0,OK,,,,,
2026-04-30 3:23:01,-40,0,0,0,0,OK,,,,,
2026-04-30 3:23:17,-40,0,0,0,0,OK,,,,,
2026-04-30 3:24:05,-40,0,0,0,0,OK,,,,,
2026-04-30 3:24:21,12.1,68,0,392,0,OK,,,,,
2026-04-30 3:24:37,12.1,68,0,392,838860.8,OK,,,,,
2026-04-30 3:25:41,-40,0,0,0,0,OK,,,,,
2026-04-30 3:26:13,-40,0,0,0,0,OK,,,,,
2026-04-30 3:27:01,-40,0,0,0,0,OK,,,,,
2026-04-30 3:27:17,12,69,0,392,0,OK,,,,,
2026-04-30 3:27:33,13.6,77,0,392,0,OK,,,,,
2026-04-30 3:27:49,-40,0,0,0,0,OK,,,,,
2026-04-30 3:28:05,114.3,69,35.8,392,0,OK,,,,,
2026-04-30 3:28:21,12.7,69,0,392,0,OK,,,,,
2026-04-30 3:29:09,-40,0,0,0,0,OK,,,,,
2026-04-30 3:29:25,-40,0,0,0,0,OK,,,,,
2026-04-30 3:30:29,-40,0,0,0,0,OK,,,,,
2026-04-30 3:30:45,-40,0,0,0,0,OK,,,,,
2026-04-30 3:31:01,-40,0,0,0,0,OK,,,,,
2026-04-30 3:31:17,11.7,70,0,392,0,OK,,,,,
2026-04-30 3:31:49,-40,0,0,0,0,OK,,,,,
2026-04-30 3:32:21,-40,0,0,0,0,OK,,,,,
2026-04-30 3:33:25,-40,0,0,0,0,OK,,,,,
2026-04-30 3:33:41,62.8,198,17.9,392,0,OK,,,,,
2026-04-30 3:33:57,-40,0,0,0,0,OK,,,,,
2026-04-30 3:34:29,-40,0,0,0,0,OK,,,,,
2026-04-30 3:34:45,-40,0,0,0,0,OK,,,,,
2026-04-30 3:35:01,-40,0,0,0,0,OK,,,,,
2026-04-30 3:35:17,-40,0,0,0,0,OK,,,,,
2026-04-30 3:35:33,-40,0,0,0,0,OK,,,,,
2026-04-30 3:35:49,-40,0,0,0,0,OK,,,,,
2026-04-30 3:36:05,11.5,71,0,392,10.2,OK,,,,,
2026-04-30 3:36:21,-40,0,0,0,0,OK,,,,,
2026-04-30 3:36:37,-40,0,0,0,0,OK,,,,,
2026-04-30 3:36:53,-40,0,0,0,0,OK,,,,,
2026-04-30 3:37:09,-40,0,0,0,0,OK,,,,,
2026-04-30 3:37:41,-14.1,71,107.5,408,0,OK,,,,,
2026-04-30 3:37:57,-40,0,0,0,0,OK,,,,,
2026-04-30 3:40:05,11.3,72,0,392,0,OK,,,,,
2026-04-30 3:41:41,-40,0,0,0,0,OK,,,,,
2026-04-30 3:42:13,11.2,88,0,392,0,OK,,,,,
2026-04-30 3:42:29,-40,0,0,0,0,OK,,,,,
2026-04-30 3:42:45,-40,0,0,0,0,OK,,,,,
2026-04-30 3:43:01,-40,0,0,0,0,OK,,,,,
2026-04-30 3:43:17,-40,0,0,0,0,OK,,,,,
2026-04-30 3:43:33,-40,0,0,0,0,OK,,,,,
2026-04-30 3:43:49,11.1,73,0,392,0,OK,,,,,
2026-04-30 3:44:05,-40,0,0,0,0,OK,,,,,
2026-04-30 3:44:21,-40,0,0,0,0,OK,,,,,
2026-04-30 3:44:37,11,73,0,392,0,OK,,,,,
2026-04-30 3:44:53,-40,0,0,0,0,OK,,,,,
2026-04-30 3:45:09,-40,0,0,0,0,OK,,,,,
2026-04-30 3:45:25,-40,0,0,0,0,OK,,,,,
2026-04-30 3:45:41,11,249,17.9,392,0,OK,,,,,
2026-04-30 3:45:57,-40,0,0,0,0,OK,,,,,
2026-04-30 3:46:29,11,73,0,904,838860.8,OK,,,,,
2026-04-30 3:46:45,-40,0,0,0,0,OK,,,,,
2026-04-30 3:47:01,10.9,78,0,392,0,OK,,,,,
2026-04-30 3:47:17,-40,0,0,0,0,OK,,,,,
2026-04-30 3:47:33,-40,0,0,0,0,OK,,,,,
2026-04-30 3:47:49,-40,0,0,0,0,OK,,,,,
2026-04-30 3:48:05,10.9,74,0,392,0,OK,,,,,
2026-04-30 3:48:21,164.4,74,0,392,0,OK,,,,,
2026-04-30 3:48:37,-40,0,0,0,0,OK,,,,,
2026-04-30 3:48:53,10.8,74,0,440,0,OK,,,,,
2026-04-30 3:49:09,10.8,75,0,392,0,OK,,,,,
2026-04-30 3:49:57,-40,0,0,0,0,OK,,,,,
2026-04-30 3:50:29,10.7,75,0,392,9.6,OK,,,,,
2026-04-30 3:50:45,164.3,75,0,392,0,OK,,,,,
2026-04-30 3:51:01,11.1,75,0,392,0,OK,,,,,
2026-04-30 3:51:17,-40,0,0,0,0,OK,,,,,
2026-04-30 3:51:33,-40,0,0,0,0,OK,,,,,
2026-04-30 3:51:49,10.7,76,0,392,0,OK,,,,,
2026-04-30 3:52:05,-40,0,0,0,0,OK,,,,,
2026-04-30 3:52:21,11.1,127,8.1,392,12.8,OK,,,,,
2026-04-30 3:52:37,157.5,76,35.8,392,0,OK,,,,,
2026-04-30 3:53:09,-40,0,0,0,0,OK,,,,,
2026-04-30 3:54:29,-40,0,0,0,0,OK,,,,,
2026-04-30 3:54:45,10.7,76,0,452,3276.8,OK,,,,,
2026-04-30 3:55:01,157.5,204,53.8,392,0,OK,,,,,
2026-04-30 3:55:17,-40,0,0,0,0,OK,,,,,
2026-04-30 3:55:49,10.7,76,0,392,0,OK,,,,,
2026-04-30 3:56:05,-40,0,0,0,0,OK,,,,,
2026-04-30 3:57:25,-40,0,0,0,0,OK,,,,,
2026-04-30 3:57:41,10.6,77,0,392,0,OK,,,,,
2026-04-30 3:57:57,-40,0,0,0,0,OK,,,,,
2026-04-30 3:58:13,-40,0,0,0,0,OK,,,,,
2026-04-30 3:58:29,10.6,77,0,392,0,OK,,,,,
2026-04-30 3:58:45,-40,0,0,0,0,OK,,,,,
2026-04-30 3:59:01,10.6,79,0,392,838860.8,OK,,,,,
2026-04-30 3:59:17,-40,0,0,0,0,OK,,,,,
2026-04-30 3:59:33,-40,0,0,0,0,OK,,,,,
2026-04-30 4:00:05,-40,0,0,0,0,OK,,,,,
2026-04-30 4:00:21,10.5,79,0,392,0,OK,,,,,
2026-04-30 4:00:37,-40,0,0,0,0,OK,,,,,
2026-04-30 4:01:25,10.5,77,0,392,0,OK,,,,,
2026-04-30 4:01:41,10.5,77,0,392,0,OK,,,,,
2026-04-30 4:01:57,51.9,77,0,904,0,OK,,,,,
2026-04-30 4:02:13,10.4,77,0,392,838860.8,OK,,,,,
2026-04-30 4:02:29,164,77,35.8,392,0,OK,,,,,
2026-04-30 4:02:45,-40,0,0,0,0,OK,,,,,
2026-04-30 4:03:01,-40,0,0,0,0,OK,,,,,
2026-04-30 4:03:17,10.4,77,0,392,0,OK,,,,,
2026-04-30 4:03:33,10.4,77,0,392,0,OK,,,,,
2026-04-30 4:03:49,-40,0,0,0,0,OK,,,,,
2026-04-30 4:04:05,-15.2,95,107.5,392,0,OK,,,,,
2026-04-30 4:04:21,-40,0,0,0,0,OK,,,,,
2026-04-30 4:04:37,-40,0,0,0,0,OK,,,,,
2026-04-30 4:04:53,-40,0,0,0,0,OK,,,,,
2026-04-30 4:05:57,-40,0,0,0,0,OK,,,,,
2026-04-30 4:06:13,-40,0,0,0,0,OK,,,,,
2026-04-30 4:06:29,-40,0,0,0,0,OK,,,,,
2026-04-30 4:06:45,-40,0,0,0,0,OK,,,,,
2026-04-30 4:07:01,-15.2,78,35.8,392,12.8,OK,,,,,
2026-04-30 4:07:17,-40,0,0,0,0,OK,,,,,
2026-04-30 4:07:33,-40,0,0,0,0,OK,,,,,
2026-04-30 4:07:49,-40,0,0,0,0,OK,,,,,
2026-04-30 4:08:05,-40,0,0,0,0,OK,,,,,
2026-04-30 4:08:21,-40,0,0,0,0,OK,,,,,
2026-04-30 4:08:37,-40,0,0,0,0,OK,,,,,
2026-04-30 4:08:53,-40,0,0,0,0,OK,,,,,
2026-04-30 4:09:09,10.4,77,0,392,838860.8,OK,,,,,
2026-04-30 4:09:25,-40,0,0,0,0,OK,,,,,
2026-04-30 4:09:41,-40,0,0,0,0,OK,,,,,
2026-04-30 4:09:57,-40,0,0,0,0,OK,,,,,
2026-04-30 4:10:13,-15.3,77,35.8,392,0,OK,,,,,
2026-04-30 4:11:17,10.3,77,0,392,0,OK,,,,,
2026-04-30 4:11:33,-40,0,0,0,0,OK,,,,,
2026-04-30 4:12:05,10.3,77,0,392,12.8,OK,,,,,
2026-04-30 4:12:37,-40,0,0,0,0,OK,,,,,
2026-04-30 4:12:53,-40,0,0,0,0,OK,,,,,
2026-04-30 4:13:25,-40,0,0,0,0,OK,,,,,
2026-04-30 4:13:57,-40,0,0,0,0,OK,,,,,
2026-04-30 4:14:13,-40,0,0,0,0,OK,,,,,
2026-04-30 4:14:29,10.4,78,0,904,0,OK,,,,,
2026-04-30 4:14:45,10.4,78,0,392,0,OK,,,,,
2026-04-30 4:15:01,-40,0,0,0,0,OK,,,,,
2026-04-30 4:15:17,-40,0,0,0,0,OK,,,,,
2026-04-30 4:15:33,10.4,167,0,392,0,OK,,,,,
2026-04-30 4:15:49,10.4,78,0,452,0,OK,,,,,
2026-04-30 4:16:05,-40,0,0,0,0,OK,,,,,
2026-04-30 4:16:21,-40,0,0,0,0,OK,,,,,
2026-04-30 4:16:37,10.4,78,0,65476,0,OK,,,,,
2026-04-30 4:16:53,-40,0,0,0,0,OK,,,,,
2026-04-30 4:17:09,10.4,78,0,392,3276.8,OK,,,,,
2026-04-30 4:17:25,-40,0,0,0,0,OK,,,,,
2026-04-30 4:17:41,-40,0,0,0,0,OK,,,,,
2026-04-30 4:17:57,-40,0,0,0,0,OK,,,,,
2026-04-30 4:18:13,-40,0,0,0,0,OK,,,,,
2026-04-30 4:18:29,-40,0,0,0,0,OK,,,,,
2026-04-30 4:18:45,-15.3,78,35.8,392,0,OK,,,,,
2026-04-30 4:19:17,-40,0,0,0,0,OK,,,,,
2026-04-30 4:19:33,-40,0,0,0,0,OK,,,,,
2026-04-30 4:19:49,-40,0,0,0,0,OK,,,,,
2026-04-30 4:20:05,-40,0,0,0,0,OK,,,,,
2026-04-30 4:20:21,-40,0,0,0,0,OK,,,,,
2026-04-30 4:20:37,-40,0,0,0,0,OK,,,,,
2026-04-30 4:20:53,-40,0,0,0,0,OK,,,,,
2026-04-30 4:21:09,-40,0,0,0,0,OK,,,,,
2026-04-30 4:21:25,-40,0,0,0,0,OK,,,,,
2026-04-30 4:21:41,-40,0,0,0,0,OK,,,,,
2026-04-30 4:22:13,10.1,206,17.9,504,0,OK,,,,,
2026-04-30 4:22:29,10.1,78,0,392,0,OK,,,,,
2026-04-30 4:22:45,-40,0,0,0,0,OK,,,,,
2026-04-30 4:23:01,-40,0,0,0,0,OK,,,,,
2026-04-30 4:23:17,-40,0,0,0,0,OK,,,,,
2026-04-30 4:23:49,-40,0,0,0,0,OK,,,,,
2026-04-30 4:24:05,-40,0,0,0,0,OK,,,,,
2026-04-30 4:24:21,10,79,0,392,0,OK,,,,,
2026-04-30 4:24:53,-40,0,0,0,0,OK,,,,,
2026-04-30 4:25:09,-40,0,0,0,0,OK,,,,,
2026-04-30 4:25:25,-40,0,0,0,0,OK,,,,,
2026-04-30 4:25:41,-40,0,0,0,0,OK,,,,,
2026-04-30 4:25:57,9.9,79,0,392,0,OK,,,,,
2026-04-30 4:26:13,-40,0,0,0,0,OK,,,,,
2026-04-30 4:26:29,-40,0,0,0,0,OK,,,,,
2026-04-30 4:26:45,-40,0,0,0,0,OK,,,,,
2026-04-30 4:27:49,11,168,0,392,0,OK,,,,,
2026-04-30 4:28:05,-15.8,80,35.8,392,0,OK,,,,,
2026-04-30 4:28:21,-40,0,0,0,0,OK,,,,,
2026-04-30 4:28:37,9.7,80,0,392,838860.8,OK,,,,,
2026-04-30 4:28:53,-40,0,0,0,0,OK,,,,,
2026-04-30 4:29:41,-40,0,0,0,0,OK,,,,,
2026-04-30 4:29:57,-40,0,0,0,0,OK,,,,,
2026-04-30 4:30:13,-40,0,0,0,0,OK,,,,,
2026-04-30 4:31:17,-40,0,0,0,0,OK,,,,,
2026-04-30 4:31:33,9.7,80,0,504,0,OK,,,,,
2026-04-30 4:31:49,-40,0,0,0,0,OK,,,,,
2026-04-30 4:33:41,9.8,81,0,452,0,OK,,,,,
2026-04-30 4:33:57,9.8,80,0,392,0,OK,,,,,
2026-04-30 4:34:13,-40,0,0,0,0,OK,,,,,
2026-04-30 4:34:29,-25.3,80,35.8,392,0,OK,,,,,
2026-04-30 4:35:01,-40,0,0,0,0,OK,,,,,
2026-04-30 4:35:17,9.9,80,0,452,0,OK,,,,,
2026-04-30 4:35:33,-40,0,0,0,0,OK,,,,,
2026-04-30 4:35:49,-40,0,0,0,0,OK,,,,,
2026-04-30 4:36:05,-40,0,0,0,0,OK,,,,,
2026-04-30 4:36:21,-40,0,0,0,0,OK,,,,,
2026-04-30 4:36:37,-40,0,0,0,0,OK,,,,,
2026-04-30 4:36:53,-40,0,0,0,0,OK,,,,,
2026-04-30 4:37:09,-40,0,0,0,0,OK,,,,,
2026-04-30 4:37:25,-40,0,0,0,0,OK,,,,,
2026-04-30 4:37:41,-40,0,0,0,0,OK,,,,,
2026-04-30 4:37:57,-40,0,0,0,0,OK,,,,,
2026-04-30 4:38:29,-40,0,0,0,0,OK,,,,,
2026-04-30 4:38:45,-40,0,0,0,0,OK,,,,,
2026-04-30 4:39:01,-40,0,0,0,0,OK,,,,,
2026-04-30 4:39:33,-40,0,0,0,0,OK,,,,,
2026-04-30 4:39:49,-40,0,0,0,0,OK,,,,,
2026-04-30 4:40:53,-40,0,0,0,0,OK,,,,,
2026-04-30 4:41:09,-40,0,0,0,0,OK,,,,,
2026-04-30 4:42:29,10.2,79,0,392,4915.2,OK,,,,,
2026-04-30 4:42:45,-40,0,0,0,0,OK,,,,,
2026-04-30 4:44:05,-40,0,0,0,0,OK,,,,,
2026-04-30 4:44:21,-15.5,79,35.8,392,0,OK,,,,,
2026-04-30 4:45:41,-40,0,0,0,0,OK,,,,,
2026-04-30 4:45:57,-40,0,0,0,0,OK,,,,,
2026-04-30 4:46:29,-40,0,0,0,0,OK,,,,,
2026-04-30 4:47:01,-40,0,0,0,0,OK,,,,,
2026-04-30 4:47:33,-40,0,0,0,0,OK,,,,,
2026-04-30 4:47:49,-40,0,0,0,0,OK,,,,,
2026-04-30 4:48:21,-40,0,0,0,0,OK,,,,,
2026-04-30 4:48:37,-40,0,0,0,0,OK,,,,,
2026-04-30 4:48:53,-40,0,0,0,0,OK,,,,,
2026-04-30 4:49:09,9.8,79,0,392,0,OK,,,,,
2026-04-30 4:49:25,-40,0,0,0,0,OK,,,,,
2026-04-30 4:50:29,9.7,79,0,392,3276.8,OK,,,,,
2026-04-30 4:51:01,-16,80,35.8,456,0,OK,,,,,
2026-04-30 4:51:17,-40,0,0,0,0,OK,,,,,
2026-04-30 4:51:33,9.6,80,0,408,0,OK,,,,,
2026-04-30 4:51:49,-40,0,0,0,0,OK,,,,,
2026-04-30 4:52:05,-40,0,0,0,0,OK,,,,,
2026-04-30 4:52:37,9.7,80,0,392,0,OK,,,,,
2026-04-30 4:52:53,9.7,80,0,392,12.8,OK,,,,,
2026-04-30 4:53:09,-40,0,0,0,0,OK,,,,,
2026-04-30 4:53:25,9.7,208,0,504,0,OK,,,,,
2026-04-30 4:53:41,-40,0,0,0,0,OK,,,,,
2026-04-30 4:53:57,9.7,112,0,392,0,OK,,,,,
2026-04-30 4:54:13,-40,0,0,0,0,OK,,,,,
2026-04-30 4:54:29,9.7,80,0,392,0,OK,,,,,
2026-04-30 4:54:45,9.7,80,0,392,4915.2,OK,,,,,
2026-04-30 4:55:01,-40,0,0,0,0,OK,,,,,
2026-04-30 4:55:33,9.6,80,0,482,8.8,OK,,,,,
2026-04-30 4:55:49,-40,0,0,0,0,OK,,,,,
2026-04-30 4:56:05,-40,0,0,0,0,OK,,,,,
2026-04-30 4:56:21,-40,0,0,0,0,OK,,,,,
2026-04-30 4:56:37,-40,0,0,0,0,OK,,,,,
2026-04-30 4:56:53,-40,0,0,0,0,OK,,,,,
2026-04-30 4:57:09,-40,0,0,0,0,OK,,,,,
2026-04-30 4:58:13,-40,0,0,0,0,OK,,,,,
2026-04-30 4:58:29,-40,0,0,0,0,OK,,,,,
2026-04-30 4:58:45,-40,0,0,0,0,OK,,,,,
2026-04-30 4:59:49,9.4,80,17.9,392,3276.8,OK,,,,,
2026-04-30 5:00:05,9.3,80,0,392,0,OK,,,,,
2026-04-30 5:00:21,-40,0,0,0,0,OK,,,,,
2026-04-30 5:01:41,84,237,11.3,1,3276.8,OK,,,,,
2026-04-30 5:02:13,-40,0,0,0,0,OK,,,,,
2026-04-30 5:03:49,-40,0,0,0,0,OK,,,,,
2026-04-30 5:05:25,-40,0,0,0,0,OK,,,,,
2026-04-30 5:05:41,9.1,81,0,392,0,OK,,,,,
2026-04-30 5:05:57,162.7,82,35.8,504,0,OK,,,,,
2026-04-30 5:06:29,-40,0,0,0,0,OK,,,,,
2026-04-30 5:07:17,-40,0,0,0,0,OK,,,,,
2026-04-30 5:07:33,9,82,0,392,0,OK,,,,,
2026-04-30 5:08:37,9,82,0,904,0,OK,,,,,
2026-04-30 5:08:53,-40,0,0,0,0,OK,,,,,
2026-04-30 5:09:09,-40,0,0,0,0,OK,,,,,
2026-04-30 5:09:25,-40,0,0,0,0,OK,,,,,
2026-04-30 5:09:41,8.9,82,0,392,0,OK,,,,,
2026-04-30 5:09:57,8.9,82,0,392,0,OK,,,,,
2026-04-30 5:11:33,8.9,115,0,392,0,OK,,,,,
2026-04-30 5:11:49,-40,0,0,0,0,OK,,,,,
2026-04-30 5:12:37,-40,0,0,0,0,OK,,,,,
2026-04-30 5:12:53,-40,0,0,0,0,OK,,,,,
2026-04-30 5:13:41,-40,0,0,0,0,OK,,,,,
2026-04-30 5:14:29,9,82,0,392,0,OK,,,,,
2026-04-30 5:14:45,-40,0,0,0,0,OK,,,,,
2026-04-30 5:15:01,8.9,82,0,392,0,OK,,,,,
2026-04-30 5:15:33,8.9,82,17.9,392,12.8,OK,,,,,
2026-04-30 5:15:49,-40,0,0,0,0,OK,,,,,
2026-04-30 5:16:05,8.8,82,0,392,0,OK,,,,,
2026-04-30 5:16:37,8.8,83,0,392,0,OK,,,,,
2026-04-30 5:16:53,-40,0,0,0,0,OK,,,,,
2026-04-30 5:17:09,-40,0,0,0,0,OK,,,,,
2026-04-30 5:17:25,-40,0,0,0,0,OK,,,,,
2026-04-30 5:17:41,-40,0,0,0,0,OK,,,,,
2026-04-30 5:18:13,-40,0,0,0,0,OK,,,,,
2026-04-30 5:18:45,8.7,83,0,392,0,OK,,,,,
2026-04-30 5:19:01,-40,0,0,0,0,OK,,,,,
2026-04-30 5:19:17,8.8,83,0,392,0,OK,,,,,
2026-04-30 5:19:49,8.7,83,0,392,0,OK,,,,,
2026-04-30 5:20:53,8.8,83,0,392,0,OK,,,,,
2026-04-30 5:21:09,8.8,83,0,392,0,OK,,,,,
2026-04-30 5:21:25,-40,0,0,0,0,OK,,,,,
2026-04-30 5:21:41,-40,0,0,0,0,OK,,,,,
2026-04-30 5:22:13,8.9,83,0,392,0,OK,,,,,
2026-04-30 5:22:29,8.9,83,0,440,0,OK,,,,,
2026-04-30 5:22:45,-40,0,0,0,0,OK,,,,,
2026-04-30 5:23:01,-40,0,0,0,0,OK,,,,,
2026-04-30 5:23:17,9,83,0,392,0,OK,,,,,
2026-04-30 5:23:33,9,83,0,392,0,OK,,,,,
2026-04-30 5:23:49,9,83,0,392,0,OK,,,,,
2026-04-30 5:24:21,-40,0,0,0,0,OK,,,,,
2026-04-30 5:25:09,162.6,94,0,392,0,OK,,,,,
2026-04-30 5:25:25,9,82,0,1928,14,OK,,,,,
2026-04-30 5:25:41,-40,0,0,0,0,OK,,,,,
2026-04-30 5:26:45,-40,0,0,0,0,OK,,,,,
2026-04-30 5:27:33,8.7,83,0,392,0,OK,,,,,
2026-04-30 5:27:49,8.7,83,0,392,0,OK,,,,,
2026-04-30 5:28:05,8.7,83,0,392,0,OK,,,,,
2026-04-30 5:28:21,8.7,83,0,392,0,OK,,,,,
2026-04-30 5:28:37,8.7,83,0,392,0,OK,,,,,
2026-04-30 5:28:53,8.7,83,0,392,0,OK,,,,,
2026-04-30 5:29:09,-40,0,0,0,0,OK,,,,,
2026-04-30 5:29:25,8.6,84,0,392,0,OK,,,,,
2026-04-30 5:29:41,-40,0,0,0,0,OK,,,,,
2026-04-30 5:29:57,8.6,115,0,392,12.8,OK,,,,,
2026-04-30 5:30:13,-40,0,0,0,0,OK,,,,,
2026-04-30 5:30:29,8.6,83,0,392,0,OK,,,,,
2026-04-30 5:31:01,8.6,84,0,482,15.2,OK,,,,,
2026-04-30 5:31:17,8.6,84,0,392,0,OK,,,,,
2026-04-30 5:33:25,8.6,84,0,392,0,OK,,,,,
2026-04-30 5:33:41,-40,0,0,0,0,OK,,,,,
2026-04-30 5:34:13,-40,0,0,0,0,OK,,,,,
2026-04-30 5:34:45,8.7,84,0,392,0,OK,,,,,
2026-04-30 5:35:01,8.7,84,0,392,0,OK,,,,,
2026-04-30 5:35:17,-40,0,0,0,0,OK,,,,,
2026-04-30 5:35:33,8.7,84,0,392,0,OK,,,,,
2026-04-30 5:35:49,8.6,244,17.9,408,0,OK,,,,,
2026-04-30 5:36:05,8.7,84,0,392,0,OK,,,,,
2026-04-30 5:36:21,8.6,84,0,392,0,OK,,,,,
2026-04-30 5:36:37,8.6,84,0,392,0,OK,,,,,
2026-04-30 5:36:53,8.6,84,0,392,0,OK,,,,,
2026-04-30 5:37:09,8.6,84,0,392,0,OK,,,,,
2026-04-30 5:37:25,8.6,84,0,392,0,OK,,,,,
2026-04-30 5:37:41,8.6,84,0,392,0,OK,,,,,
2026-04-30 5:37:57,-40,0,0,0,0,OK,,,,,
2026-04-30 5:38:13,8.5,84,0,392,0,OK,,,,,
2026-04-30 5:38:29,8.5,84,0,392,0,OK,,,,,
2026-04-30 5:39:33,8.5,84,0,392,0,OK,,,,,
2026-04-30 5:39:49,8.5,84,0,392,0,OK,,,,,
2026-04-30 5:40:05,8.5,84,0,392,0,OK,,,,,
2026-04-30 5:40:21,8.5,84,0,392,0,OK,,,,,
2026-04-30 5:40:53,8.6,84,0,392,0,OK,,,,,
2026-04-30 5:41:09,8.6,84,0,392,0,OK,,,,,
2026-04-30 5:41:25,8.7,84,0,392,0,OK,,,,,
2026-04-30 5:41:41,8.7,84,0,392,0,OK,,,,,
2026-04-30 5:41:57,8.7,84,0,392,0,OK,,,,,
2026-04-30 5:42:13,8.8,84,0,392,0,OK,,,,,
2026-04-30 5:42:29,8.8,84,0,392,0,OK,,,,,
2026-04-30 5:42:45,8.8,84,0,392,0,OK,,,,,
2026-04-30 5:43:01,-40,0,0,0,0,OK,,,,,
2026-04-30 5:43:17,8.8,83,0,392,0,OK,,,,,
2026-04-30 5:43:33,-40,0,0,0,0,OK,,,,,
2026-04-30 5:43:49,8.9,83,0,392,0,OK,,,,,
2026-04-30 5:44:05,9,84,0,392,0,OK,,,,,
2026-04-30 5:44:21,-40,0,0,0,0,OK,,,,,
2026-04-30 5:44:37,9.1,83,0,392,0,OK,,,,,
2026-04-30 5:44:53,-40,0,0,0,0,OK,,,,,
2026-04-30 5:45:09,9.2,82,0,392,0,OK,,,,,
2026-04-30 5:45:25,-40,0,0,0,0,OK,,,,,
2026-04-30 5:45:41,9.3,82,0,392,0,OK,,,,,
2026-04-30 5:45:57,-40,0,0,0,0,OK,,,,,
2026-04-30 5:46:13,-40,0,0,0,0,OK,,,,,
2026-04-30 5:46:45,-40,0,0,0,0,OK,,,,,
2026-04-30 5:47:17,9.2,82,0,392,46.2,OK,,,,,
2026-04-30 5:47:33,-40,0,0,0,0,OK,,,,,
2026-04-30 5:48:37,-40,0,0,0,0,OK,,,,,
2026-04-30 5:48:53,9.2,81,0,392,152.6,OK,,,,,
2026-04-30 5:49:25,9.1,81,0,392,194.2,OK,,,,,
2026-04-30 5:49:41,-40,0,0,0,0,OK,,,,,
2026-04-30 5:49:57,9.1,82,0,392,231.2,OK,,,,,
2026-04-30 5:50:13,9.1,82,0,8072,249.7,OK,,,,,
2026-04-30 5:50:45,9.1,82,0,392,291.3,OK,,,,,
2026-04-30 5:51:01,9.2,82,0,392,305.2,OK,,,,,
2026-04-30 5:51:17,9.1,82,0,392,323.7,OK,,,,,
2026-04-30 5:51:33,9.1,82,0,392,342.2,OK,,,,,
2026-04-30 5:51:49,9.1,82,0,392,360.7,OK,,,,,
2026-04-30 5:52:05,9.1,82,0,392,379.2,OK,,,,,
2026-04-30 5:52:21,9.1,82,0,392,397.7,OK,,,,,
2026-04-30 5:52:37,9.1,82,0,392,416.2,OK,,,,,
2026-04-30 5:52:53,9,82,0,392,434.7,OK,,,,,
2026-04-30 5:53:09,-40,0,0,0,0,OK,,,,,
2026-04-30 5:53:25,9,82,0,392,471.7,OK,,,,,
2026-04-30 5:53:41,9,83,0,392,490.2,OK,,,,,
2026-04-30 5:53:57,9,82,0,392,508.7,OK,,,,,
2026-04-30 5:54:13,-40,0,0,0,0,OK,,,,,
2026-04-30 5:54:29,9,83,0,392,545.7,OK,,,,,
2026-04-30 5:54:45,9,83,0,392,564.2,OK,,,,,
2026-04-30 5:55:01,9,83,0,392,587.3,OK,,,,,
2026-04-30 5:55:17,9,83,0,392,610.5,OK,,,,,
2026-04-30 5:56:21,8.9,83,0,392,624.3,OK,,,,,
2026-04-30 5:56:37,8.9,83,0,392,641,OK,,,,,
2026-04-30 5:56:53,8.9,83,0,392,661.8,OK,,,,,
2026-04-30 5:57:09,-40,0,0,0,0,OK,,,,,
2026-04-30 5:57:25,8.9,83,0,392,699.3,OK,,,,,
2026-04-30 5:57:41,8.9,83,0,392,720.1,OK,,,,,
2026-04-30 5:58:13,8.9,83,0,392,761.7,OK,,,,,
2026-04-30 5:58:29,8.9,83,0,392,782.5,OK,,,,,
2026-04-30 5:59:01,8.9,83,0,392,820,OK,,,,,
2026-04-30 5:59:17,9,83,0,392,844.9,OK,,,,,
2026-04-30 5:59:33,9,83,0,392,861.6,OK,,,,,
2026-04-30 5:59:49,9.1,83,0,392,882.4,OK,,,,,
2026-04-30 6:00:05,9.1,83,0,392,903.2,OK,,,,,
2026-04-30 6:00:21,9.2,83,0,392,928.2,OK,,,,,
2026-04-30 6:00:37,9.1,83,0,392,953.2,OK,,,,,
2026-04-30 6:00:53,9.1,83,0,392,978.1,OK,,,,,
2026-04-30 6:01:09,9.2,83,0,392,1003.1,OK,,,,,
2026-04-30 6:01:25,9.2,83,0,392,1023.9,OK,,,,,
2026-04-30 6:01:41,9.2,83,0,392,839909.7,OK,,,,,
2026-04-30 6:01:57,9.3,83,0,392,1073.9,OK,,,,,
2026-04-30 6:02:13,9.3,82,0,392,1098.9,OK,,,,,
2026-04-30 6:02:29,-40,0,0,0,0,OK,,,,,
2026-04-30 6:02:45,-40,0,0,0,0,OK,,,,,
2026-04-30 6:03:01,-40,0,0,0,0,OK,,,,,
2026-04-30 6:03:17,9.3,82,0,392,1207.1,OK,,,,,
2026-04-30 6:03:33,9.3,82,0,392,1236.2,OK,,,,,
2026-04-30 6:03:49,9.3,82,0,392,1265.4,OK,,,,,
2026-04-30 6:04:05,9.3,82,0,392,1298.7,OK,,,,,
2026-04-30 6:04:21,9.3,82,0,392,1327.8,OK,,,,,
2026-04-30 6:04:37,-40,0,0,0,0,OK,,,,,
2026-04-30 6:04:53,-40,0,0,0,0,OK,,,,,
2026-04-30 6:05:09,-40,0,0,0,0,OK,,,,,
2026-04-30 6:05:25,-40,0,0,0,0,OK,,,,,
2026-04-30 6:05:41,9.3,82,0,392,1494.3,OK,,,,,
2026-04-30 6:05:57,-40,0,0,0,0,OK,,,,,
2026-04-30 6:06:13,9.3,82,0,392,1569.2,OK,,,,,
2026-04-30 6:06:29,-40,0,0,0,0,OK,,,,,
2026-04-30 6:06:45,-40,0,0,0,0,OK,,,,,
2026-04-30 6:07:01,9.3,82,0,392,1685.8,OK,,,,,
2026-04-30 6:07:17,9.4,82,0,392,1723.2,OK,,,,,
2026-04-30 6:07:33,9.4,82,0,392,1760.7,OK,,,,,
2026-04-30 6:07:49,9.3,82,0,392,1798.2,OK,,,,,
2026-04-30 6:08:05,9.3,82,0,392,1631.7,OK,,,,,
2026-04-30 6:08:21,9.3,82,0,392,1668.7,OK,,,,,
2026-04-30 6:08:37,9.3,82,0,392,1705.7,OK,,,,,
2026-04-30 6:08:53,9.2,82,0,392,1746.4,OK,,,,,
2026-04-30 6:09:09,9.2,82,0,392,2046.1,OK,,,,,
2026-04-30 6:09:25,9.2,82,0,392,2074,OK,,,,,
2026-04-30 6:09:41,9.2,82,0,392,2114.7,OK,,,,,
2026-04-30 6:09:57,9.2,82,0,392,2159.1,OK,,,,,
2026-04-30 6:10:13,9.2,242,0,392,2203.5,OK,,,,,
2026-04-30 6:10:29,9.2,82,0,392,2247.9,OK,,,,,
2026-04-30 6:10:45,9.2,82,0,392,2292.3,OK,,,,,
2026-04-30 6:11:01,9.2,82,0,392,2336.7,OK,,,,,
2026-04-30 6:11:17,9.2,82,0,392,2381.1,OK,,,,,
2026-04-30 6:11:33,9.2,82,0,392,2421.8,OK,,,,,
2026-04-30 6:11:49,9.2,82,0,392,2462.5,OK,,,,,
2026-04-30 6:12:05,9.2,82,0,392,2506.9,OK,,,,,
2026-04-30 6:12:21,9.2,82,0,392,2547.6,OK,,,,,
2026-04-30 6:12:37,9.2,82,0,392,2584.6,OK,,,,,
2026-04-30 6:12:53,9.2,82,0,392,2621.6,OK,,,,,
2026-04-30 6:13:09,9.1,82,0,392,2662.3,OK,,,,,
2026-04-30 6:13:25,9.1,83,0,392,2691.9,OK,,,,,
2026-04-30 6:13:41,9.1,83,0,392,2725.2,OK,,,,,
2026-04-30 6:13:57,9.1,83,0,392,2777.1,OK,,,,,
2026-04-30 6:14:13,-40,0,0,0,0,OK,,,,,
2026-04-30 6:14:45,9.2,83,0,392,2869.5,OK,,,,,
2026-04-30 6:15:01,9.2,83,0,392,2906.5,OK,,,,,
2026-04-30 6:15:17,9.3,83,0,392,2939.8,OK,,,,,
2026-04-30 6:15:49,9.3,82,0,392,3010.1,OK,,,,,
2026-04-30 6:16:05,9.3,82,0,392,3043.4,OK,,,,,
2026-04-30 6:16:21,9.4,83,0,392,6533.4,OK,,,,,
2026-04-30 6:16:37,9.5,83,0,392,3113.7,OK,,,,,
2026-04-30 6:16:53,9.6,82,0,392,3150.7,OK,,,,,
2026-04-30 6:17:09,9.6,82,0,392,3184,OK,,,,,
2026-04-30 6:17:25,-40,0,0,0,0,OK,,,,,
2026-04-30 6:17:41,9.6,81,0,392,3254.3,OK,,,,,
2026-04-30 6:18:13,9.6,81,0,392,3324.6,OK,,,,,
2026-04-30 6:18:29,9.6,81,0,392,3361.6,OK,,,,,
2026-04-30 6:18:45,9.7,81,0,392,3398.6,OK,,,,,
2026-04-30 6:19:01,9.6,81,0,392,3431.9,OK,,,,,
2026-04-30 6:19:17,-40,0,0,0,0,OK,,,,,
2026-04-30 6:19:33,9.6,81,0,392,3505.9,OK,,,,,
2026-04-30 6:19:49,9.6,81,0,392,3539.2,OK,,,,,
2026-04-30 6:20:05,9.6,81,0,392,3572.5,OK,,,,,
2026-04-30 6:20:37,-40,0,0,0,0,OK,,,,,
2026-04-30 6:20:53,9.6,81,0,392,3687.2,OK,,,,,
2026-04-30 6:21:09,-40,0,0,0,0,OK,,,,,
2026-04-30 6:21:25,9.6,82,0,392,3757.5,OK,,,,,
2026-04-30 6:21:41,9.6,81,0,392,3794.5,OK,,,,,
2026-04-30 6:21:57,9.6,81,0,392,3831.5,OK,,,,,
2026-04-30 6:22:13,-40,0,0,0,0,OK,,,,,
2026-04-30 6:22:29,9.6,81,0,392,3901.8,OK,,,,,
2026-04-30 6:22:45,9.6,81,0,392,3992.7,OK,,,,,
2026-04-30 6:23:01,9.6,81,0,392,3975.8,OK,,,,,
2026-04-30 6:23:17,-40,0,0,0,0,OK,,,,,
2026-04-30 6:23:33,-40,0,0,0,0,OK,,,,,
2026-04-30 6:23:49,9.7,81,0,392,4079.4,OK,,,,,
2026-04-30 6:24:05,9.7,81,0,392,4116.4,OK,,,,,
2026-04-30 6:24:21,9.6,81,0,392,6508.6,OK,,,,,
2026-04-30 6:24:53,9.7,81,0,392,4220,OK,,,,,
2026-04-30 6:25:09,9.7,81,0,392,4260.7,OK,,,,,
2026-04-30 6:25:25,9.7,81,0,392,4294,OK,,,,,
2026-04-30 6:25:41,9.7,81,0,392,635161.4,OK,,,,,
2026-04-30 6:25:57,9.7,81,0,392,4371.7,OK,,,,,
2026-04-30 6:26:13,9.7,81,0,392,4408.7,OK,,,,,
2026-04-30 6:26:29,9.7,81,0,392,4445.7,OK,,,,,
2026-04-30 6:26:45,9.7,81,0,392,4482.7,OK,,,,,
2026-04-30 6:27:01,-40,0,0,0,0,OK,,,,,
2026-04-30 6:27:17,9.6,81,0,392,4556.7,OK,,,,,
2026-04-30 6:27:33,9.6,81,0,392,4597.4,OK,,,,,
2026-04-30 6:27:49,-40,0,0,0,0,OK,,,,,
2026-04-30 6:28:05,9.6,81,0,392,4675.1,OK,,,,,
2026-04-30 6:28:21,9.6,82,0,392,4715.8,OK,,,,,
2026-04-30 6:28:37,9.6,82,0,392,4756.5,OK,,,,,
2026-04-30 6:28:53,9.6,82,0,392,4793.5,OK,,,,,
2026-04-30 6:29:09,9.6,82,0,392,4834.2,OK,,,,,
2026-04-30 6:29:25,9.6,82,0,392,4874.9,OK,,,,,
2026-04-30 6:29:41,-40,0,0,0,0,OK,,,,,
2026-04-30 6:29:57,9.6,82,0,392,4952.6,OK,,,,,
2026-04-30 6:30:13,-40,0,0,0,0,OK,,,,,
2026-04-30 6:30:29,9.6,82,0,392,5034,OK,,,,,
2026-04-30 6:30:45,9.7,82,0,392,5071,OK,,,,,
2026-04-30 6:31:01,9.6,82,0,392,5115.4,OK,,,,,
2026-04-30 6:31:17,9.7,82,0,392,5152.4,OK,,,,,
2026-04-30 6:31:33,-40,0,0,0,0,OK,,,,,
2026-04-30 6:31:49,9.7,82,0,392,5235,OK,,,,,
2026-04-30 6:32:05,9.7,81,0,392,5274.5,OK,,,,,
2026-04-30 6:32:21,9.7,81,0,392,5311.5,OK,,,,,
2026-04-30 6:32:37,-40,0,0,0,0,OK,,,,,
2026-04-30 6:32:53,9.8,81,0,392,5392.9,OK,,,,,
2026-04-30 6:33:09,-40,0,0,0,0,OK,,,,,
2026-04-30 6:33:25,-40,0,0,0,0,OK,,,,,
2026-04-30 6:33:41,9.8,81,0,392,5515,OK,,,,,
2026-04-30 6:33:57,-40,0,0,0,0,OK,,,,,
2026-04-30 6:34:13,-40,0,0,0,0,OK,,,,,
2026-04-30 6:34:29,-40,0,0,0,0,OK,,,,,
2026-04-30 6:34:45,9.9,80,0,392,5677.8,OK,,,,,
2026-04-30 6:35:01,9.9,80,0,392,5718.5,OK,,,,,
2026-04-30 6:35:17,9.9,80,0,392,5759.2,OK,,,,,
2026-04-30 6:35:33,9.9,80,0,392,5799.9,OK,,,,,
2026-04-30 6:35:49,9.9,80,0,392,5833.2,OK,,,,,
2026-04-30 6:36:05,-40,0,0,0,0,OK,,,,,
2026-04-30 6:36:21,9.9,80,0,392,5907.2,OK,,,,,
2026-04-30 6:36:37,-40,0,0,0,0,OK,,,,,
2026-04-30 6:36:53,-40,0,0,0,0,OK,,,,,
2026-04-30 6:37:09,10,80,0,392,6018.2,OK,,,,,
2026-04-30 6:37:25,10,80,0,392,6051.5,OK,,,,,
2026-04-30 6:37:41,-40,0,0,0,0,OK,,,,,
2026-04-30 6:37:57,10,80,0,392,6129.2,OK,,,,,
2026-04-30 6:38:13,10,80,0,392,6162.5,OK,,,,,
2026-04-30 6:38:29,10,80,0,392,6195.8,OK,,,,,
2026-04-30 6:38:45,10.1,80,0,392,6232.8,OK,,,,,
2026-04-30 6:39:01,-40,0,0,0,0,OK,,,,,
2026-04-30 6:39:17,10.1,80,0,392,6299.4,OK,,,,,
2026-04-30 6:39:33,-40,0,0,0,0,OK,,,,,
2026-04-30 6:39:49,10.1,80,0,392,6366,OK,,,,,
2026-04-30 6:40:05,10.1,80,0,392,6399.3,OK,,,,,
2026-04-30 6:40:21,10.2,80,0,392,6432.6,OK,,,,,
2026-04-30 6:40:37,10.2,80,0,392,6462.2,OK,,,,,
2026-04-30 6:40:53,11.1,80,0,392,6502.3,OK,,,,,
2026-04-30 6:41:09,10.2,80,0,392,6525.1,OK,,,,,
2026-04-30 6:41:25,-40,0,0,0,0,OK,,,,,
2026-04-30 6:41:41,10.2,80,0,392,6584.3,OK,,,,,
2026-04-30 6:41:57,-40,0,0,0,0,OK,,,,,
2026-04-30 6:42:13,-40,0,0,0,0,OK,,,,,
2026-04-30 6:42:29,10.3,80,0,392,6684.2,OK,,,,,
2026-04-30 6:42:45,-15.3,80,35.8,440,6726.6,OK,,,,,
2026-04-30 6:43:01,10.3,80,0,392,6747.1,OK,,,,,
2026-04-30 6:43:17,10.3,80,0,392,6784.1,OK,,,,,
2026-04-30 6:43:33,-40,0,0,0,0,OK,,,,,
2026-04-30 6:43:49,10.3,80,0,392,6847,OK,,,,,
2026-04-30 6:44:05,-40,0,0,0,0,OK,,,,,
2026-04-30 6:44:21,-40,0,0,0,0,OK,,,,,
2026-04-30 6:44:37,-40,0,0,0,0,OK,,,,,
2026-04-30 6:44:53,10.3,80,0,392,6987.6,OK,,,,,
2026-04-30 6:45:09,10.3,80,0,392,7020.9,OK,,,,,
2026-04-30 6:45:41,10.3,80,0,392,7091.2,OK,,,,,
2026-04-30 6:45:57,10.4,80,0,392,7124.5,OK,,,,,
2026-04-30 6:46:13,10.4,80,0,392,7154.1,OK,,,,,
2026-04-30 6:46:29,10.4,80,0,392,7191.1,OK,,,,,
2026-04-30 6:46:45,10.4,80,0,392,7224.4,OK,,,,,
2026-04-30 6:47:01,-40,0,0,0,0,OK,,,,,
2026-04-30 6:47:17,-40,0,0,0,0,OK,,,,,
2026-04-30 6:47:33,10.5,168,0,32648,7313.2,OK,,,,,
2026-04-30 6:47:49,10.5,80,0,392,7346.5,OK,,,,,
2026-04-30 6:48:05,-40,0,0,0,0,OK,,,,,
2026-04-30 6:48:21,10.5,79,0,392,7398.3,OK,,,,,
2026-04-30 6:48:37,10.5,80,0,392,7427.9,OK,,,,,
2026-04-30 6:48:53,10.5,79,0,392,7457.5,OK,,,,,
2026-04-30 6:49:09,-40,0,0,0,0,OK,,,,,
2026-04-30 6:49:25,10.6,80,0,392,7509.3,OK,,,,,
2026-04-30 6:49:41,10.6,80,0,392,7535.2,OK,,,,,
2026-04-30 6:49:57,-40,0,0,0,0,OK,,,,,
2026-04-30 6:50:13,10.6,79,0,392,7587,OK,,,,,
2026-04-30 6:50:29,10.6,79,0,392,7612.9,OK,,,,,
2026-04-30 6:50:45,10.6,79,0,392,7638.8,OK,,,,,
2026-04-30 6:51:01,10.6,79,0,392,7664.7,OK,,,,,
2026-04-30 6:51:17,-40,0,0,0,0,OK,,,,,
2026-04-30 6:51:33,10.6,79,0,392,10375.2,OK,,,,,
2026-04-30 6:51:49,10.6,79,0,392,7735,OK,,,,,
2026-04-30 6:52:05,10.7,79,0,392,7757.2,OK,,,,,
2026-04-30 6:52:21,10.7,79,0,392,7783.1,OK,,,,,
2026-04-30 6:52:37,10.7,79,0,392,7805.3,OK,,,,,
2026-04-30 6:52:53,-40,0,0,0,0,OK,,,,,
2026-04-30 6:53:09,10.7,79,0,392,7857.1,OK,,,,,
2026-04-30 6:53:25,-40,0,0,0,0,OK,,,,,
2026-04-30 6:53:41,10.7,79,0,392,7908.9,OK,,,,,
2026-04-30 6:53:57,10.7,79,0,392,7934.8,OK,,,,,
2026-04-30 6:54:13,10.7,79,0,392,7960.7,OK,,,,,
2026-04-30 6:54:29,10.7,79,0,392,7986.6,OK,,,,,
2026-04-30 6:54:45,-40,0,0,0,0,OK,,,,,
2026-04-30 6:55:01,10.7,79,0,392,8037.9,OK,,,,,
2026-04-30 6:55:17,-40,0,0,0,0,OK,,,,,
2026-04-30 6:55:33,10.7,79,0,392,8090.2,OK,,,,,
2026-04-30 6:55:49,10.8,79,0,392,582007.8,OK,,,,,
2026-04-30 6:56:05,10.8,79,0,504,8154.2,OK,,,,,
2026-04-30 6:56:21,10.8,79,0,392,8171.6,OK,,,,,
2026-04-30 6:56:37,-40,0,0,0,0,OK,,,,,
2026-04-30 6:56:53,10.8,79,0,392,8230.8,OK,,,,,
2026-04-30 6:57:09,10.8,79,0,392,8256.7,OK,,,,,
2026-04-30 6:57:25,10.8,79,0,392,8282.6,OK,,,,,
2026-04-30 6:57:41,-40,0,0,0,0,OK,,,,,
2026-04-30 6:57:57,10.9,79,0,392,8334.4,OK,,,,,
2026-04-30 6:58:13,-40,0,0,0,0,OK,,,,,
2026-04-30 6:58:29,-14.7,79,35.8,440,632126.6,OK,,,,,
2026-04-30 6:58:45,10.9,79,0,392,8389.9,OK,,,,,
2026-04-30 6:59:01,10.9,79,0,392,8412.1,OK,,,,,
2026-04-30 6:59:17,-40,0,0,0,0,OK,,,,,
2026-04-30 6:59:33,-40,0,0,0,0,OK,,,,,
2026-04-30 6:59:49,-40,0,0,0,0,OK,,,,,
2026-04-30 7:00:05,11,78,0,392,8534.2,OK,,,,,
2026-04-30 7:00:21,-40,0,0,0,0,OK,,,,,
2026-04-30 7:00:37,11,78,0,392,8582.3,OK,,,,,
2026-04-30 7:00:53,11.1,78,0,392,8611.9,OK,,,,,
2026-04-30 7:01:09,-40,0,0,0,0,OK,,,,,
2026-04-30 7:01:25,11.1,78,0,392,9490.3,OK,,,,,
2026-04-30 7:01:41,11.1,78,0,392,8700.7,OK,,,,,
2026-04-30 7:01:57,11.1,78,0,392,8730.3,OK,,,,,
2026-04-30 7:02:45,11.1,78,0,392,8819.1,OK,,,,,
2026-04-30 7:03:01,-40,0,0,0,0,OK,,,,,
2026-04-30 7:03:17,11.1,78,0,392,48203.6,OK,,,,,
2026-04-30 7:03:33,11.1,78,0,392,8911.6,OK,,,,,
2026-04-30 7:03:49,11.1,78,0,392,8944.9,OK,,,,,
2026-04-30 7:04:05,-40,0,0,0,0,OK,,,,,
2026-04-30 7:04:21,-40,0,0,0,0,OK,,,,,
2026-04-30 7:04:37,11.1,78,0,392,9041.5,OK,,,,,
2026-04-30 7:04:53,-40,0,0,0,0,OK,,,,,
2026-04-30 7:05:09,-40,0,0,0,0,OK,,,,,
2026-04-30 7:05:25,11.2,78,0,392,9133.6,OK,,,,,
2026-04-30 7:05:41,11.2,77,0,392,9170.6,OK,,,,,
2026-04-30 7:05:57,-40,0,0,0,0,OK,,,,,
2026-04-30 7:06:13,11.3,77,0,392,9233.5,OK,,,,,
2026-04-30 7:06:29,-40,0,0,0,0,OK,,,,,
2026-04-30 7:06:45,-40,0,0,0,0,OK,,,,,
2026-04-30 7:07:01,11.3,77,0,392,9329.7,OK,,,,,
2026-04-30 7:07:17,-40,0,0,0,0,OK,,,,,
2026-04-30 7:07:33,11.4,77,0,392,9388.9,OK,,,,,
2026-04-30 7:07:49,-40,0,0,0,0,OK,,,,,
2026-04-30 7:08:05,11.3,77,0,392,12197.4,OK,,,,,
2026-04-30 7:08:21,11.3,78,0,392,9481.4,OK,,,,,
2026-04-30 7:08:37,-40,0,0,0,0,OK,,,,,
2026-04-30 7:08:53,-40,0,0,0,0,OK,,,,,
2026-04-30 7:09:09,11.3,78,0,392,9566.5,OK,,,,,
2026-04-30 7:09:25,11.4,77,0,392,9592.4,OK,,,,,
2026-04-30 7:09:41,11.4,77,0,392,9622,OK,,,,,
2026-04-30 7:09:57,11.4,77,0,392,9662.7,OK,,,,,
2026-04-30 7:10:13,11.5,77,0,392,9673.8,OK,,,,,
2026-04-30 7:10:29,11.5,77,0,392,9699.7,OK,,,,,
2026-04-30 7:10:45,-40,0,0,0,0,OK,,,,,
2026-04-30 7:11:01,11.5,76,0,392,9755.2,OK,,,,,
2026-04-30 7:11:17,11.5,77,0,392,9792.2,OK,,,,,
2026-04-30 7:11:33,-40,0,0,0,0,OK,,,,,
2026-04-30 7:11:49,-40,0,0,0,0,OK,,,,,
2026-04-30 7:12:05,11.5,76,0,392,9869.9,OK,,,,,
2026-04-30 7:12:21,11.5,76,0,392,9892.1,OK,,,,,
2026-04-30 7:12:37,-40,0,0,0,0,OK,,,,,
2026-04-30 7:12:53,11.6,76,0,392,10011.6,OK,,,,,
2026-04-30 7:13:09,-40,0,0,0,0,OK,,,,,
2026-04-30 7:13:25,-40,0,0,0,0,OK,,,,,
2026-04-30 7:13:41,11.7,76,0,408,10066.7,OK,,,,,
2026-04-30 7:15:01,-40,0,0,0,0,OK,,,,,
2026-04-30 7:15:17,11.7,75,0,392,10182.7,OK,,,,,
2026-04-30 7:15:49,11.7,75,0,392,10214.6,OK,,,,,
2026-04-30 7:16:05,11.7,75,0,392,10234.9,OK,,,,,
2026-04-30 7:16:21,11.7,75,0,392,10261,OK,,,,,
2026-04-30 7:16:37,11.8,75,0,392,10281.3,OK,,,,,
2026-04-30 7:16:53,11.8,75,0,392,10301.6,OK,,,,,
2026-04-30 7:17:09,-40,0,0,0,0,OK,,,,,
2026-04-30 7:17:25,-40,0,0,0,0,OK,,,,,
2026-04-30 7:17:41,-40,0,0,0,0,OK,,,,,
2026-04-30 7:17:57,11.8,75,0,392,10382.8,OK,,,,,
2026-04-30 7:18:13,11.8,75,0,392,10391.5,OK,,,,,
2026-04-30 7:18:29,-40,0,0,0,0,OK,,,,,
2026-04-30 7:19:01,11.9,75,0,392,10464,OK,,,,,
2026-04-30 7:19:17,11.9,75,0,392,10484.3,OK,,,,,
2026-04-30 7:19:33,-40,0,0,0,0,OK,,,,,
2026-04-30 7:19:49,-40,0,0,0,0,OK,,,,,
2026-04-30 7:20:05,11.9,75,0,392,10565.5,OK,,,,,
2026-04-30 7:20:21,11.9,75,0,392,10597.4,OK,,,,,
2026-04-30 7:20:53,-13.6,75,107.5,392,11194.8,OK,,,,,
2026-04-30 7:21:09,11.9,75,0,392,11972,OK,,,,,
2026-04-30 7:21:25,-40,0,0,0,0,OK,,,,,
2026-04-30 7:21:41,12,75,0,392,13929.5,OK,,,,,
2026-04-30 7:21:57,12,75,0,392,14996.7,OK,,,,,
2026-04-30 7:22:13,-40,0,0,0,0,OK,,,,,
2026-04-30 7:22:29,-40,0,0,0,0,OK,,,,,
2026-04-30 7:22:45,-40,0,0,0,0,OK,,,,,
2026-04-30 7:23:01,12,75,0,392,17261.6,OK,,,,,
2026-04-30 7:23:17,12,75,0,392,17252.9,OK,,,,,
2026-04-30 7:23:33,12,75,0,392,17368.9,OK,,,,,
2026-04-30 7:23:49,-40,0,0,0,0,OK,,,,,
2026-04-30 7:24:21,12.3,74,0,392,17612.5,OK,,,,,
2026-04-30 7:24:37,12.4,74,0,392,17658.9,OK,,,,,
2026-04-30 7:25:09,12.4,73,0,392,17795.2,OK,,,,,
2026-04-30 7:25:25,12.4,73,0,392,19660.7,OK,,,,,
2026-04-30 7:25:41,-40,0,0,0,0,OK,,,,,
2026-04-30 7:25:57,12.4,73,0,392,17957.6,OK,,,,,
2026-04-30 7:26:29,12.5,73,0,392,18102.6,OK,,,,,
2026-04-30 7:26:45,-40,0,0,0,0,OK,,,,,
2026-04-30 7:27:01,12.6,72,0,392,18195.4,OK,,,,,
2026-04-30 7:27:33,12.7,72,0,392,18383.9,OK,,,,,
2026-04-30 7:27:49,12.7,72,0,392,18491.2,OK,,,,,
2026-04-30 7:28:05,12.7,72,0,392,18581.1,OK,,,,,
2026-04-30 7:28:37,-40,0,0,0,0,OK,,,,,
2026-04-30 7:28:53,13,71,0,392,18900.1,OK,,,,,
2026-04-30 7:29:09,13,71,0,392,18987.1,OK,,,,,
2026-04-30 7:29:25,-40,0,0,0,0,OK,,,,,
2026-04-30 7:29:41,-40,0,0,0,0,OK,,,,,
2026-04-30 7:29:57,13.1,71,0,392,19641,OK,,,,,
2026-04-30 7:30:13,13.2,71,17.9,408,19323.5,OK,,,,,
2026-04-30 7:30:29,13.2,70,0,392,19462.7,OK,,,,,
2026-04-30 7:30:45,-40,0,0,0,0,OK,,,,,
2026-04-30 7:31:01,-40,0,0,0,0,OK,,,,,
2026-04-30 7:31:17,-40,0,0,0,0,OK,,,,,
2026-04-30 7:31:33,36,68,0,392,635305.3,OK,,,,,
2026-04-30 7:31:49,13.7,68,0,392,19868.7,OK,,,,,
2026-04-30 7:32:05,13.8,68,0,392,19964.4,OK,,,,,
2026-04-30 7:32:21,-40,0,0,0,0,OK,,,,,
2026-04-30 7:32:37,14,67,0,392,1673647.6,OK,,,,,
2026-04-30 7:32:53,-40,0,0,0,0,OK,,,,,
2026-04-30 7:33:09,-40,0,0,0,0,OK,,,,,
2026-04-30 7:34:13,14,66,0,392,20472.7,OK,,,,,
2026-04-30 7:34:29,14,66,0,392,20512.5,OK,,,,,
2026-04-30 7:34:45,-40,0,0,0,0,OK,,,,,
2026-04-30 7:35:17,13.9,67,0,392,20761.9,OK,,,,,
2026-04-30 7:35:33,-40,0,0,0,0,OK,,,,,
2026-04-30 7:35:49,14,66,0,392,20924.9,OK,,,,,
2026-04-30 7:36:05,-40,0,0,0,0,OK,,,,,
2026-04-30 7:36:21,14.1,65,0,392,21112.8,OK,,,,,
2026-04-30 7:36:37,14.1,65,0,392,21189.8,OK,,,,,
2026-04-30 7:37:09,14.1,65,0,392,21327.4,OK,,,,,
2026-04-30 7:37:25,-40,0,0,0,0,OK,,,,,
2026-04-30 7:37:41,116.7,64,0,8072,834144.9,OK,,,,,
2026-04-30 7:37:57,-40,0,0,0,0,OK,,,,,
2026-04-30 7:38:13,14.2,79,0,904,834287,OK,,,,,
2026-04-30 7:38:29,14.2,65,0,392,21727.6,OK,,,,,
2026-04-30 7:38:45,-40,0,0,0,0,OK,,,,,
2026-04-30 7:39:01,-40,0,0,0,0,OK,,,,,
2026-04-30 7:39:17,-40,0,0,0,0,OK,,,,,
2026-04-30 7:39:33,-40,0,0,0,0,OK,,,,,
2026-04-30 7:39:49,14.3,64,0,1928,22015.9,OK,,,,,
2026-04-30 7:40:05,17.5,64,0,392,22118.3,OK,,,,,
2026-04-30 7:40:21,-40,0,0,0,0,OK,,,,,
2026-04-30 7:41:25,-40,0,0,0,0,OK,,,,,
2026-04-30 7:41:41,-40,0,0,0,0,OK,,,,,
2026-04-30 7:42:13,14,64,0,392,22809.3,OK,,,,,
2026-04-30 7:42:29,-40,0,0,0,0,OK,,,,,
2026-04-30 7:43:01,-40,0,0,0,0,OK,,,,,
2026-04-30 7:43:17,14.3,64,0,392,23099.3,OK,,,,,
2026-04-30 7:43:33,-40,0,0,0,0,OK,,,,,
2026-04-30 7:44:05,-40,0,0,0,0,OK,,,,,
2026-04-30 7:44:21,14.8,62,0,392,23470.5,OK,,,,,
2026-04-30 7:44:37,-40,0,0,0,0,OK,,,,,
2026-04-30 7:44:53,-40,0,0,0,0,OK,,,,,
2026-04-30 7:45:25,-40,0,0,0,0,OK,,,,,
2026-04-30 7:45:57,-40,0,0,0,0,OK,,,,,
2026-04-30 7:46:29,-40,0,0,0,0,OK,,,,,
2026-04-30 7:47:01,15,60,0,16264,24224.5,OK,,,,,
2026-04-30 7:47:17,-40,0,0,0,0,OK,,,,,
2026-04-30 7:47:33,-40,0,0,0,0,OK,,,,,
2026-04-30 7:47:49,14.8,61,0,392,26056.1,OK,,,,,
2026-04-30 7:48:21,-40,0,0,0,0,OK,,,,,
2026-04-30 7:48:37,-40,0,0,0,0,OK,,,,,
2026-04-30 7:49:09,-40,0,0,0,0,OK,,,,,
2026-04-30 7:49:25,15,60,0,392,1676343.6,OK,,,,,
2026-04-30 7:49:57,-40,0,0,0,0,OK,,,,,
2026-04-30 7:50:29,-40,0,0,0,0,OK,,,,,
2026-04-30 7:50:45,-40,0,0,0,0,OK,,,,,
2026-04-30 7:51:01,15.1,60,0,392,25442.5,OK,,,,,
2026-04-30 7:51:17,15.1,60,17.9,408,25497.6,OK,,,,,
2026-04-30 7:51:33,-40,0,0,0,0,OK,,,,,
2026-04-30 7:52:05,-40,0,0,0,0,OK,,,,,
2026-04-30 7:52:21,-40,0,0,0,0,OK,,,,,
2026-04-30 7:52:37,-40,0,0,0,0,OK,,,,,
2026-04-30 7:52:53,117.4,60,0,6204,1471263.5,OK,,,,,
2026-04-30 7:53:25,-40,0,0,0,0,OK,,,,,
2026-04-30 7:54:29,-40,0,0,0,0,OK,,,,,
2026-04-30 7:54:45,-40,0,0,0,0,OK,,,,,
2026-04-30 7:55:49,-40,0,0,0,0,OK,,,,,
2026-04-30 7:57:09,-40,0,0,0,0,OK,,,,,
2026-04-30 7:58:29,-40,0,0,0,0,OK,,,,,
2026-04-30 7:58:45,-40,0,0,0,0,OK,,,,,
2026-04-30 7:59:01,-40,0,0,0,0,OK,,,,,
2026-04-30 7:59:17,-40,0,0,0,0,OK,,,,,
2026-04-30 7:59:33,17.1,0,98.6,34818,211463.7,OK,,,,,
2026-04-30 7:59:49,15.5,59,0,904,27823,OK,,,,,
2026-04-30 8:00:37,-40,0,0,0,0,OK,,,,,
2026-04-30 8:01:09,-40,0,0,0,0,OK,,,,,
2026-04-30 8:02:29,-40,0,0,0,0,OK,,,,,
2026-04-30 8:02:45,-40,0,0,0,0,OK,,,,,
2026-04-30 8:03:49,-40,0,0,0,0,OK,,,,,
2026-04-30 8:04:05,-40,0,0,0,0,OK,,,,,
2026-04-30 8:04:53,-40,0,0,0,0,OK,,,,,
2026-04-30 8:05:09,-40,0,0,0,0,OK,,,,,
2026-04-30 8:05:25,16,57,0,392,30279.7,OK,,,,,
2026-04-30 8:05:57,16,57,0,392,1655888.6,OK,,,,,
2026-04-30 8:06:13,16.1,58,0,392,817140.9,OK,,,,,
2026-04-30 8:06:29,-40,0,0,0,0,OK,,,,,
2026-04-30 8:06:45,-40,0,0,0,0,OK,,,,,
2026-04-30 8:07:01,-40,0,0,0,0,OK,,,,,
2026-04-30 8:07:17,-40,0,0,0,0,OK,,,,,
2026-04-30 8:08:21,15.8,58,0,408,32170.5,OK,,,,,
2026-04-30 8:08:37,-40,0,0,0,0,OK,,,,,
2026-04-30 8:08:53,-40,0,0,0,0,OK,,,,,
2026-04-30 8:09:09,15.8,59,0,408,32684.7,OK,,,,,
2026-04-30 8:09:25,-40,0,0,0,0,OK,,,,,
2026-04-30 8:09:41,-40,0,0,0,0,OK,,,,,
2026-04-30 8:09:57,118.5,58,35.8,392,33005.7,OK,,,,,
2026-04-30 8:10:13,-40,0,0,0,0,OK,,,,,
2026-04-30 8:10:29,17.2,57,0,392,33330.5,OK,,,,,
2026-04-30 8:10:45,-40,0,0,0,0,OK,,,,,
2026-04-30 8:11:01,16.5,57,0,440,39231.3,OK,,,,,
2026-04-30 8:11:17,-40,0,0,0,0,OK,,,,,
2026-04-30 8:11:33,-40,0,0,0,0,OK,,,,,
2026-04-30 8:11:49,-40,0,0,0,0,OK,,,,,
2026-04-30 8:12:05,16.4,57,0,392,317632.6,OK,,,,,
2026-04-30 8:12:21,35.7,57,0,392,34684.8,OK,,,,,
2026-04-30 8:12:37,16.6,57,0,392,34818.2,OK,,,,,
2026-04-30 8:12:53,16.6,56,0,392,34974.8,OK,,,,,
2026-04-30 8:13:09,-40,0,0,0,0,OK,,,,,
2026-04-30 8:14:45,16.3,56,0,392,35459.1,OK,,,,,
2026-04-30 8:15:17,-40,0,0,0,0,OK,,,,,
2026-04-30 8:15:33,-40,0,0,0,0,OK,,,,,
2026-04-30 8:16:05,-40,0,0,0,0,OK,,,,,
2026-04-30 8:16:21,-40,0,0,0,0,OK,,,,,
2026-04-30 8:16:37,15.9,56,0,504,29644.6,OK,,,,,
2026-04-30 8:16:53,-40,0,0,0,0,OK,,,,,
2026-04-30 8:18:13,118,57,36,34818,262067.1,OK,,,,,
2026-04-30 8:18:29,-40,0,0,0,0,OK,,,,,
2026-04-30 8:18:45,17.5,254,0,392,33099.1,OK,,,,,
2026-04-30 8:19:17,-40,0,0,0,0,OK,,,,,
2026-04-30 8:19:33,-40,0,0,0,0,OK,,,,,
2026-04-30 8:20:21,15.5,59,0,392,32518.5,OK,,,,,
2026-04-30 8:20:37,-40,0,0,0,0,OK,,,,,
2026-04-30 8:20:53,-40,0,0,0,0,OK,,,,,
2026-04-30 8:21:41,15.9,57,0,511,738498.5,OK,,,,,
2026-04-30 8:22:13,-40,0,0,0,0,OK,,,,,
2026-04-30 8:22:45,15.6,58,0.8,392,35737.5,OK,,,,,
2026-04-30 8:23:01,-40,0,0,0,0,OK,,,,,
2026-04-30 8:25:41,-40,0,0,0,0,OK,,,,,
2026-04-30 8:25:57,-40,0,0,0,0,OK,,,,,
2026-04-30 8:26:13,-40,0,0,0,0,OK,,,,,
2026-04-30 8:26:45,-40,0,0,0,0,OK,,,,,
2026-04-30 8:28:05,-40,0,0,0,0,OK,,,,,
2026-04-30 8:28:21,-40,0,0,0,0,OK,,,,,
2026-04-30 8:28:53,-40,0,0,0,0,OK,,,,,
2026-04-30 8:29:09,-40,0,0,0,0,OK,,,,,
2026-04-30 8:29:25,-40,0,0,0,0,OK,,,,,
2026-04-30 8:29:41,-40,0,0,0,0,OK,,,,,
2026-04-30 8:29:57,-40,0,0,0,0,OK,,,,,
2026-04-30 8:30:13,-40,0,0,0,0,OK,,,,,
2026-04-30 8:30:45,-40,0,0,0,0,OK,,,,,
2026-04-30 8:31:17,-40,0,0,0,0,OK,,,,,
2026-04-30 8:31:33,-40,0,0,0,0,OK,,,,,
2026-04-30 8:32:05,-40,0,0,0,0,OK,,,,,
2026-04-30 8:33:09,-40,0,0,0,0,OK,,,,,
2026-04-30 8:33:25,-40,0,0,0,0,OK,,,,,
2026-04-30 8:33:41,-40,0,0,0,0,OK,,,,,
2026-04-30 8:33:57,-40,0,0,0,0,OK,,,,,
2026-04-30 8:34:13,-40,0,0,0,0,OK,,,,,
2026-04-30 8:34:29,-40,0,0,0,0,OK,,,,,
2026-04-30 8:35:17,-40,0,0,0,0,OK,,,,,
2026-04-30 8:35:49,-40,0,0,0,0,OK,,,,,
2026-04-30 8:36:05,118.7,246,17.9,408,35617.5,OK,,,,,
2026-04-30 8:37:09,-40,0,0,0,0,OK,,,,,
2026-04-30 8:37:25,-40,0,0,0,0,OK,,,,,
2026-04-30 8:37:41,-40,0,0,0,0,OK,,,,,
2026-04-30 8:37:57,-40,0,0,0,0,OK,,,,,
2026-04-30 8:38:13,-40,0,0,0,0,OK,,,,,
2026-04-30 8:38:45,-40,0,0,0,0,OK,,,,,
2026-04-30 8:39:01,-40,0,0,0,0,OK,,,,,
2026-04-30 8:39:17,-40,0,0,0,0,OK,,,,,
2026-04-30 8:39:33,-40,0,0,0,0,OK,,,,,
2026-04-30 8:40:21,-40,0,0,0,0,OK,,,,,
2026-04-30 8:40:37,-40,0,0,0,0,OK,,,,,
2026-04-30 8:41:09,-40,0,0,0,0,OK,,,,,
2026-04-30 8:41:25,-40,0,0,0,0,OK,,,,,
2026-04-30 8:41:41,-40,0,0,0,0,OK,,,,,
2026-04-30 8:41:57,-40,0,0,0,0,OK,,,,,
2026-04-30 8:42:29,15.9,56,0,392,189765.9,OK,,,,,
2026-04-30 8:42:45,-40,0,0,0,0,OK,,,,,
2026-04-30 8:43:01,16,56,0,504,577104.6,OK,,,,,
2026-04-30 8:43:17,-40,0,0,0,0,OK,,,,,
2026-04-30 8:43:33,-40,0,0,0,0,OK,,,,,
2026-04-30 8:43:49,-40,0,0,0,0,OK,,,,,
2026-04-30 8:44:05,-40,0,0,0,0,OK,,,,,
2026-04-30 8:44:21,16.3,115,13.4,408,34200.5,OK,,,,,
2026-04-30 8:44:53,-40,0,0,0,0,OK,,,,,
2026-04-30 8:45:09,-40,0,0,0,0,OK,,,,,
2026-04-30 8:45:25,-40,0,0,0,0,OK,,,,,
2026-04-30 8:45:41,-40,0,0,0,0,OK,,,,,
2026-04-30 8:45:57,-40,0,0,0,0,OK,,,,,
2026-04-30 8:46:13,-40,0,0,0,0,OK,,,,,
2026-04-30 8:46:29,-40,0,0,0,0,OK,,,,,
2026-04-30 8:46:45,-40,0,0,0,0,OK,,,,,
2026-04-30 8:47:01,-40,0,0,0,0,OK,,,,,
2026-04-30 8:47:17,-40,0,0,0,0,OK,,,,,
2026-04-30 8:47:33,-40,0,0,0,0,OK,,,,,
2026-04-30 8:47:49,-40,0,0,0,0,OK,,,,,
2026-04-30 8:48:05,-40,0,0,0,0,OK,,,,,
2026-04-30 8:48:21,-40,0,0,0,0,OK,,,,,
2026-04-30 8:48:37,-40,0,0,0,0,OK,,,,,
2026-04-30 8:48:53,-40,0,0,0,0,OK,,,,,
2026-04-30 8:49:09,-40,0,0,0,0,OK,,,,,
2026-04-30 8:49:57,-40,0,0,0,0,OK,,,,,
2026-04-30 8:50:13,36.3,56,0,392,39215.4,OK,,,,,
2026-04-30 8:50:29,-40,0,0,0,0,OK,,,,,
2026-04-30 8:50:45,-40,0,0,0,0,OK,,,,,
2026-04-30 8:51:01,-40,0,0,0,0,OK,,,,,
2026-04-30 8:51:17,-40,0,0,0,0,OK,,,,,
2026-04-30 8:51:33,-40,0,0,0,0,OK,,,,,
2026-04-30 8:51:49,16.8,248,0,392,40580.5,OK,,,,,
2026-04-30 8:52:05,16.9,56,0,392,45777.3,OK,,,,,
2026-04-30 8:53:09,16.9,57,0,1928,41433.5,OK,,,,,
2026-04-30 8:53:57,-40,0,0,0,0,OK,,,,,
2026-04-30 8:54:13,-40,0,0,0,0,OK,,,,,
2026-04-30 8:55:33,-40,0,0,0,0,OK,,,,,
2026-04-30 8:55:49,-40,0,0,0,0,OK,,,,,
2026-04-30 8:56:05,-40,0,0,0,0,OK,,,,,
2026-04-30 8:56:21,17,56,0,392,44547.7,OK,,,,,
2026-04-30 8:56:37,-40,0,0,0,0,OK,,,,,
2026-04-30 8:56:53,119.7,55,0,392,44820.3,OK,,,,,
2026-04-30 8:57:09,17.3,55,0.3,392,45013.5,OK,,,,,
2026-04-30 8:57:25,17.4,55,0,440,44918.9,OK,,,,,
2026-04-30 8:57:41,-40,0,0,0,0,OK,,,,,
2026-04-30 8:57:57,119.8,55,0,392,45113.2,OK,,,,,
2026-04-30 8:58:13,-40,0,0,0,0,OK,,,,,
2026-04-30 8:59:17,-40,0,0,0,0,OK,,,,,
2026-04-30 8:59:33,-40,0,0,0,0,OK,,,,,
2026-04-30 8:59:49,-40,0,0,0,0,OK,,,,,
2026-04-30 9:00:05,-40,0,0,0,0,OK,,,,,
2026-04-30 9:00:21,-40,0,0,0,0,OK,,,,,
2026-04-30 9:00:37,-1.7,55,36.3,392,45719.3,OK,,,,,
2026-04-30 9:00:53,17.6,55,0,392,45867.2,OK,,,,,
2026-04-30 9:02:13,17.4,56,0.1,392,46470.4,OK,,,,,
2026-04-30 9:03:17,17.6,55,0,408,48384.3,OK,,,,,
2026-04-30 9:03:49,17.8,55,0.3,3976,46957.6,OK,,,,,
2026-04-30 9:04:05,-40,0,0,0,0,OK,,,,,
2026-04-30 9:04:21,-40,0,0,0,0,OK,,,,,
2026-04-30 9:04:37,18,54,0,392,204435.4,OK,,,,,
2026-04-30 9:05:09,-40,0,0,0,0,OK,,,,,
2026-04-30 9:05:25,-40,0,0,0,0,OK,,,,,
2026-04-30 9:06:13,-40,0,0,0,0,OK,,,,,
2026-04-30 9:06:29,17.5,55,0,392,47821.8,OK,,,,,
2026-04-30 9:07:01,120.2,55,0,392,48310.8,OK,,,,,
2026-04-30 9:07:17,-40,0,0,0,0,OK,,,,,
2026-04-30 9:07:33,42.2,1,2.1,34820,1157471.8,OK,,,,,
2026-04-30 9:08:05,-40,0,0,0,0,OK,,,,,
2026-04-30 9:08:21,17.9,54,0,392,48451.1,OK,,,,,
2026-04-30 9:08:37,17.8,54,0.3,392,48562.8,OK,,,,,
2026-04-30 9:09:09,-40,0,0,0,0,OK,,,,,
2026-04-30 9:10:29,-40,0,0,0,0,OK,,,,,
2026-04-30 9:10:45,-40,0,0,0,0,OK,,,,,
2026-04-30 9:11:01,-40,0,0,0,0,OK,,,,,
2026-04-30 9:12:21,-40,0,0,0,0,OK,,,,,
2026-04-30 9:12:37,-40,0,0,0,0,OK,,,,,
2026-04-30 9:12:53,-40,0,0,0,0,OK,,,,,
2026-04-30 9:13:09,-40,0,0,0,0,OK,,,,,
2026-04-30 9:13:25,-40,0,0,0,0,OK,,,,,
2026-04-30 9:13:41,17.9,54,0,392,1674860.4,OK,,,,,
2026-04-30 9:14:45,-40,0,0,0,0,OK,,,,,
2026-04-30 9:15:01,-40,0,0,0,0,OK,,,,,
2026-04-30 9:15:17,-40,0,0,0,0,OK,,,,,
2026-04-30 9:15:33,-40,0,0,0,0,OK,,,,,
2026-04-30 9:15:49,-40,0,0,0,0,OK,,,,,
2026-04-30 9:16:05,-40,0,0,0,0,OK,,,,,
2026-04-30 9:16:21,-40,0,0,0,0,OK,,,,,
2026-04-30 9:16:37,-40,0,0,0,0,OK,,,,,
2026-04-30 9:16:53,-40,0,0,0,0,OK,,,,,
2026-04-30 9:17:09,-40,0,0,0,0,OK,,,,,
2026-04-30 9:17:25,-40,0,0,0,0,OK,,,,,
2026-04-30 9:17:41,31.9,205,0,392,52275.1,OK,,,,,
2026-04-30 9:17:57,-40,0,0,0,0,OK,,,,,
2026-04-30 9:18:13,-40,0,0,0,0,OK,,,,,
2026-04-30 9:18:29,18.1,53,0,392,158885.5,OK,,,,,
2026-04-30 9:18:45,-40,0,0,0,0,OK,,,,,
2026-04-30 9:19:01,-40,0,0,0,0,OK,,,,,
2026-04-30 9:19:17,-40,0,0,0,0,OK,,,,,
2026-04-30 9:19:33,-40,0,0,0,0,OK,,,,,
2026-04-30 9:19:49,-40,0,0,0,0,OK,,,,,
2026-04-30 9:20:05,18.4,52,17.9,392,51731,OK,,,,,
2026-04-30 9:20:21,-40,0,0,0,0,OK,,,,,
2026-04-30 9:20:37,31.3,52,0,392,51996.7,OK,,,,,
2026-04-30 9:20:53,18.5,60,0,392,52032.6,OK,,,,,
2026-04-30 9:21:09,-40,0,0,0,0,OK,,,,,
2026-04-30 9:21:25,-40,0,0,0,0,OK,,,,,
2026-04-30 9:21:41,-40,0,0,0,0,OK,,,,,
2026-04-30 9:21:57,-40,0,0,0,0,OK,,,,,
2026-04-30 9:22:13,18.3,52,0,392,52511.1,OK,,,,,
2026-04-30 9:22:29,-40,0,0,0,0,OK,,,,,
2026-04-30 9:22:45,-40,0,0,0,0,OK,,,,,
2026-04-30 9:23:01,-40,0,0,0,0,OK,,,,,
2026-04-30 9:23:17,45.2,101,71.7,392,160189.8,OK,,,,,
2026-04-30 9:23:33,18.2,53,0,392,53286.2,OK,,,,,
2026-04-30 9:23:49,-40,0,0,0,0,OK,,,,,
2026-04-30 9:24:05,-40,0,0,0,0,OK,,,,,
2026-04-30 9:24:21,-40,0,0,0,0,OK,,,,,
2026-04-30 9:24:37,18.2,53,0,392,53685.6,OK,,,,,
2026-04-30 9:24:53,18.2,52,0,392,57175.8,OK,,,,,
2026-04-30 9:25:09,18.4,52,0,392,1628251.1,OK,,,,,
2026-04-30 9:25:25,-40,0,0,0,0,OK,,,,,
2026-04-30 9:25:41,18.6,51,0,392,54051.6,OK,,,,,
2026-04-30 9:25:57,-40,0,0,0,0,OK,,,,,
2026-04-30 9:26:13,18.8,51,0,392,54132.2,OK,,,,,
2026-04-30 9:26:29,18.7,51,0.1,504,54807.1,OK,,,,,
2026-04-30 9:26:45,-40,0,0,0,0,OK,,,,,
2026-04-30 9:27:01,18.2,52,0.4,392,54338.1,OK,,,,,
2026-04-30 9:27:17,-40,0,0,0,0,OK,,,,,
2026-04-30 9:27:33,18.1,53,0,392,54471.5,OK,,,,,
2026-04-30 9:27:49,-40,0,0,0,0,OK,,,,,
2026-04-30 9:28:05,18.3,52,0,392,79393.3,OK,,,,,
2026-04-30 9:28:21,18.3,52,0,392,54372.9,OK,,,,,
2026-04-30 9:28:37,-40,0,0,0,0,OK,,,,,
2026-04-30 9:28:53,-40,0,0,0,0,OK,,,,,
2026-04-30 9:29:09,-40,0,0,0,0,OK,,,,,
2026-04-30 9:29:25,18.2,52,0,392,54578.8,OK,,,,,
2026-04-30 9:29:41,18.2,52,0,392,54822.4,OK,,,,,
2026-04-30 9:29:57,-40,0,0,0,0,OK,,,,,
2026-04-30 9:30:13,-40,0,0,0,0,OK,,,,,
2026-04-30 9:30:29,18.6,52,0,392,159999,OK,,,,,
2026-04-30 9:30:45,18.7,51,0,392,55121.1,OK,,,,,
2026-04-30 9:31:01,18.8,51,0,392,55283.5,OK,,,,,
2026-04-30 9:31:17,-40,0,0,0,0,OK,,,,,
2026-04-30 9:31:33,18.8,51,0,392,58945.8,OK,,,,,
2026-04-30 9:31:49,18.9,51,0,392,55611.2,OK,,,,,
2026-04-30 9:32:05,19,50,0,392,55489.4,OK,,,,,
2026-04-30 9:32:21,19,50,0,392,55608.3,OK,,,,,
2026-04-30 9:32:37,121.3,50,0,392,55712.7,OK,,,,,
2026-04-30 9:32:53,18.8,50,0,392,55834.5,OK,,,,,
2026-04-30 9:34:13,-40,0,0,0,0,OK,,,,,
2026-04-30 9:34:29,-40,0,0,0,0,OK,,,,,
2026-04-30 9:34:45,-40,0,0,0,0,OK,,,,,
2026-04-30 9:35:01,18.5,50,0,392,56629.1,OK,,,,,
2026-04-30 9:35:17,-40,0,0,0,0,OK,,,,,
2026-04-30 9:35:49,18.9,49,0,392,56785.7,OK,,,,,
2026-04-30 9:36:53,19.1,49,0,392,56759.6,OK,,,,,
2026-04-30 9:37:09,121.7,49,35.8,392,56817.6,OK,,,,,
2026-04-30 9:37:25,19.3,49,0,392,56895.9,OK,,,,,
2026-04-30 9:37:41,-40,0,0,0,0,OK,,,,,
2026-04-30 9:37:57,19.4,48,0,392,57264.2,OK,,,,,
2026-04-30 9:38:29,19.5,48,0,392,57478.8,OK,,,,,
2026-04-30 9:38:45,-40,0,0,0,0,OK,,,,,
2026-04-30 9:39:01,-40,0,0,0,0,OK,,,,,
2026-04-30 9:39:17,19.2,50,0,392,57644.1,OK,,,,,
2026-04-30 9:39:33,19.2,50,0,392,57687.6,OK,,,,,
2026-04-30 9:40:37,-40,0,0,0,0,OK,,,,,
2026-04-30 9:41:41,-40,0,0,0,0,OK,,,,,
2026-04-30 9:41:57,19.1,50,0,392,58032.7,OK,,,,,
2026-04-30 9:42:13,19.2,50,0,392,57971.8,OK,,,,,
2026-04-30 9:42:29,19.2,50,0,392,58258.9,OK,,,,,
2026-04-30 9:42:45,-40,0,0,0,0,OK,,,,,
2026-04-30 9:43:01,19.3,50,0,392,58430,OK,,,,,
2026-04-30 9:43:17,19.4,49,0,392,58519.9,OK,,,,,
2026-04-30 9:43:33,-40,0,0,0,0,OK,,,,,
2026-04-30 9:43:49,19.4,49,0,392,58699.7,OK,,,,,
2026-04-30 9:44:05,19.5,49,0,392,58667.8,OK,,,,,
2026-04-30 9:44:21,19.7,49,0,392,58960.7,OK,,,,,
2026-04-30 9:44:37,19.7,49,0,392,58992.6,OK,,,,,
2026-04-30 9:44:53,19.7,48,0,392,59279.7,OK,,,,,
2026-04-30 9:45:09,19.7,48,0.4,392,60494,OK,,,,,
2026-04-30 9:45:25,19.4,48,0.1,392,59381.2,OK,,,,,
2026-04-30 9:45:41,19.2,49,0.4,392,59523.3,OK,,,,,
2026-04-30 9:45:57,23.8,50,0.1,392,59549.4,OK,,,,,
2026-04-30 9:46:13,19,50,0,392,59474,OK,,,,,
2026-04-30 9:46:29,-40,0,0,0,0,OK,,,,,
2026-04-30 9:46:45,19,50,0,392,59285.5,OK,,,,,
2026-04-30 9:47:01,18.9,50,0,392,59239.1,OK,,,,,
2026-04-30 9:47:17,18.9,50,0,392,59320.3,OK,,,,,
2026-04-30 9:47:33,18.9,50,0,392,59650.9,OK,,,,,
2026-04-30 9:47:49,19,50,0,392,59488.5,OK,,,,,
2026-04-30 9:48:05,19.1,50,0,392,59685.7,OK,,,,,
2026-04-30 9:48:21,19.2,50,0,904,59978.6,OK,,,,,
2026-04-30 9:48:37,19.3,50,0.1,392,59851,OK,,,,,
2026-04-30 9:48:53,19.1,49,0.7,392,59845.2,OK,,,,,
2026-04-30 9:49:09,18.8,50,1.1,65476,59862.6,OK,,,,,
2026-04-30 9:49:25,18.6,51,1.1,392,60039.5,OK,,,,,
2026-04-30 9:49:41,18.3,52,0.4,392,60077.2,OK,,,,,
2026-04-30 9:49:57,18.2,53,0.1,392,60030.8,OK,,,,,
2026-04-30 9:50:13,18.2,53,0,392,59665.4,OK,,,,,
2026-04-30 9:50:29,18.4,53,0,392,59827.8,OK,,,,,
2026-04-30 9:50:45,18.6,53,0,392,59737.9,OK,,,,,
2026-04-30 9:51:01,18.7,53,0,392,59688.6,OK,,,,,
2026-04-30 9:51:17,18.8,53,0.1,392,59555.2,OK,,,,,
2026-04-30 9:51:33,-40,0,0,0,0,OK,,,,,
2026-04-30 9:51:49,-40,0,0,0,0,OK,,,,,
2026-04-30 9:52:05,-40,0,0,0,0,OK,,,,,
2026-04-30 9:52:21,18.7,53,0,392,59746.6,OK,,,,,
2026-04-30 9:52:37,18.8,53,0,392,59801.7,OK,,,,,
2026-04-30 9:52:53,18.8,53,0.3,392,59900.3,OK,,,,,
2026-04-30 9:53:09,18.8,117,0.3,392,60444.5,OK,,,,,
2026-04-30 9:53:25,18.9,53,0.3,392,60175.8,OK,,,,,
2026-04-30 9:53:41,18.9,53,0.8,392,60094.6,OK,,,,,
2026-04-30 9:53:57,-40,0,0,0,0,OK,,,,,
2026-04-30 9:54:13,-40,0,0,0,0,OK,,,,,
2026-04-30 9:54:29,18.4,54,0.6,392,59508.8,OK,,,,,
2026-04-30 9:54:45,18.4,54,1.1,392,59778.5,OK,,,,,
2026-04-30 9:55:01,18.2,54,2.2,392,59752.4,OK,,,,,
2026-04-30 9:55:17,18,55,1.4,6204,581194.9,OK,,,,,
2026-04-30 9:55:33,18,55,0.1,392,59888.7,OK,,,,,
2026-04-30 9:55:49,18,55,0,392,59923.5,OK,,,,,
2026-04-30 9:56:05,17.9,55,0.1,392,60103.3,OK,,,,,
2026-04-30 9:56:21,17.9,55,1,392,60254.1,OK,,,,,
2026-04-30 9:56:37,17.9,55,0.8,392,59990.2,OK,,,,,
2026-04-30 9:56:53,17.9,56,0.1,392,59987.3,OK,,,,,
2026-04-30 9:57:09,18,55,0.1,65535,60410.7,OK,,,,,
2026-04-30 9:57:25,18.1,55,0,392,60454.2,OK,,,,,
2026-04-30 9:57:41,18.2,55,1,504,159292.5,OK,,,,,
2026-04-30 9:57:57,18,55,0.6,392,60744.2,OK,,,,,
2026-04-30 9:58:13,17.9,55,0.1,392,60596.3,OK,,,,,
2026-04-30 9:58:29,18,55,0.7,392,60602.1,OK,,,,,
2026-04-30 9:58:45,18.1,55,0,392,60779,OK,,,,,
2026-04-30 9:59:01,18.1,54,0,392,60674.6,OK,,,,,
2026-04-30 9:59:17,18.1,55,0,392,60796.4,OK,,,,,
2026-04-30 9:59:33,18.1,54,0,392,60912.4,OK,,,,,
2026-04-30 9:59:49,18.2,54,0,392,61121.2,OK,,,,,
2026-04-30 10:00:05,18.1,54,0.4,392,61425.7,OK,,,,,
2026-04-30 10:00:21,17.9,54,1.5,392,61756.3,OK,,,,,
2026-04-30 10:00:37,17.6,55,0.3,392,61663.5,OK,,,,,
2026-04-30 10:00:53,17.5,55,0.6,392,61767.9,OK,,,,,
2026-04-30 10:01:09,17.3,55,0.6,392,61785.3,OK,,,,,
2026-04-30 10:01:25,17.2,56,0.4,392,61939,OK,,,,,
2026-04-30 10:01:41,17.2,56,0.4,392,61878.1,OK,,,,,
2026-04-30 10:01:57,17.2,57,0.1,392,61779.5,OK,,,,,
2026-04-30 10:02:13,17.3,57,0.1,392,61869.4,OK,,,,,
2026-04-30 10:02:29,17.4,56,0.3,392,62055,OK,,,,,
2026-04-30 10:02:45,17.5,57,0.1,392,62081.1,OK,,,,,
2026-04-30 10:03:01,17.7,56,0,392,61617.1,OK,,,,,
2026-04-30 10:03:17,17.8,55,0.1,392,61941.9,OK,,,,,
2026-04-30 10:03:33,17.7,56,1,392,64635.5,OK,,,,,
2026-04-30 10:03:49,17.6,56,0.4,392,61939,OK,,,,,
2026-04-30 10:04:05,17.5,57,1.1,392,61898.4,OK,,,,,
2026-04-30 10:04:21,17.4,57,0.8,392,61968,OK,,,,,
2026-04-30 10:04:37,17.3,57,0.3,392,61866.5,OK,,,,,
2026-04-30 10:04:53,17.4,57,0.6,392,61840.4,OK,,,,,
2026-04-30 10:05:09,17.3,57,1.5,392,61904.2,OK,,,,,
2026-04-30 10:05:25,17.1,58,0.8,392,62098.5,OK,,,,,
2026-04-30 10:05:41,-40,0,0,0,0,OK,,,,,
2026-04-30 10:05:57,-40,0,0,0,0,OK,,,,,
2026-04-30 10:06:13,16.8,59,1.1,392,62165.2,OK,,,,,
2026-04-30 10:06:29,16.7,59,1,392,62295.7,OK,,,,,
2026-04-30 10:06:45,16.7,59,0.3,392,61834.6,OK,,,,,
2026-04-30 10:07:01,16.9,59,0,392,61576.5,OK,,,,,
2026-04-30 10:07:17,16.9,59,0.1,392,61335.8,OK,,,,,
2026-04-30 10:07:33,17,59,0.6,392,61547.5,OK,,,,,
2026-04-30 10:07:49,17.1,59,0.3,392,61849.1,OK,,,,,
2026-04-30 10:08:05,17.1,59,0.6,392,61936.1,OK,,,,,
2026-04-30 10:08:21,17.3,58,0,392,62002.8,OK,,,,,
2026-04-30 10:08:37,17.4,58,0,392,62214.5,OK,,,,,
2026-04-30 10:08:53,17.5,57,0.4,392,62379.8,OK,,,,,
2026-04-30 10:09:09,17.5,57,17.9,392,62278.3,OK,,,,,
2026-04-30 10:09:25,17.5,57,0.3,392,62124.6,OK,,,,,
2026-04-30 10:09:41,17.4,57,0.1,392,62191.3,OK,,,,,
2026-04-30 10:09:57,-40,0,0,0,0,OK,,,,,
2026-04-30 10:10:13,-40,0,0,0,0,OK,,,,,
2026-04-30 10:10:29,17,59,1.5,392,62321.8,OK,,,,,
2026-04-30 10:10:45,-40,0,0,0,0,OK,,,,,
2026-04-30 10:11:01,16.8,59,0,392,62197.1,OK,,,,,
2026-04-30 10:11:17,-40,0,0,0,0,OK,,,,,
2026-04-30 10:11:33,16.8,59,1.4,392,62258,OK,,,,,
2026-04-30 10:13:25,17.3,58,0,392,63273,OK,,,,,
2026-04-30 10:13:41,17.4,58,0,392,63548.5,OK,,,,,
2026-04-30 10:13:57,17.3,58,0,392,63157,OK,,,,,
2026-04-30 10:14:13,17.4,57,0.1,392,63368.7,OK,,,,,
2026-04-30 10:14:29,17.3,57,0.3,392,63565.9,OK,,,,,
2026-04-30 10:14:45,17.2,57,1,392,63797.9,OK,,,,,
2026-04-30 10:15:01,17,58,0.8,392,63661.6,OK,,,,,
2026-04-30 10:15:17,16.8,59,0.6,392,65535.9,OK,,,,,
2026-04-30 10:15:33,16.8,59,0,392,64111.1,OK,,,,,
2026-04-30 10:15:49,16.8,59,0.4,392,64276.4,OK,,,,,
2026-04-30 10:16:05,16.9,59,0,392,64464.9,OK,,,,,
2026-04-30 10:16:21,-40,0,0,0,0,OK,,,,,
2026-04-30 10:16:37,17.2,58,0.1,392,64595.4,OK,,,,,
2026-04-30 10:16:53,23.7,58,0.6,392,64514.2,OK,,,,,
2026-04-30 10:17:09,17.3,57,0.4,392,64531.6,OK,,,,,
2026-04-30 10:17:25,17.2,59,0,392,64404,OK,,,,,
2026-04-30 10:17:41,17.4,57,0,392,64319.9,OK,,,,,
2026-04-30 10:17:57,17.4,57,0.1,392,64514.2,OK,,,,,
2026-04-30 10:18:13,17.5,57,0.3,392,64711.4,OK,,,,,
2026-04-30 10:18:29,17.4,57,0.8,392,64580.9,OK,,,,,
2026-04-30 10:18:45,17.5,57,0,392,64778.1,OK,,,,,
2026-04-30 10:19:01,17.5,56,1,392,64795.5,OK,,,,,
2026-04-30 10:19:17,17.4,57,1,392,64792.6,OK,,,,,
2026-04-30 10:19:33,17.3,57,0.4,392,64772.3,OK,,,,,
2026-04-30 10:19:49,17.3,57,0.4,392,64734.6,OK,,,,,
2026-04-30 10:20:53,17.3,57,0.7,392,64169.1,OK,,,,,
2026-04-30 10:21:09,17.4,58,0,392,63908.1,OK,,,,,
2026-04-30 10:21:25,17.4,58,0.3,65416,63768.9,OK,,,,,
2026-04-30 10:21:41,17.3,58,0.7,392,63935.9,OK,,,,,
2026-04-30 10:21:57,17.4,57,0.7,392,64169.1,OK,,,,,
2026-04-30 10:22:13,17.3,57,2,392,64288,OK,,,,,
2026-04-30 10:22:29,17.2,57,1.4,392,64430.1,OK,,,,,
2026-04-30 10:22:45,17.1,58,2.1,392,64389.5,OK,,,,,
2026-04-30 10:23:01,17,58,1.3,392,64253.2,OK,,,,,
2026-04-30 10:23:17,16.9,58,1.7,392,64456.2,OK,,,,,
2026-04-30 10:23:33,16.7,59,1.4,392,64734.6,OK,,,,,
2026-04-30 10:23:49,-40,0,0,0,0,OK,,,,,
2026-04-30 10:24:05,16.4,60,2.2,392,64444.6,OK,,,,,
2026-04-30 10:24:37,16.3,60,1.1,392,64380.8,OK,,,,,
2026-04-30 10:24:53,16.3,60,1.8,392,64456.2,OK,,,,,
2026-04-30 10:25:09,16.3,61,1,392,64586.7,OK,,,,,
2026-04-30 10:25:25,16.4,60,0.7,392,603548.7,OK,,,,,
2026-04-30 10:25:41,16.5,60,1,392,64273.5,OK,,,,,
2026-04-30 10:25:57,16.6,60,0.7,392,64244.5,OK,,,,,
2026-04-30 10:26:13,16.6,59,1.5,482,64160.4,OK,,,,,
2026-04-30 10:26:29,-40,0,0,0,0,OK,,,,,
2026-04-30 10:26:45,16.7,59,1.3,392,64279.3,OK,,,,,
2026-04-30 10:27:01,16.7,59,1.1,392,64421.4,OK,,,,,
2026-04-30 10:27:17,16.7,59,0.6,392,64696.9,OK,,,,,
2026-04-30 10:28:21,16.6,59,0.8,904,64923.1,OK,,,,,
2026-04-30 10:28:37,16.7,59,0.4,392,62218.4,OK,,,,,
2026-04-30 10:28:53,16.8,59,0.3,392,64746.2,OK,,,,,
2026-04-30 10:29:09,16.9,58,1.4,392,64749.1,OK,,,,,
2026-04-30 10:29:25,16.7,58,0.6,392,64653.4,OK,,,,,
2026-04-30 10:29:41,16.7,59,0.8,392,64778.1,OK,,,,,
2026-04-30 10:29:57,16.8,58,0.6,392,64644.7,OK,,,,,
2026-04-30 10:30:13,16.7,59,1.4,392,64189.4,OK,,,,,
2026-04-30 10:30:29,16.5,59,1.3,392,63942.9,OK,,,,,
2026-04-30 10:30:45,-40,0,0,0,0,OK,,,,,
2026-04-30 10:31:01,16.5,59,0.8,392,64392.4,OK,,,,,
2026-04-30 10:31:17,16.5,59,1,392,64253.2,OK,,,,,
2026-04-30 10:31:33,16.5,59,0.8,392,64319.9,OK,,,,,
2026-04-30 10:31:49,-40,0,0,0,0,OK,,,,,
2026-04-30 10:32:05,23,59,0.7,392,64308.3,OK,,,,,
2026-04-30 10:32:21,16.7,59,0.4,392,64244.5,OK,,,,,
2026-04-30 10:32:37,16.7,59,1.1,392,64288,OK,,,,,
2026-04-30 10:32:53,16.6,59,1.3,392,64195.2,OK,,,,,
2026-04-30 10:33:09,16.6,59,4.3,392,64206.8,OK,,,,,
2026-04-30 10:33:25,16.6,59,0.8,392,64328.6,OK,,,,,
2026-04-30 10:33:41,16.6,59,0.4,392,64215.5,OK,,,,,
2026-04-30 10:33:57,16.6,59,0.8,392,64340.2,OK,,,,,
2026-04-30 10:34:13,-40,0,0,0,0,OK,,,,,
2026-04-30 10:34:29,16.6,59,0.7,392,64224.2,OK,,,,,
2026-04-30 10:34:45,16.7,59,0.1,392,64203.9,OK,,,,,
2026-04-30 10:35:01,-40,0,0,0,0,OK,,,,,
2026-04-30 10:35:17,16.8,58,0.8,392,63942.9,OK,,,,,
2026-04-30 10:35:33,16.9,58,0.8,392,209405.3,OK,,,,,
2026-04-30 10:35:49,16.9,58,0.8,392,64554.8,OK,,,,,
2026-04-30 10:36:05,16.9,58,1,392,64044.4,OK,,,,,
2026-04-30 10:36:21,16.8,58,0.4,392,1636302.3,OK,,,,,
2026-04-30 10:36:37,16.8,58,0,392,63626.8,OK,,,,,
2026-04-30 10:36:53,16.8,58,0.4,392,64157.5,OK,,,,,
2026-04-30 10:37:09,-8.7,58,36.8,392,64563.5,OK,,,,,
2026-04-30 10:37:25,16.8,58,1,392,77534.4,OK,,,,,
2026-04-30 10:37:41,16.8,58,0.4,392,64636,OK,,,,,
2026-04-30 10:37:57,16.8,58,0.7,392,64955,OK,,,,,
2026-04-30 10:38:13,16.8,62,1.8,392,65242.1,OK,,,,,
2026-04-30 10:38:29,-40,0,0,0,0,OK,,,,,
2026-04-30 10:38:45,16.9,58,0.3,392,64601.2,OK,,,,,
2026-04-30 10:39:01,17,57,1.1,392,65134.8,OK,,,,,
2026-04-30 10:39:17,16.9,57,0.7,392,65198.6,OK,,,,,
2026-04-30 10:39:33,16.9,58,0.1,392,65169.6,OK,,,,,
2026-04-30 10:39:49,16.8,57,1,392,65381.3,OK,,,,,
2026-04-30 10:40:05,-40,0,0,0,0,OK,,,,,
2026-04-30 10:40:21,17,58,0.1,392,65619.1,OK,,,,,
2026-04-30 10:40:37,17.1,57,0.4,392,65584.3,OK,,,,,
2026-04-30 10:40:53,17.3,57,0.8,392,65468.3,OK,,,,,
2026-04-30 10:41:09,17.3,56,1.1,392,65529.2,OK,,,,,
2026-04-30 10:41:25,-40,0,0,0,0,OK,,,,,
2026-04-30 10:41:41,17.5,56,0,392,65752.5,OK,,,,,
2026-04-30 10:41:57,17.5,56,0,392,871993.2,OK,,,,,
2026-04-30 10:42:13,17.8,55,0.1,392,66164.3,OK,,,,,
2026-04-30 10:42:29,17.9,55,0,392,66541.3,OK,,,,,
2026-04-30 10:42:45,18,54,0.4,392,66900.9,OK,,,,,
2026-04-30 10:43:01,17.8,54,1.8,392,66880.6,OK,,,,,
2026-04-30 10:43:33,17.6,56,0.1,392,66448.5,OK,,,,,
2026-04-30 10:43:49,17.6,56,0.6,392,66668.9,OK,,,,,
2026-04-30 10:44:05,17.5,57,1,392,66300.6,OK,,,,,
2026-04-30 10:44:21,17.7,57,0.6,392,66254.2,OK,,,,,
2026-04-30 10:44:37,-40,0,0,0,0,OK,,,,,
2026-04-30 10:44:53,23.9,250,18.1,392,66596.4,OK,,,,,
2026-04-30 10:45:09,17.5,58,1.1,392,66828.4,OK,,,,,
2026-04-30 10:45:25,17.4,59,0.4,392,66941.5,OK,,,,,
2026-04-30 10:45:41,17.6,59,0.3,392,66909.6,OK,,,,,
2026-04-30 10:45:57,-40,0,0,0,0,OK,,,,,
2026-04-30 10:46:13,17.6,59,1.4,392,67289.5,OK,,,,,
2026-04-30 10:46:29,17.5,60,3.9,392,67698.4,OK,,,,,
2026-04-30 10:46:45,17.5,60,0.6,392,68107.3,OK,,,,,
2026-04-30 10:47:01,17.5,60,1.8,392,67353.3,OK,,,,,
2026-04-30 10:47:17,17.4,59,1.1,392,67460.6,OK,,,,,
2026-04-30 10:47:33,17.1,59,1.5,392,67083.6,OK,,,,,
2026-04-30 10:47:49,-40,0,0,0,0,OK,,,,,
2026-04-30 10:48:05,-40,0,0,0,0,OK,,,,,
2026-04-30 10:48:21,17.5,60,0.1,392,66579,OK,,,,,
2026-04-30 10:48:37,17.7,60,0,392,66610.9,OK,,,,,
2026-04-30 10:48:53,17.9,59,0.1,392,66494.9,OK,,,,,
2026-04-30 10:49:09,18,60,0.6,392,66225.2,OK,,,,,
2026-04-30 10:49:25,18,59,0.3,392,66480.4,OK,,,,,
2026-04-30 10:49:41,17.9,60,0.3,392,66581.9,OK,,,,,
2026-04-30 10:49:57,18,59,0.1,392,67006,OK,,,,,
2026-04-30 10:50:13,18.1,58,0.8,392,66787.8,OK,,,,,
2026-04-30 10:51:17,-40,0,0,0,0,OK,,,,,
2026-04-30 10:51:33,17.9,59,2.5,392,67953.6,OK,,,,,
2026-04-30 10:51:49,17.5,60,1.3,392,1673568.2,OK,,,,,
2026-04-30 10:52:05,17.4,61,1.1,392,71341,OK,,,,,
2026-04-30 10:52:21,17.3,61,1.3,392,68058,OK,,,,,
2026-04-30 10:52:37,17.2,62,0.4,392,67959.4,OK,,,,,
2026-04-30 10:52:53,17.3,62,0.1,392,67817.3,OK,,,,,
2026-04-30 10:53:09,17.4,61,0.8,392,67976.8,OK,,,,,
2026-04-30 10:53:25,17.5,61,0.6,392,67536,OK,,,,,
2026-04-30 10:53:41,17.4,61,0.8,392,67437.4,OK,,,,,
2026-04-30 10:53:57,17.4,61,0.3,392,67237.3,OK,,,,,
2026-04-30 10:54:13,-40,0,0,0,0,OK,,,,,
2026-04-30 10:54:29,17.6,60,0.3,392,67654.9,OK,,,,,
2026-04-30 10:54:45,17.8,60,0,392,67069.1,OK,,,,,
2026-04-30 10:55:01,17.8,60,0.8,392,67101,OK,,,,,
2026-04-30 10:55:17,17.7,60,0.3,392,67164.8,OK,,,,,
2026-04-30 10:55:33,17.8,60,1.4,392,67431.6,OK,,,,,
2026-04-30 10:55:49,-40,0,0,0,0,OK,,,,,
2026-04-30 10:56:05,17.7,61,0.4,904,67852.1,OK,,,,,
2026-04-30 10:56:21,-40,0,0,0,0,OK,,,,,
2026-04-30 10:56:37,17.4,61,1.1,392,67907.2,OK,,,,,
2026-04-30 10:56:53,17.3,61,0.6,392,67739,OK,,,,,
2026-04-30 10:57:09,-40,0,0,0,0,OK,,,,,
2026-04-30 10:57:25,17.6,60,0,392,68542.3,OK,,,,,
2026-04-30 10:57:41,17.6,60,0.1,392,68394.4,OK,,,,,
2026-04-30 10:57:57,-40,0,0,0,0,OK,,,,,
2026-04-30 10:58:13,17.4,60,1.8,392,68653.7,OK,,,,,
2026-04-30 10:58:29,17.3,61,0.1,392,68443.7,OK,,,,,
2026-04-30 10:58:45,17.5,61,0,392,68713.4,OK,,,,,
2026-04-30 10:59:01,17.7,60,0.1,392,69009.2,OK,,,,,
2026-04-30 10:59:17,17.7,60,0.6,392,69023.7,OK,,,,,
2026-04-30 10:59:33,-40,0,0,0,0,OK,,,,,
2026-04-30 10:59:49,17.8,60,0.3,392,68823.6,OK,,,,,
2026-04-30 11:00:05,17.8,59,0,392,68646.7,OK,,,,,
2026-04-30 11:00:21,18,59,0,392,68678.6,OK,,,,,
2026-04-30 11:00:37,18.2,59,0.3,392,68916.4,OK,,,,,
2026-04-30 11:00:53,18.2,59,1.7,392,68739.5,OK,,,,,
2026-04-30 11:01:09,17.7,59,1.3,392,68864.2,OK,,,,,
2026-04-30 11:01:25,17.5,60,0.3,392,69151.3,OK,,,,,
2026-04-30 11:01:41,-40,0,0,0,0,OK,,,,,
2026-04-30 11:01:57,17.7,60,0,392,68785.9,OK,,,,,
2026-04-30 11:02:13,-40,0,0,0,0,OK,,,,,
2026-04-30 11:02:29,17.7,59,1.5,392,69104.9,OK,,,,,
2026-04-30 11:02:45,17.7,59,0.4,392,68756.9,OK,,,,,
2026-04-30 11:03:01,17.8,59,0.1,392,68168.2,OK,,,,,
2026-04-30 11:03:17,17.7,59,0.1,392,68420.5,OK,,,,,
2026-04-30 11:03:33,17.9,59,0,392,68812,OK,,,,,
2026-04-30 11:03:49,18,59,0,392,68968.6,OK,,,,,
2026-04-30 11:04:05,18.1,58,0.7,392,68971.5,OK,,,,,
2026-04-30 11:04:21,18.1,58,0,392,69209.3,OK,,,,,
2026-04-30 11:04:37,18.2,58,0.3,392,69267.3,OK,,,,,
2026-04-30 11:04:53,18.1,58,1.1,452,69125.2,OK,,,,,
2026-04-30 11:05:09,17.8,58,2.1,392,68710.5,OK,,,,,
2026-04-30 11:05:25,-40,0,0,0,0,OK,,,,,
2026-04-30 11:05:41,17.6,60,0,392,69052.7,OK,,,,,
2026-04-30 11:05:57,17.7,60,0.1,392,68704.7,OK,,,,,
2026-04-30 11:06:13,-40,0,0,0,0,OK,,,,,
2026-04-30 11:06:29,17.5,60,0.6,392,68171.1,OK,,,,,
2026-04-30 11:06:45,17.7,60,0.1,392,68258.1,OK,,,,,
2026-04-30 11:07:01,17.8,59,0.1,392,68124.7,OK,,,,,
2026-04-30 11:07:17,-40,0,0,0,0,OK,,,,,
2026-04-30 11:07:33,17.9,59,0.7,392,67280.8,OK,,,,,
2026-04-30 11:07:49,18,59,0.3,392,66773.3,OK,,,,,
2026-04-30 11:08:05,18,58,0,392,66686.3,OK,,,,,
2026-04-30 11:08:21,17.9,58,1.5,392,66816.8,OK,,,,,
2026-04-30 11:08:37,17.7,59,1.5,392,67994.2,OK,,,,,
2026-04-30 11:09:09,17.1,60,2.1,392,68136.3,OK,,,,,
2026-04-30 11:09:25,17,61,0.6,392,68513.3,OK,,,,,
2026-04-30 11:09:41,17,61,0,392,69064.3,OK,,,,,
2026-04-30 11:09:57,17.2,61,0,392,69168.7,OK,,,,,
2026-04-30 11:10:13,17.4,61,0,392,68959.9,OK,,,,,
2026-04-30 11:10:29,17.5,60,0.1,392,69127,OK,,,,,
2026-04-30 11:10:45,17.7,59,0.6,392,69113.6,OK,,,,,
2026-04-30 11:11:01,17.7,59,0.6,392,69403.6,OK,,,,,
2026-04-30 11:11:17,17.8,58,0.8,392,68823.6,OK,,,,,
2026-04-30 11:11:33,17.9,58,0,392,69792.2,OK,,,,,
2026-04-30 11:11:49,-40,0,0,0,0,OK,,,,,
2026-04-30 11:12:05,18,58,0.8,392,70375.1,OK,,,,,
2026-04-30 11:12:21,18.1,58,0.4,392,70636.1,OK,,,,,
2026-04-30 11:12:37,18.1,58,0.3,392,70409.9,OK,,,,,
2026-04-30 11:12:53,-40,0,0,0,0,OK,,,,,
2026-04-30 11:13:09,18,57,1.4,392,68939.6,OK,,,,,
2026-04-30 11:13:25,17.8,58,0.8,392,68855.5,OK,,,,,
2026-04-30 11:13:41,17.8,58,0.1,392,68623.5,OK,,,,,
2026-04-30 11:13:57,17.9,58,0.6,392,69148.4,OK,,,,,
2026-04-30 11:14:13,17.7,59,1.1,392,67765.1,OK,,,,,
2026-04-30 11:14:29,17.7,59,0.6,392,68539.4,OK,,,,,
2026-04-30 11:14:45,17.5,59,1.5,392,68835.2,OK,,,,,
2026-04-30 11:15:01,17.3,59,0.3,392,69191.9,OK,,,,,
2026-04-30 11:15:17,17.5,59,1,392,69107.8,OK,,,,,
2026-04-30 11:15:33,17.4,59,1.4,392,69829.9,OK,,,,,
2026-04-30 11:15:49,17.2,60,0.8,392,69931.4,OK,,,,,
2026-04-30 11:16:05,17.3,60,0.6,392,70343.2,OK,,,,,
2026-04-30 11:16:21,17.3,60,0.3,392,70175,OK,,,,,
2026-04-30 11:16:37,17.3,59,0.1,392,69870.5,OK,,,,,
2026-04-30 11:16:53,17.3,59,1,392,71369.8,OK,,,,,
2026-04-30 11:17:09,17.3,59,1.4,392,71248,OK,,,,,
2026-04-30 11:17:25,17.3,59,0.7,392,71320.5,OK,,,,,
2026-04-30 11:17:41,17.3,58,0,392,70691.2,OK,,,,,
2026-04-30 11:17:57,17.4,58,0.4,392,71451,OK,,,,,
2026-04-30 11:18:13,17.5,58,0.3,392,71578.6,OK,,,,,
2026-04-30 11:18:29,17.6,58,0,392,71851.2,OK,,,,,
2026-04-30 11:18:45,17.7,57,0.3,392,71587.3,OK,,,,,
2026-04-30 11:19:01,17.9,57,1,392,71158.1,OK,,,,,
2026-04-30 11:19:17,17.7,57,1.4,392,70888.4,OK,,,,,
2026-04-30 11:19:33,17.8,57,0.1,392,71975.9,OK,,,,,
2026-04-30 11:19:49,18,56,0.8,392,72321,OK,,,,,
2026-04-30 11:20:05,17.9,56,0.7,392,72074.5,OK,,,,,
2026-04-30 11:20:21,-40,0,0,0,0,OK,,,,,
2026-04-30 11:20:37,18.2,248,17.9,392,72118,OK,,,,,
2026-04-30 11:21:09,18.4,56,0.1,392,71984.6,OK,,,,,
2026-04-30 11:21:25,18.7,55,0.4,392,72254.3,OK,,,,,
2026-04-30 11:21:41,18.6,54,0.4,392,72277.5,OK,,,,,
2026-04-30 11:21:57,18.5,55,0.7,392,71509,OK,,,,,
2026-04-30 11:22:13,18.4,55,0.6,392,71761.3,OK,,,,,
2026-04-30 11:22:29,-40,0,0,0,0,OK,,,,,
2026-04-30 11:22:45,17.9,56,1.4,392,72181.8,OK,,,,,
2026-04-30 11:23:01,17.6,56,1.5,392,72222.4,OK,,,,,
2026-04-30 11:23:17,17.5,57,0.3,392,71973,OK,,,,,
2026-04-30 11:23:33,17.6,56,0,392,71625,OK,,,,,
2026-04-30 11:23:49,17.7,56,0.4,392,71984.6,OK,,,,,
2026-04-30 11:24:05,17.6,56,0.3,392,72239.8,OK,,,,,
2026-04-30 11:24:21,17.7,56,0.4,392,72149.9,OK,,,,,
2026-04-30 11:24:37,17.6,55,1.4,392,72793.7,OK,,,,,
2026-04-30 11:24:53,17.4,55,1.5,392,73141.7,OK,,,,,
2026-04-30 11:25:09,17.2,56,1.3,392,73135.9,OK,,,,,
2026-04-30 11:25:25,17.4,56,0.6,392,73179.4,OK,,,,,
2026-04-30 11:25:41,17.4,55,1.7,392,73280.9,OK,,,,,
2026-04-30 11:25:57,17.3,55,0.8,392,72982.2,OK,,,,,
2026-04-30 11:26:13,17.5,55,0.1,392,72106.4,OK,,,,,
2026-04-30 11:26:29,17.6,55,0.3,392,72732.8,OK,,,,,
2026-04-30 11:26:45,-40,0,0,0,0,OK,,,,,
2026-04-30 11:27:01,-40,0,0,0,0,OK,,,,,
2026-04-30 11:27:17,17.9,53,0.1,392,72816.9,OK,,,,,
2026-04-30 11:27:33,18,53,0.1,392,73309.9,OK,,,,,
2026-04-30 11:27:49,-40,0,0,0,0,OK,,,,,
2026-04-30 11:28:05,18.2,53,0.4,392,73643.4,OK,,,,,
2026-04-30 11:28:21,18.4,52,0,392,73678.2,OK,,,,,
2026-04-30 11:28:37,18.5,52,0.8,392,74049.4,OK,,,,,
2026-04-30 11:28:53,18.6,51,1.4,408,73881.2,OK,,,,,
2026-04-30 11:29:09,18.5,51,0.3,392,73643.4,OK,,,,,
2026-04-30 11:29:25,18.5,51,0.3,392,73698.5,OK,,,,,
2026-04-30 11:29:41,18.6,51,1,392,73640.5,OK,,,,,
2026-04-30 11:29:57,20.1,51,0.7,392,73666.6,OK,,,,,
2026-04-30 11:30:13,18.5,52,0.8,392,73611.5,OK,,,,,
2026-04-30 11:30:29,18.4,52,1.5,392,73588.3,OK,,,,,
2026-04-30 11:30:45,18.2,51,1.4,392,73742,OK,,,,,
2026-04-30 11:31:01,-40,0,0,0,0,OK,,,,,
2026-04-30 11:31:17,18.3,52,1.1,392,73811.6,OK,,,,,
2026-04-30 11:31:33,18,52,1.5,392,73579.6,OK,,,,,
2026-04-30 11:31:49,18,52,0.6,392,73588.3,OK,,,,,
2026-04-30 11:32:05,18,52,0.4,392,73492.6,OK,,,,,
2026-04-30 11:32:21,18,53,0.6,392,74066.8,OK,,,,,
2026-04-30 11:32:37,18,53,1.3,392,78611.1,OK,,,,,
2026-04-30 11:32:53,17.8,53,1.3,392,73997.2,OK,,,,,
2026-04-30 11:33:09,17.8,53,0.4,392,73945,OK,,,,,
2026-04-30 11:33:25,17.7,53,1.3,392,73976.9,OK,,,,,
2026-04-30 11:33:41,17.6,53,0.7,392,73759.4,OK,,,,,
2026-04-30 11:33:57,17.7,53,0.4,392,73802.9,OK,,,,,
2026-04-30 11:34:13,17.7,53,0.8,392,73599.9,OK,,,,,
2026-04-30 11:34:29,17.7,53,0.6,392,74043.6,OK,,,,,
2026-04-30 11:34:45,149.6,205,108.9,392,74133.5,OK,,,,,
2026-04-30 11:35:01,17.9,53,0.1,392,74182.8,OK,,,,,
2026-04-30 11:35:17,18,52,0.1,392,74037.8,OK,,,,,
2026-04-30 11:35:33,18.1,52,0.1,392,74046.5,OK,,,,,
2026-04-30 11:35:49,18.2,52,0.3,392,73927.6,OK,,,,,
2026-04-30 11:36:05,18.1,52,1.7,392,74214.7,OK,,,,,
2026-04-30 11:36:21,17.8,53,2.2,392,74757,OK,,,,,
2026-04-30 11:36:37,17.8,54,0.8,392,74725.1,OK,,,,,
2026-04-30 11:36:53,120.1,54,37.9,392,74954.2,OK,,,,,
2026-04-30 11:37:09,17.4,55,2.7,392,74461.2,OK,,,,,
2026-04-30 11:37:25,-40,0,0,0,0,OK,,,,,
2026-04-30 11:37:41,17.2,55,1,392,74197.3,OK,,,,,
2026-04-30 11:37:57,-40,0,0,0,0,OK,,,,,
2026-04-30 11:38:13,17.4,55,0.3,392,74638.1,OK,,,,,
2026-04-30 11:38:29,17.5,55,0.1,392,74461.2,OK,,,,,
2026-04-30 11:38:45,17.6,54,0.4,392,74293,OK,,,,,
2026-04-30 11:39:01,17.6,54,2.2,392,74536.6,OK,,,,,
2026-04-30 11:39:17,17.5,54,1.3,392,74258.2,OK,,,,,
2026-04-30 11:39:33,17.7,54,0.3,392,74747.3,OK,,,,,
2026-04-30 11:39:49,18,54,0.3,392,74469.9,OK,,,,,
2026-04-30 11:40:05,18.1,52,0.6,392,74571.4,OK,,,,,
2026-04-30 11:40:21,18.3,52,0.4,392,74423.5,OK,,,,,
2026-04-30 11:40:37,18.5,52,0.6,392,74475.7,OK,,,,,
2026-04-30 11:40:53,18.4,51,0.6,392,74861.4,OK,,,,,
2026-04-30 11:41:09,-40,0,0,0,0,OK,,,,,
2026-04-30 11:41:25,18.3,51,0.7,904,76884.3,OK,,,,,
2026-04-30 11:41:41,-40,0,0,0,0,OK,,,,,
2026-04-30 11:41:57,18.2,51,0.7,392,74890.4,OK,,,,,
2026-04-30 11:42:13,18.3,51,0.3,392,74641,OK,,,,,
2026-04-30 11:42:29,18.3,51,1,392,74730.9,OK,,,,,
2026-04-30 11:42:45,18.2,51,1.8,392,74823.7,OK,,,,,
2026-04-30 11:43:01,18,52,0.3,392,74893.3,OK,,,,,
2026-04-30 11:43:17,18.1,52,0.6,452,75026.7,OK,,,,,
2026-04-30 11:43:33,18,52,0.1,392,74904.9,OK,,,,,
2026-04-30 11:43:49,18.2,51,0,392,74948.4,OK,,,,,
2026-04-30 11:44:05,18.4,51,0.4,392,74896.2,OK,,,,,
2026-04-30 11:44:21,18.5,50,0,392,75067.3,OK,,,,,
2026-04-30 11:44:53,18.5,49,0.3,392,75116.6,OK,,,,,
2026-04-30 11:45:09,-40,0,0,0,0,OK,,,,,
2026-04-30 11:45:25,18.2,50,1.7,392,75212.3,OK,,,,,
2026-04-30 11:45:41,18.1,51,0.6,392,75331.2,OK,,,,,
2026-04-30 11:45:57,18.3,50,0,392,75096.3,OK,,,,,
2026-04-30 11:46:13,-40,0,0,0,0,OK,,,,,
2026-04-30 11:46:29,18.2,49,1.1,392,75299.3,OK,,,,,
2026-04-30 11:46:45,18.1,49,1.8,392,75516.8,OK,,,,,
2026-04-30 11:47:01,18,49,0.4,392,75209.4,OK,,,,,
2026-04-30 11:47:17,17.8,50,0.4,392,75534.2,OK,,,,,
2026-04-30 11:47:33,18,50,0.1,392,75194.9,OK,,,,,
2026-04-30 11:47:49,18.1,49,0.1,392,75557.4,OK,,,,,
2026-04-30 11:48:05,18.3,49,1.5,392,75363.1,OK,,,,,
2026-04-30 11:48:21,18.1,50,0.8,392,75511,OK,,,,,
2026-04-30 11:48:37,18.1,50,0.4,392,75386.3,OK,,,,,
2026-04-30 11:48:53,18.3,49,0.1,392,75293.5,OK,,,,,
2026-04-30 11:49:09,31.2,204,0.3,392,75418.2,OK,,,,,
2026-04-30 11:49:25,18.4,49,0,392,75288.3,OK,,,,,
2026-04-30 11:49:41,-40,0,0,0,0,OK,,,,,
2026-04-30 11:49:57,18.6,49,0,392,75888,OK,,,,,
2026-04-30 11:50:13,18.9,48,0,392,75563.2,OK,,,,,
2026-04-30 11:50:29,-40,0,0,0,0,OK,,,,,
2026-04-30 11:50:45,18.8,47,1.8,504,76076.5,OK,,,,,
2026-04-30 11:51:01,18.9,47,0.1,392,76488.3,OK,,,,,
2026-04-30 11:51:17,18.9,47,0.1,392,76311.4,OK,,,,,
2026-04-30 11:51:33,-40,0,0,0,0,OK,,,,,
2026-04-30 11:51:49,19.1,47,0.4,392,76566.4,OK,,,,,
2026-04-30 11:52:05,19.1,47,0.1,392,75969.2,OK,,,,,
2026-04-30 11:52:21,19,46,1.3,392,75928.6,OK,,,,,
2026-04-30 11:52:37,18.8,46,0.3,392,75664.7,OK,,,,,
2026-04-30 11:52:53,18.8,46,0.4,392,76192.5,OK,,,,,
2026-04-30 11:53:57,18.5,47,0.1,504,75496.5,OK,,,,,
2026-04-30 11:54:13,18.6,47,0,392,75896.7,OK,,,,,
2026-04-30 11:54:29,18.7,46,0.3,392,76482.5,OK,,,,,
2026-04-30 11:54:45,18.9,46,0.6,392,76961,OK,,,,,
2026-04-30 11:55:01,19,45,0.4,392,76908.8,OK,,,,,
2026-04-30 11:55:17,18.9,47,1.3,392,76958.1,OK,,,,,
2026-04-30 11:55:33,18.6,45,2.5,392,76398.4,OK,,,,,
2026-04-30 11:55:49,18.4,45,0,392,76299.8,OK,,,,,
2026-04-30 11:56:05,18.6,45,0.3,392,75052.8,OK,,,,,
2026-04-30 11:56:21,-40,0,0,0,0,OK,,,,,
2026-04-30 11:56:37,18.7,45,0,392,76204.1,OK,,,,,
2026-04-30 11:56:53,18.8,45,0,392,74849.8,OK,,,,,
2026-04-30 11:57:09,36.4,44,0.3,392,75081.5,OK,,,,,
2026-04-30 11:57:25,18.9,44,0,392,75473.3,OK,,,,,
2026-04-30 11:57:41,19,44,0.4,392,73272.2,OK,,,,,
2026-04-30 11:57:57,19,43,1.7,392,74762.8,OK,,,,,
2026-04-30 11:58:13,-40,0,0,0,0,OK,,,,,
2026-04-30 11:58:29,18.7,45,0.8,392,73637.6,OK,,,,,
2026-04-30 11:58:45,18.5,45,0.6,392,73939.2,OK,,,,,
2026-04-30 11:59:49,17.9,45,1,392,72109.3,OK,,,,,
2026-04-30 12:00:21,18,45,0.7,392,74290.1,OK,,,,,
2026-04-30 12:00:37,18.1,45,2.1,392,75560.3,OK,,,,,
2026-04-30 12:00:53,17.9,46,0.8,392,76169.3,OK,,,,,
2026-04-30 12:01:09,18,46,1.3,392,75052.8,OK,,,,,
2026-04-30 12:01:25,18,45,1,392,75438.5,OK,,,,,
2026-04-30 12:01:41,-40,0,0,0,0,OK,,,,,
2026-04-30 12:01:57,18.1,45,1.3,392,74812.1,OK,,,,,
2026-04-30 12:02:13,18.1,46,2,392,75052.8,OK,,,,,
2026-04-30 12:02:29,18.1,46,1,392,73988.5,OK,,,,,
2026-04-30 12:02:45,-40,0,0,0,0,OK,,,,,
2026-04-30 12:03:01,18.5,46,1.4,392,75223.9,OK,,,,,
2026-04-30 12:03:17,18.5,46,0.1,392,75644.4,OK,,,,,
2026-04-30 12:03:33,-40,0,0,0,0,OK,,,,,
2026-04-30 12:03:49,-40,0,0,0,0,OK,,,,,
2026-04-30 12:04:05,18.7,45,1.1,392,75777.8,OK,,,,,
2026-04-30 12:04:21,18.9,45,0.8,392,75247.1,OK,,,,,
2026-04-30 12:04:37,18.8,45,0.4,392,75716.9,OK,,,,,
2026-04-30 12:04:53,18.7,124,2.1,392,75450.1,OK,,,,,
2026-04-30 12:05:09,18.5,44,2.7,392,76108.4,OK,,,,,
2026-04-30 12:05:25,-40,0,0,0,0,OK,,,,,
2026-04-30 12:05:41,18.2,45,1.8,392,76523.1,OK,,,,,
2026-04-30 12:05:57,18,47,2.4,392,77030.3,OK,,,,,
2026-04-30 12:06:13,17.9,47,1,392,77024.8,OK,,,,,
2026-04-30 12:06:29,-40,0,0,0,0,OK,,,,,
2026-04-30 12:06:45,17.8,47,0.3,392,76920.4,OK,,,,,
2026-04-30 12:07:01,17.9,46,1.8,392,76392.6,OK,,,,,
2026-04-30 12:07:17,17.7,43,1.7,392,76479.6,OK,,,,,
2026-04-30 12:07:33,17.7,43,1.3,392,75914.1,OK,,,,,
2026-04-30 12:07:49,-40,0,0,0,0,OK,,,,,
2026-04-30 12:08:05,17.7,43,0.7,392,75832.9,OK,,,,,
2026-04-30 12:08:21,17.7,43,1,392,75029.6,OK,,,,,
2026-04-30 12:08:37,-40,0,0,0,0,OK,,,,,
2026-04-30 12:08:53,-40,0,0,0,0,OK,,,,,
2026-04-30 12:09:09,17.9,45,0.1,392,75290.6,OK,,,,,
2026-04-30 12:09:25,17.9,45,1.4,392,74768.6,OK,,,,,
2026-04-30 12:09:41,17.8,43,2.4,392,74446.7,OK,,,,,
2026-04-30 12:09:57,17.7,43,2.4,392,73518.7,OK,,,,,
2026-04-30 12:10:13,17.5,44,1.4,392,74597.5,OK,,,,,
2026-04-30 12:10:29,17.4,47,1.3,392,74951.3,OK,,,,,
2026-04-30 12:10:45,-8.1,48,36.4,392,74150.9,OK,,,,,
2026-04-30 12:11:01,17.6,48,0.3,392,73681.1,OK,,,,,
2026-04-30 12:11:17,19.1,46,0.8,392,73675.3,OK,,,,,
2026-04-30 12:11:33,30.7,47,1.5,392,72947.4,OK,,,,,
2026-04-30 12:11:49,17.9,46,0.8,392,72877.8,OK,,,,,
2026-04-30 12:12:05,17.9,45,1.4,392,73614.4,OK,,,,,
2026-04-30 12:12:21,18,45,0.7,392,72967.7,OK,,,,,
2026-04-30 12:12:37,18.2,44,0.7,392,73472.3,OK,,,,,
2026-04-30 12:12:53,18.4,43,0.6,392,73681.1,OK,,,,,
2026-04-30 12:13:09,18.5,41,0,392,74275.6,OK,,,,,
2026-04-30 12:13:41,18.7,40,0.7,392,75183.3,OK,,,,,
2026-04-30 12:13:57,-40,0,0,0,0,OK,,,,,
2026-04-30 12:14:13,18.5,43,1.5,392,74664.2,OK,,,,,
2026-04-30 12:14:29,18.4,43,17.8,392,74351,OK,,,,,
2026-04-30 12:14:45,18.1,43,1.1,392,74090,OK,,,,,
2026-04-30 12:15:01,18,44,1.1,392,75429.8,OK,,,,,
2026-04-30 12:15:17,18,44,0.3,392,74446.7,OK,,,,,
2026-04-30 12:15:33,18.2,44,0.4,392,75090.5,OK,,,,,
2026-04-30 12:15:49,18.5,63,1,392,75099.2,OK,,,,,
2026-04-30 12:16:05,18.7,42,0.1,392,74826.6,OK,,,,,
2026-04-30 12:16:21,18.7,41,0.4,392,74377.1,OK,,,,,
2026-04-30 12:16:37,18.9,41,0.6,392,76888.5,OK,,,,,
2026-04-30 12:16:53,19,41,0.1,392,78550.2,OK,,,,,
2026-04-30 12:17:09,-40,0,0,0,0,OK,,,,,
2026-04-30 12:17:25,19,42,0.8,392,76882.7,OK,,,,,
2026-04-30 12:17:41,19.1,41,0,392,76601.4,OK,,,,,
2026-04-30 12:17:57,19.1,41,0.3,392,77538.1,OK,,,,,
2026-04-30 12:18:13,19.1,42,0.3,392,78086.2,OK,,,,,
2026-04-30 12:18:29,19.2,43,0.3,392,78092,OK,,,,,
2026-04-30 12:18:45,19.3,43,0.3,392,77889,OK,,,,,
2026-04-30 12:19:01,19.2,43,0,392,78625.6,OK,,,,,
2026-04-30 12:19:17,19.3,44,0,392,78587.9,OK,,,,,
2026-04-30 12:19:33,19.3,44,1.3,392,78263.1,OK,,,,,
2026-04-30 12:19:49,-40,0,0,0,0,OK,,,,,
2026-04-30 12:20:05,19,45,0.1,392,79727.6,OK,,,,,
2026-04-30 12:20:21,19,45,0,392,79588.4,OK,,,,,
2026-04-30 12:20:37,19.1,45,1.3,392,78892.4,OK,,,,,
2026-04-30 12:20:53,18.9,44,2.1,392,79562.3,OK,,,,,
2026-04-30 12:21:09,-40,0,0,0,0,OK,,,,,
2026-04-30 12:21:25,18.8,43,0.3,392,79063.5,OK,,,,,
2026-04-30 12:21:41,18.8,43,1,392,79681.2,OK,,,,,
2026-04-30 12:21:57,18.7,42,1,392,80226.4,OK,,,,,
2026-04-30 12:22:13,18.8,42,0.3,392,80026.3,OK,,,,,
2026-04-30 12:22:29,18.8,42,0.6,392,79498.5,OK,,,,,
2026-04-30 12:22:45,-40,0,0,0,0,OK,,,,,
2026-04-30 12:23:01,19,42,0.3,392,78788,OK,,,,,
2026-04-30 12:23:17,19,43,0.7,392,78973.6,OK,,,,,
2026-04-30 12:23:33,19.1,42,0,392,77210.4,OK,,,,,
2026-04-30 12:23:49,19.3,42,0.3,392,75087.6,OK,,,,,
2026-04-30 12:24:05,-40,0,0,0,0,OK,,,,,
2026-04-30 12:24:21,19.3,41,1.1,392,73631.8,OK,,,,,
2026-04-30 12:24:37,19.3,42,0.8,392,75325.4,OK,,,,,
2026-04-30 12:24:53,19.3,42,2.2,392,76272.6,OK,,,,,
2026-04-30 12:25:09,-40,0,0,0,0,OK,,,,,
2026-04-30 12:25:25,18.7,41,1.7,392,76386.8,OK,,,,,
2026-04-30 12:25:41,18.6,41,1.5,392,416736.1,OK,,,,,
2026-04-30 12:25:57,18.5,42,1.8,392,75476.2,OK,,,,,
2026-04-30 12:26:13,18.3,41,0.7,392,78022.3,OK,,,,,
2026-04-30 12:26:29,18.3,41,1.1,392,76650.7,OK,,,,,
2026-04-30 12:26:45,-40,0,0,0,0,OK,,,,,
2026-04-30 12:27:01,-40,0,0,0,0,OK,,,,,
2026-04-30 12:27:17,18.6,41,1.3,392,80536.7,OK,,,,,
2026-04-30 12:27:33,18.8,40,0.6,392,81131.2,OK,,,,,
2026-04-30 12:27:49,-40,0,0,0,0,OK,,,,,
2026-04-30 12:28:05,19,40,1.4,392,81896.8,OK,,,,,
2026-04-30 12:28:21,18.9,41,1.8,392,82076.6,OK,,,,,
2026-04-30 12:28:37,18.9,41,1.4,392,82033.1,OK,,,,,
2026-04-30 12:28:53,18.9,41,0.1,392,81625.1,OK,,,,,
2026-04-30 12:29:09,18.9,41,0.7,392,81882.3,OK,,,,,
2026-04-30 12:29:25,-40,0,0,0,0,OK,,,,,
2026-04-30 12:29:41,18.7,42,0.8,392,82366.6,OK,,,,,
2026-04-30 12:29:57,-40,0,0,0,0,OK,,,,,
2026-04-30 12:30:13,18.5,39,1.3,392,82734.9,OK,,,,,
2026-04-30 12:30:29,-40,0,0,0,0,OK,,,,,
2026-04-30 12:30:45,18.4,42,0,392,80078.5,OK,,,,,
2026-04-30 12:31:01,18.5,41,0.1,392,80461.3,OK,,,,,
2026-04-30 12:31:17,18.4,41,3.4,392,79573.9,OK,,,,,
2026-04-30 12:31:33,18.1,41,2,392,393360.8,OK,,,,,
2026-04-30 12:31:49,17.9,42,1,392,79820.4,OK,,,,,
2026-04-30 12:32:05,17.9,43,1,392,80049.5,OK,,,,,
2026-04-30 12:32:21,17.9,45,1.5,392,79115.7,OK,,,,,
2026-04-30 12:32:37,-40,0,0,0,0,OK,,,,,
2026-04-30 12:32:53,18.2,44,0.3,392,78738.7,OK,,,,,
2026-04-30 12:33:09,18.5,43,0.4,392,78112.3,OK,,,,,
2026-04-30 12:33:25,18.7,43,18.1,392,78208,OK,,,,,
2026-04-30 12:33:41,-40,0,0,0,0,OK,,,,,
2026-04-30 12:33:57,19,42,0.6,392,79878.4,OK,,,,,
2026-04-30 12:34:13,19,42,0.3,392,79843.6,OK,,,,,
2026-04-30 12:34:29,19,41,0.6,392,80333.7,OK,,,,,
2026-04-30 12:34:45,19.1,41,0.6,392,80339.5,OK,,,,,
2026-04-30 12:35:01,19.3,40,0.6,392,79898.7,OK,,,,,
2026-04-30 12:35:17,19.4,41,1,392,80551.2,OK,,,,,
2026-04-30 12:35:33,19.4,41,0.6,392,80536.7,OK,,,,,
2026-04-30 12:35:49,19.4,41,0.4,392,80580.2,OK,,,,,
2026-04-30 12:36:05,19.3,41,0.1,392,80829.6,OK,,,,,
2026-04-30 12:36:21,-40,0,0,0,0,OK,,,,,
2026-04-30 12:36:37,-40,0,0,0,0,OK,,,,,
2026-04-30 12:36:53,19.8,41,1.8,392,81621.3,OK,,,,,
2026-04-30 12:37:09,19.8,41,0.7,392,82181,OK,,,,,
2026-04-30 12:37:25,19.7,40,0.8,392,82772.6,OK,,,,,
2026-04-30 12:37:41,19.7,41,0.6,392,82876.1,OK,,,,,
2026-04-30 12:37:57,19.5,43,1.4,392,79776.9,OK,,,,,
2026-04-30 12:38:13,19.5,43,0.4,392,81891,OK,,,,,
2026-04-30 12:38:29,-40,0,0,0,0,OK,,,,,
2026-04-30 12:38:45,19.4,44,0.3,392,82792.9,OK,,,,,
2026-04-30 12:39:01,19.4,44,0.7,392,83201.8,OK,,,,,
2026-04-30 12:39:17,19.5,44,0.3,392,82549.3,OK,,,,,
2026-04-30 12:39:33,-40,0,0,0,0,OK,,,,,
2026-04-30 12:39:49,19.5,45,1.7,392,77680.2,OK,,,,,
2026-04-30 12:40:05,19.3,47,0.1,392,80206.1,OK,,,,,
2026-04-30 12:40:21,19.2,47,0.8,392,81641.6,OK,,,,,
2026-04-30 12:40:37,19.1,48,0.6,392,83259.8,OK,,,,,
2026-04-30 12:40:53,19,49,1.1,408,82352.1,OK,,,,,
2026-04-30 12:41:09,-40,0,0,0,0,OK,,,,,
2026-04-30 12:41:25,18.8,49,2.2,392,73720.5,OK,,,,,
2026-04-30 12:41:41,18.7,49,0.6,392,77103.1,OK,,,,,
2026-04-30 12:41:57,18.7,49,1.7,392,78479.3,OK,,,,,
2026-04-30 12:42:13,18.8,50,0.3,392,80678.8,OK,,,,,
2026-04-30 12:42:29,18.7,50,1.4,392,81032.6,OK,,,,,
2026-04-30 12:42:45,-40,0,0,0,0,OK,,,,,
2026-04-30 12:43:01,18.2,52,0.3,392,78376.2,OK,,,,,
2026-04-30 12:43:17,18.3,50,1.4,392,77599,OK,,,,,
2026-04-30 12:43:33,18.1,49,2.5,392,77799.1,OK,,,,,
2026-04-30 12:43:49,-7.6,47,37.9,392,73568,OK,,,,,
2026-04-30 12:44:21,17.6,52,1.3,392,72674.8,OK,,,,,
2026-04-30 12:44:37,-40,0,0,0,0,OK,,,,,
2026-04-30 12:44:53,17.6,51,0.6,392,76981.3,OK,,,,,
2026-04-30 12:45:09,17.6,51,2.5,392,78332.7,OK,,,,,
2026-04-30 12:45:25,17.5,52,2.1,392,79428.9,OK,,,,,
2026-04-30 12:45:41,17.5,52,1.3,392,78805.4,OK,,,,,
2026-04-30 12:45:57,17.5,53,1.4,392,79930.6,OK,,,,,
2026-04-30 12:46:13,17.5,53,1.1,392,80948.5,OK,,,,,
2026-04-30 12:46:29,17.5,53,2.9,392,80716.5,OK,,,,,
2026-04-30 12:46:45,-40,0,0,0,0,OK,,,,,
2026-04-30 12:47:01,17.2,52,2.4,392,80615,OK,,,,,
2026-04-30 12:47:17,17.2,52,1,392,78318.2,OK,,,,,
2026-04-30 12:47:33,17.3,52,1.3,392,75774.9,OK,,,,,
2026-04-30 12:47:49,17.4,52,1,392,72819.8,OK,,,,,
2026-04-30 12:48:05,17.6,52,0.1,392,76215.7,OK,,,,,
2026-04-30 12:48:21,17.6,51,0.6,392,77804.9,OK,,,,,
2026-04-30 12:48:37,-40,0,0,0,0,OK,,,,,
2026-04-30 12:48:53,-40,0,0,0,0,OK,,,,,
2026-04-30 12:49:09,18,51,0.3,392,71578.6,OK,,,,,
2026-04-30 12:49:25,18.1,50,0.8,392,61492.4,OK,,,,,
2026-04-30 12:49:41,-40,0,0,0,0,OK,,,,,
2026-04-30 12:49:57,18.3,49,0.7,392,70125.7,OK,,,,,
2026-04-30 12:50:13,-40,0,0,0,0,OK,,,,,
2026-04-30 12:50:29,18.5,49,1,440,71749.7,OK,,,,,
2026-04-30 12:50:45,18.4,50,0,392,75580.6,OK,,,,,
2026-04-30 12:51:01,18.5,51,0,392,71799,OK,,,,,
2026-04-30 12:51:17,18.5,52,0.6,392,74559.8,OK,,,,,
2026-04-30 12:51:33,18.6,52,0.6,392,77657,OK,,,,,
2026-04-30 12:51:49,-40,0,0,0,0,OK,,,,,
2026-04-30 12:52:05,18.4,53,1,392,76595.6,OK,,,,,
2026-04-30 12:52:21,18.3,53,0.8,392,77248.1,OK,,,,,
2026-04-30 12:52:37,18.2,55,1.1,392,78442.9,OK,,,,,
2026-04-30 12:52:53,-40,0,0,0,0,OK,,,,,
2026-04-30 12:53:09,17.9,54,0.7,392,73672.4,OK,,,,,
2026-04-30 12:53:25,17.9,53,1.4,392,64540.3,OK,,,,,
2026-04-30 12:53:41,-40,0,0,0,0,OK,,,,,
2026-04-30 12:53:57,-40,0,0,0,0,OK,,,,,
2026-04-30 12:54:13,18,51,1.4,392,64543.2,OK,,,,,
2026-04-30 12:54:29,-40,0,0,0,0,OK,,,,,
2026-04-30 12:54:45,17.9,52,0.4,392,77541,OK,,,,,
2026-04-30 12:55:01,18,53,0.6,408,80035,OK,,,,,
2026-04-30 12:55:17,17.8,53,1.7,392,72036.8,OK,,,,,
2026-04-30 12:55:33,17.8,53,1.4,392,80281.5,OK,,,,,
2026-04-30 12:55:49,17.7,54,1.4,392,82134.6,OK,,,,,
2026-04-30 12:56:05,17.6,55,2,392,81708.3,OK,,,,,
2026-04-30 12:56:21,17.6,54,0.4,392,80803.5,OK,,,,,
2026-04-30 12:56:37,17.5,55,2.1,392,79295.5,OK,,,,,
2026-04-30 12:56:53,17.5,54,0.6,392,78886.6,OK,,,,,
2026-04-30 12:57:09,17.6,55,0.8,392,1281988.5,OK,,,,,
2026-04-30 12:57:41,-40,0,0,0,0,OK,,,,,
2026-04-30 12:57:57,17.8,53,2.4,392,77198.8,OK,,,,,
2026-04-30 12:58:13,17.7,53,0.7,392,71387.2,OK,,,,,
2026-04-30 12:58:29,17.7,54,1.1,392,71471.3,OK,,,,,
2026-04-30 12:58:45,17.5,54,2.4,392,75824.2,OK,,,,,
2026-04-30 12:59:01,17.4,51,1.3,392,76146.9,OK,,,,,
2026-04-30 13:00:05,-40,0,0,0,0,OK,,,,,
2026-04-30 13:00:21,17.4,55,2.1,392,81534.3,OK,,,,,
2026-04-30 13:00:37,17.5,55,1.7,392,81514,OK,,,,,
2026-04-30 13:00:53,17.5,53,0.7,392,80298.9,OK,,,,,
2026-04-30 13:01:09,17.4,53,2.2,392,80664.3,OK,,,,,
2026-04-30 13:01:25,17.3,54,2,392,80545.4,OK,,,,,
2026-04-30 13:01:41,36.4,155,2.2,392,80333.7,OK,,,,,
2026-04-30 13:01:57,17.3,54,1.5,392,79191.1,OK,,,,,
2026-04-30 13:02:13,17.2,54,2.2,392,77764.3,OK,,,,,
2026-04-30 13:02:29,17.3,55,1.8,392,79878.4,OK,,,,,
2026-04-30 13:02:45,17.3,54,0.1,392,80606.3,OK,,,,,
2026-04-30 13:03:01,17.4,54,1,392,81673.5,OK,,,,,
2026-04-30 13:03:17,17.7,53,0.4,392,78950.4,OK,,,,,
2026-04-30 13:03:33,17.8,52,1.7,392,78964.9,OK,,,,,
2026-04-30 13:03:49,17.8,51,0.7,392,80646.9,OK,,,,,
2026-04-30 13:04:05,17.6,52,2.5,392,82320.2,OK,,,,,
2026-04-30 13:04:21,17.6,54,0.6,392,81627.1,OK,,,,,
2026-04-30 13:04:37,-40,0,0,0,0,OK,,,,,
2026-04-30 13:05:09,17.8,52,0.3,392,80994.9,OK,,,,,
2026-04-30 13:05:25,17.8,53,1.1,392,80394.6,OK,,,,,
2026-04-30 13:05:41,17.8,54,0.1,392,83143.8,OK,,,,,
2026-04-30 13:05:57,17.9,54,0.7,392,84724.3,OK,,,,,
2026-04-30 13:06:13,18,54,1.5,392,84851.9,OK,,,,,
2026-04-30 13:06:29,-40,0,0,0,0,OK,,,,,
2026-04-30 13:06:45,17.8,55,0,392,79310,OK,,,,,
2026-04-30 13:07:01,-40,0,0,0,0,OK,,,,,
2026-04-30 13:07:17,18.1,53,1,392,81029.7,OK,,,,,
2026-04-30 13:07:33,18.2,52,0.8,392,80965.9,OK,,,,,
2026-04-30 13:07:49,18.1,53,0.6,392,79315.8,OK,,,,,
2026-04-30 13:08:05,18,54,1.8,392,82154.9,OK,,,,,
2026-04-30 13:08:21,18,53,1.3,392,82273.8,OK,,,,,
2026-04-30 13:08:37,18.1,253,0.1,392,73420.1,OK,,,,,
2026-04-30 13:08:53,18.1,53,1.5,440,74275.6,OK,,,,,
2026-04-30 13:09:09,18.2,52,0.6,392,77813.6,OK,,,,,
2026-04-30 13:09:25,18.1,52,1.3,392,78828.6,OK,,,,,
2026-04-30 13:09:41,18.1,52,1.5,392,82346.3,OK,,,,,
2026-04-30 13:09:57,-40,0,0,0,0,OK,,,,,
2026-04-30 13:10:13,18.1,53,0.6,392,80913.7,OK,,,,,
2026-04-30 13:10:29,18.1,52,13.4,392,80507.7,OK,,,,,
2026-04-30 13:10:45,18,52,1.3,392,81006.5,OK,,,,,
2026-04-30 13:11:01,18,52,0.4,392,80351.1,OK,,,,,
2026-04-30 13:11:17,18.2,52,0.3,392,79379.6,OK,,,,,
2026-04-30 13:11:33,18.3,52,0.8,392,78442.9,OK,,,,,
2026-04-30 13:11:49,18.4,51,1,392,81012.3,OK,,,,,
2026-04-30 13:12:05,-40,0,0,0,0,OK,,,,,
2026-04-30 13:12:21,-40,0,0,0,0,OK,,,,,
2026-04-30 13:12:37,18.6,52,0.1,392,85765.4,OK,,,,,
2026-04-30 13:12:53,18.7,51,0.1,392,84802.6,OK,,,,,
2026-04-30 13:13:09,18.8,51,0.7,392,83410.6,OK,,,,,
2026-04-30 13:13:25,-40,0,0,0,0,OK,,,,,
2026-04-30 13:13:41,18.9,51,0.7,452,84796.8,OK,,,,,
2026-04-30 13:13:57,18.8,51,1.1,392,85898.8,OK,,,,,
2026-04-30 13:14:13,18.6,51,0.7,392,84834.5,OK,,,,,
2026-04-30 13:14:29,18.5,51,1.4,392,83338.1,OK,,,,,
2026-04-30 13:14:45,18.5,51,1.4,392,84866.4,OK,,,,,
2026-04-30 13:15:01,-40,0,0,0,0,OK,,,,,
2026-04-30 13:15:17,18.6,49,0.8,392,84202.3,OK,,,,,
2026-04-30 13:15:33,-40,0,0,0,0,OK,,,,,
2026-04-30 13:15:49,18.6,50,0.4,392,78788,OK,,,,,
2026-04-30 13:16:05,18.6,50,0.6,392,77120.5,OK,,,,,
2026-04-30 13:16:21,18.8,50,1.1,392,72225.3,OK,,,,,
2026-04-30 13:16:37,18.7,49,1.1,392,72857.5,OK,,,,,
2026-04-30 13:16:53,18.6,50,0.8,392,76090.9,OK,,,,,
2026-04-30 13:17:09,18.6,50,1,392,78500.9,OK,,,,,
2026-04-30 13:17:25,18.6,51,0.8,392,86388.9,OK,,,,,
2026-04-30 13:17:41,18.6,51,0.1,392,85536.3,OK,,,,,
2026-04-30 13:17:57,-40,0,0,0,0,OK,,,,,
2026-04-30 13:18:13,18.9,53,0.7,392,80997.8,OK,,,,,
2026-04-30 13:18:29,18.9,51,0.6,392,75122.4,OK,,,,,
2026-04-30 13:18:45,-40,0,0,0,0,OK,,,,,
2026-04-30 13:19:01,18.7,51,0,392,68736.6,OK,,,,,
2026-04-30 13:19:17,-40,0,0,0,0,OK,,,,,
2026-04-30 13:19:33,18.8,52,0.3,392,77662.8,OK,,,,,
2026-04-30 13:19:49,18.9,51,0.4,392,82265.1,OK,,,,,
2026-04-30 13:20:05,19,51,0.3,392,84347.3,OK,,,,,
2026-04-30 13:20:21,19,51,1.1,392,882507.1,OK,,,,,
2026-04-30 13:20:37,18.7,51,3.2,511,86948.6,OK,,,,,
2026-04-30 13:20:53,18.5,53,0.4,392,87450.3,OK,,,,,
2026-04-30 13:21:09,18.4,53,0.4,392,88836.5,OK,,,,,
2026-04-30 13:21:25,18.5,53,0.6,392,90373.5,OK,,,,,
2026-04-30 13:21:41,-40,0,0,0,0,OK,,,,,
2026-04-30 13:21:57,-40,0,0,0,0,OK,,,,,
2026-04-30 13:22:13,18.5,52,2.1,392,85205.7,OK,,,,,
2026-04-30 13:22:29,18.2,53,2.1,392,81447.3,OK,,,,,
2026-04-30 13:22:45,18,52,1.5,392,81441.5,OK,,,,,
2026-04-30 13:23:01,18,53,1.1,392,80873.1,OK,,,,,
2026-04-30 13:23:17,27.4,54,2,392,71384.3,OK,,,,,
2026-04-30 13:23:33,17.9,55,1.7,392,71381.4,OK,,,,,
2026-04-30 13:23:49,17.7,56,1.7,392,65752.5,OK,,,,,
2026-04-30 13:24:05,17.7,57,0.1,392,69870.5,OK,,,,,
2026-04-30 13:24:21,17.8,55,0.8,392,68211.7,OK,,,,,
2026-04-30 13:24:37,-40,0,0,0,0,OK,,,,,
2026-04-30 13:24:53,17.7,54,1.8,392,82877,OK,,,,,
2026-04-30 13:25:09,-40,0,0,0,0,OK,,,,,
2026-04-30 13:25:25,-40,0,0,0,0,OK,,,,,
2026-04-30 13:25:41,-40,0,0,0,0,OK,,,,,
2026-04-30 13:25:57,17.7,54,1.1,392,81966.4,OK,,,,,
2026-04-30 13:26:13,17.6,55,1.5,392,1417199,OK,,,,,
2026-04-30 13:26:29,17.7,55,2,392,85118.7,OK,,,,,
2026-04-30 13:26:45,17.8,55,0.6,392,80107.5,OK,,,,,
2026-04-30 13:27:01,17.9,56,1.7,392,77729.5,OK,,,,,
2026-04-30 13:27:17,17.8,56,2.5,392,73344.7,OK,,,,,
2026-04-30 13:27:33,17.7,56,1,392,73649.2,OK,,,,,
2026-04-30 13:27:49,17.6,55,2.1,392,69719.7,OK,,,,,
2026-04-30 13:28:05,17.5,55,1.3,392,61196.6,OK,,,,,
2026-04-30 13:28:21,17.4,54,1.3,392,69563.1,OK,,,,,
2026-04-30 13:28:37,17.5,54,1.4,392,80036,OK,,,,,
2026-04-30 13:28:53,17.5,54,1.1,392,83767.3,OK,,,,,
2026-04-30 13:29:09,-40,0,0,0,0,OK,,,,,
2026-04-30 13:29:25,-40,0,0,0,0,OK,,,,,
2026-04-30 13:29:41,17.9,53,0.3,392,83291.7,OK,,,,,
2026-04-30 13:29:57,18,53,0,392,84909.9,OK,,,,,
2026-04-30 13:30:13,18.1,53,0.4,392,82906,OK,,,,,
2026-04-30 13:30:29,18.4,54,1,392,83538.2,OK,,,,,
2026-04-30 13:30:45,18.3,53,2.2,392,80709.4,OK,,,,,
2026-04-30 13:31:01,18.3,53,1.8,392,79826.2,OK,,,,,
2026-04-30 13:31:17,18.2,53,1.4,392,82340.5,OK,,,,,
2026-04-30 13:31:33,18.1,52,1,392,74194.4,OK,,,,,
2026-04-30 13:31:49,-40,0,0,0,0,OK,,,,,
2026-04-30 13:32:05,18.2,51,1.1,392,78184.8,OK,,,,,
2026-04-30 13:32:21,-40,0,0,0,0,OK,,,,,
2026-04-30 13:32:37,-40,0,0,0,0,OK,,,,,
2026-04-30 13:32:53,-7.3,51,116.3,392,76874,OK,,,,,
2026-04-30 13:33:09,18.3,51,0.6,392,80139.4,OK,,,,,
2026-04-30 13:33:25,18.2,51,1.4,392,86098.9,OK,,,,,
2026-04-30 13:33:41,18.2,51,0.6,392,87209.6,OK,,,,,
2026-04-30 13:33:57,18.1,52,1.4,392,86707.9,OK,,,,,
2026-04-30 13:34:13,-40,0,0,0,0,OK,,,,,
2026-04-30 13:34:29,18.3,50,0.7,392,85011.4,OK,,,,,
2026-04-30 13:34:45,120.6,50,37.8,392,83407.7,OK,,,,,
2026-04-30 13:35:01,18.3,50,0.8,392,83987.7,OK,,,,,
2026-04-30 13:35:17,18.3,50,1.1,392,83532.4,OK,,,,,
2026-04-30 13:35:33,-40,0,0,0,0,OK,,,,,
2026-04-30 13:35:49,18.6,50,0.3,392,87502.5,OK,,,,,
2026-04-30 13:36:05,18.7,49,0.4,392,1283456.3,OK,,,,,
2026-04-30 13:36:21,18.7,48,0.6,392,87229.9,OK,,,,,
2026-04-30 13:36:37,18.8,48,1.1,392,1417067.3,OK,,,,,
2026-04-30 13:36:53,18.9,48,1.4,392,88326.1,OK,,,,,
2026-04-30 13:37:09,18.7,47,1.7,392,88015.8,OK,,,,,
2026-04-30 13:37:25,18.7,48,1.1,392,88624.8,OK,,,,,
2026-04-30 13:37:41,18.7,47,1.1,392,88155,OK,,,,,
2026-04-30 13:37:57,18.7,48,0.8,392,87540.2,OK,,,,,
2026-04-30 13:38:13,18.6,47,2.1,392,84501,OK,,,,,
2026-04-30 13:38:29,-40,0,0,0,0,OK,,,,,
2026-04-30 13:38:45,18.6,47,0.8,392,83659.7,OK,,,,,
2026-04-30 13:39:01,18.7,47,0.7,392,82378.2,OK,,,,,
2026-04-30 13:39:17,18.8,47,0.8,392,85289.8,OK,,,,,
2026-04-30 13:39:33,18.9,47,0.6,392,76949.4,OK,,,,,
2026-04-30 13:39:49,18.9,46,0.6,392,81334.2,OK,,,,,
2026-04-30 13:40:05,18.9,46,0.4,392,82935,OK,,,,,
2026-04-30 13:40:21,-40,0,0,0,0,OK,,,,,
2026-04-30 13:40:37,-40,0,0,0,0,OK,,,,,
2026-04-30 13:40:53,18.8,44,1.1,392,87302.4,OK,,,,,
2026-04-30 13:41:57,-40,0,0,0,0,OK,,,,,
2026-04-30 13:42:13,18.6,48,1.1,392,82424.6,OK,,,,,
2026-04-30 13:42:29,18.6,49,0.6,392,84141.4,OK,,,,,
2026-04-30 13:42:45,18.6,48,1.3,392,87363.3,OK,,,,,
2026-04-30 13:43:01,18.6,48,0.3,392,87870.8,OK,,,,,
2026-04-30 13:43:17,18.7,48,0.3,392,87583.7,OK,,,,,
2026-04-30 13:43:33,18.8,48,0.7,392,87073.3,OK,,,,,
2026-04-30 13:43:49,-40,0,0,0,0,OK,,,,,
2026-04-30 13:44:05,19,204,0.1,392,86968.9,OK,,,,,
2026-04-30 13:44:21,-40,0,0,0,0,OK,,,,,
2026-04-30 13:44:37,19.1,48,0.8,392,85632,OK,,,,,
2026-04-30 13:44:53,19.2,48,0,392,86359.9,OK,,,,,
2026-04-30 13:45:09,19.3,47,0.8,392,1659052.8,OK,,,,,
2026-04-30 13:45:25,19.1,46,1.4,392,86171.4,OK,,,,,
2026-04-30 13:45:41,-40,0,0,0,0,OK,,,,,
2026-04-30 13:45:57,18.9,48,1.3,392,82366.6,OK,,,,,
2026-04-30 13:46:13,18.9,48,2.1,392,82566.7,OK,,,,,
2026-04-30 13:46:29,18.8,49,1.7,392,86777.5,OK,,,,,
2026-04-30 13:46:45,-40,0,0,0,0,OK,,,,,
2026-04-30 13:47:01,18.6,48,4.3,392,75479.1,OK,,,,,
2026-04-30 13:47:17,18.5,48,2.7,392,81406.7,OK,,,,,
2026-04-30 13:47:33,18.3,51,2,392,85507.3,OK,,,,,
2026-04-30 13:48:37,17.8,51,1.8,392,80449.7,OK,,,,,
2026-04-30 13:48:53,17.7,50,1.4,392,83738.3,OK,,,,,
2026-04-30 13:49:09,17.8,50,0,392,86444,OK,,,,,
2026-04-30 13:49:25,18.1,50,0.7,392,85959.7,OK,,,,,
2026-04-30 13:49:41,18.2,50,1.3,392,82482.6,OK,,,,,
2026-04-30 13:49:57,18.3,50,0.3,392,79225.9,OK,,,,,
2026-04-30 13:50:13,-40,0,0,0,0,OK,,,,,
2026-04-30 13:50:29,18.6,50,0.8,392,71572.8,OK,,,,,
2026-04-30 13:50:45,18.9,49,0.8,392,70230.1,OK,,,,,
2026-04-30 13:51:01,18.8,48,1,392,79452.1,OK,,,,,
2026-04-30 13:51:17,-40,0,0,0,0,OK,,,,,
2026-04-30 13:51:33,-40,0,0,0,0,OK,,,,,
2026-04-30 13:51:49,19,48,1.5,392,397899.3,OK,,,,,
2026-04-30 13:52:05,18.8,49,2.1,392,85953.9,OK,,,,,
2026-04-30 13:52:21,-40,0,0,0,0,OK,,,,,
2026-04-30 13:52:37,18.6,153,0.8,392,86600.6,OK,,,,,
2026-04-30 13:52:53,18.6,50,0.8,392,87630.1,OK,,,,,
2026-04-30 13:53:09,18.6,50,0,392,87804.1,OK,,,,,
2026-04-30 13:53:25,18.8,50,0,392,87169,OK,,,,,
2026-04-30 13:53:41,19,49,0,392,83007.5,OK,,,,,
2026-04-30 13:53:57,19.2,48,0.3,392,72376.1,OK,,,,,
2026-04-30 13:54:13,19.4,47,0.3,392,64589.6,OK,,,,,
2026-04-30 13:54:29,19.4,46,0.6,392,71282.2,OK,,,,,
2026-04-30 13:54:45,19.5,46,1,392,66428.2,OK,,,,,
2026-04-30 13:55:01,19.5,45,0.7,392,71456.8,OK,,,,,
2026-04-30 13:55:17,19.6,45,0,392,76456.4,OK,,,,,
2026-04-30 13:55:33,19.9,44,0.3,392,85005.6,OK,,,,,
2026-04-30 13:55:49,19.9,42,0.6,392,86154,OK,,,,,
2026-04-30 13:56:05,19.8,42,1.4,392,81844.6,OK,,,,,
2026-04-30 13:56:21,-40,0,0,0,0,OK,,,,,
2026-04-30 13:56:37,23.6,41,1.4,392,76534.7,OK,,,,,
2026-04-30 13:56:53,19.7,42,0.1,392,80823.8,OK,,,,,
2026-04-30 13:57:09,19.9,42,0.1,392,83813.7,OK,,,,,
2026-04-30 13:57:25,20.1,41,0,392,83744.1,OK,,,,,
2026-04-30 13:57:41,20.2,41,0.1,392,85945.2,OK,,,,,
2026-04-30 13:57:57,20.3,42,1.3,392,88128.9,OK,,,,,
2026-04-30 13:58:13,20.4,42,0.7,392,88735,OK,,,,,
2026-04-30 13:58:29,20.4,42,0.8,452,90309.7,OK,,,,,
2026-04-30 13:58:45,-40,0,0,0,0,OK,,,,,
2026-04-30 13:59:01,20.1,41,1,392,90651.9,OK,,,,,
2026-04-30 13:59:17,20,41,0.3,392,90469.2,OK,,,,,
2026-04-30 13:59:33,20,41,0.1,392,90353.2,OK,,,,,
2026-04-30 13:59:49,19.8,42,0,392,82311.5,OK,,,,,
2026-04-30 14:00:05,19.8,43,1.4,392,79208.5,OK,,,,,
2026-04-30 14:00:21,19.7,43,0.1,392,66341.2,OK,,,,,
2026-04-30 14:00:37,19.7,43,0.6,392,83207.6,OK,,,,,
2026-04-30 14:00:53,19.7,43,2.1,392,87569.2,OK,,,,,
2026-04-30 14:01:09,19.4,44,18.5,392,88764,OK,,,,,
2026-04-30 14:01:25,121.8,44,37.2,392,86142.4,OK,,,,,
2026-04-30 14:01:41,19.5,44,0.7,392,80675.9,OK,,,,,
2026-04-30 14:01:57,19.5,45,0.4,392,73304.1,OK,,,,,
2026-04-30 14:02:13,-40,0,0,0,0,OK,,,,,
2026-04-30 14:02:29,19.6,45,0,392,63499.2,OK,,,,,
2026-04-30 14:02:45,-40,0,0,0,0,OK,,,,,
2026-04-30 14:03:01,-40,0,0,0,0,OK,,,,,
2026-04-30 14:03:17,19.5,45,0.4,408,73135.9,OK,,,,,
2026-04-30 14:03:33,19.5,44,0.8,392,391629.5,OK,,,,,
2026-04-30 14:03:49,-40,0,0,0,0,OK,,,,,
2026-04-30 14:04:21,-40,0,0,0,0,OK,,,,,
2026-04-30 14:04:37,18.9,44,0.7,392,87884.3,OK,,,,,
2026-04-30 14:04:53,-40,0,0,0,0,OK,,,,,
2026-04-30 14:05:09,19,45,1.8,16264,88592.9,OK,,,,,
2026-04-30 14:05:25,18.9,61,1.5,392,80954.3,OK,,,,,
2026-04-30 14:05:41,-40,0,0,0,0,OK,,,,,
2026-04-30 14:06:45,19.2,45,0.3,392,84936,OK,,,,,
2026-04-30 14:07:01,19.3,45,0.8,392,85402.9,OK,,,,,
2026-04-30 14:07:17,19.3,43,1.7,392,78611.1,OK,,,,,
2026-04-30 14:07:33,-40,0,0,0,0,OK,,,,,
2026-04-30 14:07:49,19,44,1.3,392,79979.9,OK,,,,,
2026-04-30 14:08:05,19,45,0.8,482,80049.5,OK,,,,,
2026-04-30 14:08:21,19.1,45,1,392,81074.4,OK,,,,,
2026-04-30 14:08:37,-40,0,0,0,0,OK,,,,,
2026-04-30 14:08:53,19.2,45,1,392,82865.4,OK,,,,,
2026-04-30 14:09:57,19.4,45,0.8,392,91379.8,OK,,,,,
2026-04-30 14:10:13,19.5,45,1.3,392,91945.3,OK,,,,,
2026-04-30 14:10:29,-40,0,0,0,0,OK,,,,,
2026-04-30 14:10:45,19.3,44,1.3,392,94192.6,OK,,,,,
2026-04-30 14:11:49,-40,0,0,0,0,OK,,,,,
2026-04-30 14:12:05,19.7,44,0.4,392,79501.4,OK,,,,,
2026-04-30 14:12:21,19.8,43,1.8,392,68388.6,OK,,,,,
2026-04-30 14:12:53,-40,0,0,0,0,OK,,,,,
2026-04-30 14:13:09,19.7,43,0.4,1928,60071.4,OK,,,,,
2026-04-30 14:13:25,-40,0,0,0,0,OK,,,,,
2026-04-30 14:13:41,122.1,43,36.8,392,58917.2,OK,,,,,
2026-04-30 14:13:57,-40,0,0,0,0,OK,,,,,
2026-04-30 14:14:13,-40,0,0,0,0,OK,,,,,
2026-04-30 14:14:29,19.4,44,1.1,392,73544.8,OK,,,,,
2026-04-30 14:14:45,19.5,44,0.7,392,78213.8,OK,,,,,
2026-04-30 14:15:01,19.6,43,1.4,392,63539.8,OK,,,,,
2026-04-30 14:15:17,-40,0,0,0,0,OK,,,,,
2026-04-30 14:15:33,-40,0,0,0,0,OK,,,,,
2026-04-30 14:15:49,-40,0,0,0,0,OK,,,,,
2026-04-30 14:16:05,19.2,43,1.3,392,62756.8,OK,,,,,
2026-04-30 14:16:21,-40,0,0,0,0,OK,,,,,
2026-04-30 14:16:37,18.9,44,1.3,392,68507.5,OK,,,,,
2026-04-30 14:16:53,18.8,45,1.3,904,56661,OK,,,,,
2026-04-30 14:17:09,18.7,44,1.4,392,52081.9,OK,,,,,
2026-04-30 14:17:25,18.6,45,1.4,392,52044.2,OK,,,,,
2026-04-30 14:17:41,18.7,45,0.6,392,49387.8,OK,,,,,
2026-04-30 14:17:57,-6.8,45,35.8,392,50521.7,OK,,,,,
2026-04-30 14:18:13,18.8,45,0.3,392,50640.6,OK,,,,,
2026-04-30 14:18:29,18.8,46,0,392,47917.5,OK,,,,,
2026-04-30 14:18:45,-40,0,0,0,0,OK,,,,,
2026-04-30 14:19:01,-40,0,0,0,0,OK,,,,,
2026-04-30 14:19:17,18.8,45,1,392,47868.2,OK,,,,,
2026-04-30 14:19:33,-40,0,0,0,0,OK,,,,,
2026-04-30 14:19:49,23.3,45,0.8,392,59059.3,OK,,,,,
2026-04-30 14:20:05,18.5,45,0.1,392,51029.2,OK,,,,,
2026-04-30 14:20:37,18.5,47,0.1,392,54129.3,OK,,,,,
2026-04-30 14:21:09,18.6,44,0.7,392,47888.5,OK,,,,,
2026-04-30 14:21:25,18.4,44,0.7,392,46403.7,OK,,,,,
2026-04-30 14:21:57,18.3,45,0.7,392,44550.6,OK,,,,,
2026-04-30 14:22:13,18.3,45,0.3,392,43471.8,OK,,,,,
2026-04-30 14:22:29,36.7,203,0.1,392,40229.6,OK,,,,,
2026-04-30 14:22:45,18.5,45,0.6,392,39353.8,OK,,,,,
2026-04-30 14:23:01,18.5,45,1.8,392,39194.3,OK,,,,,
2026-04-30 14:23:17,-40,0,0,0,0,OK,,,,,
2026-04-30 14:23:33,18.1,46,0.1,392,39282.1,OK,,,,,
2026-04-30 14:23:49,18.1,46,0,392,37674.7,OK,,,,,
2026-04-30 14:24:05,18.2,47,0.3,392,43176,OK,,,,,
2026-04-30 14:24:21,18.4,46,17.4,392,41262,OK,,,,,
2026-04-30 14:24:37,-40,0,0,0,0,OK,,,,,
2026-04-30 14:24:53,-40,0,0,0,0,OK,,,,,
2026-04-30 14:25:09,18.1,46,0,392,36668.4,OK,,,,,
2026-04-30 14:25:25,18.2,47,0.3,392,35227.1,OK,,,,,
2026-04-30 14:25:41,18.4,47,0.6,392,34731.2,OK,,,,,
2026-04-30 14:25:57,-40,0,0,0,0,OK,,,,,
2026-04-30 14:26:13,-40,0,0,0,0,OK,,,,,
2026-04-30 14:26:29,-40,0,0,0,0,OK,,,,,
2026-04-30 14:26:45,18.1,47,0,392,33751,OK,,,,,
2026-04-30 14:27:01,-40,0,0,0,0,OK,,,,,
2026-04-30 14:27:17,18.1,47,2.4,392,35885.4,OK,,,,,
2026-04-30 14:27:33,-40,0,0,0,0,OK,,,,,
2026-04-30 14:27:49,17.8,48,0.6,392,43613.9,OK,,,,,
2026-04-30 14:28:05,-40,0,0,0,0,OK,,,,,
2026-04-30 14:28:21,-40,0,0,0,0,OK,,,,,
2026-04-30 14:28:37,17.8,46,0.8,392,44710.1,OK,,,,,
2026-04-30 14:28:53,17.7,45,1.4,392,52534.3,OK,,,,,
2026-04-30 14:29:09,17.7,46,0.6,392,61176.3,OK,,,,,
2026-04-30 14:29:25,17.7,46,0.6,392,59255.9,OK,,,,,
2026-04-30 14:29:41,-40,0,0,0,0,OK,,,,,
2026-04-30 14:29:57,-40,0,0,0,0,OK,,,,,
2026-04-30 14:30:13,17.5,47,1.3,392,53381.1,OK,,,,,
2026-04-30 14:30:29,17.5,46,0.8,392,61753.4,OK,,,,,
2026-04-30 14:30:45,-40,0,0,0,0,OK,,,,,
2026-04-30 14:31:01,17.8,45,0.6,392,75548.7,OK,,,,,
2026-04-30 14:31:17,-40,0,0,0,0,OK,,,,,
2026-04-30 14:31:33,18,45,0.4,392,81951.9,OK,,,,,
2026-04-30 14:31:49,18.1,45,0,392,82595.7,OK,,,,,
2026-04-30 14:32:05,18.2,45,0.6,392,78558.9,OK,,,,,
2026-04-30 14:32:21,18.3,44,0.1,392,74948.4,OK,,,,,
2026-04-30 14:32:37,18.5,43,0.4,392,70726,OK,,,,,
2026-04-30 14:33:09,18.6,42,0,392,71184.2,OK,,,,,
2026-04-30 14:33:25,18.7,43,0.6,392,72651.6,OK,,,,,
2026-04-30 14:33:41,18.8,42,0.3,392,75499.4,OK,,,,,
2026-04-30 14:33:57,18.9,42,0.4,392,76456.4,OK,,,,,
2026-04-30 14:34:13,18.9,42,1.8,16264,69798,OK,,,,,
2026-04-30 14:34:29,18.7,42,1,392,60834.1,OK,,,,,
2026-04-30 14:34:45,-40,0,0,0,0,OK,,,,,
2026-04-30 14:35:01,18.7,43,1,392,64293.8,OK,,,,,
2026-04-30 14:35:17,18.7,43,1,392,70931.9,OK,,,,,
2026-04-30 14:35:33,18.7,43,1.4,392,68014.5,OK,,,,,
2026-04-30 14:35:49,18.6,43,1.4,392,67866.6,OK,,,,,
2026-04-30 14:36:05,-40,0,0,0,0,OK,,,,,
2026-04-30 14:36:21,-40,0,0,0,0,OK,,,,,
2026-04-30 14:36:37,18.2,42,0.4,392,43883.6,OK,,,,,
2026-04-30 14:36:53,18.3,42,0.4,392,47839.2,OK,,,,,
2026-04-30 14:37:09,18.4,43,0.7,408,53288.3,OK,,,,,
2026-04-30 14:37:25,18.4,44,0.4,392,57603.5,OK,,,,,
2026-04-30 14:37:41,-7.2,44,37.5,392,46047,OK,,,,,
2026-04-30 14:37:57,18.2,44,2.4,392,49483.5,OK,,,,,
2026-04-30 14:38:13,18,151,0.1,392,68609,OK,,,,,
2026-04-30 14:38:29,18.1,44,0.4,392,77393.1,OK,,,,,
2026-04-30 14:38:45,18.1,44,0.7,392,83201.8,OK,,,,,
2026-04-30 14:39:01,-40,0,0,0,0,OK,,,,,
2026-04-30 14:39:17,-40,0,0,0,0,OK,,,,,
2026-04-30 14:39:33,17.9,44,1.7,392,79707.3,OK,,,,,
2026-04-30 14:39:49,-40,0,0,0,0,OK,,,,,
2026-04-30 14:40:05,17.8,44,1.1,392,74829.5,OK,,,,,
2026-04-30 14:40:21,17.8,44,0.7,392,73382.4,OK,,,,,
2026-04-30 14:40:37,17.9,44,0,392,65001.4,OK,,,,,
2026-04-30 14:40:53,-40,0,0,0,0,OK,,,,,
2026-04-30 14:41:09,18.1,44,2,392,43573.3,OK,,,,,
2026-04-30 14:41:25,120.4,44,36.8,392,39899,OK,,,,,
2026-04-30 14:41:41,18,44,0.8,392,55663.4,OK,,,,,
2026-04-30 14:41:57,18.1,44,1.3,392,50736.3,OK,,,,,
2026-04-30 14:42:13,18.3,44,0.6,392,45931,OK,,,,,
2026-04-30 14:42:29,18.5,44,0.3,392,44721.7,OK,,,,,
2026-04-30 14:42:45,18.6,43,0,440,53589.9,OK,,,,,
2026-04-30 14:43:01,18.6,43,0.6,392,65439.3,OK,,,,,
2026-04-30 14:43:17,18.7,43,0,392,379907.7,OK,,,,,
2026-04-30 14:43:33,-40,0,0,0,0,OK,,,,,
2026-04-30 14:43:49,19,43,0.1,392,82166.5,OK,,,,,
2026-04-30 14:44:05,-40,0,0,0,0,OK,,,,,
2026-04-30 14:44:21,19.2,42,1,392,63708,OK,,,,,
2026-04-30 14:44:37,35.2,43,0,392,55918.6,OK,,,,,
2026-04-30 14:44:53,19.3,43,0,392,56310.1,OK,,,,,
2026-04-30 14:45:09,-40,0,0,0,0,OK,,,,,
2026-04-30 14:45:25,-40,0,0,0,0,OK,,,,,
2026-04-30 14:45:41,19.3,41,0.4,392,56756.7,OK,,,,,
2026-04-30 14:45:57,-40,0,0,0,0,OK,,,,,
2026-04-30 14:46:13,19.3,41,0.6,392,56400,OK,,,,,
2026-04-30 14:46:29,-40,0,0,0,0,OK,,,,,
2026-04-30 14:46:45,-40,0,0,0,0,OK,,,,,
2026-04-30 14:47:01,19.3,40,1.8,392,62242.1,OK,,,,,
2026-04-30 14:47:17,-40,0,0,0,0,OK,,,,,
2026-04-30 14:47:33,19,42,0.1,392,62162.3,OK,,,,,
2026-04-30 14:47:49,19.1,42,0.8,392,59984.4,OK,,,,,
2026-04-30 14:48:05,19.2,41,1.3,392,303727.6,OK,,,,,
2026-04-30 14:48:21,-40,0,0,0,0,OK,,,,,
2026-04-30 14:48:37,-40,0,0,0,0,OK,,,,,
2026-04-30 14:48:53,-40,0,0,0,0,OK,,,,,
2026-04-30 14:49:09,19.4,41,1.1,392,56150.6,OK,,,,,
2026-04-30 14:49:25,-40,0,0,0,0,OK,,,,,
2026-04-30 14:49:41,19.1,42,0.4,392,58221.2,OK,,,,,
2026-04-30 14:49:57,19.2,42,0.7,392,57388.9,OK,,,,,
2026-04-30 14:50:13,19.1,42,0.4,392,51629.5,OK,,,,,
2026-04-30 14:50:29,19.1,42,1.1,392,48108.9,OK,,,,,
2026-04-30 14:50:45,-40,0,0,0,0,OK,,,,,
2026-04-30 14:51:01,19.1,42,0.6,392,44794.2,OK,,,,,
2026-04-30 14:51:17,19.1,40,0.7,392,44402.7,OK,,,,,
2026-04-30 14:51:33,19,40,1.1,392,44153.3,OK,,,,,
2026-04-30 14:51:49,-40,0,0,0,0,OK,,,,,
2026-04-30 14:52:21,-40,0,0,0,0,OK,,,,,
2026-04-30 14:52:37,18.9,42,0.7,392,1156635.8,OK,,,,,
2026-04-30 14:52:53,18.8,42,1,392,45910.7,OK,,,,,
2026-04-30 14:53:09,18.8,42,18.1,392,47236,OK,,,,,
2026-04-30 14:53:25,18.8,42,0.1,392,48842.6,OK,,,,,
2026-04-30 14:53:41,18.9,42,0.7,392,49524.1,OK,,,,,
2026-04-30 14:53:57,-40,0,0,0,0,OK,,,,,
2026-04-30 14:54:13,-40,0,0,0,0,OK,,,,,
2026-04-30 14:54:29,18.6,43,1.1,392,49798.2,OK,,,,,
2026-04-30 14:54:45,18.5,43,1,392,49060.1,OK,,,,,
2026-04-30 14:55:01,18.6,43,1.1,392,46812.6,OK,,,,,
2026-04-30 14:55:17,18.4,43,0.8,392,45423.5,OK,,,,,
2026-04-30 14:55:33,-40,0,0,0,0,OK,,,,,
2026-04-30 14:55:49,18.4,44,2.1,392,41334.5,OK,,,,,
2026-04-30 14:56:05,120.6,44,37.9,392,39922.2,OK,,,,,
2026-04-30 14:56:21,-40,0,0,0,0,OK,,,,,
2026-04-30 14:57:25,18.1,44,1.1,392,38002.4,OK,,,,,
2026-04-30 14:57:57,18,45,1.7,392,38408.4,OK,,,,,
2026-04-30 14:58:13,17.9,44,0.8,392,38388.1,OK,,,,,
2026-04-30 14:58:29,17.9,45,0,392,37645.7,OK,,,,,
2026-04-30 14:58:45,17.9,45,0.8,392,36381.3,OK,,,,,
2026-04-30 14:59:49,17.4,44,1.7,3976,30288.4,OK,,,,,
2026-04-30 15:00:05,-40,0,0,0,0,OK,,,,,
2026-04-30 15:00:21,17.2,45,1.4,392,29053,OK,,,,,
2026-04-30 15:00:37,17.2,46,0.7,392,29650.4,OK,,,,,
2026-04-30 15:00:53,17.3,46,0.8,392,30581.3,OK,,,,,
2026-04-30 15:01:09,17.3,45,1,392,32077.7,OK,,,,,
2026-04-30 15:01:25,17.4,45,0.7,392,33617.6,OK,,,,,
2026-04-30 15:01:41,17.4,45,0.3,392,34905.2,OK,,,,,
2026-04-30 15:01:57,17.4,45,1.3,392,35450.4,OK,,,,,
2026-04-30 15:02:13,17.3,45,0.8,392,35592.5,OK,,,,,
2026-04-30 15:02:29,17.3,45,1.3,392,36305.9,OK,,,,,
2026-04-30 15:02:45,17.2,46,1,392,38443.2,OK,,,,,
2026-04-30 15:03:01,17.3,46,1.5,392,38733.2,OK,,,,,
2026-04-30 15:03:17,17.2,46,1.1,392,41549.1,OK,,,,,
2026-04-30 15:03:33,17.2,46,1.8,392,45522.1,OK,,,,,
2026-04-30 15:03:49,17.3,46,0.7,392,863936.2,OK,,,,,
2026-04-30 15:04:05,-40,0,0,0,0,OK,,,,,
2026-04-30 15:04:21,17.3,45,2.2,392,48567.1,OK,,,,,
2026-04-30 15:04:37,17.3,45,1.3,392,55350.2,OK,,,,,
2026-04-30 15:04:53,17.3,45,7,392,49616.9,OK,,,,,
2026-04-30 15:05:09,17.2,46,1.4,392,64670.8,OK,,,,,
2026-04-30 15:05:25,17.3,47,1,392,73301.2,OK,,,,,
2026-04-30 15:05:41,-40,0,0,0,0,OK,,,,,
2026-04-30 15:05:57,17.5,46,0,392,48746.9,OK,,,,,
2026-04-30 15:07:01,17.5,46,1.5,392,47183.8,OK,,,,,
2026-04-30 15:07:17,-40,0,0,0,0,OK,,,,,
2026-04-30 15:07:33,17.4,46,1.8,392,45948.4,OK,,,,,
2026-04-30 15:07:49,-40,0,0,0,0,OK,,,,,
2026-04-30 15:08:05,17.4,46,1.5,392,45440.9,OK,,,,,
2026-04-30 15:08:21,17.3,46,1.5,392,45411.9,OK,,,,,
2026-04-30 15:08:37,17.3,46,0.4,392,45490.2,OK,,,,,
2026-04-30 15:08:53,17.3,46,0.8,392,45678.7,OK,,,,,
2026-04-30 15:09:09,17.4,46,1.3,392,45878.8,OK,,,,,
2026-04-30 15:09:25,-40,0,0,0,0,OK,,,,,
2026-04-30 15:09:41,17.5,46,1.4,392,1159068,OK,,,,,
2026-04-30 15:09:57,17.5,46,1,392,46954.7,OK,,,,,
2026-04-30 15:10:13,17.4,46,1.1,392,49727.1,OK,,,,,
2026-04-30 15:10:29,17.4,46,0.7,392,55405.3,OK,,,,,
2026-04-30 15:10:45,17.4,46,0.4,392,60535.4,OK,,,,,
2026-04-30 15:11:01,17.5,45,0.4,392,59865.5,OK,,,,,
2026-04-30 15:11:17,20.2,57,13.4,392,68185.6,OK,,,,,
2026-04-30 15:11:33,17.7,46,0.3,392,68513.3,OK,,,,,
2026-04-30 15:11:49,-40,0,0,0,0,OK,,,,,
2026-04-30 15:12:05,17.7,45,1.3,392,49956.2,OK,,,,,
2026-04-30 15:12:21,-40,0,0,0,0,OK,,,,,
2026-04-30 15:12:37,17.9,44,1.5,392,46757.5,OK,,,,,
2026-04-30 15:12:53,-40,0,0,0,0,OK,,,,,
2026-04-30 15:13:09,17.7,44,1.1,392,44843.5,OK,,,,,
2026-04-30 15:13:25,17.7,45,1.1,392,44237.4,OK,,,,,
2026-04-30 15:13:41,-40,0,0,0,0,OK,,,,,
2026-04-30 15:13:57,17.8,45,1,392,44791.3,OK,,,,,
2026-04-30 15:14:13,17.7,44,1.7,392,49721.3,OK,,,,,
2026-04-30 15:14:29,17.7,45,0.6,392,54593.3,OK,,,,,
2026-04-30 15:14:45,17.8,45,1,392,55640.2,OK,,,,,
2026-04-30 15:15:01,17.8,45,0.7,392,45121.9,OK,,,,,
2026-04-30 15:15:17,17.8,46,1.7,392,44942.1,OK,,,,,
2026-04-30 15:15:33,17.6,47,1.7,392,56629.1,OK,,,,,
2026-04-30 15:15:49,17.7,47,1,392,50568.1,OK,,,,,
2026-04-30 15:16:05,-40,0,0,0,0,OK,,,,,
2026-04-30 15:16:21,17.8,45,1.3,392,55817.1,OK,,,,,
2026-04-30 15:16:37,17.8,46,0.4,392,54317.8,OK,,,,,
2026-04-30 15:16:53,17.9,45,1.3,392,52363.2,OK,,,,,
2026-04-30 15:17:09,17.8,46,0.8,392,50167.9,OK,,,,,
2026-04-30 15:17:25,17.7,46,1.1,392,49063,OK,,,,,
2026-04-30 15:17:41,17.6,46,0.7,392,49341.4,OK,,,,,
2026-04-30 15:17:57,17.6,47,0.3,392,48833.9,OK,,,,,
2026-04-30 15:18:13,17.6,47,0.6,392,50020,OK,,,,,
2026-04-30 15:18:29,-40,0,0,0,0,OK,,,,,
2026-04-30 15:18:45,17.9,47,0,392,55074.7,OK,,,,,
2026-04-30 15:19:01,-40,0,0,0,0,OK,,,,,
2026-04-30 15:19:17,18,46,0.7,392,48294.5,OK,,,,,
2026-04-30 15:19:33,17.9,46,1.5,392,44985.6,OK,,,,,
2026-04-30 15:19:49,17.8,46,2,392,44669.5,OK,,,,,
2026-04-30 15:20:05,-40,0,0,0,0,OK,,,,,
2026-04-30 15:20:21,17.5,46,1.5,392,44249,OK,,,,,
2026-04-30 15:20:37,17.5,46,0.3,392,44246.1,OK,,,,,
2026-04-30 15:20:53,17.6,46,0.7,392,45174.1,OK,,,,,
2026-04-30 15:21:09,17.6,46,1.5,392,53775.5,OK,,,,,
2026-04-30 15:21:25,17.7,46,0.4,392,73440.4,OK,,,,,
2026-04-30 15:21:41,-7.8,46,107.5,392,81418.3,OK,,,,,
2026-04-30 15:21:57,-40,0,0,0,0,OK,,,,,
2026-04-30 15:22:13,18.2,46,0.7,392,64012.5,OK,,,,,
2026-04-30 15:22:29,18.3,45,1.8,392,77567.1,OK,,,,,
2026-04-30 15:22:45,18.4,45,2.4,392,80278.6,OK,,,,,
2026-04-30 15:23:01,18.1,45,1.1,392,76430.3,OK,,,,,
2026-04-30 15:23:17,-40,0,0,0,0,OK,,,,,
2026-04-30 15:23:33,19,46,1,392,81467.6,OK,,,,,
2026-04-30 15:23:49,18.2,46,0.3,392,81456,OK,,,,,
2026-04-30 15:24:05,18.3,45,0.4,392,81943.2,OK,,,,,
2026-04-30 15:24:21,18.4,45,0.7,392,81009.4,OK,,,,,
2026-04-30 15:24:37,18.4,125,0.1,392,878710,OK,,,,,
2026-04-30 15:24:53,18.5,45,2,392,62278.3,OK,,,,,
2026-04-30 15:25:09,18.3,46,17.5,392,58389.4,OK,,,,,
2026-04-30 15:25:25,18.1,47,0.1,392,58928.8,OK,,,,,
2026-04-30 15:25:41,18.3,47,1.1,392,66602.2,OK,,,,,
2026-04-30 15:25:57,18.2,46,1.3,392,49283.4,OK,,,,,
2026-04-30 15:26:13,-40,0,0,0,0,OK,,,,,
2026-04-30 15:26:29,-40,0,0,0,0,OK,,,,,
2026-04-30 15:26:45,18.3,45,1.1,392,45989,OK,,,,,
2026-04-30 15:27:01,18.4,45,1,904,45693.2,OK,,,,,
2026-04-30 15:27:17,18.3,46,0.7,392,46380.5,OK,,,,,
2026-04-30 15:27:33,18.2,47,0.4,392,46142.7,OK,,,,,
2026-04-30 15:27:49,18.2,47,1,392,45278.5,OK,,,,,
2026-04-30 15:28:05,18.3,46,1.3,392,43967.7,OK,,,,,
2026-04-30 15:28:21,18.2,46,0.1,392,43385.5,OK,,,,,
2026-04-30 15:28:37,18.3,46,0.4,392,42532.2,OK,,,,,
2026-04-30 15:28:53,-40,0,0,0,0,OK,,,,,
2026-04-30 15:29:09,18.2,46,1,392,42262.5,OK,,,,,
2026-04-30 15:29:25,-40,0,0,0,0,OK,,,,,
2026-04-30 15:29:41,18.1,47,1,392,42552.5,OK,,,,,
2026-04-30 15:29:57,18.1,47,1.4,392,42822.2,OK,,,,,
2026-04-30 15:30:13,18,47,2,392,42712,OK,,,,,
2026-04-30 15:30:29,-40,0,0,0,0,OK,,,,,
2026-04-30 15:30:45,17.7,48,1.8,392,43091.9,OK,,,,,
2026-04-30 15:31:01,-40,0,0,0,0,OK,,,,,
2026-04-30 15:31:33,-40,0,0,0,0,OK,,,,,
2026-04-30 15:31:49,17.3,49,1.3,392,46328.3,OK,,,,,
2026-04-30 15:32:05,17.3,50,1.3,392,47650.7,OK,,,,,
2026-04-30 15:32:21,17.3,50,0.7,392,44196.8,OK,,,,,
2026-04-30 15:32:37,17.4,49,1,392,42917.9,OK,,,,,
2026-04-30 15:32:53,-40,0,0,0,0,OK,,,,,
2026-04-30 15:33:09,17.3,49,2.2,392,42262.5,OK,,,,,
2026-04-30 15:33:25,17.1,47,3.4,392,41827.5,OK,,,,,
2026-04-30 15:33:41,-40,0,0,0,0,OK,,,,,
2026-04-30 15:33:57,-40,0,0,0,0,OK,,,,,
2026-04-30 15:34:13,17,50,1.1,392,40035.3,OK,,,,,
2026-04-30 15:34:29,17,50,1.8,392,39420.5,OK,,,,,
2026-04-30 15:34:45,-40,0,0,0,0,OK,,,,,
2026-04-30 15:35:01,17,50,1,392,37900.9,OK,,,,,
2026-04-30 15:35:17,17,50,2,392,37251.3,OK,,,,,
2026-04-30 15:35:33,16.9,50,1,392,36581.4,OK,,,,,
2026-04-30 15:35:49,16.9,51,1.5,392,36044.9,OK,,,,,
2026-04-30 15:36:05,16.9,50,2,392,35557.7,OK,,,,,
2026-04-30 15:36:21,16.9,50,1.5,482,35125.6,OK,,,,,
2026-04-30 15:36:37,16.8,50,2.1,392,34719.6,OK,,,,,
2026-04-30 15:36:53,16.8,50,2.9,392,34487.6,OK,,,,,
2026-04-30 15:37:09,16.7,50,1.8,392,34087.4,OK,,,,,
2026-04-30 15:37:25,16.7,50,2.8,392,33681.4,OK,,,,,
2026-04-30 15:37:41,-40,0,0,0,0,OK,,,,,
2026-04-30 15:37:57,16.5,52,1.1,392,32965.1,OK,,,,,
2026-04-30 15:38:13,16.6,51,0.4,392,32704.1,OK,,,,,
2026-04-30 15:38:29,16.7,51,0.8,392,32483.7,OK,,,,,
2026-04-30 15:38:45,-40,0,0,0,0,OK,,,,,
2026-04-30 15:39:01,16.5,51,2.5,392,32138.6,OK,,,,,
2026-04-30 15:39:17,16.5,51,2.1,392,31808,OK,,,,,
2026-04-30 15:39:33,16.5,51,2.2,392,31512.2,OK,,,,,
2026-04-30 15:39:49,16.4,52,0.6,392,31323.7,OK,,,,,
2026-04-30 15:40:05,16.4,52,0.7,392,31338.2,OK,,,,,
2026-04-30 15:40:21,-40,0,0,0,0,OK,,,,,
2026-04-30 15:40:37,16.4,51,1.8,392,30401.5,OK,,,,,
2026-04-30 15:40:53,16.4,51,1.4,392,30213,OK,,,,,
2026-04-30 15:41:09,16.4,51,0.6,392,30097,OK,,,,,
2026-04-30 15:41:25,16.4,51,2.5,392,29981,OK,,,,,
2026-04-30 15:41:41,16.3,51,2,392,29876.6,OK,,,,,
2026-04-30 15:41:57,16.2,52,2,392,29801.2,OK,,,,,
2026-04-30 15:42:13,16.2,154,0.6,392,29815.7,OK,,,,,
2026-04-30 15:42:29,16.2,52,0.1,392,29908.5,OK,,,,,
2026-04-30 15:42:45,16.3,52,0.7,392,30010,OK,,,,,
2026-04-30 15:43:01,16.4,52,0.3,392,30218.8,OK,,,,,
2026-04-30 15:43:17,16.4,52,0.7,392,32019.7,OK,,,,,
2026-04-30 15:43:33,16.4,52,0.8,392,30694.4,OK,,,,,
2026-04-30 15:43:49,16.4,52,0.8,392,30830.7,OK,,,,,
2026-04-30 15:44:05,16.5,52,0.7,392,314971,OK,,,,,
2026-04-30 15:44:21,16.4,52,0.1,392,31312.1,OK,,,,,
2026-04-30 15:44:37,16.5,52,0.3,392,31622.4,OK,,,,,
2026-04-30 15:44:53,16.5,52,0.3,392,32002.3,OK,,,,,
2026-04-30 15:45:09,-40,0,0,0,0,OK,,,,,
2026-04-30 15:45:25,16.7,51,0.4,392,32866.5,OK,,,,,
2026-04-30 15:45:41,16.8,51,0.7,392,33455.2,OK,,,,,
2026-04-30 15:45:57,-40,0,0,0,0,OK,,,,,
2026-04-30 15:46:13,16.9,51,0.7,392,316572.6,OK,,,,,
2026-04-30 15:46:29,17,51,0.6,392,34493.4,OK,,,,,
2026-04-30 15:46:45,17,51,0.6,392,34731.2,OK,,,,,
2026-04-30 15:47:01,17.1,50,0.3,392,35035.7,OK,,,,,
2026-04-30 15:47:17,17.2,50,0.3,392,35363.4,OK,,,,,
2026-04-30 15:47:33,17.1,50,0.4,392,35882.5,OK,,,,,
2026-04-30 15:47:49,17.2,50,0.7,392,36555.3,OK,,,,,
2026-04-30 15:48:05,17.1,50,1,392,37457.2,OK,,,,,
2026-04-30 15:48:21,17.1,50,0.7,392,37622.5,OK,,,,,
2026-04-30 15:48:37,17.1,50,0.7,504,36819.2,OK,,,,,
2026-04-30 15:48:53,17,50,0.8,392,36300.1,OK,,,,,
2026-04-30 15:49:09,-40,0,0,0,0,OK,,,,,
2026-04-30 15:49:25,16.8,50,2.1,392,35824.5,OK,,,,,
2026-04-30 15:49:41,16.7,51,0.6,392,35711.4,OK,,,,,
2026-04-30 15:49:57,16.7,51,1,392,35444.6,OK,,,,,
2026-04-30 15:50:13,16.6,50,1.4,392,35267.7,OK,,,,,
2026-04-30 15:50:29,16.6,51,1.4,392,35067.6,OK,,,,,
2026-04-30 15:50:45,16.6,51,0.8,392,34858.8,OK,,,,,
2026-04-30 15:51:01,36.6,153,1.8,392,34760.2,OK,,,,,
2026-04-30 15:51:17,-40,0,0,0,0,OK,,,,,
2026-04-30 15:51:33,16.5,51,2,392,34783.4,OK,,,,,
2026-04-30 15:51:49,16.5,51,1.1,392,34855.9,OK,,,,,
2026-04-30 15:52:05,16.4,51,1.3,392,35085,OK,,,,,
2026-04-30 15:52:21,16.4,51,0.4,392,36740.9,OK,,,,,
2026-04-30 15:52:37,16.5,51,0,392,42245.1,OK,,,,,
2026-04-30 15:52:53,16.6,51,1.3,392,36448,OK,,,,,
2026-04-30 15:53:09,16.6,54,1,392,38478,OK,,,,,
2026-04-30 15:53:25,16.6,51,1.8,392,35476.5,OK,,,,,
2026-04-30 15:53:41,16.5,51,2.2,392,34821.1,OK,,,,,
2026-04-30 15:53:57,16.4,51,0.7,392,34502.1,OK,,,,,
2026-04-30 15:54:13,16.4,51,0.6,392,34345.5,OK,,,,,
2026-04-30 15:54:29,16.4,51,0.1,392,34220.8,OK,,,,,
2026-04-30 15:54:45,16.5,51,0.1,392,34313.6,OK,,,,,
2026-04-30 15:55:01,16.6,51,2,440,34612.3,OK,,,,,
2026-04-30 15:55:17,16.5,51,1.7,392,36105.8,OK,,,,,
2026-04-30 15:55:33,16.4,51,1,392,35578,OK,,,,,
2026-04-30 15:55:49,16.5,51,0.3,392,34621,OK,,,,,
2026-04-30 15:56:05,16.6,51,0.3,392,34383.2,OK,,,,,
2026-04-30 15:56:21,-40,0,0,0,0,OK,,,,,
2026-04-30 15:56:37,16.7,51,0.6,392,34299.1,OK,,,,,
2026-04-30 15:56:53,16.7,51,0.8,392,33432.8,OK,,,,,
2026-04-30 15:57:09,16.7,50,0.6,392,34351.3,OK,,,,,
2026-04-30 15:57:25,16.8,50,0.4,392,33350.8,OK,,,,,
2026-04-30 15:57:41,16.7,50,0.8,392,33655.3,OK,,,,,
2026-04-30 15:58:13,16.8,49,1.1,392,32709.9,OK,,,,,
2026-04-30 15:58:29,-40,0,0,0,0,OK,,,,,
2026-04-30 15:58:45,119.1,50,0.4,392,31071.4,OK,,,,,
2026-04-30 15:59:01,16.6,50,1.3,392,31013.4,OK,,,,,
2026-04-30 15:59:17,16.6,50,0.6,392,30978.6,OK,,,,,
2026-04-30 15:59:33,16.6,51,0.7,392,31810.9,OK,,,,,
2026-04-30 15:59:49,16.6,51,1.4,392,31625.3,OK,,,,,
2026-04-30 16:00:05,-40,0,0,0,0,OK,,,,,
2026-04-30 16:00:21,-40,0,0,0,0,OK,,,,,
2026-04-30 16:00:37,-40,0,0,0,0,OK,,,,,
2026-04-30 16:00:53,16.7,51,0.4,392,31976.2,OK,,,,,
2026-04-30 16:01:09,16.8,51,1,392,31851.5,OK,,,,,
2026-04-30 16:01:25,16.7,51,0.6,392,31863.1,OK,,,,,
2026-04-30 16:01:41,16.7,51,1,392,31860.2,OK,,,,,
2026-04-30 16:01:57,16.7,51,0.6,392,31857.3,OK,,,,,
2026-04-30 16:02:13,16.7,51,1.3,392,31848.6,OK,,,,,
2026-04-30 16:02:29,16.6,51,0.8,392,31810.9,OK,,,,,
2026-04-30 16:02:45,16.6,52,0.4,392,31755.8,OK,,,,,
2026-04-30 16:03:01,-40,0,0,0,0,OK,,,,,
2026-04-30 16:03:17,16.6,51,1,392,31625.3,OK,,,,,
2026-04-30 16:03:33,16.5,51,0.3,392,31567.3,OK,,,,,
2026-04-30 16:03:49,16.6,52,0.7,392,31509.3,OK,,,,,
2026-04-30 16:04:05,17.3,51,0.3,392,31474.5,OK,,,,,
2026-04-30 16:04:21,16.6,52,0.6,392,31399.1,OK,,,,,
2026-04-30 16:04:37,16.6,51,2,16264,31378.8,OK,,,,,
2026-04-30 16:04:53,16.5,51,0.8,392,31370.1,OK,,,,,
2026-04-30 16:05:09,-40,0,0,0,0,OK,,,,,
2026-04-30 16:05:25,16.4,52,2.1,392,31497.7,OK,,,,,
2026-04-30 16:05:41,16.2,52,2,392,31636.9,OK,,,,,
2026-04-30 16:05:57,16.2,52,2,392,31868.9,OK,,,,,
2026-04-30 16:06:13,16.1,52,1.7,392,32109.6,OK,,,,,
2026-04-30 16:06:29,16,52,2,392,32376.4,OK,,,,,
2026-04-30 16:06:45,16.1,52,0.3,392,32794,OK,,,,,
2026-04-30 16:07:01,-40,0,0,0,0,OK,,,,,
2026-04-30 16:07:17,16.2,52,0.6,8072,34244,OK,,,,,
2026-04-30 16:07:33,16.3,52,1.7,392,41215.6,OK,,,,,
2026-04-30 16:07:49,16.3,52,0.6,392,50002.6,OK,,,,,
2026-04-30 16:08:05,16.4,51,0.3,392,46438.5,OK,,,,,
2026-04-30 16:08:21,-40,0,0,0,0,OK,,,,,
2026-04-30 16:08:37,16.5,50,0.6,392,35163.3,OK,,,,,
2026-04-30 16:08:53,16.5,50,2.1,392,34951.6,OK,,,,,
2026-04-30 16:09:09,-40,0,0,0,0,OK,,,,,
2026-04-30 16:09:25,16.4,50,1.8,392,35235.8,OK,,,,,
2026-04-30 16:09:41,16.4,51,0.1,392,35493.9,OK,,,,,
2026-04-30 16:09:57,16.4,51,1.5,392,35905.7,OK,,,,,
2026-04-30 16:10:13,16.4,51,1.4,392,37364.4,OK,,,,,
2026-04-30 16:10:29,16.4,51,1.8,392,38808.6,OK,,,,,
2026-04-30 16:10:45,118.8,51,0.6,392,42987.5,OK,,,,,
2026-04-30 16:11:01,-40,0,0,0,0,OK,,,,,
2026-04-30 16:11:17,16.4,49,0.8,392,42607.6,OK,,,,,
2026-04-30 16:11:33,16.4,49,0,392,39060.9,OK,,,,,
2026-04-30 16:11:49,-40,0,0,0,0,OK,,,,,
2026-04-30 16:12:05,16.6,49,0,392,35957.9,OK,,,,,
2026-04-30 16:12:21,16.7,49,0,392,38849,OK,,,,,
2026-04-30 16:12:37,16.8,49,0.3,392,35641.8,OK,,,,,
2026-04-30 16:12:53,16.9,49,0,392,35998.5,OK,,,,,
2026-04-30 16:13:25,17,49,0,392,42262.5,OK,,,,,
2026-04-30 16:13:41,17.1,49,0.1,392,50336.1,OK,,,,,
2026-04-30 16:13:57,17.2,49,0,392,52284.9,OK,,,,,
2026-04-30 16:14:13,-40,0,0,0,0,OK,,,,,
2026-04-30 16:14:29,17.3,49,0.6,392,39176.9,OK,,,,,
2026-04-30 16:14:45,17.4,49,0.4,392,37616.7,OK,,,,,
2026-04-30 16:15:01,-40,0,0,0,0,OK,,,,,
2026-04-30 16:15:17,17.3,49,0.7,392,37837.1,OK,,,,,
2026-04-30 16:15:33,17.2,50,0,392,38045.9,OK,,,,,
2026-04-30 16:15:49,17.3,50,0.6,392,38118.4,OK,,,,,
2026-04-30 16:16:05,17.3,50,0.4,392,38028.5,OK,,,,,
2026-04-30 16:16:21,17.3,49,0.1,392,37738.5,OK,,,,,
2026-04-30 16:16:37,17.2,48,1.3,392,37286.1,OK,,,,,
2026-04-30 16:16:53,17,49,0.7,392,36619.1,OK,,,,,
2026-04-30 16:17:09,16.9,49,0.1,392,35885.4,OK,,,,,
2026-04-30 16:17:25,17,49,0,392,35032.8,OK,,,,,
2026-04-30 16:17:41,17,49,0,392,34197.6,OK,,,,,
2026-04-30 16:17:57,17.1,49,0,392,33333.4,OK,,,,,
2026-04-30 16:18:13,17.1,49,0,392,317833.4,OK,,,,,
2026-04-30 16:18:30,-40,0,0,0,0,OK,,,,,
2026-04-30 16:18:45,17.1,50,0.3,392,30961.2,OK,,,,,
2026-04-30 16:19:01,-40,0,0,0,0,OK,,,,,
2026-04-30 16:19:17,-8.4,49,36.3,392,32627.1,OK,,,,,
2026-04-30 16:19:33,17.1,49,0.8,392,29345.9,OK,,,,,
2026-04-30 16:19:49,17.1,50,0.8,392,28986.3,OK,,,,,
2026-04-30 16:20:05,-40,0,0,0,0,OK,,,,,
2026-04-30 16:20:21,-40,0,0,0,0,OK,,,,,
2026-04-30 16:20:37,17.1,153,0.3,392,28461.4,OK,,,,,
2026-04-30 16:20:53,17.2,50,0.1,392,28412.1,OK,,,,,
2026-04-30 16:21:09,17.2,49,0,392,28388.9,OK,,,,,
2026-04-30 16:21:25,17.3,49,0.4,392,28470.1,OK,,,,,
2026-04-30 16:21:41,17.3,49,0,392,28681.8,OK,,,,,
2026-04-30 16:21:57,17.3,49,0.3,8072,28913.8,OK,,,,,
2026-04-30 16:22:13,17.4,49,0,392,29253.1,OK,,,,,
2026-04-30 16:22:29,17.4,49,0,392,29061.7,OK,,,,,
2026-04-30 16:22:45,17.5,49,0.1,392,28696.3,OK,,,,,
2026-04-30 16:23:01,17.4,49,1,392,28684.7,OK,,,,,
2026-04-30 16:23:17,17.4,49,0.8,392,28725.3,OK,,,,,
2026-04-30 16:23:33,17.3,49,0.7,392,28768.8,OK,,,,,
2026-04-30 16:23:49,17.3,50,0.8,392,28870.3,OK,,,,,
2026-04-30 16:24:05,17.2,48,1.1,392,28980.5,OK,,,,,
2026-04-30 16:24:21,17.1,49,0.4,392,29096.5,OK,,,,,
2026-04-30 16:24:37,17.1,49,0.1,392,29212.5,OK,,,,,
2026-04-30 16:24:53,17.1,49,0.8,392,29334.3,OK,,,,,
2026-04-30 16:25:09,17,48,0,392,29418.4,OK,,,,,
2026-04-30 16:25:25,17,48,0.7,392,29511.2,OK,,,,,
2026-04-30 16:25:41,17,48,1.1,392,29554.7,OK,,,,,
2026-04-30 16:25:57,16.9,48,1,392,29592.4,OK,,,,,
2026-04-30 16:26:13,16.8,49,1,392,29650.4,OK,,,,,
2026-04-30 16:26:29,16.7,48,1.5,392,29647.5,OK,,,,,
2026-04-30 16:26:45,16.7,48,0,392,29630.1,OK,,,,,
2026-04-30 16:27:01,16.8,49,0.1,392,29634.7,OK,,,,,
2026-04-30 16:27:17,16.8,49,0.3,392,29676.5,OK,,,,,
2026-04-30 16:27:33,-40,0,0,0,0,OK,,,,,
2026-04-30 16:27:49,16.8,49,0.7,392,32347.4,OK,,,,,
2026-04-30 16:28:05,16.8,49,0.6,392,35276.4,OK,,,,,
2026-04-30 16:28:21,23.2,49,0.1,392,34829.8,OK,,,,,
2026-04-30 16:28:37,16.9,49,0.1,392,37236.8,OK,,,,,
2026-04-30 16:28:53,16.9,49,0.1,392,30224.6,OK,,,,,
2026-04-30 16:29:09,-40,0,0,0,0,OK,,,,,
2026-04-30 16:29:25,16.9,49,0.7,392,30131.8,OK,,,,,
2026-04-30 16:29:41,-8.8,50,35.8,392,29519.9,OK,,,,,
2026-04-30 16:29:57,16.9,50,0,392,29331.4,OK,,,,,
2026-04-30 16:30:13,17,50,0,392,29099.4,OK,,,,,
2026-04-30 16:30:29,17.1,50,0.1,392,28809.4,OK,,,,,
2026-04-30 16:30:45,17.2,50,0,392,395579,OK,,,,,
2026-04-30 16:31:01,17.2,49,0,392,28377.3,OK,,,,,
2026-04-30 16:31:17,17.3,49,0,392,28185.9,OK,,,,,
2026-04-30 16:31:33,17.4,49,0.3,392,27977.1,OK,,,,,
2026-04-30 16:31:49,17.4,50,0,392,27756.7,OK,,,,,
2026-04-30 16:32:05,-40,0,0,0,0,OK,,,,,
2026-04-30 16:32:21,17.4,50,0.4,392,27260.8,OK,,,,,
2026-04-30 16:32:37,17.3,50,0.8,392,27037.5,OK,,,,,
2026-04-30 16:32:53,17.1,49,1.1,392,26692.4,OK,,,,,
2026-04-30 16:33:09,16.9,49,0.3,392,26269,OK,,,,,
2026-04-30 16:33:25,16.9,50,0,392,25987.7,OK,,,,,
2026-04-30 16:33:41,16.9,50,0.6,392,27028.8,OK,,,,,
2026-04-30 16:33:57,16.9,50,0.8,392,26570.6,OK,,,,,
2026-04-30 16:34:13,16.7,51,2.1,392,24850.9,OK,,,,,
2026-04-30 16:34:29,16.6,51,1.3,392,23693.8,OK,,,,,
2026-04-30 16:34:45,-40,0,0,0,0,OK,,,,,
2026-04-30 16:35:17,-40,0,0,0,0,OK,,,,,
2026-04-30 16:35:33,16.3,52,0,392,21788.5,OK,,,,,
2026-04-30 16:35:49,16.4,52,0,392,21397,OK,,,,,
2026-04-30 16:36:05,16.5,52,0,392,21020,OK,,,,,
2026-04-30 16:36:21,16.6,52,0,392,20695.2,OK,,,,,
2026-04-30 16:36:37,16.7,52,0.1,392,1673645.5,OK,,,,,
2026-04-30 16:36:53,16.6,52,1.3,392,20161.6,OK,,,,,
2026-04-30 16:37:09,16.6,52,0.7,392,19976,OK,,,,,
2026-04-30 16:37:25,16.5,52,2.8,392,19822.3,OK,,,,,
2026-04-30 16:38:29,15.7,53,2.5,392,19276.6,OK,,,,,
2026-04-30 16:38:45,15.7,53,1,392,19175.6,OK,,,,,
2026-04-30 16:39:01,15.7,54,0.3,392,19085.7,OK,,,,,
2026-04-30 16:39:17,15.7,54,0.3,392,19030.6,OK,,,,,
2026-04-30 16:39:33,15.7,54,0.3,392,18981.3,OK,,,,,
2026-04-30 16:39:49,15.7,55,1,392,18952.3,OK,,,,,
2026-04-30 16:40:05,15.7,55,0.6,392,18949.4,OK,,,,,
2026-04-30 16:40:21,15.8,55,0,392,18972.6,OK,,,,,
2026-04-30 16:40:37,36.6,54,1.4,392,19010.3,OK,,,,,
2026-04-30 16:40:53,15.8,53,0.7,392,19042.2,OK,,,,,
2026-04-30 16:41:09,15.8,53,1,392,19085.7,OK,,,,,
2026-04-30 16:41:25,15.7,53,2.2,392,19097.3,OK,,,,,
2026-04-30 16:41:41,15.6,53,2.5,392,19117.6,OK,,,,,
2026-04-30 16:41:57,15.4,53,1,392,19143.7,OK,,,,,
2026-04-30 16:42:13,15.4,53,0,392,19172.7,OK,,,,,
2026-04-30 16:42:29,15.5,53,0.8,392,19210.4,OK,,,,,
2026-04-30 16:42:45,15.6,53,1.7,392,19210.4,OK,,,,,
2026-04-30 16:43:01,15.5,53,1.5,392,19216.2,OK,,,,,
2026-04-30 16:43:17,15.6,53,1,392,19236.5,OK,,,,,
2026-04-30 16:43:33,15.6,53,0.1,392,19251,OK,,,,,
2026-04-30 16:43:49,15.6,53,1.8,392,19274.2,OK,,,,,
2026-04-30 16:44:05,15.6,52,1.5,392,19326.4,OK,,,,,
2026-04-30 16:44:21,15.5,52,1.1,392,19349.6,OK,,,,,
2026-04-30 16:44:37,-40,0,0,0,0,OK,,,,,
2026-04-30 16:44:53,15.6,52,1.3,392,19419.2,OK,,,,,
2026-04-30 16:45:09,15.7,51,0.7,392,19416.3,OK,,,,,
2026-04-30 16:45:25,15.7,50,1.5,392,19401.8,OK,,,,,
2026-04-30 16:46:29,15.6,51,0.7,392,19204.6,OK,,,,,
2026-04-30 16:46:45,15.6,51,0.7,392,19184.3,OK,,,,,
2026-04-30 16:47:01,15.6,52,1.7,392,19158.2,OK,,,,,
2026-04-30 16:47:17,15.5,52,1.3,392,19132.1,OK,,,,,
2026-04-30 16:47:33,15.5,52,0.8,392,19117.6,OK,,,,,
2026-04-30 16:47:49,15.6,53,0.3,392,19117.6,OK,,,,,
2026-04-30 16:48:05,15.5,53,1.3,392,19137.9,OK,,,,,
2026-04-30 16:48:21,15.5,53,0.1,392,19158.2,OK,,,,,
2026-04-30 16:48:37,15.6,54,0,392,19216.2,OK,,,,,
2026-04-30 16:48:53,15.6,53,0,392,19253.9,OK,,,,,
2026-04-30 16:49:09,-40,0,0,0,0,OK,,,,,
2026-04-30 16:49:25,15.7,54,0.8,392,19393.1,OK,,,,,
2026-04-30 16:50:29,-40,0,0,0,0,OK,,,,,
2026-04-30 16:50:45,-40,0,0,0,0,OK,,,,,
2026-04-30 16:51:01,-40,0,0,0,0,OK,,,,,
2026-04-30 16:51:17,15.5,53,0.6,392,19691.8,OK,,,,,
2026-04-30 16:51:33,15.6,53,0.8,392,19741.1,OK,,,,,
2026-04-30 16:51:49,15.6,53,0.3,392,19755.6,OK,,,,,
2026-04-30 16:52:05,15.6,53,0.1,392,19807.8,OK,,,,,
2026-04-30 16:52:21,-40,0,0,0,0,OK,,,,,
2026-04-30 16:52:37,15.6,52,1,392,19860,OK,,,,,
2026-04-30 16:52:53,15.6,53,1.3,392,19880.3,OK,,,,,
2026-04-30 16:53:09,15.6,52,1.7,392,19874.5,OK,,,,,
2026-04-30 16:53:25,15.5,51,1.1,392,19877.4,OK,,,,,
2026-04-30 16:53:41,15.5,51,0.1,392,19845.5,OK,,,,,
2026-04-30 16:53:57,15.5,51,0,392,19833.9,OK,,,,,
2026-04-30 16:54:13,15.6,51,0,392,19790.4,OK,,,,,
2026-04-30 16:54:29,15.6,51,0,392,19720.8,OK,,,,,
2026-04-30 16:54:45,15.7,51,0,392,19639.6,OK,,,,,
2026-04-30 16:55:01,15.8,51,0,392,19572.9,OK,,,,,
2026-04-30 16:55:17,15.9,51,0.3,392,19538.1,OK,,,,,
2026-04-30 16:55:33,15.9,51,0,392,19497.5,OK,,,,,
2026-04-30 16:55:49,-40,0,0,0,0,OK,,,,,
2026-04-30 16:56:05,15.9,51,1.1,392,19413.4,OK,,,,,
2026-04-30 16:56:21,15.7,52,0.8,392,19378.6,OK,,,,,
2026-04-30 16:56:37,15.7,52,0.1,392,19361.2,OK,,,,,
2026-04-30 16:56:53,15.7,52,0.6,392,19352.5,OK,,,,,
2026-04-30 16:57:09,-40,0,0,0,0,OK,,,,,
2026-04-30 16:57:25,15.6,52,1.1,392,19335.1,OK,,,,,
2026-04-30 16:57:41,15.7,52,1.4,392,19303.2,OK,,,,,
2026-04-30 16:57:57,-40,0,0,0,0,OK,,,,,
2026-04-30 16:58:13,15.7,52,0.8,392,19219.1,OK,,,,,
2026-04-30 16:58:29,15.7,53,0.7,392,19146.6,OK,,,,,
2026-04-30 16:58:45,15.7,52,0.7,392,19085.7,OK,,,,,
2026-04-30 16:59:01,15.7,52,0,392,18995.8,OK,,,,,
2026-04-30 16:59:17,15.8,115,13.4,392,18908.8,OK,,,,,
2026-04-30 16:59:33,-40,0,0,0,0,OK,,,,,
2026-04-30 16:59:49,15.7,52,0.4,392,18700,OK,,,,,
2026-04-30 17:00:05,15.8,52,0.3,392,18578.2,OK,,,,,
2026-04-30 17:00:21,15.8,52,1.1,392,18502.8,OK,,,,,
2026-04-30 17:00:37,15.7,51,1.1,392,18412.9,OK,,,,,
2026-04-30 17:00:53,15.7,153,1.1,392,18346.2,OK,,,,,
2026-04-30 17:01:09,15.6,50,1.1,392,18741.3,OK,,,,,
2026-04-30 17:01:25,-40,0,0,0,0,OK,,,,,
2026-04-30 17:01:41,15.6,51,0.7,392,18598.5,OK,,,,,
2026-04-30 17:01:57,15.6,51,2,392,18708.7,OK,,,,,
2026-04-30 17:02:13,15.5,52,0.4,392,18488.3,OK,,,,,
2026-04-30 17:02:29,15.6,52,0.7,392,18207,OK,,,,,
2026-04-30 17:02:45,15.6,52,0.1,392,18160.6,OK,,,,,
2026-04-30 17:03:01,15.7,52,0,392,18128.7,OK,,,,,
2026-04-30 17:03:17,15.7,52,0.3,392,18143.2,OK,,,,,
2026-04-30 17:03:33,-40,0,0,0,0,OK,,,,,
2026-04-30 17:03:49,15.7,52,0.1,392,18178,OK,,,,,
2026-04-30 17:04:05,15.7,52,0.8,392,18172.2,OK,,,,,
2026-04-30 17:04:21,15.6,53,0.8,392,18198.9,OK,,,,,
2026-04-30 17:04:37,15.6,53,0.3,392,18192.5,OK,,,,,
2026-04-30 17:04:53,15.6,52,0.7,392,18195.4,OK,,,,,
2026-04-30 17:05:09,15.6,52,1.4,392,18169.3,OK,,,,,
2026-04-30 17:05:25,15.5,52,1,392,18140.3,OK,,,,,
2026-04-30 17:05:41,15.4,52,1.3,392,18108.4,OK,,,,,
2026-04-30 17:05:57,15.4,53,0.8,392,18098.4,OK,,,,,
2026-04-30 17:06:13,-40,0,0,0,0,OK,,,,,
2026-04-30 17:06:29,15.5,52,0.1,1928,18009.8,OK,,,,,
2026-04-30 17:06:45,-40,0,0,0,0,OK,,,,,
2026-04-30 17:07:01,-10.1,51,37.9,392,17876.4,OK,,,,,
2026-04-30 17:07:17,15.4,50,2.9,452,17809.7,OK,,,,,
2026-04-30 17:07:33,15.3,51,3.6,392,17682.1,OK,,,,,
2026-04-30 17:07:49,-40,0,0,0,0,OK,,,,,
2026-04-30 17:08:05,15.2,51,2.4,392,17429.8,OK,,,,,
2026-04-30 17:08:21,15.1,51,1.7,392,17276.1,OK,,,,,
2026-04-30 17:08:37,15.1,52,1,392,17131.1,OK,,,,,
2026-04-30 17:08:53,15.1,52,0.6,392,16977.4,OK,,,,,
2026-04-30 17:09:09,15.1,52,0.3,392,16817.9,OK,,,,,
2026-04-30 17:09:25,-40,0,0,0,0,OK,,,,,
2026-04-30 17:09:41,15.2,51,1.5,392,16449.6,OK,,,,,
2026-04-30 17:09:57,15.2,51,2.5,392,16252.4,OK,,,,,
2026-04-30 17:10:13,15.1,51,2.1,392,16037.8,OK,,,,,
2026-04-30 17:10:29,15.1,51,0.8,392,15805.8,OK,,,,,
2026-04-30 17:10:45,15.1,51,0.8,392,15594.1,OK,,,,,
2026-04-30 17:11:01,15.1,51,1.1,392,15391.1,OK,,,,,
2026-04-30 17:11:17,15.1,52,1,392,15182.3,OK,,,,,
2026-04-30 17:11:33,15.1,51,1.1,392,14982.2,OK,,,,,
2026-04-30 17:11:49,15.1,51,1.7,392,14782.1,OK,,,,,
2026-04-30 17:12:05,15.1,51,1.3,392,14605.2,OK,,,,,
2026-04-30 17:12:21,15.1,52,0.7,392,14434.1,OK,,,,,
2026-04-30 17:12:37,15.1,52,1.8,392,14283.3,OK,,,,,
2026-04-30 17:12:53,15.1,52,2.4,392,14167.3,OK,,,,,
2026-04-30 17:13:09,15,53,2,392,14036.8,OK,,,,,
2026-04-30 17:13:25,15,53,1.1,392,13923.7,OK,,,,,
2026-04-30 17:13:41,15,53,0.3,392,13836.7,OK,,,,,
2026-04-30 17:13:57,34.2,205,0,392,13772.9,OK,,,,,
2026-04-30 17:14:13,15.1,53,0.3,392,13697.5,OK,,,,,
2026-04-30 17:14:29,15.1,53,0.1,392,13645.3,OK,,,,,
2026-04-30 17:14:45,15.2,53,0.4,392,13578.6,OK,,,,,
2026-04-30 17:15:01,15.2,53,2.1,392,13535.1,OK,,,,,
2026-04-30 17:15:17,15.1,51,1.8,392,13488.7,OK,,,,,
2026-04-30 17:15:33,15,51,1.4,392,13448.1,OK,,,,,
2026-04-30 17:15:49,118.6,115,49.3,392,13407.5,OK,,,,,
2026-04-30 17:16:05,15,52,0.3,392,13366.9,OK,,,,,
2026-04-30 17:16:21,15,52,1.1,392,13326.3,OK,,,,,
2026-04-30 17:16:37,-40,0,0,0,0,OK,,,,,
2026-04-30 17:16:53,15,51,1,392,13253.8,OK,,,,,
2026-04-30 17:17:09,15.1,51,0.3,392,13204.5,OK,,,,,
2026-04-30 17:17:25,15.1,55,0.4,392,39404.4,OK,,,,,
2026-04-30 17:17:41,15.1,51,2.4,392,13169.7,OK,,,,,
2026-04-30 17:17:57,15,51,2.4,392,13158.1,OK,,,,,
2026-04-30 17:18:13,15,51,2.1,392,13132,OK,,,,,
2026-04-30 17:18:29,14.9,52,2.2,392,13117.5,OK,,,,,
2026-04-30 17:18:45,14.8,52,0.7,392,13097.2,OK,,,,,
2026-04-30 17:19:01,14.8,52,0.7,392,13074,OK,,,,,
2026-04-30 17:19:17,14.8,52,0.8,392,13065.3,OK,,,,,
2026-04-30 17:19:33,14.8,52,0.1,392,13056.6,OK,,,,,
2026-04-30 17:19:49,15,52,0.3,392,13039.2,OK,,,,,
2026-04-30 17:20:05,15,52,0.3,392,13027.6,OK,,,,,
2026-04-30 17:20:21,15.1,52,0.1,392,13018.9,OK,,,,,
2026-04-30 17:20:37,15.1,52,0.1,392,13007.3,OK,,,,,
2026-04-30 17:20:53,15.1,52,0.1,392,13004.4,OK,,,,,
2026-04-30 17:21:09,15.1,244,18.1,392,13001.5,OK,,,,,
2026-04-30 17:21:25,15.1,51,1,392,13004.4,OK,,,,,
2026-04-30 17:21:41,15.1,51,0.8,392,13004.4,OK,,,,,
2026-04-30 17:21:57,15.1,50,1,392,13007.3,OK,,,,,
2026-04-30 17:22:13,15.1,49,1.8,392,13007.3,OK,,,,,
2026-04-30 17:22:29,15,49,1.7,392,13010.2,OK,,,,,
2026-04-30 17:22:45,-40,0,0,0,0,OK,,,,,
2026-04-30 17:23:01,15,50,0.4,392,13106.4,OK,,,,,
2026-04-30 17:23:17,15,49,0.4,392,13010.2,OK,,,,,
2026-04-30 17:23:33,15.1,49,1.7,392,13016,OK,,,,,
2026-04-30 17:23:49,15.1,49,0.4,392,13010.2,OK,,,,,
2026-04-30 17:24:05,15.1,49,2,392,13018.9,OK,,,,,
2026-04-30 17:24:21,15.1,50,1,392,13030.5,OK,,,,,
2026-04-30 17:24:37,15.1,49,0.1,392,13050.8,OK,,,,,
2026-04-30 17:24:53,15.1,48,0.4,392,13059.5,OK,,,,,
2026-04-30 17:25:09,15.2,49,1,392,13062.4,OK,,,,,
2026-04-30 17:25:25,15.2,49,0.1,392,13079.8,OK,,,,,
2026-04-30 17:25:41,15.2,49,0.1,392,13094.3,OK,,,,,
2026-04-30 17:25:57,15.3,49,0.3,392,13105.9,OK,,,,,
2026-04-30 17:26:13,15.3,49,0.4,392,13117.5,OK,,,,,
2026-04-30 17:26:29,-40,0,0,0,0,OK,,,,,
2026-04-30 17:26:45,15.3,48,0.7,392,13172.6,OK,,,,,
2026-04-30 17:27:01,15.3,48,0.1,392,13187.1,OK,,,,,
2026-04-30 17:27:17,15.3,48,0.4,392,13207.4,OK,,,,,
2026-04-30 17:27:33,15.3,48,0.1,392,13221.9,OK,,,,,
2026-04-30 17:27:49,15.3,48,1,392,13230.6,OK,,,,,
2026-04-30 17:28:05,15.3,48,1.3,392,13227.7,OK,,,,,
2026-04-30 17:28:21,15.3,47,0.3,392,13216.1,OK,,,,,
2026-04-30 17:28:37,15.3,47,0.8,392,13198.7,OK,,,,,
2026-04-30 17:28:53,15.3,48,1,392,13187.1,OK,,,,,
2026-04-30 17:29:09,15.3,48,0.4,392,13158.1,OK,,,,,
2026-04-30 17:29:25,15.3,48,0,392,13126.2,OK,,,,,
2026-04-30 17:29:41,15.3,48,0.3,392,13076.9,OK,,,,,
2026-04-30 17:29:57,15.3,48,0.3,392,13027.6,OK,,,,,
2026-04-30 17:30:13,15.3,48,0.6,392,12972.5,OK,,,,,
2026-04-30 17:30:29,15.3,49,1.1,392,12905.8,OK,,,,,
2026-04-30 17:30:45,15.3,49,0.7,392,12836.2,OK,,,,,
2026-04-30 17:31:01,15.3,49,0.1,392,12760.8,OK,,,,,
2026-04-30 17:31:17,15.3,49,0,392,12685.4,OK,,,,,
2026-04-30 17:31:33,-40,0,0,0,0,OK,,,,,
2026-04-30 17:31:49,15.3,48,0.3,392,12546.2,OK,,,,,
2026-04-30 17:32:05,15.3,48,0.4,392,12482.4,OK,,,,,
2026-04-30 17:32:21,15.3,48,0.6,392,12427.3,OK,,,,,
2026-04-30 17:32:37,-40,0,0,0,0,OK,,,,,
2026-04-30 17:32:53,15.3,48,0.1,392,12338.3,OK,,,,,
2026-04-30 17:33:09,15.3,48,0.8,392,12288.1,OK,,,,,
2026-04-30 17:33:25,-40,0,0,0,0,OK,,,,,
2026-04-30 17:33:41,15.2,49,0.4,392,12221.4,OK,,,,,
2026-04-30 17:33:57,15.2,49,0,392,12186.6,OK,,,,,
2026-04-30 17:34:13,15.2,48,0.1,392,12163.4,OK,,,,,
2026-04-30 17:34:29,15.3,48,0.4,392,12134.4,OK,,,,,
2026-04-30 17:34:45,15.3,48,0.8,392,12093.8,OK,,,,,
2026-04-30 17:35:01,15.3,49,0.3,392,12059,OK,,,,,
2026-04-30 17:35:17,15.3,49,0.7,392,12015.5,OK,,,,,
2026-04-30 17:35:33,15.2,49,1.8,392,11966.2,OK,,,,,
2026-04-30 17:35:49,15.2,47,1.5,392,11905.3,OK,,,,,
2026-04-30 17:36:05,15,48,1.4,392,11838.6,OK,,,,,
2026-04-30 17:36:21,15.1,48,0.7,392,11775.1,OK,,,,,
2026-04-30 17:36:37,15.1,49,0.8,392,11684.9,OK,,,,,
2026-04-30 17:36:53,15.1,49,0.4,392,11603.7,OK,,,,,
2026-04-30 17:37:09,15.2,49,1,392,11508,OK,,,,,
2026-04-30 17:37:25,15.2,49,0.7,392,11412.3,OK,,,,,
2026-04-30 17:37:41,15.2,49,0.3,392,11307.9,OK,,,,,
2026-04-30 17:37:57,-40,0,0,0,0,OK,,,,,
2026-04-30 17:38:13,15.2,47,0.8,392,11099.1,OK,,,,,
2026-04-30 17:38:29,15.2,48,0,392,10983.1,OK,,,,,
2026-04-30 17:38:45,15.2,48,0,392,10884.5,OK,,,,,
2026-04-30 17:39:01,15.3,48,0.1,392,10780.1,OK,,,,,
2026-04-30 17:39:17,15.3,48,0,392,10684.4,OK,,,,,
2026-04-30 17:39:33,15.4,48,0.1,392,10603.2,OK,,,,,
2026-04-30 17:39:49,15.3,48,0.7,392,10530.7,OK,,,,,
2026-04-30 17:40:05,15.3,48,0,392,10461.1,OK,,,,,
2026-04-30 17:40:21,15.3,48,0.1,392,23501.6,OK,,,,,
2026-04-30 17:40:37,15.4,48,0.7,392,10339.3,OK,,,,,
2026-04-30 17:40:53,15.3,48,0,392,634989.4,OK,,,,,
2026-04-30 17:41:09,-40,0,0,0,0,OK,,,,,
2026-04-30 17:41:25,15.3,47,0.6,392,10182.7,OK,,,,,
2026-04-30 17:41:41,15.3,48,0.6,392,10130.5,OK,,,,,
2026-04-30 17:41:57,15.3,48,0.7,392,10087,OK,,,,,
2026-04-30 17:42:13,15.3,48,0.6,392,10040.6,OK,,,,,
2026-04-30 17:42:29,15.2,48,2.1,392,10000,OK,,,,,
2026-04-30 17:42:45,-40,0,0,0,0,OK,,,,,
2026-04-30 17:43:01,15.1,48,0.1,392,9844,OK,,,,,
2026-04-30 17:43:17,15.1,48,1.3,392,9792.2,OK,,,,,
2026-04-30 17:43:33,15.1,152,1,392,9725.6,OK,,,,,
2026-04-30 17:43:49,15.1,48,0.4,392,9673.8,OK,,,,,
2026-04-30 17:44:05,15.2,48,1.1,392,9625.7,OK,,,,,
2026-04-30 17:44:21,15.1,48,1.5,392,9562.8,OK,,,,,
2026-04-30 17:44:37,15.1,48,0.3,392,9511,OK,,,,,
2026-04-30 17:44:53,15.1,48,0.1,392,9462.9,OK,,,,,
2026-04-30 17:45:09,15.1,48,0,392,9422.2,OK,,,,,
2026-04-30 17:45:25,15.1,48,0,392,9374.1,OK,,,,,
2026-04-30 17:45:41,15.1,47,0,392,9337.1,OK,,,,,
2026-04-30 17:45:57,15.2,48,0,392,9311.2,OK,,,,,
2026-04-30 17:46:13,15.2,48,0.4,392,9274.2,OK,,,,,
2026-04-30 17:46:29,15.2,47,0.6,392,9259.4,OK,,,,,
2026-04-30 17:46:45,15.2,48,0.3,392,9240.9,OK,,,,,
2026-04-30 17:47:01,15.2,48,0,392,9226.1,OK,,,,,
2026-04-30 17:47:17,15.2,48,0,392,9218.7,OK,,,,,
2026-04-30 17:47:33,15.3,48,0.1,392,9211.3,OK,,,,,
2026-04-30 17:47:49,15.3,48,0,392,9207.6,OK,,,,,
2026-04-30 17:48:05,15.4,48,0.6,392,9207.6,OK,,,,,
2026-04-30 17:48:21,15.3,47,2,392,9211.3,OK,,,,,
2026-04-30 17:48:37,15.2,48,1,392,9211.3,OK,,,,,
2026-04-30 17:48:53,15.2,48,0.7,392,9211.3,OK,,,,,
2026-04-30 17:49:09,-40,0,0,0,0,OK,,,,,
2026-04-30 17:49:25,15.1,46,2.5,392,9189.1,OK,,,,,
2026-04-30 17:49:41,15,46,0.6,392,9174.3,OK,,,,,
2026-04-30 17:49:57,15,46,0,392,9155.8,OK,,,,,
2026-04-30 17:50:13,15.1,46,0.7,392,9129.9,OK,,,,,
2026-04-30 17:50:29,15.1,47,1.1,392,9089.2,OK,,,,,
2026-04-30 17:50:45,15.1,47,0.7,392,12339.1,OK,,,,,
2026-04-30 17:51:01,15.1,46,1.5,392,8993,OK,,,,,
2026-04-30 17:51:33,15.1,47,1.3,392,8826.5,OK,,,,,
2026-04-30 17:51:49,15,48,1,392,8726.6,OK,,,,,
2026-04-30 17:52:05,15,48,0.6,392,8623,OK,,,,,
2026-04-30 17:53:09,14.9,48,0.4,392,8286.3,OK,,,,,
2026-04-30 17:53:25,14.9,112,1.5,392,8219.7,OK,,,,,
2026-04-30 17:53:41,15,48,0.3,392,8167.9,OK,,,,,
2026-04-30 17:53:57,15,48,0.6,392,8112.4,OK,,,,,
2026-04-30 17:54:13,15,49,0.3,392,8068,OK,,,,,
2026-04-30 17:54:29,15,49,0.8,392,8023.6,OK,,,,,
2026-04-30 17:54:45,15,49,0.7,392,7979.2,OK,,,,,
2026-04-30 17:55:01,15.1,49,0,392,7938.5,OK,,,,,
2026-04-30 17:55:17,15.1,49,0.1,392,7897.8,OK,,,,,
2026-04-30 17:55:33,15.1,49,0,392,7857.1,OK,,,,,
2026-04-30 17:55:49,15.1,49,0,392,7809,OK,,,,,
2026-04-30 17:56:05,15.2,49,0,392,7768.3,OK,,,,,
2026-04-30 17:56:21,15.2,49,0,392,7727.6,OK,,,,,
2026-04-30 17:56:37,15.2,49,1.4,392,7694.3,OK,,,,,
2026-04-30 17:56:53,15.2,48,0.4,392,7653.6,OK,,,,,
2026-04-30 17:57:09,15.2,48,0,392,7612.9,OK,,,,,
2026-04-30 17:57:25,15.1,48,0,392,7572.2,OK,,,,,
2026-04-30 17:57:41,15.2,49,0.1,392,7531.5,OK,,,,,
2026-04-30 17:57:57,15.2,49,1.1,392,7494.5,OK,,,,,
2026-04-30 17:58:13,15.1,49,1.4,392,7464.9,OK,,,,,
2026-04-30 17:58:29,15.1,50,1.3,392,7431.6,OK,,,,,
2026-04-30 17:58:45,15.1,50,0.3,392,7402,OK,,,,,
2026-04-30 17:59:01,-40,0,0,0,0,OK,,,,,
2026-04-30 17:59:17,15.1,50,0,392,7357.6,OK,,,,,
2026-04-30 17:59:33,15.1,50,0.1,392,7346.5,OK,,,,,
2026-04-30 17:59:49,15.1,50,0.1,392,7328,OK,,,,,
2026-04-30 18:00:05,15.1,50,0.7,392,7316.9,OK,,,,,
2026-04-30 18:00:21,15.1,50,1,392,7305.8,OK,,,,,
2026-04-30 18:00:37,-40,0,0,0,0,OK,,,,,
2026-04-30 18:00:53,15,51,1.8,392,7305.8,OK,,,,,
2026-04-30 18:01:09,15,52,0.3,392,7309.5,OK,,,,,
2026-04-30 18:01:25,15,52,0.3,392,7316.9,OK,,,,,
2026-04-30 18:01:41,15,52,0.7,392,7331.7,OK,,,,,
2026-04-30 18:01:57,15,52,0,392,7350.2,OK,,,,,
2026-04-30 18:02:13,-40,0,0,0,0,OK,,,,,
2026-04-30 18:02:29,15.1,52,0,392,7387.2,OK,,,,,
2026-04-30 18:02:45,15.1,52,0.1,392,7416.8,OK,,,,,
2026-04-30 18:03:01,-40,0,0,0,0,OK,,,,,
2026-04-30 18:03:17,15.1,52,0.6,392,7490.8,OK,,,,,
2026-04-30 18:03:33,15.1,52,0.1,392,7487.1,OK,,,,,
2026-04-30 18:03:49,15.1,52,0.6,392,7564.8,OK,,,,,
2026-04-30 18:04:05,15,50,0.6,392,7723.9,OK,,,,,
2026-04-30 18:04:21,15.1,51,1.1,392,7945.9,OK,,,,,
2026-04-30 18:04:37,25.9,50,1,392,8119.8,OK,,,,,
2026-04-30 18:04:53,15,50,1,392,8145.7,OK,,,,,
2026-04-30 18:05:09,15,50,0.4,392,7934.8,OK,,,,,
2026-04-30 18:05:25,-40,0,0,0,0,OK,,,,,
2026-04-30 18:05:41,15,50,0.4,392,8153.1,OK,,,,,
2026-04-30 18:05:57,15,50,0.1,392,8519.4,OK,,,,,
2026-04-30 18:06:13,15,50,0.8,392,8312.2,OK,,,,,
2026-04-30 18:06:29,15,50,1.4,392,7986.6,OK,,,,,
2026-04-30 18:06:45,15,51,1,392,7971.8,OK,,,,,
2026-04-30 18:07:01,14.9,51,1.1,392,8116.1,OK,,,,,
2026-04-30 18:07:17,15,51,0.7,392,7857.1,OK,,,,,
2026-04-30 18:07:33,15,51,1.3,392,7879.3,OK,,,,,
2026-04-30 18:07:49,15,51,0.8,392,7868.2,OK,,,,,
2026-04-30 18:08:05,14.9,50,0.4,392,7875.6,OK,,,,,
2026-04-30 18:08:21,14.9,51,0,392,7897.8,OK,,,,,
2026-04-30 18:08:37,15,51,0,392,7927.4,OK,,,,,
2026-04-30 18:08:53,15,51,4.2,392,7908.9,OK,,,,,
2026-04-30 18:09:09,15,51,0.3,392,7901.5,OK,,,,,
2026-04-30 18:09:25,15,52,0,392,7897.8,OK,,,,,
2026-04-30 18:09:41,15,51,0.1,392,7871.9,OK,,,,,
2026-04-30 18:09:57,15,52,0,392,7849.7,OK,,,,,
2026-04-30 18:10:13,15,52,0.6,392,7812.7,OK,,,,,
2026-04-30 18:10:29,15,52,0.1,392,7786.8,OK,,,,,
2026-04-30 18:10:45,15,52,0.1,392,7753.5,OK,,,,,
2026-04-30 18:11:01,15,52,0,392,7686.9,OK,,,,,
2026-04-30 18:11:17,15,52,0,392,7638.8,OK,,,,,
2026-04-30 18:11:33,15,52,0.4,392,7579.6,OK,,,,,
2026-04-30 18:11:49,15,52,1.4,392,7516.7,OK,,,,,
2026-04-30 18:12:05,14.9,51,0.6,392,7442.7,OK,,,,,
2026-04-30 18:12:21,14.9,51,0,392,7357.6,OK,,,,,
2026-04-30 18:12:37,15,51,0.7,392,13107.1,OK,,,,,
2026-04-30 18:12:53,-40,0,0,0,0,OK,,,,,
2026-04-30 18:13:09,14.9,51,0.3,392,7072.7,OK,,,,,
2026-04-30 18:13:25,15,51,0,392,6972.8,OK,,,,,
2026-04-30 18:13:41,15,51,0,392,6865.5,OK,,,,,
2026-04-30 18:13:57,15,51,0.1,504,6750.8,OK,,,,,
2026-04-30 18:14:13,15,51,0.7,392,6636.1,OK,,,,,
2026-04-30 18:14:29,15,50,0.7,392,6521.4,OK,,,,,
2026-04-30 18:14:45,15,49,1.4,392,6417.8,OK,,,,,
2026-04-30 18:15:01,14.9,49,0.1,392,6314.2,OK,,,,,
2026-04-30 18:15:17,15,49,0,392,6210.6,OK,,,,,
2026-04-30 18:15:33,15,50,0,392,6118.1,OK,,,,,
2026-04-30 18:15:49,15,50,0.6,392,6014.5,OK,,,,,
2026-04-30 18:16:05,15,51,0.7,392,5929.4,OK,,,,,
2026-04-30 18:16:21,15,51,0.1,392,5840.6,OK,,,,,
2026-04-30 18:16:37,15,51,0,392,5759.2,OK,,,,,
2026-04-30 18:16:53,15,51,0,392,5681.5,OK,,,,,
2026-04-30 18:17:09,15,51,0.4,392,5614.9,OK,,,,,
2026-04-30 18:17:25,15,51,0,392,5537.2,OK,,,,,
2026-04-30 18:17:41,15,51,0,392,5466.9,OK,,,,,
2026-04-30 18:17:57,15,51,0,392,5401.5,OK,,,,,
2026-04-30 18:18:13,15,51,0,392,5333.7,OK,,,,,
2026-04-30 18:18:29,-40,0,0,0,0,OK,,,,,
2026-04-30 18:18:45,15,51,0,392,5200.5,OK,,,,,
2026-04-30 18:19:01,15,51,0,392,5137.6,OK,,,,,
2026-04-30 18:19:17,15,52,0,392,5078.4,OK,,,,,
2026-04-30 18:19:33,15,51,0,392,5015.5,OK,,,,,
2026-04-30 18:19:49,15,51,1,392,4948.9,OK,,,,,
2026-04-30 18:20:05,15,51,2.1,392,4893.4,OK,,,,,
2026-04-30 18:20:21,14.9,51,0.1,392,4830.5,OK,,,,,
2026-04-30 18:20:37,14.9,51,0.1,392,4771.3,OK,,,,,
2026-04-30 18:20:53,14.9,51,0,392,4712.1,OK,,,,,
2026-04-30 18:21:09,14.9,51,0,392,4656.6,OK,,,,,
2026-04-30 18:21:25,14.9,51,0.1,392,4608.5,OK,,,,,
2026-04-30 18:21:41,14.9,51,0.1,392,4560.4,OK,,,,,
2026-04-30 18:21:57,14.9,52,0.4,392,4512.3,OK,,,,,
2026-04-30 18:22:13,14.9,52,0.3,392,4453.1,OK,,,,,
2026-04-30 18:22:29,14.9,52,0,392,4390.2,OK,,,,,
2026-04-30 18:22:45,14.9,52,0,392,4331,OK,,,,,
2026-04-30 18:23:01,14.8,52,0,392,4279.2,OK,,,,,
2026-04-30 18:23:17,-40,0,0,0,0,OK,,,,,
2026-04-30 18:23:33,14.9,52,0,392,4160.8,OK,,,,,
2026-04-30 18:23:49,14.9,52,0.6,392,4101.6,OK,,,,,
2026-04-30 18:24:05,14.9,52,0.7,392,4020.2,OK,,,,,
2026-04-30 18:24:21,14.9,52,0.3,392,3935.1,OK,,,,,
2026-04-30 18:24:37,14.9,52,1.3,392,3853.7,OK,,,,,
2026-04-30 18:24:53,14.8,52,0.7,392,3779.7,OK,,,,,
2026-04-30 18:25:09,14.9,52,0.1,392,3705.7,OK,,,,,
2026-04-30 18:25:25,14.8,52,0,392,3628,OK,,,,,
2026-04-30 18:25:41,14.9,52,0,392,3542.9,OK,,,,,
2026-04-30 18:25:57,14.8,52,0,392,3480,OK,,,,,
2026-04-30 18:26:13,14.9,52,0,392,3435.6,OK,,,,,
2026-04-30 18:26:29,14.9,52,0,392,3380.1,OK,,,,,
2026-04-30 18:26:45,36.5,154,0.6,392,3324.6,OK,,,,,
2026-04-30 18:27:01,14.9,49,0,392,3298.7,OK,,,,,
2026-04-30 18:27:17,14.9,50,0.1,392,3258,OK,,,,,
2026-04-30 18:27:33,14.9,50,0,392,3221,OK,,,,,
2026-04-30 18:27:49,14.9,50,0,392,3198.8,OK,,,,,
2026-04-30 18:28:05,14.9,51,0.3,392,3184,OK,,,,,
2026-04-30 18:28:21,14.9,51,0.4,392,3165.5,OK,,,,,
2026-04-30 18:28:37,14.9,51,0.1,392,3135.9,OK,,,,,
2026-04-30 18:28:53,14.9,51,0.3,392,3121.1,OK,,,,,
2026-04-30 18:29:09,-40,0,0,0,0,OK,,,,,
2026-04-30 18:29:25,14.8,51,0.4,392,3076.7,OK,,,,,
2026-04-30 18:29:41,14.8,51,0.3,392,3054.5,OK,,,,,
2026-04-30 18:29:57,14.8,51,0,392,3036,OK,,,,,
2026-04-30 18:30:13,14.8,51,0.3,392,3024.9,OK,,,,,
2026-04-30 18:30:29,14.8,52,0.1,392,3013.8,OK,,,,,
2026-04-30 18:30:45,14.8,51,1,392,2999,OK,,,,,
2026-04-30 18:31:01,14.8,51,0.6,392,2987.9,OK,,,,,
2026-04-30 18:31:17,14.7,51,0.6,392,2954.6,OK,,,,,
2026-04-30 18:31:33,14.7,51,0.4,392,2913.9,OK,,,,,
2026-04-30 18:31:49,14.7,51,0.3,392,2873.2,OK,,,,,
2026-04-30 18:32:05,14.7,51,0.1,392,2836.2,OK,,,,,
2026-04-30 18:32:21,14.7,51,0,392,2806.6,OK,,,,,
2026-04-30 18:32:37,14.7,51,0.1,392,2773.3,OK,,,,,
2026-04-30 18:32:53,14.7,51,1.1,392,2747.4,OK,,,,,
2026-04-30 18:33:09,14.6,51,2,392,2728.9,OK,,,,,
2026-04-30 18:33:25,14.6,51,0.8,392,2717.8,OK,,,,,
2026-04-30 18:33:41,14.6,51,0.3,392,2710.4,OK,,,,,
2026-04-30 18:33:57,14.6,51,0.3,392,2691.9,OK,,,,,
2026-04-30 18:34:13,14.6,51,0.6,392,2669.7,OK,,,,,
2026-04-30 18:34:29,14.6,51,0.4,392,2654.9,OK,,,,,
2026-04-30 18:34:45,14.6,51,1.1,392,2636.4,OK,,,,,
2026-04-30 18:35:01,14.6,51,0,392,2617.9,OK,,,,,
2026-04-30 18:35:17,-40,0,0,0,0,OK,,,,,
2026-04-30 18:35:33,14.6,51,0.6,392,2584.6,OK,,,,,
2026-04-30 18:35:49,14.6,51,0.1,392,2562.4,OK,,,,,
2026-04-30 18:36:05,14.6,51,0.1,392,2540.2,OK,,,,,
2026-04-30 18:36:21,14.6,51,0,392,2521.7,OK,,,,,
2026-04-30 18:36:37,14.6,52,0.7,392,2506.9,OK,,,,,
2026-04-30 18:36:53,14.6,51,1.3,392,2499.5,OK,,,,,
2026-04-30 18:37:09,14.6,51,0.4,392,2499.5,OK,,,,,
2026-04-30 18:37:25,14.6,51,0.8,392,2503.2,OK,,,,,
2026-04-30 18:37:41,14.6,52,0.6,392,2503.2,OK,,,,,
2026-04-30 18:37:57,14.6,52,0,392,2495.8,OK,,,,,
2026-04-30 18:38:13,14.6,52,0,392,2492.1,OK,,,,,
2026-04-30 18:38:29,14.6,52,0,392,2488.4,OK,,,,,
2026-04-30 18:38:45,14.6,52,1.8,392,2481,OK,,,,,
2026-04-30 18:39:01,14.5,52,0.7,392,2473.6,OK,,,,,
2026-04-30 18:39:17,14.5,52,0,392,2466.2,OK,,,,,
2026-04-30 18:39:33,14.5,52,0,392,2447.7,OK,,,,,
2026-04-30 18:39:49,14.5,53,0.4,392,2418.1,OK,,,,,
2026-04-30 18:40:05,14.5,53,0.1,392,2399.9,OK,,,,,
2026-04-30 18:40:21,14.5,53,1,392,2362.6,OK,,,,,
2026-04-30 18:40:37,14.4,53,0.6,392,2318.2,OK,,,,,
2026-04-30 18:40:53,14.5,53,0.6,392,2270.1,OK,,,,,
2026-04-30 18:41:09,14.4,52,0.4,392,2214.6,OK,,,,,
2026-04-30 18:41:25,14.4,52,1.4,392,2162.8,OK,,,,,
2026-04-30 18:41:41,14.4,52,2,392,2111,OK,,,,,
2026-04-30 18:41:57,14.4,52,1.4,392,2051.8,OK,,,,,
2026-04-30 18:42:13,14.4,53,1.1,392,2000,OK,,,,,
2026-04-30 18:42:29,14.4,53,0.8,392,1690.9,OK,,,,,
2026-04-30 18:42:45,14.4,53,0,392,1635.4,OK,,,,,
2026-04-30 18:43:01,14.4,54,0,392,1769,OK,,,,,
2026-04-30 18:43:17,14.4,54,0.1,392,1710.7,OK,,,,,
2026-04-30 18:43:33,14.4,54,1,392,1652.5,OK,,,,,
2026-04-30 18:43:49,14.4,53,1.7,392,1594.2,OK,,,,,
2026-04-30 18:44:05,14.4,53,0.6,392,1531.8,OK,,,,,
2026-04-30 18:44:21,14.3,54,1,392,1477.6,OK,,,,,
2026-04-30 18:44:37,14.3,54,1.3,392,1419.4,OK,,,,,
2026-04-30 18:44:53,14.3,54,1.3,392,1365.3,OK,,,,,
2026-04-30 18:45:09,14.3,54,1.1,392,1311.1,OK,,,,,
2026-04-30 18:45:25,14.3,55,0.8,392,1252.9,OK,,,,,
2026-04-30 18:45:41,14.3,55,0.7,392,1194.6,OK,,,,,
2026-04-30 18:45:57,14.3,55,0.4,392,1136.3,OK,,,,,
2026-04-30 18:46:13,14.3,54,0.1,392,1082.2,OK,,,,,
2026-04-30 18:46:29,14.3,54,0,392,1028.1,OK,,,,,
2026-04-30 18:46:45,116.7,54,36.4,392,982.3,OK,,,,,
2026-04-30 18:47:01,14.3,54,0.3,392,936.5,OK,,,,,
2026-04-30 18:47:17,14.3,54,0.1,392,894.9,OK,,,,,
2026-04-30 18:47:33,14.3,54,0.4,392,853.3,OK,,,,,
2026-04-30 18:47:49,14.3,54,0.1,392,811.6,OK,,,,,
2026-04-30 18:48:05,14.3,54,0.1,392,782.5,OK,,,,,
2026-04-30 18:48:21,14.3,54,0.3,392,749.2,OK,,,,,
2026-04-30 18:48:37,14.4,54,0.4,392,715.9,OK,,,,,
2026-04-30 18:48:53,14.3,54,0.6,392,690.9,OK,,,,,
2026-04-30 18:49:09,14.4,54,0.1,392,666,OK,,,,,
2026-04-30 18:49:25,14.4,54,0.3,392,645.1,OK,,,,,
2026-04-30 18:49:41,14.4,54,0.8,392,624.3,OK,,,,,
2026-04-30 18:49:57,14.3,54,0,392,599.4,OK,,,,,
2026-04-30 18:50:13,14.4,55,0,392,586.9,OK,,,,,
2026-04-30 18:50:29,14.4,55,0,392,570.2,OK,,,,,
2026-04-30 18:50:45,14.4,55,0,392,619.7,OK,,,,,
2026-04-30 18:51:01,-40,0,0,0,0,OK,,,,,
2026-04-30 18:51:17,14.4,54,0,392,587.3,OK,,,,,
2026-04-30 18:51:33,14.4,54,0,392,573.5,OK,,,,,
2026-04-30 18:51:49,14.4,54,0,392,2897.5,OK,,,,,
2026-04-30 18:52:05,-40,0,0,0,0,OK,,,,,
2026-04-30 18:52:21,14.5,54,0,392,541.1,OK,,,,,
2026-04-30 18:52:37,14.5,54,0,392,522.6,OK,,,,,
2026-04-30 18:52:53,14.5,54,0.3,392,513.3,OK,,,,,
2026-04-30 18:53:09,14.5,54,0,392,499.5,OK,,,,,
2026-04-30 18:53:25,-40,0,0,0,0,OK,,,,,
2026-04-30 18:53:41,-40,0,0,0,0,OK,,,,,
2026-04-30 18:54:45,14.4,53,0.7,392,416.2,OK,,,,,
2026-04-30 18:55:01,14.4,53,0.6,392,397.7,OK,,,,,
2026-04-30 18:55:17,33.6,53,0,392,388.5,OK,,,,,
2026-04-30 18:55:33,14.4,53,0.3,392,379.2,OK,,,,,
2026-04-30 18:55:49,14.4,53,8.7,392,360.7,OK,,,,,
2026-04-30 18:56:05,-40,0,0,0,0,OK,,,,,
2026-04-30 18:56:21,-40,0,0,0,0,OK,,,,,
2026-04-30 18:56:37,14.4,53,0.8,392,323.7,OK,,,,,
2026-04-30 18:56:53,14.3,53,1.5,392,309.8,OK,,,,,
2026-04-30 18:57:09,-40,0,0,0,0,OK,,,,,
2026-04-30 18:57:25,14.3,53,0.8,392,286.7,OK,,,,,
2026-04-30 18:57:41,14.3,54,1.5,392,3421.6,OK,,,,,
2026-04-30 18:57:57,14.2,54,0.3,392,263.6,OK,,,,,
2026-04-30 18:58:13,-40,0,0,0,0,OK,,,,,
2026-04-30 18:58:29,14.2,53,0.3,392,240.5,OK,,,,,
2026-04-30 18:58:45,14.2,125,0.1,392,226.6,OK,,,,,
2026-04-30 18:59:01,14.3,53,0,392,217.3,OK,,,,,
2026-04-30 18:59:17,14.3,53,0,392,208.1,OK,,,,,
2026-04-30 18:59:33,14.3,53,0.3,392,194.2,OK,,,,,
2026-04-30 18:59:49,14.3,52,0.4,392,189.6,OK,,,,,
2026-04-30 19:00:05,14.3,52,0.4,392,175.7,OK,,,,,
2026-04-30 19:00:37,14.3,53,0,392,157.2,OK,,,,,
2026-04-30 19:00:53,14.3,53,0.3,392,143.3,OK,,,,,
2026-04-30 19:01:25,14.3,53,0.1,392,124.8,OK,,,,,
2026-04-30 19:01:41,-40,0,0,0,0,OK,,,,,
2026-04-30 19:01:57,14.2,54,0.1,392,101.7,OK,,,,,
2026-04-30 19:02:13,14.3,54,0.6,392,92.5,OK,,,,,
2026-04-30 19:02:29,14.2,54,0.3,392,83.2,OK,,,,,
2026-04-30 19:02:45,14.2,54,0,392,74,OK,,,,,
2026-04-30 19:03:01,14.2,54,0,392,64.7,OK,,,,,
2026-04-30 19:03:33,14.3,54,0,392,50.8,OK,,,,,
2026-04-30 19:03:49,14.3,54,0,392,41.6,OK,,,,,
2026-04-30 19:04:05,-40,0,0,0,0,OK,,,,,
2026-04-30 19:04:21,14.3,54,0.8,392,23.1,OK,,,,,
2026-04-30 19:04:37,14.3,54,0.3,392,13.8,OK,,,,,
2026-04-30 19:05:41,14.3,53,0.7,392,0,OK,,,,,
2026-04-30 19:05:57,14.2,53,0,392,0,OK,,,,,
2026-04-30 19:06:13,14.2,54,0,392,0,OK,,,,,
2026-04-30 19:06:29,14.3,54,0,392,0,OK,,,,,
2026-04-30 19:06:45,-40,0,0,0,0,OK,,,,,
2026-04-30 19:07:01,14.2,54,0.1,392,0,OK,,,,,
2026-04-30 19:07:17,14.3,54,0.1,392,0,OK,,,,,
2026-04-30 19:07:33,-40,0,0,0,0,OK,,,,,
2026-04-30 19:07:49,14.3,54,0.6,392,0,OK,,,,,
2026-04-30 19:08:05,14.3,54,1,8072,0,OK,,,,,
2026-04-30 19:08:21,14.2,54,0,392,0,OK,,,,,
2026-04-30 19:08:37,14.2,54,1.5,392,0,OK,,,,,
2026-04-30 19:08:53,14.2,54,1,392,0,OK,,,,,
2026-04-30 19:09:09,14.2,54,0.6,392,0,OK,,,,,
2026-04-30 19:09:25,-40,0,0,0,0,OK,,,,,
2026-04-30 19:09:41,14.2,54,0.4,392,0,OK,,,,,
2026-04-30 19:09:57,14.1,54,0.8,392,0,OK,,,,,
2026-04-30 19:10:13,14.1,54,0.1,392,0,OK,,,,,
2026-04-30 19:10:29,14.1,54,0.1,392,0,OK,,,,,
2026-04-30 19:10:45,-40,0,0,0,0,OK,,,,,
2026-04-30 19:11:01,14.2,54,1.3,392,0,OK,,,,,
2026-04-30 19:11:17,14.1,54,1.5,392,0,OK,,,,,
2026-04-30 19:11:33,14.1,53,1.1,392,0,OK,,,,,
2026-04-30 19:11:49,-40,0,0,0,0,OK,,,,,
2026-04-30 19:12:05,-40,0,0,0,0,OK,,,,,
2026-04-30 19:12:21,-40,0,0,0,0,OK,,,,,
2026-04-30 19:12:37,-40,0,0,0,0,OK,,,,,
2026-04-30 19:13:25,14.1,55,0.3,392,0,OK,,,,,
2026-04-30 19:13:41,14.1,55,0,392,0,OK,,,,,
2026-04-30 19:13:57,142.1,55,0,392,0,OK,,,,,
2026-04-30 19:14:13,14.1,55,0.4,392,0,OK,,,,,
2026-04-30 19:14:29,14.1,54,0.8,392,0,OK,,,,,
2026-04-30 19:14:45,-40,0,0,0,0,OK,,,,,
2026-04-30 19:15:33,14.1,55,0,392,0,OK,,,,,
2026-04-30 19:15:49,-40,0,0,0,0,OK,,,,,
2026-04-30 19:16:05,14.1,55,0.3,392,0,OK,,,,,
2026-04-30 19:16:21,14.1,55,0,392,0,OK,,,,,
2026-04-30 19:16:37,14.1,55,0,392,0,OK,,,,,
2026-04-30 19:17:41,14.1,55,0.1,392,0,OK,,,,,
2026-04-30 19:17:57,-40,0,0,0,0,OK,,,,,
2026-04-30 19:18:13,14.1,55,0.1,392,0,OK,,,,,
2026-04-30 19:18:29,14.1,55,1.1,392,0,OK,,,,,
2026-04-30 19:18:45,14.1,55,1.5,392,0,OK,,,,,
2026-04-30 19:19:01,14,56,0.6,392,0,OK,,,,,
2026-04-30 19:19:17,14,56,0.7,392,0,OK,,,,,
2026-04-30 19:19:33,14,56,0.4,392,0,OK,,,,,
2026-04-30 19:19:49,-40,0,0,0,0,OK,,,,,
2026-04-30 19:20:05,14,56,0,392,0,OK,,,,,
2026-04-30 19:20:21,14,56,0,392,0,OK,,,,,
2026-04-30 19:20:37,-40,0,0,0,0,OK,,,,,
2026-04-30 19:20:53,14,56,0.4,392,0,OK,,,,,
2026-04-30 19:21:09,-40,0,0,0,0,OK,,,,,
2026-04-30 19:21:25,14,56,0.1,392,0,OK,,,,,
2026-04-30 19:21:41,14,56,0.3,392,0,OK,,,,,
2026-04-30 19:21:57,14,56,0.3,392,0,OK,,,,,
2026-04-30 19:22:13,14,120,0.1,392,0,OK,,,,,
2026-04-30 19:22:29,14,56,2.1,392,0,OK,,,,,
2026-04-30 19:22:45,14,56,1.3,392,0,OK,,,,,
2026-04-30 19:23:01,14,56,1.1,392,0,OK,,,,,
2026-04-30 19:23:17,14,56,0.6,392,0,OK,,,,,
2026-04-30 19:23:33,-40,0,0,0,0,OK,,,,,
2026-04-30 19:23:49,-40,0,0,0,0,OK,,,,,
2026-04-30 19:24:05,13.9,56,0.3,392,0,OK,,,,,
2026-04-30 19:24:21,13.9,55,0.4,392,0,OK,,,,,
2026-04-30 19:24:37,-40,0,0,0,0,OK,,,,,
2026-04-30 19:24:53,-40,0,0,0,0,OK,,,,,
2026-04-30 19:25:09,13.9,57,0.7,392,0,OK,,,,,
2026-04-30 19:25:25,13.9,57,0.6,392,0,OK,,,,,
2026-04-30 19:25:41,13.9,57,0.3,392,0,OK,,,,,
2026-04-30 19:25:57,13.9,57,0.1,392,0,OK,,,,,
2026-04-30 19:26:13,13.9,56,0.7,392,0,OK,,,,,
2026-04-30 19:26:29,13.9,56,0.3,392,0,OK,,,,,
2026-04-30 19:26:45,13.9,56,0,392,0,OK,,,,,
2026-04-30 19:27:01,13.9,56,0,392,0,OK,,,,,
2026-04-30 19:27:17,13.9,56,0.4,392,0,OK,,,,,
2026-04-30 19:27:33,13.9,56,1,392,0,OK,,,,,
2026-04-30 19:27:49,13.9,56,1.4,392,0,OK,,,,,
2026-04-30 19:28:05,13.8,55,1.1,392,0,OK,,,,,
2026-04-30 19:28:21,13.9,56,0,392,0,OK,,,,,
2026-04-30 19:28:37,13.9,56,0.1,392,0,OK,,,,,
2026-04-30 19:28:53,13.9,56,0,392,0,OK,,,,,
2026-04-30 19:29:09,13.9,56,0.7,392,838860.8,OK,,,,,
2026-04-30 19:29:25,13.9,56,0,392,0,OK,,,,,
2026-04-30 19:29:41,13.9,56,0,392,0,OK,,,,,
2026-04-30 19:29:57,13.9,56,0,392,0,OK,,,,,
2026-04-30 19:30:13,-40,0,0,0,0,OK,,,,,
2026-04-30 19:30:29,13.9,56,0,392,0,OK,,,,,
2026-04-30 19:30:45,13.9,56,0,392,0,OK,,,,,
2026-04-30 19:31:01,14,56,0,392,0,OK,,,,,
2026-04-30 19:31:17,14,56,0,392,0,OK,,,,,
2026-04-30 19:31:33,-40,0,0,0,0,OK,,,,,
2026-04-30 19:31:49,-40,0,0,0,0,OK,,,,,
2026-04-30 19:32:05,14,56,0,392,0,OK,,,,,
2026-04-30 19:32:21,13.9,56,0.6,392,0,OK,,,,,
2026-04-30 19:32:37,-40,0,0,0,0,OK,,,,,
2026-04-30 19:32:53,13.9,56,0,392,0,OK,,,,,
2026-04-30 19:33:09,-40,0,0,0,0,OK,,,,,
2026-04-30 19:33:25,13.9,56,0,392,0,OK,,,,,
2026-04-30 19:33:41,13.9,56,0,392,0,OK,,,,,
2026-04-30 19:33:57,-40,0,0,0,0,OK,,,,,
2026-04-30 19:34:13,-40,0,0,0,0,OK,,,,,
2026-04-30 19:34:29,-40,0,0,0,0,OK,,,,,
2026-04-30 19:34:45,-40,0,0,0,0,OK,,,,,
2026-04-30 19:35:01,14,56,0,392,0,OK,,,,,
2026-04-30 19:35:17,14,56,0,392,0,OK,,,,,
2026-04-30 19:35:33,14,56,0,392,3276.8,OK,,,,,
2026-04-30 19:35:49,14,56,0,452,4915.2,OK,,,,,
2026-04-30 19:36:05,-40,0,0,0,0,OK,,,,,
2026-04-30 19:36:21,-40,0,0,0,0,OK,,,,,
2026-04-30 19:36:37,-40,0,0,0,0,OK,,,,,
2026-04-30 19:36:53,-40,0,0,0,0,OK,,,,,
2026-04-30 19:37:09,-40,0,0,0,0,OK,,,,,
2026-04-30 19:37:25,-40,0,0,0,0,OK,,,,,
2026-04-30 19:37:41,-40,0,0,0,0,OK,,,,,
2026-04-30 19:37:57,-40,0,0,0,0,OK,,,,,
2026-04-30 19:38:13,-40,0,0,0,0,OK,,,,,
2026-04-30 19:38:29,-40,0,0,0,0,OK,,,,,
2026-04-30 19:38:45,-40,0,0,0,0,OK,,,,,
2026-04-30 19:39:01,14,54,0.1,392,0,OK,,,,,
2026-04-30 19:39:17,-40,0,0,0,0,OK,,,,,
2026-04-30 19:39:33,14,254,0,392,21.6,OK,,,,,
2026-04-30 19:39:49,-40,0,0,0,0,OK,,,,,
2026-04-30 19:40:05,-40,0,0,0,0,OK,,,,,
2026-04-30 19:40:21,-40,0,0,0,0,OK,,,,,
2026-04-30 19:40:37,-40,0,0,0,0,OK,,,,,
2026-04-30 19:40:53,-40,0,0,0,0,OK,,,,,
2026-04-30 19:41:09,14.1,54,17.8,392,12.8,OK,,,,,
2026-04-30 19:41:25,14,54,0.8,392,0,OK,,,,,
2026-04-30 19:41:41,14,55,0.4,392,0,OK,,,,,
2026-04-30 19:41:57,-40,0,0,0,0,OK,,,,,
2026-04-30 19:42:13,-40,0,0,0,0,OK,,,,,
2026-04-30 19:42:29,14.1,53,0,392,12.8,OK,,,,,
2026-04-30 19:42:45,-40,0,0,0,0,OK,,,,,
2026-04-30 19:43:01,-40,0,0,0,0,OK,,,,,
2026-04-30 19:43:33,-40,0,0,0,0,OK,,,,,
2026-04-30 19:43:49,-40,0,0,0,0,OK,,,,,
2026-04-30 19:44:05,-40,0,0,0,0,OK,,,,,
2026-04-30 19:44:21,-40,0,0,0,0,OK,,,,,
2026-04-30 19:44:37,-40,0,0,0,0,OK,,,,,
2026-04-30 19:44:53,14.1,53,0.8,33160,0,OK,,,,,
2026-04-30 19:45:09,14.1,61,0.4,392,0,OK,,,,,
2026-04-30 19:45:25,-40,0,0,0,0,OK,,,,,
2026-04-30 19:45:41,-40,0,0,0,0,OK,,,,,
2026-04-30 19:45:57,-40,0,0,0,0,OK,,,,,
2026-04-30 19:46:13,-40,0,0,0,0,OK,,,,,
2026-04-30 19:46:29,-40,0,0,0,0,OK,,,,,
2026-04-30 19:46:45,-40,0,0,0,0,OK,,,,,
2026-04-30 19:47:01,-40,0,0,0,0,OK,,,,,
2026-04-30 19:47:17,-40,0,0,0,0,OK,,,,,
2026-04-30 19:47:33,-40,0,0,0,0,OK,,,,,
2026-04-30 19:47:49,-40,0,0,0,0,OK,,,,,
2026-04-30 19:48:05,-40,0,0,0,0,OK,,,,,
2026-04-30 19:48:21,-40,0,0,0,0,OK,,,,,
2026-04-30 19:48:37,14.2,52,0.3,392,0,OK,,,,,
2026-04-30 19:48:53,-40,0,0,0,0,OK,,,,,
2026-04-30 19:49:09,116.6,53,0.4,65416,0,OK,,,,,
2026-04-30 19:49:25,-40,0,0,0,0,OK,,,,,
2026-04-30 19:49:41,-40,0,0,0,0,OK,,,,,
2026-04-30 19:49:57,14.1,53,0,504,0,OK,,,,,
2026-04-30 19:50:13,-40,0,0,0,0,OK,,,,,
2026-04-30 19:50:29,-40,0,0,0,0,OK,,,,,
2026-04-30 19:50:45,-40,0,0,0,0,OK,,,,,
2026-04-30 19:51:01,-40,0,0,0,0,OK,,,,,
2026-04-30 19:51:17,14.2,52,0.1,392,0,OK,,,,,
2026-04-30 19:51:33,116.6,52,0,4036,0,OK,,,,,
2026-04-30 19:51:49,14.2,52,0.4,482,0,OK,,,,,
2026-04-30 19:52:05,-40,0,0,0,0,OK,,,,,
2026-04-30 19:52:21,14.2,60,0.3,392,3276.8,OK,,,,,
2026-04-30 19:52:37,-40,0,0,0,0,OK,,,,,
2026-04-30 19:52:53,14.2,52,0,482,0,OK,,,,,
2026-04-30 19:53:09,-40,0,0,0,0,OK,,,,,
2026-04-30 19:53:25,-40,0,0,0,0,OK,,,,,
2026-04-30 19:53:41,-40,0,0,0,0,OK,,,,,
2026-04-30 19:53:57,-40,0,0,0,0,OK,,,,,
2026-04-30 19:54:13,-40,0,0,0,0,OK,,,,,
2026-04-30 19:54:29,14.3,52,0.1,57582,0,OK,,,,,
2026-04-30 19:54:45,-40,0,0,0,0,OK,,,,,
2026-04-30 19:55:01,14.3,51,0.4,504,9.6,OK,,,,,
2026-04-30 19:55:17,-40,0,0,0,0,OK,,,,,
2026-04-30 19:55:49,-40,0,0,0,0,OK,,,,,
2026-04-30 19:56:05,-40,0,0,0,0,OK,,,,,
2026-04-30 19:56:21,-40,0,0,0,0,OK,,,,,
2026-04-30 19:56:37,14.3,244,0,392,0,OK,,,,,
2026-04-30 19:56:53,-40,0,0,0,0,OK,,,,,
2026-04-30 19:57:09,-40,0,0,0,0,OK,,,,,
2026-04-30 19:57:25,-40,0,0,0,0,OK,,,,,
2026-04-30 19:57:41,-40,0,0,0,0,OK,,,,,
2026-04-30 19:57:57,-40,0,0,0,0,OK,,,,,
2026-04-30 19:58:29,-40,0,0,0,0,OK,,,,,
2026-04-30 19:58:45,-40,0,0,0,0,OK,,,,,
2026-04-30 19:59:01,-40,0,0,0,0,OK,,,,,
2026-04-30 19:59:17,14.3,52,0,49348,0,OK,,,,,
2026-04-30 19:59:33,-40,0,0,0,0,OK,,,,,
2026-04-30 19:59:49,-40,0,0,0,0,OK,,,,,
2026-04-30 20:00:05,-40,0,0,0,0,OK,,,,,
2026-04-30 20:00:21,14.3,60,0,392,0,OK,,,,,
2026-04-30 20:00:37,-40,0,0,0,0,OK,,,,,
2026-04-30 20:00:53,-40,0,0,0,0,OK,,,,,
2026-04-30 20:01:09,-40,0,0,0,0,OK,,,,,
2026-04-30 20:01:25,-40,0,0,0,0,OK,,,,,
2026-04-30 20:01:41,-40,0,0,0,0,OK,,,,,
2026-04-30 20:01:57,-40,0,0,0,0,OK,,,,,
2026-04-30 20:02:13,14.3,51,0.4,392,0,OK,,,,,
2026-04-30 20:02:29,-40,0,0,0,0,OK,,,,,
2026-04-30 20:02:45,-40,0,0,0,0,OK,,,,,
2026-04-30 20:04:05,-40,0,0,0,0,OK,,,,,
2026-04-30 20:04:21,14.3,52,0,392,0,OK,,,,,
2026-04-30 20:04:37,-40,0,0,0,0,OK,,,,,
2026-04-30 20:04:53,-40,0,0,0,0,OK,,,,,
2026-04-30 20:05:09,-40,0,0,0,0,OK,,,,,
2026-04-30 20:05:25,-40,0,0,0,0,OK,,,,,
2026-04-30 20:05:41,-40,0,0,0,0,OK,,,,,
2026-04-30 20:05:57,-40,0,0,0,0,OK,,,,,
2026-04-30 20:06:13,14.3,52,0.4,392,0,OK,,,,,
2026-04-30 20:06:29,-40,0,0,0,0,OK,,,,,
2026-04-30 20:06:45,-11.3,52,107.5,504,0,OK,,,,,
2026-04-30 20:07:01,-40,0,0,0,0,OK,,,,,
2026-04-30 20:07:17,14.3,52,0,392,0,OK,,,,,
2026-04-30 20:07:33,-40,0,0,0,0,OK,,,,,
2026-04-30 20:08:05,-40,0,0,0,0,OK,,,,,
2026-04-30 20:08:21,-40,0,0,0,0,OK,,,,,
2026-04-30 20:08:37,14.3,52,0.1,392,0,OK,,,,,
2026-04-30 20:08:53,-40,0,0,0,0,OK,,,,,
2026-04-30 20:09:25,-40,0,0,0,0,OK,,,,,
2026-04-30 20:09:41,-40,0,0,0,0,OK,,,,,
2026-04-30 20:09:57,-40,0,0,0,0,OK,,,,,
2026-04-30 20:10:13,-40,0,0,0,0,OK,,,,,
2026-04-30 20:10:29,23.9,53,0,8072,0,OK,,,,,
2026-04-30 20:10:45,-40,0,0,0,0,OK,,,,,
2026-04-30 20:11:01,-40,0,0,0,0,OK,,,,,
2026-04-30 20:11:17,-40,0,0,0,0,OK,,,,,
2026-04-30 20:11:33,-40,0,0,0,0,OK,,,,,
2026-04-30 20:11:49,-40,0,0,0,0,OK,,,,,
2026-04-30 20:12:37,-40,0,0,0,0,OK,,,,,
2026-04-30 20:12:53,-40,0,0,0,0,OK,,,,,
2026-04-30 20:13:09,-40,0,0,0,0,OK,,,,,
2026-04-30 20:13:41,-40,0,0,0,0,OK,,,,,
2026-04-30 20:13:57,14.3,52,0.4,392,0,OK,,,,,
2026-04-30 20:14:13,-40,0,0,0,0,OK,,,,,
2026-04-30 20:14:29,-40,0,0,0,0,OK,,,,,
2026-04-30 20:14:45,-40,0,0,0,0,OK,,,,,
2026-04-30 20:15:01,14.3,52,0.4,504,0,OK,,,,,
2026-04-30 20:15:17,-40,0,0,0,0,OK,,,,,
2026-04-30 20:15:33,14.3,52,0.1,392,0,OK,,,,,
2026-04-30 20:15:49,-40,0,0,0,0,OK,,,,,
2026-04-30 20:16:05,-40,0,0,0,0,OK,,,,,
2026-04-30 20:16:21,-40,0,0,0,0,OK,,,,,
2026-04-30 20:16:37,23.9,52,0.7,392,0,OK,,,,,
2026-04-30 20:17:57,-40,0,0,0,0,OK,,,,,
2026-04-30 20:18:13,14.3,253,0,904,0,OK,,,,,
2026-04-30 20:18:45,-40,0,0,0,0,OK,,,,,
2026-04-30 20:19:01,-40,0,0,0,0,OK,,,,,
2026-04-30 20:19:17,-40,0,0,0,0,OK,,,,,
2026-04-30 20:19:33,-40,0,0,0,0,OK,,,,,
2026-04-30 20:19:49,14.2,116,18.2,392,0,OK,,,,,
2026-04-30 20:20:05,-40,0,0,0,0,OK,,,,,
2026-04-30 20:20:53,-40,0,0,0,0,OK,,,,,
2026-04-30 20:21:09,-40,0,0,0,0,OK,,,,,
2026-04-30 20:22:29,-40,0,0,0,0,OK,,,,,
2026-04-30 20:22:45,116.6,52,36.3,392,0,OK,,,,,
2026-04-30 20:23:01,-40,0,0,0,0,OK,,,,,
2026-04-30 20:23:17,14.2,52,0,392,0,OK,,,,,
2026-04-30 20:23:33,14.2,52,0.3,392,0,OK,,,,,
2026-04-30 20:24:05,14.3,52,0,904,0,OK,,,,,
2026-04-30 20:24:21,-40,0,0,0,0,OK,,,,,
2026-04-30 20:24:37,-40,0,0,0,0,OK,,,,,
2026-04-30 20:24:53,14.3,51,1.7,392,0,OK,,,,,
2026-04-30 20:25:09,-40,0,0,0,0,OK,,,,,
2026-04-30 20:26:29,-40,0,0,0,0,OK,,,,,
2026-04-30 20:26:45,-40,0,0,0,0,OK,,,,,
2026-04-30 20:27:01,14.3,51,0,408,0,OK,,,,,
2026-04-30 20:27:17,-40,0,0,0,0,OK,,,,,
2026-04-30 20:27:33,-40,0,0,0,0,OK,,,,,
2026-04-30 20:28:05,-40,0,0,0,0,OK,,,,,
2026-04-30 20:28:21,14.3,51,0.1,392,0,OK,,,,,
2026-04-30 20:28:37,-40,0,0,0,0,OK,,,,,
2026-04-30 20:28:53,-40,0,0,0,0,OK,,,,,
2026-04-30 20:29:41,-40,0,0,0,0,OK,,,,,
2026-04-30 20:30:13,-40,0,0,0,0,OK,,,,,
2026-04-30 20:30:29,-40,0,0,0,0,OK,,,,,
2026-04-30 20:30:45,14.4,50,0,392,0,OK,,,,,
2026-04-30 20:31:01,-11.2,50,107.7,2018,0,OK,,,,,
2026-04-30 20:31:17,14.4,50,0,392,0,OK,,,,,
2026-04-30 20:31:33,-40,0,0,0,0,OK,,,,,
2026-04-30 20:31:49,-40,0,0,0,0,OK,,,,,
2026-04-30 20:33:25,116.8,50,0,392,0,OK,,,,,
2026-04-30 20:33:41,20.8,242,17.9,392,3276.8,OK,,,,,
2026-04-30 20:33:57,-40,0,0,0,0,OK,,,,,
2026-04-30 20:34:29,14.4,50,0.3,392,0,OK,,,,,
2026-04-30 20:34:45,14.4,114,0.8,32648,0,OK,,,,,
2026-04-30 20:35:01,14.4,50,1.1,392,0,OK,,,,,
2026-04-30 20:35:33,14.4,50,0.4,392,0,OK,,,,,
2026-04-30 20:36:37,14.4,50,0.3,392,0,OK,,,,,
2026-04-30 20:36:53,-40,0,0,0,0,OK,,,,,
2026-04-30 20:37:09,-40,0,0,0,0,OK,,,,,
2026-04-30 20:37:41,14.4,50,0.3,392,0,OK,,,,,
2026-04-30 20:37:57,-40,0,0,0,0,OK,,,,,
2026-04-30 20:38:13,-40,0,0,0,0,OK,,,,,
2026-04-30 20:38:29,-40,0,0,0,0,OK,,,,,
2026-04-30 20:39:01,14.4,49,0.8,392,0,OK,,,,,
2026-04-30 20:39:33,-40,0,0,0,0,OK,,,,,
2026-04-30 20:39:49,-4.8,50,35.8,392,0,OK,,,,,
2026-04-30 20:40:05,14.4,50,0.6,452,0,OK,,,,,
2026-04-30 20:40:21,14.4,49,1.1,392,0,OK,,,,,
2026-04-30 20:40:37,-40,0,0,0,0,OK,,,,,
2026-04-30 20:41:25,-40,0,0,0,0,OK,,,,,
2026-04-30 20:41:41,14.5,49,0,452,0,OK,,,,,
2026-04-30 20:41:57,-40,0,0,0,0,OK,,,,,
2026-04-30 20:42:13,14.5,49,0,392,0,OK,,,,,
2026-04-30 20:42:45,-40,0,0,0,0,OK,,,,,
2026-04-30 20:43:01,-40,0,0,0,0,OK,,,,,
2026-04-30 20:43:17,-40,0,0,0,0,OK,,,,,
2026-04-30 20:43:49,14.5,49,0,392,0,OK,,,,,
2026-04-30 20:44:05,-40,0,0,0,0,OK,,,,,
2026-04-30 20:44:21,116.9,49,0,392,0,OK,,,,,
2026-04-30 20:44:37,-40,0,0,0,0,OK,,,,,
2026-04-30 20:45:09,-40,0,0,0,0,OK,,,,,
2026-04-30 20:45:25,-40,0,0,0,0,OK,,,,,
2026-04-30 20:45:41,14.5,49,0.1,392,0,OK,,,,,
2026-04-30 20:45:57,-40,0,0,0,0,OK,,,,,
2026-04-30 20:46:29,-40,0,0,0,0,OK,,,,,
2026-04-30 20:46:45,-40,0,0,0,0,OK,,,,,
2026-04-30 20:47:01,-40,0,0,0,0,OK,,,,,
2026-04-30 20:47:17,14.5,50,0,392,0,OK,,,,,
2026-04-30 20:47:33,-40,0,0,0,0,OK,,,,,
2026-04-30 20:47:49,-40,0,0,0,0,OK,,,,,
2026-04-30 20:48:53,-40,0,0,0,0,OK,,,,,
2026-04-30 20:49:09,-40,0,0,0,0,OK,,,,,
2026-04-30 20:49:25,14.5,49,0,392,0,OK,,,,,
2026-04-30 20:49:41,8.1,50,36,392,0,OK,,,,,
2026-04-30 20:49:57,-40,0,0,0,0,OK,,,,,
2026-04-30 20:50:29,14.5,49,0.7,392,0,OK,,,,,
2026-04-30 20:51:33,14.5,55,0,392,0,OK,,,,,
2026-04-30 20:51:49,14.5,49,0,392,0,OK,,,,,
2026-04-30 20:52:05,14.5,49,0,392,0,OK,,,,,
2026-04-30 20:52:21,-40,0,0,0,0,OK,,,,,
2026-04-30 20:52:37,65.7,49,71.7,392,0,OK,,,,,
2026-04-30 20:53:41,-40,0,0,0,0,OK,,,,,
2026-04-30 20:54:13,-40,0,0,0,0,OK,,,,,
2026-04-30 20:54:29,-40,0,0,0,0,OK,,,,,
2026-04-30 20:55:01,-40,0,0,0,0,OK,,,,,
2026-04-30 20:55:33,-40,0,0,0,0,OK,,,,,
2026-04-30 20:56:37,15,48,0.3,392,0,OK,,,,,
2026-04-30 20:58:13,-40,0,0,0,0,OK,,,,,
2026-04-30 20:59:01,-40,0,0,0,0,OK,,,,,
2026-04-30 20:59:17,14.5,50,0,392,0,OK,,,,,
2026-04-30 20:59:33,14.5,50,0.3,392,0,OK,,,,,
2026-04-30 20:59:49,14.5,50,107.8,392,4915.2,OK,,,,,
2026-04-30 21:01:25,-40,0,0,0,0,OK,,,,,
2026-04-30 21:03:33,-40,0,0,0,0,OK,,,,,
2026-04-30 21:04:05,14.4,51,0.4,452,0,OK,,,,,
2026-04-30 21:04:21,-40,0,0,0,0,OK,,,,,
2026-04-30 21:04:37,14.3,52,0,392,0,OK,,,,,
2026-04-30 21:05:09,-40,0,0,0,0,OK,,,,,
2026-04-30 21:05:41,14.4,51,0,392,0,OK,,,,,
2026-04-30 21:06:29,14.4,52,0.3,392,0,OK,,,,,
2026-04-30 21:06:45,-40,0,0,0,0,OK,,,,,
2026-04-30 21:07:01,14.3,51,1.3,392,0,OK,,,,,
2026-04-30 21:07:17,-40,0,0,0,0,OK,,,,,
2026-04-30 21:08:21,14.3,53,0.6,392,0,OK,,,,,
2026-04-30 21:08:53,-40,0,0,0,0,OK,,,,,
2026-04-30 21:09:25,-40,0,0,0,0,OK,,,,,
2026-04-30 21:09:41,-40,0,0,0,0,OK,,,,,
2026-04-30 21:11:01,14.2,120,0,904,0,OK,,,,,
2026-04-30 21:11:17,14.2,55,0,392,0,OK,,,,,
2026-04-30 21:11:49,-40,0,0,0,0,OK,,,,,
2026-04-30 21:12:05,-40,0,0,0,0,OK,,,,,
2026-04-30 21:12:37,14.1,56,0.4,392,0,OK,,,,,
2026-04-30 21:12:53,14.1,57,2.1,392,0,OK,,,,,
2026-04-30 21:13:25,-40,0,0,0,0,OK,,,,,
2026-04-30 21:13:41,-40,0,0,0,0,OK,,,,,
2026-04-30 21:13:57,-40,0,0,0,0,OK,,,,,
2026-04-30 21:14:13,-40,0,0,0,0,OK,,,,,
2026-04-30 21:14:45,-40,0,0,0,0,OK,,,,,
2026-04-30 21:15:49,-40,0,0,0,0,OK,,,,,
2026-04-30 21:16:53,13.8,61,0,408,0,OK,,,,,
2026-04-30 21:18:13,-40,0,0,0,0,OK,,,,,
2026-04-30 21:19:17,13.7,61,0.7,392,0,OK,,,,,
2026-04-30 21:20:37,-40,0,0,0,0,OK,,,,,
2026-04-30 21:20:53,13.6,61,0.7,392,0,OK,,,,,
2026-04-30 21:21:57,-40,0,0,0,0,OK,,,,,
2026-04-30 21:23:01,13.5,62,0.6,392,0,OK,,,,,
2026-04-30 21:23:17,-40,0,0,0,0,OK,,,,,
2026-04-30 21:24:37,13.6,62,26.9,392,0,OK,,,,,
2026-04-30 21:25:09,-40,0,0,0,0,OK,,,,,
2026-04-30 21:25:25,-40,0,0,0,0,OK,,,,,
2026-04-30 21:25:41,-40,0,0,0,0,OK,,,,,
2026-04-30 21:25:57,-40,0,0,0,0,OK,,,,,
2026-04-30 21:26:13,13.6,62,0,392,0,OK,,,,,
2026-04-30 21:26:29,-40,0,0,0,0,OK,,,,,
2026-04-30 21:26:45,-40,0,0,0,0,OK,,,,,
2026-04-30 21:27:17,-40,0,0,0,0,OK,,,,,
2026-04-30 21:27:33,-40,0,0,0,0,OK,,,,,
2026-04-30 21:28:05,-40,0,0,0,0,OK,,,,,
2026-04-30 21:28:21,13.5,64,0.3,392,0,OK,,,,,
2026-04-30 21:29:09,-40,0,0,0,0,OK,,,,,
2026-04-30 21:29:25,-40,0,0,0,0,OK,,,,,
2026-04-30 21:29:41,-40,0,0,0,0,OK,,,,,
2026-04-30 21:30:13,-40,0,0,0,0,OK,,,,,
2026-04-30 21:30:29,14.2,63,0,392,0,OK,,,,,
2026-04-30 21:30:45,-40,0,0,0,0,OK,,,,,
2026-04-30 21:31:17,-40,0,0,0,0,OK,,,,,
2026-04-30 21:31:33,13.5,63,0.6,392,0,OK,,,,,
2026-04-30 21:31:49,-40,0,0,0,0,OK,,,,,
2026-04-30 21:32:21,-40,0,0,0,0,OK,,,,,
2026-04-30 21:32:37,13.5,63,0,392,0,OK,,,,,
2026-04-30 21:32:53,13.5,63,0.3,1928,0,OK,,,,,
2026-04-30 21:34:45,-40,0,0,0,0,OK,,,,,
2026-04-30 21:35:01,-40,0,0,0,0,OK,,,,,
2026-04-30 21:35:17,13.5,64,0,904,838860.8,OK,,,,,
2026-04-30 21:35:33,13.5,64,0,392,0,OK,,,,,
2026-04-30 21:35:49,-40,0,0,0,0,OK,,,,,
2026-04-30 21:36:05,13.5,64,0.1,392,0,OK,,,,,
2026-04-30 21:36:37,-40,0,0,0,0,OK,,,,,
2026-04-30 21:37:09,-40,0,0,0,0,OK,,,,,
2026-04-30 21:37:57,13.5,63,1.1,504,0,OK,,,,,
2026-04-30 21:38:13,14.3,63,0.6,392,12.8,OK,,,,,
2026-04-30 21:38:45,-40,0,0,0,0,OK,,,,,
2026-04-30 21:39:01,-40,0,0,0,0,OK,,,,,
2026-04-30 21:39:17,-40,0,0,0,0,OK,,,,,
2026-04-30 21:39:49,-40,0,0,0,0,OK,,,,,
2026-04-30 21:40:21,-40,0,0,0,0,OK,,,,,
2026-04-30 21:40:37,16.7,63,0.6,392,0,OK,,,,,
2026-04-30 21:40:53,-40,0,0,0,0,OK,,,,,
2026-04-30 21:41:09,13.5,63,0,392,3276.8,OK,,,,,
2026-04-30 21:41:57,-40,0,0,0,0,OK,,,,,
2026-04-30 21:42:13,-40,0,0,0,0,OK,,,,,
2026-04-30 21:42:29,-40,0,0,0,0,OK,,,,,
2026-04-30 21:42:45,13.5,63,0,392,4915.2,OK,,,,,
2026-04-30 21:43:01,-40,0,0,0,0,OK,,,,,
2026-04-30 21:43:49,-40,0,0,0,0,OK,,,,,
2026-04-30 21:44:05,-40,0,0,0,0,OK,,,,,
2026-04-30 21:44:37,13.5,63,0,392,838860.8,OK,,,,,
2026-04-30 21:45:09,-40,0,0,0,0,OK,,,,,
2026-04-30 21:45:41,-40,0,0,0,0,OK,,,,,
2026-04-30 21:45:57,-40,0,0,0,0,OK,,,,,
2026-04-30 21:46:13,-40,0,0,0,0,OK,,,,,
2026-04-30 21:46:29,-40,0,0,0,0,OK,,,,,
2026-04-30 21:46:45,-40,0,0,0,0,OK,,,,,
2026-04-30 21:47:01,-40,0,0,0,0,OK,,,,,
2026-04-30 21:47:17,-40,0,0,0,0,OK,,,,,
2026-04-30 21:48:21,13.7,58,0,392,0,OK,,,,,
2026-04-30 21:48:53,-40,0,0,0,0,OK,,,,,
2026-04-30 21:49:09,-40,0,0,0,0,OK,,,,,
2026-04-30 21:49:25,-40,0,0,0,0,OK,,,,,
2026-04-30 21:49:57,13.7,57,0.4,482,4915.2,OK,,,,,
2026-04-30 21:50:13,-40,0,0,0,0,OK,,,,,
2026-04-30 21:50:29,-40,0,0,0,0,OK,,,,,
2026-04-30 21:50:45,-40,0,0,0,0,OK,,,,,
2026-04-30 21:51:01,13.8,58,0,392,3276.8,OK,,,,,
2026-04-30 21:51:17,13.7,58,0,65476,0,OK,,,,,
2026-04-30 21:51:33,-40,0,0,0,0,OK,,,,,
2026-04-30 21:51:49,13.8,57,0,392,0,OK,,,,,
2026-04-30 21:52:05,13.8,63,0,392,0,OK,,,,,
2026-04-30 21:52:21,13.8,58,0,392,0,OK,,,,,
2026-04-30 21:52:37,13.8,58,0,392,0,OK,,,,,
2026-04-30 21:52:53,-40,0,0,0,0,OK,,,,,
2026-04-30 21:53:57,13.8,59,0,392,0,OK,,,,,
2026-04-30 21:55:01,-40,0,0,0,0,OK,,,,,
2026-04-30 21:55:49,-40,0,0,0,0,OK,,,,,
2026-04-30 21:56:21,-40,0,0,0,0,OK,,,,,
2026-04-30 21:56:37,-40,0,0,0,0,OK,,,,,
2026-04-30 21:56:53,13.8,59,1.8,392,0,OK,,,,,
2026-04-30 21:57:09,-40,0,0,0,0,OK,,,,,
2026-04-30 21:57:57,36.6,59,0.7,392,0,OK,,,,,
2026-04-30 21:58:29,-40,0,0,0,0,OK,,,,,
2026-04-30 21:58:45,13.8,59,0.3,1928,0,OK,,,,,
2026-04-30 21:59:01,25.3,59,0,392,0,OK,,,,,
2026-04-30 21:59:17,13.8,251,35.8,392,4915.2,OK,,,,,
2026-04-30 21:59:49,-40,0,0,0,0,OK,,,,,
2026-04-30 22:00:05,-40,0,0,0,0,OK,,,,,
2026-04-30 22:00:37,116.2,60,0.1,392,3276.8,OK,,,,,
2026-04-30 22:01:09,25.3,59,0,504,0,OK,,,,,
2026-04-30 22:01:25,-40,0,0,0,0,OK,,,,,
2026-04-30 22:02:13,13.9,59,0.4,392,4915.2,OK,,,,,
2026-04-30 22:02:29,-40,0,0,0,0,OK,,,,,
2026-04-30 22:03:01,13.8,58,0,904,0,OK,,,,,
2026-04-30 22:03:33,-40,0,0,0,0,OK,,,,,
2026-04-30 22:04:21,-40,0,0,0,0,OK,,,,,
2026-04-30 22:04:37,14,53,17.9,392,0,OK,,,,,
2026-04-30 22:05:09,36.7,115,31.4,392,20.7,OK,,,,,
2026-04-30 22:05:25,-40,0,0,0,0,OK,,,,,
2026-04-30 22:05:41,-40,0,0,0,0,OK,,,,,
2026-04-30 22:05:57,-40,0,0,0,0,OK,,,,,
2026-04-30 22:06:29,-40,0,0,0,0,OK,,,,,
2026-04-30 22:06:45,-40,0,0,0,0,OK,,,,,
2026-04-30 22:07:01,14,57,0,392,0,OK,,,,,
2026-04-30 22:07:17,14,57,0,904,0,OK,,,,,
2026-04-30 22:07:49,-40,0,0,0,0,OK,,,,,
2026-04-30 22:08:05,-40,0,0,0,0,OK,,,,,
2026-04-30 22:08:21,-40,0,0,0,0,OK,,,,,
2026-04-30 22:08:53,14,58,0,440,0,OK,,,,,
2026-04-30 22:09:25,-40,0,0,0,0,OK,,,,,
2026-04-30 22:09:57,-40,0,0,0,0,OK,,,,,
2026-04-30 22:10:13,-40,0,0,0,0,OK,,,,,
2026-04-30 22:10:29,-40,0,0,0,0,OK,,,,,
2026-04-30 22:10:45,116.3,58,0,392,19.8,OK,,,,,
2026-04-30 22:11:17,55.1,76,71.4,392,0,OK,,,,,
2026-04-30 22:11:33,-40,0,0,0,0,OK,,,,,
2026-04-30 22:11:49,14,58,0,392,0,OK,,,,,
2026-04-30 22:12:21,14,58,0.1,16264,0,OK,,,,,
2026-04-30 22:12:37,14,250,0.1,392,838860.8,OK,,,,,
2026-04-30 22:12:53,-40,0,0,0,0,OK,,,,,
2026-04-30 22:13:25,-40,0,0,0,0,OK,,,,,
2026-04-30 22:15:17,13.9,58,0,392,0,OK,,,,,
2026-04-30 22:15:33,13.9,59,0,392,0,OK,,,,,
2026-04-30 22:15:49,-40,0,0,0,0,OK,,,,,
2026-04-30 22:16:05,-40,0,0,0,0,OK,,,,,
2026-04-30 22:16:21,-40,0,0,0,0,OK,,,,,
2026-04-30 22:16:37,-40,0,0,0,0,OK,,,,,
2026-04-30 22:16:53,-40,0,0,0,0,OK,,,,,
2026-04-30 22:17:09,-40,0,0,0,0,OK,,,,,
2026-04-30 22:17:25,-40,0,0,0,0,OK,,,,,
2026-04-30 22:17:41,-40,0,0,0,0,OK,,,,,
2026-04-30 22:17:57,-40,0,0,0,0,OK,,,,,
2026-04-30 22:18:13,-40,0,0,0,0,OK,,,,,
2026-04-30 22:18:29,-40,0,0,0,0,OK,,,,,
2026-04-30 22:18:45,-40,0,0,0,0,OK,,,,,
2026-04-30 22:19:01,-40,0,0,0,0,OK,,,,,
2026-04-30 22:19:17,-40,0,0,0,0,OK,,,,,
2026-04-30 22:19:33,13.7,60,0,392,0,OK,,,,,
2026-04-30 22:19:49,-40,0,0,0,0,OK,,,,,
2026-04-30 22:20:21,13.7,60,0,904,4924.8,OK,,,,,
2026-04-30 22:20:37,-40,0,0,0,0,OK,,,,,
2026-04-30 22:20:53,13.7,127,0,392,0,OK,,,,,
2026-04-30 22:21:09,13.7,61,0,504,0,OK,,,,,
2026-04-30 22:21:25,-40,0,0,0,0,OK,,,,,
2026-04-30 22:21:41,-40,0,0,0,0,OK,,,,,
2026-04-30 22:21:57,13.7,207,0,392,0,OK,,,,,
2026-04-30 22:22:13,-40,0,0,0,0,OK,,,,,
2026-04-30 22:23:33,13.8,59,0,392,0,OK,,,,,
2026-04-30 22:23:49,-40,0,0,0,0,OK,,,,,
2026-04-30 22:24:05,13.8,59,0,392,4915.2,OK,,,,,
2026-04-30 22:24:21,-40,0,0,0,0,OK,,,,,
2026-04-30 22:24:53,-40,0,0,0,0,OK,,,,,
2026-04-30 22:25:41,-40,0,0,0,0,OK,,,,,
2026-04-30 22:25:57,-40,0,0,0,0,OK,,,,,
2026-04-30 22:26:13,-40,0,0,0,0,OK,,,,,
2026-04-30 22:26:29,-40,0,0,0,0,OK,,,,,
2026-04-30 22:26:45,-40,0,0,0,0,OK,,,,,
2026-04-30 22:27:01,13.9,55,0.6,392,0,OK,,,,,
2026-04-30 22:28:21,13.9,54,0,392,0,OK,,,,,
2026-04-30 22:28:37,-40,0,0,0,0,OK,,,,,
2026-04-30 22:28:53,-40,0,0,0,0,OK,,,,,
2026-04-30 22:29:09,17.1,57,0.7,392,0,OK,,,,,
2026-04-30 22:29:25,13.9,121,1,1928,0,OK,,,,,
2026-04-30 22:29:41,-40,0,0,0,0,OK,,,,,
2026-04-30 22:29:57,-40,0,0,0,0,OK,,,,,
2026-04-30 22:30:13,-40,0,0,0,0,OK,,,,,
2026-04-30 22:30:29,-40,0,0,0,0,OK,,,,,
2026-04-30 22:31:01,116.2,57,35.8,904,0,OK,,,,,
2026-04-30 22:31:17,-40,0,0,0,0,OK,,,,,
2026-04-30 22:31:49,-40,0,0,0,0,OK,,,,,
2026-04-30 22:32:37,-40,0,0,0,0,OK,,,,,
2026-04-30 22:32:53,-40,0,0,0,0,OK,,,,,
2026-04-30 22:33:09,-40,0,0,0,0,OK,,,,,
2026-04-30 22:33:25,-40,0,0,0,0,OK,,,,,
2026-04-30 22:34:13,13.8,58,0.3,504,838860.8,OK,,,,,
2026-04-30 22:34:45,23.8,58,0.4,392,838860.8,OK,,,,,
2026-04-30 22:35:01,-40,0,0,0,0,OK,,,,,
2026-04-30 22:35:17,13.8,58,2.1,392,4915.2,OK,,,,,
2026-04-30 22:35:33,-40,0,0,0,0,OK,,,,,
2026-04-30 22:35:49,-40,0,0,0,0,OK,,,,,
2026-04-30 22:36:05,-40,0,0,0,0,OK,,,,,
2026-04-30 22:36:21,13.8,59,0.4,440,0,OK,,,,,
2026-04-30 22:36:37,-8.5,2,36,34816,23,OK,,,,,
2026-04-30 22:36:53,13.7,59,0.1,392,0,OK,,,,,
2026-04-30 22:37:57,13.7,60,26.9,392,0,OK,,,,,
2026-04-30 22:38:13,-40,0,0,0,0,OK,,,,,
2026-04-30 22:38:45,-40,0,0,0,0,OK,,,,,
2026-04-30 22:39:01,13.6,60,2,392,19.2,OK,,,,,
2026-04-30 22:39:17,-40,0,0,0,0,OK,,,,,
2026-04-30 22:39:33,-40,0,0,0,0,OK,,,,,
2026-04-30 22:39:49,-40,0,0,0,0,OK,,,,,
2026-04-30 22:40:05,13.6,61,0.3,504,0,OK,,,,,
2026-04-30 22:40:21,13.6,60,0.1,392,843778.2,OK,,,,,
2026-04-30 22:40:37,-40,0,0,0,0,OK,,,,,
2026-04-30 22:40:53,-40,0,0,0,0,OK,,,,,
2026-04-30 22:41:09,-40,0,0,0,0,OK,,,,,
2026-04-30 22:41:25,-40,0,0,0,0,OK,,,,,
2026-04-30 22:41:41,-40,0,0,0,0,OK,,,,,
2026-04-30 22:41:57,-40,0,0,0,0,OK,,,,,
2026-04-30 22:42:13,-40,0,0,0,0,OK,,,,,
2026-04-30 22:42:29,-40,0,0,0,0,OK,,,,,
2026-04-30 22:42:45,-40,0,0,0,0,OK,,,,,
2026-04-30 22:43:01,-40,0,0,0,0,OK,,,,,
2026-04-30 22:43:33,-40,0,0,0,0,OK,,,,,
2026-04-30 22:43:49,-12,61,107.9,392,0,OK,,,,,
2026-04-30 22:44:37,13.6,125,0.1,392,0,OK,,,,,
2026-04-30 22:45:25,-40,0,0,0,0,OK,,,,,
2026-04-30 22:45:41,-40,0,0,0,0,OK,,,,,
2026-04-30 22:45:57,-40,0,0,0,0,OK,,,,,
2026-04-30 22:46:29,-40,0,0,0,0,OK,,,,,
2026-04-30 22:46:45,-40,0,0,0,0,OK,,,,,
2026-04-30 22:47:01,36.1,207,0,392,0,OK,,,,,
2026-04-30 22:47:17,-40,0,0,0,0,OK,,,,,
2026-04-30 22:47:33,-40,0,0,0,0,OK,,,,,
2026-04-30 22:48:05,-40,0,0,0,0,OK,,,,,
2026-04-30 22:48:37,-40,0,0,0,0,OK,,,,,
2026-04-30 22:48:53,-40,0,0,0,0,OK,,,,,
2026-04-30 22:49:09,-12,62,107.5,392,0,OK,,,,,
2026-04-30 22:49:25,-40,0,0,0,0,OK,,,,,
2026-04-30 22:49:41,-40,0,0,0,0,OK,,,,,
2026-04-30 22:50:13,13.6,62,0,392,3289.6,OK,,,,,
2026-04-30 22:50:29,-40,0,0,0,0,OK,,,,,
2026-04-30 22:50:45,-40,0,0,0,0,OK,,,,,
2026-04-30 22:51:01,-40,0,0,0,0,OK,,,,,
2026-04-30 22:51:17,-40,0,0,0,0,OK,,,,,
2026-04-30 22:51:49,-40,0,0,0,0,OK,,,,,
2026-04-30 22:52:37,-40,0,0,0,0,OK,,,,,
2026-04-30 22:52:53,-40,0,0,0,0,OK,,,,,
2026-04-30 22:53:09,-40,0,0,0,0,OK,,,,,
2026-04-30 22:53:25,-40,0,0,0,0,OK,,,,,
2026-04-30 22:53:41,13.5,192,0,904,0,OK,,,,,
2026-04-30 22:53:57,-40,0,0,0,0,OK,,,,,
2026-04-30 22:54:29,-40,0,0,0,0,OK,,,,,
2026-04-30 22:54:45,13.5,64,0.3,504,0,OK,,,,,
2026-04-30 22:55:17,-40,0,0,0,0,OK,,,,,
2026-04-30 22:56:05,-40,0,0,0,0,OK,,,,,
2026-04-30 22:56:21,-40,0,0,0,0,OK,,,,,
2026-04-30 22:56:37,-40,0,0,0,0,OK,,,,,
2026-04-30 22:56:53,-40,0,0,0,0,OK,,,,,
2026-04-30 22:57:09,-40,0,0,0,0,OK,,,,,
2026-04-30 22:57:25,-40,0,0,0,0,OK,,,,,
2026-04-30 22:57:41,-40,0,0,0,0,OK,,,,,
2026-04-30 22:57:57,-40,0,0,0,0,OK,,,,,
2026-04-30 22:58:13,-40,0,0,0,0,OK,,,,,
2026-04-30 22:58:29,35.9,65,0,392,0,OK,,,,,
2026-04-30 22:58:45,-40,0,0,0,0,OK,,,,,
2026-04-30 22:59:01,-40,0,0,0,0,OK,,,,,
2026-04-30 22:59:17,-40,0,0,0,0,OK,,,,,
2026-04-30 22:59:49,-40,0,0,0,0,OK,,,,,
2026-04-30 23:00:05,-40,0,0,0,0,OK,,,,,
2026-04-30 23:00:21,-40,0,0,0,0,OK,,,,,
2026-04-30 23:00:37,-40,0,0,0,0,OK,,,,,
2026-04-30 23:00:53,-40,0,0,0,0,OK,,,,,
2026-04-30 23:01:09,-40,0,0,0,0,OK,,,,,
2026-04-30 23:01:41,-40,0,0,0,0,OK,,,,,
2026-04-30 23:01:57,-40,0,0,0,0,OK,,,,,
2026-04-30 23:02:13,-40,0,0,0,0,OK,,,,,
2026-04-30 23:02:29,-40,0,0,0,0,OK,,,,,
2026-04-30 23:03:01,-40,0,0,0,0,OK,,,,,
2026-04-30 23:03:17,-40,0,0,0,0,OK,,,,,
2026-04-30 23:03:33,-40,0,0,0,0,OK,,,,,
2026-04-30 23:03:49,-40,0,0,0,0,OK,,,,,
2026-04-30 23:04:53,-40,0,0,0,0,OK,,,,,
2026-04-30 23:05:09,-40,0,0,0,0,OK,,,,,
2026-04-30 23:05:41,-40,0,0,0,0,OK,,,,,
2026-04-30 23:05:57,-40,0,0,0,0,OK,,,,,
2026-04-30 23:06:13,-40,0,0,0,0,OK,,,,,
2026-04-30 23:06:45,-40,0,0,0,0,OK,,,,,
2026-04-30 23:07:01,-40,0,0,0,0,OK,,,,,
2026-04-30 23:07:17,-40,0,0,0,0,OK,,,,,
2026-04-30 23:07:33,-40,0,0,0,0,OK,,,,,
2026-04-30 23:08:37,-40,0,0,0,0,OK,,,,,
2026-04-30 23:08:53,130.3,69,36.1,511,0,OK,,,,,
2026-04-30 23:09:25,13.4,69,0,392,1263206.4,OK,,,,,
2026-04-30 23:09:41,-40,0,0,0,0,OK,,,,,
2026-04-30 23:10:13,-40,0,0,0,0,OK,,,,,
2026-04-30 23:10:29,13.4,69,0,482,0,OK,,,,,
2026-04-30 23:10:45,-40,0,0,0,0,OK,,,,,
2026-04-30 23:11:01,-40,0,0,0,0,OK,,,,,
2026-04-30 23:11:17,-40,0,0,0,0,OK,,,,,
2026-04-30 23:11:33,-40,0,0,0,0,OK,,,,,
2026-04-30 23:11:49,-40,0,0,0,0,OK,,,,,
2026-04-30 23:12:05,-40,0,0,0,0,OK,,,,,
2026-04-30 23:12:21,-40,0,0,0,0,OK,,,,,
2026-04-30 23:12:53,-40,0,0,0,0,OK,,,,,
2026-04-30 23:13:09,-40,0,0,0,0,OK,,,,,
2026-04-30 23:13:25,-40,0,0,0,0,OK,,,,,
2026-04-30 23:13:41,-40,0,0,0,0,OK,,,,,
2026-04-30 23:13:57,-40,0,0,0,0,OK,,,,,
2026-04-30 23:14:29,-40,0,0,0,0,OK,,,,,
2026-04-30 23:14:45,-40,0,0,0,0,OK,,,,,
2026-04-30 23:15:17,-40,0,0,0,0,OK,,,,,
2026-04-30 23:15:33,-40,0,0,0,0,OK,,,,,
2026-04-30 23:16:21,-40,0,0,0,0,OK,,,,,
2026-04-30 23:17:09,-40,0,0,0,0,OK,,,,,
2026-04-30 23:17:25,-40,0,0,0,0,OK,,,,,
2026-04-30 23:17:41,-40,0,0,0,0,OK,,,,,
2026-04-30 23:17:57,-40,0,0,0,0,OK,,,,,
2026-04-30 23:18:13,-40,0,0,0,0,OK,,,,,
2026-04-30 23:18:29,-40,0,0,0,0,OK,,,,,
2026-04-30 23:18:45,-40,0,0,0,0,OK,,,,,
2026-04-30 23:19:01,-40,0,0,0,0,OK,,,,,
2026-04-30 23:19:17,-40,0,0,0,0,OK,,,,,
2026-04-30 23:19:33,13.4,66,0,392,0,OK,,,,,
2026-04-30 23:19:49,-40,0,0,0,0,OK,,,,,
2026-04-30 23:20:05,-40,0,0,0,0,OK,,,,,
2026-04-30 23:20:21,-40,0,0,0,0,OK,,,,,
2026-04-30 23:20:37,-40,0,0,0,0,OK,,,,,
2026-04-30 23:20:53,13.4,195,0,482,0,OK,,,,,
2026-04-30 23:21:09,-40,0,0,0,0,OK,,,,,
2026-04-30 23:21:25,-40,0,0,0,0,OK,,,,,
2026-04-30 23:21:41,-40,0,0,0,0,OK,,,,,
2026-04-30 23:21:57,-40,0,0,0,0,OK,,,,,
2026-04-30 23:22:13,-40,0,0,0,0,OK,,,,,
2026-04-30 23:22:29,-40,0,0,0,0,OK,,,,,
2026-04-30 23:22:45,-40,0,0,0,0,OK,,,,,
2026-04-30 23:23:01,-40,0,0,0,0,OK,,,,,
2026-04-30 23:23:17,-40,0,0,0,0,OK,,,,,
2026-04-30 23:23:33,-40,0,0,0,0,OK,,,,,
2026-04-30 23:24:05,-40,0,0,0,0,OK,,,,,
2026-04-30 23:24:21,-40,0,0,0,0,OK,,,,,
2026-04-30 23:24:53,-40,0,0,0,0,OK,,,,,
2026-04-30 23:25:09,25.1,66,0,392,12.8,OK,,,,,
2026-04-30 23:25:25,-40,0,0,0,0,OK,,,,,
2026-04-30 23:25:41,-40,0,0,0,0,OK,,,,,
2026-04-30 23:25:57,-40,0,0,0,0,OK,,,,,
2026-04-30 23:26:13,-40,0,0,0,0,OK,,,,,
2026-04-30 23:26:29,-40,0,0,0,0,OK,,,,,
2026-04-30 23:26:45,-40,0,0,0,0,OK,,,,,
2026-04-30 23:27:01,-40,0,0,0,0,OK,,,,,
2026-04-30 23:27:17,-40,0,0,0,0,OK,,,,,
2026-04-30 23:27:49,-40,0,0,0,0,OK,,,,,
2026-04-30 23:28:05,-40,0,0,0,0,OK,,,,,
2026-04-30 23:28:21,-40,0,0,0,0,OK,,,,,
2026-04-30 23:28:37,-40,0,0,0,0,OK,,,,,
2026-04-30 23:28:53,-40,0,0,0,0,OK,,,,,
2026-04-30 23:29:09,-40,0,0,0,0,OK,,,,,
2026-04-30 23:29:25,-40,0,0,0,0,OK,,,,,
2026-04-30 23:29:41,-40,0,0,0,0,OK,,,,,
2026-04-30 23:29:57,-40,0,0,0,0,OK,,,,,
2026-04-30 23:30:13,-40,0,0,0,0,OK,,,,,
2026-04-30 23:31:01,13.4,254,0,392,12.8,OK,,,,,
2026-04-30 23:31:33,-40,0,0,0,0,OK,,,,,
2026-04-30 23:31:49,-40,0,0,0,0,OK,,,,,
2026-04-30 23:32:05,-40,0,0,0,0,OK,,,,,
2026-04-30 23:32:21,-40,0,0,0,0,OK,,,,,
2026-04-30 23:32:37,-40,0,0,0,0,OK,,,,,
2026-04-30 23:33:09,-40,0,0,0,0,OK,,,,,
2026-04-30 23:33:25,-40,0,0,0,0,OK,,,,,
2026-04-30 23:33:41,-40,0,0,0,0,OK,,,,,
2026-04-30 23:33:57,-40,0,0,0,0,OK,,,,,
2026-04-30 23:34:13,-40,0,0,0,0,OK,,,,,
2026-04-30 23:34:29,-40,0,0,0,0,OK,,,,,
2026-04-30 23:34:45,13.4,65,0,904,838860.8,OK,,,,,
2026-04-30 23:35:01,-40,0,0,0,0,OK,,,,,
2026-04-30 23:35:17,-40,0,0,0,0,OK,,,,,
2026-04-30 23:35:49,-40,0,0,0,0,OK,,,,,
2026-04-30 23:36:05,-40,0,0,0,0,OK,,,,,
2026-04-30 23:36:21,-40,0,0,0,0,OK,,,,,
2026-04-30 23:36:37,-40,0,0,0,0,OK,,,,,
2026-04-30 23:36:53,-40,0,0,0,0,OK,,,,,
2026-04-30 23:37:09,-40,0,0,0,0,OK,,,,,
2026-04-30 23:37:25,-40,0,0,0,0,OK,,,,,
2026-04-30 23:37:41,-40,0,0,0,0,OK,,,,,
2026-04-30 23:37:57,-40,0,0,0,0,OK,,,,,
2026-04-30 23:38:29,-40,0,0,0,0,OK,,,,,
2026-04-30 23:39:01,-40,0,0,0,0,OK,,,,,
2026-04-30 23:39:17,-40,0,0,0,0,OK,,,,,
2026-04-30 23:39:33,-40,0,0,0,0,OK,,,,,
2026-04-30 23:39:49,-40,0,0,0,0,OK,,,,,
2026-04-30 23:40:05,-40,0,0,0,0,OK,,,,,
2026-04-30 23:40:21,-40,0,0,0,0,OK,,,,,
2026-04-30 23:40:37,-40,0,0,0,0,OK,,,,,
2026-04-30 23:40:53,-40,0,0,0,0,OK,,,,,
2026-04-30 23:41:09,-14.8,177,108.5,392,0,OK,,,,,
2026-04-30 23:41:25,14.2,65,0,452,838860.8,OK,,,,,
2026-04-30 23:41:41,13.4,65,0,392,4915.2,OK,,,,,
2026-04-30 23:42:29,-40,0,0,0,0,OK,,,,,
2026-04-30 23:42:45,-40,0,0,0,0,OK,,,,,
2026-04-30 23:43:17,-40,0,0,0,0,OK,,,,,
2026-04-30 23:43:33,-40,0,0,0,0,OK,,,,,
2026-04-30 23:43:49,-40,0,0,0,0,OK,,,,,
2026-04-30 23:44:05,-40,0,0,0,0,OK,,,,,
2026-04-30 23:44:21,-40,0,0,0,0,OK,,,,,
2026-04-30 23:44:37,-40,0,0,0,0,OK,,,,,
2026-04-30 23:44:53,13.4,64,0,392,0,OK,,,,,
2026-04-30 23:45:25,-40,0,0,0,0,OK,,,,,
2026-04-30 23:45:41,-40,0,0,0,0,OK,,,,,
2026-04-30 23:45:57,-40,0,0,0,0,OK,,,,,
2026-04-30 23:46:13,-40,0,0,0,0,OK,,,,,
2026-04-30 23:46:29,-40,0,0,0,0,OK,,,,,
2026-04-30 23:46:45,-40,0,0,0,0,OK,,,,,
2026-04-30 23:47:01,-40,0,0,0,0,OK,,,,,
2026-04-30 23:47:17,-40,0,0,0,0,OK,,,,,
2026-04-30 23:47:33,-40,0,0,0,0,OK,,,,,
2026-04-30 23:47:49,13.4,64,0,408,3276.8,OK,,,,,
2026-04-30 23:48:05,-40,0,0,0,0,OK,,,,,
2026-04-30 23:48:21,-40,0,0,0,0,OK,,,,,
2026-04-30 23:48:37,-40,0,0,0,0,OK,,,,,
2026-04-30 23:48:53,-40,0,0,0,0,OK,,,,,
2026-04-30 23:49:09,-40,0,0,0,0,OK,,,,,
2026-04-30 23:49:25,-40,0,0,0,0,OK,,,,,
2026-04-30 23:49:41,-40,0,0,0,0,OK,,,,,
2026-04-30 23:49:57,-40,0,0,0,0,OK,,,,,
2026-04-30 23:50:13,-40,0,0,0,0,OK,,,,,
2026-04-30 23:50:29,-40,0,0,0,0,OK,,,,,
2026-04-30 23:50:45,-40,0,0,0,0,OK,,,,,
2026-04-30 23:51:01,-40,0,0,0,0,OK,,,,,
2026-04-30 23:51:33,-40,0,0,0,0,OK,,,,,
2026-04-30 23:52:05,-40,0,0,0,0,OK,,,,,
2026-04-30 23:52:21,-40,0,0,0,0,OK,,,,,
2026-04-30 23:52:37,-40,0,0,0,0,OK,,,,,
2026-04-30 23:52:53,-40,0,0,0,0,OK,,,,,
2026-04-30 23:53:09,-40,0,0,0,0,OK,,,,,
2026-04-30 23:53:25,-40,0,0,0,0,OK,,,,,
2026-04-30 23:53:41,-40,0,0,0,0,OK,,,,,
2026-04-30 23:53:57,-40,0,0,0,0,OK,,,,,
2026-04-30 23:54:13,-40,0,0,0,0,OK,,,,,
2026-04-30 23:54:29,-40,0,0,0,0,OK,,,,,
2026-04-30 23:55:17,-40,0,0,0,0,OK,,,,,
2026-04-30 23:55:33,-40,0,0,0,0,OK,,,,,
2026-04-30 23:55:49,-40,0,0,0,0,OK,,,,,
2026-04-30 23:56:05,-40,0,0,0,0,OK,,,,,
2026-04-30 23:56:21,-40,0,0,0,0,OK,,,,,
2026-04-30 23:56:37,-40,0,0,0,0,OK,,,,,
2026-04-30 23:56:54,-40,0,0,0,0,OK,,,,,
2026-04-30 23:57:25,-40,0,0,0,0,OK,,,,,
2026-04-30 23:57:41,13.5,64,0.8,392,0,OK,,,,,
2026-04-30 23:57:57,-40,0,0,0,0,OK,,,,,
2026-04-30 23:58:13,-40,0,0,0,0,OK,,,,,
2026-04-30 23:58:29,-40,0,0,0,0,OK,,,,,
2026-04-30 23:58:45,-40,0,0,0,0,OK,,,,,
2026-04-30 23:59:01,-40,0,0,0,0,OK,,,,,
2026-04-30 23:59:33,-40,0,0,0,0,OK,,,,,
2026-04-30 23:59:49,-40,0,0,0,0,OK,,,,,
