datetime,temperature,humidity,wind_speed,rainfall,light_lux,crc_status,wind_direction,uv,uvi,rainfall_mm,solar_radiation_wm2
2026-10-01 0:00:10,21.5,79,0.8,3758,0,OK,296,0,0,1127.4,0
2026-10-01 0:00:26,21.5,79,2.2,3758,0,OK,325,0,0,1127.4,0
2026-10-01 0:00:42,21.5,79,0.4,3758,0,OK,356,0,0,1127.4,0
2026-10-01 0:02:18,21.5,79,0.4,3758,0,OK,267,0,0,1127.4,0
2026-10-01 0:02:34,21.5,79,2.2,3758,0,OK,283,0,0,1127.4,0
2026-10-01 0:02:50,21.5,79,1,3758,0,OK,349,0,0,1127.4,0
2026-10-01 0:03:06,21.5,79,0.3,3758,0,OK,315,0,0,1127.4,0
2026-10-01 0:03:22,21.4,79,0.1,3758,0,OK,152,0,0,1127.4,0
2026-10-01 0:03:38,21.4,79,2.7,3758,0,OK,265,0,0,1127.4,0
2026-10-01 0:03:54,21.4,78,1,3758,0,OK,246,0,0,1127.4,0
2026-10-01 0:04:10,21.4,78,0.3,3758,0,OK,356,0,0,1127.4,0
2026-10-01 0:04:26,21.4,78,0,3758,0,OK,287,0,0,1127.4,0
2026-10-01 0:04:42,21.4,78,1.7,3758,0,OK,318,0,0,1127.4,0
2026-10-01 0:04:58,21.4,78,1.4,3758,0,OK,313,0,0,1127.4,0
2026-10-01 0:05:14,21.4,78,0.7,3758,0,OK,349,0,0,1127.4,0
2026-10-01 0:05:30,21.4,78,0.7,3758,0,OK,273,0,0,1127.4,0
2026-10-01 0:05:46,21.4,78,1.5,3758,0,OK,292,0,0,1127.4,0
2026-10-01 0:06:02,21.4,78,1.5,3758,0,OK,289,0,0,1127.4,0
2026-10-01 0:06:18,21.4,78,0.8,3758,0,OK,357,0,0,1127.4,0
2026-10-01 0:06:34,21.4,78,1.3,3758,0,OK,302,0,0,1127.4,0
2026-10-01 0:06:50,21.4,79,0.4,3758,0,OK,5,0,0,1127.4,0
2026-10-01 0:07:06,21.4,78,2.7,3758,0,OK,293,0,0,1127.4,0
2026-10-01 0:07:22,21.4,78,2.9,3758,0,OK,304,0,0,1127.4,0
2026-10-01 0:07:38,21.4,78,2.9,3758,0,OK,317,0,0,1127.4,0
2026-10-01 0:07:54,21.4,78,1,3758,0,OK,269,0,0,1127.4,0
2026-10-01 0:08:10,21.4,78,0.6,3758,0,OK,279,0,0,1127.4,0
2026-10-01 0:08:26,21.4,78,0.7,3758,0,OK,244,0,0,1127.4,0
2026-10-01 0:08:42,21.4,78,1,3758,0,OK,290,0,0,1127.4,0
2026-10-01 0:08:58,21.4,78,2,3758,0,OK,298,0,0,1127.4,0
2026-10-01 0:09:14,21.4,77,2.1,3758,0,OK,275,0,0,1127.4,0
2026-10-01 0:09:30,21.4,77,0.6,3758,0,OK,294,0,0,1127.4,0
2026-10-01 0:09:46,21.4,77,0.3,3758,0,OK,281,0,0,1127.4,0
2026-10-01 0:10:02,21.4,77,0.6,3758,0,OK,76,0,0,1127.4,0
2026-10-01 0:10:18,21.4,77,3.1,3758,0,OK,330,0,0,1127.4,0
2026-10-01 0:10:34,21.4,77,1.3,3758,0,OK,288,0,0,1127.4,0
2026-10-01 0:10:50,21.4,77,1,3758,0,OK,282,0,0,1127.4,0
2026-10-01 0:11:06,21.4,77,1,3758,0,OK,304,0,0,1127.4,0
2026-10-01 0:11:22,21.4,77,0.1,3758,0,OK,297,0,0,1127.4,0
2026-10-01 0:11:38,21.4,77,0.3,3758,0,OK,291,0,0,1127.4,0
2026-10-01 0:11:54,21.4,77,1,3758,0,OK,291,0,0,1127.4,0
2026-10-01 0:12:10,21.4,77,1.3,3758,0,OK,348,0,0,1127.4,0
2026-10-01 0:12:26,21.4,77,1,3758,0,OK,303,0,0,1127.4,0
2026-10-01 0:12:42,21.4,77,1,3758,0,OK,275,0,0,1127.4,0
2026-10-01 0:12:58,21.4,77,1.1,3758,0,OK,345,0,0,1127.4,0
2026-10-01 0:13:14,21.4,77,1.7,3758,0,OK,359,0,0,1127.4,0
2026-10-01 0:13:30,21.5,77,1.5,3758,0,OK,312,0,0,1127.4,0
2026-10-01 0:13:46,21.4,77,0,3758,0,OK,279,0,0,1127.4,0
2026-10-01 0:14:02,21.4,77,0.3,3758,0,OK,294,0,0,1127.4,0
2026-10-01 0:14:18,21.4,77,0.4,3758,0,OK,4,0,0,1127.4,0
2026-10-01 0:14:34,21.4,77,0.7,3758,0,OK,237,0,0,1127.4,0
2026-10-01 0:14:50,21.4,77,0.8,3758,0,OK,346,0,0,1127.4,0
2026-10-01 0:15:06,21.4,77,1.1,3758,0,OK,282,0,0,1127.4,0
2026-10-01 0:15:22,21.5,77,0.7,3758,0,OK,359,0,0,1127.4,0
2026-10-01 0:15:38,21.4,77,0.1,3758,0,OK,356,0,0,1127.4,0
2026-10-01 0:15:54,21.4,77,0,3758,0,OK,309,0,0,1127.4,0
2026-10-01 0:16:10,21.4,77,0.8,3758,0,OK,282,0,0,1127.4,0
2026-10-01 0:16:26,21.4,77,1,3758,0,OK,279,0,0,1127.4,0
2026-10-01 0:16:42,21.4,78,0,3758,0,OK,310,0,0,1127.4,0
2026-10-01 0:16:58,21.4,78,0,3758,0,OK,316,0,0,1127.4,0
2026-10-01 0:17:14,21.4,78,0,3758,0,OK,292,0,0,1127.4,0
2026-10-01 0:17:30,21.4,78,0,3758,0,OK,266,0,0,1127.4,0
2026-10-01 0:17:46,21.4,78,0.4,3758,0,OK,300,0,0,1127.4,0
2026-10-01 0:18:02,21.4,78,1.7,3758,0,OK,328,0,0,1127.4,0
2026-10-01 0:18:18,21.4,78,0.4,3758,0,OK,349,0,0,1127.4,0
2026-10-01 0:18:34,21.3,78,0.8,3758,0,OK,312,0,0,1127.4,0
2026-10-01 0:19:22,21.3,78,0.7,3758,0,OK,18,0,0,1127.4,0
2026-10-01 0:19:38,21.4,77,1.3,3758,0,OK,320,0,0,1127.4,0
2026-10-01 0:19:54,21.3,77,2,3758,0,OK,288,0,0,1127.4,0
2026-10-01 0:20:10,21.4,77,1.4,3758,0,OK,274,0,0,1127.4,0
2026-10-01 0:20:26,21.4,77,0.4,3758,0,OK,277,0,0,1127.4,0
2026-10-01 0:20:42,21.4,77,0.3,3758,0,OK,319,0,0,1127.4,0
2026-10-01 0:20:58,21.4,77,1.8,3758,0,OK,304,0,0,1127.4,0
2026-10-01 0:21:14,21.4,77,2.1,3758,0,OK,267,0,0,1127.4,0
2026-10-01 0:21:30,21.4,77,0.8,3758,0,OK,306,0,0,1127.4,0
2026-10-01 0:21:46,21.4,77,1.8,3758,0,OK,277,0,0,1127.4,0
2026-10-01 0:22:02,21.4,77,3.4,3758,0,OK,285,0,0,1127.4,0
2026-10-01 0:22:18,21.4,76,3.2,3758,0,OK,266,0,0,1127.4,0
2026-10-01 0:22:34,21.4,76,3.6,3758,0,OK,247,0,0,1127.4,0
2026-10-01 0:22:50,21.4,76,2.8,3758,0,OK,277,0,0,1127.4,0
2026-10-01 0:23:06,21.5,76,2.2,3758,0,OK,302,0,0,1127.4,0
2026-10-01 0:23:22,21.4,76,0.4,3758,0,OK,300,0,0,1127.4,0
2026-10-01 0:23:38,21.5,76,0.6,3758,0,OK,63,0,0,1127.4,0
2026-10-01 0:23:54,21.5,76,2.2,3758,0,OK,14,0,0,1127.4,0
2026-10-01 0:24:10,21.5,76,0.7,3758,0,OK,300,0,0,1127.4,0
2026-10-01 0:24:26,21.5,76,0,3758,0,OK,300,0,0,1127.4,0
2026-10-01 0:24:42,21.5,76,0,3758,0,OK,301,0,0,1127.4,0
2026-10-01 0:24:58,21.5,76,0.1,3758,0,OK,338,0,0,1127.4,0
2026-10-01 0:25:14,21.5,76,2.4,3758,0,OK,274,0,0,1127.4,0
2026-10-01 0:25:30,21.5,76,1.8,3758,0,OK,269,0,0,1127.4,0
2026-10-01 0:25:46,21.5,76,1.1,3758,0,OK,306,0,0,1127.4,0
2026-10-01 0:26:02,21.5,76,0.4,3758,0,OK,233,0,0,1127.4,0
2026-10-01 0:26:18,21.5,76,0,3758,0,OK,302,0,0,1127.4,0
2026-10-01 0:26:34,21.5,76,0,3758,0,OK,131,0,0,1127.4,0
2026-10-01 0:26:50,21.5,76,0.7,3758,0,OK,299,0,0,1127.4,0
2026-10-01 0:27:06,21.5,76,0.6,3758,0,OK,295,0,0,1127.4,0
2026-10-01 0:27:22,21.5,76,1.1,3758,0,OK,312,0,0,1127.4,0
2026-10-01 0:27:38,21.5,76,1.3,3758,0,OK,252,0,0,1127.4,0
2026-10-01 0:27:54,21.5,76,0.4,3758,0,OK,285,0,0,1127.4,0
2026-10-01 0:28:10,21.5,76,0.6,3758,0,OK,263,0,0,1127.4,0
2026-10-01 0:28:26,21.5,76,2,3758,0,OK,278,0,0,1127.4,0
2026-10-01 0:28:42,21.5,76,2.8,3758,0,OK,325,0,0,1127.4,0
2026-10-01 0:28:58,21.5,76,2.9,3758,0,OK,290,0,0,1127.4,0
2026-10-01 0:29:14,21.5,76,1.5,3758,0,OK,274,0,0,1127.4,0
2026-10-01 0:29:30,21.5,76,1.7,3758,0,OK,303,0,0,1127.4,0
2026-10-01 0:29:46,21.5,76,2.1,3758,0,OK,314,0,0,1127.4,0
2026-10-01 0:30:02,21.5,76,0.8,3758,0,OK,282,0,0,1127.4,0
2026-10-01 0:30:18,21.5,76,0.1,3758,0,OK,272,0,0,1127.4,0
2026-10-01 0:30:34,21.5,76,0.1,3758,0,OK,301,0,0,1127.4,0
2026-10-01 0:30:50,21.5,76,0.4,3758,0,OK,311,0,0,1127.4,0
2026-10-01 0:31:06,21.5,76,3.1,3758,0,OK,335,0,0,1127.4,0
2026-10-01 0:31:22,21.5,76,2,3758,0,OK,309,0,0,1127.4,0
2026-10-01 0:31:38,21.5,76,1.1,3758,0,OK,289,0,0,1127.4,0
2026-10-01 0:31:54,21.5,76,0,3758,0,OK,263,0,0,1127.4,0
2026-10-01 0:32:10,21.5,76,0.1,3758,0,OK,8,0,0,1127.4,0
2026-10-01 0:32:26,21.5,76,1.4,3758,0,OK,270,0,0,1127.4,0
2026-10-01 0:32:42,21.5,76,1.8,3758,0,OK,348,0,0,1127.4,0
2026-10-01 0:32:58,21.5,76,1.3,3758,0,OK,303,0,0,1127.4,0
2026-10-01 0:33:14,21.5,76,0.8,3758,0,OK,290,0,0,1127.4,0
2026-10-01 0:33:30,21.5,76,1.4,3758,0,OK,338,0,0,1127.4,0
2026-10-01 0:33:46,21.5,76,2.4,3758,0,OK,324,0,0,1127.4,0
2026-10-01 0:34:02,21.5,76,1.5,3758,0,OK,19,0,0,1127.4,0
2026-10-01 0:34:18,21.5,76,1.1,3758,0,OK,234,0,0,1127.4,0
2026-10-01 0:34:34,21.5,76,2.1,3758,0,OK,284,0,0,1127.4,0
2026-10-01 0:34:50,21.5,76,2.1,3758,0,OK,271,0,0,1127.4,0
2026-10-01 0:35:06,21.5,76,2.7,3758,0,OK,334,0,0,1127.4,0
2026-10-01 0:35:22,21.5,76,1.8,3758,0,OK,353,0,0,1127.4,0
2026-10-01 0:35:38,21.5,76,2.9,3758,0,OK,310,0,0,1127.4,0
2026-10-01 0:35:54,21.5,76,2.9,3758,0,OK,267,0,0,1127.4,0
2026-10-01 0:36:10,21.5,76,1,3758,0,OK,299,0,0,1127.4,0
2026-10-01 0:36:26,21.5,76,0.7,3758,0,OK,258,0,0,1127.4,0
2026-10-01 0:36:42,21.5,75,1,3758,0,OK,343,0,0,1127.4,0
2026-10-01 0:36:58,21.5,76,0.6,3758,0,OK,301,0,0,1127.4,0
2026-10-01 0:37:14,21.5,75,0,3758,0,OK,285,0,0,1127.4,0
2026-10-01 0:37:30,21.5,75,0,3758,0,OK,3,0,0,1127.4,0
2026-10-01 0:37:46,21.5,75,1.1,3758,0,OK,234,0,0,1127.4,0
2026-10-01 0:38:02,21.5,75,1.4,3758,0,OK,311,0,0,1127.4,0
2026-10-01 0:38:18,21.5,75,2.2,3758,0,OK,275,0,0,1127.4,0
2026-10-01 0:38:34,21.5,75,2.4,3758,0,OK,291,0,0,1127.4,0
2026-10-01 0:38:50,21.5,75,1.3,3758,0,OK,302,0,0,1127.4,0
2026-10-01 0:39:06,21.5,75,1.8,3758,0,OK,339,0,0,1127.4,0
2026-10-01 0:39:22,21.4,75,2,3758,0,OK,285,0,0,1127.4,0
2026-10-01 0:39:38,21.4,75,1.3,3758,0,OK,299,0,0,1127.4,0
2026-10-01 0:39:54,21.4,75,2.4,3758,0,OK,323,0,0,1127.4,0
2026-10-01 0:40:10,21.4,75,2.5,3758,0,OK,314,0,0,1127.4,0
2026-10-01 0:40:26,21.4,75,1.4,3758,0,OK,342,0,0,1127.4,0
2026-10-01 0:40:42,21.4,75,1.3,3758,0,OK,27,0,0,1127.4,0
2026-10-01 0:40:58,21.4,75,1.5,3758,0,OK,310,0,0,1127.4,0
2026-10-01 0:41:14,21.4,75,1.8,3758,0,OK,288,0,0,1127.4,0
2026-10-01 0:41:30,21.4,75,2.1,3758,0,OK,310,0,0,1127.4,0
2026-10-01 0:41:46,21.4,75,1.4,3758,0,OK,277,0,0,1127.4,0
2026-10-01 0:42:02,21.4,75,2.4,3758,0,OK,326,0,0,1127.4,0
2026-10-01 0:42:18,21.4,75,3.8,3758,0,OK,241,0,0,1127.4,0
2026-10-01 0:42:34,21.3,75,4.1,3758,0,OK,329,0,0,1127.4,0
2026-10-01 0:42:50,21.3,75,4.1,3758,0,OK,309,0,0,1127.4,0
2026-10-01 0:43:06,21.3,75,3.4,3758,0,OK,300,0,0,1127.4,0
2026-10-01 0:43:22,21.3,75,2.2,3758,0,OK,348,0,0,1127.4,0
2026-10-01 0:43:38,21.2,75,1.8,3758,0,OK,305,0,0,1127.4,0
2026-10-01 0:43:54,21.3,75,2.2,3758,0,OK,343,0,0,1127.4,0
2026-10-01 0:44:10,21.3,75,3.1,3758,0,OK,282,0,0,1127.4,0
2026-10-01 0:44:26,21.2,75,1.1,3758,0,OK,26,0,0,1127.4,0
2026-10-01 0:44:42,21.2,75,2,3758,0,OK,289,0,0,1127.4,0
2026-10-01 0:44:58,21.2,75,2.2,3758,0,OK,224,0,0,1127.4,0
2026-10-01 0:45:14,21.2,75,2.4,3758,0,OK,289,0,0,1127.4,0
2026-10-01 0:45:30,21.2,75,1.3,3758,0,OK,314,0,0,1127.4,0
2026-10-01 0:45:46,21.2,75,2.1,3758,0,OK,29,0,0,1127.4,0
2026-10-01 0:46:02,21.2,75,1.4,3758,0,OK,279,0,0,1127.4,0
2026-10-01 0:46:18,21.2,75,2.2,3758,0,OK,289,0,0,1127.4,0
2026-10-01 0:46:34,21.1,75,1.7,3758,0,OK,312,0,0,1127.4,0
2026-10-01 0:46:50,21.1,74,1.3,3758,0,OK,18,0,0,1127.4,0
2026-10-01 0:47:06,21.2,74,0.8,3758,0,OK,178,0,0,1127.4,0
2026-10-01 0:47:22,21.1,74,0.7,3758,0,OK,318,0,0,1127.4,0
2026-10-01 0:47:38,21.1,74,1.3,3758,0,OK,307,0,0,1127.4,0
2026-10-01 0:47:54,21.2,74,1.7,3758,0,OK,20,0,0,1127.4,0
2026-10-01 0:48:10,21.1,74,1.7,3758,0,OK,307,0,0,1127.4,0
2026-10-01 0:48:26,21.1,74,1.8,3758,0,OK,302,0,0,1127.4,0
2026-10-01 0:48:42,21.1,74,1.4,3758,0,OK,277,0,0,1127.4,0
2026-10-01 0:48:58,21.1,74,2.1,3758,0,OK,301,0,0,1127.4,0
2026-10-01 0:49:14,21.1,74,3.9,3758,0,OK,282,0,0,1127.4,0
2026-10-01 0:49:30,21.1,74,1.3,3758,0,OK,328,0,0,1127.4,0
2026-10-01 0:49:46,21.1,74,2.5,3758,0,OK,287,0,0,1127.4,0
2026-10-01 0:50:02,21.1,74,1.4,3758,0,OK,305,0,0,1127.4,0
2026-10-01 0:50:18,21.1,74,1.8,3758,0,OK,294,0,0,1127.4,0
2026-10-01 0:50:34,21.1,74,0.6,3758,0,OK,285,0,0,1127.4,0
2026-10-01 0:50:50,21.1,74,1.4,3758,0,OK,292,0,0,1127.4,0
2026-10-01 0:51:06,21.1,74,0.6,3758,0,OK,334,0,0,1127.4,0
2026-10-01 0:51:22,21.1,74,1.7,3758,0,OK,246,0,0,1127.4,0
2026-10-01 0:51:38,21.1,74,2.9,3758,0,OK,300,0,0,1127.4,0
2026-10-01 0:51:54,21.1,74,2.8,3758,0,OK,287,0,0,1127.4,0
2026-10-01 0:52:10,21.1,74,0.7,3758,0,OK,285,0,0,1127.4,0
2026-10-01 0:52:26,21.1,74,0.1,3758,0,OK,275,0,0,1127.4,0
2026-10-01 0:52:42,21.1,74,0.1,3758,0,OK,319,0,0,1127.4,0
2026-10-01 0:52:58,21.1,74,0.7,3758,0,OK,338,0,0,1127.4,0
2026-10-01 0:53:14,21.1,74,0.4,3758,0,OK,279,0,0,1127.4,0
2026-10-01 0:53:30,21.1,74,0.7,3758,0,OK,221,0,0,1127.4,0
2026-10-01 0:53:46,21.1,74,1.7,3758,0,OK,294,0,0,1127.4,0
2026-10-01 0:54:02,21.1,74,0.8,3758,0,OK,309,0,0,1127.4,0
2026-10-01 0:54:18,21.1,74,0.8,3758,0,OK,267,0,0,1127.4,0
2026-10-01 0:54:34,21,73,2.1,3758,0,OK,315,0,0,1127.4,0
2026-10-01 0:54:50,21.1,73,1.7,3758,0,OK,297,0,0,1127.4,0
2026-10-01 0:55:06,21,73,3.9,3758,0,OK,309,0,0,1127.4,0
2026-10-01 0:55:22,21,73,3.1,3758,0,OK,275,0,0,1127.4,0
2026-10-01 0:55:38,21,73,1.7,3758,0,OK,298,0,0,1127.4,0
2026-10-01 0:55:54,21,73,1.1,3758,0,OK,298,0,0,1127.4,0
2026-10-01 0:56:10,21,73,1.5,3758,0,OK,44,0,0,1127.4,0
2026-10-01 0:56:26,21,73,1.7,3758,0,OK,323,0,0,1127.4,0
2026-10-01 0:56:42,21,73,2,3758,0,OK,294,0,0,1127.4,0
2026-10-01 0:56:58,21,72,0.7,3758,0,OK,285,0,0,1127.4,0
2026-10-01 0:57:14,21,72,0.3,3758,0,OK,353,0,0,1127.4,0
2026-10-01 0:57:30,21,72,2.9,3758,0,OK,270,0,0,1127.4,0
2026-10-01 0:57:46,21,72,2.4,3758,0,OK,349,0,0,1127.4,0
2026-10-01 0:58:02,21,72,1.5,3758,0,OK,278,0,0,1127.4,0
2026-10-01 0:58:18,21,72,2,3758,0,OK,284,0,0,1127.4,0
2026-10-01 0:58:34,21,72,1.8,3758,0,OK,280,0,0,1127.4,0
2026-10-01 0:58:50,21,72,1.4,3758,0,OK,250,0,0,1127.4,0
2026-10-01 0:59:06,21,72,2.9,3758,0,OK,314,0,0,1127.4,0
2026-10-01 0:59:22,21,72,3.2,3758,0,OK,276,0,0,1127.4,0
2026-10-01 0:59:38,21,72,1.4,3758,0,OK,279,0,0,1127.4,0
2026-10-01 0:59:54,21,72,0.3,3758,0,OK,310,0,0,1127.4,0
2026-10-01 1:00:10,21,72,1.1,3758,0,OK,284,0,0,1127.4,0
2026-10-01 1:00:26,21,72,1,3758,0,OK,311,0,0,1127.4,0
2026-10-01 1:00:42,21,72,1.4,3758,0,OK,321,0,0,1127.4,0
2026-10-01 1:00:58,21,72,2.1,3758,0,OK,269,0,0,1127.4,0
2026-10-01 1:01:14,21,72,1.5,3758,0,OK,293,0,0,1127.4,0
2026-10-01 1:01:30,21,72,0.8,3758,0,OK,306,0,0,1127.4,0
2026-10-01 1:01:46,21,72,2.5,3758,0,OK,242,0,0,1127.4,0
2026-10-01 1:02:02,21,72,2.7,3758,0,OK,270,0,0,1127.4,0
2026-10-01 1:02:18,21,71,2.7,3758,0,OK,307,0,0,1127.4,0
2026-10-01 1:02:34,21,71,1.8,3758,0,OK,300,0,0,1127.4,0
2026-10-01 1:02:50,21,71,1.7,3758,0,OK,279,0,0,1127.4,0
2026-10-01 1:03:06,21,72,1.5,3758,0,OK,278,0,0,1127.4,0
2026-10-01 1:03:22,21,71,1.1,3758,0,OK,277,0,0,1127.4,0
2026-10-01 1:03:38,21,72,0.3,3758,0,OK,278,0,0,1127.4,0
2026-10-01 1:03:54,21,71,1,3758,0,OK,271,0,0,1127.4,0
2026-10-01 1:04:10,21,71,2.1,3758,0,OK,320,0,0,1127.4,0
2026-10-01 1:04:26,21,71,1.5,3758,0,OK,333,0,0,1127.4,0
2026-10-01 1:04:42,21,71,1.1,3758,0,OK,348,0,0,1127.4,0
2026-10-01 1:04:58,21,71,0.3,3758,0,OK,288,0,0,1127.4,0
2026-10-01 1:05:14,21,71,0.8,3758,0,OK,336,0,0,1127.4,0
2026-10-01 1:05:30,21,71,0.1,3758,0,OK,299,0,0,1127.4,0
2026-10-01 1:05:46,21,71,0,3758,0,OK,337,0,0,1127.4,0
2026-10-01 1:06:02,21,71,0.7,3758,0,OK,292,0,0,1127.4,0
2026-10-01 1:06:18,21,71,1.8,3758,0,OK,257,0,0,1127.4,0
2026-10-01 1:06:34,21,71,1.1,3758,0,OK,303,0,0,1127.4,0
2026-10-01 1:06:50,21,71,0.8,3758,0,OK,329,0,0,1127.4,0
2026-10-01 1:07:06,21,71,1,3758,0,OK,290,0,0,1127.4,0
2026-10-01 1:07:22,20.9,72,1.8,3758,0,OK,315,0,0,1127.4,0
2026-10-01 1:07:38,20.9,72,1,3758,0,OK,212,0,0,1127.4,0
2026-10-01 1:07:54,20.9,72,1,3758,0,OK,300,0,0,1127.4,0
2026-10-01 1:08:10,20.9,72,0.1,3758,0,OK,28,0,0,1127.4,0
2026-10-01 1:08:26,20.9,72,0,3758,0,OK,20,0,0,1127.4,0
2026-10-01 1:08:42,21,72,0.6,3758,0,OK,273,0,0,1127.4,0
2026-10-01 1:08:58,20.9,72,0.3,3758,0,OK,313,0,0,1127.4,0
2026-10-01 1:09:14,20.9,72,0.7,3758,0,OK,290,0,0,1127.4,0
2026-10-01 1:09:30,20.9,72,2.4,3758,0,OK,320,0,0,1127.4,0
2026-10-01 1:09:46,20.9,71,2.7,3758,0,OK,273,0,0,1127.4,0
2026-10-01 1:10:02,20.9,71,0.8,3758,0,OK,307,0,0,1127.4,0
2026-10-01 1:10:18,20.9,71,2.7,3758,0,OK,308,0,0,1127.4,0
2026-10-01 1:10:34,20.9,71,1.3,3758,0,OK,287,0,0,1127.4,0
2026-10-01 1:10:50,20.9,71,0.4,3758,0,OK,288,0,0,1127.4,0
2026-10-01 1:11:06,20.9,72,2.7,3758,0,OK,16,0,0,1127.4,0
2026-10-01 1:11:22,21,72,2.9,3758,0,OK,276,0,0,1127.4,0
2026-10-01 1:11:38,21,72,1.5,3758,0,OK,1,0,0,1127.4,0
2026-10-01 1:11:54,21,72,1.1,3758,0,OK,318,0,0,1127.4,0
2026-10-01 1:12:10,21,72,1.4,3758,0,OK,303,0,0,1127.4,0
2026-10-01 1:12:26,21,72,1.5,3758,0,OK,334,0,0,1127.4,0
2026-10-01 1:12:42,21,72,0.7,3758,0,OK,352,0,0,1127.4,0
2026-10-01 1:12:58,21,72,1,3758,0,OK,293,0,0,1127.4,0
2026-10-01 1:13:14,21,72,1.1,3758,0,OK,312,0,0,1127.4,0
2026-10-01 1:13:30,21,72,0.7,3758,0,OK,244,0,0,1127.4,0
2026-10-01 1:13:46,21,73,0.8,3758,0,OK,285,0,0,1127.4,0
2026-10-01 1:14:02,21,73,0.4,3758,0,OK,354,0,0,1127.4,0
2026-10-01 1:14:18,21,73,0,3758,0,OK,289,0,0,1127.4,0
2026-10-01 1:14:34,21,73,0,3758,0,OK,335,0,0,1127.4,0
2026-10-01 1:14:50,21,73,0.4,3758,0,OK,0,0,0,1127.4,0
2026-10-01 1:15:06,21,73,0.8,3758,0,OK,320,0,0,1127.4,0
2026-10-01 1:15:22,21,73,0.3,3758,0,OK,353,0,0,1127.4,0
2026-10-01 1:15:38,21,73,1.7,3758,0,OK,310,0,0,1127.4,0
2026-10-01 1:15:54,21,74,1,3758,0,OK,25,0,0,1127.4,0
2026-10-01 1:16:10,21,74,0.4,3758,0,OK,286,0,0,1127.4,0
2026-10-01 1:16:26,21,74,1.7,3758,0,OK,264,0,0,1127.4,0
2026-10-01 1:16:42,21,74,1,3758,0,OK,279,0,0,1127.4,0
2026-10-01 1:16:58,21,74,0.6,3758,0,OK,359,0,0,1127.4,0
2026-10-01 1:17:14,21,74,1.8,3758,0,OK,245,0,0,1127.4,0
2026-10-01 1:17:30,21,74,2.2,3758,0,OK,311,0,0,1127.4,0
2026-10-01 1:17:46,21,74,1.1,3758,0,OK,280,0,0,1127.4,0
2026-10-01 1:18:02,21,74,1,3758,0,OK,318,0,0,1127.4,0
2026-10-01 1:18:18,21,74,0,3758,0,OK,31,0,0,1127.4,0
2026-10-01 1:18:34,21,74,1.1,3758,0,OK,71,0,0,1127.4,0
2026-10-01 1:19:22,21,74,0.7,3758,0,OK,299,0,0,1127.4,0
2026-10-01 1:19:38,21,74,1.1,3758,0,OK,285,0,0,1127.4,0
2026-10-01 1:19:54,21,74,1.8,3758,0,OK,291,0,0,1127.4,0
2026-10-01 1:20:10,21,74,1.4,3758,0,OK,322,0,0,1127.4,0
2026-10-01 1:20:26,21,74,1.5,3758,0,OK,313,0,0,1127.4,0
2026-10-01 1:20:42,21,74,0.8,3758,0,OK,24,0,0,1127.4,0
2026-10-01 1:20:58,21,74,0.4,3758,0,OK,346,0,0,1127.4,0
2026-10-01 1:21:14,21,75,0.7,3758,0,OK,310,0,0,1127.4,0
2026-10-01 1:21:30,21,75,0.6,3758,0,OK,329,0,0,1127.4,0
2026-10-01 1:21:46,21,75,0.4,3758,0,OK,267,0,0,1127.4,0
2026-10-01 1:22:02,21,75,1.1,3758,0,OK,289,0,0,1127.4,0
2026-10-01 1:22:18,21,75,1.7,3758,0,OK,337,0,0,1127.4,0
2026-10-01 1:22:34,21,75,2,3758,0,OK,301,0,0,1127.4,0
2026-10-01 1:22:50,21,75,1.4,3758,0,OK,334,0,0,1127.4,0
2026-10-01 1:23:06,21,74,1.3,3758,0,OK,323,0,0,1127.4,0
2026-10-01 1:23:22,21,74,1.8,3758,0,OK,318,0,0,1127.4,0
2026-10-01 1:23:38,21,74,2.8,3758,0,OK,293,0,0,1127.4,0
2026-10-01 1:23:54,21,74,1.8,3758,0,OK,312,0,0,1127.4,0
2026-10-01 1:24:11,21,74,0.8,3758,0,OK,304,0,0,1127.4,0
2026-10-01 1:24:26,21,75,1.4,3758,0,OK,291,0,0,1127.4,0
2026-10-01 1:24:42,21,75,0.6,3758,0,OK,277,0,0,1127.4,0
2026-10-01 1:24:58,21,75,0,3758,0,OK,290,0,0,1127.4,0
2026-10-01 1:25:14,21,75,0,3758,0,OK,29,0,0,1127.4,0
2026-10-01 1:25:30,21,75,1.8,3758,0,OK,347,0,0,1127.4,0
2026-10-01 1:25:46,20.9,75,1.8,3758,0,OK,281,0,0,1127.4,0
2026-10-01 1:26:02,21,75,1.7,3758,0,OK,326,0,0,1127.4,0
2026-10-01 1:26:18,21,75,2,3758,0,OK,283,0,0,1127.4,0
2026-10-01 1:26:34,21,75,1.4,3758,0,OK,314,0,0,1127.4,0
2026-10-01 1:26:50,21,75,3.1,3758,0,OK,254,0,0,1127.4,0
2026-10-01 1:27:06,21,75,2.1,3758,0,OK,332,0,0,1127.4,0
2026-10-01 1:27:22,21,75,0.8,3758,0,OK,284,0,0,1127.4,0
2026-10-01 1:27:38,21,75,2.1,3758,0,OK,277,0,0,1127.4,0
2026-10-01 1:27:54,21,75,1.4,3758,0,OK,302,0,0,1127.4,0
2026-10-01 1:28:10,21,75,1.3,3758,0,OK,301,0,0,1127.4,0
2026-10-01 1:28:26,20.9,75,1.7,3758,0,OK,285,0,0,1127.4,0
2026-10-01 1:28:42,20.9,75,0.1,3758,0,OK,296,0,0,1127.4,0
2026-10-01 1:28:58,20.9,75,1.5,3758,0,OK,303,0,0,1127.4,0
2026-10-01 1:29:14,21,75,1.7,3758,0,OK,307,0,0,1127.4,0
2026-10-01 1:29:30,21,75,1.5,3758,0,OK,192,0,0,1127.4,0
2026-10-01 1:29:46,20.9,75,0.6,3758,0,OK,15,0,0,1127.4,0
2026-10-01 1:30:02,21,75,1,3758,0,OK,262,0,0,1127.4,0
2026-10-01 1:30:18,20.9,74,1.5,3758,0,OK,50,0,0,1127.4,0
2026-10-01 1:30:34,21,74,0.6,3758,0,OK,260,0,0,1127.4,0
2026-10-01 1:30:50,21,74,1.5,3758,0,OK,280,0,0,1127.4,0
2026-10-01 1:31:06,21,74,2.9,3758,0,OK,320,0,0,1127.4,0
2026-10-01 1:31:22,21,74,0.7,3758,0,OK,311,0,0,1127.4,0
2026-10-01 1:31:38,21,75,1,3758,0,OK,331,0,0,1127.4,0
2026-10-01 1:31:54,21,75,0.4,3758,0,OK,340,0,0,1127.4,0
2026-10-01 1:32:10,21,75,0.6,3758,0,OK,346,0,0,1127.4,0
2026-10-01 1:32:26,21,75,2.8,3758,0,OK,14,0,0,1127.4,0
2026-10-01 1:32:42,21,75,2.7,3758,0,OK,327,0,0,1127.4,0
2026-10-01 1:32:58,21,75,3.5,3758,0,OK,359,0,0,1127.4,0
2026-10-01 1:33:14,21,75,1.5,3758,0,OK,39,0,0,1127.4,0
2026-10-01 1:33:30,21,75,2,3758,0,OK,325,0,0,1127.4,0
2026-10-01 1:33:46,21,75,1,3758,0,OK,237,0,0,1127.4,0
2026-10-01 1:34:02,21,76,1.5,3758,0,OK,272,0,0,1127.4,0
2026-10-01 1:34:18,21,76,1,3758,0,OK,312,0,0,1127.4,0
2026-10-01 1:34:34,21,76,1.8,3758,0,OK,283,0,0,1127.4,0
2026-10-01 1:34:50,21,76,2.4,3758,0,OK,353,0,0,1127.4,0
2026-10-01 1:35:06,21,76,2,3758,0,OK,268,0,0,1127.4,0
2026-10-01 1:35:22,21,76,1.3,3758,0,OK,263,0,0,1127.4,0
2026-10-01 1:35:38,21,76,1.4,3758,0,OK,315,0,0,1127.4,0
2026-10-01 1:35:54,21,76,0.6,3758,0,OK,337,0,0,1127.4,0
2026-10-01 1:36:10,21,76,2,3758,0,OK,281,0,0,1127.4,0
2026-10-01 1:36:26,21,76,1.5,3758,0,OK,335,0,0,1127.4,0
2026-10-01 1:36:42,21,76,0.4,3758,0,OK,296,0,0,1127.4,0
2026-10-01 1:36:58,21,76,0,3758,0,OK,287,0,0,1127.4,0
2026-10-01 1:37:14,21,76,0,3758,0,OK,306,0,0,1127.4,0
2026-10-01 1:37:30,21,76,0.1,3758,0,OK,275,0,0,1127.4,0
2026-10-01 1:37:46,21,76,1.3,3758,0,OK,285,0,0,1127.4,0
2026-10-01 1:38:02,21,76,0.3,3758,0,OK,343,0,0,1127.4,0
2026-10-01 1:38:18,21,76,0.6,3758,0,OK,322,0,0,1127.4,0
2026-10-01 1:38:34,21,76,0,3758,0,OK,292,0,0,1127.4,0
2026-10-01 1:38:50,21,76,1.1,3758,0,OK,36,0,0,1127.4,0
2026-10-01 1:39:06,21,76,0.1,3758,0,OK,340,0,0,1127.4,0
2026-10-01 1:39:22,21,76,0.4,3758,0,OK,324,0,0,1127.4,0
2026-10-01 1:39:38,21,76,1.1,3758,0,OK,308,0,0,1127.4,0
2026-10-01 1:39:54,21,76,1.1,3758,0,OK,283,0,0,1127.4,0
2026-10-01 1:40:10,20.9,76,0.4,3758,0,OK,291,0,0,1127.4,0
2026-10-01 1:40:26,20.9,76,1.3,3758,0,OK,349,0,0,1127.4,0
2026-10-01 1:40:42,20.9,76,0.8,3758,0,OK,291,0,0,1127.4,0
2026-10-01 1:40:58,20.9,76,0.8,3758,0,OK,344,0,0,1127.4,0
2026-10-01 1:41:14,20.9,76,0.7,3758,0,OK,252,0,0,1127.4,0
2026-10-01 1:41:30,20.9,76,1.8,3758,0,OK,283,0,0,1127.4,0
2026-10-01 1:41:46,20.9,75,1,3758,0,OK,301,0,0,1127.4,0
2026-10-01 1:42:02,20.9,75,0.4,3758,0,OK,311,0,0,1127.4,0
2026-10-01 1:42:18,20.9,76,0.6,3758,0,OK,325,0,0,1127.4,0
2026-10-01 1:42:34,20.9,75,1.3,3758,0,OK,239,0,0,1127.4,0
2026-10-01 1:42:50,20.9,75,2.1,3758,0,OK,315,0,0,1127.4,0
2026-10-01 1:43:06,20.9,75,1.7,3758,0,OK,299,0,0,1127.4,0
2026-10-01 1:43:22,20.9,75,2.9,3758,0,OK,293,0,0,1127.4,0
2026-10-01 1:43:38,20.9,75,2.2,3758,0,OK,298,0,0,1127.4,0
2026-10-01 1:43:54,20.9,75,1.1,3758,0,OK,292,0,0,1127.4,0
2026-10-01 1:44:10,20.9,75,1.8,3758,0,OK,282,0,0,1127.4,0
2026-10-01 1:44:26,20.8,75,0.3,3758,0,OK,324,0,0,1127.4,0
2026-10-01 1:44:42,20.9,75,0.1,3758,0,OK,274,0,0,1127.4,0
2026-10-01 1:44:58,20.8,75,0,3758,0,OK,12,0,0,1127.4,0
2026-10-01 1:45:14,20.8,76,0.1,3758,0,OK,307,0,0,1127.4,0
2026-10-01 1:45:30,20.8,75,0.3,3758,0,OK,352,0,0,1127.4,0
2026-10-01 1:45:46,20.9,76,0.4,3758,0,OK,270,0,0,1127.4,0
2026-10-01 1:46:02,20.9,76,2.7,3758,0,OK,303,0,0,1127.4,0
2026-10-01 1:46:18,20.9,76,0.4,3758,0,OK,332,0,0,1127.4,0
2026-10-01 1:46:34,20.9,76,0,3758,0,OK,305,0,0,1127.4,0
2026-10-01 1:46:50,20.9,76,0,3758,0,OK,313,0,0,1127.4,0
2026-10-01 1:47:06,20.9,76,0.8,3758,0,OK,341,0,0,1127.4,0
2026-10-01 1:47:22,20.9,76,0.6,3758,0,OK,317,0,0,1127.4,0
2026-10-01 1:47:38,20.9,76,1.7,3758,0,OK,39,0,0,1127.4,0
2026-10-01 1:47:54,20.9,76,1.4,3758,0,OK,46,0,0,1127.4,0
2026-10-01 1:48:10,20.9,75,2.4,3758,0,OK,53,0,0,1127.4,0
2026-10-01 1:48:26,20.8,75,1.5,3758,0,OK,326,0,0,1127.4,0
2026-10-01 1:48:42,20.8,75,1.5,3758,0,OK,278,0,0,1127.4,0
2026-10-01 1:50:34,20.8,75,1.1,3758,0,OK,292,0,0,1127.4,0
2026-10-01 1:50:50,20.8,75,2.1,3758,0,OK,3,0,0,1127.4,0
2026-10-01 1:51:06,20.7,74,1.4,3758,0,OK,338,0,0,1127.4,0
2026-10-01 1:51:22,20.7,74,2.2,3758,0,OK,274,0,0,1127.4,0
2026-10-01 1:51:38,20.7,74,2.2,3758,0,OK,318,0,0,1127.4,0
2026-10-01 1:51:54,20.7,74,3.1,3758,0,OK,334,0,0,1127.4,0
2026-10-01 1:52:10,20.7,74,2.1,3758,0,OK,353,0,0,1127.4,0
2026-10-01 1:52:26,20.7,74,0.1,3758,0,OK,53,0,0,1127.4,0
2026-10-01 1:52:42,20.7,74,0.3,3758,0,OK,252,0,0,1127.4,0
2026-10-01 1:52:58,20.7,74,1.4,3758,0,OK,270,0,0,1127.4,0
2026-10-01 1:53:14,20.7,74,1.4,3758,0,OK,16,0,0,1127.4,0
2026-10-01 1:53:30,20.7,74,1,3758,0,OK,314,0,0,1127.4,0
2026-10-01 1:53:46,20.7,74,1.8,3758,0,OK,321,0,0,1127.4,0
2026-10-01 1:54:02,20.7,74,2.2,3758,0,OK,0,0,0,1127.4,0
2026-10-01 1:54:18,20.7,74,3.4,3758,0,OK,287,0,0,1127.4,0
2026-10-01 1:54:34,20.7,74,2.5,3758,0,OK,282,0,0,1127.4,0
2026-10-01 1:54:50,20.7,74,2.2,3758,0,OK,221,0,0,1127.4,0
2026-10-01 1:55:06,20.7,74,2,3758,0,OK,294,0,0,1127.4,0
2026-10-01 1:55:22,20.7,74,1,3758,0,OK,269,0,0,1127.4,0
2026-10-01 1:55:38,20.7,74,2.2,3758,0,OK,326,0,0,1127.4,0
2026-10-01 1:55:54,20.7,74,1.8,3758,0,OK,301,0,0,1127.4,0
2026-10-01 1:56:10,20.7,74,1.1,3758,0,OK,347,0,0,1127.4,0
2026-10-01 1:56:26,20.6,74,0.7,3758,0,OK,286,0,0,1127.4,0
2026-10-01 1:56:42,20.7,74,2,3758,0,OK,325,0,0,1127.4,0
2026-10-01 1:56:58,20.7,74,1.8,3758,0,OK,340,0,0,1127.4,0
2026-10-01 1:57:14,20.7,74,2,3758,0,OK,329,0,0,1127.4,0
2026-10-01 1:57:30,20.7,74,1.7,3758,0,OK,315,0,0,1127.4,0
2026-10-01 1:57:46,20.7,74,0.8,3758,0,OK,14,0,0,1127.4,0
2026-10-01 1:58:02,20.7,74,0.6,3758,0,OK,302,0,0,1127.4,0
2026-10-01 1:58:18,20.6,74,0.7,3758,0,OK,352,0,0,1127.4,0
2026-10-01 1:58:34,20.6,74,0.8,3758,0,OK,308,0,0,1127.4,0
2026-10-01 1:58:50,20.6,74,3.9,3758,0,OK,355,0,0,1127.4,0
2026-10-01 1:59:06,20.6,74,2.1,3758,0,OK,277,0,0,1127.4,0
2026-10-01 1:59:22,20.6,74,2.5,3758,0,OK,311,0,0,1127.4,0
2026-10-01 1:59:38,20.6,74,2.5,3758,0,OK,317,0,0,1127.4,0
2026-10-01 1:59:54,20.6,74,1.3,3758,0,OK,0,0,0,1127.4,0
2026-10-01 2:00:10,20.6,74,1.4,3758,0,OK,53,0,0,1127.4,0
2026-10-01 2:00:26,20.6,74,1.4,3758,0,OK,233,0,0,1127.4,0
2026-10-01 2:00:42,20.6,74,1.1,3758,0,OK,266,0,0,1127.4,0
2026-10-01 2:00:58,20.6,74,1.4,3758,0,OK,253,0,0,1127.4,0
2026-10-01 2:01:14,20.6,74,1.3,3758,0,OK,40,0,0,1127.4,0
2026-10-01 2:01:30,20.6,74,0.7,3758,0,OK,294,0,0,1127.4,0
2026-10-01 2:01:46,20.6,74,1.3,3758,0,OK,288,0,0,1127.4,0
2026-10-01 2:02:02,20.6,74,2.8,3758,0,OK,309,0,0,1127.4,0
2026-10-01 2:02:18,20.6,75,2.5,3758,0,OK,310,0,0,1127.4,0
2026-10-01 2:02:34,20.6,75,3.6,3758,0,OK,305,0,0,1127.4,0
2026-10-01 2:02:50,20.5,75,1,3758,0,OK,264,0,0,1127.4,0
2026-10-01 2:03:06,20.6,75,1.4,3758,0,OK,353,0,0,1127.4,0
2026-10-01 2:03:22,20.6,75,0.8,3758,0,OK,334,0,0,1127.4,0
2026-10-01 2:03:38,20.5,75,2.7,3758,0,OK,344,0,0,1127.4,0
2026-10-01 2:03:54,20.6,75,1.7,3758,0,OK,38,0,0,1127.4,0
2026-10-01 2:04:10,20.5,75,0.6,3758,0,OK,6,0,0,1127.4,0
2026-10-01 2:04:26,20.5,75,0.6,3758,0,OK,317,0,0,1127.4,0
2026-10-01 2:04:42,20.6,75,0.8,3758,0,OK,17,0,0,1127.4,0
2026-10-01 2:04:58,20.5,75,1,3758,0,OK,7,0,0,1127.4,0
2026-10-01 2:05:14,20.5,75,1.8,3758,0,OK,40,0,0,1127.4,0
2026-10-01 2:05:30,20.5,75,0.8,3758,0,OK,302,0,0,1127.4,0
2026-10-01 2:05:46,20.5,75,0.1,3758,0,OK,35,0,0,1127.4,0
2026-10-01 2:06:02,20.5,75,0.4,3758,0,OK,41,0,0,1127.4,0
2026-10-01 2:06:18,20.5,75,0.7,3758,0,OK,307,0,0,1127.4,0
2026-10-01 2:06:34,20.5,75,1.1,3758,0,OK,291,0,0,1127.4,0
2026-10-01 2:06:50,20.5,75,2.2,3758,0,OK,355,0,0,1127.4,0
2026-10-01 2:07:06,20.5,75,1.3,3758,0,OK,287,0,0,1127.4,0
2026-10-01 2:07:22,20.5,75,1.4,3758,0,OK,347,0,0,1127.4,0
2026-10-01 2:07:38,20.5,74,2.8,3758,0,OK,123,0,0,1127.4,0
2026-10-01 2:07:54,20.5,74,1.4,3758,0,OK,343,0,0,1127.4,0
2026-10-01 2:08:10,20.5,74,1.4,3758,0,OK,2,0,0,1127.4,0
2026-10-01 2:08:26,20.5,74,1.4,3758,0,OK,292,0,0,1127.4,0
2026-10-01 2:08:42,20.5,74,0.7,3758,0,OK,316,0,0,1127.4,0
2026-10-01 2:08:58,20.5,74,0.1,3758,0,OK,344,0,0,1127.4,0
2026-10-01 2:09:14,20.5,74,0.1,3758,0,OK,7,0,0,1127.4,0
2026-10-01 2:09:30,20.5,74,0.1,3758,0,OK,259,0,0,1127.4,0
2026-10-01 2:09:46,20.5,74,1.3,3758,0,OK,340,0,0,1127.4,0
2026-10-01 2:10:02,20.5,74,2,3758,0,OK,250,0,0,1127.4,0
2026-10-01 2:10:18,20.5,74,0.4,3758,0,OK,42,0,0,1127.4,0
2026-10-01 2:10:34,20.5,74,1.4,3758,0,OK,279,0,0,1127.4,0
2026-10-01 2:10:50,20.5,73,1.7,3758,0,OK,318,0,0,1127.4,0
2026-10-01 2:11:06,20.5,73,1.1,3758,0,OK,288,0,0,1127.4,0
2026-10-01 2:11:22,20.4,73,1,3758,0,OK,330,0,0,1127.4,0
2026-10-01 2:11:38,20.4,73,0.4,3758,0,OK,9,0,0,1127.4,0
2026-10-01 2:11:54,20.4,73,1.1,3758,0,OK,322,0,0,1127.4,0
2026-10-01 2:12:10,20.4,73,0.6,3758,0,OK,314,0,0,1127.4,0
2026-10-01 2:12:26,20.4,73,0.6,3758,0,OK,316,0,0,1127.4,0
2026-10-01 2:12:42,20.4,73,1.3,3758,0,OK,317,0,0,1127.4,0
2026-10-01 2:12:58,20.4,72,1.7,3758,0,OK,6,0,0,1127.4,0
2026-10-01 2:13:14,20.4,72,2.1,3758,0,OK,35,0,0,1127.4,0
2026-10-01 2:13:30,20.4,72,2.2,3758,0,OK,316,0,0,1127.4,0
2026-10-01 2:13:46,20.4,72,0.7,3758,0,OK,37,0,0,1127.4,0
2026-10-01 2:14:02,20.4,72,2.1,3758,0,OK,354,0,0,1127.4,0
2026-10-01 2:14:18,20.4,72,1.4,3758,0,OK,317,0,0,1127.4,0
2026-10-01 2:14:34,20.4,72,0.3,3758,0,OK,50,0,0,1127.4,0
2026-10-01 2:14:50,20.4,72,0,3758,0,OK,300,0,0,1127.4,0
2026-10-01 2:15:06,20.4,72,0.3,3758,0,OK,326,0,0,1127.4,0
2026-10-01 2:15:22,20.4,72,0.7,3758,0,OK,302,0,0,1127.4,0
2026-10-01 2:15:38,20.4,73,0.6,3758,0,OK,259,0,0,1127.4,0
2026-10-01 2:15:54,20.4,73,1.4,3758,0,OK,297,0,0,1127.4,0
2026-10-01 2:16:10,20.4,73,1,3758,0,OK,293,0,0,1127.4,0
2026-10-01 2:16:26,20.3,73,0.6,3758,0,OK,335,0,0,1127.4,0
2026-10-01 2:16:42,20.3,73,1.1,3758,0,OK,25,0,0,1127.4,0
2026-10-01 2:16:58,20.3,73,0.6,3758,0,OK,296,0,0,1127.4,0
2026-10-01 2:17:14,20.3,73,0.1,3758,0,OK,326,0,0,1127.4,0
2026-10-01 2:17:30,20.3,73,0.4,3758,0,OK,358,0,0,1127.4,0
2026-10-01 2:17:46,20.3,73,0.7,3758,0,OK,28,0,0,1127.4,0
2026-10-01 2:18:02,20.3,73,1.3,3758,0,OK,74,0,0,1127.4,0
2026-10-01 2:18:18,20.3,72,1.4,3758,0,OK,253,0,0,1127.4,0
2026-10-01 2:18:34,20.3,72,1.1,3758,0,OK,321,0,0,1127.4,0
2026-10-01 2:18:50,20.3,72,2.9,3758,0,OK,247,0,0,1127.4,0
2026-10-01 2:19:06,20.3,72,1,3758,0,OK,344,0,0,1127.4,0
2026-10-01 2:19:22,20.3,71,0.1,3758,0,OK,336,0,0,1127.4,0
2026-10-01 2:19:38,20.3,71,1.1,3758,0,OK,331,0,0,1127.4,0
2026-10-01 2:19:54,20.2,70,2.4,3758,0,OK,290,0,0,1127.4,0
2026-10-01 2:20:10,20.3,70,0.3,3758,0,OK,356,0,0,1127.4,0
2026-10-01 2:20:26,20.3,69,2.8,3758,0,OK,285,0,0,1127.4,0
2026-10-01 2:20:42,20.3,69,1.5,3758,0,OK,309,0,0,1127.4,0
2026-10-01 2:20:58,20.3,69,1,3758,0,OK,301,0,0,1127.4,0
2026-10-01 2:21:14,20.3,69,0.1,3758,0,OK,220,0,0,1127.4,0
2026-10-01 2:21:30,20.3,69,0,3758,0,OK,355,0,0,1127.4,0
2026-10-01 2:21:46,20.3,69,0.3,3758,0,OK,313,0,0,1127.4,0
2026-10-01 2:22:02,20.3,69,0,3758,0,OK,8,0,0,1127.4,0
2026-10-01 2:22:18,20.3,69,1.4,3758,0,OK,20,0,0,1127.4,0
2026-10-01 2:22:34,20.3,68,1.7,3758,0,OK,324,0,0,1127.4,0
2026-10-01 2:22:50,20.4,68,1.3,3758,0,OK,87,0,0,1127.4,0
2026-10-01 2:23:06,20.4,68,0.1,3758,0,OK,280,0,0,1127.4,0
2026-10-01 2:23:22,20.3,68,0.3,3758,0,OK,258,0,0,1127.4,0
2026-10-01 2:23:38,20.4,68,0.1,3758,0,OK,11,0,0,1127.4,0
2026-10-01 2:23:54,20.4,68,0.3,3758,0,OK,318,0,0,1127.4,0
2026-10-01 2:24:10,20.4,68,1.4,3758,0,OK,313,0,0,1127.4,0
2026-10-01 2:24:26,20.4,68,2.9,3758,0,OK,352,0,0,1127.4,0
2026-10-01 2:24:42,20.4,68,1.8,3758,0,OK,299,0,0,1127.4,0
2026-10-01 2:24:58,20.3,68,1.1,3758,0,OK,291,0,0,1127.4,0
2026-10-01 2:25:14,20.3,68,1.8,3758,0,OK,359,0,0,1127.4,0
2026-10-01 2:25:30,20.3,68,0.7,3758,0,OK,47,0,0,1127.4,0
2026-10-01 2:25:46,20.3,68,1,3758,0,OK,300,0,0,1127.4,0
2026-10-01 2:26:02,20.3,68,1.3,3758,0,OK,34,0,0,1127.4,0
2026-10-01 2:26:18,20.3,67,1.4,3758,0,OK,257,0,0,1127.4,0
2026-10-01 2:26:34,20.3,67,3.2,3758,0,OK,333,0,0,1127.4,0
2026-10-01 2:26:50,20.3,67,2.5,3758,0,OK,10,0,0,1127.4,0
2026-10-01 2:27:06,20.3,67,2.2,3758,0,OK,298,0,0,1127.4,0
2026-10-01 2:27:22,20.2,67,3.2,3758,0,OK,289,0,0,1127.4,0
2026-10-01 2:27:38,20.3,67,2.2,3758,0,OK,9,0,0,1127.4,0
2026-10-01 2:27:54,20.3,67,1.3,3758,0,OK,353,0,0,1127.4,0
2026-10-01 2:28:10,20.3,67,2.1,3758,0,OK,257,0,0,1127.4,0
2026-10-01 2:28:26,20.3,67,1.3,3758,0,OK,302,0,0,1127.4,0
2026-10-01 2:28:42,20.3,66,2.1,3758,0,OK,1,0,0,1127.4,0
2026-10-01 2:28:58,20.3,66,2.7,3758,0,OK,275,0,0,1127.4,0
2026-10-01 2:29:14,20.3,66,1.3,3758,0,OK,292,0,0,1127.4,0
2026-10-01 2:29:30,20.3,66,1.8,3758,0,OK,55,0,0,1127.4,0
2026-10-01 2:29:46,20.2,66,1.1,3758,0,OK,286,0,0,1127.4,0
2026-10-01 2:30:02,20.2,66,1.8,3758,0,OK,313,0,0,1127.4,0
2026-10-01 2:30:18,20.2,66,0.6,3758,0,OK,274,0,0,1127.4,0
2026-10-01 2:30:34,20.2,66,0.4,3758,0,OK,274,0,0,1127.4,0
2026-10-01 2:30:50,20.2,66,0.4,3758,0,OK,284,0,0,1127.4,0
2026-10-01 2:31:06,20.3,66,1,3758,0,OK,306,0,0,1127.4,0
2026-10-01 2:31:22,20.2,66,2.1,3758,0,OK,294,0,0,1127.4,0
2026-10-01 2:31:38,20.2,66,1.5,3758,0,OK,324,0,0,1127.4,0
2026-10-01 2:31:54,20.2,66,0.7,3758,0,OK,281,0,0,1127.4,0
2026-10-01 2:32:10,20.2,66,0.6,3758,0,OK,344,0,0,1127.4,0
2026-10-01 2:32:26,20.2,66,0.7,3758,0,OK,324,0,0,1127.4,0
2026-10-01 2:32:42,20.2,66,2.8,3758,0,OK,308,0,0,1127.4,0
2026-10-01 2:32:58,20.2,66,2,3758,0,OK,310,0,0,1127.4,0
2026-10-01 2:33:14,20.2,66,2.1,3758,0,OK,353,0,0,1127.4,0
2026-10-01 2:33:30,20.3,65,1.3,3758,0,OK,333,0,0,1127.4,0
2026-10-01 2:33:46,20.2,65,0.6,3758,0,OK,14,0,0,1127.4,0
2026-10-01 2:34:02,20.3,65,0.8,3758,0,OK,352,0,0,1127.4,0
2026-10-01 2:34:18,20.3,65,1.4,3758,0,OK,315,0,0,1127.4,0
2026-10-01 2:34:34,20.2,65,2.2,3758,0,OK,312,0,0,1127.4,0
2026-10-01 2:34:50,20.2,64,2.7,3758,0,OK,333,0,0,1127.4,0
2026-10-01 2:35:06,20.2,64,3.4,3758,0,OK,14,0,0,1127.4,0
2026-10-01 2:35:22,20.3,63,3.8,3758,0,OK,317,0,0,1127.4,0
2026-10-01 2:35:38,20.3,63,2,3758,0,OK,340,0,0,1127.4,0
2026-10-01 2:35:54,20.3,63,1.1,3758,0,OK,67,0,0,1127.4,0
2026-10-01 2:36:10,20.3,63,1.7,3758,0,OK,345,0,0,1127.4,0
2026-10-01 2:36:26,20.3,63,2,3758,0,OK,21,0,0,1127.4,0
2026-10-01 2:36:42,20.3,63,1.4,3758,0,OK,249,0,0,1127.4,0
2026-10-01 2:36:58,20.3,62,1.7,3758,0,OK,289,0,0,1127.4,0
2026-10-01 2:37:14,20.2,62,2.2,3758,0,OK,345,0,0,1127.4,0
2026-10-01 2:37:30,20.3,63,2.7,3758,0,OK,322,0,0,1127.4,0
2026-10-01 2:37:46,20.3,63,1.7,3758,0,OK,292,0,0,1127.4,0
2026-10-01 2:38:02,20.3,63,2.1,3758,0,OK,281,0,0,1127.4,0
2026-10-01 2:38:18,20.3,63,1.4,3758,0,OK,283,0,0,1127.4,0
2026-10-01 2:38:34,20.3,63,0.7,3758,0,OK,334,0,0,1127.4,0
2026-10-01 2:38:50,20.3,63,2,3758,0,OK,306,0,0,1127.4,0
2026-10-01 2:39:06,20.2,63,4.5,3758,0,OK,22,0,0,1127.4,0
2026-10-01 2:39:22,20.2,63,1.8,3758,0,OK,300,0,0,1127.4,0
2026-10-01 2:39:38,20.2,63,1.3,3758,0,OK,324,0,0,1127.4,0
2026-10-01 2:39:54,20.2,63,1.8,3758,0,OK,12,0,0,1127.4,0
2026-10-01 2:40:10,20.2,62,2.1,3758,0,OK,303,0,0,1127.4,0
2026-10-01 2:40:26,20.2,62,1.3,3758,0,OK,328,0,0,1127.4,0
2026-10-01 2:40:42,20.2,62,1.3,3758,0,OK,321,0,0,1127.4,0
2026-10-01 2:40:58,20.2,62,0.7,3758,0,OK,319,0,0,1127.4,0
2026-10-01 2:41:14,20.2,62,0.4,3758,0,OK,31,0,0,1127.4,0
2026-10-01 2:41:30,20.2,62,1,3758,0,OK,83,0,0,1127.4,0
2026-10-01 2:41:46,20.2,62,0.4,3758,0,OK,283,0,0,1127.4,0
2026-10-01 2:42:02,20.2,62,0.1,3758,0,OK,45,0,0,1127.4,0
2026-10-01 2:42:18,20.2,62,0.7,3758,0,OK,297,0,0,1127.4,0
2026-10-01 2:42:34,20.2,62,1,3758,0,OK,332,0,0,1127.4,0
2026-10-01 2:42:50,20.2,62,0,3758,0,OK,300,0,0,1127.4,0
2026-10-01 2:43:06,20.2,62,1.4,3758,0,OK,329,0,0,1127.4,0
2026-10-01 2:43:22,20.2,62,1.1,3758,0,OK,251,0,0,1127.4,0
2026-10-01 2:43:38,20.2,62,0.3,3758,0,OK,282,0,0,1127.4,0
2026-10-01 2:43:54,20.2,62,0,3758,0,OK,279,0,0,1127.4,0
2026-10-01 2:44:10,20.2,62,0.3,3758,0,OK,316,0,0,1127.4,0
2026-10-01 2:44:26,20.2,62,0.6,3758,0,OK,347,0,0,1127.4,0
2026-10-01 2:44:42,20.2,62,0.4,3758,0,OK,280,0,0,1127.4,0
2026-10-01 2:44:58,20.2,62,0.4,3758,0,OK,301,0,0,1127.4,0
2026-10-01 2:45:14,20.2,61,0.1,3758,0,OK,47,0,0,1127.4,0
2026-10-01 2:45:30,20.1,62,0,3758,0,OK,310,0,0,1127.4,0
2026-10-01 2:45:46,20.2,62,0.4,3758,0,OK,263,0,0,1127.4,0
2026-10-01 2:46:02,20.1,62,1.5,3758,0,OK,281,0,0,1127.4,0
2026-10-01 2:46:18,20.2,61,1.4,3758,0,OK,328,0,0,1127.4,0
2026-10-01 2:46:34,20.1,62,2.2,3758,0,OK,330,0,0,1127.4,0
2026-10-01 2:46:50,20.1,61,1.1,3758,0,OK,311,0,0,1127.4,0
2026-10-01 2:47:06,20.1,61,0.6,3758,0,OK,284,0,0,1127.4,0
2026-10-01 2:47:22,20.1,62,1.1,3758,0,OK,313,0,0,1127.4,0
2026-10-01 2:47:38,20.1,61,1.1,3758,0,OK,287,0,0,1127.4,0
2026-10-01 2:47:54,20.1,61,1.8,3758,0,OK,271,0,0,1127.4,0
2026-10-01 2:48:10,20.1,61,1.8,3758,0,OK,275,0,0,1127.4,0
2026-10-01 2:48:26,20.1,61,1.1,3758,0,OK,308,0,0,1127.4,0
2026-10-01 2:48:42,20.1,61,1.4,3758,0,OK,333,0,0,1127.4,0
2026-10-01 2:48:58,20,61,0.4,3758,0,OK,311,0,0,1127.4,0
2026-10-01 2:49:14,20,61,2.5,3758,0,OK,282,0,0,1127.4,0
2026-10-01 2:49:30,20.1,62,2.1,3758,0,OK,287,0,0,1127.4,0
2026-10-01 2:49:46,20,62,2.4,3758,0,OK,298,0,0,1127.4,0
2026-10-01 2:50:02,20,62,1.8,3758,0,OK,294,0,0,1127.4,0
2026-10-01 2:50:18,20,62,1.1,3758,0,OK,289,0,0,1127.4,0
2026-10-01 2:50:34,20.1,62,1.5,3758,0,OK,231,0,0,1127.4,0
2026-10-01 2:50:50,20.1,62,0.8,3758,0,OK,311,0,0,1127.4,0
2026-10-01 2:51:06,20.1,62,0,3758,0,OK,274,0,0,1127.4,0
2026-10-01 2:51:22,20,62,0,3758,0,OK,29,0,0,1127.4,0
2026-10-01 2:51:38,20,62,0,3758,0,OK,357,0,0,1127.4,0
2026-10-01 2:51:54,20.1,62,0.3,3758,0,OK,351,0,0,1127.4,0
2026-10-01 2:52:10,20,62,1.8,3758,0,OK,47,0,0,1127.4,0
2026-10-01 2:52:26,20.1,61,1.4,3758,0,OK,266,0,0,1127.4,0
2026-10-01 2:52:42,20,61,1.3,3758,0,OK,298,0,0,1127.4,0
2026-10-01 2:52:58,20,61,2.1,3758,0,OK,321,0,0,1127.4,0
2026-10-01 2:53:14,20,61,2.9,3758,0,OK,319,0,0,1127.4,0
2026-10-01 2:53:30,20,61,1.5,3758,0,OK,356,0,0,1127.4,0
2026-10-01 2:53:46,20,61,2.1,3758,0,OK,290,0,0,1127.4,0
2026-10-01 2:54:02,20,61,3.1,3758,0,OK,349,0,0,1127.4,0
2026-10-01 2:54:18,20,60,2.2,3758,0,OK,346,0,0,1127.4,0
2026-10-01 2:54:34,20,60,2.4,3758,0,OK,327,0,0,1127.4,0
2026-10-01 2:54:50,20.1,60,1.8,3758,0,OK,32,0,0,1127.4,0
2026-10-01 2:55:06,20,60,0.4,3758,0,OK,288,0,0,1127.4,0
2026-10-01 2:55:22,20,60,0.3,3758,0,OK,307,0,0,1127.4,0
2026-10-01 2:55:38,20.1,60,2.9,3758,0,OK,327,0,0,1127.4,0
2026-10-01 2:55:54,20.1,60,1.7,3758,0,OK,11,0,0,1127.4,0
2026-10-01 2:56:10,20.1,61,1.3,3758,0,OK,248,0,0,1127.4,0
2026-10-01 2:56:26,20.1,61,2.7,3758,0,OK,273,0,0,1127.4,0
2026-10-01 2:56:42,20.1,61,0.8,3758,0,OK,311,0,0,1127.4,0
2026-10-01 2:56:58,20.1,61,1,3758,0,OK,14,0,0,1127.4,0
2026-10-01 2:57:14,20.1,61,0.3,3758,0,OK,14,0,0,1127.4,0
2026-10-01 2:57:30,20,61,2,3758,0,OK,292,0,0,1127.4,0
2026-10-01 2:57:46,20.1,60,1.5,3758,0,OK,43,0,0,1127.4,0
2026-10-01 2:58:02,20.1,60,1,3758,0,OK,265,0,0,1127.4,0
2026-10-01 2:58:18,20,60,0.8,3758,0,OK,266,0,0,1127.4,0
2026-10-01 2:58:34,20,60,0,3758,0,OK,126,0,0,1127.4,0
2026-10-01 2:58:50,20,59,1.8,3758,0,OK,293,0,0,1127.4,0
2026-10-01 2:59:06,20,59,2.7,3758,0,OK,321,0,0,1127.4,0
2026-10-01 2:59:22,20,59,0.8,3758,0,OK,319,0,0,1127.4,0
2026-10-01 2:59:38,20,59,1.3,3758,0,OK,292,0,0,1127.4,0
2026-10-01 2:59:54,20,59,2.9,3758,0,OK,355,0,0,1127.4,0
2026-10-01 3:00:10,20,58,1.5,3758,0,OK,4,0,0,1127.4,0
2026-10-01 3:00:26,20,58,1.4,3758,0,OK,306,0,0,1127.4,0
2026-10-01 3:00:42,20,58,2.2,3758,0,OK,85,0,0,1127.4,0
2026-10-01 3:00:58,20.1,58,1.3,3758,0,OK,279,0,0,1127.4,0
2026-10-01 3:01:14,20,58,1.3,3758,0,OK,335,0,0,1127.4,0
2026-10-01 3:01:30,20.1,58,1.4,3758,0,OK,267,0,0,1127.4,0
2026-10-01 3:01:46,20.1,58,2.8,3758,0,OK,268,0,0,1127.4,0
2026-10-01 3:02:02,20,57,1.4,3758,0,OK,324,0,0,1127.4,0
2026-10-01 3:02:18,20.1,57,2,3758,0,OK,300,0,0,1127.4,0
2026-10-01 3:02:34,20.1,57,0.8,3758,0,OK,20,0,0,1127.4,0
2026-10-01 3:02:50,20.1,57,2.5,3758,0,OK,305,0,0,1127.4,0
2026-10-01 3:03:06,20.1,57,2.4,3758,0,OK,304,0,0,1127.4,0
2026-10-01 3:03:22,20.1,57,0.4,3758,0,OK,311,0,0,1127.4,0
2026-10-01 3:03:38,20.1,57,3.6,3758,0,OK,302,0,0,1127.4,0
2026-10-01 3:03:54,20.1,57,2,3758,0,OK,332,0,0,1127.4,0
2026-10-01 3:04:10,20.1,57,1.4,3758,0,OK,307,0,0,1127.4,0
2026-10-01 3:04:26,20.1,57,2.1,3758,0,OK,8,0,0,1127.4,0
2026-10-01 3:04:42,20.1,57,0.6,3758,0,OK,261,0,0,1127.4,0
2026-10-01 3:04:58,20.1,57,2.7,3758,0,OK,348,0,0,1127.4,0
2026-10-01 3:05:14,20.1,57,1.3,3758,0,OK,323,0,0,1127.4,0
2026-10-01 3:05:30,20.1,57,2,3758,0,OK,19,0,0,1127.4,0
2026-10-01 3:05:46,20.1,57,2.4,3758,0,OK,330,0,0,1127.4,0
2026-10-01 3:06:02,20.1,57,2,3758,0,OK,296,0,0,1127.4,0
2026-10-01 3:06:18,20.1,57,2.8,3758,0,OK,331,0,0,1127.4,0
2026-10-01 3:06:34,20.1,57,1.7,3758,0,OK,317,0,0,1127.4,0
2026-10-01 3:06:50,20.1,58,0.6,3758,0,OK,299,0,0,1127.4,0
2026-10-01 3:07:06,20.1,58,0.1,3758,0,OK,39,0,0,1127.4,0
2026-10-01 3:07:22,20.1,58,3.1,3758,0,OK,14,0,0,1127.4,0
2026-10-01 3:07:38,20.1,58,1.3,3758,0,OK,275,0,0,1127.4,0
2026-10-01 3:07:54,20.1,58,2.2,3758,0,OK,3,0,0,1127.4,0
2026-10-01 3:08:10,20.1,58,1.7,3758,0,OK,359,0,0,1127.4,0
2026-10-01 3:08:26,20.1,57,2.9,3758,0,OK,308,0,0,1127.4,0
2026-10-01 3:08:42,20.1,57,2.8,3758,0,OK,340,0,0,1127.4,0
2026-10-01 3:08:58,20.1,57,1.7,3758,0,OK,300,0,0,1127.4,0
2026-10-01 3:09:14,20,57,2.9,3758,0,OK,298,0,0,1127.4,0
2026-10-01 3:09:30,20.1,57,1.5,3758,0,OK,318,0,0,1127.4,0
2026-10-01 3:09:46,20.1,57,0.8,3758,0,OK,292,0,0,1127.4,0
2026-10-01 3:10:02,20.1,57,1.3,3758,0,OK,284,0,0,1127.4,0
2026-10-01 3:10:18,20,57,2.5,3758,0,OK,313,0,0,1127.4,0
2026-10-01 3:10:34,20.1,57,1.5,3758,0,OK,51,0,0,1127.4,0
2026-10-01 3:10:50,20.1,57,1.4,3758,0,OK,347,0,0,1127.4,0
2026-10-01 3:11:06,20,57,2.1,3758,0,OK,305,0,0,1127.4,0
2026-10-01 3:11:22,20.1,57,3.5,3758,0,OK,335,0,0,1127.4,0
2026-10-01 3:11:38,20.1,57,1.4,3758,0,OK,295,0,0,1127.4,0
2026-10-01 3:11:54,20.1,57,0.6,3758,0,OK,318,0,0,1127.4,0
2026-10-01 3:12:10,20.1,58,0.8,3758,0,OK,3,0,0,1127.4,0
2026-10-01 3:12:26,20.1,57,1.7,3758,0,OK,285,0,0,1127.4,0
2026-10-01 3:12:42,20,57,2.9,3758,0,OK,3,0,0,1127.4,0
2026-10-01 3:12:58,20,57,2.1,3758,0,OK,343,0,0,1127.4,0
2026-10-01 3:13:14,20.1,57,0.8,3758,0,OK,323,0,0,1127.4,0
2026-10-01 3:13:30,20.1,57,0.1,3758,0,OK,15,0,0,1127.4,0
2026-10-01 3:13:46,20.1,58,1.5,3758,0,OK,294,0,0,1127.4,0
2026-10-01 3:14:02,20.1,59,3.2,3758,0,OK,343,0,0,1127.4,0
2026-10-01 3:14:18,20.1,59,2.2,3758,0,OK,20,0,0,1127.4,0
2026-10-01 3:14:34,20.1,59,2.7,3758,0,OK,285,0,0,1127.4,0
2026-10-01 3:14:50,20,60,2,3758,0,OK,308,0,0,1127.4,0
2026-10-01 3:15:06,20,60,0.3,3758,0,OK,298,0,0,1127.4,0
2026-10-01 3:15:22,20,60,0,3758,0,OK,28,0,0,1127.4,0
2026-10-01 3:15:38,20,60,0,3758,0,OK,325,0,0,1127.4,0
2026-10-01 3:15:54,20,60,0.6,3758,0,OK,308,0,0,1127.4,0
2026-10-01 3:16:10,20,60,0,3758,0,OK,344,0,0,1127.4,0
2026-10-01 3:16:26,20,60,0.6,3758,0,OK,321,0,0,1127.4,0
2026-10-01 3:16:42,20,60,1.5,3758,0,OK,345,0,0,1127.4,0
2026-10-01 3:16:58,20,61,2,3758,0,OK,315,0,0,1127.4,0
2026-10-01 3:17:14,20,61,1.1,3758,0,OK,348,0,0,1127.4,0
2026-10-01 3:17:30,20,61,1.1,3758,0,OK,347,0,0,1127.4,0
2026-10-01 3:17:46,20,61,3.1,3758,0,OK,319,0,0,1127.4,0
2026-10-01 3:18:02,20,61,3.4,3758,0,OK,286,0,0,1127.4,0
2026-10-01 3:18:18,20,61,2.4,3758,0,OK,6,0,0,1127.4,0
2026-10-01 3:18:34,20,61,2,3758,0,OK,277,0,0,1127.4,0
2026-10-01 3:18:50,20,61,1.5,3758,0,OK,313,0,0,1127.4,0
2026-10-01 3:19:06,20,61,1.5,3758,0,OK,284,0,0,1127.4,0
2026-10-01 3:19:22,19.9,61,2,3758,0,OK,331,0,0,1127.4,0
2026-10-01 3:19:38,19.9,60,0.6,3758,0,OK,326,0,0,1127.4,0
2026-10-01 3:19:54,19.9,61,1.3,3758,0,OK,339,0,0,1127.4,0
2026-10-01 3:20:10,19.9,60,1.3,3758,0,OK,317,0,0,1127.4,0
2026-10-01 3:20:26,19.9,60,0.7,3758,0,OK,39,0,0,1127.4,0
2026-10-01 3:20:42,19.9,60,0.3,3758,0,OK,282,0,0,1127.4,0
2026-10-01 3:20:58,20,60,0.8,3758,0,OK,308,0,0,1127.4,0
2026-10-01 3:21:14,19.9,60,2.2,3758,0,OK,323,0,0,1127.4,0
2026-10-01 3:21:30,19.9,59,2.4,3758,0,OK,314,0,0,1127.4,0
2026-10-01 3:21:46,20,59,1.3,3758,0,OK,300,0,0,1127.4,0
2026-10-01 3:22:02,20,59,1,3758,0,OK,18,0,0,1127.4,0
2026-10-01 3:22:18,20,59,1,3758,0,OK,337,0,0,1127.4,0
2026-10-01 3:22:34,20,59,0.1,3758,0,OK,329,0,0,1127.4,0
2026-10-01 3:22:50,20,59,2.8,3758,0,OK,323,0,0,1127.4,0
2026-10-01 3:23:06,20,59,2.2,3758,0,OK,325,0,0,1127.4,0
2026-10-01 3:23:22,20,59,0.4,3758,0,OK,229,0,0,1127.4,0
2026-10-01 3:23:38,20,59,0.3,3758,0,OK,16,0,0,1127.4,0
2026-10-01 3:23:54,20,59,0.7,3758,0,OK,337,0,0,1127.4,0
2026-10-01 3:24:10,20,59,1.3,3758,0,OK,326,0,0,1127.4,0
2026-10-01 3:24:26,20,59,2.7,3758,0,OK,314,0,0,1127.4,0
2026-10-01 3:24:42,20,59,0.6,3758,0,OK,317,0,0,1127.4,0
2026-10-01 3:24:58,20,59,0,3758,0,OK,315,0,0,1127.4,0
2026-10-01 3:25:14,20,59,0,3758,0,OK,12,0,0,1127.4,0
2026-10-01 3:25:30,20,59,0.6,3758,0,OK,310,0,0,1127.4,0
2026-10-01 3:25:46,19.9,59,2,3758,0,OK,300,0,0,1127.4,0
2026-10-01 3:26:02,20,59,1.1,3758,0,OK,346,0,0,1127.4,0
2026-10-01 3:26:18,20,59,1.3,3758,0,OK,270,0,0,1127.4,0
2026-10-01 3:26:34,20,59,1.5,3758,0,OK,328,0,0,1127.4,0
2026-10-01 3:26:50,19.9,59,1.3,3758,0,OK,306,0,0,1127.4,0
2026-10-01 3:27:06,20,59,0.3,3758,0,OK,314,0,0,1127.4,0
2026-10-01 3:27:22,20,59,0.3,3758,0,OK,7,0,0,1127.4,0
2026-10-01 3:27:38,20,59,0,3758,0,OK,18,0,0,1127.4,0
2026-10-01 3:27:54,20,59,0.1,3758,0,OK,250,0,0,1127.4,0
2026-10-01 3:28:10,19.9,59,0,3758,0,OK,112,0,0,1127.4,0
2026-10-01 3:28:26,19.9,59,0.7,3758,0,OK,258,0,0,1127.4,0
2026-10-01 3:28:42,19.9,59,1,3758,0,OK,313,0,0,1127.4,0
2026-10-01 3:28:58,19.9,59,1.5,3758,0,OK,24,0,0,1127.4,0
2026-10-01 3:29:14,19.9,59,0.8,3758,0,OK,265,0,0,1127.4,0
2026-10-01 3:29:30,19.9,59,0,3758,0,OK,2,0,0,1127.4,0
2026-10-01 3:29:46,19.9,59,0.8,3758,0,OK,306,0,0,1127.4,0
2026-10-01 3:30:02,20,59,1.7,3758,0,OK,288,0,0,1127.4,0
2026-10-01 3:30:18,19.9,59,0.6,3758,0,OK,260,0,0,1127.4,0
2026-10-01 3:30:34,20,60,0,3758,0,OK,308,0,0,1127.4,0
2026-10-01 3:30:50,19.9,60,0,3758,0,OK,313,0,0,1127.4,0
2026-10-01 3:31:06,19.9,60,0,3758,0,OK,308,0,0,1127.4,0
2026-10-01 3:31:22,19.9,60,0.6,3758,0,OK,328,0,0,1127.4,0
2026-10-01 3:31:38,19.9,60,0.1,3758,0,OK,348,0,0,1127.4,0
2026-10-01 3:31:54,19.9,60,2,3758,0,OK,276,0,0,1127.4,0
2026-10-01 3:32:10,19.9,60,1,3758,0,OK,347,0,0,1127.4,0
2026-10-01 3:32:26,19.9,60,1.1,3758,0,OK,325,0,0,1127.4,0
2026-10-01 3:32:42,19.9,60,0.4,3758,0,OK,293,0,0,1127.4,0
2026-10-01 3:32:58,19.9,60,0.1,3758,0,OK,279,0,0,1127.4,0
2026-10-01 3:33:14,19.9,60,1,3758,0,OK,338,0,0,1127.4,0
2026-10-01 3:33:30,19.9,60,0.6,3758,0,OK,306,0,0,1127.4,0
2026-10-01 3:33:46,19.9,60,0.7,3758,0,OK,339,0,0,1127.4,0
2026-10-01 3:34:02,20,60,2.1,3758,0,OK,304,0,0,1127.4,0
2026-10-01 3:34:18,19.9,60,1.5,3758,0,OK,278,0,0,1127.4,0
2026-10-01 3:34:34,19.9,60,1.8,3758,0,OK,84,0,0,1127.4,0
2026-10-01 3:34:50,19.9,60,1.7,3758,0,OK,296,0,0,1127.4,0
2026-10-01 3:35:06,19.9,60,1.3,3758,0,OK,359,0,0,1127.4,0
2026-10-01 3:35:22,19.9,60,1.3,3758,0,OK,95,0,0,1127.4,0
2026-10-01 3:35:38,19.9,60,1.4,3758,0,OK,304,0,0,1127.4,0
2026-10-01 3:35:54,19.9,60,2.1,3758,0,OK,336,0,0,1127.4,0
2026-10-01 3:36:10,19.9,60,3.2,3758,0,OK,294,0,0,1127.4,0
2026-10-01 3:36:26,19.9,60,3.2,3758,0,OK,277,0,0,1127.4,0
2026-10-01 3:36:42,19.8,60,2,3758,0,OK,334,0,0,1127.4,0
2026-10-01 3:36:58,19.9,60,1.8,3758,0,OK,337,0,0,1127.4,0
2026-10-01 3:37:14,19.8,60,1.5,3758,0,OK,26,0,0,1127.4,0
2026-10-01 3:37:30,19.8,60,2.2,3758,0,OK,332,0,0,1127.4,0
2026-10-01 3:37:46,19.9,60,1.5,3758,0,OK,293,0,0,1127.4,0
2026-10-01 3:38:02,19.8,60,0.8,3758,0,OK,341,0,0,1127.4,0
2026-10-01 3:38:18,19.8,60,0,3758,0,OK,305,0,0,1127.4,0
2026-10-01 3:38:34,19.8,60,0,3758,0,OK,296,0,0,1127.4,0
2026-10-01 3:38:50,19.8,60,1.4,3758,0,OK,10,0,0,1127.4,0
2026-10-01 3:39:06,19.8,61,0.8,3758,0,OK,313,0,0,1127.4,0
2026-10-01 3:39:22,19.8,61,0.7,3758,0,OK,314,0,0,1127.4,0
2026-10-01 3:39:38,19.8,61,0,3758,0,OK,292,0,0,1127.4,0
2026-10-01 3:39:54,19.8,61,0.1,3758,0,OK,50,0,0,1127.4,0
2026-10-01 3:40:10,19.8,61,0.4,3758,0,OK,85,0,0,1127.4,0
2026-10-01 3:40:26,19.8,61,1.3,3758,0,OK,330,0,0,1127.4,0
2026-10-01 3:40:42,19.8,61,0.6,3758,0,OK,321,0,0,1127.4,0
2026-10-01 3:40:58,19.8,61,1.5,3758,0,OK,53,0,0,1127.4,0
2026-10-01 3:41:14,19.8,61,2.7,3758,0,OK,332,0,0,1127.4,0
2026-10-01 3:41:30,19.8,60,2.4,3758,0,OK,265,0,0,1127.4,0
2026-10-01 3:41:46,19.8,60,1.1,3758,0,OK,271,0,0,1127.4,0
2026-10-01 3:42:02,19.8,60,0.6,3758,0,OK,306,0,0,1127.4,0
2026-10-01 3:42:18,19.8,61,0.7,3758,0,OK,331,0,0,1127.4,0
2026-10-01 3:42:34,19.8,60,1.7,3758,0,OK,352,0,0,1127.4,0
2026-10-01 3:42:50,19.8,60,1.1,3758,0,OK,265,0,0,1127.4,0
2026-10-01 3:43:06,19.8,60,1.1,3758,0,OK,302,0,0,1127.4,0
2026-10-01 3:43:22,19.8,60,0.4,3758,0,OK,351,0,0,1127.4,0
2026-10-01 3:43:38,19.8,60,0.4,3758,0,OK,293,0,0,1127.4,0
2026-10-01 3:43:54,19.8,60,1,3758,0,OK,322,0,0,1127.4,0
2026-10-01 3:44:10,19.8,60,1.3,3758,0,OK,294,0,0,1127.4,0
2026-10-01 3:44:26,19.8,60,1.4,3758,0,OK,317,0,0,1127.4,0
2026-10-01 3:44:42,19.8,60,2,3758,0,OK,347,0,0,1127.4,0
2026-10-01 3:44:58,19.8,60,3.1,3758,0,OK,331,0,0,1127.4,0
2026-10-01 3:45:14,19.8,60,1.3,3758,0,OK,15,0,0,1127.4,0
2026-10-01 3:45:30,19.8,60,0.7,3758,0,OK,312,0,0,1127.4,0
2026-10-01 3:45:46,19.8,60,1.8,3758,0,OK,277,0,0,1127.4,0
2026-10-01 3:46:02,19.8,60,1.3,3758,0,OK,332,0,0,1127.4,0
2026-10-01 3:46:18,19.8,60,1.3,3758,0,OK,333,0,0,1127.4,0
2026-10-01 3:46:34,19.8,60,0.3,3758,0,OK,293,0,0,1127.4,0
2026-10-01 3:46:50,19.8,60,2.2,3758,0,OK,353,0,0,1127.4,0
2026-10-01 3:47:06,19.7,60,2.8,3758,0,OK,38,0,0,1127.4,0
2026-10-01 3:47:22,19.8,60,1,3758,0,OK,358,0,0,1127.4,0
2026-10-01 3:47:38,19.7,59,1.3,3758,0,OK,310,0,0,1127.4,0
2026-10-01 3:47:54,19.8,59,1.5,3758,0,OK,282,0,0,1127.4,0
2026-10-01 3:48:10,19.8,59,1.7,3758,0,OK,291,0,0,1127.4,0
2026-10-01 3:48:26,19.8,59,1.8,3758,0,OK,354,0,0,1127.4,0
2026-10-01 3:48:42,19.8,59,1.7,3758,0,OK,76,0,0,1127.4,0
2026-10-01 3:48:58,19.8,59,2.4,3758,0,OK,213,0,0,1127.4,0
2026-10-01 3:49:14,19.8,59,1.8,3758,0,OK,317,0,0,1127.4,0
2026-10-01 3:49:30,19.7,59,0.6,3758,0,OK,334,0,0,1127.4,0
2026-10-01 3:49:46,19.8,59,1.7,3758,0,OK,301,0,0,1127.4,0
2026-10-01 3:50:02,19.7,59,1.1,3758,0,OK,355,0,0,1127.4,0
2026-10-01 3:50:18,19.8,59,0.3,3758,0,OK,29,0,0,1127.4,0
2026-10-01 3:50:34,19.8,59,0.3,3758,0,OK,284,0,0,1127.4,0
2026-10-01 3:50:50,19.8,59,0.4,3758,0,OK,26,0,0,1127.4,0
2026-10-01 3:51:06,19.8,59,0.8,3758,0,OK,355,0,0,1127.4,0
2026-10-01 3:51:22,19.8,59,1.5,3758,0,OK,333,0,0,1127.4,0
2026-10-01 3:51:38,19.8,60,1.4,3758,0,OK,349,0,0,1127.4,0
2026-10-01 3:51:54,19.8,60,1.1,3758,0,OK,3,0,0,1127.4,0
2026-10-01 3:52:10,19.7,59,2.8,3758,0,OK,321,0,0,1127.4,0
2026-10-01 3:52:26,19.8,59,1.5,3758,0,OK,45,0,0,1127.4,0
2026-10-01 3:52:42,19.7,59,1.3,3758,0,OK,79,0,0,1127.4,0
2026-10-01 3:52:58,19.7,59,1.5,3758,0,OK,14,0,0,1127.4,0
2026-10-01 3:53:14,19.7,59,2,3758,0,OK,289,0,0,1127.4,0
2026-10-01 3:53:30,19.7,59,1.4,3758,0,OK,349,0,0,1127.4,0
2026-10-01 3:53:46,19.7,59,0.4,3758,0,OK,317,0,0,1127.4,0
2026-10-01 3:54:02,19.7,59,1,3758,0,OK,23,0,0,1127.4,0
2026-10-01 3:54:18,19.7,59,1.5,3758,0,OK,23,0,0,1127.4,0
2026-10-01 3:54:34,19.7,59,1.3,3758,0,OK,321,0,0,1127.4,0
2026-10-01 3:54:50,19.7,59,1.7,3758,0,OK,307,0,0,1127.4,0
2026-10-01 3:55:06,19.7,59,1.3,3758,0,OK,3,0,0,1127.4,0
2026-10-01 3:55:22,19.7,59,1.8,3758,0,OK,333,0,0,1127.4,0
2026-10-01 3:55:38,19.7,59,1.7,3758,0,OK,322,0,0,1127.4,0
2026-10-01 3:55:54,19.7,59,0.7,3758,0,OK,267,0,0,1127.4,0
2026-10-01 3:56:10,19.7,59,0.6,3758,0,OK,279,0,0,1127.4,0
2026-10-01 3:56:26,19.7,59,1,3758,0,OK,64,0,0,1127.4,0
2026-10-01 3:56:42,19.7,59,1.4,3758,0,OK,60,0,0,1127.4,0
2026-10-01 3:56:58,19.7,59,1.5,3758,0,OK,14,0,0,1127.4,0
2026-10-01 3:57:14,19.7,59,1,3758,0,OK,354,0,0,1127.4,0
2026-10-01 3:57:30,19.7,59,0.8,3758,0,OK,352,0,0,1127.4,0
2026-10-01 3:57:46,19.7,59,1.8,3758,0,OK,341,0,0,1127.4,0
2026-10-01 3:58:02,19.7,59,2.7,3758,0,OK,315,0,0,1127.4,0
2026-10-01 3:58:18,19.7,60,0.1,3758,0,OK,315,0,0,1127.4,0
2026-10-01 3:58:34,19.7,60,0.6,3758,0,OK,310,0,0,1127.4,0
2026-10-01 3:58:50,19.7,60,1.4,3758,0,OK,312,0,0,1127.4,0
2026-10-01 3:59:06,19.7,59,0.4,3758,0,OK,289,0,0,1127.4,0
2026-10-01 3:59:22,19.7,59,0.3,3758,0,OK,248,0,0,1127.4,0
2026-10-01 3:59:38,19.7,59,0.6,3758,0,OK,293,0,0,1127.4,0
2026-10-01 3:59:54,19.7,59,1.3,3758,0,OK,3,0,0,1127.4,0
2026-10-01 4:00:10,19.7,59,1.8,3758,0,OK,285,0,0,1127.4,0
2026-10-01 4:00:26,19.7,59,1.1,3758,0,OK,20,0,0,1127.4,0
2026-10-01 4:00:42,19.7,59,2,3758,0,OK,358,0,0,1127.4,0
2026-10-01 4:00:58,19.7,59,2.9,3758,0,OK,358,0,0,1127.4,0
2026-10-01 4:01:14,19.7,59,3.2,3758,0,OK,352,0,0,1127.4,0
2026-10-01 4:01:30,19.7,58,3.2,3758,0,OK,340,0,0,1127.4,0
2026-10-01 4:01:46,19.7,58,0.7,3758,0,OK,80,0,0,1127.4,0
2026-10-01 4:02:02,19.6,58,0.8,3758,0,OK,230,0,0,1127.4,0
2026-10-01 4:02:18,19.7,59,1.7,3758,0,OK,289,0,0,1127.4,0
2026-10-01 4:02:34,19.6,59,0.7,3758,0,OK,335,0,0,1127.4,0
2026-10-01 4:02:50,19.6,59,0.4,3758,0,OK,282,0,0,1127.4,0
2026-10-01 4:03:06,19.6,58,1.5,3758,0,OK,321,0,0,1127.4,0
2026-10-01 4:03:22,19.6,58,1,3758,0,OK,82,0,0,1127.4,0
2026-10-01 4:03:38,19.6,58,2.2,3758,0,OK,335,0,0,1127.4,0
2026-10-01 4:03:54,19.6,58,1,3758,0,OK,281,0,0,1127.4,0
2026-10-01 4:04:10,19.6,58,0.1,3758,0,OK,37,0,0,1127.4,0
2026-10-01 4:04:26,19.7,58,1,3758,0,OK,47,0,0,1127.4,0
2026-10-01 4:04:42,19.6,58,0.4,3758,0,OK,269,0,0,1127.4,0
2026-10-01 4:04:58,19.6,58,1.4,3758,0,OK,306,0,0,1127.4,0
2026-10-01 4:05:14,19.6,58,1.4,3758,0,OK,35,0,0,1127.4,0
2026-10-01 4:05:30,19.6,58,1.5,3758,0,OK,310,0,0,1127.4,0
2026-10-01 4:05:46,19.6,58,0.7,3758,0,OK,295,0,0,1127.4,0
2026-10-01 4:06:02,19.6,58,0.7,3758,0,OK,322,0,0,1127.4,0
2026-10-01 4:06:18,19.6,58,0.7,3758,0,OK,40,0,0,1127.4,0
2026-10-01 4:06:34,19.6,58,3.2,3758,0,OK,51,0,0,1127.4,0
2026-10-01 4:06:50,19.6,57,1.4,3758,0,OK,317,0,0,1127.4,0
2026-10-01 4:07:06,19.6,57,0.7,3758,0,OK,334,0,0,1127.4,0
2026-10-01 4:07:22,19.6,57,0.6,3758,0,OK,341,0,0,1127.4,0
2026-10-01 4:07:38,19.6,57,1.3,3758,0,OK,237,0,0,1127.4,0
2026-10-01 4:07:54,19.6,57,2.5,3758,0,OK,333,0,0,1127.4,0
2026-10-01 4:08:10,19.6,57,1.8,3758,0,OK,260,0,0,1127.4,0
2026-10-01 4:08:26,19.6,57,0.7,3758,0,OK,6,0,0,1127.4,0
2026-10-01 4:08:42,19.6,57,2,3758,0,OK,313,0,0,1127.4,0
2026-10-01 4:08:58,19.6,57,1.1,3758,0,OK,71,0,0,1127.4,0
2026-10-01 4:09:14,19.6,57,1.5,3758,0,OK,33,0,0,1127.4,0
2026-10-01 4:09:30,19.6,57,2.1,3758,0,OK,269,0,0,1127.4,0
2026-10-01 4:09:46,19.6,57,1.4,3758,0,OK,305,0,0,1127.4,0
2026-10-01 4:10:02,19.6,57,1.8,3758,0,OK,342,0,0,1127.4,0
2026-10-01 4:10:18,19.6,57,1.7,3758,0,OK,306,0,0,1127.4,0
2026-10-01 4:10:34,19.6,58,2.1,3758,0,OK,7,0,0,1127.4,0
2026-10-01 4:10:50,19.6,58,1.8,3758,0,OK,278,0,0,1127.4,0
2026-10-01 4:11:06,19.6,58,1.8,3758,0,OK,5,0,0,1127.4,0
2026-10-01 4:11:22,19.6,58,1.1,3758,0,OK,333,0,0,1127.4,0
2026-10-01 4:11:38,19.6,58,0.3,3758,0,OK,300,0,0,1127.4,0
2026-10-01 4:11:54,19.6,58,0.1,3758,0,OK,278,0,0,1127.4,0
2026-10-01 4:12:10,19.6,58,0.6,3758,0,OK,306,0,0,1127.4,0
2026-10-01 4:12:26,19.6,58,1.1,3758,0,OK,305,0,0,1127.4,0
2026-10-01 4:12:42,19.6,58,0.4,3758,0,OK,270,0,0,1127.4,0
2026-10-01 4:12:58,19.6,58,0.1,3758,0,OK,349,0,0,1127.4,0
2026-10-01 4:13:14,19.6,58,1.5,3758,0,OK,333,0,0,1127.4,0
2026-10-01 4:13:30,19.6,58,2.5,3758,0,OK,318,0,0,1127.4,0
2026-10-01 4:13:46,19.6,58,1.1,3758,0,OK,1,0,0,1127.4,0
2026-10-01 4:14:02,19.6,58,1.4,3758,0,OK,300,0,0,1127.4,0
2026-10-01 4:14:18,19.6,58,2,3758,0,OK,300,0,0,1127.4,0
2026-10-01 4:14:34,19.6,58,1,3758,0,OK,334,0,0,1127.4,0
2026-10-01 4:14:50,19.6,58,0.8,3758,0,OK,315,0,0,1127.4,0
2026-10-01 4:15:06,19.6,58,1,3758,0,OK,31,0,0,1127.4,0
2026-10-01 4:15:22,19.6,58,1.1,3758,0,OK,316,0,0,1127.4,0
2026-10-01 4:15:38,19.6,58,1,3758,0,OK,300,0,0,1127.4,0
2026-10-01 4:15:54,19.6,58,1,3758,0,OK,343,0,0,1127.4,0
2026-10-01 4:16:10,19.6,58,2.1,3758,0,OK,334,0,0,1127.4,0
2026-10-01 4:16:26,19.6,58,2.2,3758,0,OK,273,0,0,1127.4,0
2026-10-01 4:16:42,19.6,58,2.8,3758,0,OK,300,0,0,1127.4,0
2026-10-01 4:16:58,19.6,58,3.1,3758,0,OK,327,0,0,1127.4,0
2026-10-01 4:17:14,19.6,58,1.7,3758,0,OK,16,0,0,1127.4,0
2026-10-01 4:17:30,19.6,58,2.7,3758,0,OK,338,0,0,1127.4,0
2026-10-01 4:17:46,19.6,57,2.8,3758,0,OK,337,0,0,1127.4,0
2026-10-01 4:18:02,19.6,58,2.8,3758,0,OK,298,0,0,1127.4,0
2026-10-01 4:18:18,19.6,57,2.8,3758,0,OK,323,0,0,1127.4,0
2026-10-01 4:18:34,19.6,57,4.1,3758,0,OK,286,0,0,1127.4,0
2026-10-01 4:18:50,19.6,57,2.9,3758,0,OK,303,0,0,1127.4,0
2026-10-01 4:19:06,19.6,57,2,3758,0,OK,353,0,0,1127.4,0
2026-10-01 4:19:22,19.6,57,0.4,3758,0,OK,2,0,0,1127.4,0
2026-10-01 4:19:38,19.6,57,0.3,3758,0,OK,118,0,0,1127.4,0
2026-10-01 4:19:54,19.6,57,0.1,3758,0,OK,257,0,0,1127.4,0
2026-10-01 4:20:10,19.6,57,0.7,3758,0,OK,25,0,0,1127.4,0
2026-10-01 4:20:26,19.6,57,2.5,3758,0,OK,312,0,0,1127.4,0
2026-10-01 4:20:42,19.5,57,1.8,3758,0,OK,48,0,0,1127.4,0
2026-10-01 4:20:58,19.6,57,1.8,3758,0,OK,254,0,0,1127.4,0
2026-10-01 4:21:14,19.5,57,2,3758,0,OK,15,0,0,1127.4,0
2026-10-01 4:21:30,19.6,57,2.2,3758,0,OK,331,0,0,1127.4,0
2026-10-01 4:21:46,19.5,57,1.1,3758,0,OK,336,0,0,1127.4,0
2026-10-01 4:22:02,19.6,57,1.8,3758,0,OK,49,0,0,1127.4,0
2026-10-01 4:22:18,19.6,57,1.4,3758,0,OK,331,0,0,1127.4,0
2026-10-01 4:22:34,19.5,57,1.5,3758,0,OK,343,0,0,1127.4,0
2026-10-01 4:22:50,19.6,57,2.1,3758,0,OK,287,0,0,1127.4,0
2026-10-01 4:23:06,19.5,57,1,3758,0,OK,288,0,0,1127.4,0
2026-10-01 4:23:22,19.5,57,1.3,3758,0,OK,318,0,0,1127.4,0
2026-10-01 4:23:38,19.6,57,1.3,3758,0,OK,7,0,0,1127.4,0
2026-10-01 4:23:54,19.5,57,2.2,3758,0,OK,297,0,0,1127.4,0
2026-10-01 4:24:10,19.6,56,1.5,3758,0,OK,232,0,0,1127.4,0
2026-10-01 4:24:26,19.6,56,1.7,3758,0,OK,282,0,0,1127.4,0
2026-10-01 4:24:42,19.5,56,1.5,3758,0,OK,348,0,0,1127.4,0
2026-10-01 4:24:58,19.5,56,1,3758,0,OK,248,0,0,1127.4,0
2026-10-01 4:25:14,19.5,56,0.3,3758,0,OK,10,0,0,1127.4,0
2026-10-01 4:25:30,19.5,56,0.1,3758,0,OK,313,0,0,1127.4,0
2026-10-01 4:25:46,19.5,56,0.8,3758,0,OK,309,0,0,1127.4,0
2026-10-01 4:26:02,19.5,56,2.1,3758,0,OK,17,0,0,1127.4,0
2026-10-01 4:26:18,19.5,56,1.7,3758,0,OK,204,0,0,1127.4,0
2026-10-01 4:26:34,19.5,56,1.1,3758,0,OK,253,0,0,1127.4,0
2026-10-01 4:26:50,19.5,56,1.3,3758,0,OK,1,0,0,1127.4,0
2026-10-01 4:27:06,19.5,56,2.2,3758,0,OK,318,0,0,1127.4,0
2026-10-01 4:27:22,19.5,57,2.1,3758,0,OK,346,0,0,1127.4,0
2026-10-01 4:27:38,19.5,57,1.3,3758,0,OK,13,0,0,1127.4,0
2026-10-01 4:27:54,19.5,57,2.2,3758,0,OK,299,0,0,1127.4,0
2026-10-01 4:28:10,19.5,57,2,3758,0,OK,261,0,0,1127.4,0
2026-10-01 4:28:26,19.5,57,2.1,3758,0,OK,320,0,0,1127.4,0
2026-10-01 4:28:42,19.5,57,2,3758,0,OK,298,0,0,1127.4,0
2026-10-01 4:28:58,19.5,57,2.1,3758,0,OK,15,0,0,1127.4,0
2026-10-01 4:29:14,19.5,56,2,3758,0,OK,322,0,0,1127.4,0
2026-10-01 4:29:30,19.5,57,1.1,3758,0,OK,24,0,0,1127.4,0
2026-10-01 4:29:46,19.5,57,0,3758,0,OK,286,0,0,1127.4,0
2026-10-01 4:30:02,19.5,57,0.8,3758,0,OK,329,0,0,1127.4,0
2026-10-01 4:30:18,19.5,57,1.1,3758,0,OK,356,0,0,1127.4,0
2026-10-01 4:30:34,19.5,57,0.3,3758,0,OK,42,0,0,1127.4,0
2026-10-01 4:30:50,19.5,57,1.7,3758,0,OK,318,0,0,1127.4,0
2026-10-01 4:31:06,19.5,57,3.2,3758,0,OK,347,0,0,1127.4,0
2026-10-01 4:31:22,19.5,57,2.5,3758,0,OK,14,0,0,1127.4,0
2026-10-01 4:31:38,19.5,57,1.7,3758,0,OK,306,0,0,1127.4,0
2026-10-01 4:31:54,19.5,57,2.8,3758,0,OK,353,0,0,1127.4,0
2026-10-01 4:32:10,19.5,57,2.4,3758,0,OK,293,0,0,1127.4,0
2026-10-01 4:32:26,19.5,57,2.2,3758,0,OK,292,0,0,1127.4,0
2026-10-01 4:32:42,19.5,57,0.6,3758,0,OK,31,0,0,1127.4,0
2026-10-01 4:32:58,19.5,57,0.6,3758,0,OK,335,0,0,1127.4,0
2026-10-01 4:33:14,19.5,57,1.3,3758,0,OK,32,0,0,1127.4,0
2026-10-01 4:33:30,19.5,57,1.1,3758,0,OK,38,0,0,1127.4,0
2026-10-01 4:33:46,19.5,57,1.4,3758,0,OK,346,0,0,1127.4,0
2026-10-01 4:34:02,19.5,57,1,3758,0,OK,49,0,0,1127.4,0
2026-10-01 4:34:18,19.5,57,0.7,3758,0,OK,237,0,0,1127.4,0
2026-10-01 4:34:34,19.5,57,0.8,3758,0,OK,25,0,0,1127.4,0
2026-10-01 4:34:50,19.5,57,0.7,3758,0,OK,281,0,0,1127.4,0
2026-10-01 4:35:06,19.5,57,1.5,3758,0,OK,283,0,0,1127.4,0
2026-10-01 4:35:22,19.5,57,2.5,3758,0,OK,296,0,0,1127.4,0
2026-10-01 4:35:38,19.5,57,1.8,3758,0,OK,68,0,0,1127.4,0
2026-10-01 4:35:54,19.5,57,0.7,3758,0,OK,14,0,0,1127.4,0
2026-10-01 4:36:10,19.5,57,1.5,3758,0,OK,287,0,0,1127.4,0
2026-10-01 4:36:26,19.5,57,0.7,3758,0,OK,341,0,0,1127.4,0
2026-10-01 4:36:42,19.5,57,0.3,3758,0,OK,270,0,0,1127.4,0
2026-10-01 4:36:58,19.5,57,0.8,3758,0,OK,0,0,0,1127.4,0
2026-10-01 4:37:14,19.5,57,0,3758,0,OK,355,0,0,1127.4,0
2026-10-01 4:37:30,19.5,57,1.7,3758,0,OK,301,0,0,1127.4,0
2026-10-01 4:37:46,19.5,57,1.8,3758,0,OK,268,0,0,1127.4,0
2026-10-01 4:38:02,19.5,57,1.7,3758,0,OK,103,0,0,1127.4,0
2026-10-01 4:38:18,19.4,57,1.7,3758,0,OK,303,0,0,1127.4,0
2026-10-01 4:38:34,19.4,57,2,3758,0,OK,308,0,0,1127.4,0
2026-10-01 4:38:50,19.4,57,1.3,3758,0,OK,4,0,0,1127.4,0
2026-10-01 4:39:06,19.5,57,1.7,3758,0,OK,344,0,0,1127.4,0
2026-10-01 4:39:22,19.5,57,1.5,3758,0,OK,315,0,0,1127.4,0
2026-10-01 4:39:38,19.4,57,1,3758,0,OK,49,0,0,1127.4,0
2026-10-01 4:39:54,19.4,57,0.1,3758,0,OK,250,0,0,1127.4,0
2026-10-01 4:40:10,19.5,57,0,3758,0,OK,58,0,0,1127.4,0
2026-10-01 4:40:26,19.4,57,0.4,3758,0,OK,150,0,0,1127.4,0
2026-10-01 4:40:42,19.4,57,0.7,3758,0,OK,301,0,0,1127.4,0
2026-10-01 4:40:58,19.4,57,1.3,3758,0,OK,326,0,0,1127.4,0
2026-10-01 4:41:14,19.4,57,1.8,3758,0,OK,310,0,0,1127.4,0
2026-10-01 4:41:30,19.4,57,1.4,3758,0,OK,312,0,0,1127.4,0
2026-10-01 4:41:46,19.4,57,3.2,3758,0,OK,280,0,0,1127.4,0
2026-10-01 4:42:02,19.4,57,2.7,3758,0,OK,297,0,0,1127.4,0
2026-10-01 4:42:18,19.4,57,1.1,3758,0,OK,34,0,0,1127.4,0
2026-10-01 4:42:34,19.4,57,0.6,3758,0,OK,4,0,0,1127.4,0
2026-10-01 4:42:50,19.4,57,0.6,3758,0,OK,335,0,0,1127.4,0
2026-10-01 4:43:06,19.4,57,1,3758,0,OK,331,0,0,1127.4,0
2026-10-01 4:43:22,19.4,58,1.3,3758,0,OK,321,0,0,1127.4,0
2026-10-01 4:43:38,19.4,58,1.5,3758,0,OK,316,0,0,1127.4,0
2026-10-01 4:43:54,19.4,58,0.3,3758,0,OK,326,0,0,1127.4,0
2026-10-01 4:44:10,19.4,58,0,3758,0,OK,34,0,0,1127.4,0
2026-10-01 4:44:26,19.4,58,0.3,3758,0,OK,150,0,0,1127.4,0
2026-10-01 4:44:42,19.4,58,2.5,3758,0,OK,19,0,0,1127.4,0
2026-10-01 4:44:58,19.4,58,3.1,3758,0,OK,273,0,0,1127.4,0
2026-10-01 4:45:14,19.4,58,1.5,3758,0,OK,21,0,0,1127.4,0
2026-10-01 4:45:30,19.4,58,2,3758,0,OK,341,0,0,1127.4,0
2026-10-01 4:45:46,19.3,58,2.1,3758,0,OK,258,0,0,1127.4,0
2026-10-01 4:46:02,19.3,58,1.5,3758,0,OK,350,0,0,1127.4,0
2026-10-01 4:46:18,19.3,58,0.4,3758,0,OK,296,0,0,1127.4,0
2026-10-01 4:46:34,19.3,58,0.8,3758,0,OK,335,0,0,1127.4,0
2026-10-01 4:46:50,19.3,58,2.5,3758,0,OK,344,0,0,1127.4,0
2026-10-01 4:47:06,19.3,58,2.7,3758,0,OK,327,0,0,1127.4,0
2026-10-01 4:47:22,19.3,58,1.8,3758,0,OK,330,0,0,1127.4,0
2026-10-01 4:47:38,19.3,58,2.7,3758,0,OK,325,0,0,1127.4,0
2026-10-01 4:47:54,19.3,58,3.1,3758,0,OK,301,0,0,1127.4,0
2026-10-01 4:48:10,19.3,58,2.5,3758,0,OK,333,0,0,1127.4,0
2026-10-01 4:48:26,19.3,58,1.5,3758,0,OK,1,0,0,1127.4,0
2026-10-01 4:48:42,19.3,58,2.8,3758,0,OK,311,0,0,1127.4,0
2026-10-01 4:48:58,19.3,58,1.8,3758,0,OK,327,0,0,1127.4,0
2026-10-01 4:49:14,19.3,58,2.1,3758,0,OK,331,0,0,1127.4,0
2026-10-01 4:49:31,19.3,58,1.5,3758,0,OK,0,0,0,1127.4,0
2026-10-01 4:49:46,19.3,58,1.5,3758,0,OK,5,0,0,1127.4,0
2026-10-01 4:50:02,19.3,58,1.8,3758,0,OK,354,0,0,1127.4,0
2026-10-01 4:50:18,19.3,58,1.4,3758,0,OK,41,0,0,1127.4,0
2026-10-01 4:50:34,19.3,58,1.5,3758,0,OK,352,0,0,1127.4,0
2026-10-01 4:50:50,19.3,58,1.8,3758,0,OK,46,0,0,1127.4,0
2026-10-01 4:51:06,19.3,58,1.8,3758,0,OK,59,0,0,1127.4,0
2026-10-01 4:51:22,19.3,58,1.3,3758,0,OK,246,0,0,1127.4,0
2026-10-01 4:51:38,19.3,58,2.1,3758,0,OK,311,0,0,1127.4,0
2026-10-01 4:51:54,19.3,58,3.2,3758,0,OK,284,0,0,1127.4,0
2026-10-01 4:52:10,19.3,58,1.1,3758,0,OK,108,0,0,1127.4,0
2026-10-01 4:52:26,19.3,58,0.6,3758,0,OK,313,0,0,1127.4,0
2026-10-01 4:52:42,19.3,58,0.3,3758,0,OK,304,0,0,1127.4,0
2026-10-01 4:52:58,19.3,59,1.1,3758,0,OK,301,0,0,1127.4,0
2026-10-01 4:53:14,19.3,59,2.2,3758,0,OK,290,0,0,1127.4,0
2026-10-01 4:53:30,19.3,59,0.6,3758,0,OK,82,0,0,1127.4,0
2026-10-01 4:53:46,19.3,59,0.1,3758,0,OK,356,0,0,1127.4,0
2026-10-01 4:54:02,19.3,59,0.3,3758,0,OK,337,0,0,1127.4,0
2026-10-01 4:54:18,19.3,59,0.7,3758,0,OK,34,0,0,1127.4,0
2026-10-01 4:54:34,19.3,59,0.8,3758,0,OK,19,0,0,1127.4,0
2026-10-01 4:54:50,19.3,59,1.1,3758,0,OK,62,0,0,1127.4,0
2026-10-01 4:55:06,19.3,59,0.7,3758,0,OK,257,0,0,1127.4,0
2026-10-01 4:55:22,19.3,60,0.4,3758,0,OK,276,0,0,1127.4,0
2026-10-01 4:55:38,19.3,60,2.5,3758,0,OK,285,0,0,1127.4,0
2026-10-01 4:55:54,19.3,60,1.7,3758,0,OK,318,0,0,1127.4,0
2026-10-01 4:56:10,19.3,60,1,3758,0,OK,308,0,0,1127.4,0
2026-10-01 4:56:26,19.3,60,0.7,3758,0,OK,318,0,0,1127.4,0
2026-10-01 4:56:42,19.3,60,0.1,3758,0,OK,341,0,0,1127.4,0
2026-10-01 4:56:58,19.3,60,0,3758,0,OK,279,0,0,1127.4,0
2026-10-01 4:57:14,19.2,60,0.3,3758,0,OK,295,0,0,1127.4,0
2026-10-01 4:57:30,19.3,61,0.4,3758,0,OK,290,0,0,1127.4,0
2026-10-01 4:57:46,19.2,60,1,3758,0,OK,5,0,0,1127.4,0
2026-10-01 4:58:02,19.2,60,0.7,3758,0,OK,336,0,0,1127.4,0
2026-10-01 4:58:18,19.2,60,0.1,3758,0,OK,24,0,0,1127.4,0
2026-10-01 4:58:34,19.2,60,1.3,3758,0,OK,339,0,0,1127.4,0
2026-10-01 4:58:50,19.2,60,1.1,3758,0,OK,272,0,0,1127.4,0
2026-10-01 4:59:06,19.2,60,0.7,3758,0,OK,24,0,0,1127.4,0
2026-10-01 4:59:22,19.2,60,1.1,3758,0,OK,344,0,0,1127.4,0
2026-10-01 4:59:38,19.1,60,1.1,3758,0,OK,66,0,0,1127.4,0
2026-10-01 4:59:54,19.1,59,2.1,3758,0,OK,56,0,0,1127.4,0
2026-10-01 5:00:10,19.1,59,1.3,3758,0,OK,32,0,0,1127.4,0
2026-10-01 5:00:26,19.1,59,1,3758,0,OK,320,0,0,1127.4,0
2026-10-01 5:00:42,19.1,59,0.7,3758,0,OK,300,0,0,1127.4,0
2026-10-01 5:00:58,19.1,60,0.6,3758,0,OK,299,0,0,1127.4,0
2026-10-01 5:01:14,19.1,60,1.5,3758,0,OK,276,0,0,1127.4,0
2026-10-01 5:01:30,19.1,60,1,3758,0,OK,284,0,0,1127.4,0
2026-10-01 5:01:46,19.1,60,2,3758,0,OK,309,0,0,1127.4,0
2026-10-01 5:02:02,19.1,60,1.4,3758,0,OK,333,0,0,1127.4,0
2026-10-01 5:02:18,19,59,0.1,3758,0,OK,331,0,0,1127.4,0
2026-10-01 5:02:34,19,59,0.8,3758,0,OK,312,0,0,1127.4,0
2026-10-01 5:02:50,19.1,59,0.1,3758,0,OK,299,0,0,1127.4,0
2026-10-01 5:03:06,19,60,1.8,3758,0,OK,292,0,0,1127.4,0
2026-10-01 5:03:22,19.1,60,2,3758,0,OK,328,0,0,1127.4,0
2026-10-01 5:03:38,19.1,60,1.7,3758,0,OK,282,0,0,1127.4,0
2026-10-01 5:03:54,19,59,1.8,3758,0,OK,262,0,0,1127.4,0
2026-10-01 5:04:10,19,59,0.8,3758,0,OK,309,0,0,1127.4,0
2026-10-01 5:04:26,19,60,1,3758,0,OK,324,0,0,1127.4,0
2026-10-01 5:04:42,19,60,0.3,3758,0,OK,325,0,0,1127.4,0
2026-10-01 5:04:58,19,60,0.4,3758,0,OK,320,0,0,1127.4,0
2026-10-01 5:05:14,19,60,0,3758,0,OK,256,0,0,1127.4,0
2026-10-01 5:05:30,19,60,0.4,3758,0,OK,314,0,0,1127.4,0
2026-10-01 5:05:46,19,60,2,3758,0,OK,298,0,0,1127.4,0
2026-10-01 5:06:02,19,60,1.3,3758,0,OK,300,0,0,1127.4,0
2026-10-01 5:06:18,19,60,1.3,3758,0,OK,227,0,0,1127.4,0
2026-10-01 5:06:34,19,59,2.5,3758,0,OK,319,0,0,1127.4,0
2026-10-01 5:06:50,19,59,0.7,3758,0,OK,347,0,0,1127.4,0
2026-10-01 5:07:06,19,59,0.3,3758,0,OK,354,0,0,1127.4,0
2026-10-01 5:07:22,19,59,0.3,3758,0,OK,336,0,0,1127.4,0
2026-10-01 5:07:38,19,59,0.8,3758,0,OK,4,0,0,1127.4,0
2026-10-01 5:07:54,19,59,0.7,3758,0,OK,17,0,0,1127.4,0
2026-10-01 5:08:10,19,59,0.4,3758,0,OK,19,0,0,1127.4,0
2026-10-01 5:08:26,19,59,0.6,3758,0,OK,257,0,0,1127.4,0
2026-10-01 5:08:42,19,60,0.8,3758,0,OK,279,0,0,1127.4,0
2026-10-01 5:08:58,19,59,1.5,3758,0,OK,21,0,0,1127.4,0
2026-10-01 5:09:14,19,59,1.8,3758,0,OK,313,0,0,1127.4,0
2026-10-01 5:09:30,19,59,1.1,3758,0,OK,320,0,0,1127.4,0
2026-10-01 5:09:46,19,59,1.1,3758,0,OK,351,0,0,1127.4,0
2026-10-01 5:10:02,19,59,1.1,3758,0,OK,330,0,0,1127.4,0
2026-10-01 5:10:18,19,59,0.7,3758,0,OK,14,0,0,1127.4,0
2026-10-01 5:10:34,19,59,1,3758,0,OK,358,0,0,1127.4,0
2026-10-01 5:10:50,19,59,1.8,3758,0,OK,327,0,0,1127.4,0
2026-10-01 5:11:06,19,59,1.3,3758,0,OK,349,0,0,1127.4,0
2026-10-01 5:11:22,19,59,2.5,3758,0,OK,355,0,0,1127.4,0
2026-10-01 5:11:38,19,58,1.5,3758,0,OK,330,0,0,1127.4,0
2026-10-01 5:11:54,19,58,1,3758,0,OK,12,0,0,1127.4,0
2026-10-01 5:12:10,19,58,0.4,3758,0,OK,300,0,0,1127.4,0
2026-10-01 5:12:26,19,59,1.3,3758,0,OK,300,0,0,1127.4,0
2026-10-01 5:12:42,19,59,1.7,3758,0,OK,315,0,0,1127.4,0
2026-10-01 5:12:58,19,59,1.4,3758,0,OK,271,0,0,1127.4,0
2026-10-01 5:13:14,19,58,2.2,3758,0,OK,50,0,0,1127.4,0
2026-10-01 5:13:30,19,58,2.4,3758,0,OK,324,0,0,1127.4,0
2026-10-01 5:13:46,19,58,3.1,3758,0,OK,275,0,0,1127.4,0
2026-10-01 5:14:02,19,58,3.2,3758,0,OK,288,0,0,1127.4,0
2026-10-01 5:14:18,19.1,57,2.1,3758,0,OK,7,0,0,1127.4,0
2026-10-01 5:14:34,19.1,57,2,3758,0,OK,338,0,0,1127.4,0
2026-10-01 5:14:50,19,57,1.1,3758,0,OK,309,0,0,1127.4,0
2026-10-01 5:15:06,19,57,2.4,3758,0,OK,330,0,0,1127.4,0
2026-10-01 5:15:22,19,57,2.8,3758,0,OK,329,0,0,1127.4,0
2026-10-01 5:15:38,19,57,2.8,3758,0,OK,343,0,0,1127.4,0
2026-10-01 5:15:54,19.1,57,2.2,3758,0,OK,306,0,0,1127.4,0
2026-10-01 5:16:10,19.1,57,1.8,3758,0,OK,295,0,0,1127.4,0
2026-10-01 5:16:26,19.1,57,1.8,3758,0,OK,317,0,0,1127.4,0
2026-10-01 5:16:42,19.1,57,0.7,3758,0,OK,303,0,0,1127.4,0
2026-10-01 5:16:58,19.1,57,1.4,3758,0,OK,43,0,0,1127.4,0
2026-10-01 5:17:14,19,57,2.1,3758,0,OK,231,0,0,1127.4,0
2026-10-01 5:17:30,19.1,57,3.1,3758,0,OK,287,0,0,1127.4,0
2026-10-01 5:17:46,19.1,57,3.8,3758,0,OK,312,0,0,1127.4,0
2026-10-01 5:18:02,19.1,57,2,3758,0,OK,267,0,0,1127.4,0
2026-10-01 5:18:18,19.1,57,1.4,3758,0,OK,346,0,0,1127.4,0
2026-10-01 5:18:34,19.1,57,0.6,3758,0,OK,272,0,0,1127.4,0
2026-10-01 5:18:50,19,57,1,3758,0,OK,51,0,0,1127.4,0
2026-10-01 5:19:06,19.1,57,0.7,3758,0,OK,20,0,0,1127.4,0
2026-10-01 5:19:22,19.1,57,0.7,3758,0,OK,78,0,0,1127.4,0
2026-10-01 5:19:38,19.1,57,3.4,3758,0,OK,283,0,0,1127.4,0
2026-10-01 5:19:54,19.1,57,2.5,3758,0,OK,10,0,0,1127.4,0
2026-10-01 5:20:10,19.1,56,2.1,3758,0,OK,353,0,0,1127.4,0
2026-10-01 5:20:26,19.1,56,1.3,3758,0,OK,279,0,0,1127.4,0
2026-10-01 5:20:42,19.1,57,1.3,3758,0,OK,354,0,0,1127.4,0
2026-10-01 5:20:58,19.1,57,0.8,3758,0,OK,311,0,0,1127.4,0
2026-10-01 5:21:14,19.1,57,1.1,3758,0,OK,311,0,0,1127.4,0
2026-10-01 5:21:30,19.1,57,1.1,3758,0,OK,336,0,0,1127.4,0
2026-10-01 5:21:46,19,57,2.9,3758,0,OK,320,0,0,1127.4,0
2026-10-01 5:22:02,19.1,57,1.4,3758,0,OK,53,0,0,1127.4,0
2026-10-01 5:22:18,19,57,1.1,3758,0,OK,3,0,0,1127.4,0
2026-10-01 5:22:34,19,57,0.3,3758,0,OK,312,0,0,1127.4,0
2026-10-01 5:22:50,19.1,57,0,3758,0,OK,281,0,0,1127.4,0
2026-10-01 5:23:06,19,57,0.7,3758,0,OK,334,0,0,1127.4,0
2026-10-01 5:23:22,19,57,1.1,3758,0,OK,338,0,0,1127.4,0
2026-10-01 5:23:38,19,57,1,3758,0,OK,300,0,0,1127.4,0
2026-10-01 5:23:54,19,56,0.3,3758,0,OK,112,0,0,1127.4,0
2026-10-01 5:24:10,19.1,56,0.8,3758,0,OK,352,0,0,1127.4,0
2026-10-01 5:24:26,19.1,56,0,3758,0,OK,151,0,0,1127.4,0
2026-10-01 5:24:42,19.1,56,0.6,3758,0,OK,346,0,0,1127.4,0
2026-10-01 5:24:58,19.1,56,2.5,3758,0,OK,316,0,0,1127.4,0
2026-10-01 5:25:14,19.1,56,2.5,3758,0,OK,331,0,0,1127.4,0
2026-10-01 5:25:30,19.1,56,1.1,3758,0,OK,336,0,0,1127.4,0
2026-10-01 5:25:46,19.1,56,1.8,3758,0,OK,332,0,0,1127.4,0
2026-10-01 5:26:02,19.1,56,2.4,3758,0,OK,293,0,0,1127.4,0
2026-10-01 5:26:18,19.1,56,1.8,3758,0,OK,0,0,0,1127.4,0
2026-10-01 5:26:34,19.1,56,0.6,3758,0,OK,322,0,0,1127.4,0
2026-10-01 5:26:50,19.1,56,2,3758,0,OK,304,0,0,1127.4,0
2026-10-01 5:27:06,19.1,57,2.1,3758,0,OK,269,0,0,1127.4,0
2026-10-01 5:27:22,19.1,57,2.2,3758,0,OK,1,0,0,1127.4,0
2026-10-01 5:27:38,19.1,57,2.5,3758,0,OK,312,0,0,1127.4,0
2026-10-01 5:27:54,19.1,57,2,3758,0,OK,286,0,0,1127.4,0
2026-10-01 5:28:10,19.1,57,0.4,3758,0,OK,307,0,0,1127.4,0
2026-10-01 5:28:26,19.1,57,1.5,3758,0,OK,309,0,0,1127.4,0
2026-10-01 5:28:42,19.1,57,0.8,3758,0,OK,313,0,0,1127.4,0
2026-10-01 5:28:58,19.1,57,1.3,3758,0,OK,315,0,0,1127.4,0
2026-10-01 5:29:14,19.1,57,0.7,3758,0,OK,333,0,0,1127.4,0
2026-10-01 5:29:30,19.1,57,0.8,3758,0,OK,343,0,0,1127.4,0
2026-10-01 5:29:46,19.1,57,0.3,3758,0,OK,67,0,0,1127.4,0
2026-10-01 5:30:02,19.1,57,0.3,3758,0,OK,356,0,0,1127.4,0
2026-10-01 5:30:18,19.1,57,1.3,3758,0,OK,296,0,0,1127.4,0
2026-10-01 5:30:34,19.1,57,1.7,3758,0,OK,357,0,0,1127.4,0
2026-10-01 5:30:50,19.1,57,1.3,3758,0,OK,282,0,0,1127.4,0
2026-10-01 5:31:06,19.1,57,0.6,3758,0,OK,277,0,0,1127.4,0
2026-10-01 5:31:22,19.1,57,0,3758,0,OK,335,0,0,1127.4,0
2026-10-01 5:31:38,19.1,57,0.7,3758,0,OK,35,0,0,1127.4,0
2026-10-01 5:31:54,19,57,0.6,3758,0,OK,300,0,0,1127.4,0
2026-10-01 5:32:10,19.1,57,2,3758,0,OK,284,0,0,1127.4,0
2026-10-01 5:32:26,19.1,57,2.8,3758,0,OK,300,0,0,1127.4,0
2026-10-01 5:32:42,19.1,57,0.7,3758,0,OK,300,0,0,1127.4,0
2026-10-01 5:32:58,19.1,57,0.6,3758,0,OK,343,0,0,1127.4,0
2026-10-01 5:33:14,19,57,0.1,3758,0,OK,303,0,0,1127.4,0
2026-10-01 5:33:30,19,57,1,3758,0,OK,21,0,0,1127.4,0
2026-10-01 5:33:46,19,57,0.4,3758,0,OK,321,0,0,1127.4,0
2026-10-01 5:34:02,19,57,1.1,3758,0,OK,59,0,0,1127.4,0
2026-10-01 5:34:18,19.1,57,0.6,3758,0,OK,350,0,0,1127.4,0
2026-10-01 5:34:34,19,57,0,3758,0,OK,284,0,0,1127.4,0
2026-10-01 5:34:50,19.1,57,0.3,3758,0,OK,334,0,0,1127.4,0
2026-10-01 5:35:06,19.1,57,0.7,3758,0,OK,355,0,0,1127.4,0
2026-10-01 5:35:22,19.1,57,0.3,3758,0,OK,303,0,0,1127.4,0
2026-10-01 5:35:38,19,57,1.1,3758,0,OK,334,0,0,1127.4,0
2026-10-01 5:35:54,19.1,57,0.8,3758,0,OK,52,0,0,1127.4,0
2026-10-01 5:36:10,19,57,0.1,3758,0,OK,13,0,0,1127.4,0
2026-10-01 5:36:26,19.1,57,0.1,3758,0,OK,345,0,0,1127.4,0
2026-10-01 5:36:42,19,57,0,3758,0,OK,209,0,0,1127.4,0
2026-10-01 5:36:58,19,57,0,3758,0,OK,313,0,0,1127.4,0
2026-10-01 5:37:14,19,57,0.3,3758,0,OK,293,0,0,1127.4,0
2026-10-01 5:37:30,19,57,0.6,3758,0,OK,297,0,0,1127.4,0
2026-10-01 5:37:46,19,57,1.4,3758,0,OK,351,0,0,1127.4,0
2026-10-01 5:38:02,19,57,2.8,3758,0,OK,303,0,0,1127.4,0
2026-10-01 5:38:18,19,57,1.8,3758,0,OK,287,0,0,1127.4,0
2026-10-01 5:38:34,19,57,0.3,3758,0,OK,0,0,0,1127.4,0
2026-10-01 5:38:50,19,57,0.3,3758,0,OK,351,0,0,1127.4,0
2026-10-01 5:39:06,19,57,0.7,3758,0,OK,299,0,0,1127.4,0
2026-10-01 5:39:22,19,56,0.3,3758,0,OK,321,0,0,1127.4,0
2026-10-01 5:39:38,19,57,1.3,3758,0,OK,275,0,0,1127.4,0
2026-10-01 5:39:54,19,56,1,3758,0,OK,342,0,0,1127.4,0
2026-10-01 5:40:10,19,56,0.8,3758,0,OK,294,0,0,1127.4,0
2026-10-01 5:40:26,19,56,0,3758,0,OK,299,0,0,1127.4,0
2026-10-01 5:40:42,19,56,0.4,3758,0,OK,289,0,0,1127.4,0
2026-10-01 5:40:58,19,56,2.2,3758,0,OK,296,0,0,1127.4,0
2026-10-01 5:41:14,19,56,0.6,3758,0,OK,353,0,0,1127.4,0
2026-10-01 5:41:30,19,56,0.6,3758,0,OK,287,0,0,1127.4,0
2026-10-01 5:41:46,19,56,2.8,3758,0,OK,7,0,0,1127.4,0
2026-10-01 5:42:02,19,56,1,3758,0,OK,348,0,0,1127.4,0
2026-10-01 5:42:18,19,56,0.3,3758,0,OK,297,0,0,1127.4,0
2026-10-01 5:42:34,19,56,0,3758,0,OK,301,0,0,1127.4,0
2026-10-01 5:42:50,19,56,2.1,3758,0,OK,313,0,0,1127.4,0
2026-10-01 5:43:06,19,56,2.1,3758,0,OK,11,0,0,1127.4,0
2026-10-01 5:43:22,19,56,1.1,3758,0,OK,292,0,0,1127.4,0
2026-10-01 5:43:38,19,56,1.7,3758,0,OK,299,0,0,1127.4,0
2026-10-01 5:43:54,19,56,0.3,3758,0,OK,263,0,0,1127.4,0
2026-10-01 5:44:10,19,56,0.8,3758,0,OK,313,0,0,1127.4,0
2026-10-01 5:44:26,19,56,1.4,3758,0,OK,310,0,0,1127.4,0
2026-10-01 5:44:42,19,56,0.7,3758,0,OK,16,0,0,1127.4,0
2026-10-01 5:44:58,19,56,0,3758,0,OK,245,0,0,1127.4,0
2026-10-01 5:45:14,19,56,1.1,3758,0,OK,311,0,0,1127.4,0
2026-10-01 5:45:30,19,56,0.8,3758,0,OK,313,0,0,1127.4,0
2026-10-01 5:45:46,19,56,0.8,3758,0,OK,347,0,0,1127.4,0
2026-10-01 5:46:02,19,56,1.7,3758,0,OK,334,0,0,1127.4,0
2026-10-01 5:46:18,19,56,1.8,3758,0,OK,300,0,0,1127.4,0
2026-10-01 5:46:34,19,56,2.1,3758,0,OK,301,0,0,1127.4,0
2026-10-01 5:46:50,19,56,1.7,3758,0,OK,319,0,0,1127.4,0
2026-10-01 5:47:06,19,56,2.5,3758,0,OK,316,0,0,1127.4,0
2026-10-01 5:47:22,19,56,2.5,3758,0,OK,300,0,0,1127.4,0
2026-10-01 5:47:38,19,56,1.8,3758,0,OK,15,0,0,1127.4,0
2026-10-01 5:47:54,19,56,1.4,3758,0,OK,315,0,0,1127.4,0
2026-10-01 5:48:10,19,56,1.1,3758,0,OK,346,0,0,1127.4,0
2026-10-01 5:48:26,19,56,1,3758,0,OK,310,0,0,1127.4,0
2026-10-01 5:48:42,19,57,1.4,3758,0,OK,304,0,0,1127.4,0
2026-10-01 5:48:58,19,57,1.5,3758,0,OK,340,0,0,1127.4,0
2026-10-01 5:49:14,19,57,1.7,3758,0,OK,293,0,0,1127.4,0
2026-10-01 5:49:30,19,57,1.8,3758,0,OK,1,0,0,1127.4,0
2026-10-01 5:49:46,18.9,57,0.3,3758,0,OK,330,0,0,1127.4,0
2026-10-01 5:50:02,19,57,0.4,3758,0,OK,282,0,0,1127.4,0
2026-10-01 5:50:18,19,57,1.1,3758,0,OK,287,0,0,1127.4,0
2026-10-01 5:50:34,19,57,2.2,3758,0,OK,333,0,0,1127.4,0
2026-10-01 5:50:50,19,57,1.7,3758,0,OK,303,0,0,1127.4,0
2026-10-01 5:51:06,19,57,1.3,3758,0,OK,279,0,0,1127.4,0
2026-10-01 5:51:22,19,57,0.3,3758,0,OK,268,0,0,1127.4,0
2026-10-01 5:51:38,19,57,0.1,3758,0,OK,296,0,0,1127.4,0
2026-10-01 5:51:54,19,57,1.4,3758,0,OK,329,0,0,1127.4,0
2026-10-01 5:52:10,19,57,0.7,3758,0,OK,274,0,0,1127.4,0
2026-10-01 5:52:26,19,57,0,3758,0,OK,265,0,0,1127.4,0
2026-10-01 5:52:42,19,57,0,3758,0,OK,263,0,0,1127.4,0
2026-10-01 5:52:58,19,57,1.4,3758,0,OK,280,0,0,1127.4,0
2026-10-01 5:53:14,19,57,1.8,3758,0,OK,308,0,0,1127.4,0
2026-10-01 5:53:30,19,57,1,3758,0,OK,347,0,0,1127.4,0
2026-10-01 5:53:46,19,57,0.7,3758,0,OK,298,0,0,1127.4,0
2026-10-01 5:54:02,18.9,57,1,3758,0,OK,46,0,0,1127.4,0
2026-10-01 5:54:18,19,57,1,3758,0,OK,344,0,0,1127.4,0
2026-10-01 5:54:34,19,57,1.1,3758,0,OK,287,0,0,1127.4,0
2026-10-01 5:54:50,18.9,57,0.8,3758,0,OK,328,0,0,1127.4,0
2026-10-01 5:55:06,19,57,0.3,3758,0,OK,50,0,0,1127.4,0
2026-10-01 5:55:22,18.9,57,0,3758,0,OK,352,0,0,1127.4,0
2026-10-01 5:55:38,19,57,0.7,3758,0,OK,313,0,0,1127.4,0
2026-10-01 5:55:54,19,58,0.4,3758,0,OK,288,0,0,1127.4,0
2026-10-01 5:56:10,19,58,0.3,3758,0,OK,293,0,0,1127.4,0
2026-10-01 5:56:26,19,58,0.4,3758,0,OK,330,0,0,1127.4,0
2026-10-01 5:56:42,19,58,0.7,3758,0,OK,276,0,0,1127.4,0
2026-10-01 5:56:58,19,58,0.1,3758,0,OK,350,0,0,1127.4,0
2026-10-01 5:57:14,19,58,0.3,3758,0,OK,308,0,0,1127.4,0
2026-10-01 5:57:30,18.9,58,0,3758,0,OK,349,0,0,1127.4,0
2026-10-01 5:57:46,19,58,0,3758,0,OK,287,0,0,1127.4,0
2026-10-01 5:58:02,19,58,0,3758,0,OK,357,0,0,1127.4,0
2026-10-01 5:58:18,19,58,0.3,3758,0,OK,329,0,0,1127.4,0
2026-10-01 5:58:34,19,58,1.3,3758,0,OK,268,0,0,1127.4,0
2026-10-01 5:58:50,18.9,58,0.4,3758,0,OK,335,0,0,1127.4,0
2026-10-01 5:59:06,19,58,0.4,3758,0,OK,329,0,0,1127.4,0
2026-10-01 5:59:22,19,58,1.7,3758,0,OK,304,0,0,1127.4,0
2026-10-01 5:59:38,19,58,0.4,3758,0,OK,48,0,0,1127.4,0
2026-10-01 5:59:54,19,58,0.6,3758,0,OK,42,0,0,1127.4,0
2026-10-01 6:00:10,19,57,0.6,3758,0,OK,279,0,0,1127.4,0
2026-10-01 6:00:26,19,57,0.4,3758,0,OK,303,0,0,1127.4,0
2026-10-01 6:00:42,19,57,0.6,3758,0,OK,35,0,0,1127.4,0
2026-10-01 6:00:58,19,57,2.2,3758,0,OK,302,0,0,1127.4,0
2026-10-01 6:01:14,19,57,1.1,3758,0,OK,287,0,0,1127.4,0
2026-10-01 6:01:30,19,57,2.4,3758,0,OK,296,0,0,1127.4,0
2026-10-01 6:01:46,19,57,1.3,3758,0,OK,302,0,0,1127.4,0
2026-10-01 6:02:02,19,57,0.4,3758,0,OK,4,0,0,1127.4,0
2026-10-01 6:02:18,19,57,0,3758,0,OK,217,0,0,1127.4,0
2026-10-01 6:02:34,19,57,0,3758,0,OK,2,0,0,1127.4,0
2026-10-01 6:02:50,19,57,0,3758,0,OK,262,0,0,1127.4,0
2026-10-01 6:03:06,19,57,0,3758,0,OK,10,0,0,1127.4,0
2026-10-01 6:03:22,19,57,0.4,3758,0,OK,83,0,0,1127.4,0
2026-10-01 6:03:38,19,57,1.1,3758,0,OK,343,0,0,1127.4,0
2026-10-01 6:03:54,19,57,0.1,3758,0,OK,304,0,0,1127.4,0
2026-10-01 6:04:10,19,57,0.6,3758,0,OK,325,0,0,1127.4,0
2026-10-01 6:04:26,19,57,2.5,3758,0,OK,13,0,0,1127.4,0
2026-10-01 6:04:42,19,57,2.5,3758,0,OK,329,0,0,1127.4,0
2026-10-01 6:04:58,19,57,0.6,3758,0,OK,234,0,0,1127.4,0
2026-10-01 6:05:14,19,57,0,3758,0,OK,331,0,0,1127.4,0
2026-10-01 6:05:30,19,57,0,3758,0,OK,291,0,0,1127.4,0
2026-10-01 6:05:46,19,57,0.1,3758,0,OK,308,0,0,1127.4,0
2026-10-01 6:06:02,19,57,0,3758,0,OK,281,0,0,1127.4,0
2026-10-01 6:06:18,19,57,1.1,3758,0,OK,275,0,0,1127.4,0
2026-10-01 6:06:34,19,57,1,3758,0,OK,310,0,0,1127.4,0
2026-10-01 6:06:50,19,57,1.1,3758,0,OK,271,0,0,1127.4,0
2026-10-01 6:07:06,19,57,1.8,3758,0,OK,254,0,0,1127.4,0
2026-10-01 6:07:22,19,57,2.5,3758,0,OK,295,0,0,1127.4,0
2026-10-01 6:07:38,19,57,1.1,3758,0,OK,206,0,0,1127.4,0
2026-10-01 6:07:54,19,56,1.8,3758,0,OK,65,0,0,1127.4,0
2026-10-01 6:08:10,18.9,56,1.5,3758,0,OK,57,0,0,1127.4,0
2026-10-01 6:08:26,18.9,56,1.1,3758,0,OK,323,0,0,1127.4,0
2026-10-01 6:08:42,19,56,0.8,3758,0,OK,33,0,0,1127.4,0
2026-10-01 6:08:58,19,56,0.8,3758,0,OK,55,0,0,1127.4,0
2026-10-01 6:09:14,19,56,0,3758,0,OK,304,0,0,1127.4,0
2026-10-01 6:09:30,19,56,0,3758,0,OK,345,0,0,1127.4,0
2026-10-01 6:09:46,19,56,0.3,3758,0,OK,345,0,0,1127.4,0
2026-10-01 6:10:02,19,56,0.6,3758,0,OK,343,0,0,1127.4,0
2026-10-01 6:10:18,19,56,1,3758,0,OK,289,0,0,1127.4,0
2026-10-01 6:10:34,19,56,2,3758,0,OK,305,0,0,1127.4,0
2026-10-01 6:10:50,19,56,2.7,3758,0,OK,290,0,0,1127.4,0
2026-10-01 6:11:06,19,56,2.1,3758,0,OK,330,0,0,1127.4,0
2026-10-01 6:11:22,19,56,1.4,3758,0,OK,347,0,0,1127.4,0
2026-10-01 6:11:38,19,56,0.7,3758,0,OK,286,0,0,1127.4,0
2026-10-01 6:11:54,19,56,1,3758,0,OK,276,0,0,1127.4,0
2026-10-01 6:12:10,19,56,1,3758,0,OK,15,0,0,1127.4,0
2026-10-01 6:12:26,19,56,1.3,3758,0,OK,20,0,0,1127.4,0
2026-10-01 6:12:42,19,55,1.7,3758,0,OK,356,0,0,1127.4,0
2026-10-01 6:12:58,18.9,55,1.4,3758,0,OK,289,0,0,1127.4,0
2026-10-01 6:13:14,18.9,55,2.5,3758,0,OK,295,0,0,1127.4,0
2026-10-01 6:13:30,18.9,55,1.4,3758,0,OK,263,0,0,1127.4,0
2026-10-01 6:13:46,18.9,55,0.7,3758,0,OK,285,0,0,1127.4,0
2026-10-01 6:14:02,19,55,2,3758,0,OK,292,0,0,1127.4,0
2026-10-01 6:14:18,18.9,55,1,3758,0,OK,326,0,0,1127.4,0
2026-10-01 6:14:34,18.9,56,1,3758,0,OK,299,0,0,1127.4,0
2026-10-01 6:14:50,18.9,56,0.8,3758,0,OK,20,0,0,1127.4,0
2026-10-01 6:15:06,18.9,56,1.1,3758,0,OK,310,0,0,1127.4,0
2026-10-01 6:15:22,18.9,56,2.2,3758,0,OK,6,0,0,1127.4,0
2026-10-01 6:15:38,18.9,56,2.4,3758,0,OK,308,0,0,1127.4,0
2026-10-01 6:15:54,18.9,56,1.1,3758,0,OK,280,0,0,1127.4,0
2026-10-01 6:16:10,18.9,56,1.7,3758,0,OK,302,0,0,1127.4,0
2026-10-01 6:16:26,18.9,56,1.4,3758,0,OK,38,0,0,1127.4,0
2026-10-01 6:16:42,18.9,56,0.8,3758,0,OK,272,0,0,1127.4,0
2026-10-01 6:16:58,18.9,56,0.6,3758,0,OK,303,0,0,1127.4,0
2026-10-01 6:17:14,18.9,56,0.7,3758,0,OK,278,0,0,1127.4,0
2026-10-01 6:17:30,18.9,56,1.4,3758,0,OK,340,0,0,1127.4,0
2026-10-01 6:17:46,18.9,56,0.7,3758,0,OK,337,0,0,1127.4,0
2026-10-01 6:18:02,18.9,56,2,3758,0,OK,4,0,0,1127.4,0
2026-10-01 6:18:18,18.9,56,1.8,3758,0,OK,287,0,0,1127.4,0
2026-10-01 6:18:34,18.9,56,0.4,3758,0,OK,7,1,0,1127.4,0
2026-10-01 6:19:22,18.9,56,0.3,3758,0,OK,347,1,0,1127.4,0
2026-10-01 6:19:38,18.9,56,0.3,3758,0,OK,131,1,0,1127.4,0
2026-10-01 6:19:54,18.9,56,2,3758,0,OK,357,1,0,1127.4,0
2026-10-01 6:20:10,18.9,56,1.8,3758,0,OK,291,1,0,1127.4,0
2026-10-01 6:20:26,18.9,56,0.8,3758,0,OK,8,1,0,1127.4,0
2026-10-01 6:20:42,18.9,56,0.6,3758,0,OK,325,1,0,1127.4,0
2026-10-01 6:20:58,18.9,56,1.4,3758,0,OK,20,1,0,1127.4,0
2026-10-01 6:21:14,18.9,56,1.1,3758,0,OK,335,1,0,1127.4,0
2026-10-01 6:21:30,18.9,56,0.3,3758,0,OK,10,2,0,1127.4,0
2026-10-01 6:21:46,18.9,56,0.7,3758,0,OK,288,1,0,1127.4,0
2026-10-01 6:22:02,18.9,56,2.4,3758,0,OK,341,2,0,1127.4,0
2026-10-01 6:22:18,18.9,56,2.2,3758,0,OK,351,2,0,1127.4,0
2026-10-01 6:22:34,18.9,56,0.4,3758,0,OK,245,2,0,1127.4,0
2026-10-01 6:22:50,18.9,56,0.1,3758,0,OK,237,2,0,1127.4,0
2026-10-01 6:23:06,18.9,56,0,3758,0,OK,348,2,0,1127.4,0
2026-10-01 6:23:22,18.8,57,0,3758,0,OK,298,2,0,1127.4,0
2026-10-01 6:23:38,18.8,57,0.1,3758,0,OK,15,2,0,1127.4,0
2026-10-01 6:23:54,18.8,57,0.1,3758,0,OK,296,3,0,1127.4,0
2026-10-01 6:24:10,18.8,57,0,3758,0,OK,46,3,0,1127.4,0
2026-10-01 6:24:26,18.8,57,0.6,3758,0,OK,285,3,0,1127.4,0
2026-10-01 6:24:42,18.8,57,0.7,3758,0,OK,295,3,0,1127.4,0
2026-10-01 6:24:58,18.8,57,0.1,3758,0,OK,288,3,0,1127.4,0
2026-10-01 6:25:14,18.8,57,0,3758,0,OK,324,3,0,1127.4,0
2026-10-01 6:25:30,18.8,57,0.7,3758,0,OK,282,4,0,1127.4,0
2026-10-01 6:25:46,18.8,57,2.4,3758,0,OK,317,4,0,1127.4,0
2026-10-01 6:26:02,18.8,57,1.8,3758,0,OK,327,4,0,1127.4,0
2026-10-01 6:26:18,18.8,57,1.3,3758,0,OK,9,4,0,1127.4,0
2026-10-01 6:26:34,18.8,57,1.1,3758,0,OK,308,4,0,1127.4,0
2026-10-01 6:26:50,18.8,56,2.4,3758,0,OK,14,4,0,1127.4,0
2026-10-01 6:27:06,18.8,56,3.5,3758,0,OK,293,4,0,1127.4,0
2026-10-01 6:27:22,18.8,56,2,3758,0,OK,312,4,0,1127.4,0
2026-10-01 6:27:38,18.8,56,0.8,3758,0,OK,16,4,0,1127.4,0
2026-10-01 6:27:54,18.7,56,0.6,3758,0,OK,335,5,0,1127.4,0
2026-10-01 6:28:10,18.8,56,1.1,3758,0,OK,54,5,0,1127.4,0
2026-10-01 6:28:26,18.7,55,1.4,3758,0,OK,335,5,0,1127.4,0
2026-10-01 6:28:42,18.8,55,1,3758,0,OK,346,5,0,1127.4,0
2026-10-01 6:28:58,18.8,56,1.4,3758,0,OK,261,5,0,1127.4,0
2026-10-01 6:29:14,18.8,55,1.1,3758,0,OK,287,5,0,1127.4,0
2026-10-01 6:29:30,18.7,55,1,3758,0,OK,307,6,0,1127.4,0
2026-10-01 6:29:46,18.8,55,0.4,3758,0,OK,20,6,0,1127.4,0
2026-10-01 6:30:02,18.7,55,0.4,3758,0,OK,313,6,0,1127.4,0
2026-10-01 6:30:18,18.7,55,1.5,3758,0,OK,292,6,0,1127.4,0
2026-10-01 6:30:34,18.7,55,1.3,3758,0,OK,344,6,0,1127.4,0
2026-10-01 6:30:50,18.7,55,0.4,3758,0,OK,276,6,0,1127.4,0
2026-10-01 6:31:06,18.7,55,0.4,3758,0,OK,294,7,0,1127.4,0
2026-10-01 6:31:22,18.7,55,0.1,3758,0,OK,330,7,0,1127.4,0
2026-10-01 6:31:38,18.7,54,0.6,3758,0,OK,286,7,0,1127.4,0
2026-10-01 6:31:54,18.7,54,0.3,3758,0,OK,63,8,0,1127.4,0
2026-10-01 6:32:10,18.7,54,0.3,3758,0,OK,45,8,0,1127.4,0
2026-10-01 6:32:26,18.7,54,0.8,3758,0,OK,304,8,0,1127.4,0
2026-10-01 6:32:42,18.7,54,1.4,3758,0,OK,10,8,0,1127.4,1
2026-10-01 6:32:58,18.7,53,1.3,3758,0,OK,356,9,0,1127.4,1
2026-10-01 6:33:14,18.7,53,0.4,3758,0,OK,303,9,0,1127.4,1
2026-10-01 6:33:30,18.7,53,0,3758,0,OK,284,9,0,1127.4,1
2026-10-01 6:33:46,18.7,53,0,3758,0,OK,302,9,0,1127.4,1
2026-10-01 6:34:02,18.7,54,2.1,3758,0,OK,342,10,0,1127.4,1
2026-10-01 6:34:18,18.7,53,0.7,3758,0,OK,104,11,0,1127.4,1
2026-10-01 6:34:34,18.7,53,1.7,3758,0,OK,20,11,0,1127.4,1
2026-10-01 6:34:50,18.7,53,0.7,3758,0,OK,314,11,0,1127.4,1
2026-10-01 6:35:06,18.7,53,0.1,3758,0,OK,340,12,0,1127.4,1
2026-10-01 6:35:22,18.7,53,1.3,3758,0,OK,347,12,0,1127.4,1
2026-10-01 6:35:38,18.7,52,0.7,3758,0,OK,202,12,0,1127.4,1
2026-10-01 6:35:54,18.7,52,1.4,3758,0,OK,333,13,0,1127.4,1
2026-10-01 6:36:10,18.7,52,0.6,3758,0,OK,285,13,0,1127.4,1
2026-10-01 6:36:26,18.6,52,0,3758,0,OK,19,13,0,1127.4,1
2026-10-01 6:36:42,18.6,52,0.7,3758,0,OK,15,14,0,1127.4,1
2026-10-01 6:36:58,18.6,52,0.6,3758,0,OK,252,13,0,1127.4,1
2026-10-01 6:37:14,18.6,52,1.5,3758,0,OK,343,14,0,1127.4,1
2026-10-01 6:37:30,18.6,52,0.1,3758,0,OK,43,15,0,1127.4,1
2026-10-01 6:37:46,18.6,52,0,3758,0,OK,289,15,0,1127.4,2
2026-10-01 6:38:02,18.6,52,0.7,3758,0,OK,284,15,0,1127.4,2
2026-10-01 6:38:18,18.6,52,1,3758,0,OK,296,16,0,1127.4,2
2026-10-01 6:38:34,18.6,52,0.8,3758,0,OK,344,16,0,1127.4,2
2026-10-01 6:38:50,18.6,52,0.8,3758,0,OK,290,16,0,1127.4,2
2026-10-01 6:39:06,18.6,52,1.4,3758,0,OK,295,17,0,1127.4,2
2026-10-01 6:39:22,18.6,52,1.5,3758,0,OK,32,17,0,1127.4,2
2026-10-01 6:39:38,18.6,52,0.8,3758,0,OK,20,17,0,1127.4,2
2026-10-01 6:39:54,18.6,52,0,3758,0,OK,342,18,0,1127.4,2
2026-10-01 6:40:10,18.6,52,0,3758,0,OK,340,18,0,1127.4,2
2026-10-01 6:40:26,18.6,52,2.4,3758,9.2,OK,317,19,0,1127.4,2
2026-10-01 6:40:42,18.5,52,2.2,3758,23.1,OK,272,19,0,1127.4,2
2026-10-01 6:40:58,18.6,51,2.1,3758,32.3,OK,40,19,0,1127.4,2
2026-10-01 6:41:14,18.6,51,0.7,3758,46.2,OK,328,20,0,1127.4,2
2026-10-01 6:41:30,18.6,51,1.7,3758,60.1,OK,309,20,0,1127.4,2
2026-10-01 6:41:46,18.6,51,0.8,3758,74,OK,323,20,0,1127.4,2
2026-10-01 6:42:02,18.6,51,0.4,3758,92.5,OK,23,21,0,1127.4,2
2026-10-01 6:42:18,18.6,52,1.8,3758,115.6,OK,309,21,0,1127.4,2
2026-10-01 6:42:34,18.6,51,1.7,3758,143.3,OK,266,21,0,1127.4,4
2026-10-01 6:42:50,18.6,51,0.7,3758,171.1,OK,300,22,0,1127.4,4
2026-10-01 6:43:06,18.6,51,2.2,3758,203.5,OK,318,23,0,1127.4,4
2026-10-01 6:43:22,18.6,52,1.5,3758,231.2,OK,352,23,0,1127.4,4
2026-10-01 6:43:38,18.6,51,0.4,3758,259,OK,12,23,0,1127.4,4
2026-10-01 6:43:54,18.6,52,0.4,3758,272.8,OK,280,24,0,1127.4,4
2026-10-01 6:44:10,18.6,52,0.3,3758,296,OK,0,24,0,1127.4,4
2026-10-01 6:44:26,18.6,52,0.6,3758,305.2,OK,332,25,0,1127.4,4
2026-10-01 6:44:42,18.6,52,0.7,3758,319.1,OK,0,26,0,1127.4,4
2026-10-01 6:44:58,18.6,52,1.5,3758,333,OK,277,26,0,1127.4,4
2026-10-01 6:45:14,18.6,52,0.7,3758,342.2,OK,297,27,0,1127.4,4
2026-10-01 6:45:30,18.6,52,2,3758,351.5,OK,312,27,0,1127.4,4
2026-10-01 6:45:46,18.6,52,1.3,3758,365.3,OK,325,29,0,1127.4,4
2026-10-01 6:46:02,18.5,52,1.1,3758,388.5,OK,339,29,0,1127.4,4
2026-10-01 6:46:18,18.6,52,1.4,3758,407,OK,297,30,0,1127.4,4
2026-10-01 6:46:34,18.6,52,1.1,3758,434.7,OK,339,30,0,1127.4,4
2026-10-01 6:46:50,18.6,52,1.4,3758,462.5,OK,255,31,0,1127.4,4
2026-10-01 6:47:06,18.6,52,1.7,3758,494.8,OK,309,32,0,1127.4,4
2026-10-01 6:47:22,18.6,52,1.7,3758,527.2,OK,292,32,0,1127.4,4
2026-10-01 6:47:38,18.6,52,0.4,3758,559.6,OK,352,33,0,1127.4,4
2026-10-01 6:47:54,18.5,52,0.7,3758,592,OK,37,33,0,1127.4,4
2026-10-01 6:48:10,18.6,52,0.6,3758,566.1,OK,81,33,0,1127.4,4
2026-10-01 6:48:26,18.6,52,0.1,3758,599.4,OK,298,34,0,1127.4,4
2026-10-01 6:48:42,18.6,52,1.1,3758,645.1,OK,336,35,0,1127.4,4
2026-10-01 6:48:58,18.6,52,1.3,3758,695.1,OK,31,35,0,1127.4,9
2026-10-01 6:49:14,18.6,52,0.8,3758,745,OK,355,36,0,1127.4,9
2026-10-01 6:49:30,18.6,52,0.8,3758,803.3,OK,1,37,0,1127.4,9
2026-10-01 6:49:46,18.5,52,1.5,3758,861.6,OK,11,37,0,1127.4,9
2026-10-01 6:50:02,18.5,52,1.5,3758,919.9,OK,289,38,0,1127.4,9
2026-10-01 6:50:18,18.5,53,1.8,3758,978.1,OK,343,39,0,1127.4,9
2026-10-01 6:50:34,18.5,53,2.1,3758,1032.3,OK,300,40,0,1127.4,9
2026-10-01 6:50:50,18.6,53,1.7,3758,1086.4,OK,297,41,0,1127.4,9
2026-10-01 6:51:06,18.5,53,0.7,3758,1136.3,OK,306,41,0,1127.4,9
2026-10-01 6:51:22,18.6,53,1.3,3758,1186.3,OK,256,43,0,1127.4,9
2026-10-01 6:51:38,18.5,53,2,3758,1236.2,OK,300,43,0,1127.4,9
2026-10-01 6:51:54,18.5,53,0.8,3758,1286.2,OK,297,44,0,1127.4,9
2026-10-01 6:52:10,18.5,53,1,3758,1336.1,OK,326,45,0,1127.4,9
2026-10-01 6:52:26,18.5,53,1,3758,1386.1,OK,331,47,0,1127.4,9
2026-10-01 6:52:42,18.5,53,1,3758,1440.2,OK,14,48,0,1127.4,16
2026-10-01 6:52:58,18.6,53,1,3758,1490.1,OK,322,49,0,1127.4,16
2026-10-01 6:53:14,18.5,53,0,3758,1548.4,OK,342,50,0,1127.4,16
2026-10-01 6:53:30,18.5,53,1.7,3758,1602.5,OK,314,52,0,1127.4,16
2026-10-01 6:53:46,18.5,53,0.4,3758,1656.6,OK,312,53,0,1127.4,16
2026-10-01 6:54:02,18.5,53,0.1,3758,1710.7,OK,340,54,0,1127.4,16
2026-10-01 6:54:18,18.6,53,0.3,3758,1764.9,OK,29,56,0,1127.4,16
2026-10-01 6:54:34,18.6,53,0.3,3758,1616.9,OK,246,57,0,1127.4,16
2026-10-01 6:54:50,18.6,53,0.1,3758,1665,OK,31,58,0,1127.4,16
2026-10-01 6:55:06,18.5,53,1.1,3758,1709.4,OK,328,59,0,1127.4,16
2026-10-01 6:55:22,18.6,53,1.1,3758,2007.4,OK,0,61,0,1127.4,16
2026-10-01 6:55:38,18.6,53,0.4,3758,2051.8,OK,0,62,0,1127.4,16
2026-10-01 6:55:54,18.5,53,1.8,3758,2092.5,OK,298,64,0,1127.4,16
2026-10-01 6:56:10,18.6,53,1.5,3758,2133.2,OK,307,65,0,1127.4,16
2026-10-01 6:56:26,18.5,53,1,3758,2170.2,OK,284,66,0,1127.4,16
2026-10-01 6:56:42,18.5,53,1.5,3758,2214.6,OK,12,67,0,1127.4,16
2026-10-01 6:56:58,18.5,53,1.4,3758,2247.9,OK,313,68,0,1127.4,16
2026-10-01 6:57:14,18.6,53,1.1,3758,2288.6,OK,306,70,0,1127.4,16
2026-10-01 6:57:30,18.5,53,3.5,3758,2325.6,OK,270,71,0,1127.4,16
2026-10-01 6:57:46,18.6,53,2,3758,2362.6,OK,319,72,0,1127.4,19
2026-10-01 6:58:02,18.5,53,0.1,3758,2392.2,OK,323,74,0,1127.4,19
2026-10-01 6:58:18,18.5,53,0.1,3758,2429.2,OK,330,75,0,1127.4,19
2026-10-01 6:58:34,18.6,53,0.4,3758,2455.1,OK,340,76,0,1127.4,19
2026-10-01 6:58:50,18.6,53,2,3758,2484.7,OK,336,77,0,1127.4,19
2026-10-01 6:59:06,18.5,53,1.1,3758,2510.6,OK,0,79,0,1127.4,19
2026-10-01 6:59:22,18.5,53,0.6,3758,2529.1,OK,0,79,0,1127.4,19
2026-10-01 6:59:38,18.6,53,0.1,3758,2580.9,OK,350,80,0,1127.4,19
2026-10-01 6:59:54,18.6,53,0,3758,2547.6,OK,353,81,0,1127.4,19
2026-10-01 7:00:10,18.6,53,0,3758,2555,OK,266,82,0,1127.4,19
2026-10-01 7:00:26,18.6,53,0,3758,2551.3,OK,276,82,0,1127.4,19
2026-10-01 7:00:42,18.6,53,0.7,3758,2551.3,OK,324,82,0,1127.4,19
2026-10-01 7:00:58,18.6,53,1,3758,2540.2,OK,232,83,0,1127.4,19
2026-10-01 7:01:14,18.6,53,0,3758,2529.1,OK,13,83,0,1127.4,19
2026-10-01 7:01:30,18.6,53,0,3758,2525.4,OK,104,84,0,1127.4,19
2026-10-01 7:01:46,18.6,53,0,3758,2529.1,OK,320,86,0,1127.4,19
2026-10-01 7:02:02,18.6,53,0.6,3758,2525.4,OK,286,86,0,1127.4,19
2026-10-01 7:02:18,18.6,53,1.8,3758,2525.4,OK,75,87,0,1127.4,19
2026-10-01 7:02:34,18.6,53,1.8,3758,2518,OK,275,88,0,1127.4,20
2026-10-01 7:02:50,18.6,53,1,3758,2514.3,OK,304,88,0,1127.4,20
2026-10-01 7:03:06,18.6,53,1.3,3758,2514.3,OK,287,89,0,1127.4,20
2026-10-01 7:03:22,18.6,53,0.8,3758,2521.7,OK,16,90,0,1127.4,20
2026-10-01 7:03:38,18.6,53,2,3758,2540.2,OK,322,91,0,1127.4,20
2026-10-01 7:03:54,18.6,54,1.7,3758,2566.1,OK,22,92,0,1127.4,20
2026-10-01 7:04:10,18.6,54,1.1,3758,2592,OK,303,93,0,1127.4,20
2026-10-01 7:04:26,18.6,54,0.4,3758,2629,OK,310,95,0,1127.4,20
2026-10-01 7:04:42,18.6,54,0.4,3758,2662.3,OK,9,96,0,1127.4,20
2026-10-01 7:04:58,18.6,54,1.7,3758,2703,OK,319,97,0,1127.4,20
2026-10-01 7:05:14,18.6,54,2.2,3758,2751.1,OK,71,99,1,1127.4,20
2026-10-01 7:05:30,18.6,54,1.3,3758,2795.5,OK,38,100,1,1127.4,20
2026-10-01 7:05:46,18.6,54,2.5,3758,2836.2,OK,341,102,1,1127.4,20
2026-10-01 7:06:02,18.6,54,1.7,3758,2880.6,OK,297,103,1,1127.4,20
2026-10-01 7:06:18,18.5,54,0.4,3758,2925,OK,306,105,1,1127.4,20
2026-10-01 7:06:34,18.5,54,1,3758,2973.1,OK,302,107,1,1127.4,20
2026-10-01 7:06:50,18.5,54,1.5,3758,3017.5,OK,68,108,1,1127.4,20
2026-10-01 7:07:06,18.5,55,1,3758,3061.9,OK,351,109,1,1127.4,20
2026-10-01 7:07:22,18.5,55,0.4,3758,3102.6,OK,42,110,1,1127.4,20
2026-10-01 7:07:38,18.6,55,0.7,3758,3143.3,OK,315,111,1,1127.4,28
2026-10-01 7:07:54,18.5,55,1.1,3758,3176.6,OK,301,112,1,1127.4,28
2026-10-01 7:08:10,18.5,55,0.8,3758,3209.9,OK,312,113,1,1127.4,28
2026-10-01 7:08:26,18.6,55,0.7,3758,3239.5,OK,64,114,1,1127.4,28
2026-10-01 7:08:42,18.6,55,0.8,3758,3258,OK,24,115,1,1127.4,28
2026-10-01 7:08:58,18.6,55,0.6,3758,3272.8,OK,221,116,1,1127.4,28
2026-10-01 7:09:14,18.6,55,0.8,3758,3287.6,OK,326,117,1,1127.4,28
2026-10-01 7:09:30,18.5,55,0.4,3758,3298.7,OK,324,117,1,1127.4,28
2026-10-01 7:09:46,18.5,55,0.8,3758,3306.1,OK,15,118,1,1127.4,28
2026-10-01 7:10:02,18.5,55,0.4,3758,3306.1,OK,48,118,1,1127.4,28
2026-10-01 7:10:18,18.5,55,1,3758,3306.1,OK,39,119,1,1127.4,28
2026-10-01 7:10:34,18.5,55,2,3758,3291.3,OK,312,120,1,1127.4,28
2026-10-01 7:10:50,18.6,55,0.7,3758,3269.1,OK,312,120,1,1127.4,28
2026-10-01 7:11:06,18.5,55,0.3,3758,3235.8,OK,328,120,1,1127.4,28
2026-10-01 7:11:22,18.5,55,0.1,3758,3195.1,OK,310,121,1,1127.4,28
2026-10-01 7:11:38,18.5,55,0,3758,3143.3,OK,297,122,1,1127.4,28
2026-10-01 7:11:54,18.6,55,1.5,3758,3106.3,OK,328,123,1,1127.4,28
2026-10-01 7:12:10,18.5,54,1.5,3758,3058.2,OK,343,123,1,1127.4,28
2026-10-01 7:12:26,18.5,54,1.4,3758,3021.2,OK,83,123,1,1127.4,28
2026-10-01 7:12:42,18.5,54,0.7,3758,2991.6,OK,295,124,1,1127.4,23
2026-10-01 7:12:58,18.5,54,1.1,3758,2969.4,OK,9,124,1,1127.4,23
2026-10-01 7:13:14,18.5,52,3.1,3758,2958.3,OK,302,124,1,1127.4,23
2026-10-01 7:13:30,18.5,52,2,3758,2962,OK,334,125,1,1127.4,23
2026-10-01 7:13:46,18.5,52,1,3758,2962,OK,285,125,1,1127.4,23
2026-10-01 7:14:02,18.5,52,1,3758,2987.9,OK,300,126,1,1127.4,23
2026-10-01 7:14:18,18.5,52,2,3758,3006.4,OK,298,127,1,1127.4,23
2026-10-01 7:14:34,18.5,52,0.8,3758,3013.8,OK,336,127,1,1127.4,23
2026-10-01 7:14:50,18.4,51,0.4,3758,3017.5,OK,293,128,1,1127.4,23
2026-10-01 7:15:06,18.5,51,0.6,3758,3017.5,OK,294,129,1,1127.4,23
2026-10-01 7:15:22,18.4,51,0,3758,3013.8,OK,51,129,1,1127.4,23
2026-10-01 7:15:38,18.4,51,1,3758,3013.8,OK,40,130,1,1127.4,23
2026-10-01 7:15:54,18.5,51,0.3,3758,3021.2,OK,287,131,1,1127.4,23
2026-10-01 7:16:10,18.5,51,1.8,3758,3032.3,OK,18,131,1,1127.4,23
2026-10-01 7:16:26,18.4,51,1.7,3758,3054.5,OK,353,132,1,1127.4,23
2026-10-01 7:16:42,18.4,51,1.7,3758,3076.7,OK,301,133,1,1127.4,23
2026-10-01 7:16:58,18.4,50,1,3758,3102.6,OK,295,134,1,1127.4,23
2026-10-01 7:17:14,18.4,50,0.8,3758,3132.2,OK,300,136,1,1127.4,23
2026-10-01 7:17:30,18.4,50,0.7,3758,3169.2,OK,279,137,1,1127.4,23
2026-10-01 7:17:46,18.4,50,1.4,3758,3217.3,OK,277,138,1,1127.4,23
2026-10-01 7:18:02,18.4,50,1.3,3758,3269.1,OK,352,140,1,1127.4,23
2026-10-01 7:18:18,18.4,50,0.1,3758,3324.6,OK,273,140,1,1127.4,23
2026-10-01 7:18:34,18.4,50,1.7,3758,3387.5,OK,310,142,1,1127.4,23
2026-10-01 7:18:50,18.4,50,2.4,3758,3446.7,OK,296,144,1,1127.4,28
2026-10-01 7:19:06,18.4,50,1.3,3758,3509.6,OK,309,145,1,1127.4,28
2026-10-01 7:19:22,18.4,50,2.7,3758,3576.2,OK,276,146,1,1127.4,28
2026-10-01 7:19:38,18.3,50,2.5,3758,3642.8,OK,26,148,1,1127.4,28
2026-10-01 7:19:54,18.3,50,1.7,3758,3724.2,OK,300,150,1,1127.4,28
2026-10-01 7:20:10,18.3,50,1.8,3758,3805.6,OK,286,151,1,1127.4,28
2026-10-01 7:20:26,18.3,50,0.6,3758,3901.8,OK,332,153,1,1127.4,28
2026-10-01 7:20:42,18.3,50,0.6,3758,4005.4,OK,316,156,1,1127.4,28
2026-10-01 7:20:58,18.3,51,0.6,3758,4120.1,OK,342,158,1,1127.4,28
2026-10-01 7:21:14,18.3,51,1.1,3758,4245.9,OK,18,161,1,1127.4,28
2026-10-01 7:21:30,18.3,51,0.1,3758,4375.4,OK,282,163,1,1127.4,28
2026-10-01 7:21:46,18.3,51,1.7,3758,4516,OK,319,165,1,1127.4,28
2026-10-01 7:22:02,18.3,51,2.7,3758,4649.2,OK,357,167,1,1127.4,28
2026-10-01 7:22:18,18.3,51,0.8,3758,4793.5,OK,322,170,1,1127.4,28
2026-10-01 7:22:34,18.3,51,0.1,3758,4945.2,OK,316,173,1,1127.4,58
2026-10-01 7:22:50,18.3,51,1,3758,5104.3,OK,280,175,1,1127.4,58
2026-10-01 7:23:06,18.3,51,0.4,3758,5270.8,OK,307,178,1,1127.4,58
2026-10-01 7:23:22,18.3,51,0.4,3758,5441,OK,80,181,1,1127.4,58
2026-10-01 7:23:38,18.3,51,0.7,3758,5618.6,OK,45,184,1,1127.4,58
2026-10-01 7:23:54,18.3,51,0.1,3758,5792.5,OK,305,186,1,1127.4,58
2026-10-01 7:24:10,18.3,51,0.4,3758,5973.8,OK,300,188,1,1127.4,58
2026-10-01 7:24:26,18.3,51,1,3758,6169.9,OK,294,191,1,1127.4,58
2026-10-01 7:24:42,18.3,50,1.1,3758,6369.7,OK,340,195,1,1127.4,58
2026-10-01 7:24:58,18.3,50,0.6,3758,6565.8,OK,11,198,1,1127.4,58
2026-10-01 7:25:14,18.3,50,0.7,3758,6769.3,OK,344,202,1,1127.4,58
2026-10-01 7:25:30,18.3,50,0.4,3758,6980.2,OK,286,206,1,1127.4,58
2026-10-01 7:25:46,18.3,50,0.4,3758,7191.1,OK,59,209,1,1127.4,58
2026-10-01 7:26:02,18.3,51,1.3,3758,7409.4,OK,318,213,1,1127.4,58
2026-10-01 7:26:18,18.4,51,0.8,3758,7624,OK,55,217,1,1127.4,58
2026-10-01 7:26:34,18.3,51,0.3,3758,7849.7,OK,333,221,1,1127.4,58
2026-10-01 7:26:50,18.4,51,1.5,3758,8075.4,OK,274,226,1,1127.4,58
2026-10-01 7:27:06,18.3,51,0.7,3758,8312.2,OK,4,231,1,1127.4,58
2026-10-01 7:27:22,18.4,51,1.5,3758,8552.7,OK,48,235,1,1127.4,58
2026-10-01 7:27:38,18.4,51,2.1,3758,8804.3,OK,326,239,1,1127.4,104
2026-10-01 7:27:54,18.4,51,1.7,3758,9052.2,OK,303,242,1,1127.4,104
2026-10-01 7:28:10,18.4,51,1,3758,9289,OK,267,246,1,1127.4,104
2026-10-01 7:28:26,18.4,51,2.1,3758,9514.7,OK,340,248,1,1127.4,104
2026-10-01 7:28:42,18.4,51,1.3,3758,9714.5,OK,51,250,1,1127.4,104
2026-10-01 7:28:58,18.4,51,2,3758,9906.9,OK,299,252,1,1127.4,104
2026-10-01 7:29:14,18.4,52,1.7,3758,10104.4,OK,315,254,1,1127.4,104
2026-10-01 7:29:30,18.4,52,1.3,3758,10226.2,OK,302,255,1,1127.4,104
2026-10-01 7:29:46,18.4,52,0.7,3758,10321.9,OK,304,257,1,1127.4,104
2026-10-01 7:30:02,18.4,52,0.6,3758,10455.3,OK,33,256,1,1127.4,104
2026-10-01 7:30:18,18.4,52,0.8,3758,10553.9,OK,349,257,1,1127.4,104
2026-10-01 7:30:34,18.5,51,1,3758,10626.4,OK,333,257,1,1127.4,104
2026-10-01 7:30:50,18.5,51,1,3758,10681.5,OK,290,257,1,1127.4,104
2026-10-01 7:31:06,18.5,51,1.4,3758,10693.1,OK,287,257,1,1127.4,104
2026-10-01 7:31:22,18.5,51,0.8,3758,10652.5,OK,283,255,1,1127.4,104
2026-10-01 7:31:38,18.5,51,0.1,3758,10582.9,OK,342,255,1,1127.4,104
2026-10-01 7:31:54,18.5,51,0,3758,10493,OK,333,254,1,1127.4,104
2026-10-01 7:32:10,18.5,51,0,3758,10394.4,OK,304,252,1,1127.4,104
2026-10-01 7:32:26,18.5,51,0,3758,10298.7,OK,315,251,1,1127.4,104
2026-10-01 7:32:42,18.6,51,0,3758,10205.9,OK,312,250,1,1127.4,167
2026-10-01 7:32:58,18.6,51,0,3758,10133.4,OK,312,249,1,1127.4,167
2026-10-01 7:33:14,18.6,51,0,3758,10078.3,OK,299,249,1,1127.4,167
2026-10-01 7:33:30,18.6,51,0.3,3758,10084.1,OK,308,250,1,1127.4,167
2026-10-01 7:33:46,18.6,51,1.7,3758,10145,OK,330,253,1,1127.4,167
2026-10-01 7:34:02,18.6,50,1.4,3758,10217.5,OK,290,256,1,1127.4,167
2026-10-01 7:34:18,18.6,50,1.4,3758,10234.9,OK,295,258,1,1127.4,167
2026-10-01 7:34:34,18.7,50,1.1,3758,10217.5,OK,52,258,1,1127.4,167
2026-10-01 7:34:50,18.7,49,1.4,3758,10191.4,OK,295,259,1,1127.4,167
2026-10-01 7:35:06,18.7,49,0.8,3758,10118.9,OK,333,257,1,1127.4,167
2026-10-01 7:35:22,18.7,49,1.4,3758,10058,OK,66,256,1,1127.4,167
2026-10-01 7:35:38,18.7,49,0.8,3758,10237.8,OK,10,260,1,1127.4,167
2026-10-01 7:35:54,18.7,49,0.8,3758,10055.1,OK,299,255,1,1127.4,167
2026-10-01 7:36:10,18.7,48,1.3,3758,9803.3,OK,302,250,1,1127.4,167
2026-10-01 7:36:26,18.7,48,1.8,3758,9777.4,OK,287,250,1,1127.4,167
2026-10-01 7:36:42,18.7,49,2,3758,9755.2,OK,337,251,1,1127.4,167
2026-10-01 7:36:58,18.7,49,0.8,3758,9710.8,OK,300,250,1,1127.4,167
2026-10-01 7:37:14,18.8,49,0.1,3758,9681.2,OK,308,250,1,1127.4,167
2026-10-01 7:37:30,18.8,49,1.4,3758,9659,OK,72,250,1,1127.4,167
2026-10-01 7:37:46,18.8,48,1.4,3758,9644.2,OK,296,251,1,1127.4,99
2026-10-01 7:38:02,18.7,49,3.8,3758,9636.8,OK,349,251,1,1127.4,99
2026-10-01 7:38:18,18.7,49,2.5,3758,9618.3,OK,313,251,1,1127.4,99
2026-10-01 7:38:34,18.7,49,2,3758,9562.8,OK,286,251,1,1127.4,99
2026-10-01 7:38:50,18.7,49,2.4,3758,9570.2,OK,345,251,1,1127.4,99
2026-10-01 7:39:06,18.7,49,2.1,3758,9644.2,OK,350,254,1,1127.4,99
2026-10-01 7:39:22,18.7,49,2.1,3758,9425.9,OK,305,249,1,1127.4,99
2026-10-01 7:39:38,18.7,49,2.2,3758,9359.3,OK,334,250,1,1127.4,99
2026-10-01 7:39:54,18.7,49,2.1,3758,9366.7,OK,287,249,1,1127.4,99
2026-10-01 7:40:10,18.7,49,2.2,3758,9348.2,OK,290,250,1,1127.4,99
2026-10-01 7:40:26,18.7,49,0.8,3758,9344.5,OK,281,251,1,1127.4,99
2026-10-01 7:40:42,18.7,49,1.3,3758,9329.7,OK,295,251,1,1127.4,99
2026-10-01 7:40:58,18.7,49,0.6,3758,9318.6,OK,326,251,1,1127.4,99
2026-10-01 7:41:14,18.7,49,0.7,3758,9296.4,OK,287,252,1,1127.4,99
2026-10-01 7:41:30,18.7,49,0.3,3758,9274.2,OK,272,252,1,1127.4,99
2026-10-01 7:41:46,18.8,49,1.1,3758,9244.6,OK,325,252,1,1127.4,99
2026-10-01 7:42:02,18.7,48,2.2,3758,9229.8,OK,309,253,1,1127.4,99
2026-10-01 7:42:18,18.7,48,2.2,3758,9211.3,OK,349,253,1,1127.4,99
2026-10-01 7:42:34,18.7,48,1.4,3758,9196.5,OK,298,255,1,1127.4,112
2026-10-01 7:42:50,18.7,48,0.6,3758,9166.9,OK,95,256,1,1127.4,112
2026-10-01 7:43:06,18.7,48,0,3758,9181.7,OK,345,257,1,1127.4,112
2026-10-01 7:43:22,18.7,48,0,3758,9215,OK,36,259,1,1127.4,112
2026-10-01 7:43:38,18.7,48,1.1,3758,9240.9,OK,323,259,1,1127.4,112
2026-10-01 7:43:54,18.7,48,1.4,3758,9329.7,OK,291,263,1,1127.4,112
2026-10-01 7:44:10,18.7,48,0.6,3758,9448.1,OK,333,266,1,1127.4,112
2026-10-01 7:44:26,18.7,48,0.4,3758,9462.9,OK,322,268,1,1127.4,112
2026-10-01 7:44:42,18.7,48,0.7,3758,9448.1,OK,260,268,1,1127.4,112
2026-10-01 7:44:58,18.8,48,1,3758,9566.5,OK,299,273,1,1127.4,112
2026-10-01 7:45:14,18.8,48,1,3758,9503.6,OK,284,271,1,1127.4,112
2026-10-01 7:45:30,18.7,48,0.3,3758,9485.1,OK,276,270,1,1127.4,112
2026-10-01 7:45:46,18.8,48,0.3,3758,9548,OK,261,273,1,1127.4,112
2026-10-01 7:46:02,18.8,48,0.1,3758,9614.6,OK,313,274,1,1127.4,112
2026-10-01 7:46:18,18.8,47,0.1,3758,9692.3,OK,307,276,1,1127.4,112
2026-10-01 7:46:34,18.8,47,0.1,3758,9881,OK,352,282,1,1127.4,112
2026-10-01 7:46:50,18.8,47,0.4,3758,10081.2,OK,271,286,1,1127.4,112
2026-10-01 7:47:06,18.8,47,1.4,3758,10008.7,OK,271,284,1,1127.4,112
2026-10-01 7:47:22,18.8,47,1.4,3758,10005.8,OK,54,285,1,1127.4,112
2026-10-01 7:47:38,18.8,47,0.4,3758,9869.9,OK,342,282,1,1127.4,112
2026-10-01 7:47:54,18.8,47,0.6,3758,9799.6,OK,306,280,1,1127.4,112
2026-10-01 7:48:10,18.8,47,0.1,3758,9807,OK,350,281,1,1127.4,112
2026-10-01 7:48:26,18.8,47,0.6,3758,9773.7,OK,301,280,1,1127.4,112
2026-10-01 7:48:42,18.8,47,0.8,3758,9914.3,OK,34,285,1,1127.4,112
2026-10-01 7:48:58,18.8,46,1.4,3758,9799.6,OK,346,282,1,1127.4,88
2026-10-01 7:49:14,18.8,46,1.4,3758,9714.5,OK,40,279,1,1127.4,88
2026-10-01 7:49:30,18.8,46,0.3,3758,9670.1,OK,37,278,1,1127.4,88
2026-10-01 7:49:46,18.8,46,0,3758,9644.2,OK,47,278,1,1127.4,88
2026-10-01 7:50:02,18.8,46,0.6,3758,9585,OK,328,278,1,1127.4,88
2026-10-01 7:50:18,18.8,46,1.5,3758,9585,OK,346,278,1,1127.4,88
2026-10-01 7:50:34,18.8,46,1,3758,9566.5,OK,36,278,1,1127.4,88
2026-10-01 7:50:50,18.8,46,0.4,3758,9529.5,OK,10,278,1,1127.4,88
2026-10-01 7:51:06,18.8,46,1.1,3758,9507.3,OK,15,277,1,1127.4,88
2026-10-01 7:51:22,18.8,46,1,3758,9474,OK,33,278,1,1127.4,88
2026-10-01 7:51:38,18.8,46,1.4,3758,9448.1,OK,39,277,1,1127.4,88
2026-10-01 7:51:54,18.8,46,0.8,3758,9407.4,OK,348,278,1,1127.4,88
2026-10-01 7:52:10,18.8,46,1,3758,9370.4,OK,257,278,1,1127.4,88
2026-10-01 7:52:26,18.8,46,0.6,3758,9333.4,OK,5,279,1,1127.4,88
2026-10-01 7:52:42,18.8,46,0.3,3758,9285.3,OK,304,278,1,1127.4,80
2026-10-01 7:52:58,18.7,46,1.5,3758,9233.5,OK,293,279,1,1127.4,80
2026-10-01 7:53:14,18.7,46,0.3,3758,9192.8,OK,262,280,1,1127.4,80
2026-10-01 7:53:30,18.7,46,2.1,3758,9141,OK,295,280,1,1127.4,80
2026-10-01 7:53:46,18.7,46,2.4,3758,9092.9,OK,326,280,1,1127.4,80
2026-10-01 7:54:02,18.7,46,0.3,3758,9044.8,OK,135,280,1,1127.4,80
2026-10-01 7:54:18,18.7,46,1.1,3758,9000.4,OK,265,280,1,1127.4,80
2026-10-01 7:54:34,18.7,46,0.4,3758,8952.3,OK,47,282,1,1127.4,80
2026-10-01 7:54:50,18.7,46,0.4,3758,8904.2,OK,1,282,1,1127.4,80
2026-10-01 7:55:06,18.7,46,0.8,3758,8859.8,OK,262,282,1,1127.4,80
2026-10-01 7:55:22,18.7,46,0.4,3758,8808,OK,255,284,1,1127.4,80
2026-10-01 7:55:38,18.7,46,0.1,3758,8734,OK,273,283,1,1127.4,80
2026-10-01 7:55:54,18.7,46,1.8,3758,8730.3,OK,303,285,1,1127.4,80
2026-10-01 7:56:10,18.7,46,0.6,3758,8697,OK,275,286,1,1127.4,80
2026-10-01 7:56:26,18.7,46,0.1,3758,8663.7,OK,300,286,1,1127.4,80
2026-10-01 7:56:42,18.7,46,0.4,3758,8630.4,OK,8,288,1,1127.4,80
2026-10-01 7:56:58,18.7,46,1.7,3758,8597.1,OK,300,288,1,1127.4,80
2026-10-01 7:57:14,18.7,46,0.6,3758,8537.9,OK,39,289,1,1127.4,80
2026-10-01 7:57:30,18.7,46,1,3758,8537.9,OK,287,290,1,1127.4,80
2026-10-01 7:57:46,18.7,46,0.7,3758,8500.9,OK,55,290,1,1127.4,75
2026-10-01 7:58:02,18.7,46,0.7,3758,8467.6,OK,28,290,1,1127.4,75
2026-10-01 7:58:18,18.7,46,0.6,3758,8415.8,OK,31,291,1,1127.4,75
2026-10-01 7:58:34,18.7,46,0,3758,8345.5,OK,355,291,1,1127.4,75
2026-10-01 7:58:50,18.7,46,0.3,3758,8334.4,OK,358,291,1,1127.4,75
2026-10-01 7:59:06,18.7,46,0.6,3758,8271.5,OK,303,289,1,1127.4,75
2026-10-01 7:59:22,18.7,46,1.1,3758,8201.2,OK,317,288,1,1127.4,75
2026-10-01 7:59:38,18.7,46,0.1,3758,8108.7,OK,314,288,1,1127.4,75
2026-10-01 7:59:54,18.7,46,0,3758,7990.3,OK,96,285,1,1127.4,75
2026-10-01 8:00:10,18.7,46,1.1,3758,7864.5,OK,16,284,1,1127.4,75
2026-10-01 8:00:26,18.7,46,1.4,3758,7716.5,OK,72,280,1,1127.4,75
2026-10-01 8:00:42,18.6,46,1.8,3758,7546.3,OK,319,278,1,1127.4,75
2026-10-01 8:00:58,18.6,46,0.7,3758,7368.7,OK,353,275,1,1127.4,75
2026-10-01 8:01:14,18.6,46,0.4,3758,7187.4,OK,274,271,1,1127.4,75
2026-10-01 8:01:30,18.6,46,0.1,3758,7009.8,OK,61,268,1,1127.4,75
2026-10-01 8:01:46,18.6,46,0,3758,6847,OK,282,265,1,1127.4,75
2026-10-01 8:02:02,18.6,46,0.7,3758,6699,OK,302,262,1,1127.4,75
2026-10-01 8:02:18,18.6,46,0.8,3758,6580.6,OK,315,261,1,1127.4,75
2026-10-01 8:02:34,18.6,46,0.7,3758,6488.1,OK,72,260,1,1127.4,57
2026-10-01 8:02:50,18.6,46,0.4,3758,6428.9,OK,257,259,1,1127.4,57
2026-10-01 8:03:06,18.6,46,0.7,3758,6399.3,OK,288,258,1,1127.4,57
2026-10-01 8:03:22,18.6,46,1.3,3758,6399.3,OK,296,259,1,1127.4,57
2026-10-01 8:03:38,18.6,46,1.8,3758,6425.2,OK,278,259,1,1127.4,57
2026-10-01 8:03:54,18.6,46,2.1,3758,6488.1,OK,304,260,1,1127.4,57
2026-10-01 8:04:10,18.5,46,1.3,3758,6562.1,OK,322,260,1,1127.4,57
2026-10-01 8:04:26,18.5,46,0.7,3758,6650.9,OK,307,263,1,1127.4,57
2026-10-01 8:04:42,18.5,46,0.4,3758,6773,OK,262,264,1,1127.4,57
2026-10-01 8:04:58,18.5,46,1.3,3758,6939.5,OK,335,266,1,1127.4,57
2026-10-01 8:05:14,18.5,46,0.3,3758,7176.3,OK,125,270,1,1127.4,57
2026-10-01 8:05:30,18.6,46,1.7,3758,7494.5,OK,284,275,1,1127.4,57
2026-10-01 8:05:46,18.6,46,2,3758,7901.5,OK,295,282,1,1127.4,57
2026-10-01 8:06:02,18.5,46,1,3758,8386.2,OK,318,289,1,1127.4,57
2026-10-01 8:06:18,18.6,46,0,3758,8937.5,OK,314,298,1,1127.4,57
2026-10-01 8:06:34,18.6,46,0,3758,9533.2,OK,10,308,1,1127.4,57
2026-10-01 8:06:50,18.6,46,1.3,3758,10168.2,OK,320,318,1,1127.4,57
2026-10-01 8:07:06,18.6,46,1,3758,10649.6,OK,20,328,1,1127.4,57
2026-10-01 8:07:22,18.6,46,0.4,3758,11099.1,OK,280,337,1,1127.4,57
2026-10-01 8:07:38,18.6,46,1.4,3758,11505.1,OK,346,344,1,1127.4,113
2026-10-01 8:07:54,18.6,46,1.3,3758,11838.6,OK,303,351,1,1127.4,113
2026-10-01 8:08:10,18.6,45,1.3,3758,12119.9,OK,171,355,1,1127.4,113
2026-10-01 8:08:26,18.6,45,1.1,3758,12349,OK,1,359,1,1127.4,113
2026-10-01 8:08:42,18.6,46,1.5,3758,12543.3,OK,300,362,1,1127.4,113
2026-10-01 8:08:58,18.6,46,0.7,3758,12691.2,OK,302,365,1,1127.4,113
2026-10-01 8:09:14,18.6,46,2,3758,12818.8,OK,267,367,1,1127.4,113
2026-10-01 8:09:30,18.6,46,1.5,3758,12923.2,OK,81,370,1,1127.4,113
2026-10-01 8:09:46,18.6,46,1.8,3758,13010.2,OK,316,372,1,1127.4,113
2026-10-01 8:10:02,18.7,45,0.1,3758,13094.3,OK,292,374,1,1127.4,113
2026-10-01 8:10:18,18.7,45,1.8,3758,13172.6,OK,316,376,1,1127.4,113
2026-10-01 8:10:34,18.7,45,3.6,3758,13253.8,OK,305,379,1,1127.4,113
2026-10-01 8:10:50,18.7,45,1.4,3758,13320.5,OK,353,381,1,1127.4,113
2026-10-01 8:11:06,18.7,45,1,3758,13378.5,OK,271,383,1,1127.4,113
2026-10-01 8:11:22,18.7,44,2,3758,13413.3,OK,279,384,1,1127.4,113
2026-10-01 8:11:38,18.7,44,1.3,3758,13451,OK,151,386,1,1127.4,113
2026-10-01 8:11:54,18.7,44,0.7,3758,13462.6,OK,280,386,1,1127.4,113
2026-10-01 8:12:10,18.7,44,0.7,3758,13465.5,OK,303,387,1,1127.4,113
2026-10-01 8:12:26,18.7,44,1.1,3758,13471.3,OK,334,388,1,1127.4,113
2026-10-01 8:12:42,18.7,44,0.7,3758,13485.8,OK,289,389,1,1127.4,124
2026-10-01 8:12:58,18.7,44,1,3758,13511.9,OK,309,392,1,1127.4,124
2026-10-01 8:13:14,18.7,44,1.1,3758,13546.7,OK,333,393,1,1127.4,124
2026-10-01 8:13:30,18.7,43,0.7,3758,13601.8,OK,311,395,1,1127.4,124
2026-10-01 8:13:46,18.8,44,0,3758,13656.9,OK,359,397,1,1127.4,124
2026-10-01 8:14:02,18.7,44,0.3,3758,13723.6,OK,280,399,1,1127.4,124
2026-10-01 8:14:18,18.8,44,0.8,3758,13799,OK,289,401,1,1127.4,124
2026-10-01 8:14:34,18.8,43,1.1,3758,13883.1,OK,67,404,1,1127.4,124
2026-10-01 8:14:50,18.8,43,0.4,3758,13964.3,OK,23,406,1,1127.4,124
2026-10-01 8:15:06,18.8,43,0.1,3758,14054.2,OK,291,409,1,1127.4,124
2026-10-01 8:15:22,18.8,43,0.3,3758,14149.9,OK,26,411,1,1127.4,124
2026-10-01 8:15:38,18.9,43,0,3758,14239.8,OK,300,413,1,1127.4,124
2026-10-01 8:15:54,18.9,43,0,3758,14323.9,OK,265,415,1,1127.4,124
2026-10-01 8:16:10,18.9,43,0.4,3758,14379,OK,348,416,1,1127.4,124
2026-10-01 8:16:26,18.9,43,0.1,3758,14445.7,OK,304,418,1,1127.4,124
2026-10-01 8:16:42,18.9,43,0.1,3758,14486.3,OK,314,419,1,1127.4,124
2026-10-01 8:16:58,18.9,43,0,3758,14521.1,OK,289,419,1,1127.4,124
2026-10-01 8:17:14,19,43,0,3758,14532.7,OK,283,420,1,1127.4,124
2026-10-01 8:17:30,19,43,0.1,3758,14541.4,OK,21,421,1,1127.4,124
2026-10-01 8:17:46,19,42,0.1,3758,14555.9,OK,302,422,1,1127.4,124
2026-10-01 8:18:02,19,42,0.4,3758,14576.2,OK,6,423,1,1127.4,124
2026-10-01 8:18:18,19,43,1.1,3758,14616.8,OK,14,424,1,1127.4,124
2026-10-01 8:18:34,19,43,0.6,3758,14648.7,OK,12,426,1,1127.4,124
2026-10-01 8:18:50,19,43,0.8,3758,14689.3,OK,298,428,1,1127.4,124
2026-10-01 8:19:06,19,43,0.6,3758,14721.2,OK,234,428,1,1127.4,124
2026-10-01 8:19:22,19,43,0,3758,14744.4,OK,3,430,1,1127.4,134
2026-10-01 8:19:38,19,43,0.1,3758,14741.5,OK,339,432,1,1127.4,134
2026-10-01 8:19:54,19,43,0.8,3758,14738.6,OK,228,431,1,1127.4,134
2026-10-01 8:20:10,19,44,1.1,3758,14712.5,OK,327,433,1,1127.4,134
2026-10-01 8:20:26,19,44,0.4,3758,14698,OK,21,434,1,1127.4,134
2026-10-01 8:20:42,19,43,0.8,3758,14692.2,OK,336,436,1,1127.4,134
2026-10-01 8:20:58,19,43,0.1,3758,14724.1,OK,24,439,1,1127.4,134
2026-10-01 8:21:14,19,43,0,3758,14782.1,OK,26,441,1,1127.4,134
2026-10-01 8:21:30,19,43,1,3758,14872,OK,296,445,1,1127.4,134
2026-10-01 8:21:46,19,43,0.8,3758,14985.1,OK,45,450,1,1127.4,134
2026-10-01 8:22:02,19,43,1,3758,15130.1,OK,307,454,1,1127.4,134
2026-10-01 8:22:18,19,43,0.7,3758,15289.6,OK,330,459,1,1127.4,134
2026-10-01 8:22:34,19.1,43,0.4,3758,15454.9,OK,24,464,1,1127.4,155
2026-10-01 8:22:50,19,42,0.7,3758,15631.8,OK,346,469,1,1127.4,155
2026-10-01 8:23:06,19,42,1,3758,15779.7,OK,278,473,1,1127.4,155
2026-10-01 8:23:22,19.1,42,0,3758,15898.6,OK,331,477,1,1127.4,155
2026-10-01 8:23:38,19.1,42,0,3758,16029.1,OK,252,482,1,1127.4,155
2026-10-01 8:23:54,19.1,43,2,3758,16211.8,OK,295,484,1,1127.4,155
2026-10-01 8:24:10,19,42,1,3758,16336.5,OK,291,490,1,1127.4,155
2026-10-01 8:24:26,19,42,0.6,3758,16449.6,OK,61,493,1,1127.4,155
2026-10-01 8:24:42,19.1,42,0.1,3758,16568.5,OK,298,496,1,1127.4,155
2026-10-01 8:24:58,19,42,0.7,3758,16667.1,OK,27,499,1,1127.4,155
2026-10-01 8:25:14,19,41,0.8,3758,16777.3,OK,202,502,1,1127.4,155
2026-10-01 8:25:30,19,41,0.7,3758,16893.3,OK,312,505,1,1127.4,155
2026-10-01 8:25:46,19,41,1.4,3758,17020.9,OK,301,509,1,1127.4,155
2026-10-01 8:26:02,19,41,1.3,3758,17168.8,OK,6,512,1,1127.4,155
2026-10-01 8:26:18,19,40,1.1,3758,17313.8,OK,301,516,1,1127.4,155
2026-10-01 8:26:34,19,40,1,3758,17476.2,OK,306,519,1,1127.4,155
2026-10-01 8:26:50,19.1,40,1.3,3758,17644.4,OK,334,522,1,1127.4,155
2026-10-01 8:27:06,19,40,0.3,3758,17777.8,OK,261,527,1,1127.4,155
2026-10-01 8:27:22,19,40,0,3758,17946,OK,349,529,1,1127.4,155
2026-10-01 8:27:38,19.1,40,0.8,3758,18027.2,OK,313,531,1,1127.4,169
2026-10-01 8:27:54,19.1,40,0.7,3758,18209.9,OK,273,533,1,1127.4,169
2026-10-01 8:28:10,19.1,40,1,3758,18323,OK,4,534,1,1127.4,169
2026-10-01 8:28:26,19.1,40,1.4,3758,18410,OK,351,534,1,1127.4,169
2026-10-01 8:28:42,19,40,2.7,3758,18485.4,OK,0,536,1,1127.4,169
2026-10-01 8:28:58,19,40,2.1,3758,18534.7,OK,340,535,1,1127.4,169
2026-10-01 8:29:14,19,40,2.2,3758,18560.8,OK,9,533,1,1127.4,169
2026-10-01 8:29:30,19,40,0.8,3758,18543.4,OK,305,532,1,1127.4,169
2026-10-01 8:29:46,19,40,0.7,3758,18502.8,OK,330,529,1,1127.4,169
2026-10-01 8:30:02,19,41,0,3758,18424.5,OK,270,525,1,1127.4,169
2026-10-01 8:30:18,19.1,41,0.6,3758,18334.6,OK,300,520,1,1127.4,169
2026-10-01 8:30:34,19.1,41,0.8,3758,18204.1,OK,330,519,1,1127.4,169
2026-10-01 8:30:50,19.1,41,0,3758,18064.9,OK,318,515,1,1127.4,169
2026-10-01 8:31:06,19.1,41,0.1,3758,17931.5,OK,358,512,1,1127.4,169
2026-10-01 8:31:22,19.1,40,0.4,3758,17824.2,OK,137,512,1,1127.4,169
2026-10-01 8:31:38,19.1,40,0.7,3758,17751.7,OK,327,511,1,1127.4,169
2026-10-01 8:31:54,19.1,40,0.8,3758,17714,OK,297,512,1,1127.4,169
2026-10-01 8:32:10,19.1,40,0.1,3758,17725.6,OK,335,514,1,1127.4,169
2026-10-01 8:32:26,19.1,40,0.1,3758,17772,OK,305,517,1,1127.4,169
2026-10-01 8:32:42,19.1,40,0.7,3758,17821.3,OK,280,518,1,1127.4,162
2026-10-01 8:32:58,19.1,39,1.1,3758,17908.3,OK,27,522,1,1127.4,162
2026-10-01 8:33:14,19.1,39,1.4,3758,17975,OK,97,526,1,1127.4,162
2026-10-01 8:33:30,19.1,39,1.8,3758,18018.5,OK,303,527,1,1127.4,162
2026-10-01 8:33:46,19,39,1.4,3758,18050.4,OK,253,529,1,1127.4,162
2026-10-01 8:34:02,19,39,0.7,3758,18067.8,OK,307,531,1,1127.4,162
2026-10-01 8:34:18,19.1,39,1.4,3758,18073.6,OK,96,532,1,1127.4,162
2026-10-01 8:34:34,19,39,2.7,3758,18067.8,OK,12,532,1,1127.4,162
2026-10-01 8:34:50,19,39,1.3,3758,18038.8,OK,351,532,1,1127.4,162
2026-10-01 8:35:06,19.1,39,0.8,3758,18059.1,OK,313,532,1,1127.4,162
2026-10-01 8:35:22,19.1,39,1.1,3758,18050.4,OK,290,532,1,1127.4,162
2026-10-01 8:35:38,19.1,39,2.2,3758,18044.6,OK,333,531,1,1127.4,162
2026-10-01 8:35:54,19.1,39,2.2,3758,18050.4,OK,282,532,1,1127.4,162
2026-10-01 8:36:10,19,39,2.5,3758,18024.3,OK,5,531,1,1127.4,162
2026-10-01 8:36:26,19,39,1.5,3758,17986.6,OK,4,531,1,1127.4,162
2026-10-01 8:36:42,19,39,0.7,3758,17896.7,OK,346,529,1,1127.4,162
2026-10-01 8:36:58,19,40,0.3,3758,17850.3,OK,320,528,1,1127.4,162
2026-10-01 8:37:14,19,40,1,3758,17751.7,OK,58,525,1,1127.4,162
2026-10-01 8:37:30,19,39,2.4,3758,17624.1,OK,287,522,1,1127.4,162
2026-10-01 8:37:46,19,39,2,3758,17502.3,OK,308,519,1,1127.4,155
2026-10-01 8:38:02,18.9,40,1,3758,17406.6,OK,319,515,1,1127.4,155
2026-10-01 8:38:18,19,40,1.3,3758,17339.9,OK,4,513,1,1127.4,155
2026-10-01 8:38:34,19,40,0.4,3758,17334.1,OK,292,512,1,1127.4,155
2026-10-01 8:38:50,19,40,0.3,3758,17377.6,OK,36,513,1,1127.4,155
2026-10-01 8:39:06,19.1,40,0.6,3758,17484.9,OK,352,517,1,1127.4,155
2026-10-01 8:39:22,19.1,41,0.8,3758,17644.4,OK,306,522,1,1127.4,155
2026-10-01 8:39:38,19.1,41,0.8,3758,17856.1,OK,291,530,1,1127.4,155
2026-10-01 8:39:54,19.1,41,0.4,3758,18053.3,OK,283,538,1,1127.4,155
2026-10-01 8:40:10,19.1,41,0,3758,18352,OK,348,548,2,1127.4,155
2026-10-01 8:40:26,19.1,41,0.3,3758,18578.2,OK,8,554,2,1127.4,155
2026-10-01 8:40:42,19.1,41,0.6,3758,18781.2,OK,213,562,2,1127.4,155
2026-10-01 8:40:58,19.1,41,1.3,3758,18952.3,OK,340,567,2,1127.4,155
2026-10-01 8:41:14,19.1,41,1.4,3758,19091.5,OK,288,570,2,1127.4,155
2026-10-01 8:41:30,19.1,41,1.8,3758,19204.6,OK,346,574,2,1127.4,155
2026-10-01 8:41:46,19.1,41,0.1,3758,19282.9,OK,112,577,2,1127.4,155
2026-10-01 8:42:02,19.1,41,0.7,3758,19340.9,OK,347,580,2,1127.4,155
2026-10-01 8:42:18,19.1,41,1,3758,19387.3,OK,340,583,2,1127.4,155
2026-10-01 8:42:34,19.1,41,0.8,3758,19427.9,OK,240,583,2,1127.4,173
2026-10-01 8:42:50,19.1,41,0.6,3758,19456.9,OK,300,586,2,1127.4,173
2026-10-01 8:43:06,19.1,41,1.1,3758,19491.7,OK,272,588,2,1127.4,173
2026-10-01 8:43:22,19.1,41,1.7,3758,19523.6,OK,297,589,2,1127.4,173
2026-10-01 8:43:38,19.1,40,1.4,3758,19561.3,OK,349,591,2,1127.4,173
2026-10-01 8:43:54,19.1,40,2.4,3758,19599,OK,355,592,2,1127.4,173
2026-10-01 8:44:10,19,40,1,3758,19648.3,OK,304,594,2,1127.4,173
2026-10-01 8:44:26,19.1,40,0.6,3758,19732.4,OK,332,597,2,1127.4,173
2026-10-01 8:44:42,19,40,1.8,3758,19845.5,OK,19,601,2,1127.4,173
2026-10-01 8:44:58,19,40,1,3758,19973.1,OK,45,607,2,1127.4,173
2026-10-01 8:45:14,19,40,0.8,3758,20074.6,OK,300,609,2,1127.4,173
2026-10-01 8:45:30,19.1,40,2.2,3758,20274.7,OK,295,618,2,1127.4,173
2026-10-01 8:45:46,19,40,1.8,3758,20413.9,OK,344,623,2,1127.4,173
2026-10-01 8:46:02,19,40,0.8,3758,20524.1,OK,322,628,2,1127.4,173
2026-10-01 8:46:18,19,40,0.8,3758,20579.2,OK,301,632,2,1127.4,173
2026-10-01 8:46:34,19,40,2.5,3758,20643,OK,2,633,2,1127.4,173
2026-10-01 8:46:50,19,40,1.1,3758,20634.3,OK,332,636,2,1127.4,173
2026-10-01 8:47:06,19,40,2,3758,20590.8,OK,321,634,2,1127.4,173
2026-10-01 8:47:22,19,40,1.5,3758,20527,OK,3,633,2,1127.4,173
2026-10-01 8:47:38,19,40,1.3,3758,20466.1,OK,314,633,2,1127.4,173
2026-10-01 8:47:54,19,41,1,3758,20408.1,OK,277,632,2,1127.4,173
2026-10-01 8:48:10,19,41,1.4,3758,20387.8,OK,283,632,2,1127.4,173
2026-10-01 8:48:26,19,41,1.3,3758,20382,OK,6,633,2,1127.4,173
2026-10-01 8:48:42,19,41,0.6,3758,20384.9,OK,341,634,2,1127.4,173
2026-10-01 8:50:18,19.1,41,0.7,3758,20976.5,OK,333,637,2,1127.4,184
2026-10-01 8:50:34,19.1,42,0.8,3758,21165,OK,307,638,2,1127.4,184
2026-10-01 8:50:50,19.1,42,0.4,3758,21391.2,OK,266,643,2,1127.4,184
2026-10-01 8:51:06,19.2,41,0,3758,21640.6,OK,5,649,2,1127.4,184
2026-10-01 8:51:22,19.2,41,0.3,3758,21945.1,OK,308,657,2,1127.4,184
2026-10-01 8:51:38,19.2,41,1.7,3758,22287.3,OK,3,667,2,1127.4,184
2026-10-01 8:51:54,19.2,41,0.6,3758,22649.8,OK,286,678,2,1127.4,184
2026-10-01 8:52:10,19.3,40,0.6,3758,22980.4,OK,211,687,2,1127.4,184
2026-10-01 8:52:26,19.2,40,2,3758,23264.6,OK,341,695,2,1127.4,184
2026-10-01 8:52:42,19.2,40,2.8,3758,23485,OK,350,701,2,1127.4,236
2026-10-01 8:52:58,19.1,41,1.7,3758,23641.6,OK,312,706,2,1127.4,236
2026-10-01 8:53:14,19.1,41,0.6,3758,23769.2,OK,324,710,2,1127.4,236
2026-10-01 8:53:30,19.2,41,0,3758,23870.7,OK,303,716,2,1127.4,236
2026-10-01 8:53:46,19.2,41,0,3758,24004.1,OK,348,723,2,1127.4,236
2026-10-01 8:54:02,19.3,41,0.3,3758,24175.2,OK,331,731,2,1127.4,236
2026-10-01 8:54:18,19.3,40,0.6,3758,24413,OK,303,739,2,1127.4,236
2026-10-01 8:54:34,19.3,40,0.3,3758,24682.7,OK,309,751,2,1127.4,236
2026-10-01 8:54:50,19.4,40,1.4,3758,24975.6,OK,342,762,2,1127.4,236
2026-10-01 8:55:06,19.4,40,2.1,3758,25271.4,OK,322,773,2,1127.4,236
2026-10-01 8:55:22,19.3,39,1.3,3758,25532.4,OK,338,782,2,1127.4,236
2026-10-01 8:55:38,19.3,40,2.4,3758,25723.8,OK,284,788,2,1127.4,236
2026-10-01 8:55:54,19.3,40,1,3758,25854.3,OK,325,790,2,1127.4,236
2026-10-01 8:56:10,19.4,40,0.4,3758,25906.5,OK,340,791,2,1127.4,236
2026-10-01 8:56:26,19.4,39,1.4,3758,25883.3,OK,28,791,2,1127.4,236
2026-10-01 8:56:42,19.4,39,2,3758,25787.6,OK,334,787,2,1127.4,236
2026-10-01 8:56:58,19.3,39,1,3758,25642.6,OK,327,786,2,1127.4,236
2026-10-01 8:57:14,19.3,39,1,3758,25454.1,OK,213,781,2,1127.4,236
2026-10-01 8:57:30,19.3,39,0.7,3758,25233.7,OK,234,778,2,1127.4,236
2026-10-01 8:57:46,19.4,39,0.4,3758,25001.7,OK,300,776,2,1127.4,219
2026-10-01 8:58:02,19.4,39,1.7,3758,24746.5,OK,288,771,2,1127.4,219
2026-10-01 8:58:18,19.4,39,1.4,3758,24462.3,OK,344,765,2,1127.4,219
2026-10-01 8:58:34,19.4,39,0.7,3758,24160.7,OK,87,759,2,1127.4,219
2026-10-01 8:58:50,19.4,39,1,3758,23792.4,OK,331,751,2,1127.4,219
2026-10-01 8:59:06,19.4,39,0.7,3758,23574.9,OK,321,744,2,1127.4,219
2026-10-01 8:59:22,19.4,39,0.8,3758,23345.8,OK,294,737,2,1127.4,219
2026-10-01 8:59:38,19.5,39,1.3,3758,23116.7,OK,292,729,2,1127.4,219
2026-10-01 8:59:54,19.4,40,2.2,3758,22963,OK,346,726,2,1127.4,219
2026-10-01 9:00:10,19.4,40,2.1,3758,22823.8,OK,308,723,2,1127.4,219
2026-10-01 9:00:26,19.3,40,1,3758,22716.5,OK,352,721,2,1127.4,219
2026-10-01 9:00:42,19.3,40,1.5,3758,22620.8,OK,267,719,2,1127.4,219
2026-10-01 9:00:58,19.3,40,1.8,3758,22516.4,OK,307,715,2,1127.4,219
2026-10-01 9:01:14,19.3,40,0.7,3758,22385.9,OK,281,715,2,1127.4,219
2026-10-01 9:01:30,19.3,40,1.3,3758,22220.6,OK,331,710,2,1127.4,219
2026-10-01 9:01:46,19.3,41,0.1,3758,22014.7,OK,352,706,2,1127.4,219
2026-10-01 9:02:02,19.4,41,0.4,3758,21800.1,OK,300,700,2,1127.4,219
2026-10-01 9:02:18,19.4,41,0.8,3758,21602.9,OK,240,695,2,1127.4,219
2026-10-01 9:02:34,19.4,40,1.5,3758,21417.3,OK,300,689,2,1127.4,197
2026-10-01 9:02:50,19.4,40,2,3758,21281,OK,299,687,2,1127.4,197
2026-10-01 9:03:06,19.4,40,1.8,3758,21170.8,OK,274,683,2,1127.4,197
2026-10-01 9:03:22,19.3,40,2.5,3758,21118.6,OK,305,681,2,1127.4,197
2026-10-01 9:03:38,19.3,39,0.8,3758,21104.1,OK,275,680,2,1127.4,197
2026-10-01 9:03:54,19.3,39,1,3758,21109.9,OK,271,680,2,1127.4,197
2026-10-01 9:04:10,19.3,39,1.1,3758,21156.3,OK,305,678,2,1127.4,197
2026-10-01 9:04:26,19.3,39,2.1,3758,21199.8,OK,325,677,2,1127.4,197
2026-10-01 9:04:42,19.2,39,2.9,3758,21231.7,OK,302,677,2,1127.4,197
2026-10-01 9:04:58,19.2,39,2.2,3758,21225.9,OK,348,676,2,1127.4,197
2026-10-01 9:05:14,19.2,39,1.8,3758,21182.4,OK,332,675,2,1127.4,197
2026-10-01 9:05:30,19.1,39,1.8,3758,21063.5,OK,302,668,2,1127.4,197
2026-10-01 9:05:46,19.1,40,2.8,3758,20991,OK,289,668,2,1127.4,197
2026-10-01 9:06:02,19.1,40,0.8,3758,20785.1,OK,329,665,2,1127.4,197
2026-10-01 9:06:18,19.1,40,0.8,3758,20706.8,OK,275,661,2,1127.4,197
2026-10-01 9:06:34,19.2,40,1.4,3758,20573.4,OK,353,657,2,1127.4,197
2026-10-01 9:06:50,19.1,40,1.1,3758,20477.7,OK,319,654,2,1127.4,197
2026-10-01 9:07:06,19.2,40,1.1,3758,20454.5,OK,251,657,2,1127.4,197
2026-10-01 9:07:22,19.2,40,1,3758,20460.3,OK,288,658,2,1127.4,197
2026-10-01 9:07:38,19.3,40,0.6,3758,20527,OK,29,663,2,1127.4,200
2026-10-01 9:07:54,19.2,39,1.4,3758,20619.8,OK,289,665,2,1127.4,200
2026-10-01 9:08:10,19.3,40,0.7,3758,20767.7,OK,322,672,2,1127.4,200
2026-10-01 9:08:26,19.3,40,0.6,3758,20962,OK,351,680,2,1127.4,200
2026-10-01 9:08:42,19.4,39,0.6,3758,21176.6,OK,338,689,2,1127.4,200
2026-10-01 9:08:58,19.4,39,0.1,3758,21417.3,OK,353,697,2,1127.4,200
2026-10-01 9:09:14,19.4,39,0.6,3758,21681.2,OK,322,706,2,1127.4,200
2026-10-01 9:09:30,19.4,38,1.5,3758,21927.7,OK,332,715,2,1127.4,200
2026-10-01 9:09:46,19.4,39,1.1,3758,22174.2,OK,37,724,2,1127.4,200
2026-10-01 9:10:02,19.3,38,0.3,3758,22391.7,OK,136,730,2,1127.4,200
2026-10-01 9:10:18,19.3,39,1.8,3758,22597.6,OK,316,736,2,1127.4,200
2026-10-01 9:10:34,19.3,39,2.4,3758,22809.3,OK,275,741,2,1127.4,200
2026-10-01 9:10:50,19.2,39,1.7,3758,23021,OK,13,746,2,1127.4,200
2026-10-01 9:11:06,19.2,39,1.7,3758,23226.9,OK,291,753,2,1127.4,200
2026-10-01 9:11:22,19.2,39,2.7,3758,23441.5,OK,278,759,2,1127.4,200
2026-10-01 9:11:38,19.2,39,1.3,3758,23664.8,OK,291,766,2,1127.4,200
2026-10-01 9:11:54,19.2,39,2,3758,23917.1,OK,38,774,2,1127.4,200
2026-10-01 9:12:10,19.1,39,2.4,3758,24198.4,OK,306,780,2,1127.4,200
2026-10-01 9:12:26,19.1,39,1.7,3758,24479.7,OK,241,790,2,1127.4,200
2026-10-01 9:12:42,19.1,39,1.7,3758,24821.9,OK,312,799,2,1127.4,313
2026-10-01 9:12:58,19.1,39,1.8,3758,25172.8,OK,310,810,2,1127.4,313
2026-10-01 9:13:14,19.1,39,1.8,3758,25544,OK,8,820,2,1127.4,313
2026-10-01 9:13:30,19.1,39,1.3,3758,25941.3,OK,288,832,2,1127.4,313
2026-10-01 9:13:46,19.2,39,1.4,3758,26361.8,OK,279,843,2,1127.4,313
2026-10-01 9:14:02,19.2,39,1.8,3758,26776.5,OK,338,857,2,1127.4,313
2026-10-01 9:14:18,19.1,39,2.2,3758,27194.1,OK,306,867,2,1127.4,313
2026-10-01 9:14:34,19.1,39,1.7,3758,27603,OK,284,881,2,1127.4,313
2026-10-01 9:14:50,19.1,39,1.8,3758,28011.9,OK,305,891,2,1127.4,313
2026-10-01 9:15:06,19.2,39,1.4,3758,28417.9,OK,307,901,2,1127.4,313
2026-10-01 9:15:22,19.2,39,0.4,3758,28838.4,OK,348,914,2,1127.4,313
2026-10-01 9:15:38,19.2,39,0.1,3758,29096.5,OK,254,922,2,1127.4,313
2026-10-01 9:15:54,19.3,39,0,3758,29192.2,OK,327,924,2,1127.4,313
2026-10-01 9:16:10,19.4,39,0,3758,29316.9,OK,334,927,2,1127.4,313
2026-10-01 9:16:26,19.4,39,0.1,3758,29467.7,OK,284,931,2,1127.4,313
2026-10-01 9:16:42,19.5,39,0.3,3758,29670.7,OK,288,935,2,1127.4,313
2026-10-01 9:16:58,19.5,38,1,3758,30195.6,OK,339,949,2,1127.4,313
2026-10-01 9:17:14,19.5,38,1.5,3758,31512.2,OK,308,989,2,1127.4,313
2026-10-01 9:17:30,19.5,37,1.3,3758,30650.9,OK,309,962,2,1127.4,313
2026-10-01 9:17:46,19.5,38,0.3,3758,30268.1,OK,292,953,2,1127.4,313
2026-10-01 9:18:02,19.5,37,0.4,3758,29960.7,OK,319,944,2,1127.4,313
2026-10-01 9:18:18,19.6,37,0,3758,29789.6,OK,238,942,2,1127.4,313
2026-10-01 9:18:34,19.6,37,0.3,3758,29546,OK,219,937,2,1127.4,313
2026-10-01 9:19:22,19.7,37,0.6,3758,29960.7,OK,344,951,2,1127.4,379
2026-10-01 9:19:38,19.7,37,1.5,3758,30215.9,OK,359,958,2,1127.4,379
2026-10-01 9:19:54,19.7,36,1.7,3758,30511.7,OK,233,967,2,1127.4,379
2026-10-01 9:20:10,19.6,37,2,3758,30677,OK,317,972,2,1127.4,379
2026-10-01 9:20:26,19.6,36,3.5,3758,31407.8,OK,314,994,2,1127.4,379
2026-10-01 9:20:42,19.5,36,2.2,3758,31596.3,OK,131,999,2,1127.4,379
2026-10-01 9:20:58,19.5,36,1.5,3758,33553.8,OK,63,1055,3,1127.4,379
2026-10-01 9:21:14,19.5,36,2.1,3758,31964.6,OK,259,1010,3,1127.4,379
2026-10-01 9:21:30,19.5,36,1.3,3758,31973.3,OK,351,1008,3,1127.4,379
2026-10-01 9:21:46,19.5,36,1.3,3758,31767.4,OK,327,1000,3,1127.4,379
2026-10-01 9:22:02,19.6,36,1.4,3758,31779,OK,278,996,2,1127.4,379
2026-10-01 9:22:18,19.6,36,1.4,3758,32788.2,OK,247,1027,3,1127.4,379
2026-10-01 9:22:34,19.6,37,0.6,3758,33455.2,OK,3,1042,3,1127.4,353
2026-10-01 9:22:50,19.7,37,0.3,3758,31744.2,OK,354,995,2,1127.4,353
2026-10-01 9:23:06,19.7,36,0.6,3758,29717.1,OK,39,941,2,1127.4,353
2026-10-01 9:23:22,19.8,36,0.1,3758,30476.9,OK,316,968,2,1127.4,353
2026-10-01 9:23:38,19.8,36,0.3,3758,29215.4,OK,332,934,2,1127.4,353
2026-10-01 9:23:54,19.9,36,1.7,3758,29473.5,OK,17,946,2,1127.4,353
2026-10-01 9:24:10,19.8,36,2.1,3758,28931.2,OK,294,933,2,1127.4,353
2026-10-01 9:24:26,19.8,36,1.4,3758,28908,OK,270,935,2,1127.4,353
2026-10-01 9:24:42,19.8,36,1.1,3758,28632.5,OK,308,928,2,1127.4,353
2026-10-01 9:24:58,19.8,36,0.8,3758,28023.5,OK,350,917,2,1127.4,353
2026-10-01 9:25:14,19.7,36,1.4,3758,28029.3,OK,358,916,2,1127.4,353
2026-10-01 9:25:30,19.7,36,2.8,3758,27774.1,OK,334,910,2,1127.4,353
2026-10-01 9:25:46,19.6,36,1.7,3758,27675.5,OK,305,907,2,1127.4,353
2026-10-01 9:26:02,19.7,37,1.4,3758,27603,OK,312,911,2,1127.4,353
2026-10-01 9:26:18,19.7,37,1,3758,27394.2,OK,283,903,2,1127.4,353
2026-10-01 9:26:34,19.8,37,3.5,3758,27052,OK,300,894,2,1127.4,353
2026-10-01 9:26:50,19.7,37,2.2,3758,26773.6,OK,318,885,2,1127.4,353
2026-10-01 9:27:06,19.7,37,1.1,3758,26541.6,OK,40,876,2,1127.4,353
2026-10-01 9:27:22,19.7,37,1.8,3758,26225.5,OK,342,865,2,1127.4,353
2026-10-01 9:27:38,19.7,36,2.5,3758,25915.2,OK,300,853,2,1127.4,334
2026-10-01 9:27:54,19.7,36,2.2,3758,25761.5,OK,321,846,2,1127.4,334
2026-10-01 9:28:10,19.6,37,1.5,3758,25709.3,OK,289,843,2,1127.4,334
2026-10-01 9:28:26,19.7,37,1.7,3758,25674.5,OK,295,842,2,1127.4,334
2026-10-01 9:28:42,19.7,37,1,3758,25715.1,OK,111,845,2,1127.4,334
2026-10-01 9:28:58,19.7,37,0.4,3758,25831.1,OK,42,851,2,1127.4,334
2026-10-01 9:29:14,19.8,37,0.1,3758,26025.4,OK,352,862,2,1127.4,334
2026-10-01 9:29:30,19.9,37,0,3758,26245.8,OK,303,873,2,1127.4,334
2026-10-01 9:29:46,20,37,0.1,3758,26547.4,OK,195,887,2,1127.4,334
2026-10-01 9:30:02,20,37,0.1,3758,26822.9,OK,359,902,2,1127.4,334
2026-10-01 9:30:18,20,36,0.6,3758,27185.4,OK,317,918,2,1127.4,334
2026-10-01 9:30:34,20.1,36,0.1,3758,27478.3,OK,10,929,2,1127.4,334
2026-10-01 9:30:50,20,36,1.5,3758,27727.7,OK,314,942,2,1127.4,334
2026-10-01 9:31:06,20,36,0.3,3758,27965.5,OK,296,952,2,1127.4,334
2026-10-01 9:31:22,20.1,36,0.6,3758,28098.9,OK,268,959,2,1127.4,334
2026-10-01 9:31:38,20.1,37,0,3758,28243.9,OK,340,968,2,1127.4,334
2026-10-01 9:31:54,20.1,36,0.1,3758,28533.9,OK,189,979,2,1127.4,334
2026-10-01 9:32:10,20.2,36,1.1,3758,28612.2,OK,302,984,2,1127.4,334
2026-10-01 9:32:26,20.1,36,1,3758,28217.8,OK,280,972,2,1127.4,334
2026-10-01 9:32:42,20,36,1.8,3758,27579.8,OK,310,954,2,1127.4,293
2026-10-01 9:32:58,20,36,1.1,3758,26907,OK,296,935,2,1127.4,293
2026-10-01 9:33:14,20,36,1.5,3758,26315.4,OK,3,917,2,1127.4,293
2026-10-01 9:33:30,20,36,2.1,3758,25700.6,OK,321,895,2,1127.4,293
2026-10-01 9:33:46,19.9,36,1.8,3758,25103.2,OK,325,876,2,1127.4,293
2026-10-01 9:34:02,19.9,36,1.3,3758,24476.8,OK,238,855,2,1127.4,293
2026-10-01 9:34:18,19.9,36,2.2,3758,23780.8,OK,304,830,2,1127.4,293
2026-10-01 9:34:34,19.9,36,1.1,3758,22974.6,OK,317,801,2,1127.4,293
2026-10-01 9:34:50,19.9,36,3.5,3758,22443.9,OK,18,783,2,1127.4,293
2026-10-01 9:35:06,19.8,36,2.5,3758,21849.4,OK,358,763,2,1127.4,293
2026-10-01 9:35:22,19.8,36,2.1,3758,21191.1,OK,344,743,2,1127.4,293
2026-10-01 9:35:38,19.7,37,1,3758,20590.8,OK,339,728,2,1127.4,293
2026-10-01 9:35:54,19.7,37,1.4,3758,20382,OK,314,722,2,1127.4,293
2026-10-01 9:36:10,19.7,37,0.8,3758,20094.9,OK,301,715,2,1127.4,293
2026-10-01 9:36:26,19.7,37,1.1,3758,19929.6,OK,300,716,2,1127.4,293
2026-10-01 9:36:42,19.7,37,0.4,3758,19787.5,OK,346,718,2,1127.4,293
2026-10-01 9:36:58,19.7,37,0,3758,19909.3,OK,239,730,2,1127.4,293
2026-10-01 9:37:14,19.8,37,0,3758,20097.8,OK,297,747,2,1127.4,293
2026-10-01 9:37:30,19.7,37,0.6,3758,20567.6,OK,279,768,2,1127.4,293
2026-10-01 9:37:46,19.8,38,0.6,3758,21266.5,OK,288,799,2,1127.4,618
2026-10-01 9:38:02,19.8,37,0.3,3758,22032.1,OK,307,832,2,1127.4,618
2026-10-01 9:38:18,19.8,37,0.4,3758,22838.3,OK,314,864,2,1127.4,618
2026-10-01 9:38:34,19.8,37,0,3758,23949,OK,306,901,2,1127.4,618
2026-10-01 9:38:50,19.8,37,0.3,3758,25477.3,OK,313,947,2,1127.4,618
2026-10-01 9:39:06,19.8,37,0.3,3758,28644.1,OK,295,1039,3,1127.4,618
2026-10-01 9:39:22,19.9,37,0,3758,29676.5,OK,214,1060,3,1127.4,618
2026-10-01 9:39:38,20,36,0,3758,33948.2,OK,243,1162,3,1127.4,618
2026-10-01 9:39:54,20.1,36,1.3,3758,40925.6,OK,312,1328,3,1127.4,618
2026-10-01 9:40:10,20.1,36,0.7,3758,35261.9,OK,354,1184,3,1127.4,618
2026-10-01 9:40:26,20.2,36,0.8,3758,35235.8,OK,2,1176,3,1127.4,618
2026-10-01 9:40:42,20.2,36,0.7,3758,34035.2,OK,314,1142,3,1127.4,618
2026-10-01 9:40:58,20.1,35,1.7,3758,33318.9,OK,337,1121,3,1127.4,618
2026-10-01 9:41:14,20,35,2.1,3758,36810.5,OK,349,1214,3,1127.4,618
2026-10-01 9:41:30,20,35,0.7,3758,34336.8,OK,329,1148,3,1127.4,618
2026-10-01 9:41:46,20,35,0.6,3758,35537.4,OK,16,1182,3,1127.4,618
2026-10-01 9:42:02,20,36,2,3758,33855.4,OK,278,1132,3,1127.4,618
2026-10-01 9:42:18,20.1,36,0.3,3758,37671.8,OK,9,1239,3,1127.4,618
2026-10-01 9:42:34,20.1,36,0,3758,38605.6,OK,93,1263,3,1127.4,660
2026-10-01 9:42:50,20.3,36,0.3,3758,40015,OK,305,1298,3,1127.4,660
2026-10-01 9:43:06,20.3,36,0.7,3758,39145,OK,300,1275,3,1127.4,660
2026-10-01 9:43:22,20.3,36,1.3,3758,38379.4,OK,284,1254,3,1127.4,660
2026-10-01 9:43:38,20.3,36,1.4,3758,39556.8,OK,307,1287,3,1127.4,660
2026-10-01 9:43:54,20.3,35,0.6,3758,39893.2,OK,327,1298,3,1127.4,660
2026-10-01 9:44:10,20.3,36,0.6,3758,44889.9,OK,334,1415,4,1127.4,660
2026-10-01 9:44:26,20.4,36,1.8,3758,44556.4,OK,300,1411,4,1127.4,660
2026-10-01 9:44:42,20.4,35,2.8,3758,44747.8,OK,291,1419,4,1127.4,660
2026-10-01 9:44:58,20.3,35,0.8,3758,39275.5,OK,327,1273,3,1127.4,660
2026-10-01 9:45:14,20.3,35,2,3758,42314.7,OK,9,1351,3,1127.4,660
2026-10-01 9:45:30,20.3,35,1.3,3758,46835.8,OK,306,1457,4,1127.4,660
2026-10-01 9:45:46,20.3,35,2.5,3758,48529.4,OK,267,1490,4,1127.4,660
2026-10-01 9:46:02,20.2,36,3.9,3758,48923.8,OK,321,1494,4,1127.4,660
2026-10-01 9:46:18,20.1,36,3.5,3758,44231.6,OK,282,1380,3,1127.4,660
2026-10-01 9:46:34,20.1,36,1.8,3758,39780.1,OK,2,1256,3,1127.4,660
2026-10-01 9:46:50,20.1,36,2.1,3758,40264.4,OK,334,1274,3,1127.4,660
2026-10-01 9:47:06,20.1,36,3.2,3758,45127.7,OK,313,1386,3,1127.4,660
2026-10-01 9:47:22,20.1,36,0.6,3758,39652.5,OK,344,1255,3,1127.4,660
2026-10-01 9:47:38,20.1,36,0.3,3758,39751.1,OK,312,1256,3,1127.4,660
2026-10-01 9:47:54,20.2,36,1.4,3758,52780.8,OK,298,1570,4,1127.4,660
2026-10-01 9:48:10,20.3,36,2.2,3758,36691.6,OK,309,1176,3,1127.4,660
2026-10-01 9:48:26,20.3,35,3.5,3758,35949.2,OK,279,1162,3,1127.4,660
2026-10-01 9:48:42,20.3,35,2,3758,34638.4,OK,6,1124,3,1127.4,660
2026-10-01 9:48:58,20.3,35,1.8,3758,33304.4,OK,213,1087,3,1127.4,542
2026-10-01 9:49:14,20.2,35,2.7,3758,33072.4,OK,327,1083,3,1127.4,542
2026-10-01 9:49:30,20.2,35,1.7,3758,33214.5,OK,289,1086,3,1127.4,542
2026-10-01 9:49:46,20.2,35,2.7,3758,34220.8,OK,14,1117,3,1127.4,542
2026-10-01 9:50:02,20.2,34,2.5,3758,35656.3,OK,23,1156,3,1127.4,542
2026-10-01 9:50:18,20.2,34,1.7,3758,36250.8,OK,292,1172,3,1127.4,542
2026-10-01 9:50:34,20.2,34,2.2,3758,36917.8,OK,318,1188,3,1127.4,542
2026-10-01 9:50:50,20.2,34,2,3758,38663.6,OK,337,1226,3,1127.4,542
2026-10-01 9:51:06,20.2,34,1.4,3758,36076.8,OK,327,1162,3,1127.4,542
2026-10-01 9:51:22,20.2,34,2.4,3758,36508.9,OK,37,1173,3,1127.4,542
2026-10-01 9:51:38,20.2,34,1.4,3758,38289.5,OK,49,1224,3,1127.4,542
2026-10-01 9:51:54,20.2,34,2.2,3758,35885.4,OK,307,1153,3,1127.4,542
2026-10-01 9:52:10,20.2,34,2,3758,36433.5,OK,296,1172,3,1127.4,542
2026-10-01 9:52:26,20.2,35,2.2,3758,36436.4,OK,310,1178,3,1127.4,542
2026-10-01 9:52:42,20.2,35,1.5,3758,35592.5,OK,275,1155,3,1127.4,426
2026-10-01 9:52:58,20.2,35,1.7,3758,34963.2,OK,315,1141,3,1127.4,426
2026-10-01 9:53:14,20.2,35,1.8,3758,34754.4,OK,11,1133,3,1127.4,426
2026-10-01 9:53:30,20.1,35,1.7,3758,34342.6,OK,326,1123,3,1127.4,426
2026-10-01 9:53:46,20.1,35,0,3758,34145.4,OK,359,1120,3,1127.4,426
2026-10-01 9:54:02,20.2,35,0.8,3758,34519.5,OK,344,1128,3,1127.4,426
2026-10-01 9:54:18,20.2,35,1.5,3758,34841.4,OK,305,1137,3,1127.4,426
2026-10-01 9:54:34,20.2,35,1.3,3758,34942.9,OK,355,1142,3,1127.4,426
2026-10-01 9:54:50,20.2,35,1.1,3758,34969,OK,336,1138,3,1127.4,426
2026-10-01 9:55:06,20.2,35,1.7,3758,34896.5,OK,10,1136,3,1127.4,426
2026-10-01 9:55:22,20.2,34,1.4,3758,35537.4,OK,296,1154,3,1127.4,426
2026-10-01 9:55:38,20.2,34,1.5,3758,35575.1,OK,1,1155,3,1127.4,426
2026-10-01 9:55:54,20.2,34,2.2,3758,34383.2,OK,300,1118,3,1127.4,426
2026-10-01 9:56:10,20.2,34,2.9,3758,33681.4,OK,306,1098,3,1127.4,426
2026-10-01 9:56:26,20,34,3.9,3758,33490,OK,35,1087,3,1127.4,426
2026-10-01 9:56:42,20,35,1.7,3758,33524.8,OK,4,1088,3,1127.4,426
2026-10-01 9:56:58,20,35,0.7,3758,33574.1,OK,282,1087,3,1127.4,426
2026-10-01 9:57:14,20,34,2.2,3758,33733.6,OK,357,1090,3,1127.4,426
2026-10-01 9:57:30,20,34,2.7,3758,32927.4,OK,322,1064,3,1127.4,426
2026-10-01 9:57:46,19.9,35,1.1,3758,32164.7,OK,320,1040,3,1127.4,334
2026-10-01 9:58:02,19.9,35,3.1,3758,30120.2,OK,291,987,2,1127.4,334
2026-10-01 9:58:18,19.9,35,2.1,3758,29592.4,OK,308,973,2,1127.4,334
2026-10-01 9:58:34,19.8,35,3.5,3758,28713.7,OK,308,948,2,1127.4,334
2026-10-01 9:58:50,19.8,35,2.5,3758,28226.5,OK,295,942,2,1127.4,334
2026-10-01 9:59:06,19.7,34,2.8,3758,27666.8,OK,306,926,2,1127.4,334
2026-10-01 9:59:22,19.7,35,1.7,3758,26692.4,OK,256,901,2,1127.4,334
2026-10-01 9:59:38,19.7,35,1.8,3758,26396.6,OK,10,896,2,1127.4,334
2026-10-01 9:59:54,19.7,35,0.3,3758,26289.3,OK,352,900,2,1127.4,334
2026-10-01 10:00:10,19.8,35,0,3758,26271.9,OK,312,904,2,1127.4,334
2026-10-01 10:00:26,19.8,34,0.7,3758,26300.9,OK,350,912,2,1127.4,334
2026-10-01 10:00:42,19.8,35,1.7,3758,26422.7,OK,305,917,2,1127.4,334
2026-10-01 10:00:58,19.8,35,2.1,3758,26648.9,OK,15,927,2,1127.4,334
2026-10-01 10:01:14,19.7,36,2.2,3758,26559,OK,56,930,2,1127.4,334
2026-10-01 10:01:30,19.7,36,2,3758,26327,OK,307,918,2,1127.4,334
2026-10-01 10:01:46,19.6,36,2.1,3758,26039.9,OK,332,903,2,1127.4,334
2026-10-01 10:02:02,19.6,36,2.2,3758,25851.4,OK,20,897,2,1127.4,334
2026-10-01 10:02:18,19.6,36,1.8,3758,25648.4,OK,10,889,2,1127.4,334
2026-10-01 10:02:34,19.5,37,2.2,3758,27025.9,OK,324,928,2,1127.4,328
2026-10-01 10:02:50,19.5,37,1.8,3758,26706.9,OK,310,919,2,1127.4,328
2026-10-01 10:03:06,19.5,36,2.2,3758,26182,OK,357,908,2,1127.4,328
2026-10-01 10:03:22,19.4,37,2.4,3758,25097.4,OK,293,884,2,1127.4,328
2026-10-01 10:03:38,19.4,37,2.4,3758,25378.7,OK,272,899,2,1127.4,328
2026-10-01 10:03:54,19.4,36,1.8,3758,24604.4,OK,341,878,2,1127.4,328
2026-10-01 10:04:10,19.4,36,1.8,3758,24369.5,OK,312,881,2,1127.4,328
2026-10-01 10:04:26,19.5,36,1.5,3758,24352.1,OK,342,889,2,1127.4,328
2026-10-01 10:04:42,19.5,36,1.7,3758,24676.9,OK,310,904,2,1127.4,328
2026-10-01 10:04:58,19.6,37,1.5,3758,25016.2,OK,306,921,2,1127.4,328
2026-10-01 10:05:14,19.6,37,0.4,3758,25375.8,OK,305,937,2,1127.4,328
2026-10-01 10:05:30,19.6,37,1.3,3758,25671.6,OK,295,951,2,1127.4,328
2026-10-01 10:05:46,19.7,36,1.3,3758,25958.7,OK,272,962,2,1127.4,328
2026-10-01 10:06:02,19.7,36,0.6,3758,26141.4,OK,356,970,2,1127.4,328
2026-10-01 10:06:18,19.8,36,0,3758,26329.9,OK,340,974,2,1127.4,328
2026-10-01 10:06:34,19.8,36,1.7,3758,26762,OK,33,984,2,1127.4,328
2026-10-01 10:06:50,19.7,35,2,3758,27484.1,OK,40,1007,3,1127.4,328
2026-10-01 10:07:06,19.7,35,1.8,3758,28133.7,OK,291,1022,3,1127.4,328
2026-10-01 10:07:22,19.7,35,0.8,3758,28736.9,OK,344,1036,3,1127.4,328
2026-10-01 10:07:38,19.7,35,3.8,3758,28963.1,OK,333,1040,3,1127.4,535
2026-10-01 10:07:54,19.6,35,2.7,3758,28797.8,OK,340,1046,3,1127.4,535
2026-10-01 10:08:10,19.6,36,2.1,3758,25544,OK,325,954,2,1127.4,535
2026-10-01 10:08:26,19.5,36,3.1,3758,25103.2,OK,356,952,2,1127.4,535
2026-10-01 10:08:42,19.4,36,2.5,3758,24531.9,OK,302,939,2,1127.4,535
2026-10-01 10:08:58,19.4,37,1.3,3758,24645,OK,336,947,2,1127.4,535
2026-10-01 10:09:14,19.4,37,1.1,3758,25042.3,OK,11,962,2,1127.4,535
2026-10-01 10:09:30,19.5,37,0.4,3758,25778.9,OK,352,989,2,1127.4,535
2026-10-01 10:09:46,19.5,37,0.3,3758,28188.8,OK,205,1057,3,1127.4,535
2026-10-01 10:10:02,19.6,37,1.4,3758,43315.2,OK,14,1447,4,1127.4,535
2026-10-01 10:10:18,19.6,37,1.1,3758,39585.8,OK,40,1348,3,1127.4,535
2026-10-01 10:10:34,19.6,36,1.7,3758,40000.5,OK,305,1360,3,1127.4,535
2026-10-01 10:10:50,19.7,36,0.3,3758,43590.7,OK,1,1453,4,1127.4,535
2026-10-01 10:11:06,19.8,36,0.6,3758,31004.7,OK,320,1133,3,1127.4,535
2026-10-01 10:11:22,19.8,36,0.8,3758,50489.8,OK,0,1606,4,1127.4,535
2026-10-01 10:11:38,19.9,36,0.7,3758,39887.4,OK,325,1346,3,1127.4,535
2026-10-01 10:11:54,20,35,0,3758,37529.7,OK,354,1282,3,1127.4,535
2026-10-01 10:12:10,20.1,35,0.8,3758,51014.7,OK,338,1587,4,1127.4,535
2026-10-01 10:12:26,20.1,35,0.3,3758,32814.3,OK,296,1152,3,1127.4,535
2026-10-01 10:12:42,20.2,35,0.1,3758,36369.7,OK,357,1245,3,1127.4,597
2026-10-01 10:12:58,20.3,35,1.3,3758,42314.7,OK,331,1381,3,1127.4,597
2026-10-01 10:13:14,20.2,34,4.1,3758,33722,OK,355,1180,3,1127.4,597
2026-10-01 10:13:30,20.1,33,3.1,3758,28577.4,OK,25,1053,3,1127.4,597
2026-10-01 10:13:46,20,33,2,3758,29682.3,OK,340,1089,3,1127.4,597
2026-10-01 10:14:02,19.9,34,1.4,3758,28934.1,OK,346,1080,3,1127.4,597
2026-10-01 10:14:18,19.9,34,2.2,3758,27898.8,OK,299,1059,3,1127.4,597
2026-10-01 10:14:34,19.8,35,2.8,3758,30018.7,OK,45,1128,3,1127.4,597
2026-10-01 10:14:50,19.8,35,1.7,3758,39058,OK,296,1368,3,1127.4,597
2026-10-01 10:15:06,19.8,35,1.8,3758,45788.9,OK,287,1523,4,1127.4,597
2026-10-01 10:15:22,19.9,35,0.8,3758,36526.3,OK,296,1312,3,1127.4,597
2026-10-01 10:15:38,19.9,35,0.4,3758,41943.5,OK,317,1438,4,1127.4,597
2026-10-01 10:15:54,20.1,35,0,3758,53053.4,OK,269,1679,4,1127.4,597
2026-10-01 10:16:10,20.2,35,0.3,3758,35259,OK,45,1254,3,1127.4,597
2026-10-01 10:16:26,20.2,34,1.3,3758,31549.9,OK,110,1151,3,1127.4,597
2026-10-01 10:16:42,20.1,34,0.7,3758,28942.8,OK,7,1089,3,1127.4,597
2026-10-01 10:16:58,20.1,34,0.7,3758,27681.3,OK,323,1041,3,1127.4,597
2026-10-01 10:17:14,20.2,34,1.7,3758,26144.3,OK,318,996,2,1127.4,597
2026-10-01 10:17:30,20.1,34,1.5,3758,25851.4,OK,340,985,2,1127.4,597
2026-10-01 10:17:46,20.1,34,1.5,3758,25947.1,OK,342,987,2,1127.4,597
2026-10-01 10:18:02,20.1,34,1.4,3758,26309.6,OK,311,997,2,1127.4,597
2026-10-01 10:18:18,20,34,1,3758,27092.6,OK,337,1028,3,1127.4,597
2026-10-01 10:18:34,20,34,1.8,3758,27756.7,OK,266,1045,3,1127.4,597
2026-10-01 10:19:22,20.1,33,2.7,3758,27762.5,OK,309,1046,3,1127.4,416
2026-10-01 10:19:38,20,33,1.7,3758,38985.5,OK,26,1343,3,1127.4,416
2026-10-01 10:19:54,19.9,33,0.8,3758,34664.5,OK,247,1233,3,1127.4,416
2026-10-01 10:20:10,20,33,1.4,3758,30787.2,OK,320,1128,3,1127.4,416
2026-10-01 10:20:26,20,33,2.2,3758,29682.3,OK,313,1102,3,1127.4,416
2026-10-01 10:20:42,20,33,2.2,3758,37355.7,OK,299,1286,3,1127.4,416
2026-10-01 10:20:58,20,33,1.8,3758,29285,OK,307,1090,3,1127.4,416
2026-10-01 10:21:14,19.9,34,2.7,3758,36772.8,OK,297,1279,3,1127.4,416
2026-10-01 10:21:30,19.8,34,0.7,3758,27286.9,OK,344,1028,3,1127.4,416
2026-10-01 10:21:46,19.9,34,0,3758,28096,OK,0,1050,3,1127.4,416
2026-10-01 10:22:02,20,34,0.6,3758,30010,OK,289,1097,3,1127.4,416
2026-10-01 10:22:18,20,34,1.1,3758,38156.1,OK,265,1311,3,1127.4,416
2026-10-01 10:22:34,20,34,1.3,3758,29983.9,OK,70,1091,3,1127.4,917
2026-10-01 10:22:50,20,34,1.4,3758,29867.9,OK,23,1085,3,1127.4,917
2026-10-01 10:23:06,19.9,34,1.8,3758,43648.7,OK,358,1448,4,1127.4,917
2026-10-01 10:23:22,20,35,1,3758,34583.3,OK,335,1217,3,1127.4,917
2026-10-01 10:23:38,20.1,35,1.5,3758,45235,OK,2,1472,4,1127.4,917
2026-10-01 10:23:54,20.1,34,1.7,3758,45000.1,OK,22,1485,4,1127.4,917
2026-10-01 10:24:10,20.1,34,0.8,3758,56777,OK,51,1767,4,1127.4,917
2026-10-01 10:24:26,20.1,33,0.3,3758,41056.1,OK,123,1383,3,1127.4,917
2026-10-01 10:24:42,20.1,33,0,3758,62223.2,OK,239,1891,5,1127.4,917
2026-10-01 10:24:58,20.3,33,0,3758,64975.3,OK,292,1952,5,1127.4,917
2026-10-01 10:25:14,20.4,33,0.7,3758,53056.3,OK,43,1674,4,1127.4,917
2026-10-01 10:25:30,20.4,33,2.8,3758,49440,OK,335,1598,4,1127.4,917
2026-10-01 10:25:46,20.4,33,2.5,3758,43996.7,OK,350,1459,4,1127.4,917
2026-10-01 10:26:02,20.4,33,1.8,3758,41389.6,OK,267,1383,3,1127.4,917
2026-10-01 10:26:18,20.4,33,0.8,3758,35627.3,OK,55,1222,3,1127.4,917
2026-10-01 10:26:34,20.4,33,0.8,3758,33278.3,OK,225,1161,3,1127.4,917
2026-10-01 10:26:50,20.5,33,0.8,3758,33774.2,OK,300,1170,3,1127.4,917
2026-10-01 10:27:06,20.5,33,1.1,3758,35685.3,OK,353,1227,3,1127.4,917
2026-10-01 10:27:22,20.6,33,0.6,3758,36126.1,OK,19,1237,3,1127.4,917
2026-10-01 10:27:38,20.5,33,2.2,3758,36961.3,OK,292,1257,3,1127.4,378
2026-10-01 10:27:54,20.5,33,1,3758,34333.9,OK,306,1188,3,1127.4,378
2026-10-01 10:28:10,20.5,33,0.6,3758,35696.9,OK,345,1222,3,1127.4,378
2026-10-01 10:28:27,20.6,32,1.3,3758,39672.8,OK,22,1330,3,1127.4,378
2026-10-01 10:28:42,20.5,32,1.3,3758,37265.8,OK,322,1271,3,1127.4,378
2026-10-01 10:28:58,20.6,32,1.4,3758,57583.2,OK,297,1751,4,1127.4,378
2026-10-01 10:29:14,20.6,33,1.1,3758,35499.7,OK,326,1216,3,1127.4,378
2026-10-01 10:29:30,20.6,33,1.3,3758,37639.9,OK,126,1273,3,1127.4,378
2026-10-01 10:29:46,20.5,33,0.8,3758,32150.2,OK,14,1117,3,1127.4,378
2026-10-01 10:30:02,20.5,33,1.3,3758,31381.7,OK,311,1096,3,1127.4,378
2026-10-01 10:30:18,20.5,33,1.4,3758,30906.1,OK,15,1082,3,1127.4,378
2026-10-01 10:30:34,20.4,33,1,3758,31178.7,OK,80,1088,3,1127.4,378
2026-10-01 10:30:50,20.4,34,0.6,3758,40026.6,OK,347,1327,3,1127.4,378
2026-10-01 10:31:06,20.4,33,0.8,3758,31149.7,OK,278,1087,3,1127.4,378
2026-10-01 10:31:22,20.4,33,1.5,3758,30424.7,OK,19,1070,3,1127.4,378
2026-10-01 10:31:38,20.4,34,2.7,3758,30668.3,OK,298,1079,3,1127.4,378
2026-10-01 10:31:54,20.4,34,3.4,3758,30395.7,OK,295,1073,3,1127.4,378
2026-10-01 10:32:10,20.3,34,2.2,3758,30668.3,OK,2,1083,3,1127.4,378
2026-10-01 10:32:26,20.3,34,1.7,3758,35717.2,OK,305,1232,3,1127.4,378
2026-10-01 10:32:42,20.3,34,1.3,3758,31752.9,OK,46,1119,3,1127.4,403
2026-10-01 10:32:58,20.3,33,1.7,3758,31953,OK,76,1124,3,1127.4,403
2026-10-01 10:33:14,20.3,34,0.7,3758,37445.6,OK,313,1268,3,1127.4,403
2026-10-01 10:33:30,20.4,34,0.4,3758,32767.9,OK,296,1147,3,1127.4,403
2026-10-01 10:33:46,20.4,33,1,3758,32654.8,OK,322,1143,3,1127.4,403
2026-10-01 10:34:02,20.5,33,1.8,3758,32738.9,OK,299,1146,3,1127.4,403
2026-10-01 10:34:18,20.5,32,2.1,3758,33559.6,OK,265,1171,3,1127.4,403
2026-10-01 10:34:34,20.4,32,1.5,3758,35989.8,OK,312,1239,3,1127.4,403
2026-10-01 10:34:50,20.5,32,1.3,3758,34072.9,OK,3,1180,3,1127.4,403
2026-10-01 10:35:06,20.4,32,2.4,3758,44019.9,OK,318,1423,4,1127.4,403
2026-10-01 10:35:22,20.4,32,2,3758,33893.1,OK,265,1172,3,1127.4,403
2026-10-01 10:35:38,20.4,32,0.4,3758,41328.7,OK,289,1375,3,1127.4,403
2026-10-01 10:35:54,20.4,32,0.8,3758,32854.9,OK,307,1144,3,1127.4,403
2026-10-01 10:36:10,20.4,31,0.3,3758,32689.6,OK,13,1141,3,1127.4,403
2026-10-01 10:36:26,20.4,29,1.1,3758,31143.9,OK,92,1098,3,1127.4,403
2026-10-01 10:36:42,20.4,29,1.8,3758,30668.3,OK,300,1080,3,1127.4,403
2026-10-01 10:36:58,20.3,29,0.7,3758,30346.4,OK,345,1063,3,1127.4,403
2026-10-01 10:37:14,20.3,29,1,3758,30065.1,OK,338,1054,3,1127.4,403
2026-10-01 10:37:30,20.3,29,2.5,3758,29653.3,OK,10,1041,3,1127.4,403
2026-10-01 10:37:46,20.2,29,1.5,3758,29224.1,OK,134,1026,3,1127.4,297
2026-10-01 10:38:02,20.1,30,2,3758,28977.6,OK,351,1016,3,1127.4,297
2026-10-01 10:38:18,20.1,30,2.5,3758,28858.7,OK,348,1013,3,1127.4,297
2026-10-01 10:38:34,20,30,1.8,3758,28815.2,OK,27,1011,3,1127.4,297
2026-10-01 10:38:50,20,30,2.4,3758,29000.8,OK,297,1018,3,1127.4,297
2026-10-01 10:39:06,19.9,30,2.9,3758,28916.7,OK,354,1017,3,1127.4,297
2026-10-01 10:39:22,19.9,31,1.8,3758,29360.4,OK,82,1034,3,1127.4,297
2026-10-01 10:39:38,19.9,31,2.7,3758,28977.6,OK,331,1023,3,1127.4,297
2026-10-01 10:39:54,19.9,31,1.5,3758,28902.2,OK,19,1023,3,1127.4,297
2026-10-01 10:40:10,19.8,31,2.4,3758,29256,OK,285,1034,3,1127.4,297
2026-10-01 10:40:26,19.8,30,2.2,3758,29177.7,OK,349,1033,3,1127.4,297
2026-10-01 10:40:42,19.7,30,1.1,3758,29325.6,OK,330,1038,3,1127.4,297
2026-10-01 10:40:58,19.7,30,1.4,3758,29554.7,OK,6,1046,3,1127.4,297
2026-10-01 10:41:14,19.7,30,0.6,3758,29812.8,OK,94,1054,3,1127.4,297
2026-10-01 10:41:30,19.7,31,1.1,3758,30117.3,OK,326,1062,3,1127.4,297
2026-10-01 10:41:46,19.8,31,2.9,3758,30416,OK,330,1070,3,1127.4,297
2026-10-01 10:42:02,19.7,31,2.4,3758,30737.9,OK,311,1080,3,1127.4,297
2026-10-01 10:42:18,19.7,32,2.8,3758,31019.2,OK,295,1086,3,1127.4,297
2026-10-01 10:42:34,19.6,32,0.6,3758,31204.8,OK,265,1099,3,1127.4,384
2026-10-01 10:42:50,19.7,32,1.3,3758,31790.6,OK,320,1112,3,1127.4,384
2026-10-01 10:43:06,19.7,32,1.3,3758,32649,OK,59,1137,3,1127.4,384
2026-10-01 10:43:22,19.7,32,0.4,3758,32828.8,OK,325,1144,3,1127.4,384
2026-10-01 10:43:38,19.8,32,1.5,3758,33295.7,OK,281,1163,3,1127.4,384
2026-10-01 10:43:54,19.8,33,0.6,3758,33716.2,OK,340,1178,3,1127.4,384
2026-10-01 10:44:10,19.8,33,0.7,3758,34113.5,OK,94,1199,3,1127.4,384
2026-10-01 10:44:26,19.8,33,0,3758,34003.3,OK,335,1196,3,1127.4,384
2026-10-01 10:44:42,19.9,33,0.6,3758,34777.6,OK,9,1223,3,1127.4,384
2026-10-01 10:44:58,20,32,0.8,3758,34516.6,OK,12,1222,3,1127.4,384
2026-10-01 10:45:14,19.9,32,0.6,3758,34478.9,OK,344,1225,3,1127.4,384
2026-10-01 10:45:30,20,32,0.6,3758,34577.5,OK,295,1231,3,1127.4,384
2026-10-01 10:45:46,20,32,1.1,3758,34505,OK,13,1233,3,1127.4,384
2026-10-01 10:46:02,20,32,0.4,3758,34104.8,OK,264,1227,3,1127.4,384
2026-10-01 10:46:18,20,32,1.3,3758,33646.6,OK,300,1218,3,1127.4,384
2026-10-01 10:46:34,20.1,32,1,3758,33220.3,OK,302,1206,3,1127.4,384
2026-10-01 10:46:50,20,31,2,3758,32863.6,OK,302,1198,3,1127.4,384
2026-10-01 10:47:06,20,31,2.8,3758,32570.7,OK,257,1190,3,1127.4,384
2026-10-01 10:47:22,19.9,31,2.5,3758,32370.6,OK,285,1186,3,1127.4,384
2026-10-01 10:47:38,19.9,30,3.4,3758,32614.2,OK,287,1193,3,1127.4,384
2026-10-01 10:47:54,19.8,31,2.7,3758,35627.3,OK,308,1281,3,1127.4,384
2026-10-01 10:48:10,19.8,30,2.7,3758,34133.8,OK,299,1240,3,1127.4,384
2026-10-01 10:48:26,19.8,30,1.4,3758,33289.9,OK,327,1211,3,1127.4,384
2026-10-01 10:48:42,19.8,30,1.5,3758,35276.4,OK,0,1269,3,1127.4,384
2026-10-01 10:48:58,19.9,31,1.8,3758,32431.5,OK,299,1196,3,1127.4,684
2026-10-01 10:49:14,19.9,31,1.8,3758,32686.7,OK,319,1211,3,1127.4,684
2026-10-01 10:49:30,19.9,31,1.1,3758,34441.2,OK,50,1258,3,1127.4,684
2026-10-01 10:49:46,20,31,1.1,3758,39272.6,OK,33,1397,3,1127.4,684
2026-10-01 10:50:02,20,30,1.7,3758,41311.3,OK,2,1446,4,1127.4,684
2026-10-01 10:50:18,20,29,2.5,3758,43355.8,OK,344,1500,4,1127.4,684
2026-10-01 10:50:34,19.9,29,1.1,3758,53265.1,OK,354,1729,4,1127.4,684
2026-10-01 10:50:50,20,29,1.3,3758,51751.3,OK,337,1687,4,1127.4,684
2026-10-01 10:51:06,20.1,30,1.1,3758,73051.8,OK,355,2187,5,1127.4,684
2026-10-01 10:51:22,20.2,29,1.4,3758,57893.5,OK,249,1838,4,1127.4,684
2026-10-01 10:51:38,20.2,28,1,3758,57922.5,OK,50,1831,4,1127.4,684
2026-10-01 10:51:54,20.2,28,1.7,3758,50176.6,OK,316,1646,4,1127.4,684
2026-10-01 10:52:10,20.2,28,1.7,3758,65427.7,OK,347,2002,5,1127.4,684
2026-10-01 10:52:26,20.3,27,1.8,3758,64937.6,OK,304,1986,5,1127.4,684
2026-10-01 10:52:42,20.3,27,2.4,3758,77239.4,OK,321,2260,5,1127.4,764
2026-10-01 10:52:58,20.4,27,2,3758,76320.1,OK,345,2248,5,1127.4,764
2026-10-01 10:53:14,20.4,27,1.4,3758,62878.6,OK,322,1935,5,1127.4,764
2026-10-01 10:53:30,20.5,27,0.3,3758,57812.3,OK,341,1810,4,1127.4,764
2026-10-01 10:53:46,20.6,27,1,3758,57821,OK,94,1833,4,1127.4,764
2026-10-01 10:54:02,20.7,27,0.3,3758,55663.4,OK,286,1783,4,1127.4,764
2026-10-01 10:54:18,20.8,27,0.8,3758,47998.7,OK,305,1593,4,1127.4,764
2026-10-01 10:54:34,20.9,27,1,3758,58731.6,OK,31,1850,5,1127.4,764
2026-10-01 10:54:50,20.9,27,1.3,3758,65308.8,OK,346,2013,5,1127.4,764
2026-10-01 10:55:06,20.9,27,2.1,3758,58369.1,OK,1,1852,5,1127.4,764
2026-10-01 10:55:22,20.9,26,1.7,3758,52122.5,OK,13,1695,4,1127.4,764
2026-10-01 10:55:38,20.9,27,2.8,3758,50602.9,OK,316,1665,4,1127.4,764
2026-10-01 10:55:54,20.9,27,1.7,3758,50176.6,OK,51,1656,4,1127.4,764
2026-10-01 10:56:10,20.7,27,1.7,3758,43587.8,OK,1,1487,4,1127.4,764
2026-10-01 10:56:26,20.7,27,1.5,3758,42572.8,OK,292,1471,4,1127.4,764
2026-10-01 10:56:42,20.7,28,2.8,3758,42227.7,OK,343,1467,4,1127.4,764
2026-10-01 10:56:58,20.6,28,2.5,3758,40577.6,OK,97,1416,4,1127.4,764
2026-10-01 10:57:14,20.5,28,1,3758,40203.5,OK,348,1411,4,1127.4,764
2026-10-01 10:57:30,20.6,28,0.6,3758,37889.3,OK,336,1346,3,1127.4,764
2026-10-01 10:57:46,20.6,28,1.3,3758,37526.8,OK,297,1334,3,1127.4,577
2026-10-01 10:58:02,20.7,28,1.4,3758,37616.7,OK,359,1330,3,1127.4,577
2026-10-01 10:58:18,20.7,28,2,3758,38159,OK,341,1346,3,1127.4,577
2026-10-01 10:58:34,20.8,28,0.4,3758,38324.3,OK,279,1342,3,1127.4,577
2026-10-01 10:58:50,20.9,28,1.3,3758,39400.2,OK,318,1369,3,1127.4,577
2026-10-01 10:59:06,21,28,0.6,3758,40615.3,OK,46,1404,4,1127.4,577
2026-10-01 10:59:22,21.1,28,0.4,3758,43439.9,OK,301,1480,4,1127.4,577
2026-10-01 10:59:38,21.1,29,1.4,3758,62498.7,OK,327,1941,5,1127.4,577
2026-10-01 10:59:54,21.1,29,1,3758,51000.2,OK,314,1673,4,1127.4,577
2026-10-01 11:00:10,21.1,30,0.3,3758,41383.8,OK,211,1442,4,1127.4,577
2026-10-01 11:00:26,21.2,30,0.4,3758,44791.3,OK,346,1537,4,1127.4,577
2026-10-01 11:00:42,21.2,30,2.7,3758,41160.5,OK,298,1443,4,1127.4,577
2026-10-01 11:00:58,21.2,30,0.8,3758,46302.2,OK,299,1580,4,1127.4,577
2026-10-01 11:01:14,21.2,29,0.3,3758,44414.3,OK,339,1548,4,1127.4,577
2026-10-01 11:01:30,21.3,29,0.6,3758,42828,OK,17,1505,4,1127.4,577
2026-10-01 11:01:46,21.4,29,0.3,3758,51365.6,OK,267,1721,4,1127.4,577
2026-10-01 11:02:02,21.4,29,0.6,3758,53207.1,OK,19,1773,4,1127.4,577
2026-10-01 11:02:18,21.3,27,3.6,3758,55950.5,OK,13,1829,4,1127.4,577
2026-10-01 11:02:34,21.3,27,1.8,3758,73547.7,OK,340,2217,5,1127.4,671
2026-10-01 11:02:50,21.2,27,2,3758,58093.6,OK,322,1881,5,1127.4,671
2026-10-01 11:03:06,21.2,25,1.7,3758,59143.4,OK,310,1878,5,1127.4,671
2026-10-01 11:03:22,21.1,26,2.5,3758,54535.3,OK,7,1776,4,1127.4,671
2026-10-01 11:03:38,21,26,1.8,3758,54082.9,OK,317,1748,4,1127.4,671
2026-10-01 11:03:54,21,26,1.1,3758,49248.6,OK,0,1617,4,1127.4,671
2026-10-01 11:04:10,21,26,1.4,3758,48297.4,OK,308,1643,4,1127.4,671
2026-10-01 11:04:26,21,26,0.8,3758,50376.7,OK,356,1651,4,1127.4,671
2026-10-01 11:04:42,21.1,26,1.5,3758,44950.8,OK,22,1523,4,1127.4,671
2026-10-01 11:04:58,21.2,26,1.4,3758,42419.1,OK,358,1448,4,1127.4,671
2026-10-01 11:05:14,21.2,26,1,3758,47276.6,OK,355,1596,4,1127.4,671
2026-10-01 11:05:30,21.3,26,0.6,3758,40267.3,OK,317,1406,4,1127.4,671
2026-10-01 11:05:46,21.3,26,1.4,3758,41067.7,OK,7,1435,4,1127.4,671
2026-10-01 11:06:02,21.4,26,0.8,3758,46052.8,OK,280,1571,4,1127.4,671
2026-10-01 11:06:18,21.4,26,0.4,3758,39843.9,OK,203,1409,4,1127.4,671
2026-10-01 11:06:34,21.5,25,0.1,3758,39388.6,OK,271,1399,3,1127.4,671
2026-10-01 11:06:50,21.5,25,1.4,3758,39365.4,OK,33,1400,4,1127.4,671
2026-10-01 11:07:06,21.5,26,2.2,3758,39971.5,OK,255,1417,4,1127.4,671
2026-10-01 11:07:22,21.5,26,1.1,3758,39977.3,OK,313,1417,4,1127.4,671
2026-10-01 11:07:38,21.5,26,1.3,3758,40000.5,OK,322,1413,4,1127.4,705
2026-10-01 11:07:54,21.6,27,2.4,3758,39623.5,OK,5,1401,4,1127.4,705
2026-10-01 11:08:10,21.5,27,1.4,3758,39490.1,OK,328,1397,3,1127.4,705
2026-10-01 11:08:26,21.4,28,2.1,3758,40049.8,OK,13,1406,4,1127.4,705
2026-10-01 11:08:42,21.3,28,0.7,3758,41404.1,OK,309,1446,4,1127.4,705
2026-10-01 11:08:58,21.4,28,0.6,3758,41505.6,OK,297,1444,4,1127.4,705
2026-10-01 11:09:14,21.3,29,1.4,3758,42364,OK,278,1464,4,1127.4,705
2026-10-01 11:09:30,21.3,29,1,3758,47505.7,OK,15,1599,4,1127.4,705
2026-10-01 11:09:46,21.3,28,1,3758,40919.8,OK,341,1442,4,1127.4,705
2026-10-01 11:10:02,21.3,28,1.4,3758,49495.1,OK,356,1643,4,1127.4,705
2026-10-01 11:10:18,21.2,28,1.7,3758,47969.7,OK,262,1610,4,1127.4,705
2026-10-01 11:10:34,21,29,1.4,3758,48352.5,OK,329,1621,4,1127.4,705
2026-10-01 11:10:50,21,29,1,3758,52110.9,OK,266,1704,4,1127.4,705
2026-10-01 11:11:06,21.1,29,1.5,3758,61121.2,OK,354,1911,5,1127.4,705
2026-10-01 11:11:22,21.1,29,1.5,3758,64638.9,OK,297,1962,5,1127.4,705
2026-10-01 11:11:38,21.1,28,2,3758,44275.1,OK,284,1525,4,1127.4,705
2026-10-01 11:11:54,21.1,29,1,3758,49814.1,OK,224,1662,4,1127.4,705
2026-10-01 11:12:10,21.2,29,0.4,3758,45635.2,OK,309,1578,4,1127.4,705
2026-10-01 11:12:26,21.3,28,0.6,3758,46542.9,OK,287,1582,4,1127.4,705
2026-10-01 11:12:42,21.4,28,1.3,3758,60158.4,OK,345,1890,5,1127.4,867
2026-10-01 11:12:58,21.3,27,1,3758,72190.5,OK,5,2157,5,1127.4,867
2026-10-01 11:13:14,21.4,27,0.8,3758,79953.8,OK,331,2315,6,1127.4,867
2026-10-01 11:13:30,21.5,27,0.4,3758,76717.4,OK,85,2249,5,1127.4,867
2026-10-01 11:13:46,21.5,27,2,3758,83984.8,OK,286,2394,6,1127.4,867
2026-10-01 11:14:02,21.4,27,1.3,3758,86896.4,OK,292,2457,6,1127.4,867
2026-10-01 11:14:18,21.5,27,1.3,3758,86850,OK,307,2436,6,1127.4,867
2026-10-01 11:14:34,21.5,27,0.8,3758,52342.9,OK,279,1722,4,1127.4,867
2026-10-01 11:14:50,21.6,28,1.1,3758,50304.2,OK,268,1683,4,1127.4,867
2026-10-01 11:15:06,21.6,28,1.3,3758,41537.5,OK,183,1457,4,1127.4,867
2026-10-01 11:15:22,21.7,28,0.6,3758,56031.7,OK,39,1807,4,1127.4,867
2026-10-01 11:15:38,21.6,27,1.3,3758,67425.8,OK,239,2042,5,1127.4,867
2026-10-01 11:15:54,21.6,27,2.7,3758,54950,OK,44,1771,4,1127.4,867
2026-10-01 11:16:10,21.6,27,0.6,3758,67341.7,OK,300,2027,5,1127.4,867
2026-10-01 11:16:26,21.6,28,1.3,3758,87328.5,OK,293,2439,6,1127.4,867
2026-10-01 11:16:42,21.7,27,0.6,3758,60265.7,OK,293,1848,5,1127.4,867
2026-10-01 11:16:58,21.7,27,0.7,3758,47389.7,OK,10,1598,4,1127.4,867
2026-10-01 11:17:14,21.7,28,1.5,3758,47378.1,OK,296,1589,4,1127.4,867
2026-10-01 11:17:30,21.7,28,2.1,3758,46099.2,OK,288,1555,4,1127.4,867
2026-10-01 11:17:46,21.7,28,2,3758,48422.1,OK,290,1600,4,1127.4,867
2026-10-01 11:18:02,21.7,27,1.8,3758,54451.2,OK,277,1735,4,1127.4,867
2026-10-01 11:18:18,21.7,27,1.5,3758,56884.3,OK,326,1774,4,1127.4,867
2026-10-01 11:18:34,21.7,27,1,3758,52076.1,OK,302,1677,4,1127.4,867
2026-10-01 11:18:50,21.6,27,3.4,3758,44217.1,OK,307,1508,4,1127.4,867
2026-10-01 11:19:06,21.5,25,2.2,3758,50017.1,OK,271,1661,4,1127.4,867
2026-10-01 11:19:22,21.4,25,2.9,3758,44414.3,OK,295,1523,4,1127.4,867
2026-10-01 11:20:26,21.3,25,2.1,3758,85974.2,OK,268,2439,6,1127.4,749
2026-10-01 11:20:42,21.3,26,2.9,3758,85255,OK,335,2396,6,1127.4,749
2026-10-01 11:20:58,21.3,26,0.8,3758,77909.3,OK,229,2246,5,1127.4,749
2026-10-01 11:21:14,21.5,26,0.7,3758,75395,OK,345,2197,5,1127.4,749
2026-10-01 11:21:30,21.5,25,1.5,3758,77410.5,OK,313,2234,5,1127.4,749
2026-10-01 11:21:46,21.6,25,1.3,3758,67135.8,OK,274,2036,5,1127.4,749
2026-10-01 11:22:02,21.6,25,0.1,3758,81833,OK,267,2334,6,1127.4,749
2026-10-01 11:22:18,21.8,26,0.4,3758,80907.9,OK,321,2312,6,1127.4,749
2026-10-01 11:22:34,21.8,25,2.9,3758,95587.7,OK,3,2627,6,1127.4,749
2026-10-01 11:22:50,21.6,24,2.7,3758,74910.7,OK,277,2201,5,1127.4,1028
2026-10-01 11:23:06,21.6,25,1.7,3758,59021.6,OK,313,1872,5,1127.4,1028
2026-10-01 11:23:22,21.6,24,1.1,3758,92702.2,OK,9,2552,6,1127.4,1028
2026-10-01 11:23:38,21.8,25,0.8,3758,93630.2,OK,235,2559,6,1127.4,1028
2026-10-01 11:23:54,22,24,2.1,3758,94761.2,OK,344,2578,6,1127.4,1028
2026-10-01 11:24:10,21.9,24,2,3758,93189.4,OK,288,2554,6,1127.4,1028
2026-10-01 11:24:26,21.9,25,1.1,3758,85162.2,OK,294,2377,6,1127.4,1028
2026-10-01 11:24:42,22,25,0.6,3758,83520.8,OK,29,2326,6,1127.4,1028
2026-10-01 11:24:58,22.1,25,0.4,3758,73463.6,OK,31,2099,5,1127.4,1028
2026-10-01 11:25:14,22.2,25,1,3758,66274.5,OK,290,1956,5,1127.4,1028
2026-10-01 11:25:30,22.3,25,1.1,3758,55527.1,OK,359,1753,4,1127.4,1028
2026-10-01 11:25:46,22.2,25,0.7,3758,76114.2,OK,263,2187,5,1127.4,1028
2026-10-01 11:26:02,22.3,24,1.3,3758,66927,OK,314,1996,5,1127.4,1028
2026-10-01 11:26:18,22.3,24,0.7,3758,59587.1,OK,317,1853,5,1127.4,1028
2026-10-01 11:26:34,22.4,24,0.7,3758,59195.6,OK,333,1849,5,1127.4,1028
2026-10-01 11:26:50,22.5,24,0.7,3758,57687.6,OK,317,1819,4,1127.4,1028
2026-10-01 11:27:06,22.6,24,0.4,3758,58261.8,OK,282,1836,4,1127.4,1028
2026-10-01 11:27:22,22.6,24,1.3,3758,57893.5,OK,293,1823,4,1127.4,1028
2026-10-01 11:27:38,22.5,24,0.1,3758,58024,OK,232,1826,4,1127.4,918
2026-10-01 11:27:54,22.5,24,0.3,3758,60196.1,OK,310,1867,5,1127.4,918
2026-10-01 11:28:10,22.5,24,1.8,3758,57757.2,OK,300,1813,4,1127.4,918
2026-10-01 11:28:26,22.5,24,1.7,3758,54819.5,OK,335,1745,4,1127.4,918
2026-10-01 11:28:42,22.3,24,0.3,3758,56121.6,OK,344,1767,4,1127.4,918
2026-10-01 11:28:58,22.3,24,1.1,3758,50782.7,OK,273,1654,4,1127.4,918
2026-10-01 11:29:14,22.3,25,1.3,3758,62440.7,OK,286,1897,5,1127.4,918
2026-10-01 11:29:30,22.4,25,0.8,3758,59755.3,OK,295,1822,4,1127.4,918
2026-10-01 11:29:46,22.4,25,0.8,3758,68339.3,OK,246,2007,5,1127.4,918
2026-10-01 11:30:02,22.4,24,3.1,3758,58688.1,OK,260,1795,4,1127.4,918
2026-10-01 11:30:18,22.3,24,0.7,3758,71097.2,OK,80,2046,5,1127.4,918
2026-10-01 11:30:34,22.3,25,0,3758,61350.3,OK,326,1849,5,1127.4,918
2026-10-01 11:30:50,22.3,25,0.1,3758,56214.4,OK,263,1731,4,1127.4,918
2026-10-01 11:31:06,22.4,25,0.3,3758,48343.8,OK,356,1559,4,1127.4,918
2026-10-01 11:31:22,22.5,24,1,3758,51644,OK,354,1634,4,1127.4,918
2026-10-01 11:31:38,22.4,24,2,3758,48462.7,OK,359,1555,4,1127.4,918
2026-10-01 11:31:54,22.3,24,0.8,3758,47563.7,OK,79,1534,4,1127.4,918
2026-10-01 11:32:10,22.2,25,0.6,3758,48703.4,OK,16,1558,4,1127.4,918
2026-10-01 11:32:26,22.1,26,0.6,3758,49005,OK,278,1563,4,1127.4,918
2026-10-01 11:32:42,22.4,26,1.5,3758,50797.2,OK,307,1609,4,1127.4,940
2026-10-01 11:32:58,22.4,26,1,3758,55643.1,OK,5,1708,4,1127.4,940
2026-10-01 11:33:14,22.4,25,2,3758,50643.5,OK,63,1602,4,1127.4,940
2026-10-01 11:33:30,22.3,25,1.8,3758,56597.2,OK,269,1730,4,1127.4,940
2026-10-01 11:33:46,22.2,25,1,3758,55060.2,OK,280,1688,4,1127.4,940
2026-10-01 11:34:02,22.3,25,0.7,3758,55651.8,OK,10,1713,4,1127.4,940
2026-10-01 11:34:18,22.1,25,1.1,3758,59969.9,OK,318,1809,4,1127.4,940
2026-10-01 11:34:34,22.1,25,0.1,3758,60120.7,OK,351,1821,4,1127.4,940
2026-10-01 11:34:50,22.1,25,0.6,3758,65384.2,OK,25,1940,5,1127.4,940
2026-10-01 11:35:06,22.1,25,0.4,3758,61457.6,OK,323,1858,5,1127.4,940
2026-10-01 11:35:22,22.3,25,0.1,3758,65793.1,OK,16,1952,5,1127.4,940
2026-10-01 11:35:38,22.3,24,0.6,3758,68635.1,OK,300,2014,5,1127.4,940
2026-10-01 11:35:54,22.4,24,1.4,3758,69249.9,OK,345,2024,5,1127.4,940
2026-10-01 11:36:10,22.3,23,1.1,3758,75032.5,OK,79,2151,5,1127.4,940
2026-10-01 11:36:26,22.3,23,1.5,3758,68098.6,OK,286,1990,5,1127.4,940
2026-10-01 11:36:42,22.2,24,1.4,3758,58432.9,OK,281,1784,4,1127.4,940
2026-10-01 11:36:58,22,24,2.2,3758,53323.1,OK,298,1674,4,1127.4,940
2026-10-01 11:37:14,21.9,25,1.1,3758,51452.6,OK,247,1627,4,1127.4,940
2026-10-01 11:37:30,21.9,25,1.3,3758,50939.3,OK,322,1611,4,1127.4,940
2026-10-01 11:37:46,22,26,0,3758,51011.8,OK,233,1617,4,1127.4,604
2026-10-01 11:38:02,22.1,26,0.4,3758,50718.9,OK,327,1608,4,1127.4,604
2026-10-01 11:38:18,22.2,25,2.1,3758,45255.3,OK,41,1483,4,1127.4,604
2026-10-01 11:38:34,22.2,25,2.4,3758,47569.5,OK,288,1546,4,1127.4,604
2026-10-01 11:38:50,22,25,1.5,3758,61556.2,OK,26,1844,5,1127.4,604
2026-10-01 11:39:06,22,25,1.8,3758,50591.3,OK,9,1619,4,1127.4,604
2026-10-01 11:39:22,21.9,25,0.7,3758,44370.8,OK,6,1474,4,1127.4,604
2026-10-01 11:39:38,21.9,25,0.7,3758,43294.9,OK,251,1454,4,1127.4,604
2026-10-01 11:39:54,21.9,25,1,3758,43793.7,OK,309,1468,4,1127.4,604
2026-10-01 11:40:10,21.9,25,0.1,3758,45345.2,OK,342,1519,4,1127.4,604
2026-10-01 11:40:26,22,25,0.8,3758,46409.5,OK,298,1539,4,1127.4,604
2026-10-01 11:40:42,22,24,1.1,3758,47810.2,OK,93,1568,4,1127.4,604
2026-10-01 11:40:58,21.9,24,1.3,3758,48056.7,OK,305,1571,4,1127.4,604
2026-10-01 11:41:14,21.9,24,0.8,3758,49034,OK,351,1587,4,1127.4,604
2026-10-01 11:41:30,21.9,24,0.1,3758,48810.7,OK,287,1578,4,1127.4,604
2026-10-01 11:41:46,21.9,24,0.6,3758,52914.2,OK,277,1668,4,1127.4,604
2026-10-01 11:42:02,22,24,1,3758,51246.7,OK,21,1636,4,1127.4,604
2026-10-01 11:42:18,22,24,1,3758,53729.1,OK,337,1689,4,1127.4,604
2026-10-01 11:42:34,22,25,1.8,3758,69995.2,OK,310,2038,5,1127.4,1131
2026-10-01 11:42:50,22,25,0.8,3758,72689.3,OK,356,2094,5,1127.4,1131
2026-10-01 11:43:06,22,25,1,3758,75905.4,OK,293,2160,5,1127.4,1131
2026-10-01 11:43:22,22,25,2.1,3758,69551.5,OK,286,2027,5,1127.4,1131
2026-10-01 11:43:38,22,24,1.1,3758,67469.3,OK,297,1994,5,1127.4,1131
2026-10-01 11:43:54,22,25,1.1,3758,68556.8,OK,282,2032,5,1127.4,1131
2026-10-01 11:44:10,22,25,1.8,3758,76604.3,OK,266,2204,5,1127.4,1131
2026-10-01 11:44:26,22.1,25,1.5,3758,76485.4,OK,293,2200,5,1127.4,1131
2026-10-01 11:44:42,22,25,1.1,3758,80011.8,OK,336,2271,5,1127.4,1131
2026-10-01 11:44:58,22.1,25,0,3758,77831,OK,354,2235,5,1127.4,1131
2026-10-01 11:45:14,22.3,25,1.7,3758,81893.9,OK,304,2312,6,1127.4,1131
2026-10-01 11:45:30,22.2,24,1.7,3758,79837.8,OK,279,2268,5,1127.4,1131
2026-10-01 11:45:46,22.2,24,0.6,3758,81777.9,OK,320,2308,6,1127.4,1131
2026-10-01 11:46:02,22.3,24,0.4,3758,80209,OK,344,2258,5,1127.4,1131
2026-10-01 11:46:18,22.4,24,0.4,3758,76291.1,OK,302,2175,5,1127.4,1131
2026-10-01 11:46:34,22.6,24,0.1,3758,70047.4,OK,322,2031,5,1127.4,1131
2026-10-01 11:46:50,22.7,24,0,3758,72727,OK,282,2090,5,1127.4,1131
2026-10-01 11:47:06,22.8,24,0.8,3758,77512,OK,279,2189,5,1127.4,1131
2026-10-01 11:47:22,22.8,25,0.7,3758,73457.8,OK,270,2096,5,1127.4,1131
2026-10-01 11:47:38,22.7,25,3.1,3758,81438.6,OK,311,2263,5,1127.4,1131
2026-10-01 11:47:54,22.7,25,2.9,3758,87380.7,OK,7,2393,6,1127.4,1131
2026-10-01 11:48:10,22.7,25,2.4,3758,91478.4,OK,290,2470,6,1127.4,1131
2026-10-01 11:48:26,22.6,25,1,3758,88621.9,OK,289,2404,6,1127.4,1131
2026-10-01 11:48:42,22.7,24,0.4,3758,86255.5,OK,315,2365,6,1127.4,1131
2026-10-01 11:48:58,22.7,25,0.4,3758,87189.3,OK,289,2383,6,1127.4,1131
2026-10-01 11:49:14,22.8,25,0.1,3758,81920,OK,255,2265,5,1127.4,905
2026-10-01 11:49:30,22.8,25,0.7,3758,76018.5,OK,293,2135,5,1127.4,905
2026-10-01 11:49:46,22.9,26,1.8,3758,72930,OK,302,2068,5,1127.4,905
2026-10-01 11:50:02,23,25,2.2,3758,68490.1,OK,295,1963,5,1127.4,905
2026-10-01 11:50:18,22.8,25,2.2,3758,63876.2,OK,260,1965,5,1127.4,905
2026-10-01 11:50:34,22.7,25,1.8,3758,58891.1,OK,32,1749,4,1127.4,905
2026-10-01 11:50:50,22.5,25,1.5,3758,57197.5,OK,93,1710,4,1127.4,905
2026-10-01 11:51:06,22.4,25,1.5,3758,57394.7,OK,358,1721,4,1127.4,905
2026-10-01 11:51:22,22.3,26,1.1,3758,56185.4,OK,321,1691,4,1127.4,905
2026-10-01 11:51:38,22.2,26,1.1,3758,52853.3,OK,320,1619,4,1127.4,905
2026-10-01 11:51:54,22.3,26,2.1,3758,50428.9,OK,336,1561,4,1127.4,905
2026-10-01 11:52:10,22.2,26,2.8,3758,48836.8,OK,329,1530,4,1127.4,905
2026-10-01 11:52:26,22,26,2.4,3758,47169.3,OK,324,1494,4,1127.4,905
2026-10-01 11:52:42,22,26,1.8,3758,46716.9,OK,348,1489,4,1127.4,573
2026-10-01 11:52:58,22,26,2.1,3758,45986.1,OK,298,1474,4,1127.4,573
2026-10-01 11:53:14,21.9,27,1.1,3758,45258.2,OK,16,1468,4,1127.4,573
2026-10-01 11:53:30,22,27,0.4,3758,45084.2,OK,347,1470,4,1127.4,573
2026-10-01 11:53:46,22.1,27,0.1,3758,44837.7,OK,317,1469,4,1127.4,573
2026-10-01 11:54:02,22.2,27,1.4,3758,44744.9,OK,293,1475,4,1127.4,573
2026-10-01 11:54:18,22.2,28,0.4,3758,45040.7,OK,260,1488,4,1127.4,573
2026-10-01 11:54:34,22.3,28,0.3,3758,45699,OK,345,1510,4,1127.4,573
2026-10-01 11:54:50,22.4,28,2.4,3758,46151.4,OK,251,1522,4,1127.4,573
2026-10-01 11:55:06,22.3,27,2.4,3758,45960,OK,339,1516,4,1127.4,573
2026-10-01 11:55:22,22.3,27,1.7,3758,46287.7,OK,259,1521,4,1127.4,573
2026-10-01 11:55:38,22.2,27,1.1,3758,47296.9,OK,330,1552,4,1127.4,573
2026-10-01 11:55:54,22.2,27,1.7,3758,48143.7,OK,55,1571,4,1127.4,573
2026-10-01 11:56:10,22.2,27,1.5,3758,47955.2,OK,306,1570,4,1127.4,573
2026-10-01 11:56:26,22.2,27,0.4,3758,47450.6,OK,315,1560,4,1127.4,573
2026-10-01 11:56:42,22.2,27,0,3758,47531.8,OK,52,1558,4,1127.4,573
2026-10-01 11:56:58,22.3,27,0.4,3758,48749.8,OK,301,1601,4,1127.4,573
2026-10-01 11:57:14,22.4,27,0.4,3758,48674.4,OK,302,1599,4,1127.4,573
2026-10-01 11:57:30,22.5,27,0.6,3758,52847.5,OK,329,1706,4,1127.4,573
2026-10-01 11:57:46,22.5,27,1.7,3758,50075.1,OK,37,1636,4,1127.4,993
2026-10-01 11:58:02,22.5,27,1.3,3758,47691.3,OK,267,1581,4,1127.4,993
2026-10-01 11:58:18,22.5,26,2.2,3758,48256.8,OK,312,1602,4,1127.4,993
2026-10-01 11:58:34,22.3,26,1.4,3758,48396,OK,303,1605,4,1127.4,993
2026-10-01 11:58:50,22.3,26,2,3758,50921.9,OK,322,1672,4,1127.4,993
2026-10-01 11:59:06,22.2,26,1.5,3758,53163.6,OK,7,1737,4,1127.4,993
2026-10-01 11:59:22,22.2,27,1,3758,55129.8,OK,336,1773,4,1127.4,993
2026-10-01 11:59:38,22.2,27,1,3758,61608.4,OK,311,1914,5,1127.4,993
2026-10-01 11:59:54,22.2,27,1.1,3758,64276.4,OK,4,1977,5,1127.4,993
2026-10-01 12:00:10,22.2,26,2.1,3758,65363.9,OK,325,1998,5,1127.4,993
2026-10-01 12:00:26,22.1,25,3.1,3758,65546.6,OK,354,2009,5,1127.4,993
2026-10-01 12:00:42,22,25,2.4,3758,68127.6,OK,338,2077,5,1127.4,993
2026-10-01 12:00:58,21.9,25,1.5,3758,81366.1,OK,0,2377,6,1127.4,993
2026-10-01 12:01:14,22,25,2.1,3758,74881.7,OK,21,2223,5,1127.4,993
2026-10-01 12:01:30,21.9,25,1.7,3758,75722.7,OK,333,2266,5,1127.4,993
2026-10-01 12:01:46,21.9,25,2.8,3758,66692.1,OK,301,2052,5,1127.4,993
2026-10-01 12:02:02,21.8,26,2.2,3758,63177.3,OK,343,1981,5,1127.4,993
2026-10-01 12:02:18,21.8,26,1.5,3758,65282.7,OK,256,2007,5,1127.4,993
2026-10-01 12:02:34,21.9,26,1.4,3758,63003.3,OK,18,1977,5,1127.4,747
2026-10-01 12:02:50,21.9,25,0.1,3758,65068.1,OK,289,2014,5,1127.4,747
2026-10-01 12:03:06,21.9,25,1.5,3758,59108.6,OK,346,1887,5,1127.4,747
2026-10-01 12:03:22,21.9,25,1.3,3758,56002.7,OK,251,1802,4,1127.4,747
2026-10-01 12:03:38,22,25,1,3758,56313,OK,73,1805,4,1127.4,747
2026-10-01 12:03:54,22,25,0.4,3758,61675.1,OK,332,1917,5,1127.4,747
2026-10-01 12:04:10,22.1,25,0.7,3758,66129.5,OK,299,2006,5,1127.4,747
2026-10-01 12:04:26,22.2,26,1.4,3758,50075.1,OK,327,1652,4,1127.4,747
2026-10-01 12:04:42,22.2,25,1.5,3758,51762.9,OK,322,1685,4,1127.4,747
2026-10-01 12:04:58,22.2,25,1,3758,48613.5,OK,267,1625,4,1127.4,747
2026-10-01 12:05:14,22.1,26,1.5,3758,48251,OK,317,1609,4,1127.4,747
2026-10-01 12:05:30,22.2,26,2,3758,45960,OK,302,1558,4,1127.4,747
2026-10-01 12:05:46,22.1,26,2.1,3758,49950.4,OK,304,1639,4,1127.4,747
2026-10-01 12:06:02,22,27,2.4,3758,51174.2,OK,285,1675,4,1127.4,747
2026-10-01 12:06:18,22,27,1.1,3758,49155.8,OK,299,1637,4,1127.4,747
2026-10-01 12:06:34,22,27,1,3758,56394.2,OK,292,1796,4,1127.4,747
2026-10-01 12:06:50,22.1,27,2.7,3758,64720.1,OK,243,1961,5,1127.4,747
2026-10-01 12:07:06,22,27,1.3,3758,63786.3,OK,8,1942,5,1127.4,747
2026-10-01 12:07:22,22.1,27,1,3758,74548.2,OK,286,2193,5,1127.4,747
2026-10-01 12:07:38,22.1,27,1.3,3758,81862,OK,300,2329,6,1127.4,1243
2026-10-01 12:07:54,22.1,26,0.6,3758,81090.6,OK,328,2308,6,1127.4,1243
2026-10-01 12:08:10,22.2,26,0,3758,80264.1,OK,84,2277,5,1127.4,1243
2026-10-01 12:08:26,22.3,26,0.4,3758,82233.2,OK,301,2303,6,1127.4,1243
2026-10-01 12:08:42,22.3,27,1.3,3758,80968.8,OK,281,2281,5,1127.4,1243
2026-10-01 12:08:58,22.2,27,3.8,3758,79936.4,OK,285,2262,5,1127.4,1243
2026-10-01 12:09:14,22.1,27,2.2,3758,79437.6,OK,310,2242,5,1127.4,1243
2026-10-01 12:09:30,22.1,27,2,3758,78944.6,OK,290,2239,5,1127.4,1243
2026-10-01 12:09:46,22.1,27,1.7,3758,78318.2,OK,300,2229,5,1127.4,1243
2026-10-01 12:10:02,22.1,26,0.6,3758,77790.4,OK,29,2211,5,1127.4,1243
2026-10-01 12:10:18,22.1,26,0.8,3758,77529.4,OK,0,2211,5,1127.4,1243
2026-10-01 12:10:34,22.1,27,0.7,3758,77062.5,OK,204,2201,5,1127.4,1243
2026-10-01 12:10:50,22.2,27,2.8,3758,76845,OK,0,2202,5,1127.4,1243
2026-10-01 12:11:06,22.1,27,1.7,3758,76502.8,OK,8,2195,5,1127.4,1243
2026-10-01 12:11:22,22,27,1.5,3758,76296.9,OK,1,2191,5,1127.4,1243
2026-10-01 12:11:38,22,27,2,3758,76001.1,OK,324,2186,5,1127.4,1243
2026-10-01 12:11:54,22.1,27,1.7,3758,75728.5,OK,352,2185,5,1127.4,1243
2026-10-01 12:12:10,22.2,28,1.3,3758,75380.5,OK,307,2178,5,1127.4,1243
2026-10-01 12:12:26,22.3,28,2,3758,75334.1,OK,342,2180,5,1127.4,1243
2026-10-01 12:12:42,22.4,28,1.3,3758,75484.9,OK,272,2175,5,1127.4,1154
2026-10-01 12:12:58,22.4,28,0.4,3758,75432.7,OK,348,2178,5,1127.4,1154
2026-10-01 12:13:14,22.4,27,1.5,3758,75174.6,OK,264,2169,5,1127.4,1154
2026-10-01 12:13:30,22.4,27,2.2,3758,75128.2,OK,288,2171,5,1127.4,1154
2026-10-01 12:13:46,22.3,27,2.5,3758,74989,OK,46,2164,5,1127.4,1154
2026-10-01 12:14:02,22.2,27,1,3758,74983.2,OK,10,2167,5,1127.4,1154
2026-10-01 12:14:18,22.3,27,1.7,3758,74812.1,OK,299,2164,5,1127.4,1154
2026-10-01 12:14:34,22.2,26,2,3758,74846.9,OK,355,2164,5,1127.4,1154
2026-10-01 12:14:50,22.2,26,2.9,3758,74696.1,OK,313,2163,5,1127.4,1154
2026-10-01 12:15:06,22.1,26,1.7,3758,74565.6,OK,352,2161,5,1127.4,1154
2026-10-01 12:15:22,22.1,26,3.8,3758,74612,OK,254,2159,5,1127.4,1154
2026-10-01 12:15:38,22,26,2.8,3758,74609.1,OK,59,2157,5,1127.4,1154
2026-10-01 12:15:54,21.9,25,3.4,3758,74281.4,OK,290,2154,5,1127.4,1154
2026-10-01 12:16:10,21.8,26,1.8,3758,74385.8,OK,0,2153,5,1127.4,1154
2026-10-01 12:16:26,21.9,26,2.7,3758,74275.6,OK,287,2152,5,1127.4,1154
2026-10-01 12:16:42,21.8,25,2.2,3758,74316.2,OK,266,2146,5,1127.4,1154
2026-10-01 12:16:58,21.9,26,1.7,3758,74255.3,OK,287,2150,5,1127.4,1154
2026-10-01 12:17:14,22.1,26,2,3758,74287.2,OK,333,2150,5,1127.4,1154
2026-10-01 12:17:30,22,25,3.2,3758,74258.2,OK,301,2151,5,1127.4,1154
2026-10-01 12:17:46,21.9,26,1.8,3758,74119,OK,238,2143,5,1127.4,1154
2026-10-01 12:18:02,21.9,26,1.5,3758,74249.5,OK,291,2149,5,1127.4,1154
2026-10-01 12:18:18,21.9,26,1.1,3758,74255.3,OK,314,2146,5,1127.4,1154
2026-10-01 12:18:34,22,27,1.7,3758,74345.2,OK,276,2146,5,1127.4,1154
2026-10-01 12:18:50,22.1,27,1.5,3758,74365.5,OK,5,2145,5,1127.4,1154
2026-10-01 12:19:06,22.1,27,2.1,3758,74501.8,OK,25,2141,5,1127.4,1105
2026-10-01 12:19:22,22.1,27,1.8,3758,74377.1,OK,246,2145,5,1127.4,1105
2026-10-01 12:19:38,22.2,27,2.1,3758,74455.4,OK,328,2142,5,1127.4,1105
2026-10-01 12:19:54,22.2,27,0.7,3758,74458.3,OK,299,2142,5,1127.4,1105
2026-10-01 12:20:10,22.3,27,2.5,3758,74643.9,OK,291,2142,5,1127.4,1105
2026-10-01 12:20:26,22.4,28,1.7,3758,74672.9,OK,306,2142,5,1127.4,1105
2026-10-01 12:20:42,22.4,28,1.1,3758,74614.9,OK,292,2138,5,1127.4,1105
2026-10-01 12:20:58,22.5,27,0.7,3758,74603.3,OK,229,2140,5,1127.4,1105
2026-10-01 12:21:14,22.5,28,1.5,3758,74661.3,OK,253,2137,5,1127.4,1105
2026-10-01 12:21:30,22.5,27,0.8,3758,74820.8,OK,291,2144,5,1127.4,1105
2026-10-01 12:21:46,22.5,28,2.7,3758,74931,OK,299,2135,5,1127.4,1105
2026-10-01 12:22:02,22.4,28,2.4,3758,74980.3,OK,287,2142,5,1127.4,1105
2026-10-01 12:22:18,22.3,28,0.3,3758,74991.9,OK,284,2140,5,1127.4,1105
2026-10-01 12:22:34,22.4,28,0.6,3758,74916.5,OK,328,2136,5,1127.4,1090
2026-10-01 12:22:50,22.4,27,2.1,3758,75171.7,OK,351,2142,5,1127.4,1090
2026-10-01 12:23:06,22.3,27,2.4,3758,75070.2,OK,350,2141,5,1127.4,1090
2026-10-01 12:23:22,22.2,27,1.7,3758,74957.1,OK,327,2143,5,1127.4,1090
2026-10-01 12:23:38,22.3,27,0.8,3758,74841.1,OK,289,2142,5,1127.4,1090
2026-10-01 12:23:54,22.3,27,0.8,3758,74983.2,OK,160,2143,5,1127.4,1090
2026-10-01 12:24:10,22.3,27,2.7,3758,75023.8,OK,327,2139,5,1127.4,1090
2026-10-01 12:24:26,22.4,27,1.4,3758,75238.4,OK,353,2142,5,1127.4,1090
2026-10-01 12:24:42,22.3,27,3.6,3758,75197.8,OK,41,2142,5,1127.4,1090
2026-10-01 12:24:58,22,27,2.9,3758,74870.1,OK,11,2141,5,1127.4,1090
2026-10-01 12:25:14,22,27,2.1,3758,74803.4,OK,18,2139,5,1127.4,1090
2026-10-01 12:25:30,22,27,0.8,3758,74858.5,OK,340,2139,5,1127.4,1090
2026-10-01 12:25:46,22,27,0.6,3758,74806.3,OK,320,2139,5,1127.4,1090
2026-10-01 12:26:02,22.1,26,1.1,3758,74681.6,OK,259,2136,5,1127.4,1090
2026-10-01 12:26:18,22.1,26,2,3758,74797.6,OK,305,2133,5,1127.4,1090
2026-10-01 12:26:34,22.1,27,1.3,3758,74751.2,OK,346,2137,5,1127.4,1090
2026-10-01 12:26:50,22.1,27,1.3,3758,74936.8,OK,327,2136,5,1127.4,1090
2026-10-01 12:27:06,22.3,27,1.3,3758,74838.2,OK,335,2129,5,1127.4,1090
2026-10-01 12:27:22,22.3,27,2.5,3758,74931,OK,287,2134,5,1127.4,1090
2026-10-01 12:27:38,22.2,27,2.7,3758,75032.5,OK,307,2130,5,1127.4,1080
2026-10-01 12:27:54,22.2,27,1.7,3758,74896.2,OK,331,2128,5,1127.4,1080
2026-10-01 12:28:10,22.3,27,1.3,3758,74986.1,OK,338,2128,5,1127.4,1080
2026-10-01 12:28:26,22.3,27,1.1,3758,75041.2,OK,298,2125,5,1127.4,1080
2026-10-01 12:28:42,22.4,28,0.6,3758,74957.1,OK,289,2125,5,1127.4,1080
2026-10-01 12:28:58,22.6,28,0.4,3758,75180.4,OK,148,2130,5,1127.4,1080
2026-10-01 12:29:14,22.7,27,0.8,3758,75136.9,OK,12,2130,5,1127.4,1080
2026-10-01 12:29:30,22.6,26,2.4,3758,75290.6,OK,354,2131,5,1127.4,1080
2026-10-01 12:29:46,22.5,26,2.2,3758,75345.7,OK,357,2131,5,1127.4,1080
2026-10-01 12:30:02,22.4,26,2.5,3758,75125.3,OK,20,2128,5,1127.4,1080
2026-10-01 12:30:18,22.3,26,1.5,3758,75078.9,OK,306,2127,5,1127.4,1080
2026-10-01 12:30:34,22.5,26,2,3758,75168.8,OK,102,2131,5,1127.4,1080
2026-10-01 12:30:50,22.5,26,1.3,3758,75168.8,OK,184,2131,5,1127.4,1080
2026-10-01 12:31:06,22.5,26,1.5,3758,74896.2,OK,313,2126,5,1127.4,1080
2026-10-01 12:31:22,22.4,26,1.5,3758,75293.5,OK,339,2130,5,1127.4,1080
2026-10-01 12:31:38,22.5,27,0.4,3758,75516.8,OK,285,2127,5,1127.4,1080
2026-10-01 12:31:54,22.6,26,1.7,3758,75484.9,OK,295,2132,5,1127.4,1080
2026-10-01 12:32:10,22.6,26,1.7,3758,75421.1,OK,287,2133,5,1127.4,1080
2026-10-01 12:32:26,22.5,25,2.7,3758,75627,OK,295,2134,5,1127.4,1080
2026-10-01 12:32:42,22.3,25,1.5,3758,75656,OK,326,2132,5,1127.4,1074
2026-10-01 12:32:58,22.3,26,1.1,3758,75632.8,OK,289,2129,5,1127.4,1074
2026-10-01 12:33:14,22.5,26,1.4,3758,75809.7,OK,273,2132,5,1127.4,1074
2026-10-01 12:33:30,22.5,26,1.3,3758,75696.6,OK,317,2129,5,1127.4,1074
2026-10-01 12:33:46,22.5,26,0.7,3758,75885.1,OK,292,2128,5,1127.4,1074
2026-10-01 12:34:02,22.5,26,2.1,3758,75783.6,OK,202,2128,5,1127.4,1074
2026-10-01 12:34:18,22.5,26,1.8,3758,75844.5,OK,33,2127,5,1127.4,1074
2026-10-01 12:34:34,22.4,27,2.8,3758,75699.5,OK,353,2123,5,1127.4,1074
2026-10-01 12:34:50,22.1,27,1,3758,75667.6,OK,245,2117,5,1127.4,1074
2026-10-01 12:35:06,22.1,28,2.7,3758,75687.9,OK,315,2118,5,1127.4,1074
2026-10-01 12:35:22,22.2,28,1,3758,75534.2,OK,310,2119,5,1127.4,1074
2026-10-01 12:35:38,22.3,28,0.8,3758,75743,OK,343,2119,5,1127.4,1074
2026-10-01 12:35:54,22.3,28,2.8,3758,75679.2,OK,313,2118,5,1127.4,1074
2026-10-01 12:36:10,22.3,27,2.9,3758,75824.2,OK,277,2118,5,1127.4,1074
2026-10-01 12:36:26,22.1,28,0.6,3758,75766.2,OK,190,2117,5,1127.4,1074
2026-10-01 12:36:42,22.1,28,1.1,3758,75786.5,OK,291,2112,5,1127.4,1074
2026-10-01 12:36:58,22.2,28,0.6,3758,75844.5,OK,304,2112,5,1127.4,1074
2026-10-01 12:37:14,22.2,28,0.7,3758,76059.1,OK,225,2115,5,1127.4,1074
2026-10-01 12:37:30,22.3,28,0.3,3758,75902.5,OK,315,2112,5,1127.4,1074
2026-10-01 12:37:46,22.5,28,0.6,3758,76125.8,OK,289,2111,5,1127.4,1073
2026-10-01 12:38:02,22.5,28,1.1,3758,76215.7,OK,352,2118,5,1127.4,1073
2026-10-01 12:38:18,22.5,28,1.3,3758,76151.9,OK,258,2111,5,1127.4,1073
2026-10-01 12:38:34,22.5,28,1.7,3758,76276.6,OK,307,2109,5,1127.4,1073
2026-10-01 12:38:50,22.6,28,1,3758,76430.3,OK,296,2115,5,1127.4,1073
2026-10-01 12:39:06,22.5,28,1.7,3758,76523.1,OK,283,2115,5,1127.4,1073
2026-10-01 12:39:22,22.4,28,2.7,3758,76499.9,OK,281,2114,5,1127.4,1073
2026-10-01 12:39:38,22.4,28,2,3758,76560.8,OK,295,2117,5,1127.4,1073
2026-10-01 12:39:54,22.4,27,1.7,3758,76555,OK,328,2116,5,1127.4,1073
2026-10-01 12:40:10,22.5,27,1.1,3758,76436.1,OK,341,2110,5,1127.4,1073
2026-10-01 12:40:26,22.5,27,0.8,3758,76639.1,OK,337,2109,5,1127.4,1073
2026-10-01 12:40:42,22.6,27,0.8,3758,76499.9,OK,51,2107,5,1127.4,1073
2026-10-01 12:40:58,22.5,26,2.9,3758,76433.2,OK,14,2107,5,1127.4,1073
2026-10-01 12:41:14,22.4,26,1.3,3758,76441.9,OK,33,2107,5,1127.4,1073
2026-10-01 12:41:30,22.3,27,1.4,3758,76363.6,OK,356,2105,5,1127.4,1073
2026-10-01 12:41:46,22.3,27,1,3758,76415.8,OK,300,2100,5,1127.4,1073
2026-10-01 12:42:02,22.3,27,2,3758,76366.5,OK,290,2100,5,1127.4,1073
2026-10-01 12:42:18,22.4,28,3.5,3758,76262.1,OK,310,2098,5,1127.4,1073
2026-10-01 12:42:34,22.1,28,2.9,3758,76323,OK,279,2100,5,1127.4,1064
2026-10-01 12:42:50,22.1,28,2.7,3758,76311.4,OK,285,2099,5,1127.4,1064
2026-10-01 12:43:06,22,28,2.1,3758,76215.7,OK,256,2094,5,1127.4,1064
2026-10-01 12:43:22,22.2,28,1.5,3758,76265,OK,266,2095,5,1127.4,1064
2026-10-01 12:43:38,22.3,28,1.5,3758,76099.7,OK,309,2094,5,1127.4,1064
2026-10-01 12:43:54,22.4,29,1,3758,76340.4,OK,356,2095,5,1127.4,1064
2026-10-01 12:44:10,22.5,28,1.3,3758,76262.1,OK,309,2092,5,1127.4,1064
2026-10-01 12:44:26,22.5,28,1.5,3758,76282.4,OK,286,2091,5,1127.4,1064
2026-10-01 12:44:42,22.5,28,1.8,3758,76375.2,OK,349,2091,5,1127.4,1064
2026-10-01 12:44:58,22.4,28,1.4,3758,76447.7,OK,290,2089,5,1127.4,1064
2026-10-01 12:45:14,22.5,28,2,3758,76468,OK,287,2089,5,1127.4,1064
2026-10-01 12:45:30,22.4,28,1.8,3758,76491.2,OK,303,2094,5,1127.4,1064
2026-10-01 12:45:46,22.4,28,0.6,3758,76688.4,OK,320,2089,5,1127.4,1064
2026-10-01 12:46:02,22.7,28,1,3758,76789.9,OK,67,2089,5,1127.4,1064
2026-10-01 12:46:18,22.6,28,0.7,3758,76540.5,OK,284,2090,5,1127.4,1064
2026-10-01 12:46:34,22.8,28,0.4,3758,76555,OK,308,2089,5,1127.4,1064
2026-10-01 12:46:50,22.8,28,0,3758,76784.1,OK,298,2088,5,1127.4,1064
2026-10-01 12:47:06,22.9,28,0.4,3758,76871.1,OK,291,2087,5,1127.4,1064
2026-10-01 12:47:22,23,27,0.3,3758,76923.3,OK,47,2085,5,1127.4,1064
2026-10-01 12:47:38,23.1,27,0,3758,77164,OK,278,2088,5,1127.4,1064
2026-10-01 12:47:54,23.2,27,0,3758,77210.4,OK,218,2090,5,1127.4,1064
2026-10-01 12:48:10,23.3,27,0.3,3758,77422.1,OK,298,2091,5,1127.4,1064
2026-10-01 12:48:26,23.3,27,1.1,3758,77427.9,OK,312,2090,5,1127.4,1064
2026-10-01 12:48:42,23.2,27,0.6,3758,77340.9,OK,348,2090,5,1127.4,1064
2026-10-01 12:48:58,23.3,27,1.8,3758,77529.4,OK,295,2088,5,1127.4,1063
2026-10-01 12:49:14,23.2,27,1.1,3758,77636.7,OK,262,2083,5,1127.4,1063
2026-10-01 12:49:30,23.1,27,2.2,3758,77651.2,OK,348,2081,5,1127.4,1063
2026-10-01 12:49:46,23,27,1.4,3758,77703.4,OK,317,2086,5,1127.4,1063
2026-10-01 12:50:02,23,27,0.3,3758,77694.7,OK,52,2085,5,1127.4,1063
2026-10-01 12:50:18,23.1,27,0,3758,77807.8,OK,294,2086,5,1127.4,1063
2026-10-01 12:50:34,23.3,27,0,3758,77833.9,OK,153,2086,5,1127.4,1063
2026-10-01 12:50:50,23.3,27,0.1,3758,77854.2,OK,219,2078,5,1127.4,1063
2026-10-01 12:51:06,23.3,27,0.7,3758,77990.5,OK,308,2080,5,1127.4,1063
2026-10-01 12:51:22,23.4,27,2.1,3758,78013.7,OK,253,2082,5,1127.4,1063
2026-10-01 12:51:38,23.3,27,1.8,3758,77973.1,OK,314,2081,5,1127.4,1063
2026-10-01 12:51:54,23.2,26,0.7,3758,77990.5,OK,288,2081,5,1127.4,1063
2026-10-01 12:52:10,23,27,2,3758,78028.2,OK,323,2081,5,1127.4,1063
2026-10-01 12:52:26,22.9,27,1.7,3758,78086.2,OK,15,2078,5,1127.4,1063
2026-10-01 12:52:42,22.7,27,1.8,3758,77973.1,OK,271,2076,5,1127.4,1057
2026-10-01 12:52:58,22.6,27,2.1,3758,78002.1,OK,1,2071,5,1127.4,1057
2026-10-01 12:53:14,22.6,28,1.3,3758,77964.4,OK,321,2069,5,1127.4,1057
2026-10-01 12:53:30,22.5,27,3.4,3758,77981.8,OK,286,2071,5,1127.4,1057
2026-10-01 12:53:46,22.4,26,2.4,3758,78013.7,OK,302,2070,5,1127.4,1057
2026-10-01 12:54:02,22.3,27,3.9,3758,77926.7,OK,318,2065,5,1127.4,1057
2026-10-01 12:54:18,22.2,27,2.8,3758,77810.7,OK,283,2063,5,1127.4,1057
2026-10-01 12:54:34,22.2,27,3.9,3758,77764.3,OK,274,2064,5,1127.4,1057
2026-10-01 12:54:50,22.2,27,2,3758,77790.4,OK,274,2064,5,1127.4,1057
2026-10-01 12:55:06,22.2,27,0.7,3758,77755.6,OK,296,2062,5,1127.4,1057
2026-10-01 12:55:22,22.3,27,1.8,3758,77619.3,OK,277,2056,5,1127.4,1057
2026-10-01 12:55:38,22.4,28,1.1,3758,77459.8,OK,67,2054,5,1127.4,1057
2026-10-01 12:55:54,22.5,28,0.8,3758,77326.4,OK,344,2051,5,1127.4,1057
2026-10-01 12:56:10,22.6,28,0.3,3758,77311.9,OK,310,2049,5,1127.4,1057
2026-10-01 12:56:26,22.7,27,0.6,3758,77430.8,OK,343,2046,5,1127.4,1057
2026-10-01 12:56:42,22.7,27,1.7,3758,77494.6,OK,293,2053,5,1127.4,1057
2026-10-01 12:56:58,22.6,27,0.8,3758,77564.2,OK,344,2054,5,1127.4,1057
2026-10-01 12:57:14,22.6,27,2.1,3758,77439.5,OK,343,2048,5,1127.4,1057
2026-10-01 12:57:30,22.6,27,2,3758,77616.4,OK,49,2051,5,1127.4,1057
2026-10-01 12:57:46,22.6,27,3.2,3758,77439.5,OK,350,2047,5,1127.4,1051
2026-10-01 12:58:02,22.4,27,1.4,3758,77114.7,OK,289,2047,5,1127.4,1051
2026-10-01 12:58:18,22.5,27,1.1,3758,77274.2,OK,278,2045,5,1127.4,1051
2026-10-01 12:58:34,22.5,28,1,3758,77143.7,OK,280,2039,5,1127.4,1051
2026-10-01 12:58:50,22.7,28,0.3,3758,77384.4,OK,299,2038,5,1127.4,1051
2026-10-01 12:59:06,22.7,28,0.6,3758,77483,OK,10,2044,5,1127.4,1051
2026-10-01 12:59:22,22.8,28,1.3,3758,77590.3,OK,3,2048,5,1127.4,1051
2026-10-01 12:59:38,22.8,28,0.7,3758,77410.5,OK,277,2037,5,1127.4,1051
2026-10-01 12:59:54,22.8,28,0.8,3758,77616.4,OK,241,2041,5,1127.4,1051
2026-10-01 13:00:10,22.9,28,0.4,3758,77712.1,OK,84,2036,5,1127.4,1051
2026-10-01 13:00:26,22.9,27,2.5,3758,77700.5,OK,309,2040,5,1127.4,1051
2026-10-01 13:00:42,22.9,26,1.5,3758,77715,OK,326,2040,5,1127.4,1051
2026-10-01 13:00:58,23,26,1.4,3758,77915.1,OK,301,2039,5,1127.4,1051
2026-10-01 13:01:14,23.1,26,3.1,3758,77993.4,OK,309,2042,5,1127.4,1051
2026-10-01 13:01:30,22.8,26,2.8,3758,78112.3,OK,305,2037,5,1127.4,1051
2026-10-01 13:01:46,22.7,27,1.8,3758,77990.5,OK,305,2039,5,1127.4,1051
2026-10-01 13:02:02,22.7,27,0.8,3758,78150,OK,330,2044,5,1127.4,1051
2026-10-01 13:02:18,22.7,26,1.5,3758,78129.7,OK,312,2038,5,1127.4,1051
2026-10-01 13:02:34,22.6,27,1.3,3758,78332.7,OK,314,2043,5,1127.4,1043
2026-10-01 13:02:50,22.6,27,1.3,3758,78112.3,OK,9,2029,5,1127.4,1043
2026-10-01 13:03:06,22.7,27,1.5,3758,77984.7,OK,292,2028,5,1127.4,1043
2026-10-01 13:03:22,22.8,27,2,3758,78025.3,OK,298,2023,5,1127.4,1043
2026-10-01 13:03:38,22.8,27,2.8,3758,78228.3,OK,318,2031,5,1127.4,1043
2026-10-01 13:03:54,22.7,26,2.1,3758,78077.5,OK,12,2027,5,1127.4,1043
2026-10-01 13:04:10,22.6,27,0.8,3758,78152.9,OK,14,2024,5,1127.4,1043
2026-10-01 13:04:26,22.6,26,3.1,3758,77993.4,OK,271,2021,5,1127.4,1043
2026-10-01 13:04:42,22.5,27,1.1,3758,77935.4,OK,185,2019,5,1127.4,1043
2026-10-01 13:04:58,22.5,27,1.1,3758,77845.5,OK,317,2014,5,1127.4,1043
2026-10-01 13:05:14,22.5,27,1.3,3758,77865.8,OK,306,2013,5,1127.4,1043
2026-10-01 13:05:30,22.5,27,0.8,3758,77848.4,OK,20,2009,5,1127.4,1043
2026-10-01 13:05:46,22.5,27,0.1,3758,78077.5,OK,35,2008,5,1127.4,1043
2026-10-01 13:06:02,22.6,27,0.6,3758,78199.3,OK,29,2011,5,1127.4,1043
2026-10-01 13:06:18,22.7,27,1.4,3758,77978.9,OK,317,2008,5,1127.4,1043
2026-10-01 13:06:34,22.9,27,0.7,3758,77999.2,OK,42,2008,5,1127.4,1043
2026-10-01 13:06:50,22.9,27,1,3758,77784.6,OK,314,2006,5,1127.4,1043
2026-10-01 13:07:06,22.9,26,1.8,3758,77877.4,OK,311,2000,5,1127.4,1043
2026-10-01 13:07:22,22.8,27,1.5,3758,77804.9,OK,284,1999,5,1127.4,1043
2026-10-01 13:07:38,22.9,27,0.1,3758,77732.4,OK,340,1995,5,1127.4,1037
2026-10-01 13:07:54,22.9,27,1.8,3758,77784.6,OK,359,1995,5,1127.4,1037
2026-10-01 13:08:10,23,27,0.8,3758,77804.9,OK,285,1996,5,1127.4,1037
2026-10-01 13:08:26,22.9,27,1.8,3758,77639.6,OK,333,1989,5,1127.4,1037
2026-10-01 13:08:42,22.9,27,2.2,3758,77903.5,OK,300,1995,5,1127.4,1037
2026-10-01 13:08:58,22.7,27,4.1,3758,78100.7,OK,309,1991,5,1127.4,1037
2026-10-01 13:09:14,22.6,27,2,3758,77976,OK,300,1989,5,1127.4,1037
2026-10-01 13:09:30,22.5,28,1.8,3758,77958.6,OK,320,1987,5,1127.4,1037
2026-10-01 13:09:46,22.4,28,1.3,3758,78100.7,OK,276,1991,5,1127.4,1037
2026-10-01 13:10:02,22.5,28,2.9,3758,77938.3,OK,270,1983,5,1127.4,1037
2026-10-01 13:10:18,22.5,27,1.8,3758,77955.7,OK,18,1987,5,1127.4,1037
2026-10-01 13:10:34,22.5,27,1.5,3758,77961.5,OK,314,1988,5,1127.4,1037
2026-10-01 13:10:50,22.4,27,2.2,3758,78167.4,OK,351,1991,5,1127.4,1037
2026-10-01 13:11:06,22.5,27,1.7,3758,77955.7,OK,259,1985,5,1127.4,1037
2026-10-01 13:11:22,22.5,27,1.8,3758,77993.4,OK,315,1987,5,1127.4,1037
2026-10-01 13:11:38,22.5,27,0.3,3758,77868.7,OK,267,1985,5,1127.4,1037
2026-10-01 13:11:54,22.6,27,1.5,3758,78054.3,OK,271,1987,5,1127.4,1037
2026-10-01 13:12:10,22.6,27,1.7,3758,78068.8,OK,319,1982,5,1127.4,1037
2026-10-01 13:12:26,22.6,27,0.7,3758,77778.8,OK,277,1976,5,1127.4,1037
2026-10-01 13:12:42,22.6,27,0.6,3758,78028.2,OK,1,1977,5,1127.4,1030
2026-10-01 13:12:58,22.6,27,1.8,3758,78031.1,OK,285,1976,5,1127.4,1030
2026-10-01 13:13:14,22.6,27,1.4,3758,78147.1,OK,311,1976,5,1127.4,1030
2026-10-01 13:13:30,22.6,27,0.7,3758,78402.3,OK,327,1974,5,1127.4,1030
2026-10-01 13:13:46,22.6,27,0.3,3758,78164.5,OK,301,1976,5,1127.4,1030
2026-10-01 13:14:02,22.8,27,1.7,3758,78092,OK,265,1965,5,1127.4,1030
2026-10-01 13:14:18,22.9,27,2.7,3758,78384.9,OK,19,1973,5,1127.4,1030
2026-10-01 13:14:34,22.8,27,2.1,3758,78544.4,OK,321,1976,5,1127.4,1030
2026-10-01 13:14:50,22.7,27,0.6,3758,78416.8,OK,351,1970,5,1127.4,1030
2026-10-01 13:15:06,22.7,27,0,3758,78416.8,OK,236,1966,5,1127.4,1030
2026-10-01 13:15:22,22.8,27,1.3,3758,78587.9,OK,287,1967,5,1127.4,1030
2026-10-01 13:15:38,22.9,27,1,3758,78686.5,OK,20,1965,5,1127.4,1030
2026-10-01 13:15:54,22.9,27,1.1,3758,78701,OK,350,1966,5,1127.4,1030
2026-10-01 13:16:10,22.9,28,0.8,3758,78692.3,OK,278,1962,5,1127.4,1030
2026-10-01 13:16:26,22.9,27,1.5,3758,78576.3,OK,337,1956,5,1127.4,1030
2026-10-01 13:16:42,22.9,28,0.8,3758,78614,OK,278,1957,5,1127.4,1030
2026-10-01 13:16:58,22.9,28,1.5,3758,78680.7,OK,320,1952,5,1127.4,1030
2026-10-01 13:17:14,22.9,28,0.8,3758,78582.1,OK,289,1949,5,1127.4,1030
2026-10-01 13:17:30,23,28,2.1,3758,78767.7,OK,294,1951,5,1127.4,1030
2026-10-01 13:17:46,23,28,1.7,3758,78837.3,OK,329,1952,5,1127.4,1030
2026-10-01 13:18:02,23,27,0.4,3758,79057.7,OK,35,1952,5,1127.4,1030
2026-10-01 13:18:18,23,27,0.1,3758,78837.3,OK,312,1950,5,1127.4,1030
2026-10-01 13:18:34,23.2,28,1.1,3758,79043.2,OK,309,1947,5,1127.4,1030
2026-10-01 13:18:50,23.4,28,1.5,3758,78996.8,OK,345,1942,5,1127.4,1023
2026-10-01 13:19:06,23.4,27,1.8,3758,78953.3,OK,340,1942,5,1127.4,1023
2026-10-01 13:19:22,23.4,27,1.4,3758,78991,OK,289,1942,5,1127.4,1023
2026-10-01 13:19:38,23.4,26,1.4,3758,79289.7,OK,353,1946,5,1127.4,1023
2026-10-01 13:19:54,23.3,26,0.1,3758,79202.7,OK,51,1944,5,1127.4,1023
2026-10-01 13:20:10,23.4,26,0.1,3758,79417.3,OK,274,1942,5,1127.4,1023
2026-10-01 13:20:26,23.5,26,0,3758,79469.5,OK,1,1940,5,1127.4,1023
2026-10-01 13:20:42,23.6,26,0.4,3758,79460.8,OK,358,1941,5,1127.4,1023
2026-10-01 13:20:58,23.6,26,0.6,3758,79446.3,OK,282,1937,5,1127.4,1023
2026-10-01 13:21:14,23.6,26,1.5,3758,79634.8,OK,325,1937,5,1127.4,1023
2026-10-01 13:21:30,23.6,25,1.3,3758,79643.5,OK,310,1937,5,1127.4,1023
2026-10-01 13:21:46,23.5,25,2.8,3758,79379.6,OK,294,1933,5,1127.4,1023
2026-10-01 13:22:02,23.4,25,2.1,3758,79695.7,OK,303,1936,5,1127.4,1023
2026-10-01 13:22:18,23.3,26,0.7,3758,79669.6,OK,321,1935,5,1127.4,1023
2026-10-01 13:22:34,23.3,26,0.7,3758,79608.7,OK,5,1932,5,1127.4,1017
2026-10-01 13:22:50,23.4,26,0.1,3758,79794.3,OK,294,1928,5,1127.4,1017
2026-10-01 13:23:06,23.5,26,1,3758,79646.4,OK,260,1927,5,1127.4,1017
2026-10-01 13:23:22,23.7,25,0.4,3758,79910.3,OK,1,1927,5,1127.4,1017
2026-10-01 13:23:38,23.7,25,1.3,3758,80069.8,OK,18,1927,5,1127.4,1017
2026-10-01 13:23:54,23.7,25,0.7,3758,80020.5,OK,130,1929,5,1127.4,1017
2026-10-01 13:24:10,23.7,25,0.7,3758,80064,OK,238,1921,5,1127.4,1017
2026-10-01 13:24:26,23.8,25,2.2,3758,80058.2,OK,297,1922,5,1127.4,1017
2026-10-01 13:24:42,23.6,25,1.5,3758,80066.9,OK,338,1919,5,1127.4,1017
2026-10-01 13:24:58,23.4,25,0.8,3758,80037.9,OK,354,1917,5,1127.4,1017
2026-10-01 13:25:14,23.3,25,2.2,3758,80130.7,OK,313,1917,5,1127.4,1017
2026-10-01 13:25:30,23.2,25,3.6,3758,80098.8,OK,334,1914,5,1127.4,1017
2026-10-01 13:25:46,23,26,1,3758,79982.8,OK,300,1910,5,1127.4,1017
2026-10-01 13:26:02,23,26,1.4,3758,80081.4,OK,10,1908,5,1127.4,1017
2026-10-01 13:26:18,23,26,0.8,3758,79948,OK,1,1907,5,1127.4,1017
2026-10-01 13:26:34,23.1,26,1.3,3758,80217.7,OK,308,1906,5,1127.4,1017
2026-10-01 13:26:50,23.1,26,2,3758,80064,OK,353,1907,5,1127.4,1017
2026-10-01 13:27:06,23.1,26,1.7,3758,80049.5,OK,333,1904,5,1127.4,1017
2026-10-01 13:27:22,23,27,2.7,3758,79878.4,OK,282,1901,5,1127.4,1017
2026-10-01 13:27:38,22.8,27,2.2,3758,79649.3,OK,315,1894,5,1127.4,1006
2026-10-01 13:27:54,22.8,27,1.5,3758,79718.9,OK,298,1895,5,1127.4,1006
2026-10-01 13:28:10,22.8,28,2.4,3758,79861,OK,294,1897,5,1127.4,1006
2026-10-01 13:28:26,22.7,29,1.5,3758,79863.9,OK,320,1898,5,1127.4,1006
2026-10-01 13:28:42,22.8,29,1.1,3758,79965.4,OK,300,1893,5,1127.4,1006
2026-10-01 13:28:58,22.9,29,2.5,3758,79832,OK,277,1898,5,1127.4,1006
2026-10-01 13:29:14,22.9,29,2.5,3758,80107.5,OK,355,1899,5,1127.4,1006
2026-10-01 13:29:30,22.8,29,1.4,3758,80243.8,OK,303,1899,5,1127.4,1006
2026-10-01 13:29:46,22.8,29,0.7,3758,80252.5,OK,290,1900,5,1127.4,1006
2026-10-01 13:30:02,23,29,0,3758,80316.3,OK,233,1900,5,1127.4,1006
2026-10-01 13:30:18,23.1,29,1.7,3758,80246.7,OK,179,1901,5,1127.4,1006
2026-10-01 13:30:34,23.1,28,3.4,3758,80275.7,OK,300,1899,5,1127.4,1006
2026-10-01 13:30:50,22.8,28,2,3758,80293.1,OK,343,1900,5,1127.4,1006
2026-10-01 13:31:06,22.8,28,1.4,3758,80209,OK,260,1892,5,1127.4,1006
2026-10-01 13:31:22,23,28,0.8,3758,79930.6,OK,266,1887,5,1127.4,1006
2026-10-01 13:31:38,23.1,28,1.4,3758,80185.8,OK,291,1887,5,1127.4,1006
2026-10-01 13:31:54,23.1,28,3.1,3758,80087.2,OK,281,1879,5,1127.4,1006
2026-10-01 13:32:10,23,28,1.7,3758,79907.4,OK,252,1871,5,1127.4,1006
2026-10-01 13:32:26,23.1,28,0.8,3758,79901.6,OK,1,1865,5,1127.4,1006
2026-10-01 13:32:42,23.1,28,0.8,3758,79919,OK,311,1865,5,1127.4,990
2026-10-01 13:32:58,23.2,28,1.5,3758,79791.4,OK,296,1857,5,1127.4,990
2026-10-01 13:33:14,23.2,28,1.1,3758,79855.2,OK,233,1853,5,1127.4,990
2026-10-01 13:33:30,23.1,27,0.3,3758,79687,OK,262,1845,5,1127.4,990
2026-10-01 13:33:46,23.2,27,0.6,3758,79626.1,OK,291,1845,5,1127.4,990
2026-10-01 13:34:02,23.3,27,3.5,3758,79834.9,OK,251,1842,4,1127.4,990
2026-10-01 13:34:18,23.1,26,2.9,3758,79710.2,OK,271,1845,5,1127.4,990
2026-10-01 13:34:34,23,26,2.5,3758,79919,OK,305,1843,5,1127.4,990
2026-10-01 13:34:50,22.8,27,2.2,3758,79921.9,OK,340,1841,4,1127.4,990
2026-10-01 13:35:06,22.7,28,2.1,3758,79629,OK,273,1831,4,1127.4,990
2026-10-01 13:35:22,22.8,28,0.8,3758,79382.5,OK,6,1825,4,1127.4,990
2026-10-01 13:35:38,23,28,0.7,3758,79544.9,OK,329,1822,4,1127.4,990
2026-10-01 13:35:54,22.9,28,1.7,3758,79707.3,OK,311,1826,4,1127.4,990
2026-10-01 13:36:10,22.9,29,1.5,3758,79605.8,OK,317,1822,4,1127.4,990
2026-10-01 13:36:26,22.9,28,0.7,3758,79095.4,OK,325,1814,4,1127.4,990
2026-10-01 13:36:42,23,28,0.7,3758,79646.4,OK,261,1815,4,1127.4,990
2026-10-01 13:36:58,23,28,2.1,3758,79179.5,OK,45,1808,4,1127.4,990
2026-10-01 13:37:14,23,28,2.1,3758,79327.4,OK,297,1811,4,1127.4,990
2026-10-01 13:37:30,22.8,27,2.4,3758,79272.3,OK,21,1804,4,1127.4,990
2026-10-01 13:37:46,22.6,28,3.6,3758,79098.3,OK,38,1802,4,1127.4,981
2026-10-01 13:38:02,22.6,28,1.3,3758,78956.2,OK,289,1793,4,1127.4,981
2026-10-01 13:38:18,22.7,28,0.8,3758,78683.6,OK,292,1791,4,1127.4,981
2026-10-01 13:38:34,22.6,28,2,3758,78602.4,OK,22,1790,4,1127.4,981
2026-10-01 13:38:50,22.6,28,0.8,3758,78515.4,OK,293,1786,4,1127.4,981
2026-10-01 13:39:06,22.7,28,0.3,3758,78686.5,OK,259,1781,4,1127.4,981
2026-10-01 13:39:22,22.8,28,2.1,3758,78796.7,OK,282,1780,4,1127.4,981
2026-10-01 13:39:38,22.9,28,2,3758,79011.3,OK,281,1779,4,1127.4,981
2026-10-01 13:39:54,23,28,1.4,3758,79017.1,OK,314,1774,4,1127.4,981
2026-10-01 13:40:10,22.8,28,2.7,3758,79025.8,OK,255,1775,4,1127.4,981
2026-10-01 13:40:26,22.7,28,2.2,3758,79017.1,OK,302,1772,4,1127.4,981
2026-10-01 13:40:42,22.6,28,3.4,3758,78901.1,OK,279,1763,4,1127.4,981
2026-10-01 13:40:58,22.5,28,1.7,3758,79017.1,OK,344,1764,4,1127.4,981
2026-10-01 13:41:14,22.5,28,1.5,3758,78840.2,OK,270,1757,4,1127.4,981
2026-10-01 13:41:30,22.5,29,0.6,3758,78805.4,OK,302,1752,4,1127.4,981
2026-10-01 13:41:46,22.5,29,1.8,3758,78854.7,OK,279,1751,4,1127.4,981
2026-10-01 13:42:02,22.6,29,1.5,3758,78988.1,OK,297,1747,4,1127.4,981
2026-10-01 13:42:18,22.8,29,0.4,3758,78993.9,OK,95,1743,4,1127.4,981
2026-10-01 13:42:34,22.9,29,1.1,3758,78799.6,OK,357,1735,4,1127.4,972
2026-10-01 13:42:50,23.1,29,1.4,3758,79304.2,OK,270,1743,4,1127.4,972
2026-10-01 13:43:06,23.2,28,2.2,3758,79339,OK,300,1736,4,1127.4,972
2026-10-01 13:43:22,23.1,28,2.9,3758,79405.7,OK,287,1731,4,1127.4,972
2026-10-01 13:43:38,23.2,28,1.1,3758,79072.2,OK,300,1723,4,1127.4,972
2026-10-01 13:43:54,23.2,28,2.1,3758,79176.6,OK,302,1722,4,1127.4,972
2026-10-01 13:44:10,23.1,28,2.7,3758,79330.3,OK,270,1722,4,1127.4,972
2026-10-01 13:44:26,23,28,3.4,3758,79449.2,OK,258,1715,4,1127.4,972
2026-10-01 13:44:42,22.9,28,1.4,3758,79214.3,OK,300,1710,4,1127.4,972
2026-10-01 13:44:58,22.9,28,0.8,3758,79286.8,OK,242,1710,4,1127.4,972
2026-10-01 13:45:14,23,28,0.1,3758,79434.7,OK,240,1705,4,1127.4,972
2026-10-01 13:45:30,23.1,28,0,3758,79565.2,OK,306,1702,4,1127.4,972
2026-10-01 13:45:46,23.3,28,0.1,3758,79713.1,OK,249,1698,4,1127.4,972
2026-10-01 13:46:02,23.5,28,0.6,3758,79362.2,OK,266,1691,4,1127.4,972
2026-10-01 13:46:18,23.6,27,2,3758,79762.4,OK,260,1628,4,1127.4,972
2026-10-01 13:46:34,23.6,27,1.8,3758,79718.9,OK,293,1681,4,1127.4,972
2026-10-01 13:46:50,23.7,27,1.8,3758,79713.1,OK,260,1676,4,1127.4,972
2026-10-01 13:47:06,23.7,27,1.1,3758,79768.2,OK,233,1669,4,1127.4,972
2026-10-01 13:47:22,23.7,27,1.7,3758,80014.7,OK,219,1674,4,1127.4,972
2026-10-01 13:47:38,23.7,27,1.5,3758,79997.3,OK,337,1669,4,1127.4,972
2026-10-01 13:47:54,23.5,27,3.6,3758,80026.3,OK,343,1666,4,1127.4,972
2026-10-01 13:48:10,23.3,27,2.2,3758,79942.2,OK,271,1660,4,1127.4,972
2026-10-01 13:48:26,23.2,28,1.1,3758,80029.2,OK,268,1658,4,1127.4,972
2026-10-01 13:48:42,23.3,27,1.5,3758,79979.9,OK,262,1651,4,1127.4,972
2026-10-01 13:48:59,23.2,27,2,3758,79977,OK,337,1649,4,1127.4,955
2026-10-01 13:49:14,23.1,27,1.8,3758,80113.3,OK,292,1642,4,1127.4,955
2026-10-01 13:49:30,23.1,27,2.4,3758,79689.9,OK,293,1633,4,1127.4,955
2026-10-01 13:49:46,23.1,28,2.9,3758,79788.5,OK,299,1628,4,1127.4,955
2026-10-01 13:50:02,23,28,0.8,3758,79892.9,OK,314,1628,4,1127.4,955
2026-10-01 13:50:18,23.1,28,1.5,3758,79753.7,OK,283,1619,4,1127.4,955
2026-10-01 13:50:34,23,27,4.2,3758,79710.2,OK,292,1615,4,1127.4,955
2026-10-01 13:50:50,22.8,27,3.6,3758,79852.3,OK,262,1612,4,1127.4,955
2026-10-01 13:51:06,22.8,28,1.8,3758,79904.5,OK,286,1608,4,1127.4,955
2026-10-01 13:51:22,22.8,28,1,3758,79898.7,OK,308,1605,4,1127.4,955
2026-10-01 13:51:38,22.9,28,0.8,3758,79591.3,OK,226,1593,4,1127.4,955
2026-10-01 13:51:54,23,28,2.8,3758,79518.8,OK,302,1590,4,1127.4,955
2026-10-01 13:52:10,22.9,28,3.5,3758,79602.9,OK,300,1583,4,1127.4,955
2026-10-01 13:52:26,22.9,28,1.1,3758,79675.4,OK,320,1579,4,1127.4,955
2026-10-01 13:52:42,22.9,28,2.2,3758,79547.8,OK,269,1573,4,1127.4,943
2026-10-01 13:52:58,22.9,28,2.5,3758,79597.1,OK,7,1568,4,1127.4,943
2026-10-01 13:53:14,22.9,28,1.8,3758,79472.4,OK,13,1566,4,1127.4,943
2026-10-01 13:53:30,22.9,28,2.5,3758,79556.5,OK,297,1559,4,1127.4,943
2026-10-01 13:53:46,22.8,28,3.9,3758,79446.3,OK,264,1551,4,1127.4,943
2026-10-01 13:54:02,22.6,27,3.9,3758,79513,OK,321,1547,4,1127.4,943
2026-10-01 13:54:18,22.4,28,4.6,3758,79365.1,OK,298,1536,4,1127.4,943
2026-10-01 13:54:34,22.3,28,1,3758,79150.5,OK,353,1528,4,1127.4,943
2026-10-01 13:54:50,22.4,28,1.7,3758,79124.4,OK,55,1524,4,1127.4,943
2026-10-01 13:55:06,22.5,28,1.4,3758,78808.3,OK,276,1512,4,1127.4,943
2026-10-01 13:55:22,22.5,28,2.2,3758,78988.1,OK,319,1510,4,1127.4,943
2026-10-01 13:55:38,22.6,29,1.7,3758,78895.3,OK,359,1497,4,1127.4,943
2026-10-01 13:55:54,22.7,29,2.1,3758,78941.7,OK,288,1495,4,1127.4,943
2026-10-01 13:56:10,22.8,28,2.7,3758,79040.3,OK,348,1489,4,1127.4,943
2026-10-01 13:56:26,22.7,28,2.4,3758,79054.8,OK,0,1483,4,1127.4,943
2026-10-01 13:56:42,22.7,28,1,3758,79147.6,OK,303,1472,4,1127.4,943
2026-10-01 13:56:58,22.8,29,2.5,3758,79051.9,OK,295,1467,4,1127.4,943
2026-10-01 13:57:14,22.6,28,2.2,3758,79237.5,OK,299,1462,4,1127.4,943
2026-10-01 13:57:30,22.6,29,1.3,3758,79034.5,OK,343,1449,4,1127.4,943
2026-10-01 13:57:46,22.7,29,1.7,3758,78993.9,OK,298,1444,4,1127.4,929
2026-10-01 13:58:02,22.7,29,3.2,3758,79054.8,OK,332,1453,4,1127.4,929
2026-10-01 13:58:18,22.7,30,1.5,3758,79069.3,OK,28,1432,4,1127.4,929
2026-10-01 13:58:34,22.7,29,2.9,3758,78883.7,OK,334,1423,4,1127.4,929
2026-10-01 13:58:50,22.7,28,2.8,3758,79072.2,OK,342,1418,4,1127.4,929
2026-10-01 13:59:06,22.7,28,1.7,3758,78988.1,OK,327,1407,4,1127.4,929
2026-10-01 13:59:22,22.7,27,1.3,3758,78988.1,OK,333,1400,4,1127.4,929
2026-10-01 13:59:38,22.8,27,1.4,3758,79069.3,OK,12,1390,3,1127.4,929
2026-10-01 13:59:54,22.6,26,2.5,3758,78756.1,OK,26,1383,3,1127.4,929
2026-10-01 14:00:10,22.7,26,2.5,3758,78735.8,OK,289,1376,3,1127.4,929
2026-10-01 14:00:26,22.7,26,1.4,3758,78779.3,OK,294,1370,3,1127.4,929
2026-10-01 14:00:42,22.7,27,1.7,3758,78750.3,OK,38,1360,3,1127.4,929
2026-10-01 14:00:58,22.7,27,1.1,3758,78599.5,OK,356,1349,3,1127.4,929
2026-10-01 14:01:14,22.7,27,2.1,3758,78416.8,OK,323,1340,3,1127.4,929
2026-10-01 14:01:30,22.6,27,2.8,3758,78457.4,OK,256,1333,3,1127.4,929
2026-10-01 14:01:46,22.6,27,2.9,3758,78495.1,OK,327,1322,3,1127.4,929
2026-10-01 14:02:02,22.5,28,2.7,3758,78486.4,OK,303,1313,3,1127.4,929
2026-10-01 14:02:18,22.4,28,0.8,3758,78445.8,OK,324,1304,3,1127.4,929
2026-10-01 14:02:34,22.6,28,0.8,3758,78109.4,OK,182,1290,3,1127.4,908
2026-10-01 14:02:50,22.5,28,1.5,3758,78266,OK,288,1284,3,1127.4,908
2026-10-01 14:03:06,22.5,28,1.3,3758,78254.4,OK,290,1277,3,1127.4,908
2026-10-01 14:03:22,22.5,29,2.1,3758,78422.6,OK,316,1266,3,1127.4,908
2026-10-01 14:03:38,22.5,29,1.5,3758,78364.6,OK,12,1260,3,1127.4,908
2026-10-01 14:03:54,22.5,29,1.3,3758,78466.1,OK,283,1253,3,1127.4,908
2026-10-01 14:04:10,22.6,29,1.1,3758,78524.1,OK,294,1243,3,1127.4,908
2026-10-01 14:04:26,22.9,29,1,3758,78608.2,OK,294,1234,3,1127.4,908
2026-10-01 14:04:42,23,28,0.7,3758,78553.1,OK,13,1222,3,1127.4,908
2026-10-01 14:04:58,23,28,1.1,3758,78295,OK,123,1213,3,1127.4,908
2026-10-01 14:05:14,23,28,0.3,3758,78132.6,OK,302,1201,3,1127.4,908
2026-10-01 14:05:30,23.1,28,0.7,3758,78596.6,OK,318,1195,3,1127.4,908
2026-10-01 14:05:46,23.2,28,0.1,3758,78619.8,OK,297,1186,3,1127.4,908
2026-10-01 14:06:02,23.3,28,0.3,3758,78909.8,OK,215,1178,3,1127.4,908
2026-10-01 14:06:18,23.3,27,2.1,3758,78967.8,OK,331,1171,3,1127.4,908
2026-10-01 14:06:34,23.3,27,0.8,3758,79049,OK,302,1165,3,1127.4,908
2026-10-01 14:06:50,23.3,27,2,3758,79121.5,OK,329,1156,3,1127.4,908
2026-10-01 14:07:06,23.3,26,1.3,3758,78837.3,OK,274,1147,3,1127.4,908
2026-10-01 14:07:22,23.4,26,0.4,3758,78959.1,OK,293,1138,3,1127.4,908
2026-10-01 14:07:38,23.3,27,2.5,3758,78982.3,OK,287,1130,3,1127.4,896
2026-10-01 14:07:54,23.3,27,0.8,3758,79022.9,OK,332,1124,3,1127.4,896
2026-10-01 14:08:10,23.4,27,0,3758,78999.7,OK,324,1112,3,1127.4,896
2026-10-01 14:08:26,23.4,27,1.7,3758,79202.7,OK,254,1107,3,1127.4,896
2026-10-01 14:08:42,23.3,27,1.1,3758,79118.6,OK,294,1094,3,1127.4,896
2026-10-01 14:08:58,23.4,27,3.6,3758,79025.8,OK,279,1086,3,1127.4,896
2026-10-01 14:09:14,23.3,27,1.8,3758,79104.1,OK,324,1081,3,1127.4,896
2026-10-01 14:09:30,23.2,26,2.9,3758,78848.9,OK,342,1075,3,1127.4,896
2026-10-01 14:09:46,23.1,27,2.9,3758,78924.3,OK,312,1069,3,1127.4,896
2026-10-01 14:10:02,23,26,3.9,3758,79025.8,OK,276,1061,3,1127.4,896
2026-10-01 14:10:18,22.9,27,3.9,3758,78988.1,OK,298,1055,3,1127.4,896
2026-10-01 14:10:34,22.7,27,2.7,3758,78599.5,OK,219,1045,3,1127.4,896
2026-10-01 14:10:50,22.7,27,3.2,3758,78860.5,OK,301,1037,3,1127.4,896
2026-10-01 14:11:06,22.6,27,2.5,3758,78686.5,OK,280,1030,3,1127.4,896
2026-10-01 14:11:22,22.6,27,1.8,3758,78686.5,OK,263,1021,3,1127.4,896
2026-10-01 14:11:38,22.6,28,2.2,3758,78645.9,OK,289,1012,3,1127.4,896
2026-10-01 14:11:54,22.8,28,2.7,3758,78556,OK,256,1004,3,1127.4,896
2026-10-01 14:12:10,22.9,27,1.1,3758,78643,OK,331,997,2,1127.4,896
2026-10-01 14:12:26,22.9,27,1.8,3758,78503.8,OK,281,989,2,1127.4,896
2026-10-01 14:12:42,22.9,27,1.8,3758,78396.5,OK,229,985,2,1127.4,883
2026-10-01 14:12:58,22.8,28,2.8,3758,78558.9,OK,252,978,2,1127.4,883
2026-10-01 14:13:14,22.8,28,1.7,3758,78553.1,OK,357,970,2,1127.4,883
2026-10-01 14:13:30,22.9,28,0.7,3758,78318.2,OK,313,959,2,1127.4,883
2026-10-01 14:13:46,23,28,0.4,3758,78347.2,OK,34,956,2,1127.4,883
2026-10-01 14:14:02,23.1,28,0.6,3758,78234.1,OK,297,951,2,1127.4,883
2026-10-01 14:14:18,23.1,27,2.4,3758,78257.3,OK,344,943,2,1127.4,883
2026-10-01 14:14:34,23.1,27,1,3758,78263.1,OK,289,938,2,1127.4,883
2026-10-01 14:14:50,23.2,27,2,3758,78144.2,OK,262,930,2,1127.4,883
2026-10-01 14:15:06,23.1,27,2.9,3758,78440,OK,40,927,2,1127.4,883
2026-10-01 14:15:22,23,26,2,3758,78231.2,OK,347,921,2,1127.4,883
2026-10-01 14:15:38,22.9,26,1.5,3758,78025.3,OK,305,913,2,1127.4,883
2026-10-01 14:15:54,22.9,25,2,3758,77889,OK,290,907,2,1127.4,883
2026-10-01 14:16:10,22.9,25,1.1,3758,77717.9,OK,264,897,2,1127.4,883
2026-10-01 14:16:26,23,25,2.1,3758,77778.8,OK,36,894,2,1127.4,883
2026-10-01 14:16:42,22.9,25,2.4,3758,77990.5,OK,352,892,2,1127.4,883
2026-10-01 14:16:58,22.7,25,2.1,3758,77668.6,OK,349,886,2,1127.4,883
2026-10-01 14:17:14,22.7,25,2.5,3758,77575.8,OK,281,880,2,1127.4,883
2026-10-01 14:17:30,22.8,25,2.1,3758,77526.5,OK,329,876,2,1127.4,883
2026-10-01 14:17:46,22.7,25,1.8,3758,77549.7,OK,359,867,2,1127.4,883
2026-10-01 14:18:02,22.7,25,2.8,3758,77636.7,OK,224,866,2,1127.4,883
2026-10-01 14:18:18,22.7,25,1.5,3758,77570,OK,293,859,2,1127.4,883
2026-10-01 14:18:34,22.7,25,2.2,3758,77770.1,OK,32,856,2,1127.4,883
2026-10-01 14:19:22,22.7,25,2,3758,77584.5,OK,294,843,2,1127.4,868
2026-10-01 14:19:38,22.7,25,0.7,3758,77572.9,OK,279,838,2,1127.4,868
2026-10-01 14:19:54,22.8,25,1.5,3758,77619.3,OK,340,834,2,1127.4,868
2026-10-01 14:20:10,22.8,25,1.5,3758,77564.2,OK,303,831,2,1127.4,868
2026-10-01 14:20:26,22.8,26,0.3,3758,77625.1,OK,280,823,2,1127.4,868
2026-10-01 14:20:42,23,26,0.7,3758,77590.3,OK,301,820,2,1127.4,868
2026-10-01 14:20:58,23.1,26,0.3,3758,77390.2,OK,351,816,2,1127.4,868
2026-10-01 14:21:14,23.1,26,0.6,3758,77874.5,OK,284,810,2,1127.4,868
2026-10-01 14:21:30,23.2,26,1,3758,77813.6,OK,271,808,2,1127.4,868
2026-10-01 14:21:46,23.2,26,1,3758,77842.6,OK,324,811,2,1127.4,868
2026-10-01 14:22:02,23.3,26,0.1,3758,77804.9,OK,246,800,2,1127.4,868
2026-10-01 14:22:18,23.5,26,1,3758,77978.9,OK,319,795,2,1127.4,868
2026-10-01 14:22:34,23.5,25,1.7,3758,77880.3,OK,359,792,2,1127.4,848
2026-10-01 14:22:50,23.6,26,1,3758,77964.4,OK,282,791,2,1127.4,848
2026-10-01 14:23:06,23.6,26,0.7,3758,77897.7,OK,238,784,2,1127.4,848
2026-10-01 14:23:22,23.6,25,0.7,3758,77967.3,OK,25,783,2,1127.4,848
2026-10-01 14:23:38,23.6,26,0.3,3758,77999.2,OK,283,779,2,1127.4,848
2026-10-01 14:23:54,23.7,26,1,3758,77865.8,OK,0,774,2,1127.4,848
2026-10-01 14:24:10,23.6,26,1.7,3758,77880.3,OK,227,771,2,1127.4,848
2026-10-01 14:24:26,23.4,26,2.1,3758,77793.3,OK,330,769,2,1127.4,848
2026-10-01 14:24:42,23.3,26,1.4,3758,77459.8,OK,315,766,2,1127.4,848
2026-10-01 14:24:58,23.3,26,1.7,3758,77790.4,OK,267,764,2,1127.4,848
2026-10-01 14:25:14,23.4,26,0.3,3758,78057.2,OK,284,760,2,1127.4,848
2026-10-01 14:25:30,23.5,25,0.7,3758,77700.5,OK,337,756,2,1127.4,848
2026-10-01 14:25:46,23.5,25,2,3758,77726.6,OK,304,753,2,1127.4,848
2026-10-01 14:26:02,23.5,24,2.2,3758,77822.3,OK,3,753,2,1127.4,848
2026-10-01 14:26:18,23.4,24,3.8,3758,77920.9,OK,356,750,2,1127.4,848
2026-10-01 14:26:34,23.3,24,4.2,3758,77749.8,OK,271,749,2,1127.4,848
2026-10-01 14:26:50,23.2,24,4.1,3758,77860,OK,321,747,2,1127.4,848
2026-10-01 14:27:06,23,24,2.2,3758,77723.7,OK,43,746,2,1127.4,848
2026-10-01 14:27:22,23,25,1.1,3758,77767.2,OK,327,742,2,1127.4,848
2026-10-01 14:27:38,23.1,25,0.4,3758,77422.1,OK,339,736,2,1127.4,832
2026-10-01 14:27:54,23.3,25,2.5,3758,77619.3,OK,314,736,2,1127.4,832
2026-10-01 14:28:10,23.2,25,2.5,3758,77570,OK,313,732,2,1127.4,832
2026-10-01 14:28:26,23.2,25,2.5,3758,77485.9,OK,320,731,2,1127.4,832
2026-10-01 14:28:42,23.2,25,2.2,3758,77543.9,OK,138,728,2,1127.4,832
2026-10-01 14:28:58,23.2,25,0.6,3758,77242.3,OK,254,726,2,1127.4,832
2026-10-01 14:29:14,23.3,25,1.3,3758,77248.1,OK,274,725,2,1127.4,832
2026-10-01 14:29:30,23.3,25,0.6,3758,77491.7,OK,270,721,2,1127.4,832
2026-10-01 14:29:46,23.3,25,0.1,3758,77271.3,OK,281,718,2,1127.4,832
2026-10-01 14:30:02,23.4,25,2.2,3758,77300.3,OK,288,717,2,1127.4,832
2026-10-01 14:30:18,23.4,25,2.1,3758,77126.3,OK,320,715,2,1127.4,832
2026-10-01 14:30:34,23.4,25,3.1,3758,77195.9,OK,14,716,2,1127.4,832
2026-10-01 14:30:50,23.3,25,3.4,3758,77407.6,OK,290,712,2,1127.4,832
2026-10-01 14:31:06,23.2,25,3.2,3758,77158.2,OK,16,709,2,1127.4,832
2026-10-01 14:31:22,23.2,25,2,3758,77001.6,OK,1,708,2,1127.4,832
2026-10-01 14:31:38,23.2,25,0.4,3758,77077,OK,301,707,2,1127.4,832
2026-10-01 14:31:54,23.4,26,1.4,3758,76758,OK,310,703,2,1127.4,832
2026-10-01 14:32:10,23.4,25,0.7,3758,76868.2,OK,313,703,2,1127.4,832
2026-10-01 14:32:26,23.3,25,2.1,3758,77030.6,OK,306,700,2,1127.4,832
2026-10-01 14:32:42,23.4,25,1.1,3758,76618.8,OK,12,698,2,1127.4,814
2026-10-01 14:32:58,23.3,24,2.2,3758,76726.1,OK,0,696,2,1127.4,814
2026-10-01 14:33:14,23.2,24,1.1,3758,76462.2,OK,223,695,2,1127.4,814
2026-10-01 14:33:30,23.3,24,0.6,3758,76647.8,OK,298,692,2,1127.4,814
2026-10-01 14:33:46,23.3,24,1.3,3758,76697.1,OK,65,691,2,1127.4,814
2026-10-01 14:34:02,23.3,24,3.1,3758,76685.5,OK,346,690,2,1127.4,814
2026-10-01 14:34:18,23.1,24,3.1,3758,76592.7,OK,327,688,2,1127.4,814
2026-10-01 14:34:34,23,24,1.3,3758,76346.2,OK,79,687,2,1127.4,814
2026-10-01 14:34:50,23,25,3.2,3758,76415.8,OK,331,685,2,1127.4,814
2026-10-01 14:35:06,22.9,25,0.7,3758,76729,OK,139,683,2,1127.4,814
2026-10-01 14:35:22,23,25,2.4,3758,76320.1,OK,328,682,2,1127.4,814
2026-10-01 14:35:38,22.9,25,1,3758,76389.7,OK,316,681,2,1127.4,814
2026-10-01 14:35:54,23,24,3.2,3758,76305.6,OK,312,678,2,1127.4,814
2026-10-01 14:36:10,22.9,24,2.8,3758,76357.8,OK,314,678,2,1127.4,814
2026-10-01 14:36:26,22.8,24,3.5,3758,76244.7,OK,288,677,2,1127.4,814
2026-10-01 14:36:42,22.9,25,2.2,3758,76343.3,OK,305,674,2,1127.4,814
2026-10-01 14:36:58,22.9,25,1.3,3758,76209.9,OK,302,675,2,1127.4,814
2026-10-01 14:37:14,22.9,26,0.8,3758,76160.6,OK,303,673,2,1127.4,814
2026-10-01 14:37:30,23,26,3.1,3758,76204.1,OK,304,670,2,1127.4,814
2026-10-01 14:37:46,22.9,26,2,3758,76189.6,OK,312,669,2,1127.4,800
2026-10-01 14:38:02,23,26,0.8,3758,76160.6,OK,304,668,2,1127.4,800
2026-10-01 14:38:18,22.9,26,2.9,3758,76157.7,OK,21,667,2,1127.4,800
2026-10-01 14:38:34,22.8,26,2.2,3758,76143.2,OK,8,666,2,1127.4,800
2026-10-01 14:38:50,22.9,27,1.4,3758,76111.3,OK,308,664,2,1127.4,800
2026-10-01 14:39:06,23,27,1.4,3758,76201.2,OK,293,660,2,1127.4,800
2026-10-01 14:39:22,23.1,26,1.3,3758,76117.1,OK,348,661,2,1127.4,800
2026-10-01 14:39:38,23.2,26,0.8,3758,76238.9,OK,311,659,2,1127.4,800
2026-10-01 14:39:54,23.3,26,2.1,3758,76314.3,OK,352,660,2,1127.4,800
2026-10-01 14:40:10,23.2,25,1.3,3758,76114.2,OK,314,659,2,1127.4,800
2026-10-01 14:40:26,23.3,25,1.3,3758,76178,OK,314,657,2,1127.4,800
2026-10-01 14:40:42,23.4,25,0.8,3758,76111.3,OK,36,655,2,1127.4,800
2026-10-01 14:40:58,23.4,25,1.3,3758,75925.7,OK,264,656,2,1127.4,800
2026-10-01 14:41:14,23.5,25,1.1,3758,76070.7,OK,299,652,2,1127.4,800
2026-10-01 14:41:30,23.5,25,1.3,3758,76120,OK,49,654,2,1127.4,800
2026-10-01 14:41:46,23.3,24,0.7,3758,75908.3,OK,325,653,2,1127.4,800
2026-10-01 14:42:02,23.4,25,0.7,3758,75757.5,OK,293,651,2,1127.4,800
2026-10-01 14:42:18,23.5,25,1.3,3758,76062,OK,286,649,2,1127.4,800
2026-10-01 14:42:34,23.5,25,1.4,3758,75902.5,OK,37,648,2,1127.4,668
2026-10-01 14:42:50,23.4,25,2.9,3758,76140.3,OK,40,648,2,1127.4,668
2026-10-01 14:43:06,23.2,25,2,3758,76056.2,OK,298,647,2,1127.4,668
2026-10-01 14:43:22,23.2,26,1.8,3758,76030.1,OK,304,646,2,1127.4,668
2026-10-01 14:43:38,23.2,26,1.4,3758,76015.6,OK,279,644,2,1127.4,668
2026-10-01 14:43:54,23.2,26,1.3,3758,76064.9,OK,40,642,2,1127.4,668
2026-10-01 14:44:10,23.2,26,1,3758,75969.2,OK,333,643,2,1127.4,668
2026-10-01 14:44:26,23.3,26,1.1,3758,75853.2,OK,300,640,2,1127.4,668
2026-10-01 14:44:42,23.4,27,2.7,3758,75441.4,OK,292,640,2,1127.4,668
2026-10-01 14:44:58,23.3,26,1.7,3758,75635.7,OK,337,640,2,1127.4,668
2026-10-01 14:45:14,23.3,26,2,3758,75934.4,OK,332,638,2,1127.4,668
2026-10-01 14:45:30,23.2,25,2,3758,75812.6,OK,304,638,2,1127.4,668
2026-10-01 14:45:46,23.2,26,1.7,3758,75647.3,OK,317,637,2,1127.4,668
2026-10-01 14:46:02,23.1,25,3.5,3758,75516.8,OK,309,635,2,1127.4,668
2026-10-01 14:46:18,23.1,25,2.8,3758,75516.8,OK,278,636,2,1127.4,668
2026-10-01 14:46:34,23,25,3.5,3758,75299.3,OK,296,632,2,1127.4,668
2026-10-01 14:46:50,22.9,26,2.4,3758,75331.2,OK,301,633,2,1127.4,668
2026-10-01 14:47:06,23,26,2.5,3758,75496.5,OK,253,633,2,1127.4,668
2026-10-01 14:47:22,23,26,2.4,3758,75467.5,OK,292,631,2,1127.4,668
2026-10-01 14:47:38,22.9,25,2.8,3758,75319.6,OK,278,632,2,1127.4,668
2026-10-01 14:47:54,22.8,25,3.8,3758,75337,OK,277,626,2,1127.4,668
2026-10-01 14:48:10,22.8,26,3.2,3758,75223.9,OK,314,630,2,1127.4,668
2026-10-01 14:48:26,22.7,26,2.5,3758,75287.7,OK,2,627,2,1127.4,668
2026-10-01 14:48:42,22.7,27,2.9,3758,74977.4,OK,309,627,2,1127.4,668
2026-10-01 14:48:58,22.7,27,2.8,3758,75081.8,OK,293,626,2,1127.4,760
2026-10-01 14:49:14,22.7,26,2.2,3758,74951.3,OK,313,625,2,1127.4,760
2026-10-01 14:49:30,22.7,26,1,3758,75003.5,OK,280,625,2,1127.4,760
2026-10-01 14:49:46,22.8,27,0.8,3758,74861.4,OK,276,623,2,1127.4,760
2026-10-01 14:50:02,22.9,27,2.2,3758,74797.6,OK,338,623,2,1127.4,760
2026-10-01 14:50:18,22.9,27,1.7,3758,74568.5,OK,315,621,2,1127.4,760
2026-10-01 14:50:34,22.8,27,1.7,3758,74768.6,OK,310,621,2,1127.4,760
2026-10-01 14:50:50,22.9,27,0.4,3758,74516.3,OK,356,618,2,1127.4,760
2026-10-01 14:51:06,22.9,28,1.4,3758,74643.9,OK,347,620,2,1127.4,760
2026-10-01 14:51:22,23,28,1.3,3758,74864.3,OK,221,619,2,1127.4,760
2026-10-01 14:51:38,23,28,1.4,3758,74664.2,OK,250,618,2,1127.4,760
2026-10-01 14:51:54,23.1,28,1.7,3758,74841.1,OK,263,617,2,1127.4,760
2026-10-01 14:52:10,23.1,27,2.9,3758,74887.5,OK,314,616,2,1127.4,760
2026-10-01 14:52:26,23,27,3.5,3758,74997.7,OK,318,615,2,1127.4,760
2026-10-01 14:52:42,23,27,2.5,3758,74765.7,OK,294,611,2,1127.4,744
2026-10-01 14:52:58,22.9,27,1.3,3758,74762.8,OK,279,614,2,1127.4,744
2026-10-01 14:53:14,22.9,28,2.4,3758,74748.3,OK,289,613,2,1127.4,744
2026-10-01 14:53:30,22.9,28,1.7,3758,74733.8,OK,212,612,2,1127.4,744
2026-10-01 14:53:46,23,28,1.8,3758,74600.4,OK,295,611,2,1127.4,744
2026-10-01 14:54:02,22.9,28,2.9,3758,74591.7,OK,311,608,2,1127.4,744
2026-10-01 14:54:18,22.8,28,2.2,3758,74501.8,OK,265,607,2,1127.4,744
2026-10-01 14:54:34,22.9,28,1.1,3758,74417.7,OK,320,609,2,1127.4,744
2026-10-01 14:54:50,22.9,28,2.2,3758,74362.6,OK,322,608,2,1127.4,744
2026-10-01 14:55:06,22.8,28,0.8,3758,74530.8,OK,16,609,2,1127.4,744
2026-10-01 14:55:22,22.9,28,0.7,3758,74353.9,OK,211,605,2,1127.4,744
2026-10-01 14:55:38,23,28,1.8,3758,74284.3,OK,335,607,2,1127.4,744
2026-10-01 14:55:54,23,28,2.7,3758,74342.3,OK,271,605,2,1127.4,744
2026-10-01 14:56:10,23,28,1.4,3758,74220.5,OK,302,605,2,1127.4,744
2026-10-01 14:56:26,23.1,28,1.3,3758,74330.7,OK,18,603,2,1127.4,744
2026-10-01 14:56:42,23.1,28,2.9,3758,74171.2,OK,304,603,2,1127.4,744
2026-10-01 14:56:58,23,28,1.8,3758,74229.2,OK,300,602,2,1127.4,744
2026-10-01 14:57:14,23,28,1.4,3758,74177,OK,310,602,2,1127.4,744
2026-10-01 14:57:30,23.1,28,1.3,3758,74194.4,OK,311,601,2,1127.4,744
2026-10-01 14:57:46,23.2,28,0.8,3758,74191.5,OK,310,601,2,1127.4,724
2026-10-01 14:58:02,23.2,28,2.2,3758,74133.5,OK,273,600,2,1127.4,724
2026-10-01 14:58:18,23.1,28,1.5,3758,74313.3,OK,286,599,2,1127.4,724
2026-10-01 14:58:34,23.2,28,0.8,3758,74133.5,OK,308,599,2,1127.4,724
2026-10-01 14:58:50,23.1,28,1.7,3758,74078.4,OK,257,597,2,1127.4,724
2026-10-01 14:59:06,23.1,29,2,3758,74281.4,OK,294,597,2,1127.4,724
2026-10-01 14:59:22,23.1,28,2.1,3758,74084.2,OK,288,596,2,1127.4,724
2026-10-01 14:59:38,23.2,28,1.8,3758,74165.4,OK,298,596,2,1127.4,724
2026-10-01 14:59:54,23.3,29,1,3758,74208.9,OK,321,594,2,1127.4,724
2026-10-01 15:00:10,23.3,28,2.5,3758,73953.7,OK,288,594,2,1127.4,724
2026-10-01 15:00:26,23.2,28,2,3758,74014.6,OK,294,595,2,1127.4,724
2026-10-01 15:00:42,23.2,28,2,3758,74032,OK,300,594,2,1127.4,724
2026-10-01 15:00:58,23.2,28,0.7,3758,73991.4,OK,310,593,2,1127.4,724
2026-10-01 15:01:14,23.2,28,1.4,3758,73994.3,OK,23,592,2,1127.4,724
2026-10-01 15:01:30,23.2,28,2.4,3758,73704.3,OK,8,591,2,1127.4,724
2026-10-01 15:01:46,23.2,28,1.5,3758,73489.7,OK,358,588,2,1127.4,724
2026-10-01 15:02:02,23.2,28,2.1,3758,73515.8,OK,326,590,2,1127.4,724
2026-10-01 15:02:18,23.1,29,1.1,3758,73251.9,OK,11,589,2,1127.4,724
2026-10-01 15:02:34,23,29,3.8,3758,73133,OK,25,588,2,1127.4,704
2026-10-01 15:02:50,22.8,29,1.7,3758,73051.8,OK,288,587,2,1127.4,704
2026-10-01 15:03:06,22.9,29,1.8,3758,72927.1,OK,20,587,2,1127.4,704
2026-10-01 15:03:22,23,29,2.1,3758,72918.4,OK,336,588,2,1127.4,704
2026-10-01 15:03:38,22.8,29,3.1,3758,73124.3,OK,284,585,2,1127.4,704
2026-10-01 15:03:54,22.8,30,0.8,3758,73080.8,OK,169,586,2,1127.4,704
2026-10-01 15:04:10,22.9,30,1,3758,73069.2,OK,309,584,2,1127.4,704
2026-10-01 15:04:26,22.8,29,1.4,3758,73144.6,OK,287,582,2,1127.4,704
2026-10-01 15:04:42,22.8,29,2.4,3758,72999.6,OK,310,582,2,1127.4,704
2026-10-01 15:04:58,22.8,29,0.8,3758,72863.3,OK,54,580,2,1127.4,704
2026-10-01 15:05:14,22.8,29,0.4,3758,72927.1,OK,7,582,2,1127.4,704
2026-10-01 15:05:30,22.8,29,1.1,3758,72796.6,OK,323,581,2,1127.4,704
2026-10-01 15:05:46,22.9,29,1.3,3758,73043.1,OK,356,581,2,1127.4,704
2026-10-01 15:06:02,22.9,30,1.3,3758,72843,OK,311,578,2,1127.4,704
2026-10-01 15:06:18,23,30,1.5,3758,72790.8,OK,289,579,2,1127.4,704
2026-10-01 15:06:34,23.1,30,2.1,3758,73054.7,OK,286,579,2,1127.4,704
2026-10-01 15:06:50,23.1,30,1.7,3758,73086.6,OK,307,577,2,1127.4,704
2026-10-01 15:07:06,23.1,31,0.7,3758,73014.1,OK,271,574,2,1127.4,704
2026-10-01 15:07:22,23.1,31,2.1,3758,72802.4,OK,288,577,2,1127.4,704
2026-10-01 15:07:38,23,31,1.1,3758,72869.1,OK,14,574,2,1127.4,686
2026-10-01 15:07:54,23,31,1,3758,72819.8,OK,271,575,2,1127.4,686
2026-10-01 15:08:10,23.1,31,2.2,3758,72663.2,OK,358,574,2,1127.4,686
2026-10-01 15:08:26,23.1,31,1.4,3758,72709.6,OK,319,575,2,1127.4,686
2026-10-01 15:08:42,23.1,31,1,3758,71439.4,OK,99,572,2,1127.4,686
2026-10-01 15:08:58,23.1,31,1.7,3758,70682.5,OK,356,572,2,1127.4,686
2026-10-01 15:09:14,23.1,31,0.8,3758,70201.1,OK,326,572,2,1127.4,686
2026-10-01 15:09:30,23.1,31,1.3,3758,70224.3,OK,353,571,2,1127.4,686
2026-10-01 15:09:46,23,30,2,3758,69885,OK,292,571,2,1127.4,686
2026-10-01 15:10:02,22.9,30,1.5,3758,69963.3,OK,4,570,2,1127.4,686
2026-10-01 15:10:18,22.9,31,1.4,3758,70198.2,OK,292,569,2,1127.4,686
2026-10-01 15:10:34,22.9,31,3.4,3758,70929,OK,283,568,2,1127.4,686
2026-10-01 15:10:50,22.8,31,2,3758,71720.7,OK,255,568,2,1127.4,686
2026-10-01 15:11:06,22.8,31,1.1,3758,72584.9,OK,309,567,2,1127.4,686
2026-10-01 15:11:22,22.8,31,4.2,3758,72161.5,OK,308,565,2,1127.4,686
2026-10-01 15:11:38,22.6,31,1.5,3758,72213.7,OK,291,565,2,1127.4,686
2026-10-01 15:11:54,22.7,32,2.9,3758,72268.8,OK,290,566,2,1127.4,686
2026-10-01 15:12:10,22.7,31,1.3,3758,72118,OK,0,564,2,1127.4,686
2026-10-01 15:12:26,22.8,31,1.1,3758,72112.2,OK,33,563,2,1127.4,686
2026-10-01 15:12:42,22.9,31,2.7,3758,72033.9,OK,269,563,2,1127.4,662
2026-10-01 15:12:58,22.8,31,2,3758,72019.4,OK,271,563,2,1127.4,662
2026-10-01 15:13:14,22.8,32,2.8,3758,71845.4,OK,313,561,2,1127.4,662
2026-10-01 15:13:30,22.8,32,2.1,3758,71990.4,OK,242,561,2,1127.4,662
2026-10-01 15:13:46,22.7,31,3.5,3758,71920.8,OK,300,560,2,1127.4,662
2026-10-01 15:14:02,22.7,32,3.2,3758,71778.7,OK,286,560,2,1127.4,662
2026-10-01 15:14:18,22.6,32,3.4,3758,71865.7,OK,357,559,2,1127.4,662
2026-10-01 15:14:34,22.5,32,2.9,3758,71538,OK,332,560,2,1127.4,662
2026-10-01 15:14:50,22.5,32,1.7,3758,71422,OK,335,557,2,1127.4,662
2026-10-01 15:15:06,22.6,32,1.5,3758,71114.6,OK,267,557,2,1127.4,662
2026-10-01 15:15:22,22.8,32,1.8,3758,71355.3,OK,278,557,2,1127.4,662
2026-10-01 15:15:38,22.8,32,1.1,3758,71311.8,OK,292,556,2,1127.4,662
2026-10-01 15:15:54,23,32,1.4,3758,71149.4,OK,272,555,2,1127.4,662
2026-10-01 15:16:10,23.1,32,2.9,3758,71398.8,OK,296,556,2,1127.4,662
2026-10-01 15:16:26,23,32,2.5,3758,71213.2,OK,346,553,2,1127.4,662
2026-10-01 15:16:42,22.9,32,2.8,3758,71279.9,OK,283,553,2,1127.4,662
2026-10-01 15:16:58,22.8,33,2.4,3758,71047.9,OK,307,553,2,1127.4,662
2026-10-01 15:17:14,22.7,33,2.9,3758,71076.9,OK,247,554,2,1127.4,662
2026-10-01 15:17:30,22.6,33,2.7,3758,71033.4,OK,349,550,2,1127.4,662
2026-10-01 15:17:46,22.6,33,2,3758,71013.1,OK,307,551,2,1127.4,662
2026-10-01 15:18:02,22.6,33,2,3758,70708.6,OK,268,550,2,1127.4,662
2026-10-01 15:18:18,22.7,33,2.1,3758,71097.2,OK,264,550,2,1127.4,662
2026-10-01 15:18:34,22.8,33,1.8,3758,71123.3,OK,35,551,2,1127.4,662
2026-10-01 15:19:38,22.9,32,1,3758,70879.7,OK,288,547,2,1127.4,644
2026-10-01 15:19:54,23,32,1.7,3758,70810.1,OK,312,548,2,1127.4,644
2026-10-01 15:20:10,23,32,0,3758,69945.9,OK,0,546,2,1127.4,644
2026-10-01 15:20:26,23,32,0.3,3758,66199.1,OK,315,547,2,1127.4,644
2026-10-01 15:20:42,23.1,32,1.1,3758,64137.2,OK,291,544,2,1127.4,644
2026-10-01 15:20:58,23.2,32,0.6,3758,62249.3,OK,285,546,2,1127.4,644
2026-10-01 15:21:14,23.3,32,2.7,3758,61765,OK,283,544,2,1127.4,644
2026-10-01 15:21:30,23.2,31,2.7,3758,61828.8,OK,292,544,2,1127.4,644
2026-10-01 15:21:46,23,31,2.1,3758,61988.3,OK,251,545,2,1127.4,644
2026-10-01 15:22:02,22.9,32,1,3758,64238.7,OK,223,541,2,1127.4,644
2026-10-01 15:22:18,23,32,0.6,3758,66306.4,OK,296,543,2,1127.4,644
2026-10-01 15:22:34,23,32,2.5,3758,68858.4,OK,298,541,2,1127.4,624
2026-10-01 15:22:50,22.9,32,1.1,3758,70201.1,OK,57,542,2,1127.4,624
2026-10-01 15:23:06,22.8,32,1,3758,70351.9,OK,309,540,2,1127.4,624
2026-10-01 15:23:22,23,32,1.4,3758,70253.3,OK,294,541,2,1127.4,624
2026-10-01 15:23:38,23,32,2.1,3758,70235.9,OK,303,539,1,1127.4,624
2026-10-01 15:23:54,23,32,2.1,3758,70201.1,OK,278,538,1,1127.4,624
2026-10-01 15:24:10,22.8,32,1.8,3758,70398.3,OK,316,536,1,1127.4,624
2026-10-01 15:24:26,22.8,32,1.5,3758,70299.7,OK,335,540,2,1127.4,624
2026-10-01 15:24:42,22.9,32,0.7,3758,70241.7,OK,271,535,1,1127.4,624
2026-10-01 15:24:58,23.1,32,1.5,3758,70195.3,OK,281,536,1,1127.4,624
2026-10-01 15:25:14,23.1,32,1,3758,70325.8,OK,337,537,1,1127.4,624
2026-10-01 15:25:30,23.1,32,0.7,3758,70238.8,OK,323,535,1,1127.4,624
2026-10-01 15:25:46,23.2,32,0.6,3758,70241.7,OK,331,537,1,1127.4,624
2026-10-01 15:26:02,23.2,31,1.3,3758,70041.6,OK,48,536,1,1127.4,624
2026-10-01 15:26:18,23.2,31,2.2,3758,70233,OK,290,535,1,1127.4,624
2026-10-01 15:26:34,23.1,32,1.5,3758,69728.4,OK,285,534,1,1127.4,624
2026-10-01 15:26:50,23.1,32,2,3758,69876.3,OK,250,532,1,1127.4,624
2026-10-01 15:27:06,22.9,32,3.8,3758,69745.8,OK,290,534,1,1127.4,624
2026-10-01 15:27:22,22.7,33,3.2,3758,69925.6,OK,260,532,1,1127.4,624
2026-10-01 15:27:38,22.7,33,2,3758,69664.6,OK,271,531,1,1127.4,603
2026-10-01 15:27:54,22.7,34,1.3,3758,69670.4,OK,324,530,1,1127.4,603
2026-10-01 15:28:10,22.8,34,2,3758,69629.8,OK,299,528,1,1127.4,603
2026-10-01 15:28:26,22.8,34,2.4,3758,69519.6,OK,300,527,1,1127.4,603
2026-10-01 15:28:42,22.6,34,2.4,3758,69554.4,OK,277,528,1,1127.4,603
2026-10-01 15:28:58,22.7,34,1.4,3758,69481.9,OK,308,527,1,1127.4,603
2026-10-01 15:29:14,22.8,34,1.3,3758,69421,OK,349,527,1,1127.4,603
2026-10-01 15:29:30,22.8,34,1.1,3758,68939.6,OK,297,526,1,1127.4,603
2026-10-01 15:29:46,22.9,33,2.5,3758,69403.6,OK,306,527,1,1127.4,603
2026-10-01 15:30:02,22.9,33,0.6,3758,69325.3,OK,22,522,1,1127.4,603
2026-10-01 15:30:18,22.9,33,0.7,3758,68983.1,OK,287,522,1,1127.4,603
2026-10-01 15:30:34,23,33,1.1,3758,69142.6,OK,23,525,1,1127.4,603
2026-10-01 15:30:50,23,33,0.6,3758,69389.1,OK,22,525,1,1127.4,603
2026-10-01 15:31:06,23,33,1.8,3758,69455.8,OK,101,523,1,1127.4,603
2026-10-01 15:31:22,22.8,33,1.1,3758,69020.8,OK,321,522,1,1127.4,603
2026-10-01 15:31:38,22.9,33,0.6,3758,68835.2,OK,277,523,1,1127.4,603
2026-10-01 15:31:54,22.9,33,0.3,3758,68649.6,OK,105,522,1,1127.4,603
2026-10-01 15:32:10,22.9,32,1.8,3758,69055.6,OK,337,520,1,1127.4,603
2026-10-01 15:32:26,22.9,33,2.1,3758,68991.8,OK,299,518,1,1127.4,603
2026-10-01 15:32:42,22.8,33,1.7,3758,68954.1,OK,301,519,1,1127.4,587
2026-10-01 15:32:58,22.8,33,4.1,3758,68826.5,OK,279,518,1,1127.4,587
2026-10-01 15:33:14,22.6,32,3.2,3758,68507.5,OK,268,518,1,1127.4,587
2026-10-01 15:33:30,22.5,33,1.7,3758,68324.8,OK,292,517,1,1127.4,587
2026-10-01 15:33:46,22.5,33,2,3758,68165.3,OK,24,517,1,1127.4,587
2026-10-01 15:34:02,22.5,33,3.2,3758,68095.7,OK,317,517,1,1127.4,587
2026-10-01 15:34:18,22.5,33,0.8,3758,64633.1,OK,332,515,1,1127.4,587
2026-10-01 15:34:34,22.6,33,0.8,3758,62977.2,OK,316,513,1,1127.4,587
2026-10-01 15:34:50,22.7,33,2.1,3758,61106.7,OK,281,515,1,1127.4,587
2026-10-01 15:35:06,22.8,33,2.7,3758,60622.4,OK,96,513,1,1127.4,587
2026-10-01 15:35:22,22.7,33,2,3758,60103.3,OK,288,511,1,1127.4,587
2026-10-01 15:35:38,22.7,33,2.8,3758,60497.7,OK,249,514,1,1127.4,587
2026-10-01 15:35:54,22.5,33,1.5,3758,61289.4,OK,286,513,1,1127.4,587
2026-10-01 15:36:10,22.6,33,0.4,3758,62533.5,OK,305,511,1,1127.4,587
2026-10-01 15:36:26,22.7,33,1,3758,64290.9,OK,344,511,1,1127.4,587
2026-10-01 15:36:42,22.7,33,3.5,3758,67878.2,OK,290,509,1,1127.4,587
2026-10-01 15:36:58,22.6,33,2,3758,67979.7,OK,266,511,1,1127.4,587
2026-10-01 15:37:14,22.5,33,2.1,3758,67852.1,OK,330,507,1,1127.4,587
2026-10-01 15:37:30,22.5,33,2.1,3758,67611.4,OK,284,508,1,1127.4,587
2026-10-01 15:37:46,22.5,34,2.9,3758,67628.8,OK,284,507,1,1127.4,562
2026-10-01 15:38:02,22.4,34,2.1,3758,67588.2,OK,311,506,1,1127.4,562
2026-10-01 15:38:18,22.4,34,2.9,3758,67652,OK,280,504,1,1127.4,562
2026-10-01 15:38:34,22.4,34,1.8,3758,65242.1,OK,310,506,1,1127.4,562
2026-10-01 15:38:50,22.5,34,1.8,3758,62649.5,OK,340,504,1,1127.4,562
2026-10-01 15:39:06,22.5,34,1.1,3758,60984.9,OK,294,505,1,1127.4,562
2026-10-01 15:39:22,22.5,34,1.4,3758,60088.8,OK,4,504,1,1127.4,562
2026-10-01 15:39:38,22.6,34,1.3,3758,60077.2,OK,301,504,1,1127.4,562
2026-10-01 15:39:54,22.7,34,2.5,3758,59810.4,OK,288,504,1,1127.4,562
2026-10-01 15:40:10,22.7,34,2.7,3758,60732.6,OK,355,502,1,1127.4,562
2026-10-01 15:40:26,22.6,34,0.4,3758,61211.1,OK,294,502,1,1127.4,562
2026-10-01 15:40:42,22.7,34,1.7,3758,63568.8,OK,291,500,1,1127.4,562
2026-10-01 15:40:58,22.8,34,0.7,3758,67025.6,OK,277,501,1,1127.4,562
2026-10-01 15:41:14,22.8,33,2,3758,67251.8,OK,311,500,1,1127.4,562
2026-10-01 15:41:30,22.6,33,3.8,3758,67164.8,OK,337,501,1,1127.4,562
2026-10-01 15:41:46,22.5,34,1.1,3758,67130,OK,322,500,1,1127.4,562
2026-10-01 15:42:02,22.5,34,1.3,3758,67019.8,OK,329,499,1,1127.4,562
2026-10-01 15:42:18,22.6,34,0.8,3758,66895.1,OK,313,497,1,1127.4,562
2026-10-01 15:42:34,22.7,34,0.7,3758,66950.2,OK,333,496,1,1127.4,542
2026-10-01 15:42:50,22.8,34,1,3758,67127.1,OK,324,495,1,1127.4,542
2026-10-01 15:43:06,22.9,34,1.3,3758,67060.4,OK,28,496,1,1127.4,542
2026-10-01 15:43:22,22.9,34,0.8,3758,66938.6,OK,320,495,1,1127.4,542
2026-10-01 15:43:38,22.9,34,2.2,3758,66822.6,OK,348,493,1,1127.4,542
2026-10-01 15:43:54,22.8,34,1.5,3758,66880.6,OK,8,492,1,1127.4,542
2026-10-01 15:44:10,22.9,34,0.7,3758,66889.3,OK,54,493,1,1127.4,542
2026-10-01 15:44:26,23,34,1.4,3758,66616.7,OK,322,492,1,1127.4,542
2026-10-01 15:44:42,23.1,34,0.7,3758,66747.2,OK,305,492,1,1127.4,542
2026-10-01 15:44:58,23.2,34,0.7,3758,66761.7,OK,294,491,1,1127.4,542
2026-10-01 15:45:14,23.3,33,2.9,3758,66987.9,OK,322,490,1,1127.4,542
2026-10-01 15:45:30,23.1,32,1.4,3758,66819.7,OK,272,489,1,1127.4,542
2026-10-01 15:45:46,23.2,33,1,3758,66831.3,OK,314,487,1,1127.4,542
2026-10-01 15:46:02,23.3,33,0.3,3758,66715.3,OK,307,487,1,1127.4,542
2026-10-01 15:46:18,23.3,33,0,3758,66602.2,OK,241,488,1,1127.4,542
2026-10-01 15:46:34,23.5,32,0.6,3758,66927,OK,260,487,1,1127.4,542
2026-10-01 15:46:50,23.6,32,2.2,3758,66921.2,OK,323,487,1,1127.4,542
2026-10-01 15:47:06,23.5,32,1.3,3758,67051.7,OK,301,486,1,1127.4,542
2026-10-01 15:47:22,23.5,32,1,3758,66976.3,OK,349,485,1,1127.4,542
2026-10-01 15:47:38,23.5,32,2.1,3758,66886.4,OK,278,485,1,1127.4,542
2026-10-01 15:47:54,23.2,33,2.7,3758,66741.4,OK,291,485,1,1127.4,542
2026-10-01 15:48:10,23.1,33,2.1,3758,66697.9,OK,34,483,1,1127.4,542
2026-10-01 15:48:26,23,33,0.8,3758,66700.8,OK,307,484,1,1127.4,542
2026-10-01 15:48:42,23,33,2.5,3758,66558.7,OK,306,482,1,1127.4,542
2026-10-01 15:48:58,22.9,34,2.4,3758,66555.8,OK,248,483,1,1127.4,461
2026-10-01 15:49:14,22.8,34,2.9,3758,66318,OK,292,482,1,1127.4,461
2026-10-01 15:49:32,22.7,34,1.7,3758,66323.8,OK,45,479,1,1127.4,461
2026-10-01 15:49:46,22.7,34,1.1,3758,66318,OK,327,481,1,1127.4,461
2026-10-01 15:50:02,22.7,34,1.7,3758,66587.7,OK,275,479,1,1127.4,461
2026-10-01 15:50:18,22.8,34,1.4,3758,66213.6,OK,296,480,1,1127.4,461
2026-10-01 15:50:34,22.8,33,2.7,3758,66190.4,OK,316,479,1,1127.4,461
2026-10-01 15:50:50,22.8,33,2,3758,66170.1,OK,316,477,1,1127.4,461
2026-10-01 15:51:06,22.8,33,1.8,3758,66071.5,OK,41,478,1,1127.4,461
2026-10-01 15:51:22,22.8,34,0.8,3758,66019.3,OK,317,476,1,1127.4,461
2026-10-01 15:51:38,22.8,34,3.8,3758,65912,OK,293,476,1,1127.4,461
2026-10-01 15:51:54,22.7,33,2.9,3758,65793.1,OK,301,476,1,1127.4,461
2026-10-01 15:52:10,22.6,34,3.2,3758,65871.4,OK,327,475,1,1127.4,461
2026-10-01 15:52:26,22.5,34,2.2,3758,65624.9,OK,278,473,1,1127.4,461
2026-10-01 15:52:42,22.5,33,3.2,3758,65656.8,OK,309,472,1,1127.4,492
2026-10-01 15:52:58,22.5,33,2.1,3758,65468.3,OK,285,471,1,1127.4,492
2026-10-01 15:53:14,22.5,33,1.4,3758,65381.3,OK,35,473,1,1127.4,492
2026-10-01 15:53:30,22.5,33,0.1,3758,65230.5,OK,352,471,1,1127.4,492
2026-10-01 15:53:46,22.7,33,0.4,3758,65308.8,OK,305,470,1,1127.4,492
2026-10-01 15:54:02,22.8,33,1.5,3758,65378.4,OK,248,470,1,1127.4,492
2026-10-01 15:54:18,22.9,33,1,3758,65413.2,OK,37,468,1,1127.4,492
2026-10-01 15:54:34,22.9,33,1.3,3758,65398.7,OK,319,468,1,1127.4,492
2026-10-01 15:54:50,22.9,33,3.5,3758,65456.7,OK,232,467,1,1127.4,492
2026-10-01 15:55:06,22.7,33,1.8,3758,65216,OK,300,466,1,1127.4,492
2026-10-01 15:55:22,22.7,33,1.4,3758,65256.6,OK,295,467,1,1127.4,492
2026-10-01 15:55:38,22.9,33,2.1,3758,65332,OK,269,463,1,1127.4,492
2026-10-01 15:55:54,22.9,33,2.1,3758,65288.5,OK,327,464,1,1127.4,492
2026-10-01 15:56:10,22.9,32,1.5,3758,65323.3,OK,238,464,1,1127.4,492
2026-10-01 15:56:26,22.9,33,2.7,3758,65204.4,OK,297,463,1,1127.4,492
2026-10-01 15:56:42,22.8,32,3.4,3758,64920.2,OK,313,464,1,1127.4,492
2026-10-01 15:56:58,22.6,33,2.4,3758,64879.6,OK,322,461,1,1127.4,492
2026-10-01 15:57:14,22.6,33,2.8,3758,64818.7,OK,335,461,1,1127.4,492
2026-10-01 15:57:30,22.6,33,3.4,3758,64667.9,OK,287,459,1,1127.4,492
2026-10-01 15:57:46,22.5,33,1.8,3758,64644.7,OK,267,460,1,1127.4,256
2026-10-01 15:58:02,22.5,33,1.5,3758,64705.6,OK,339,458,1,1127.4,256
2026-10-01 15:58:18,22.6,33,1.1,3758,64473.6,OK,0,458,1,1127.4,256
2026-10-01 15:58:34,22.7,33,1,3758,64116.9,OK,272,457,1,1127.4,256
2026-10-01 15:58:50,22.7,33,3.2,3758,64549,OK,291,458,1,1127.4,256
2026-10-01 15:59:06,22.6,33,2.9,3758,64499.7,OK,275,457,1,1127.4,256
2026-10-01 15:59:22,22.6,33,3.9,3758,64386.6,OK,251,456,1,1127.4,256
2026-10-01 15:59:38,22.5,33,2.2,3758,64322.8,OK,125,453,1,1127.4,256
2026-10-01 15:59:54,22.3,34,3.9,3758,63890.7,OK,277,452,1,1127.4,256
2026-10-01 16:00:10,22.3,34,2.2,3758,64012.5,OK,327,454,1,1127.4,256
2026-10-01 16:00:26,22.3,34,2,3758,63945.8,OK,303,453,1,1127.4,256
2026-10-01 16:00:42,22.3,34,0.8,3758,64000.9,OK,0,452,1,1127.4,256
2026-10-01 16:00:58,22.4,35,0.3,3758,63734.1,OK,302,450,1,1127.4,256
2026-10-01 16:01:14,22.5,34,0.3,3758,63525.3,OK,220,450,1,1127.4,256
2026-10-01 16:01:30,22.6,34,0.8,3758,63577.5,OK,357,451,1,1127.4,256
2026-10-01 16:01:46,22.7,34,0.4,3758,63734.1,OK,284,450,1,1127.4,256
2026-10-01 16:02:02,22.7,34,2.7,3758,63702.2,OK,317,449,1,1127.4,256
2026-10-01 16:02:18,22.7,33,2.1,3758,63539.8,OK,339,449,1,1127.4,256
2026-10-01 16:02:34,22.6,33,2,3758,63487.6,OK,259,448,1,1127.4,182
2026-10-01 16:02:50,22.6,33,1.5,3758,63516.6,OK,296,445,1,1127.4,182
2026-10-01 16:03:06,22.6,33,3.2,3758,63693.5,OK,19,446,1,1127.4,182
2026-10-01 16:03:22,22.6,33,0.8,3758,63690.6,OK,6,447,1,1127.4,182
2026-10-01 16:03:38,22.7,34,1.3,3758,63597.8,OK,269,444,1,1127.4,182
2026-10-01 16:03:54,22.9,34,0,3758,63844.3,OK,293,445,1,1127.4,182
2026-10-01 16:04:10,23,33,0,3758,63708,OK,257,443,1,1127.4,182
2026-10-01 16:04:26,23.2,33,0.1,3758,63690.6,OK,299,441,1,1127.4,182
2026-10-01 16:04:42,23.2,33,0,3758,63731.2,OK,317,444,1,1127.4,182
2026-10-01 16:04:58,23.3,33,1.3,3758,63481.8,OK,325,441,1,1127.4,182
2026-10-01 16:05:14,23.3,32,2.5,3758,63455.7,OK,270,439,1,1127.4,182
2026-10-01 16:05:30,23.1,33,1.7,3758,63522.4,OK,333,440,1,1127.4,182
2026-10-01 16:05:46,23,33,0.4,3758,63916.8,OK,320,439,1,1127.4,182
2026-10-01 16:06:02,23.1,33,1.1,3758,63725.4,OK,281,437,1,1127.4,182
2026-10-01 16:06:18,23.1,33,1.1,3758,63635.5,OK,208,437,1,1127.4,182
2026-10-01 16:06:34,23.2,33,1.8,3758,63618.1,OK,336,437,1,1127.4,182
2026-10-01 16:06:50,23.1,33,2.1,3758,63510.8,OK,306,437,1,1127.4,182
2026-10-01 16:07:06,23,33,1.5,3758,63455.7,OK,294,436,1,1127.4,182
2026-10-01 16:07:22,23,33,1.3,3758,63383.2,OK,314,433,1,1127.4,182
2026-10-01 16:07:38,23.1,33,2.8,3758,63380.3,OK,4,435,1,1127.4,193
2026-10-01 16:07:54,23,33,1.8,3758,63423.8,OK,322,433,1,1127.4,193
2026-10-01 16:08:10,23.1,33,1.5,3758,62965.6,OK,4,434,1,1127.4,193
2026-10-01 16:08:26,23,33,2.8,3758,63023.6,OK,4,433,1,1127.4,193
2026-10-01 16:08:42,22.9,32,2.5,3758,63159.9,OK,353,432,1,1127.4,193
2026-10-01 16:08:58,22.8,33,3.9,3758,62898.9,OK,282,430,1,1127.4,193
2026-10-01 16:09:14,22.6,33,2.8,3758,62919.2,OK,354,431,1,1127.4,193
2026-10-01 16:09:30,22.5,33,2,3758,63023.6,OK,279,428,1,1127.4,193
2026-10-01 16:09:46,22.5,34,2.4,3758,62838,OK,39,429,1,1127.4,193
2026-10-01 16:10:02,22.5,34,1.4,3758,62388.5,OK,293,428,1,1127.4,193
2026-10-01 16:10:18,22.6,34,2.7,3758,62432,OK,79,427,1,1127.4,193
2026-10-01 16:10:34,22.5,33,2.7,3758,62553.8,OK,325,426,1,1127.4,193
2026-10-01 16:10:50,22.5,33,1.7,3758,62179.7,OK,341,426,1,1127.4,193
2026-10-01 16:11:06,22.5,33,2.7,3758,61910,OK,296,425,1,1127.4,193
2026-10-01 16:11:22,22.5,33,2.5,3758,62130.4,OK,2,425,1,1127.4,193
2026-10-01 16:11:38,22.5,33,1.1,3758,61730.2,OK,299,424,1,1127.4,193
2026-10-01 16:11:54,22.6,34,2.2,3758,61533,OK,271,422,1,1127.4,193
2026-10-01 16:12:10,22.6,34,2.9,3758,61234.3,OK,303,421,1,1127.4,193
2026-10-01 16:12:26,22.5,34,1.7,3758,61759.2,OK,286,421,1,1127.4,193
2026-10-01 16:12:42,22.5,34,2.7,3758,61773.7,OK,300,420,1,1127.4,56
2026-10-01 16:12:58,22.6,34,1.8,3758,61817.2,OK,28,419,1,1127.4,56
2026-10-01 16:13:14,22.6,34,2.5,3758,61915.8,OK,255,419,1,1127.4,56
2026-10-01 16:13:30,22.5,33,3.2,3758,61579.4,OK,325,418,1,1127.4,56
2026-10-01 16:13:46,22.4,33,1.7,3758,61643.2,OK,313,418,1,1127.4,56
2026-10-01 16:14:02,22.4,33,2,3758,61489.5,OK,10,417,1,1127.4,56
2026-10-01 16:14:18,22.4,33,1.5,3758,61414.1,OK,336,416,1,1127.4,56
2026-10-01 16:14:34,22.5,34,1.4,3758,61556.2,OK,262,413,1,1127.4,56
2026-10-01 16:14:50,22.6,34,1.4,3758,61199.5,OK,13,414,1,1127.4,56
2026-10-01 16:15:06,22.6,35,3.1,3758,61208.2,OK,266,414,1,1127.4,56
2026-10-01 16:15:22,22.5,35,3.4,3758,61260.4,OK,285,414,1,1127.4,56
2026-10-01 16:15:38,22.4,35,2.5,3758,61089.3,OK,317,411,1,1127.4,56
2026-10-01 16:15:54,22.4,35,1.1,3758,60976.2,OK,285,409,1,1127.4,56
2026-10-01 16:16:10,22.4,35,1.5,3758,60860.2,OK,300,410,1,1127.4,56
2026-10-01 16:16:26,22.5,35,1.3,3758,60944.3,OK,282,408,1,1127.4,56
2026-10-01 16:16:42,22.5,36,2.4,3758,60813.8,OK,280,408,1,1127.4,56
2026-10-01 16:16:58,22.6,36,1.8,3758,60793.5,OK,291,409,1,1127.4,56
2026-10-01 16:17:14,22.7,35,1.5,3758,60547,OK,306,406,1,1127.4,56
2026-10-01 16:17:30,22.7,35,1.5,3758,60552.8,OK,48,407,1,1127.4,56
2026-10-01 16:17:46,22.7,35,1.5,3758,60094.6,OK,335,407,1,1127.4,56
2026-10-01 16:18:02,22.6,35,2.5,3758,60309.2,OK,26,405,1,1127.4,56
2026-10-01 16:18:18,22.5,35,3.5,3758,59723.4,OK,271,405,1,1127.4,56
2026-10-01 16:18:34,22.4,35,3.9,3758,59911.9,OK,281,402,1,1127.4,56
2026-10-01 16:18:50,22.2,35,2.2,3758,59566.8,OK,332,402,1,1127.4,56
2026-10-01 16:19:06,22.2,36,0,3758,59723.4,OK,355,402,1,1127.4,69
2026-10-01 16:19:22,22.4,36,1.1,3758,59590,OK,288,401,1,1127.4,69
2026-10-01 16:19:38,22.5,35,3.2,3758,59497.2,OK,293,399,1,1127.4,69
2026-10-01 16:19:54,22.5,35,1.8,3758,59395.7,OK,314,400,1,1127.4,69
2026-10-01 16:20:10,22.5,34,3.4,3758,59543.6,OK,230,399,1,1127.4,69
2026-10-01 16:20:26,22.4,34,1.5,3758,59117.3,OK,315,398,1,1127.4,69
2026-10-01 16:20:42,22.4,34,2.9,3758,59401.5,OK,294,396,1,1127.4,69
2026-10-01 16:20:58,22.4,34,1.8,3758,59143.4,OK,80,397,1,1127.4,69
2026-10-01 16:21:14,22.4,34,1.8,3758,58954.9,OK,338,395,1,1127.4,69
2026-10-01 16:21:30,22.3,34,2,3758,58801.2,OK,313,395,1,1127.4,69
2026-10-01 16:21:46,22.4,34,0.6,3758,58638.8,OK,297,394,1,1127.4,69
2026-10-01 16:22:02,22.5,34,0.1,3758,58633,OK,270,394,1,1127.4,69
2026-10-01 16:22:18,22.7,34,1,3758,58357.5,OK,0,391,1,1127.4,69
2026-10-01 16:22:34,22.7,34,3.1,3758,58615.6,OK,327,392,1,1127.4,49
2026-10-01 16:22:50,22.6,34,0.4,3758,58563.4,OK,222,391,1,1127.4,49
2026-10-01 16:23:06,22.7,34,0.3,3758,58656.2,OK,268,389,1,1127.4,49
2026-10-01 16:23:22,22.9,34,0.3,3758,58401,OK,302,389,1,1127.4,49
2026-10-01 16:23:38,23,34,0.6,3758,58476.4,OK,295,386,1,1127.4,49
2026-10-01 16:23:54,23.1,34,1.1,3758,58482.2,OK,356,388,1,1127.4,49
2026-10-01 16:24:10,23,34,1,3758,58595.3,OK,120,386,1,1127.4,49
2026-10-01 16:24:26,22.9,34,2.7,3758,58273.4,OK,278,386,1,1127.4,49
2026-10-01 16:24:42,22.8,35,1.4,3758,58093.6,OK,307,385,1,1127.4,49
2026-10-01 16:24:58,22.7,35,3.5,3758,58073.3,OK,310,385,1,1127.4,49
2026-10-01 16:25:14,22.6,35,2.5,3758,57719.5,OK,332,384,1,1127.4,49
2026-10-01 16:25:30,22.5,35,2.5,3758,57681.8,OK,239,382,1,1127.4,49
2026-10-01 16:25:46,22.5,35,1.3,3758,57649.9,OK,305,381,1,1127.4,49
2026-10-01 16:26:02,22.6,36,1.1,3758,57638.3,OK,336,380,1,1127.4,49
2026-10-01 16:26:18,22.6,35,1.4,3758,57388.9,OK,337,379,1,1127.4,49
2026-10-01 16:26:34,22.5,35,2,3758,57119.2,OK,273,380,1,1127.4,49
2026-10-01 16:26:50,22.6,35,1.5,3758,57058.3,OK,323,378,1,1127.4,49
2026-10-01 16:27:06,22.6,34,0.6,3758,57191.7,OK,287,378,1,1127.4,49
2026-10-01 16:27:22,22.7,34,2.1,3758,56785.7,OK,359,375,1,1127.4,49
2026-10-01 16:27:38,22.5,34,3.5,3758,56115.8,OK,70,377,1,1127.4,45
2026-10-01 16:27:54,22.4,35,1.4,3758,55721.4,OK,302,375,1,1127.4,45
2026-10-01 16:28:10,22.3,35,1.7,3758,55608.3,OK,276,375,1,1127.4,45
2026-10-01 16:28:26,22.3,35,0.4,3758,55637.3,OK,8,373,1,1127.4,45
2026-10-01 16:28:42,22.3,35,2.5,3758,55706.9,OK,337,373,1,1127.4,45
2026-10-01 16:28:58,22.3,35,3.5,3758,55474.9,OK,276,372,1,1127.4,45
2026-10-01 16:29:14,22.2,36,2,3758,55773.6,OK,335,371,1,1127.4,45
2026-10-01 16:29:30,22.2,36,0.7,3758,56315.9,OK,9,370,1,1127.4,45
2026-10-01 16:29:46,22.3,36,0.8,3758,56672.6,OK,313,369,1,1127.4,45
2026-10-01 16:30:02,22.4,35,0.8,3758,56530.5,OK,222,368,1,1127.4,45
2026-10-01 16:30:18,22.5,35,2.5,3758,56605.9,OK,32,369,1,1127.4,45
2026-10-01 16:30:34,22.4,35,3.1,3758,56443.5,OK,13,367,1,1127.4,45
2026-10-01 16:30:50,22.2,35,2.7,3758,56431.9,OK,286,367,1,1127.4,45
2026-10-01 16:31:06,22.1,35,1.4,3758,56197,OK,264,365,1,1127.4,45
2026-10-01 16:31:22,22,36,2.4,3758,56228.9,OK,299,365,1,1127.4,45
2026-10-01 16:31:38,22,36,3.1,3758,56057.8,OK,35,364,1,1127.4,45
2026-10-01 16:31:54,22,37,2.2,3758,55886.7,OK,345,364,1,1127.4,45
2026-10-01 16:32:10,22,37,2.9,3758,55683.7,OK,292,361,1,1127.4,45
2026-10-01 16:32:26,21.9,37,2.8,3758,55376.3,OK,291,362,1,1127.4,45
2026-10-01 16:32:42,22,37,2.2,3758,55634.4,OK,283,359,1,1127.4,40
2026-10-01 16:32:58,21.9,36,2.7,3758,55414,OK,317,360,1,1127.4,40
2026-10-01 16:33:14,22,36,1.7,3758,54932.6,OK,300,359,1,1127.4,40
2026-10-01 16:33:30,22,36,0.6,3758,52893.9,OK,290,358,1,1127.4,40
2026-10-01 16:33:46,22.2,36,1,3758,52351.6,OK,251,357,1,1127.4,40
2026-10-01 16:34:02,22.2,36,1.7,3758,51963,OK,312,356,1,1127.4,40
2026-10-01 16:34:18,22.2,36,1.4,3758,51667.2,OK,24,356,1,1127.4,40
2026-10-01 16:34:34,22.2,37,2.1,3758,51327.9,OK,345,355,1,1127.4,40
2026-10-01 16:34:50,22.1,37,1,3758,51507.7,OK,326,352,1,1127.4,40
2026-10-01 16:35:06,22.2,37,1.1,3758,52099.3,OK,299,352,1,1127.4,40
2026-10-01 16:35:22,22.3,37,1.3,3758,52743.1,OK,269,351,1,1127.4,40
2026-10-01 16:35:38,22.3,37,1.5,3758,53804.5,OK,330,351,1,1127.4,40
2026-10-01 16:35:54,22.3,37,0.8,3758,55028.3,OK,343,350,1,1127.4,40
2026-10-01 16:36:10,22.3,37,1.5,3758,55045.7,OK,63,349,1,1127.4,40
2026-10-01 16:36:26,22.3,36,1.3,3758,55115.3,OK,282,349,1,1127.4,40
2026-10-01 16:36:42,22.4,37,0.4,3758,55002.2,OK,335,348,1,1127.4,40
2026-10-01 16:36:58,22.5,36,1.7,3758,54944.2,OK,330,346,1,1127.4,40
2026-10-01 16:37:14,22.5,36,2.2,3758,54790.5,OK,208,347,1,1127.4,40
2026-10-01 16:37:30,22.3,36,3.6,3758,55271.9,OK,322,345,1,1127.4,40
2026-10-01 16:37:46,22.2,36,2.7,3758,55257.4,OK,232,344,1,1127.4,39
2026-10-01 16:38:02,22.1,36,1.4,3758,54749.9,OK,298,344,1,1127.4,39
2026-10-01 16:38:18,22.1,36,1,3758,53410.1,OK,330,343,1,1127.4,39
2026-10-01 16:38:34,22.2,36,2.2,3758,51768.7,OK,292,342,1,1127.4,39
2026-10-01 16:38:50,22.1,36,2.2,3758,51243.8,OK,284,342,1,1127.4,39
2026-10-01 16:39:06,22.1,36,2.4,3758,50347.7,OK,279,340,1,1127.4,39
2026-10-01 16:39:22,22,36,1.5,3758,49089.1,OK,32,340,1,1127.4,39
2026-10-01 16:39:38,22,36,2.7,3758,47015.6,OK,27,339,1,1127.4,39
2026-10-01 16:39:54,22,36,2.5,3758,46116.6,OK,308,337,1,1127.4,39
2026-10-01 16:40:10,22,37,2.4,3758,45829.5,OK,292,337,1,1127.4,39
2026-10-01 16:40:26,21.9,38,2.9,3758,45609.1,OK,5,335,1,1127.4,39
2026-10-01 16:40:42,21.9,38,2.1,3758,45597.5,OK,52,335,1,1127.4,39
2026-10-01 16:40:58,21.9,38,1.4,3758,45681.6,OK,300,334,1,1127.4,39
2026-10-01 16:41:14,21.9,38,1.7,3758,45783.1,OK,300,333,1,1127.4,39
2026-10-01 16:41:30,21.9,37,1.3,3758,45249.5,OK,306,332,1,1127.4,39
2026-10-01 16:41:46,22,37,1.4,3758,45681.6,OK,287,331,1,1127.4,39
2026-10-01 16:42:02,22,38,0.8,3758,45757,OK,276,331,1,1127.4,39
2026-10-01 16:42:18,22.1,37,0.1,3758,45664.2,OK,128,329,1,1127.4,39
2026-10-01 16:42:34,22.2,37,1.3,3758,46180.4,OK,334,328,1,1127.4,38
2026-10-01 16:42:50,22.3,37,1.3,3758,47952.3,OK,271,328,1,1127.4,38
2026-10-01 16:43:06,22.3,37,0.8,3758,49257.3,OK,296,326,1,1127.4,38
2026-10-01 16:43:22,22.4,36,2.4,3758,49880.8,OK,291,327,1,1127.4,38
2026-10-01 16:43:38,22.3,35,3.9,3758,50704.4,OK,302,325,1,1127.4,38
2026-10-01 16:43:54,22.1,36,3.1,3758,51661.4,OK,70,324,1,1127.4,38
2026-10-01 16:44:10,22,36,0.4,3758,51997.8,OK,287,323,1,1127.4,38
2026-10-01 16:44:26,22.1,36,1.3,3758,50933.5,OK,263,321,1,1127.4,38
2026-10-01 16:44:42,22.1,36,2.4,3758,49222.5,OK,99,322,1,1127.4,38
2026-10-01 16:44:58,22,36,2.7,3758,48016.1,OK,319,320,1,1127.4,38
2026-10-01 16:45:14,21.9,36,1.3,3758,47163.5,OK,280,320,1,1127.4,38
2026-10-01 16:45:30,22,36,1,3758,46734.3,OK,347,319,1,1127.4,38
2026-10-01 16:45:46,22,36,1.1,3758,46583.5,OK,307,318,1,1127.4,38
2026-10-01 16:46:02,22.1,36,0.6,3758,46861.9,OK,286,317,1,1127.4,38
2026-10-01 16:46:18,22.2,36,0.4,3758,47845,OK,240,316,1,1127.4,38
2026-10-01 16:46:34,22.2,36,1,3758,48572.9,OK,310,315,1,1127.4,38
2026-10-01 16:46:50,22.3,36,0.7,3758,50292.6,OK,293,314,1,1127.4,38
2026-10-01 16:47:06,22.3,36,1.4,3758,51098.8,OK,283,313,1,1127.4,38
2026-10-01 16:47:22,22.3,36,1.4,3758,51046.6,OK,275,313,1,1127.4,38
2026-10-01 16:47:38,22.3,36,1.5,3758,50901.6,OK,296,312,1,1127.4,38
2026-10-01 16:47:54,22.3,36,1.1,3758,50782.7,OK,264,310,1,1127.4,38
2026-10-01 16:48:10,22.2,36,3.2,3758,50411.5,OK,347,310,1,1127.4,38
2026-10-01 16:48:26,22.1,36,3.8,3758,50608.7,OK,265,310,1,1127.4,38
2026-10-01 16:48:42,21.9,36,2.2,3758,48607.7,OK,209,308,1,1127.4,38
2026-10-01 16:50:18,21.9,37,3.5,3758,45249.5,OK,341,303,1,1127.4,37
2026-10-01 16:50:34,21.8,37,3.6,3758,46093.4,OK,292,302,1,1127.4,37
2026-10-01 16:50:50,21.7,37,1.8,3758,47981.3,OK,279,301,1,1127.4,37
2026-10-01 16:51:06,21.8,38,0.6,3758,49454.5,OK,291,300,1,1127.4,37
2026-10-01 16:51:22,21.9,37,1.5,3758,50330.3,OK,270,299,1,1127.4,37
2026-10-01 16:51:38,21.9,37,2.2,3758,50098.3,OK,297,298,1,1127.4,37
2026-10-01 16:51:54,21.8,37,1.7,3758,50431.8,OK,339,298,1,1127.4,37
2026-10-01 16:52:10,21.9,38,2.4,3758,50620.3,OK,324,296,1,1127.4,37
2026-10-01 16:52:26,21.9,37,3.4,3758,50898.7,OK,301,296,1,1127.4,37
2026-10-01 16:52:42,21.8,37,2.4,3758,51525.1,OK,313,295,1,1127.4,36
2026-10-01 16:52:58,21.7,38,1.5,3758,51153.9,OK,327,293,1,1127.4,36
2026-10-01 16:53:14,21.7,37,2.2,3758,51452.6,OK,294,293,1,1127.4,36
2026-10-01 16:53:30,21.7,37,4.1,3758,51597.6,OK,271,291,1,1127.4,36
2026-10-01 16:53:46,21.6,37,2,3758,51728.1,OK,303,290,1,1127.4,36
2026-10-01 16:54:02,21.6,37,1.7,3758,52261.7,OK,234,289,1,1127.4,36
2026-10-01 16:54:18,21.6,37,2.1,3758,52798.2,OK,292,289,1,1127.4,36
2026-10-01 16:54:34,21.6,37,1.3,3758,53737.8,OK,155,287,1,1127.4,36
2026-10-01 16:54:50,21.7,37,1.4,3758,54167,OK,295,287,1,1127.4,36
2026-10-01 16:55:06,21.8,37,1.3,3758,55060.2,OK,298,286,1,1127.4,36
2026-10-01 16:55:22,21.8,37,0.6,3758,55008,OK,300,284,1,1127.4,36
2026-10-01 16:55:38,21.9,37,0.3,3758,54706.4,OK,282,284,1,1127.4,36
2026-10-01 16:55:54,21.9,37,2.2,3758,54010.4,OK,284,283,1,1127.4,36
2026-10-01 16:56:10,22,37,1.1,3758,53175.2,OK,269,282,1,1127.4,36
2026-10-01 16:56:26,22,37,3.1,3758,52168.9,OK,265,280,1,1127.4,36
2026-10-01 16:56:42,21.9,37,1.7,3758,50692.8,OK,279,280,1,1127.4,36
2026-10-01 16:56:58,22,37,1.8,3758,50327.4,OK,359,279,1,1127.4,36
2026-10-01 16:57:14,22,37,2.1,3758,49909.8,OK,292,277,1,1127.4,36
2026-10-01 16:57:30,21.9,37,0.8,3758,49570.5,OK,28,277,1,1127.4,36
2026-10-01 16:57:46,21.9,37,0.3,3758,49312.4,OK,11,276,1,1127.4,34
2026-10-01 16:58:02,21.9,37,0.6,3758,48401.8,OK,276,274,1,1127.4,34
2026-10-01 16:58:18,22,37,1.4,3758,46922.8,OK,299,273,1,1127.4,34
2026-10-01 16:58:34,22.1,38,0.7,3758,46424,OK,303,272,1,1127.4,34
2026-10-01 16:58:50,22.2,37,2,3758,46035.4,OK,280,272,1,1127.4,34
2026-10-01 16:59:06,22.1,37,2.9,3758,45771.5,OK,286,271,1,1127.4,34
2026-10-01 16:59:22,22,37,2.4,3758,45612,OK,286,270,1,1127.4,34
2026-10-01 16:59:38,22,37,2,3758,43828.5,OK,315,269,1,1127.4,34
2026-10-01 16:59:54,22,37,1,3758,43019.4,OK,186,268,1,1127.4,34
2026-10-01 17:00:10,22,37,1,3758,43126.7,OK,302,267,1,1127.4,34
2026-10-01 17:00:26,22.1,37,2.7,3758,43637.1,OK,260,266,1,1127.4,34
2026-10-01 17:00:42,22,37,1.4,3758,44083.7,OK,299,265,1,1127.4,34
2026-10-01 17:00:58,22,37,1.1,3758,43727,OK,288,265,1,1127.4,34
2026-10-01 17:01:14,22.1,37,1.7,3758,44773.9,OK,309,264,1,1127.4,34
2026-10-01 17:01:30,22,37,1.4,3758,46490.7,OK,295,263,1,1127.4,34
2026-10-01 17:01:46,22,37,2.4,3758,48619.3,OK,291,261,1,1127.4,34
2026-10-01 17:02:02,21.9,37,2.5,3758,50022.9,OK,252,260,1,1127.4,34
2026-10-01 17:02:18,21.9,37,1.1,3758,50695.7,OK,324,260,1,1127.4,34
2026-10-01 17:02:34,21.9,37,1.1,3758,50399.9,OK,312,259,1,1127.4,33
2026-10-01 17:02:50,21.9,37,0.7,3758,49657.5,OK,279,257,1,1127.4,33
2026-10-01 17:03:06,22.1,37,0.8,3758,49112.3,OK,260,257,1,1127.4,33
2026-10-01 17:03:22,22.2,37,0.1,3758,48430.8,OK,229,257,1,1127.4,33
2026-10-01 17:03:38,22.2,37,0.4,3758,47798.6,OK,296,254,1,1127.4,33
2026-10-01 17:03:54,22.3,37,1.3,3758,46682.1,OK,327,254,1,1127.4,33
2026-10-01 17:04:10,22.2,36,1.3,3758,45368.4,OK,242,253,1,1127.4,33
2026-10-01 17:04:26,22.2,37,2.8,3758,44887,OK,316,252,1,1127.4,33
2026-10-01 17:04:42,22.1,36,2.2,3758,44849.3,OK,309,251,1,1127.4,33
2026-10-01 17:04:58,22,36,1.7,3758,44588.3,OK,330,250,1,1127.4,33
2026-10-01 17:05:14,22,36,1.1,3758,44388.2,OK,94,249,1,1127.4,33
2026-10-01 17:05:30,22,37,0,3758,44249,OK,288,248,1,1127.4,33
2026-10-01 17:05:46,22,37,0.8,3758,44014.1,OK,332,248,1,1127.4,33
2026-10-01 17:06:02,22,36,1.4,3758,43999.6,OK,297,246,1,1127.4,33
2026-10-01 17:06:18,22,36,2.2,3758,43721.2,OK,321,245,1,1127.4,33
2026-10-01 17:06:34,21.9,36,1.1,3758,43648.7,OK,311,244,1,1127.4,33
2026-10-01 17:06:50,21.8,36,1.5,3758,43390.6,OK,292,243,1,1127.4,33
2026-10-01 17:07:06,21.8,37,3.6,3758,43118,OK,2,242,1,1127.4,33
2026-10-01 17:07:22,21.7,37,3.2,3758,43013.6,OK,286,241,1,1127.4,33
2026-10-01 17:07:38,21.6,37,1.8,3758,42596,OK,300,240,1,1127.4,32
2026-10-01 17:07:54,21.5,37,2.7,3758,42793.2,OK,286,239,1,1127.4,32
2026-10-01 17:08:10,21.5,38,1.5,3758,42514.8,OK,308,238,1,1127.4,32
2026-10-01 17:08:26,21.5,37,2.2,3758,42314.7,OK,263,237,1,1127.4,32
2026-10-01 17:08:42,21.5,37,2.5,3758,41847.8,OK,268,236,1,1127.4,32
2026-10-01 17:08:58,21.5,37,2.4,3758,41929,OK,236,235,1,1127.4,32
2026-10-01 17:09:14,21.5,37,0.7,3758,41708.6,OK,24,234,1,1127.4,32
2026-10-01 17:09:30,21.6,37,1.7,3758,41662.2,OK,292,233,1,1127.4,32
2026-10-01 17:09:46,21.5,36,2.4,3758,41502.7,OK,336,232,1,1127.4,32
2026-10-01 17:10:02,21.5,36,1.5,3758,41589.7,OK,286,231,1,1127.4,32
2026-10-01 17:10:18,21.5,36,1.5,3758,41389.6,OK,215,229,1,1127.4,32
2026-10-01 17:10:34,21.5,36,2.2,3758,41108.3,OK,274,229,1,1127.4,32
2026-10-01 17:10:50,21.5,36,3.2,3758,41151.8,OK,315,227,1,1127.4,32
2026-10-01 17:11:06,21.5,37,1.7,3758,40861.8,OK,273,227,1,1127.4,32
2026-10-01 17:11:22,21.5,37,2.5,3758,40737.1,OK,226,226,1,1127.4,32
2026-10-01 17:11:38,21.4,37,1.3,3758,40716.8,OK,31,225,1,1127.4,32
2026-10-01 17:11:54,21.4,38,1.8,3758,40487.7,OK,271,224,1,1127.4,32
2026-10-01 17:12:10,21.4,38,1,3758,40377.5,OK,249,223,1,1127.4,32
2026-10-01 17:12:26,21.4,38,1.5,3758,40249.9,OK,320,222,1,1127.4,32
2026-10-01 17:12:42,21.4,38,2.1,3758,40064.3,OK,299,221,1,1127.4,32
2026-10-01 17:12:58,21.4,39,2.5,3758,39951.2,OK,298,220,1,1127.4,32
2026-10-01 17:13:14,21.4,39,1.7,3758,39930.9,OK,352,219,1,1127.4,32
2026-10-01 17:13:30,21.3,38,2.9,3758,39638,OK,292,218,1,1127.4,32
2026-10-01 17:13:46,21.3,38,2,3758,39585.8,OK,260,217,1,1127.4,32
2026-10-01 17:14:02,21.3,38,1.7,3758,39597.4,OK,296,216,1,1127.4,32
2026-10-01 17:14:18,21.3,38,2.5,3758,39365.4,OK,330,215,1,1127.4,32
2026-10-01 17:14:34,21.3,38,1.4,3758,38927.5,OK,230,214,1,1127.4,32
2026-10-01 17:14:50,21.3,38,1.5,3758,38805.7,OK,26,213,1,1127.4,32
2026-10-01 17:15:06,21.3,38,2.2,3758,38657.8,OK,329,212,1,1127.4,32
2026-10-01 17:15:22,21.3,38,0.8,3758,38718.7,OK,289,211,1,1127.4,32
2026-10-01 17:15:38,21.3,38,1.5,3758,38521.5,OK,277,210,1,1127.4,32
2026-10-01 17:15:54,21.2,38,2.4,3758,38501.2,OK,297,209,1,1127.4,32
2026-10-01 17:16:10,21.2,38,1.1,3758,38037.2,OK,301,207,1,1127.4,32
2026-10-01 17:16:26,21.2,39,1.5,3758,38150.3,OK,347,207,1,1127.4,32
2026-10-01 17:16:42,21.2,39,1.5,3758,38124.2,OK,286,206,1,1127.4,32
2026-10-01 17:16:58,21.2,39,1.3,3758,38074.9,OK,298,205,1,1127.4,32
2026-10-01 17:17:14,21.2,39,0.4,3758,37674.7,OK,293,204,1,1127.4,32
2026-10-01 17:17:30,21.3,39,1.1,3758,37460.1,OK,287,203,1,1127.4,32
2026-10-01 17:17:46,21.3,39,1.3,3758,37384.7,OK,257,202,1,1127.4,32
2026-10-01 17:18:02,21.3,39,1,3758,36482.8,OK,332,201,1,1127.4,32
2026-10-01 17:18:18,21.3,39,1.1,3758,33983,OK,273,199,1,1127.4,32
2026-10-01 17:18:34,21.3,39,0.1,3758,31692,OK,248,199,1,1127.4,32
2026-10-01 17:18:50,21.4,39,0.3,3758,30514.6,OK,311,197,1,1127.4,32
2026-10-01 17:20:26,21.4,38,3.4,3758,26086.3,OK,276,191,1,1127.4,38
2026-10-01 17:20:42,21.2,38,2.9,3758,26561.9,OK,305,190,1,1127.4,38
2026-10-01 17:20:58,21.2,38,1,3758,26370.5,OK,238,190,1,1127.4,38
2026-10-01 17:21:14,21.2,39,0.7,3758,24995.9,OK,264,188,1,1127.4,38
2026-10-01 17:21:30,21.2,39,1.3,3758,23888.1,OK,274,187,1,1127.4,38
2026-10-01 17:21:46,21.2,38,2.5,3758,23783.7,OK,285,186,1,1127.4,38
2026-10-01 17:22:02,21.2,38,1.5,3758,24024.4,OK,308,185,1,1127.4,38
2026-10-01 17:22:18,21.1,38,0.8,3758,25198.9,OK,303,184,1,1127.4,38
2026-10-01 17:22:34,21.1,38,2.5,3758,25961.6,OK,331,183,1,1127.4,38
2026-10-01 17:22:50,21,38,2,3758,26521.3,OK,285,182,1,1127.4,30
2026-10-01 17:23:06,21,38,1.1,3758,28093.1,OK,311,181,1,1127.4,30
2026-10-01 17:23:22,21,38,0.3,3758,29192.2,OK,353,180,1,1127.4,30
2026-10-01 17:23:38,21,39,1,3758,30099.9,OK,283,179,1,1127.4,30
2026-10-01 17:23:54,21,39,1.3,3758,30070.9,OK,334,178,1,1127.4,30
2026-10-01 17:24:10,21,39,2.1,3758,29125.5,OK,344,177,1,1127.4,30
2026-10-01 17:24:26,21,39,1.7,3758,29473.5,OK,333,176,1,1127.4,30
2026-10-01 17:24:42,21,38,2.8,3758,27397.1,OK,304,175,1,1127.4,30
2026-10-01 17:24:58,20.9,38,2.4,3758,29029.8,OK,256,174,1,1127.4,30
2026-10-01 17:25:14,20.9,39,1.1,3758,28458.5,OK,284,173,1,1127.4,30
2026-10-01 17:25:30,20.9,38,1.4,3758,27626.2,OK,281,172,1,1127.4,30
2026-10-01 17:25:46,20.9,39,2.7,3758,26857.7,OK,293,171,1,1127.4,30
2026-10-01 17:26:02,20.8,39,2.9,3758,27588.5,OK,319,170,1,1127.4,30
2026-10-01 17:26:18,20.8,39,1.5,3758,25358.4,OK,267,169,1,1127.4,30
2026-10-01 17:26:34,20.8,39,1.7,3758,25329.4,OK,268,168,1,1127.4,30
2026-10-01 17:26:50,20.8,39,0.7,3758,23934.5,OK,311,166,1,1127.4,30
2026-10-01 17:27:06,20.8,39,1.1,3758,22307.6,OK,286,166,1,1127.4,30
2026-10-01 17:27:22,20.8,40,0.4,3758,20872.1,OK,352,164,1,1127.4,30
2026-10-01 17:27:38,20.9,39,0.6,3758,20469,OK,38,164,1,1127.4,28
2026-10-01 17:27:54,20.9,39,0.1,3758,19248.1,OK,318,162,1,1127.4,28
2026-10-01 17:28:10,21,40,0.6,3758,19686,OK,279,161,1,1127.4,28
2026-10-01 17:28:26,21,40,2.4,3758,17255.8,OK,319,161,1,1127.4,28
2026-10-01 17:28:42,20.9,40,1.7,3758,18325.9,OK,341,159,1,1127.4,28
2026-10-01 17:28:58,20.9,40,1.4,3758,17351.5,OK,51,159,1,1127.4,28
2026-10-01 17:29:14,20.9,40,1,3758,16658.4,OK,300,158,1,1127.4,28
2026-10-01 17:29:30,20.9,40,0.7,3758,16684.5,OK,291,156,1,1127.4,28
2026-10-01 17:29:46,20.9,40,1.3,3758,16672.9,OK,26,155,1,1127.4,28
2026-10-01 17:30:02,20.9,40,1.5,3758,16722.2,OK,53,154,1,1127.4,28
2026-10-01 17:30:18,20.9,40,1.7,3758,17194.9,OK,7,154,1,1127.4,28
2026-10-01 17:30:34,20.9,40,1.8,3758,17844.5,OK,314,152,1,1127.4,28
2026-10-01 17:30:50,20.9,40,0.3,3758,18584,OK,329,151,1,1127.4,28
2026-10-01 17:31:06,20.9,40,1,3758,17893.8,OK,297,150,1,1127.4,28
2026-10-01 17:31:22,20.9,39,1.4,3758,18412.9,OK,285,150,1,1127.4,28
2026-10-01 17:31:38,20.9,39,2.2,3758,18276.6,OK,12,148,1,1127.4,28
2026-10-01 17:31:54,20.8,39,3.4,3758,13111.7,OK,329,147,1,1127.4,28
2026-10-01 17:32:10,20.7,39,4.2,3758,17041.2,OK,18,146,1,1127.4,28
2026-10-01 17:32:26,20.7,39,2.7,3758,15713,OK,13,145,1,1127.4,28
2026-10-01 17:32:42,20.7,39,1.8,3758,14483.4,OK,353,144,1,1127.4,24
2026-10-01 17:32:58,20.6,39,1,3758,14312.3,OK,243,144,1,1127.4,24
2026-10-01 17:33:14,20.7,39,0.1,3758,13001.5,OK,285,142,1,1127.4,24
2026-10-01 17:33:30,20.8,39,0.7,3758,12357.7,OK,326,141,1,1127.4,24
2026-10-01 17:33:46,20.8,40,1.5,3758,12462.1,OK,286,140,1,1127.4,24
2026-10-01 17:34:02,20.8,40,1.1,3758,11502.2,OK,300,139,1,1127.4,24
2026-10-01 17:34:18,20.8,40,0.1,3758,12441.8,OK,306,138,1,1127.4,24
2026-10-01 17:34:34,20.8,39,0.3,3758,10771.4,OK,323,137,1,1127.4,24
2026-10-01 17:34:50,20.8,40,1,3758,13477.1,OK,291,136,1,1127.4,24
2026-10-01 17:35:06,20.8,39,1.3,3758,13335,OK,298,135,1,1127.4,24
2026-10-01 17:35:22,20.8,39,1.5,3758,14068.7,OK,274,134,1,1127.4,24
2026-10-01 17:35:38,20.7,39,1,3758,14425.4,OK,244,133,1,1127.4,24
2026-10-01 17:35:54,20.8,39,0.3,3758,15553.5,OK,333,132,1,1127.4,24
2026-10-01 17:36:10,20.7,39,1.4,3758,17020.9,OK,320,131,1,1127.4,24
2026-10-01 17:36:26,20.7,39,1,3758,18018.5,OK,339,131,1,1127.4,24
2026-10-01 17:36:42,20.7,39,0.4,3758,18282.4,OK,321,130,1,1127.4,24
2026-10-01 17:36:58,20.7,39,1.3,3758,17821.3,OK,341,128,1,1127.4,24
2026-10-01 17:37:14,20.7,39,1,3758,20277.6,OK,312,127,1,1127.4,24
2026-10-01 17:37:30,20.7,39,1.1,3758,20353,OK,275,127,1,1127.4,24
2026-10-01 17:37:46,20.7,39,2.1,3758,20097.8,OK,316,125,1,1127.4,22
2026-10-01 17:38:02,20.6,39,0.1,3758,20666.2,OK,294,124,1,1127.4,22
2026-10-01 17:38:18,20.7,39,1.4,3758,19552.6,OK,250,123,1,1127.4,22
2026-10-01 17:38:34,20.6,39,3.2,3758,17009.3,OK,255,123,1,1127.4,22
2026-10-01 17:38:50,20.6,40,1.7,3758,14216.6,OK,273,122,1,1127.4,22
2026-10-01 17:39:06,20.5,40,2,3758,12293.9,OK,273,121,1,1127.4,22
2026-10-01 17:39:22,20.5,40,2.9,3758,10713.4,OK,265,119,1,1127.4,22
2026-10-01 17:39:38,20.4,40,3.6,3758,10263.9,OK,294,118,1,1127.4,22
2026-10-01 17:39:54,20.4,41,1.3,3758,10284.2,OK,248,117,1,1127.4,22
2026-10-01 17:40:10,20.4,41,2.2,3758,10939.6,OK,359,116,1,1127.4,22
2026-10-01 17:40:26,20.4,41,1,3758,10841,OK,191,115,1,1127.4,22
2026-10-01 17:40:42,20.4,41,2.7,3758,9921.7,OK,309,115,1,1127.4,22
2026-10-01 17:40:58,20.4,42,1.5,3758,10153.7,OK,266,113,1,1127.4,22
2026-10-01 17:41:14,20.5,42,0.6,3758,11133.9,OK,294,112,1,1127.4,22
2026-10-01 17:41:30,20.5,42,1.4,3758,10939.6,OK,284,112,1,1127.4,22
2026-10-01 17:41:46,20.5,41,2.1,3758,9448.1,OK,347,111,1,1127.4,22
2026-10-01 17:42:02,20.4,41,1,3758,13480,OK,336,110,1,1127.4,22
2026-10-01 17:42:18,20.5,41,0.3,3758,14344.2,OK,240,109,1,1127.4,22
2026-10-01 17:42:34,20.5,41,0.4,3758,14352.9,OK,271,108,1,1127.4,20
2026-10-01 17:42:50,20.5,41,3.1,3758,13230.6,OK,333,107,1,1127.4,20
2026-10-01 17:43:06,20.4,41,2,3758,12920.3,OK,270,106,1,1127.4,20
2026-10-01 17:43:22,20.3,41,1.1,3758,13912.1,OK,298,105,1,1127.4,20
2026-10-01 17:43:38,20.3,41,1.1,3758,14178.9,OK,270,104,1,1127.4,20
2026-10-01 17:43:54,20.3,41,0.6,3758,13059.5,OK,291,103,1,1127.4,20
2026-10-01 17:44:10,20.3,41,1,3758,12221.4,OK,292,102,1,1127.4,20
2026-10-01 17:44:26,20.3,41,0.3,3758,12082.2,OK,17,101,1,1127.4,20
2026-10-01 17:44:42,20.3,41,1.4,3758,8467.6,OK,237,100,1,1127.4,20
2026-10-01 17:44:58,20.2,41,1.4,3758,9211.3,OK,313,98,0,1127.4,20
2026-10-01 17:45:14,20.2,41,1.7,3758,8271.5,OK,319,98,0,1127.4,20
2026-10-01 17:45:30,20.2,41,1.4,3758,7357.6,OK,308,97,0,1127.4,20
2026-10-01 17:45:46,20.2,41,2.7,3758,6447.4,OK,313,96,0,1127.4,20
2026-10-01 17:46:02,20.2,41,2.9,3758,5855.4,OK,280,96,0,1127.4,20
2026-10-01 17:46:18,20.1,42,1.5,3758,6284.6,OK,316,94,0,1127.4,20
2026-10-01 17:46:34,20.1,42,2.8,3758,7568.5,OK,230,94,0,1127.4,20
2026-10-01 17:46:50,20.1,42,1.1,3758,8256.7,OK,27,92,0,1127.4,20
2026-10-01 17:47:06,20.1,42,0.7,3758,10040.6,OK,296,91,0,1127.4,20
2026-10-01 17:47:22,20.1,42,1.4,3758,11278.9,OK,269,90,0,1127.4,20
2026-10-01 17:47:38,20.1,42,0.7,3758,12059,OK,294,90,0,1127.4,20
2026-10-01 17:47:54,20.1,42,0,3758,12824.6,OK,45,89,0,1127.4,20
2026-10-01 17:48:10,20.1,42,1,3758,12412.8,OK,346,88,0,1127.4,20
2026-10-01 17:48:26,20.1,43,0.8,3758,12134.4,OK,302,87,0,1127.4,20
2026-10-01 17:48:42,20.2,43,0.8,3758,11838.6,OK,292,86,0,1127.4,20
2026-10-01 17:50:18,20.1,42,1.5,3758,9840.3,OK,331,81,0,1127.4,18
2026-10-01 17:50:34,20.1,43,2.1,3758,9758.9,OK,318,80,0,1127.4,18
2026-10-01 17:50:50,20.1,43,1.4,3758,10072.5,OK,350,79,0,1127.4,18
2026-10-01 17:51:06,20.1,43,0.7,3758,10495.9,OK,292,78,0,1127.4,18
2026-10-01 17:51:22,20.1,43,0.3,3758,10904.8,OK,323,77,0,1127.4,18
2026-10-01 17:51:38,20.1,43,0,3758,11165.8,OK,46,76,0,1127.4,18
2026-10-01 17:51:54,20.1,43,0.7,3758,10919.3,OK,55,75,0,1127.4,18
2026-10-01 17:52:10,20.1,42,0.1,3758,10841,OK,165,75,0,1127.4,18
2026-10-01 17:52:26,20.1,42,0,3758,10791.7,OK,324,74,0,1127.4,18
2026-10-01 17:52:42,20.2,42,0.1,3758,10301.6,OK,349,73,0,1127.4,16
2026-10-01 17:52:58,20.1,42,0.6,3758,9200.2,OK,24,72,0,1127.4,16
2026-10-01 17:53:14,20.1,42,1.1,3758,7968.1,OK,10,71,0,1127.4,16
2026-10-01 17:53:30,20.1,42,0.4,3758,6972.8,OK,265,70,0,1127.4,16
2026-10-01 17:53:46,20.2,42,0.3,3758,6092.2,OK,317,69,0,1127.4,16
2026-10-01 17:54:02,20.1,42,0.6,3758,5455.8,OK,296,69,0,1127.4,16
2026-10-01 17:54:18,20.1,43,0.6,3758,4641.8,OK,5,67,0,1127.4,16
2026-10-01 17:54:34,20.1,43,0.4,3758,4197.8,OK,277,67,0,1127.4,16
2026-10-01 17:54:50,20.2,43,0.3,3758,4123.8,OK,273,66,0,1127.4,16
2026-10-01 17:55:06,20.2,43,0.7,3758,3883.3,OK,355,65,0,1127.4,16
2026-10-01 17:55:22,20.1,43,0.3,3758,3779.7,OK,40,64,0,1127.4,16
2026-10-01 17:55:38,20.1,44,0.6,3758,3520.7,OK,350,63,0,1127.4,16
2026-10-01 17:55:54,20.1,44,2.8,3758,3420.8,OK,351,62,0,1127.4,16
2026-10-01 17:56:10,20,43,2.2,3758,3435.6,OK,227,61,0,1127.4,16
2026-10-01 17:56:26,20,43,2.8,3758,3339.4,OK,319,61,0,1127.4,16
2026-10-01 17:56:42,20,43,2.8,3758,3431.9,OK,1,60,0,1127.4,16
2026-10-01 17:56:58,20,42,2.4,3758,3320.9,OK,287,59,0,1127.4,16
2026-10-01 17:57:14,19.9,42,3.8,3758,3298.7,OK,336,58,0,1127.4,16
2026-10-01 17:57:30,19.9,41,1.8,3758,3306.1,OK,225,58,0,1127.4,16
2026-10-01 17:57:46,20,42,1.1,3758,3176.6,OK,133,57,0,1127.4,13
2026-10-01 17:58:02,20,42,0.4,3758,3187.7,OK,326,56,0,1127.4,13
2026-10-01 17:58:18,20,42,0.6,3758,3143.3,OK,307,55,0,1127.4,13
2026-10-01 17:58:34,20,42,0.8,3758,2862.1,OK,341,55,0,1127.4,13
2026-10-01 17:58:50,20,41,0.6,3758,2728.9,OK,51,53,0,1127.4,13
2026-10-01 17:59:06,19.9,41,0.1,3758,2625.3,OK,219,53,0,1127.4,13
2026-10-01 17:59:22,19.9,41,0.7,3758,2551.3,OK,46,52,0,1127.4,13
2026-10-01 17:59:38,20,41,2.2,3758,2458.8,OK,190,51,0,1127.4,13
2026-10-01 17:59:54,19.9,41,2.8,3758,2403.3,OK,40,51,0,1127.4,13
2026-10-01 18:00:10,19.9,41,3.6,3758,2347.8,OK,20,50,0,1127.4,13
2026-10-01 18:00:26,19.9,41,2.2,3758,2310.8,OK,228,49,0,1127.4,13
2026-10-01 18:00:42,19.9,41,2,3758,2277.5,OK,246,49,0,1127.4,13
2026-10-01 18:00:58,19.9,42,1.8,3758,2244.2,OK,70,48,0,1127.4,13
2026-10-01 18:01:14,19.9,42,0.7,3758,2203.5,OK,275,47,0,1127.4,13
2026-10-01 18:01:30,19.8,42,2,3758,2159.1,OK,323,46,0,1127.4,13
2026-10-01 18:01:46,19.8,42,1.3,3758,2125.8,OK,354,45,0,1127.4,13
2026-10-01 18:02:02,19.8,42,0.3,3758,2074,OK,206,45,0,1127.4,13
2026-10-01 18:02:18,19.8,42,0.1,3758,2029.6,OK,285,44,0,1127.4,13
2026-10-01 18:02:34,19.8,42,0.3,3758,1724.2,OK,356,43,0,1127.4,9
2026-10-01 18:02:50,19.8,42,0.4,3758,1668.7,OK,15,43,0,1127.4,9
2026-10-01 18:03:06,19.8,42,1.3,3758,1620.6,OK,286,41,0,1127.4,9
2026-10-01 18:03:22,19.8,42,0.6,3758,1756.5,OK,48,41,0,1127.4,9
2026-10-01 18:03:38,19.8,42,0,3758,1702.4,OK,227,40,0,1127.4,9
2026-10-01 18:03:54,19.8,42,0,3758,1660.8,OK,295,39,0,1127.4,9
2026-10-01 18:04:10,19.8,42,1,3758,1623.3,OK,341,39,0,1127.4,9
2026-10-01 18:04:26,19.8,42,2.1,3758,1590,OK,357,38,0,1127.4,9
2026-10-01 18:04:42,19.7,42,1,3758,1565.1,OK,298,37,0,1127.4,9
2026-10-01 18:04:58,19.7,42,3.4,3758,1544.2,OK,68,37,0,1127.4,9
2026-10-01 18:05:14,19.7,42,1.8,3758,1527.6,OK,134,36,0,1127.4,9
2026-10-01 18:05:30,19.7,41,0.8,3758,1494.3,OK,261,35,0,1127.4,9
2026-10-01 18:05:46,19.7,41,1.4,3758,1465.2,OK,39,35,0,1127.4,9
2026-10-01 18:06:02,19.7,41,1.4,3758,1427.7,OK,13,34,0,1127.4,9
2026-10-01 18:06:18,19.7,41,2.2,3758,1390.2,OK,3,34,0,1127.4,9
2026-10-01 18:06:34,19.7,41,0.7,3758,1356.9,OK,281,33,0,1127.4,9
2026-10-01 18:06:50,19.7,40,1.4,3758,1327.8,OK,274,32,0,1127.4,9
2026-10-01 18:07:06,19.7,40,0.7,3758,1294.5,OK,234,32,0,1127.4,9
2026-10-01 18:07:22,19.7,41,0.6,3758,1257,OK,299,31,0,1127.4,9
2026-10-01 18:07:38,19.7,41,0.7,3758,1219.6,OK,252,30,0,1127.4,6
2026-10-01 18:07:54,19.7,41,0.8,3758,1190.4,OK,40,30,0,1127.4,6
2026-10-01 18:08:10,19.7,43,2.4,3758,1153,OK,320,29,0,1127.4,6
2026-10-01 18:08:26,19.7,43,0.8,3758,1119.7,OK,32,29,0,1127.4,6
2026-10-01 18:08:42,19.6,43,1.3,3758,1078,OK,320,28,0,1127.4,6
2026-10-01 18:08:58,19.6,43,1.1,3758,1040.6,OK,300,27,0,1127.4,6
2026-10-01 18:09:14,19.6,44,0.7,3758,999,OK,285,27,0,1127.4,6
2026-10-01 18:09:30,19.6,44,0.7,3758,957.3,OK,299,26,0,1127.4,6
2026-10-01 18:09:46,19.6,44,0.1,3758,911.5,OK,308,25,0,1127.4,6
2026-10-01 18:10:02,19.6,44,0.8,3758,874.1,OK,309,24,0,1127.4,6
2026-10-01 18:10:18,19.6,44,0.1,3758,836.6,OK,305,24,0,1127.4,6
2026-10-01 18:10:34,19.6,44,1.3,3758,807.5,OK,305,24,0,1127.4,6
2026-10-01 18:10:50,19.6,45,2.7,3758,778.3,OK,282,23,0,1127.4,6
2026-10-01 18:11:06,19.5,45,2.1,3758,757.5,OK,317,23,0,1127.4,6
2026-10-01 18:11:22,19.5,45,0.7,3758,728.4,OK,301,22,0,1127.4,6
2026-10-01 18:11:38,19.5,45,0,3758,707.6,OK,347,21,0,1127.4,6
2026-10-01 18:11:54,19.5,45,0,3758,686.8,OK,297,21,0,1127.4,6
2026-10-01 18:12:10,19.5,45,0.7,3758,657.6,OK,328,20,0,1127.4,6
2026-10-01 18:12:26,19.5,45,2,3758,636.8,OK,9,19,0,1127.4,6
2026-10-01 18:12:42,19.5,45,0.3,3758,607.7,OK,319,20,0,1127.4,4
2026-10-01 18:12:58,19.5,45,1.8,3758,582.7,OK,240,19,0,1127.4,4
2026-10-01 18:13:14,19.5,46,2,3758,615.1,OK,292,18,0,1127.4,4
2026-10-01 18:13:30,19.5,46,0.8,3758,587.3,OK,345,18,0,1127.4,4
2026-10-01 18:13:46,19.4,46,2.1,3758,559.6,OK,256,17,0,1127.4,4
2026-10-01 18:14:02,19.4,46,3.1,3758,536.5,OK,306,17,0,1127.4,4
2026-10-01 18:14:18,19.5,46,1.5,3758,508.7,OK,55,17,0,1127.4,4
2026-10-01 18:14:34,19.4,45,0.3,3758,481,OK,271,16,0,1127.4,4
2026-10-01 18:14:50,19.4,46,0.3,3758,462.5,OK,240,16,0,1127.4,4
2026-10-01 18:15:06,19.4,46,0.3,3758,434.7,OK,283,15,0,1127.4,4
2026-10-01 18:15:22,19.4,46,0,3758,407,OK,267,15,0,1127.4,4
2026-10-01 18:15:38,19.4,46,1.1,3758,379.2,OK,261,15,0,1127.4,4
2026-10-01 18:15:54,19.4,46,0.1,3758,356.1,OK,80,14,0,1127.4,4
2026-10-01 18:16:10,19.4,46,1.3,3758,328.3,OK,293,13,0,1127.4,4
2026-10-01 18:16:26,19.4,46,1.7,3758,305.2,OK,297,13,0,1127.4,4
2026-10-01 18:16:42,19.4,46,1.3,3758,282.1,OK,350,13,0,1127.4,4
2026-10-01 18:16:58,19.4,46,1.3,3758,254.3,OK,304,12,0,1127.4,4
2026-10-01 18:17:14,19.4,46,2,3758,235.8,OK,25,12,0,1127.4,4
2026-10-01 18:17:30,19.5,46,3.2,3758,212.7,OK,265,11,0,1127.4,4
2026-10-01 18:17:46,19.4,45,1.7,3758,189.6,OK,17,11,0,1127.4,4
2026-10-01 18:18:02,19.4,45,2.2,3758,166.5,OK,317,11,0,1127.4,4
2026-10-01 18:18:18,19.5,45,1.8,3758,148,OK,289,10,0,1127.4,4
2026-10-01 18:18:34,19.5,45,1.3,3758,124.8,OK,265,10,0,1127.4,4
2026-10-01 18:19:22,19.5,45,0.7,3758,69.3,OK,300,9,0,1127.4,2
2026-10-01 18:19:38,19.4,45,0.7,3758,50.8,OK,345,9,0,1127.4,2
2026-10-01 18:19:54,19.4,45,0.7,3758,32.3,OK,69,8,0,1127.4,2
2026-10-01 18:20:10,19.4,45,2.9,3758,13.8,OK,349,8,0,1127.4,2
2026-10-01 18:20:26,19.4,45,1.7,3758,0,OK,17,8,0,1127.4,2
2026-10-01 18:20:42,19.4,45,1.1,3758,0,OK,58,8,0,1127.4,2
2026-10-01 18:20:58,19.4,45,0,3758,0,OK,320,7,0,1127.4,2
2026-10-01 18:21:14,19.4,45,0.7,3758,0,OK,346,7,0,1127.4,2
2026-10-01 18:21:30,19.5,45,2.2,3758,0,OK,330,6,0,1127.4,2
2026-10-01 18:21:46,19.5,45,2.2,3758,0,OK,295,6,0,1127.4,2
2026-10-01 18:22:02,19.5,45,1,3758,0,OK,311,6,0,1127.4,2
2026-10-01 18:22:18,19.5,45,1.5,3758,0,OK,298,6,0,1127.4,2
2026-10-01 18:22:34,19.4,45,0.8,3758,0,OK,283,5,0,1127.4,1
2026-10-01 18:22:50,19.5,45,0.7,3758,0,OK,27,5,0,1127.4,1
2026-10-01 18:23:06,19.4,45,0.6,3758,0,OK,341,5,0,1127.4,1
2026-10-01 18:23:22,19.4,45,2.1,3758,0,OK,347,5,0,1127.4,1
2026-10-01 18:23:38,19.4,45,1.5,3758,0,OK,293,5,0,1127.4,1
2026-10-01 18:23:54,19.5,45,2,3758,0,OK,285,4,0,1127.4,1
2026-10-01 18:24:10,19.5,44,2.4,3758,0,OK,304,4,0,1127.4,1
2026-10-01 18:24:26,19.5,44,1.1,3758,0,OK,338,4,0,1127.4,1
2026-10-01 18:24:42,19.5,45,0.3,3758,0,OK,321,4,0,1127.4,1
2026-10-01 18:24:58,19.4,45,1,3758,0,OK,27,4,0,1127.4,1
2026-10-01 18:25:14,19.4,44,3.5,3758,0,OK,11,3,0,1127.4,1
2026-10-01 18:25:30,19.4,43,2.7,3758,0,OK,297,3,0,1127.4,1
2026-10-01 18:25:46,19.5,43,0.7,3758,0,OK,39,3,0,1127.4,1
2026-10-01 18:26:02,19.5,43,0.6,3758,0,OK,38,3,0,1127.4,1
2026-10-01 18:26:18,19.5,43,2.5,3758,0,OK,268,3,0,1127.4,1
2026-10-01 18:26:34,19.5,43,0.7,3758,0,OK,2,3,0,1127.4,1
2026-10-01 18:26:50,19.5,43,2.4,3758,0,OK,272,2,0,1127.4,1
2026-10-01 18:27:06,19.5,44,2.5,3758,0,OK,330,2,0,1127.4,1
2026-10-01 18:27:22,19.5,44,1.4,3758,0,OK,12,2,0,1127.4,1
2026-10-01 18:27:38,19.5,44,0.8,3758,0,OK,297,2,0,1127.4,0
2026-10-01 18:27:54,19.5,44,0.7,3758,0,OK,328,2,0,1127.4,0
2026-10-01 18:28:10,19.5,45,0.6,3758,0,OK,344,2,0,1127.4,0
2026-10-01 18:28:26,19.5,45,0.1,3758,0,OK,270,2,0,1127.4,0
2026-10-01 18:28:42,19.4,45,0.6,3758,0,OK,288,2,0,1127.4,0
2026-10-01 18:28:58,19.4,45,0.3,3758,0,OK,300,2,0,1127.4,0
2026-10-01 18:29:14,19.4,45,0,3758,0,OK,300,1,0,1127.4,0
2026-10-01 18:29:30,19.4,45,0.1,3758,0,OK,319,1,0,1127.4,0
2026-10-01 18:29:46,19.4,45,0.1,3758,0,OK,300,1,0,1127.4,0
2026-10-01 18:30:02,19.4,46,0.6,3758,0,OK,314,1,0,1127.4,0
2026-10-01 18:30:18,19.4,46,0.4,3758,0,OK,244,1,0,1127.4,0
2026-10-01 18:30:34,19.4,46,2.1,3758,0,OK,13,1,0,1127.4,0
2026-10-01 18:30:50,19.4,47,0.8,3758,0,OK,257,1,0,1127.4,0
2026-10-01 18:31:06,19.4,47,0.7,3758,0,OK,291,1,0,1127.4,0
2026-10-01 18:31:22,19.4,47,0.7,3758,0,OK,35,1,0,1127.4,0
2026-10-01 18:31:38,19.4,46,0.6,3758,0,OK,356,1,0,1127.4,0
2026-10-01 18:31:54,19.4,46,2.5,3758,0,OK,259,0,0,1127.4,0
2026-10-01 18:32:10,19.4,46,0.8,3758,0,OK,335,0,0,1127.4,0
2026-10-01 18:32:26,19.4,47,0.7,3758,0,OK,44,0,0,1127.4,0
2026-10-01 18:32:42,19.4,46,0.4,3758,0,OK,277,0,0,1127.4,0
2026-10-01 18:32:58,19.4,47,1.8,3758,0,OK,345,0,0,1127.4,0
2026-10-01 18:33:14,19.4,47,2.2,3758,0,OK,36,0,0,1127.4,0
2026-10-01 18:33:30,19.4,46,1,3758,0,OK,295,0,0,1127.4,0
2026-10-01 18:33:46,19.4,46,0.8,3758,0,OK,296,0,0,1127.4,0
2026-10-01 18:34:02,19.4,47,0.4,3758,0,OK,318,0,0,1127.4,0
2026-10-01 18:34:18,19.3,47,0.3,3758,0,OK,287,0,0,1127.4,0
2026-10-01 18:34:34,19.3,47,0.3,3758,0,OK,355,0,0,1127.4,0
2026-10-01 18:34:50,19.3,47,0.4,3758,0,OK,277,0,0,1127.4,0
2026-10-01 18:35:06,19.3,47,0,3758,0,OK,225,0,0,1127.4,0
2026-10-01 18:35:22,19.3,47,0,3758,0,OK,334,0,0,1127.4,0
2026-10-01 18:35:38,19.3,47,0.3,3758,0,OK,45,0,0,1127.4,0
2026-10-01 18:35:54,19.3,48,0,3758,0,OK,269,0,0,1127.4,0
2026-10-01 18:36:10,19.2,48,0,3758,0,OK,281,0,0,1127.4,0
2026-10-01 18:36:26,19.2,48,0,3758,0,OK,309,0,0,1127.4,0
2026-10-01 18:36:42,19.2,48,0.3,3758,0,OK,290,0,0,1127.4,0
2026-10-01 18:36:58,19.2,48,2.1,3758,0,OK,270,0,0,1127.4,0
2026-10-01 18:37:14,19.2,47,3.1,3758,0,OK,268,0,0,1127.4,0
2026-10-01 18:37:30,19.2,47,0.4,3758,0,OK,261,0,0,1127.4,0
2026-10-01 18:37:46,19.2,47,0.7,3758,0,OK,246,0,0,1127.4,0
2026-10-01 18:38:02,19.2,47,1,3758,0,OK,288,0,0,1127.4,0
2026-10-01 18:38:18,19.2,47,1.4,3758,0,OK,280,0,0,1127.4,0
2026-10-01 18:38:34,19.2,47,1.1,3758,0,OK,275,0,0,1127.4,0
2026-10-01 18:38:50,19.2,47,0.3,3758,0,OK,319,0,0,1127.4,0
2026-10-01 18:39:06,19.2,47,0.8,3758,0,OK,269,0,0,1127.4,0
2026-10-01 18:39:22,19.2,47,1.4,3758,0,OK,259,0,0,1127.4,0
2026-10-01 18:39:38,19.2,47,0.8,3758,0,OK,291,0,0,1127.4,0
2026-10-01 18:39:54,19.2,47,2.8,3758,0,OK,300,0,0,1127.4,0
2026-10-01 18:40:10,19.2,47,1.7,3758,0,OK,289,0,0,1127.4,0
2026-10-01 18:40:26,19.2,47,1,3758,0,OK,265,0,0,1127.4,0
2026-10-01 18:40:42,19.2,47,1.3,3758,0,OK,276,0,0,1127.4,0
2026-10-01 18:40:58,19.2,47,2.9,3758,0,OK,290,0,0,1127.4,0
2026-10-01 18:41:14,19.2,46,1.8,3758,0,OK,298,0,0,1127.4,0
2026-10-01 18:41:30,19.2,46,1,3758,0,OK,340,0,0,1127.4,0
2026-10-01 18:41:46,19.2,47,1,3758,0,OK,324,0,0,1127.4,0
2026-10-01 18:42:02,19.1,47,0.6,3758,0,OK,314,0,0,1127.4,0
2026-10-01 18:42:18,19.1,47,1.1,3758,0,OK,25,0,0,1127.4,0
2026-10-01 18:42:34,19.2,47,0.7,3758,0,OK,296,0,0,1127.4,0
2026-10-01 18:42:50,19.2,47,2.1,3758,0,OK,341,0,0,1127.4,0
2026-10-01 18:43:06,19.2,47,0.4,3758,0,OK,280,0,0,1127.4,0
2026-10-01 18:43:22,19.2,47,1.4,3758,0,OK,201,0,0,1127.4,0
2026-10-01 18:43:38,19.2,47,1.5,3758,0,OK,300,0,0,1127.4,0
2026-10-01 18:43:54,19.2,47,1.3,3758,0,OK,214,0,0,1127.4,0
2026-10-01 18:44:10,19.2,47,3.1,3758,0,OK,257,0,0,1127.4,0
2026-10-01 18:44:26,19.2,47,1.5,3758,0,OK,311,0,0,1127.4,0
2026-10-01 18:44:42,19.2,47,0.6,3758,0,OK,285,0,0,1127.4,0
2026-10-01 18:44:58,19.2,47,0.8,3758,0,OK,304,0,0,1127.4,0
2026-10-01 18:45:14,19.2,47,1.8,3758,0,OK,315,0,0,1127.4,0
2026-10-01 18:45:30,19.2,47,2.5,3758,0,OK,308,0,0,1127.4,0
2026-10-01 18:45:46,19.2,47,3.5,3758,0,OK,300,0,0,1127.4,0
2026-10-01 18:46:02,19.2,47,1.5,3758,0,OK,306,0,0,1127.4,0
2026-10-01 18:46:18,19.2,47,1.3,3758,0,OK,292,0,0,1127.4,0
2026-10-01 18:46:34,19.2,48,1.3,3758,0,OK,302,0,0,1127.4,0
2026-10-01 18:46:50,19.2,48,0.6,3758,0,OK,18,0,0,1127.4,0
2026-10-01 18:47:06,19.2,48,0.3,3758,0,OK,21,0,0,1127.4,0
2026-10-01 18:47:22,19.2,48,0,3758,0,OK,8,0,0,1127.4,0
2026-10-01 18:47:38,19.2,48,0.4,3758,0,OK,300,0,0,1127.4,0
2026-10-01 18:47:54,19.2,48,2.9,3758,0,OK,313,0,0,1127.4,0
2026-10-01 18:48:10,19.2,48,1.7,3758,0,OK,308,0,0,1127.4,0
2026-10-01 18:48:26,19.2,48,0.8,3758,0,OK,294,0,0,1127.4,0
2026-10-01 18:48:42,19.2,48,1.3,3758,0,OK,310,0,0,1127.4,0
2026-10-01 18:48:58,19.2,48,1.4,3758,0,OK,263,0,0,1127.4,0
2026-10-01 18:49:14,19.2,48,1.3,3758,0,OK,20,0,0,1127.4,0
2026-10-01 18:49:30,19.2,48,1.4,3758,0,OK,2,0,0,1127.4,0
2026-10-01 18:49:46,19.2,48,0.7,3758,0,OK,287,0,0,1127.4,0
2026-10-01 18:50:02,19.3,48,1.4,3758,0,OK,280,0,0,1127.4,0
2026-10-01 18:50:18,19.3,48,3.5,3758,0,OK,236,0,0,1127.4,0
2026-10-01 18:50:34,19.3,48,1.3,3758,0,OK,3,0,0,1127.4,0
2026-10-01 18:50:50,19.3,48,0.3,3758,0,OK,220,0,0,1127.4,0
2026-10-01 18:51:06,19.3,48,0,3758,0,OK,296,0,0,1127.4,0
2026-10-01 18:51:22,19.2,48,0.1,3758,0,OK,287,0,0,1127.4,0
2026-10-01 18:51:38,19.2,48,0.1,3758,0,OK,275,0,0,1127.4,0
2026-10-01 18:51:54,19.2,48,0.1,3758,0,OK,287,0,0,1127.4,0
2026-10-01 18:52:10,19.2,49,2.8,3758,0,OK,317,0,0,1127.4,0
2026-10-01 18:52:26,19.2,49,1.3,3758,0,OK,131,0,0,1127.4,0
2026-10-01 18:52:42,19.2,49,0.6,3758,0,OK,315,0,0,1127.4,0
2026-10-01 18:52:58,19.2,49,1.1,3758,0,OK,304,0,0,1127.4,0
2026-10-01 18:53:14,19.2,49,0.3,3758,0,OK,305,0,0,1127.4,0
2026-10-01 18:53:30,19.2,49,0.4,3758,0,OK,320,0,0,1127.4,0
2026-10-01 18:53:46,19.1,49,0.3,3758,0,OK,1,0,0,1127.4,0
2026-10-01 18:54:02,19.2,49,0.3,3758,0,OK,251,0,0,1127.4,0
2026-10-01 18:54:18,19.1,49,1.3,3758,0,OK,300,0,0,1127.4,0
2026-10-01 18:54:34,19.1,49,0.4,3758,0,OK,289,0,0,1127.4,0
2026-10-01 18:54:50,19.2,49,0.1,3758,0,OK,278,0,0,1127.4,0
2026-10-01 18:55:06,19.1,49,0.4,3758,0,OK,298,0,0,1127.4,0
2026-10-01 18:55:22,19.1,49,1.5,3758,0,OK,282,0,0,1127.4,0
2026-10-01 18:55:38,19.1,49,0.7,3758,0,OK,339,0,0,1127.4,0
2026-10-01 18:55:54,19.1,49,0.1,3758,0,OK,293,0,0,1127.4,0
2026-10-01 18:56:10,19.1,49,0,3758,0,OK,285,0,0,1127.4,0
2026-10-01 18:56:26,19.1,50,0.1,3758,0,OK,289,0,0,1127.4,0
2026-10-01 18:56:42,19.1,50,0.4,3758,0,OK,315,0,0,1127.4,0
2026-10-01 18:56:58,19.1,50,0.4,3758,0,OK,82,0,0,1127.4,0
2026-10-01 18:57:14,19.1,49,1.3,3758,0,OK,310,0,0,1127.4,0
2026-10-01 18:57:30,19.1,48,1,3758,0,OK,276,0,0,1127.4,0
2026-10-01 18:57:46,19.1,48,0.8,3758,0,OK,283,0,0,1127.4,0
2026-10-01 18:58:02,19.1,48,0.1,3758,0,OK,288,0,0,1127.4,0
2026-10-01 18:58:18,19.1,48,1.1,3758,0,OK,301,0,0,1127.4,0
2026-10-01 18:58:34,19.1,48,1.3,3758,0,OK,37,0,0,1127.4,0
2026-10-01 18:58:50,19.1,48,1.3,3758,0,OK,246,0,0,1127.4,0
2026-10-01 18:59:06,19.2,48,2,3758,0,OK,313,0,0,1127.4,0
2026-10-01 18:59:22,19.2,48,0.3,3758,0,OK,344,0,0,1127.4,0
2026-10-01 18:59:38,19.2,48,0,3758,0,OK,283,0,0,1127.4,0
2026-10-01 18:59:54,19.2,48,0,3758,0,OK,20,0,0,1127.4,0
2026-10-01 19:00:10,19.2,48,0.3,3758,0,OK,297,0,0,1127.4,0
2026-10-01 19:00:26,19.2,48,0.1,3758,0,OK,356,0,0,1127.4,0
2026-10-01 19:00:42,19.2,49,0,3758,0,OK,205,0,0,1127.4,0
2026-10-01 19:00:58,19.1,49,1.3,3758,0,OK,48,0,0,1127.4,0
2026-10-01 19:01:14,19.2,47,2.4,3758,0,OK,51,0,0,1127.4,0
2026-10-01 19:01:30,19.2,47,1.7,3758,0,OK,285,0,0,1127.4,0
2026-10-01 19:01:46,19.3,47,1.3,3758,0,OK,334,0,0,1127.4,0
2026-10-01 19:02:02,19.2,47,1.1,3758,0,OK,316,0,0,1127.4,0
2026-10-01 19:02:18,19.3,47,1,3758,0,OK,327,0,0,1127.4,0
2026-10-01 19:02:34,19.3,47,0.1,3758,0,OK,75,0,0,1127.4,0
2026-10-01 19:02:50,19.3,47,2,3758,0,OK,303,0,0,1127.4,0
2026-10-01 19:03:06,19.3,47,1.4,3758,0,OK,322,0,0,1127.4,0
2026-10-01 19:03:22,19.3,47,2,3758,0,OK,288,0,0,1127.4,0
2026-10-01 19:03:38,19.3,47,0.7,3758,0,OK,272,0,0,1127.4,0
2026-10-01 19:03:54,19.3,47,1.7,3758,0,OK,286,0,0,1127.4,0
2026-10-01 19:04:10,19.3,46,1.4,3758,0,OK,299,0,0,1127.4,0
2026-10-01 19:04:26,19.3,47,1,3758,0,OK,339,0,0,1127.4,0
2026-10-01 19:04:42,19.3,47,2,3758,0,OK,38,0,0,1127.4,0
2026-10-01 19:04:58,19.3,45,2.1,3758,0,OK,289,0,0,1127.4,0
2026-10-01 19:05:14,19.3,45,2.1,3758,0,OK,281,0,0,1127.4,0
2026-10-01 19:05:30,19.3,44,1,3758,0,OK,116,0,0,1127.4,0
2026-10-01 19:05:46,19.4,45,1.7,3758,0,OK,58,0,0,1127.4,0
2026-10-01 19:06:02,19.3,45,0.7,3758,0,OK,284,0,0,1127.4,0
2026-10-01 19:06:18,19.4,45,2.1,3758,0,OK,315,0,0,1127.4,0
2026-10-01 19:06:34,19.4,44,2.4,3758,0,OK,317,0,0,1127.4,0
2026-10-01 19:06:50,19.4,44,1.5,3758,0,OK,317,0,0,1127.4,0
2026-10-01 19:07:06,19.4,45,1,3758,0,OK,304,0,0,1127.4,0
2026-10-01 19:07:22,19.3,45,2.8,3758,0,OK,281,0,0,1127.4,0
2026-10-01 19:07:38,19.3,45,2.5,3758,0,OK,339,0,0,1127.4,0
2026-10-01 19:07:54,19.3,45,1.5,3758,0,OK,306,0,0,1127.4,0
2026-10-01 19:08:10,19.3,45,0,3758,0,OK,313,0,0,1127.4,0
2026-10-01 19:08:26,19.3,45,1.5,3758,0,OK,300,0,0,1127.4,0
2026-10-01 19:08:42,19.3,45,2.7,3758,0,OK,27,0,0,1127.4,0
2026-10-01 19:08:58,19.4,45,0.7,3758,0,OK,304,0,0,1127.4,0
2026-10-01 19:09:14,19.3,45,0.6,3758,0,OK,287,0,0,1127.4,0
2026-10-01 19:09:30,19.3,45,0.1,3758,0,OK,327,0,0,1127.4,0
2026-10-01 19:09:46,19.3,45,0.4,3758,0,OK,273,0,0,1127.4,0
2026-10-01 19:10:02,19.3,45,0.7,3758,0,OK,260,0,0,1127.4,0
2026-10-01 19:10:18,19.3,45,1.3,3758,0,OK,16,0,0,1127.4,0
2026-10-01 19:10:34,19.3,44,0,3758,0,OK,353,0,0,1127.4,0
2026-10-01 19:10:50,19.3,44,1.3,3758,0,OK,334,0,0,1127.4,0
2026-10-01 19:11:06,19.3,44,1.1,3758,0,OK,3,0,0,1127.4,0
2026-10-01 19:11:22,19.2,45,1.5,3758,0,OK,302,0,0,1127.4,0
2026-10-01 19:11:38,19.2,45,0.3,3758,0,OK,300,0,0,1127.4,0
2026-10-01 19:11:54,19.2,45,0.3,3758,0,OK,265,0,0,1127.4,0
2026-10-01 19:12:10,19.2,45,0.8,3758,0,OK,349,0,0,1127.4,0
2026-10-01 19:12:26,19.2,45,0.1,3758,0,OK,0,0,0,1127.4,0
2026-10-01 19:12:42,19.2,45,0.6,3758,0,OK,19,0,0,1127.4,0
2026-10-01 19:12:58,19.2,45,0,3758,0,OK,261,0,0,1127.4,0
2026-10-01 19:13:14,19.2,45,0.6,3758,0,OK,282,0,0,1127.4,0
2026-10-01 19:13:30,19.2,46,1.3,3758,0,OK,292,0,0,1127.4,0
2026-10-01 19:13:46,19.2,46,1,3758,0,OK,236,0,0,1127.4,0
2026-10-01 19:14:02,19.2,46,1.4,3758,0,OK,337,0,0,1127.4,0
2026-10-01 19:14:18,19.2,45,0.3,3758,0,OK,294,0,0,1127.4,0
2026-10-01 19:14:34,19.2,46,0,3758,0,OK,300,0,0,1127.4,0
2026-10-01 19:14:50,19.1,46,1.1,3758,0,OK,226,0,0,1127.4,0
2026-10-01 19:15:06,19.2,46,2.8,3758,0,OK,12,0,0,1127.4,0
2026-10-01 19:15:22,19.2,46,2,3758,0,OK,2,0,0,1127.4,0
2026-10-01 19:15:38,19.2,46,3.4,3758,0,OK,303,0,0,1127.4,0
2026-10-01 19:15:54,19.3,46,2.9,3758,0,OK,35,0,0,1127.4,0
2026-10-01 19:16:10,19.3,46,2.9,3758,0,OK,334,0,0,1127.4,0
2026-10-01 19:16:26,19.3,46,1,3758,0,OK,246,0,0,1127.4,0
2026-10-01 19:16:42,19.3,46,0.4,3758,0,OK,327,0,0,1127.4,0
2026-10-01 19:16:58,19.3,46,0.6,3758,0,OK,26,0,0,1127.4,0
2026-10-01 19:17:14,19.3,46,1.8,3758,0,OK,21,0,0,1127.4,0
2026-10-01 19:17:30,19.3,46,1.7,3758,0,OK,298,0,0,1127.4,0
2026-10-01 19:17:46,19.3,46,0.7,3758,0,OK,329,0,0,1127.4,0
2026-10-01 19:18:02,19.3,46,1,3758,0,OK,331,0,0,1127.4,0
2026-10-01 19:18:18,19.3,46,0.8,3758,0,OK,310,0,0,1127.4,0
2026-10-01 19:18:34,19.3,46,0.3,3758,0,OK,279,0,0,1127.4,0
2026-10-01 19:19:38,19.3,46,1.5,3758,0,OK,16,0,0,1127.4,0
2026-10-01 19:19:54,19.3,46,1.5,3758,0,OK,330,0,0,1127.4,0
2026-10-01 19:20:10,19.2,46,1.4,3758,0,OK,257,0,0,1127.4,0
2026-10-01 19:20:26,19.3,46,1.1,3758,0,OK,43,0,0,1127.4,0
2026-10-01 19:20:42,19.3,46,1.3,3758,0,OK,15,0,0,1127.4,0
2026-10-01 19:20:58,19.3,46,2.1,3758,0,OK,6,0,0,1127.4,0
2026-10-01 19:21:14,19.3,46,1.7,3758,0,OK,312,0,0,1127.4,0
2026-10-01 19:21:30,19.3,46,1.7,3758,0,OK,257,0,0,1127.4,0
2026-10-01 19:21:46,19.3,46,1.3,3758,0,OK,306,0,0,1127.4,0
2026-10-01 19:22:02,19.3,46,0,3758,0,OK,324,0,0,1127.4,0
2026-10-01 19:22:18,19.3,46,0,3758,0,OK,299,0,0,1127.4,0
2026-10-01 19:22:34,19.2,46,0.8,3758,0,OK,318,0,0,1127.4,0
2026-10-01 19:22:50,19.2,46,0.6,3758,0,OK,55,0,0,1127.4,0
2026-10-01 19:23:06,19.2,46,1.3,3758,0,OK,57,0,0,1127.4,0
2026-10-01 19:23:22,19.2,46,1.8,3758,0,OK,315,0,0,1127.4,0
2026-10-01 19:23:38,19.3,46,2.5,3758,0,OK,334,0,0,1127.4,0
2026-10-01 19:23:54,19.3,47,2.7,3758,0,OK,0,0,0,1127.4,0
2026-10-01 19:24:10,19.3,46,0.4,3758,0,OK,229,0,0,1127.4,0
2026-10-01 19:24:26,19.3,47,0.1,3758,0,OK,355,0,0,1127.4,0
2026-10-01 19:24:42,19.3,47,2.5,3758,0,OK,317,0,0,1127.4,0
2026-10-01 19:24:58,19.3,47,2,3758,0,OK,297,0,0,1127.4,0
2026-10-01 19:25:14,19.3,47,0.8,3758,0,OK,35,0,0,1127.4,0
2026-10-01 19:25:30,19.3,47,0,3758,0,OK,278,0,0,1127.4,0
2026-10-01 19:25:46,19.3,47,0.3,3758,0,OK,14,0,0,1127.4,0
2026-10-01 19:26:02,19.3,47,1.4,3758,0,OK,27,0,0,1127.4,0
2026-10-01 19:26:18,19.3,47,1.8,3758,0,OK,12,0,0,1127.4,0
2026-10-01 19:26:34,19.3,47,2.5,3758,0,OK,353,0,0,1127.4,0
2026-10-01 19:26:50,19.3,47,0.7,3758,0,OK,22,0,0,1127.4,0
2026-10-01 19:27:06,19.3,47,0.8,3758,0,OK,28,0,0,1127.4,0
2026-10-01 19:27:22,19.3,47,1.8,3758,0,OK,9,0,0,1127.4,0
2026-10-01 19:27:38,19.3,47,0.8,3758,0,OK,296,0,0,1127.4,0
2026-10-01 19:27:54,19.3,47,0.4,3758,0,OK,319,0,0,1127.4,0
2026-10-01 19:28:10,19.2,47,1.4,3758,0,OK,300,0,0,1127.4,0
2026-10-01 19:28:26,19.3,47,1.7,3758,0,OK,2,0,0,1127.4,0
2026-10-01 19:28:42,19.2,47,1.5,3758,0,OK,337,0,0,1127.4,0
2026-10-01 19:28:58,19.2,47,0.6,3758,0,OK,299,0,0,1127.4,0
2026-10-01 19:29:14,19.2,47,0.1,3758,0,OK,208,0,0,1127.4,0
2026-10-01 19:29:30,19.2,47,0,3758,0,OK,24,0,0,1127.4,0
2026-10-01 19:29:46,19.2,47,1,3758,0,OK,48,0,0,1127.4,0
2026-10-01 19:30:02,19.2,47,1.7,3758,0,OK,279,0,0,1127.4,0
2026-10-01 19:30:18,19.2,47,2.9,3758,0,OK,55,0,0,1127.4,0
2026-10-01 19:30:34,19.2,47,1.1,3758,0,OK,318,0,0,1127.4,0
2026-10-01 19:30:50,19.2,47,0.8,3758,0,OK,280,0,0,1127.4,0
2026-10-01 19:31:06,19.2,47,1.3,3758,0,OK,9,0,0,1127.4,0
2026-10-01 19:31:22,19.2,47,2.1,3758,0,OK,299,0,0,1127.4,0
2026-10-01 19:31:38,19.2,47,2,3758,0,OK,301,0,0,1127.4,0
2026-10-01 19:31:54,19.2,47,1.8,3758,0,OK,357,0,0,1127.4,0
2026-10-01 19:32:10,19.2,47,1.3,3758,0,OK,304,0,0,1127.4,0
2026-10-01 19:32:26,19.2,47,0.3,3758,0,OK,234,0,0,1127.4,0
2026-10-01 19:32:42,19.2,47,0.3,3758,0,OK,325,0,0,1127.4,0
2026-10-01 19:32:58,19.2,47,0.7,3758,0,OK,63,0,0,1127.4,0
2026-10-01 19:33:14,19.2,47,0.7,3758,0,OK,263,0,0,1127.4,0
2026-10-01 19:33:30,19.2,48,0.7,3758,0,OK,296,0,0,1127.4,0
2026-10-01 19:33:46,19.2,48,0.6,3758,0,OK,299,0,0,1127.4,0
2026-10-01 19:34:02,19.2,48,0.4,3758,0,OK,313,0,0,1127.4,0
2026-10-01 19:34:18,19.2,48,1,3758,0,OK,286,0,0,1127.4,0
2026-10-01 19:34:34,19.2,48,1.7,3758,0,OK,286,0,0,1127.4,0
2026-10-01 19:34:50,19.2,48,0.6,3758,0,OK,325,0,0,1127.4,0
2026-10-01 19:35:06,19.2,48,0.1,3758,0,OK,258,0,0,1127.4,0
2026-10-01 19:35:22,19.2,48,1.1,3758,0,OK,279,0,0,1127.4,0
2026-10-01 19:35:38,19.2,48,0.6,3758,0,OK,282,0,0,1127.4,0
2026-10-01 19:35:54,19.2,48,2,3758,0,OK,4,0,0,1127.4,0
2026-10-01 19:36:10,19.2,48,1.5,3758,0,OK,310,0,0,1127.4,0
2026-10-01 19:36:26,19.2,48,0.8,3758,0,OK,355,0,0,1127.4,0
2026-10-01 19:36:42,19.2,48,0.1,3758,0,OK,301,0,0,1127.4,0
2026-10-01 19:36:58,19.2,48,0.3,3758,0,OK,330,0,0,1127.4,0
2026-10-01 19:37:14,19.2,48,0.1,3758,0,OK,106,0,0,1127.4,0
2026-10-01 19:37:30,19.1,48,0.6,3758,0,OK,250,0,0,1127.4,0
2026-10-01 19:37:46,19.2,49,1.1,3758,0,OK,282,0,0,1127.4,0
2026-10-01 19:38:02,19.2,49,1.1,3758,0,OK,16,0,0,1127.4,0
2026-10-01 19:38:18,19.2,49,0.3,3758,0,OK,282,0,0,1127.4,0
2026-10-01 19:38:34,19.2,49,0.1,3758,0,OK,349,0,0,1127.4,0
2026-10-01 19:38:50,19.2,49,0.3,3758,0,OK,329,0,0,1127.4,0
2026-10-01 19:39:06,19.2,49,0.3,3758,0,OK,1,0,0,1127.4,0
2026-10-01 19:39:22,19.2,49,0.3,3758,0,OK,318,0,0,1127.4,0
2026-10-01 19:39:38,19.2,49,0,3758,0,OK,321,0,0,1127.4,0
2026-10-01 19:39:54,19.2,50,1.3,3758,0,OK,305,0,0,1127.4,0
2026-10-01 19:40:10,19.2,50,0.3,3758,0,OK,315,0,0,1127.4,0
2026-10-01 19:40:26,19.2,50,0.1,3758,0,OK,11,0,0,1127.4,0
2026-10-01 19:40:42,19.2,50,0.7,3758,0,OK,323,0,0,1127.4,0
2026-10-01 19:40:58,19.2,50,1.3,3758,0,OK,324,0,0,1127.4,0
2026-10-01 19:41:14,19.2,50,0.3,3758,0,OK,274,0,0,1127.4,0
2026-10-01 19:41:30,19.2,50,0.1,3758,0,OK,340,0,0,1127.4,0
2026-10-01 19:41:46,19.2,50,0.3,3758,0,OK,1,0,0,1127.4,0
2026-10-01 19:42:02,19.1,50,1,3758,0,OK,270,0,0,1127.4,0
2026-10-01 19:42:18,19.1,50,0.3,3758,0,OK,321,0,0,1127.4,0
2026-10-01 19:42:34,19.1,50,0.1,3758,0,OK,282,0,0,1127.4,0
2026-10-01 19:42:50,19.1,50,0.8,3758,0,OK,273,0,0,1127.4,0
2026-10-01 19:43:06,19.1,50,1.4,3758,0,OK,319,0,0,1127.4,0
2026-10-01 19:43:22,19.1,49,1.1,3758,0,OK,357,0,0,1127.4,0
2026-10-01 19:43:38,19.1,49,0.4,3758,0,OK,331,0,0,1127.4,0
2026-10-01 19:43:54,19.1,49,0.1,3758,0,OK,306,0,0,1127.4,0
2026-10-01 19:44:10,19.1,49,2.2,3758,0,OK,278,0,0,1127.4,0
2026-10-01 19:44:26,19.1,49,0.1,3758,0,OK,352,0,0,1127.4,0
2026-10-01 19:44:42,19.1,49,0.6,3758,0,OK,304,0,0,1127.4,0
2026-10-01 19:44:58,19.1,49,1.7,3758,0,OK,14,0,0,1127.4,0
2026-10-01 19:45:14,19.1,49,1.4,3758,0,OK,311,0,0,1127.4,0
2026-10-01 19:45:30,19.1,49,2,3758,0,OK,316,0,0,1127.4,0
2026-10-01 19:45:46,19.1,49,1,3758,0,OK,21,0,0,1127.4,0
2026-10-01 19:46:02,19.1,49,0.3,3758,0,OK,310,0,0,1127.4,0
2026-10-01 19:46:18,19.2,49,0,3758,0,OK,321,0,0,1127.4,0
2026-10-01 19:46:34,19.1,49,0,3758,0,OK,274,0,0,1127.4,0
2026-10-01 19:46:50,19.1,50,0.1,3758,0,OK,288,0,0,1127.4,0
2026-10-01 19:47:06,19.1,50,0,3758,0,OK,290,0,0,1127.4,0
2026-10-01 19:47:22,19.1,50,0.1,3758,0,OK,282,0,0,1127.4,0
2026-10-01 19:47:38,19.1,50,0,3758,0,OK,324,0,0,1127.4,0
2026-10-01 19:47:54,19.1,50,0,3758,0,OK,204,0,0,1127.4,0
2026-10-01 19:48:10,19.1,50,0.7,3758,0,OK,307,0,0,1127.4,0
2026-10-01 19:48:26,19,51,0.8,3758,0,OK,287,0,0,1127.4,0
2026-10-01 19:48:42,19,51,0.3,3758,0,OK,312,0,0,1127.4,0
2026-10-01 19:48:58,19,51,0,3758,0,OK,288,0,0,1127.4,0
2026-10-01 19:49:14,19,51,0.4,3758,0,OK,290,0,0,1127.4,0
2026-10-01 19:49:30,19,51,0.1,3758,0,OK,298,0,0,1127.4,0
2026-10-01 19:49:46,19,51,0,3758,0,OK,249,0,0,1127.4,0
2026-10-01 19:50:02,19,51,0,3758,0,OK,255,0,0,1127.4,0
2026-10-01 19:50:18,19,51,0.4,3758,0,OK,17,0,0,1127.4,0
2026-10-01 19:50:34,19,51,1.5,3758,0,OK,338,0,0,1127.4,0
2026-10-01 19:50:50,19,51,0,3758,0,OK,350,0,0,1127.4,0
2026-10-01 19:51:06,19,51,0,3758,0,OK,265,0,0,1127.4,0
2026-10-01 19:51:22,19,51,0,3758,0,OK,3,0,0,1127.4,0
2026-10-01 19:51:38,19,51,0,3758,0,OK,22,0,0,1127.4,0
2026-10-01 19:51:54,19,51,0,3758,0,OK,329,0,0,1127.4,0
2026-10-01 19:52:10,19,51,0,3758,0,OK,343,0,0,1127.4,0
2026-10-01 19:52:26,19,51,0.1,3758,0,OK,307,0,0,1127.4,0
2026-10-01 19:52:42,19,51,1,3758,0,OK,302,0,0,1127.4,0
2026-10-01 19:52:58,19,51,0.3,3758,0,OK,258,0,0,1127.4,0
2026-10-01 19:53:14,19,52,1.1,3758,0,OK,325,0,0,1127.4,0
2026-10-01 19:53:30,19,52,1,3758,0,OK,287,0,0,1127.4,0
2026-10-01 19:53:46,19,52,0.7,3758,0,OK,293,0,0,1127.4,0
2026-10-01 19:54:02,18.9,52,1.4,3758,0,OK,330,0,0,1127.4,0
2026-10-01 19:54:18,19,52,1,3758,0,OK,28,0,0,1127.4,0
2026-10-01 19:54:34,19,51,0.3,3758,0,OK,279,0,0,1127.4,0
2026-10-01 19:54:50,19,52,0,3758,0,OK,274,0,0,1127.4,0
2026-10-01 19:55:06,18.9,52,0,3758,0,OK,337,0,0,1127.4,0
2026-10-01 19:55:22,19,52,0,3758,0,OK,247,0,0,1127.4,0
2026-10-01 19:55:38,18.9,52,0.1,3758,0,OK,350,0,0,1127.4,0
2026-10-01 19:55:54,18.9,52,0.1,3758,0,OK,355,0,0,1127.4,0
2026-10-01 19:56:10,18.9,52,0.1,3758,0,OK,298,0,0,1127.4,0
2026-10-01 19:56:26,18.9,51,0.1,3758,0,OK,332,0,0,1127.4,0
2026-10-01 19:56:42,18.9,52,0,3758,0,OK,342,0,0,1127.4,0
2026-10-01 19:56:58,18.9,52,0,3758,0,OK,346,0,0,1127.4,0
2026-10-01 19:57:14,18.9,52,0,3758,0,OK,297,0,0,1127.4,0
2026-10-01 19:57:30,18.9,52,0,3758,0,OK,320,0,0,1127.4,0
2026-10-01 19:57:46,18.9,52,0,3758,0,OK,289,0,0,1127.4,0
2026-10-01 19:58:02,18.9,52,0.1,3758,0,OK,4,0,0,1127.4,0
2026-10-01 19:58:18,18.9,52,0.7,3758,0,OK,350,0,0,1127.4,0
2026-10-01 19:58:34,18.9,52,1.3,3758,0,OK,291,0,0,1127.4,0
2026-10-01 19:58:50,19,52,0.4,3758,0,OK,310,0,0,1127.4,0
2026-10-01 19:59:06,19,52,0,3758,0,OK,312,0,0,1127.4,0
2026-10-01 19:59:22,18.9,52,0,3758,0,OK,26,0,0,1127.4,0
2026-10-01 19:59:38,18.9,52,0.1,3758,0,OK,309,0,0,1127.4,0
2026-10-01 19:59:54,18.9,52,0,3758,0,OK,4,0,0,1127.4,0
2026-10-01 20:00:10,18.9,52,0,3758,0,OK,333,0,0,1127.4,0
2026-10-01 20:00:26,18.9,52,0,3758,0,OK,332,0,0,1127.4,0
2026-10-01 20:00:42,18.9,52,0,3758,0,OK,350,0,0,1127.4,0
2026-10-01 20:00:58,18.9,52,0.1,3758,0,OK,332,0,0,1127.4,0
2026-10-01 20:01:14,18.9,52,0.1,3758,0,OK,266,0,0,1127.4,0
2026-10-01 20:01:30,18.9,52,0,3758,0,OK,356,0,0,1127.4,0
2026-10-01 20:01:46,18.9,52,0,3758,0,OK,273,0,0,1127.4,0
2026-10-01 20:02:02,18.9,52,0,3758,0,OK,262,0,0,1127.4,0
2026-10-01 20:02:18,18.8,52,0,3758,0,OK,280,0,0,1127.4,0
2026-10-01 20:02:34,18.8,52,0,3758,0,OK,275,0,0,1127.4,0
2026-10-01 20:02:50,18.8,53,0,3758,0,OK,284,0,0,1127.4,0
2026-10-01 20:03:06,18.8,53,0,3758,0,OK,325,0,0,1127.4,0
2026-10-01 20:03:22,18.8,53,0,3758,0,OK,2,0,0,1127.4,0
2026-10-01 20:03:38,18.7,53,0,3758,0,OK,312,0,0,1127.4,0
2026-10-01 20:03:54,18.7,53,0,3758,0,OK,275,0,0,1127.4,0
2026-10-01 20:04:10,18.7,53,0,3758,0,OK,323,0,0,1127.4,0
2026-10-01 20:04:26,18.7,53,1.7,3758,0,OK,356,0,0,1127.4,0
2026-10-01 20:04:42,18.7,53,0.7,3758,0,OK,297,0,0,1127.4,0
2026-10-01 20:04:58,18.8,53,0.3,3758,0,OK,310,0,0,1127.4,0
2026-10-01 20:05:14,18.8,53,0.3,3758,0,OK,284,0,0,1127.4,0
2026-10-01 20:05:30,18.8,53,0.4,3758,0,OK,315,0,0,1127.4,0
2026-10-01 20:05:46,18.8,53,1.1,3758,0,OK,42,0,0,1127.4,0
2026-10-01 20:06:02,18.8,53,0.8,3758,0,OK,355,0,0,1127.4,0
2026-10-01 20:06:18,18.8,53,0.3,3758,0,OK,25,0,0,1127.4,0
2026-10-01 20:06:34,18.9,53,0.7,3758,0,OK,349,0,0,1127.4,0
2026-10-01 20:06:50,18.9,52,1.5,3758,0,OK,15,0,0,1127.4,0
2026-10-01 20:07:06,18.9,52,0.6,3758,0,OK,235,0,0,1127.4,0
2026-10-01 20:07:22,18.9,52,1.7,3758,0,OK,300,0,0,1127.4,0
2026-10-01 20:07:38,18.9,52,0.6,3758,0,OK,270,0,0,1127.4,0
2026-10-01 20:07:54,18.9,52,0.8,3758,0,OK,347,0,0,1127.4,0
2026-10-01 20:08:10,19,52,2.5,3758,0,OK,319,0,0,1127.4,0
2026-10-01 20:08:26,19,52,1.4,3758,0,OK,349,0,0,1127.4,0
2026-10-01 20:08:42,19,52,0.4,3758,0,OK,31,0,0,1127.4,0
2026-10-01 20:08:58,19,52,0.8,3758,0,OK,275,0,0,1127.4,0
2026-10-01 20:09:14,19,52,0.3,3758,0,OK,339,0,0,1127.4,0
2026-10-01 20:09:30,19,52,1.3,3758,0,OK,300,0,0,1127.4,0
2026-10-01 20:09:46,19,52,2,3758,0,OK,11,0,0,1127.4,0
2026-10-01 20:10:02,19.1,52,2,3758,0,OK,354,0,0,1127.4,0
2026-10-01 20:10:18,19.1,52,2,3758,0,OK,336,0,0,1127.4,0
2026-10-01 20:10:34,19.1,52,0.3,3758,0,OK,9,0,0,1127.4,0
2026-10-01 20:10:50,19.1,52,1.4,3758,0,OK,357,0,0,1127.4,0
2026-10-01 20:11:06,19.1,52,1.5,3758,0,OK,37,0,0,1127.4,0
2026-10-01 20:11:22,19.1,52,1,3758,0,OK,312,0,0,1127.4,0
2026-10-01 20:11:38,19.1,52,1.1,3758,0,OK,63,0,0,1127.4,0
2026-10-01 20:11:54,19.1,52,1,3758,0,OK,331,0,0,1127.4,0
2026-10-01 20:12:10,19.1,52,1.8,3758,0,OK,309,0,0,1127.4,0
2026-10-01 20:12:26,19.1,52,1.3,3758,0,OK,316,0,0,1127.4,0
2026-10-01 20:12:42,19.2,52,1.8,3758,0,OK,334,0,0,1127.4,0
2026-10-01 20:12:58,19.2,52,0.8,3758,0,OK,37,0,0,1127.4,0
2026-10-01 20:13:14,19.1,53,0.1,3758,0,OK,333,0,0,1127.4,0
2026-10-01 20:13:30,19.2,53,0.3,3758,0,OK,340,0,0,1127.4,0
2026-10-01 20:13:46,19.1,53,0.3,3758,0,OK,301,0,0,1127.4,0
2026-10-01 20:14:02,19.1,53,0.7,3758,0,OK,301,0,0,1127.4,0
2026-10-01 20:14:18,19.1,53,0.1,3758,0,OK,343,0,0,1127.4,0
2026-10-01 20:14:34,19.1,53,0.1,3758,0,OK,107,0,0,1127.4,0
2026-10-01 20:14:50,19.1,51,0.3,3758,0,OK,27,0,0,1127.4,0
2026-10-01 20:15:06,19.1,50,0.3,3758,0,OK,6,0,0,1127.4,0
2026-10-01 20:15:22,19.1,50,0.1,3758,0,OK,267,0,0,1127.4,0
2026-10-01 20:15:38,19.1,50,0.7,3758,0,OK,305,0,0,1127.4,0
2026-10-01 20:15:54,19.1,50,1,3758,0,OK,316,0,0,1127.4,0
2026-10-01 20:16:10,19.1,50,1,3758,0,OK,339,0,0,1127.4,0
2026-10-01 20:16:26,19.1,49,0.6,3758,0,OK,201,0,0,1127.4,0
2026-10-01 20:16:42,19.1,49,0.3,3758,0,OK,252,0,0,1127.4,0
2026-10-01 20:16:58,19,49,0.6,3758,0,OK,214,0,0,1127.4,0
2026-10-01 20:17:14,19,49,0.4,3758,0,OK,257,0,0,1127.4,0
2026-10-01 20:17:30,19,49,1.1,3758,0,OK,265,0,0,1127.4,0
2026-10-01 20:17:46,19,49,1.5,3758,0,OK,304,0,0,1127.4,0
2026-10-01 20:18:02,19,49,2.2,3758,0,OK,283,0,0,1127.4,0
2026-10-01 20:18:18,19,49,0.3,3758,0,OK,268,0,0,1127.4,0
2026-10-01 20:18:34,19,49,0.4,3758,0,OK,278,0,0,1127.4,0
2026-10-01 20:18:50,19,49,0.1,3758,0,OK,242,0,0,1127.4,0
2026-10-01 20:19:06,19,49,0,3758,0,OK,299,0,0,1127.4,0
2026-10-01 20:19:22,19,49,0,3758,0,OK,300,0,0,1127.4,0
2026-10-01 20:19:38,19,49,0,3758,0,OK,299,0,0,1127.4,0
2026-10-01 20:19:54,18.9,49,0,3758,0,OK,306,0,0,1127.4,0
2026-10-01 20:20:10,18.9,49,1.7,3758,0,OK,2,0,0,1127.4,0
2026-10-01 20:20:26,18.9,49,1,3758,0,OK,313,0,0,1127.4,0
2026-10-01 20:20:42,18.9,49,1.7,3758,0,OK,287,0,0,1127.4,0
2026-10-01 20:20:58,19,49,1.4,3758,0,OK,203,0,0,1127.4,0
2026-10-01 20:21:14,19,49,0.3,3758,0,OK,294,0,0,1127.4,0
2026-10-01 20:21:30,19,49,0,3758,0,OK,264,0,0,1127.4,0
2026-10-01 20:21:46,18.9,49,0.3,3758,0,OK,255,0,0,1127.4,0
2026-10-01 20:22:02,18.9,49,0.8,3758,0,OK,310,0,0,1127.4,0
2026-10-01 20:22:18,19,48,0,3758,0,OK,316,0,0,1127.4,0
2026-10-01 20:22:34,18.9,49,0,3758,0,OK,293,0,0,1127.4,0
2026-10-01 20:22:50,18.9,49,0.4,3758,0,OK,286,0,0,1127.4,0
2026-10-01 20:23:06,18.9,48,1,3758,0,OK,297,0,0,1127.4,0
2026-10-01 20:23:22,18.9,48,0.3,3758,0,OK,335,0,0,1127.4,0
2026-10-01 20:23:38,18.9,49,0,3758,0,OK,356,0,0,1127.4,0
2026-10-01 20:23:54,18.9,49,0.3,3758,0,OK,235,0,0,1127.4,0
2026-10-01 20:24:10,18.9,49,2.5,3758,0,OK,351,0,0,1127.4,0
2026-10-01 20:24:26,18.9,49,2.8,3758,0,OK,299,0,0,1127.4,0
2026-10-01 20:24:42,19,48,1.4,3758,0,OK,18,0,0,1127.4,0
2026-10-01 20:24:58,19,48,0.8,3758,0,OK,286,0,0,1127.4,0
2026-10-01 20:25:14,19,49,0,3758,0,OK,347,0,0,1127.4,0
2026-10-01 20:25:30,19,49,1.3,3758,0,OK,273,0,0,1127.4,0
2026-10-01 20:25:46,19,49,1.4,3758,0,OK,307,0,0,1127.4,0
2026-10-01 20:26:02,19,49,0.3,3758,0,OK,269,0,0,1127.4,0
2026-10-01 20:26:18,19,49,0.6,3758,0,OK,288,0,0,1127.4,0
2026-10-01 20:26:34,19,49,0,3758,0,OK,344,0,0,1127.4,0
2026-10-01 20:26:50,19,49,0.4,3758,0,OK,348,0,0,1127.4,0
2026-10-01 20:27:06,18.9,49,0.1,3758,0,OK,275,0,0,1127.4,0
2026-10-01 20:27:22,18.9,49,0.6,3758,0,OK,279,0,0,1127.4,0
2026-10-01 20:27:38,18.9,49,0.3,3758,0,OK,275,0,0,1127.4,0
2026-10-01 20:27:54,18.9,49,0.3,3758,0,OK,247,0,0,1127.4,0
2026-10-01 20:28:10,18.9,48,1,3758,0,OK,214,0,0,1127.4,0
2026-10-01 20:28:26,18.9,48,0,3758,0,OK,308,0,0,1127.4,0
2026-10-01 20:28:42,18.9,48,2.2,3758,0,OK,312,0,0,1127.4,0
2026-10-01 20:28:58,18.9,48,1.7,3758,0,OK,284,0,0,1127.4,0
2026-10-01 20:29:14,19,48,1.3,3758,0,OK,303,0,0,1127.4,0
2026-10-01 20:29:30,18.9,48,0.1,3758,0,OK,317,0,0,1127.4,0
2026-10-01 20:29:46,18.9,48,0,3758,0,OK,302,0,0,1127.4,0
2026-10-01 20:30:02,18.9,48,0.3,3758,0,OK,281,0,0,1127.4,0
2026-10-01 20:30:18,18.9,47,1.1,3758,0,OK,288,0,0,1127.4,0
2026-10-01 20:30:34,19,47,0.4,3758,0,OK,272,0,0,1127.4,0
2026-10-01 20:30:50,19,47,0.7,3758,0,OK,297,0,0,1127.4,0
2026-10-01 20:31:06,18.9,48,0,3758,0,OK,282,0,0,1127.4,0
2026-10-01 20:31:22,19,47,0,3758,0,OK,230,0,0,1127.4,0
2026-10-01 20:31:38,18.9,48,0,3758,0,OK,264,0,0,1127.4,0
2026-10-01 20:31:54,18.9,48,0.4,3758,0,OK,313,0,0,1127.4,0
2026-10-01 20:32:10,18.9,47,0.6,3758,0,OK,304,0,0,1127.4,0
2026-10-01 20:32:26,18.9,48,0.7,3758,0,OK,271,0,0,1127.4,0
2026-10-01 20:32:42,18.9,48,1.3,3758,0,OK,305,0,0,1127.4,0
2026-10-01 20:32:58,18.9,48,0.4,3758,0,OK,315,0,0,1127.4,0
2026-10-01 20:33:14,18.9,48,0,3758,0,OK,254,0,0,1127.4,0
2026-10-01 20:33:30,18.9,48,0,3758,0,OK,246,0,0,1127.4,0
2026-10-01 20:33:46,18.9,48,0.1,3758,0,OK,274,0,0,1127.4,0
2026-10-01 20:34:02,18.9,48,0.1,3758,0,OK,269,0,0,1127.4,0
2026-10-01 20:34:18,18.9,48,0.1,3758,0,OK,264,0,0,1127.4,0
2026-10-01 20:34:34,18.8,48,0.6,3758,0,OK,313,0,0,1127.4,0
2026-10-01 20:34:50,18.8,48,0.6,3758,0,OK,333,0,0,1127.4,0
2026-10-01 20:35:06,18.9,48,0.6,3758,0,OK,343,0,0,1127.4,0
2026-10-01 20:35:22,18.9,48,0.8,3758,0,OK,0,0,0,1127.4,0
2026-10-01 20:35:38,18.9,48,0.3,3758,0,OK,338,0,0,1127.4,0
2026-10-01 20:35:54,19,48,0,3758,0,OK,308,0,0,1127.4,0
2026-10-01 20:36:10,18.9,48,1,3758,0,OK,312,0,0,1127.4,0
2026-10-01 20:36:26,18.9,48,0,3758,0,OK,10,0,0,1127.4,0
2026-10-01 20:36:42,19,48,0.3,3758,0,OK,324,0,0,1127.4,0
2026-10-01 20:36:58,18.9,48,0.8,3758,0,OK,291,0,0,1127.4,0
2026-10-01 20:37:14,18.9,48,0.3,3758,0,OK,340,0,0,1127.4,0
2026-10-01 20:37:30,18.9,48,0,3758,0,OK,295,0,0,1127.4,0
2026-10-01 20:37:46,18.9,48,0.7,3758,0,OK,343,0,0,1127.4,0
2026-10-01 20:38:02,18.9,48,1.3,3758,0,OK,29,0,0,1127.4,0
2026-10-01 20:38:18,18.9,48,2.7,3758,0,OK,336,0,0,1127.4,0
2026-10-01 20:38:34,19,48,1.5,3758,0,OK,13,0,0,1127.4,0
2026-10-01 20:38:50,19,47,1.3,3758,0,OK,335,0,0,1127.4,0
2026-10-01 20:39:06,19,48,2.2,3758,0,OK,292,0,0,1127.4,0
2026-10-01 20:39:22,19.1,48,1.7,3758,0,OK,285,0,0,1127.4,0
2026-10-01 20:39:38,19.1,48,1.8,3758,0,OK,307,0,0,1127.4,0
2026-10-01 20:39:54,19,48,1.5,3758,0,OK,310,0,0,1127.4,0
2026-10-01 20:40:10,19.1,47,1.7,3758,0,OK,311,0,0,1127.4,0
2026-10-01 20:40:26,19,48,1.3,3758,0,OK,296,0,0,1127.4,0
2026-10-01 20:40:42,19,48,0.4,3758,0,OK,1,0,0,1127.4,0
2026-10-01 20:40:58,19,48,0,3758,0,OK,275,0,0,1127.4,0
2026-10-01 20:41:14,19,48,0.1,3758,0,OK,8,0,0,1127.4,0
2026-10-01 20:41:30,19,48,0.1,3758,0,OK,271,0,0,1127.4,0
2026-10-01 20:41:46,19,48,0.6,3758,0,OK,281,0,0,1127.4,0
2026-10-01 20:42:02,19,48,0.1,3758,0,OK,295,0,0,1127.4,0
2026-10-01 20:42:18,19,48,0,3758,0,OK,338,0,0,1127.4,0
2026-10-01 20:42:34,18.9,48,0,3758,0,OK,299,0,0,1127.4,0
2026-10-01 20:42:50,18.9,48,0,3758,0,OK,318,0,0,1127.4,0
2026-10-01 20:43:06,18.9,48,1.1,3758,0,OK,346,0,0,1127.4,0
2026-10-01 20:43:22,18.9,48,0.1,3758,0,OK,285,0,0,1127.4,0
2026-10-01 20:43:38,18.9,48,0,3758,0,OK,4,0,0,1127.4,0
2026-10-01 20:43:54,18.9,48,0,3758,0,OK,334,0,0,1127.4,0
2026-10-01 20:44:10,18.9,48,0,3758,0,OK,347,0,0,1127.4,0
2026-10-01 20:44:26,19,48,0,3758,0,OK,285,0,0,1127.4,0
2026-10-01 20:44:42,18.9,48,0.1,3758,0,OK,296,0,0,1127.4,0
2026-10-01 20:44:58,18.9,48,0.1,3758,0,OK,302,0,0,1127.4,0
2026-10-01 20:45:14,18.9,48,0,3758,0,OK,298,0,0,1127.4,0
2026-10-01 20:45:30,18.9,48,0.3,3758,0,OK,315,0,0,1127.4,0
2026-10-01 20:45:46,18.9,48,0.1,3758,0,OK,261,0,0,1127.4,0
2026-10-01 20:46:02,18.9,49,0.1,3758,0,OK,320,0,0,1127.4,0
2026-10-01 20:46:18,18.9,48,0.1,3758,0,OK,324,0,0,1127.4,0
2026-10-01 20:46:34,18.9,48,0.4,3758,0,OK,311,0,0,1127.4,0
2026-10-01 20:46:50,18.9,48,0,3758,0,OK,260,0,0,1127.4,0
2026-10-01 20:47:06,18.8,48,0,3758,0,OK,282,0,0,1127.4,0
2026-10-01 20:47:22,18.9,48,0,3758,0,OK,312,0,0,1127.4,0
2026-10-01 20:47:38,18.9,48,0.6,3758,0,OK,277,0,0,1127.4,0
2026-10-01 20:47:54,18.9,48,0.1,3758,0,OK,281,0,0,1127.4,0
2026-10-01 20:48:10,18.9,48,0.3,3758,0,OK,283,0,0,1127.4,0
2026-10-01 20:48:26,18.9,48,0.4,3758,0,OK,7,0,0,1127.4,0
2026-10-01 20:48:42,18.9,48,0,3758,0,OK,304,0,0,1127.4,0
2026-10-01 20:48:58,18.9,48,0,3758,0,OK,293,0,0,1127.4,0
2026-10-01 20:49:14,18.8,48,0,3758,0,OK,262,0,0,1127.4,0
2026-10-01 20:49:30,18.8,48,0.8,3758,0,OK,311,0,0,1127.4,0
2026-10-01 20:49:46,18.8,48,0.7,3758,0,OK,289,0,0,1127.4,0
2026-10-01 20:50:02,18.8,48,0.1,3758,0,OK,284,0,0,1127.4,0
2026-10-01 20:50:18,18.8,48,0,3758,0,OK,260,0,0,1127.4,0
2026-10-01 20:50:34,18.8,49,0,3758,0,OK,278,0,0,1127.4,0
2026-10-01 20:50:50,18.8,49,0,3758,0,OK,268,0,0,1127.4,0
2026-10-01 20:51:06,18.7,49,0.1,3758,0,OK,313,0,0,1127.4,0
2026-10-01 20:51:22,18.7,49,0,3758,0,OK,318,0,0,1127.4,0
2026-10-01 20:51:38,18.7,49,0.1,3758,0,OK,7,0,0,1127.4,0
2026-10-01 20:51:54,18.7,49,0.3,3758,0,OK,26,0,0,1127.4,0
2026-10-01 20:52:10,18.7,49,0.3,3758,0,OK,278,0,0,1127.4,0
2026-10-01 20:52:26,18.7,49,0.4,3758,0,OK,288,0,0,1127.4,0
2026-10-01 20:52:42,18.8,49,0,3758,0,OK,82,0,0,1127.4,0
2026-10-01 20:52:58,18.8,49,0,3758,0,OK,301,0,0,1127.4,0
2026-10-01 20:53:14,18.8,49,1.4,3758,0,OK,331,0,0,1127.4,0
2026-10-01 20:53:30,18.8,49,1.3,3758,0,OK,272,0,0,1127.4,0
2026-10-01 20:53:46,18.8,49,0.1,3758,0,OK,278,0,0,1127.4,0
2026-10-01 20:54:02,18.9,49,0,3758,0,OK,306,0,0,1127.4,0
2026-10-01 20:54:18,18.8,49,0,3758,0,OK,332,0,0,1127.4,0
2026-10-01 20:54:34,18.8,49,0,3758,0,OK,318,0,0,1127.4,0
2026-10-01 20:54:50,18.8,49,0.4,3758,0,OK,336,0,0,1127.4,0
2026-10-01 20:55:06,18.8,49,2.5,3758,0,OK,332,0,0,1127.4,0
2026-10-01 20:55:22,18.8,49,1,3758,0,OK,324,0,0,1127.4,0
2026-10-01 20:55:38,18.9,49,2.7,3758,0,OK,6,0,0,1127.4,0
2026-10-01 20:55:54,18.9,49,1,3758,0,OK,24,0,0,1127.4,0
2026-10-01 20:56:10,18.9,49,0.1,3758,0,OK,331,0,0,1127.4,0
2026-10-01 20:56:26,18.9,49,0,3758,0,OK,19,0,0,1127.4,0
2026-10-01 20:56:43,18.9,49,0.7,3758,0,OK,265,0,0,1127.4,0
2026-10-01 20:56:58,18.9,49,1.1,3758,0,OK,276,0,0,1127.4,0
2026-10-01 20:57:14,18.9,49,0.6,3758,0,OK,260,0,0,1127.4,0
2026-10-01 20:57:30,19,49,0.8,3758,0,OK,346,0,0,1127.4,0
2026-10-01 20:57:46,19,48,0.3,3758,0,OK,344,0,0,1127.4,0
2026-10-01 20:58:02,18.9,48,0.6,3758,0,OK,331,0,0,1127.4,0
2026-10-01 20:58:18,19,48,1.5,3758,0,OK,315,0,0,1127.4,0
2026-10-01 20:58:34,19,48,0.7,3758,0,OK,1,0,0,1127.4,0
2026-10-01 20:58:50,19,48,1.5,3758,0,OK,311,0,0,1127.4,0
2026-10-01 20:59:06,19,48,0.1,3758,0,OK,303,0,0,1127.4,0
2026-10-01 20:59:22,19,48,0.6,3758,0,OK,358,0,0,1127.4,0
2026-10-01 20:59:38,19,48,1.1,3758,0,OK,306,0,0,1127.4,0
2026-10-01 20:59:54,19,48,0.1,3758,0,OK,314,0,0,1127.4,0
2026-10-01 21:00:10,19,48,0,3758,0,OK,290,0,0,1127.4,0
2026-10-01 21:00:26,19,48,0.1,3758,0,OK,278,0,0,1127.4,0
2026-10-01 21:00:42,19,48,0,3758,0,OK,278,0,0,1127.4,0
2026-10-01 21:00:58,18.9,48,0,3758,0,OK,278,0,0,1127.4,0
2026-10-01 21:01:14,18.9,48,0.3,3758,0,OK,279,0,0,1127.4,0
2026-10-01 21:01:30,18.9,48,0.6,3758,0,OK,287,0,0,1127.4,0
2026-10-01 21:01:46,18.9,48,0.1,3758,0,OK,304,0,0,1127.4,0
2026-10-01 21:02:02,18.9,49,0,3758,0,OK,27,0,0,1127.4,0
2026-10-01 21:02:18,18.9,49,0,3758,0,OK,296,0,0,1127.4,0
2026-10-01 21:02:34,18.8,49,0,3758,0,OK,13,0,0,1127.4,0
2026-10-01 21:02:50,18.8,49,0,3758,0,OK,289,0,0,1127.4,0
2026-10-01 21:03:06,18.8,49,0,3758,0,OK,350,0,0,1127.4,0
2026-10-01 21:03:22,18.8,49,0,3758,0,OK,268,0,0,1127.4,0
2026-10-01 21:03:38,18.8,49,0,3758,0,OK,231,0,0,1127.4,0
2026-10-01 21:03:54,18.8,49,0,3758,0,OK,272,0,0,1127.4,0
2026-10-01 21:04:10,18.8,49,0,3758,0,OK,300,0,0,1127.4,0
2026-10-01 21:04:26,18.7,49,0,3758,0,OK,288,0,0,1127.4,0
2026-10-01 21:04:42,18.7,49,0.3,3758,0,OK,311,0,0,1127.4,0
2026-10-01 21:04:58,18.7,49,0.3,3758,0,OK,255,0,0,1127.4,0
2026-10-01 21:05:14,18.7,49,1,3758,0,OK,300,0,0,1127.4,0
2026-10-01 21:05:30,18.7,49,0.7,3758,0,OK,25,0,0,1127.4,0
2026-10-01 21:05:46,18.7,49,0.3,3758,0,OK,320,0,0,1127.4,0
2026-10-01 21:06:02,18.7,49,0.1,3758,0,OK,339,0,0,1127.4,0
2026-10-01 21:06:18,18.8,49,1.1,3758,0,OK,312,0,0,1127.4,0
2026-10-01 21:06:34,18.8,49,0.6,3758,0,OK,263,0,0,1127.4,0
2026-10-01 21:06:50,18.8,48,0.7,3758,0,OK,284,0,0,1127.4,0
2026-10-01 21:07:06,18.8,48,0.8,3758,0,OK,330,0,0,1127.4,0
2026-10-01 21:07:22,18.9,48,1,3758,0,OK,2,0,0,1127.4,0
2026-10-01 21:07:38,18.9,48,0,3758,0,OK,329,0,0,1127.4,0
2026-10-01 21:07:54,18.9,48,0,3758,0,OK,331,0,0,1127.4,0
2026-10-01 21:08:10,18.9,48,0,3758,0,OK,323,0,0,1127.4,0
2026-10-01 21:08:26,18.9,48,1,3758,0,OK,12,0,0,1127.4,0
2026-10-01 21:08:42,18.9,48,0.8,3758,0,OK,23,0,0,1127.4,0
2026-10-01 21:08:58,18.9,48,1.1,3758,0,OK,329,0,0,1127.4,0
2026-10-01 21:09:14,18.9,48,0.8,3758,0,OK,3,0,0,1127.4,0
2026-10-01 21:09:30,18.9,48,0,3758,0,OK,296,0,0,1127.4,0
2026-10-01 21:09:46,18.9,48,0.4,3758,0,OK,326,0,0,1127.4,0
2026-10-01 21:10:02,18.9,48,0.8,3758,0,OK,327,0,0,1127.4,0
2026-10-01 21:10:18,18.9,48,0,3758,0,OK,252,0,0,1127.4,0
2026-10-01 21:10:34,18.9,48,0,3758,0,OK,275,0,0,1127.4,0
2026-10-01 21:10:50,18.9,48,0,3758,0,OK,339,0,0,1127.4,0
2026-10-01 21:11:06,18.9,48,0,3758,0,OK,302,0,0,1127.4,0
2026-10-01 21:11:22,18.9,48,0,3758,0,OK,322,0,0,1127.4,0
2026-10-01 21:11:38,18.9,48,0.4,3758,0,OK,13,0,0,1127.4,0
2026-10-01 21:11:54,18.9,48,1.7,3758,0,OK,279,0,0,1127.4,0
2026-10-01 21:12:10,18.9,48,0.7,3758,0,OK,353,0,0,1127.4,0
2026-10-01 21:12:26,18.9,48,1,3758,0,OK,20,0,0,1127.4,0
2026-10-01 21:12:42,18.9,48,0.1,3758,0,OK,304,0,0,1127.4,0
2026-10-01 21:12:58,18.9,48,0.4,3758,0,OK,300,0,0,1127.4,0
2026-10-01 21:13:14,18.9,48,0.3,3758,0,OK,268,0,0,1127.4,0
2026-10-01 21:13:30,18.9,49,0,3758,0,OK,300,0,0,1127.4,0
2026-10-01 21:13:46,18.9,49,0.3,3758,0,OK,324,0,0,1127.4,0
2026-10-01 21:14:02,18.9,49,0.6,3758,0,OK,331,0,0,1127.4,0
2026-10-01 21:14:18,18.9,49,1,3758,0,OK,317,0,0,1127.4,0
2026-10-01 21:14:34,18.9,49,0.1,3758,0,OK,300,0,0,1127.4,0
2026-10-01 21:14:50,18.9,49,0.4,3758,0,OK,332,0,0,1127.4,0
2026-10-01 21:15:06,18.9,49,0.1,3758,0,OK,306,0,0,1127.4,0
2026-10-01 21:15:22,18.9,49,0,3758,0,OK,308,0,0,1127.4,0
2026-10-01 21:15:38,18.9,49,0,3758,0,OK,326,0,0,1127.4,0
2026-10-01 21:15:54,18.8,49,0,3758,0,OK,293,0,0,1127.4,0
2026-10-01 21:16:10,18.8,49,0,3758,0,OK,281,0,0,1127.4,0
2026-10-01 21:16:26,18.8,49,0,3758,0,OK,304,0,0,1127.4,0
2026-10-01 21:16:42,18.8,49,0.1,3758,0,OK,288,0,0,1127.4,0
2026-10-01 21:16:58,18.8,50,1,3758,0,OK,303,0,0,1127.4,0
2026-10-01 21:17:14,18.8,49,0.4,3758,0,OK,97,0,0,1127.4,0
2026-10-01 21:17:30,18.8,50,0.1,3758,0,OK,287,0,0,1127.4,0
2026-10-01 21:17:46,18.7,50,1.1,3758,0,OK,308,0,0,1127.4,0
2026-10-01 21:18:02,18.8,50,0.1,3758,0,OK,254,0,0,1127.4,0
2026-10-01 21:18:18,18.7,50,1,3758,0,OK,311,0,0,1127.4,0
2026-10-01 21:18:34,18.8,50,1.4,3758,0,OK,293,0,0,1127.4,0
2026-10-01 21:19:38,18.8,50,0.1,3758,0,OK,334,0,0,1127.4,0
2026-10-01 21:19:54,18.8,50,0,3758,0,OK,323,0,0,1127.4,0
2026-10-01 21:20:10,18.8,50,0,3758,0,OK,324,0,0,1127.4,0
2026-10-01 21:20:26,18.8,50,0.1,3758,0,OK,272,0,0,1127.4,0
2026-10-01 21:20:42,18.8,50,0,3758,0,OK,341,0,0,1127.4,0
2026-10-01 21:20:58,18.8,50,0,3758,0,OK,311,0,0,1127.4,0
2026-10-01 21:21:14,18.8,50,0,3758,0,OK,43,0,0,1127.4,0
2026-10-01 21:21:30,18.8,50,0,3758,0,OK,21,0,0,1127.4,0
2026-10-01 21:21:46,18.8,50,0,3758,0,OK,31,0,0,1127.4,0
2026-10-01 21:22:02,18.8,51,0.6,3758,0,OK,32,0,0,1127.4,0
2026-10-01 21:22:18,18.9,51,0.1,3758,0,OK,29,0,0,1127.4,0
2026-10-01 21:22:34,18.9,51,0,3758,0,OK,45,0,0,1127.4,0
2026-10-01 21:22:50,18.9,51,0,3758,0,OK,291,0,0,1127.4,0
2026-10-01 21:23:06,18.9,51,0,3758,0,OK,339,0,0,1127.4,0
2026-10-01 21:23:22,18.9,51,0.1,3758,0,OK,303,0,0,1127.4,0
2026-10-01 21:23:38,18.9,52,0.6,3758,0,OK,308,0,0,1127.4,0
2026-10-01 21:23:54,18.8,52,0.1,3758,0,OK,303,0,0,1127.4,0
2026-10-01 21:24:10,18.8,52,0,3758,0,OK,295,0,0,1127.4,0
2026-10-01 21:24:26,18.8,52,0,3758,0,OK,293,0,0,1127.4,0
2026-10-01 21:24:42,18.8,52,0,3758,0,OK,297,0,0,1127.4,0
2026-10-01 21:24:58,18.8,52,0,3758,0,OK,284,0,0,1127.4,0
2026-10-01 21:25:14,18.8,52,0,3758,0,OK,321,0,0,1127.4,0
2026-10-01 21:25:30,18.7,52,0,3758,0,OK,321,0,0,1127.4,0
2026-10-01 21:25:46,18.7,52,0,3758,0,OK,82,0,0,1127.4,0
2026-10-01 21:26:02,18.7,52,0,3758,0,OK,295,0,0,1127.4,0
2026-10-01 21:26:18,18.7,52,0,3758,0,OK,286,0,0,1127.4,0
2026-10-01 21:26:34,18.7,52,0,3758,0,OK,26,0,0,1127.4,0
2026-10-01 21:26:50,18.7,52,0,3758,0,OK,70,0,0,1127.4,0
2026-10-01 21:27:06,18.7,52,0,3758,0,OK,314,0,0,1127.4,0
2026-10-01 21:27:22,18.7,53,0,3758,0,OK,313,0,0,1127.4,0
2026-10-01 21:27:38,18.7,53,0,3758,0,OK,291,0,0,1127.4,0
2026-10-01 21:27:54,18.6,53,0.3,3758,0,OK,190,0,0,1127.4,0
2026-10-01 21:28:10,18.7,53,0,3758,0,OK,26,0,0,1127.4,0
2026-10-01 21:28:26,18.6,53,0,3758,0,OK,31,0,0,1127.4,0
2026-10-01 21:28:42,18.6,53,0.7,3758,0,OK,357,0,0,1127.4,0
2026-10-01 21:28:58,18.6,52,0.1,3758,0,OK,278,0,0,1127.4,0
2026-10-01 21:29:14,18.7,52,0.8,3758,0,OK,295,0,0,1127.4,0
2026-10-01 21:29:30,18.7,52,2.1,3758,0,OK,315,0,0,1127.4,0
2026-10-01 21:29:46,18.7,51,0.6,3758,0,OK,24,0,0,1127.4,0
2026-10-01 21:30:02,18.8,51,0,3758,0,OK,287,0,0,1127.4,0
2026-10-01 21:30:18,18.8,51,0.1,3758,0,OK,289,0,0,1127.4,0
2026-10-01 21:30:34,18.8,51,0.7,3758,0,OK,289,0,0,1127.4,0
2026-10-01 21:30:50,18.7,52,0,3758,0,OK,285,0,0,1127.4,0
2026-10-01 21:31:06,18.7,51,0.1,3758,0,OK,285,0,0,1127.4,0
2026-10-01 21:31:22,18.7,51,0,3758,0,OK,293,0,0,1127.4,0
2026-10-01 21:31:38,18.7,51,0,3758,0,OK,79,0,0,1127.4,0
2026-10-01 21:31:54,18.7,51,0.3,3758,0,OK,309,0,0,1127.4,0
2026-10-01 21:32:10,18.7,51,0.4,3758,0,OK,334,0,0,1127.4,0
2026-10-01 21:32:26,18.7,50,0,3758,0,OK,348,0,0,1127.4,0
2026-10-01 21:32:42,18.7,50,0.1,3758,0,OK,309,0,0,1127.4,0
2026-10-01 21:32:58,18.7,50,0.1,3758,0,OK,294,0,0,1127.4,0
2026-10-01 21:33:14,18.7,51,0,3758,0,OK,281,0,0,1127.4,0
2026-10-01 21:33:30,18.6,51,0,3758,0,OK,313,0,0,1127.4,0
2026-10-01 21:33:46,18.6,51,0,3758,0,OK,286,0,0,1127.4,0
2026-10-01 21:34:02,18.6,51,0.1,3758,0,OK,75,0,0,1127.4,0
2026-10-01 21:34:18,18.6,50,0.3,3758,0,OK,304,0,0,1127.4,0
2026-10-01 21:34:34,18.6,50,0.4,3758,0,OK,286,0,0,1127.4,0
2026-10-01 21:34:50,18.6,51,0.4,3758,0,OK,293,0,0,1127.4,0
2026-10-01 21:35:06,18.5,51,0.1,3758,0,OK,247,0,0,1127.4,0
2026-10-01 21:35:22,18.5,51,0,3758,0,OK,64,0,0,1127.4,0
2026-10-01 21:35:38,18.5,50,0,3758,0,OK,110,0,0,1127.4,0
2026-10-01 21:35:54,18.6,50,0.4,3758,0,OK,309,0,0,1127.4,0
2026-10-01 21:36:10,18.6,49,0.3,3758,0,OK,305,0,0,1127.4,0
2026-10-01 21:36:26,18.6,49,0,3758,0,OK,275,0,0,1127.4,0
2026-10-01 21:36:42,18.5,49,0,3758,0,OK,317,0,0,1127.4,0
2026-10-01 21:36:58,18.5,49,0,3758,0,OK,294,0,0,1127.4,0
2026-10-01 21:37:14,18.5,49,0,3758,0,OK,4,0,0,1127.4,0
2026-10-01 21:37:30,18.5,49,0,3758,0,OK,33,0,0,1127.4,0
2026-10-01 21:37:46,18.5,49,0,3758,0,OK,354,0,0,1127.4,0
2026-10-01 21:38:02,18.5,49,0,3758,0,OK,286,0,0,1127.4,0
2026-10-01 21:38:18,18.5,49,0,3758,0,OK,20,0,0,1127.4,0
2026-10-01 21:38:34,18.5,50,0,3758,0,OK,329,0,0,1127.4,0
2026-10-01 21:38:50,18.5,50,0,3758,0,OK,313,0,0,1127.4,0
2026-10-01 21:39:06,18.5,50,0,3758,0,OK,344,0,0,1127.4,0
2026-10-01 21:39:22,18.5,50,0,3758,0,OK,60,0,0,1127.4,0
2026-10-01 21:39:38,18.5,50,0,3758,0,OK,52,0,0,1127.4,0
2026-10-01 21:39:54,18.5,50,0,3758,0,OK,341,0,0,1127.4,0
2026-10-01 21:40:10,18.5,50,0,3758,0,OK,6,0,0,1127.4,0
2026-10-01 21:40:26,18.5,50,0,3758,0,OK,264,0,0,1127.4,0
2026-10-01 21:40:42,18.6,50,0,3758,0,OK,244,0,0,1127.4,0
2026-10-01 21:40:58,18.5,50,0,3758,0,OK,263,0,0,1127.4,0
2026-10-01 21:41:14,18.5,50,0,3758,0,OK,303,0,0,1127.4,0
2026-10-01 21:41:30,18.5,50,0.6,3758,0,OK,300,0,0,1127.4,0
2026-10-01 21:41:46,18.5,50,0,3758,0,OK,330,0,0,1127.4,0
2026-10-01 21:42:02,18.5,51,0,3758,0,OK,248,0,0,1127.4,0
2026-10-01 21:42:18,18.5,51,0,3758,0,OK,308,0,0,1127.4,0
2026-10-01 21:42:34,18.4,51,0,3758,0,OK,283,0,0,1127.4,0
2026-10-01 21:42:50,18.4,51,0,3758,0,OK,315,0,0,1127.4,0
2026-10-01 21:43:06,18.4,51,0.1,3758,0,OK,305,0,0,1127.4,0
2026-10-01 21:43:22,18.4,51,0,3758,0,OK,323,0,0,1127.4,0
2026-10-01 21:43:38,18.4,51,0,3758,0,OK,303,0,0,1127.4,0
2026-10-01 21:43:54,18.4,51,0,3758,0,OK,23,0,0,1127.4,0
2026-10-01 21:44:10,18.5,51,0,3758,0,OK,14,0,0,1127.4,0
2026-10-01 21:44:26,18.5,51,0,3758,0,OK,85,0,0,1127.4,0
2026-10-01 21:44:42,18.5,51,0.3,3758,0,OK,20,0,0,1127.4,0
2026-10-01 21:44:58,18.5,51,0.3,3758,0,OK,29,0,0,1127.4,0
2026-10-01 21:45:14,18.6,51,0,3758,0,OK,53,0,0,1127.4,0
2026-10-01 21:45:30,18.5,51,0,3758,0,OK,9,0,0,1127.4,0
2026-10-01 21:45:46,18.6,51,0,3758,0,OK,8,0,0,1127.4,0
2026-10-01 21:46:02,18.6,52,0.3,3758,0,OK,41,0,0,1127.4,0
2026-10-01 21:46:18,18.6,52,0.1,3758,0,OK,343,0,0,1127.4,0
2026-10-01 21:46:34,18.6,52,0,3758,0,OK,335,0,0,1127.4,0
2026-10-01 21:46:50,18.6,52,0,3758,0,OK,341,0,0,1127.4,0
2026-10-01 21:47:06,18.6,52,0,3758,0,OK,349,0,0,1127.4,0
2026-10-01 21:47:22,18.6,52,0,3758,0,OK,307,0,0,1127.4,0
2026-10-01 21:47:38,18.6,52,0,3758,0,OK,283,0,0,1127.4,0
2026-10-01 21:47:54,18.5,52,0,3758,0,OK,298,0,0,1127.4,0
2026-10-01 21:48:10,18.5,52,0,3758,0,OK,319,0,0,1127.4,0
2026-10-01 21:48:26,18.5,52,0,3758,0,OK,286,0,0,1127.4,0
2026-10-01 21:48:42,18.5,52,0,3758,0,OK,276,0,0,1127.4,0
2026-10-01 21:48:58,18.4,52,0,3758,0,OK,304,0,0,1127.4,0
2026-10-01 21:49:14,18.4,53,0,3758,0,OK,293,0,0,1127.4,0
2026-10-01 21:49:30,18.4,53,0,3758,0,OK,358,0,0,1127.4,0
2026-10-01 21:49:46,18.4,53,0,3758,0,OK,329,0,0,1127.4,0
2026-10-01 21:50:02,18.4,53,0,3758,0,OK,316,0,0,1127.4,0
2026-10-01 21:50:18,18.4,53,0,3758,0,OK,280,0,0,1127.4,0
2026-10-01 21:50:34,18.4,53,0,3758,0,OK,325,0,0,1127.4,0
2026-10-01 21:50:50,18.4,53,0,3758,0,OK,39,0,0,1127.4,0
2026-10-01 21:51:06,18.4,53,0,3758,0,OK,20,0,0,1127.4,0
2026-10-01 21:51:22,18.3,53,0,3758,0,OK,301,0,0,1127.4,0
2026-10-01 21:51:38,18.3,53,0,3758,0,OK,39,0,0,1127.4,0
2026-10-01 21:51:54,18.4,53,0,3758,0,OK,355,0,0,1127.4,0
2026-10-01 21:52:10,18.4,53,0,3758,0,OK,311,0,0,1127.4,0
2026-10-01 21:52:26,18.3,53,0,3758,0,OK,284,0,0,1127.4,0
2026-10-01 21:52:42,18.3,53,0,3758,0,OK,321,0,0,1127.4,0
2026-10-01 21:52:58,18.3,53,0.3,3758,0,OK,314,0,0,1127.4,0
2026-10-01 21:53:14,18.3,53,0.1,3758,0,OK,39,0,0,1127.4,0
2026-10-01 21:53:30,18.3,53,0,3758,0,OK,354,0,0,1127.4,0
2026-10-01 21:53:46,18.3,53,0,3758,0,OK,341,0,0,1127.4,0
2026-10-01 21:54:02,18.3,53,0.1,3758,0,OK,312,0,0,1127.4,0
2026-10-01 21:54:18,18.3,53,0,3758,0,OK,352,0,0,1127.4,0
2026-10-01 21:54:34,18.2,53,0,3758,0,OK,328,0,0,1127.4,0
2026-10-01 21:54:50,18.2,53,0,3758,0,OK,300,0,0,1127.4,0
2026-10-01 21:55:06,18.2,54,0,3758,0,OK,355,0,0,1127.4,0
2026-10-01 21:55:22,18.2,54,0,3758,0,OK,324,0,0,1127.4,0
2026-10-01 21:55:38,18.2,54,0,3758,0,OK,286,0,0,1127.4,0
2026-10-01 21:55:54,18.2,54,0,3758,0,OK,280,0,0,1127.4,0
2026-10-01 21:56:10,18.2,54,0,3758,0,OK,109,0,0,1127.4,0
2026-10-01 21:56:26,18.1,54,0,3758,0,OK,164,0,0,1127.4,0
2026-10-01 21:56:42,18.1,54,0,3758,0,OK,317,0,0,1127.4,0
2026-10-01 21:56:58,18.1,54,0,3758,0,OK,286,0,0,1127.4,0
2026-10-01 21:57:14,18.1,54,0,3758,0,OK,293,0,0,1127.4,0
2026-10-01 21:57:30,18.1,54,0,3758,0,OK,248,0,0,1127.4,0
2026-10-01 21:57:46,18.1,54,0,3758,0,OK,267,0,0,1127.4,0
2026-10-01 21:58:02,18.1,54,0,3758,0,OK,270,0,0,1127.4,0
2026-10-01 21:58:18,18.1,54,0,3758,0,OK,282,0,0,1127.4,0
2026-10-01 21:58:34,18.1,54,0,3758,0,OK,303,0,0,1127.4,0
2026-10-01 21:58:50,18,54,0,3758,0,OK,262,0,0,1127.4,0
2026-10-01 21:59:06,18,54,0,3758,0,OK,273,0,0,1127.4,0
2026-10-01 21:59:22,18,54,0,3758,0,OK,289,0,0,1127.4,0
2026-10-01 21:59:38,18.1,54,0,3758,0,OK,327,0,0,1127.4,0
2026-10-01 21:59:54,18.1,54,0,3758,0,OK,292,0,0,1127.4,0
2026-10-01 22:00:10,18,54,0,3758,0,OK,300,0,0,1127.4,0
2026-10-01 22:00:26,18,54,0,3758,0,OK,292,0,0,1127.4,0
2026-10-01 22:00:42,18,54,0,3758,0,OK,318,0,0,1127.4,0
2026-10-01 22:00:58,18,54,0.3,3758,0,OK,279,0,0,1127.4,0
2026-10-01 22:01:14,18,54,0.1,3758,0,OK,306,0,0,1127.4,0
2026-10-01 22:01:30,18,54,0,3758,0,OK,32,0,0,1127.4,0
2026-10-01 22:01:46,18,54,0,3758,0,OK,7,0,0,1127.4,0
2026-10-01 22:02:02,18,54,0,3758,0,OK,295,0,0,1127.4,0
2026-10-01 22:02:18,18,54,0,3758,0,OK,288,0,0,1127.4,0
2026-10-01 22:02:34,18,54,0,3758,0,OK,297,0,0,1127.4,0
2026-10-01 22:02:50,18,54,0,3758,0,OK,352,0,0,1127.4,0
2026-10-01 22:03:06,18,54,0,3758,0,OK,175,0,0,1127.4,0
2026-10-01 22:03:22,17.9,54,0,3758,0,OK,272,0,0,1127.4,0
2026-10-01 22:03:38,17.9,54,0,3758,0,OK,7,0,0,1127.4,0
2026-10-01 22:03:54,17.9,54,0,3758,0,OK,357,0,0,1127.4,0
2026-10-01 22:04:10,17.9,54,0,3758,0,OK,342,0,0,1127.4,0
2026-10-01 22:04:26,17.9,54,0,3758,0,OK,277,0,0,1127.4,0
2026-10-01 22:04:42,17.9,55,0,3758,0,OK,258,0,0,1127.4,0
2026-10-01 22:04:58,17.9,54,0,3758,0,OK,280,0,0,1127.4,0
2026-10-01 22:05:14,17.9,55,0,3758,0,OK,285,0,0,1127.4,0
2026-10-01 22:05:30,17.9,55,0,3758,0,OK,303,0,0,1127.4,0
2026-10-01 22:05:46,17.9,55,0,3758,0,OK,346,0,0,1127.4,0
2026-10-01 22:06:02,17.9,55,0,3758,0,OK,301,0,0,1127.4,0
2026-10-01 22:06:18,17.9,55,0,3758,0,OK,282,0,0,1127.4,0
2026-10-01 22:06:34,17.9,55,0,3758,0,OK,290,0,0,1127.4,0
2026-10-01 22:06:50,17.8,55,0,3758,0,OK,286,0,0,1127.4,0
2026-10-01 22:07:06,17.9,55,0,3758,0,OK,278,0,0,1127.4,0
2026-10-01 22:07:22,17.8,55,0,3758,0,OK,232,0,0,1127.4,0
2026-10-01 22:07:38,17.8,55,0,3758,0,OK,22,0,0,1127.4,0
2026-10-01 22:07:54,17.8,55,0,3758,0,OK,41,0,0,1127.4,0
2026-10-01 22:08:10,17.8,55,0,3758,0,OK,317,0,0,1127.4,0
2026-10-01 22:08:26,17.8,55,0,3758,0,OK,336,0,0,1127.4,0
2026-10-01 22:08:42,17.8,55,0,3758,0,OK,45,0,0,1127.4,0
2026-10-01 22:08:58,17.8,55,0,3758,0,OK,302,0,0,1127.4,0
2026-10-01 22:09:14,17.8,55,0,3758,0,OK,320,0,0,1127.4,0
2026-10-01 22:09:30,17.8,55,0,3758,0,OK,281,0,0,1127.4,0
2026-10-01 22:09:46,17.8,55,0,3758,0,OK,280,0,0,1127.4,0
2026-10-01 22:10:02,17.8,55,0,3758,0,OK,324,0,0,1127.4,0
2026-10-01 22:10:18,17.8,55,0,3758,0,OK,285,0,0,1127.4,0
2026-10-01 22:10:34,17.8,55,0,3758,0,OK,316,0,0,1127.4,0
2026-10-01 22:10:50,17.8,55,0,3758,0,OK,327,0,0,1127.4,0
2026-10-01 22:11:06,17.8,55,0,3758,0,OK,318,0,0,1127.4,0
2026-10-01 22:11:22,17.8,55,0.1,3758,0,OK,86,0,0,1127.4,0
2026-10-01 22:11:38,17.8,55,0.8,3758,0,OK,45,0,0,1127.4,0
2026-10-01 22:11:54,17.9,55,0,3758,0,OK,291,0,0,1127.4,0
2026-10-01 22:12:10,17.9,55,0,3758,0,OK,296,0,0,1127.4,0
2026-10-01 22:12:26,17.9,55,0,3758,0,OK,305,0,0,1127.4,0
2026-10-01 22:12:42,17.8,55,0,3758,0,OK,299,0,0,1127.4,0
2026-10-01 22:12:58,17.9,55,0,3758,0,OK,280,0,0,1127.4,0
2026-10-01 22:13:14,17.9,55,0,3758,0,OK,324,0,0,1127.4,0
2026-10-01 22:13:30,17.8,55,0,3758,0,OK,14,0,0,1127.4,0
2026-10-01 22:13:46,17.9,55,0,3758,0,OK,13,0,0,1127.4,0
2026-10-01 22:14:02,17.9,55,0,3758,0,OK,347,0,0,1127.4,0
2026-10-01 22:14:18,17.9,55,0,3758,0,OK,343,0,0,1127.4,0
2026-10-01 22:14:34,17.9,55,0,3758,0,OK,324,0,0,1127.4,0
2026-10-01 22:14:50,17.9,55,0,3758,0,OK,309,0,0,1127.4,0
2026-10-01 22:15:06,17.9,55,0,3758,0,OK,48,0,0,1127.4,0
2026-10-01 22:15:22,17.9,55,0.1,3758,0,OK,54,0,0,1127.4,0
2026-10-01 22:15:38,17.9,55,0,3758,0,OK,9,0,0,1127.4,0
2026-10-01 22:15:54,17.9,55,0,3758,0,OK,33,0,0,1127.4,0
2026-10-01 22:16:10,17.9,55,0,3758,0,OK,297,0,0,1127.4,0
2026-10-01 22:16:26,17.9,55,0,3758,0,OK,297,0,0,1127.4,0
2026-10-01 22:16:42,17.9,55,0,3758,0,OK,348,0,0,1127.4,0
2026-10-01 22:16:58,17.9,55,0,3758,0,OK,305,0,0,1127.4,0
2026-10-01 22:17:14,17.9,55,0.1,3758,0,OK,42,0,0,1127.4,0
2026-10-01 22:17:30,17.9,55,0,3758,0,OK,324,0,0,1127.4,0
2026-10-01 22:17:46,17.9,55,0,3758,0,OK,331,0,0,1127.4,0
2026-10-01 22:18:02,17.9,55,0,3758,0,OK,297,0,0,1127.4,0
2026-10-01 22:18:18,17.9,55,0,3758,0,OK,325,0,0,1127.4,0
2026-10-01 22:18:34,17.9,55,0,3758,0,OK,335,0,0,1127.4,0
2026-10-01 22:19:22,17.9,55,0,3758,0,OK,356,0,0,1127.4,0
2026-10-01 22:19:38,17.9,55,0,3758,0,OK,47,0,0,1127.4,0
2026-10-01 22:19:54,17.9,55,0,3758,0,OK,353,0,0,1127.4,0
2026-10-01 22:20:10,17.9,54,0,3758,0,OK,7,0,0,1127.4,0
2026-10-01 22:20:26,17.9,54,0,3758,0,OK,344,0,0,1127.4,0
2026-10-01 22:20:42,17.9,54,0,3758,0,OK,50,0,0,1127.4,0
2026-10-01 22:20:58,17.9,54,0,3758,0,OK,344,0,0,1127.4,0
2026-10-01 22:21:14,17.9,54,0,3758,0,OK,38,0,0,1127.4,0
2026-10-01 22:21:30,17.9,54,0,3758,0,OK,15,0,0,1127.4,0
2026-10-01 22:21:46,18,54,0,3758,0,OK,340,0,0,1127.4,0
2026-10-01 22:22:02,18,54,0,3758,0,OK,303,0,0,1127.4,0
2026-10-01 22:22:18,17.9,54,0,3758,0,OK,318,0,0,1127.4,0
2026-10-01 22:22:34,17.9,54,0,3758,0,OK,315,0,0,1127.4,0
2026-10-01 22:22:50,17.9,54,0,3758,0,OK,317,0,0,1127.4,0
2026-10-01 22:23:06,17.9,54,0,3758,0,OK,302,0,0,1127.4,0
2026-10-01 22:23:22,17.9,54,0,3758,0,OK,335,0,0,1127.4,0
2026-10-01 22:23:38,17.9,54,0,3758,0,OK,308,0,0,1127.4,0
2026-10-01 22:23:54,17.9,54,0,3758,0,OK,310,0,0,1127.4,0
2026-10-01 22:24:10,17.9,54,0,3758,0,OK,301,0,0,1127.4,0
2026-10-01 22:24:26,17.9,54,0,3758,0,OK,313,0,0,1127.4,0
2026-10-01 22:24:42,17.9,54,0,3758,0,OK,319,0,0,1127.4,0
2026-10-01 22:24:58,17.9,54,0,3758,0,OK,294,0,0,1127.4,0
2026-10-01 22:25:14,17.9,54,0,3758,0,OK,303,0,0,1127.4,0
2026-10-01 22:25:30,17.9,54,0,3758,0,OK,113,0,0,1127.4,0
2026-10-01 22:25:46,17.9,54,0,3758,0,OK,75,0,0,1127.4,0
2026-10-01 22:26:02,17.8,54,0,3758,0,OK,297,0,0,1127.4,0
2026-10-01 22:26:18,17.8,54,0,3758,0,OK,296,0,0,1127.4,0
2026-10-01 22:26:34,17.8,54,0,3758,0,OK,300,0,0,1127.4,0
2026-10-01 22:26:50,17.8,54,0.1,3758,0,OK,325,0,0,1127.4,0
2026-10-01 22:27:06,17.8,54,0.1,3758,0,OK,84,0,0,1127.4,0
2026-10-01 22:27:22,17.8,54,0.1,3758,0,OK,315,0,0,1127.4,0
2026-10-01 22:27:38,17.8,54,0,3758,0,OK,342,0,0,1127.4,0
2026-10-01 22:27:54,17.8,54,0,3758,0,OK,325,0,0,1127.4,0
2026-10-01 22:28:10,17.9,54,0.6,3758,0,OK,291,0,0,1127.4,0
2026-10-01 22:28:26,17.9,54,0,3758,0,OK,273,0,0,1127.4,0
2026-10-01 22:28:42,17.9,54,0,3758,0,OK,282,0,0,1127.4,0
2026-10-01 22:28:58,17.9,54,0,3758,0,OK,273,0,0,1127.4,0
2026-10-01 22:29:14,17.9,54,0,3758,0,OK,300,0,0,1127.4,0
2026-10-01 22:29:30,17.9,54,0,3758,0,OK,334,0,0,1127.4,0
2026-10-01 22:29:46,17.9,54,0,3758,0,OK,298,0,0,1127.4,0
2026-10-01 22:30:02,17.9,54,0,3758,0,OK,274,0,0,1127.4,0
2026-10-01 22:30:18,17.9,54,0,3758,0,OK,283,0,0,1127.4,0
2026-10-01 22:30:34,17.9,54,0,3758,0,OK,295,0,0,1127.4,0
2026-10-01 22:30:50,17.8,54,0,3758,0,OK,329,0,0,1127.4,0
2026-10-01 22:31:06,17.8,54,0,3758,0,OK,287,0,0,1127.4,0
2026-10-01 22:31:22,17.8,54,0,3758,0,OK,305,0,0,1127.4,0
2026-10-01 22:31:38,17.8,54,0,3758,0,OK,281,0,0,1127.4,0
2026-10-01 22:31:54,17.8,54,0,3758,0,OK,283,0,0,1127.4,0
2026-10-01 22:32:10,17.7,54,0.3,3758,0,OK,303,0,0,1127.4,0
2026-10-01 22:32:26,17.8,54,0,3758,0,OK,286,0,0,1127.4,0
2026-10-01 22:32:42,17.8,54,0,3758,0,OK,304,0,0,1127.4,0
2026-10-01 22:32:58,17.8,54,0,3758,0,OK,323,0,0,1127.4,0
2026-10-01 22:33:14,17.7,54,0,3758,0,OK,317,0,0,1127.4,0
2026-10-01 22:33:30,17.8,54,0,3758,0,OK,341,0,0,1127.4,0
2026-10-01 22:33:46,17.7,54,0,3758,0,OK,255,0,0,1127.4,0
2026-10-01 22:34:02,17.8,54,0,3758,0,OK,285,0,0,1127.4,0
2026-10-01 22:34:18,17.8,54,0,3758,0,OK,348,0,0,1127.4,0
2026-10-01 22:34:34,17.8,54,0,3758,0,OK,329,0,0,1127.4,0
2026-10-01 22:34:50,17.8,54,0,3758,0,OK,318,0,0,1127.4,0
2026-10-01 22:35:06,17.8,54,0,3758,0,OK,97,0,0,1127.4,0
2026-10-01 22:35:22,17.8,53,0,3758,0,OK,315,0,0,1127.4,0
2026-10-01 22:35:38,17.8,53,0,3758,0,OK,306,0,0,1127.4,0
2026-10-01 22:35:54,17.8,54,0,3758,0,OK,285,0,0,1127.4,0
2026-10-01 22:36:10,17.8,54,0,3758,0,OK,287,0,0,1127.4,0
2026-10-01 22:36:26,17.8,54,0.6,3758,0,OK,8,0,0,1127.4,0
2026-10-01 22:36:42,17.9,53,1.1,3758,0,OK,322,0,0,1127.4,0
2026-10-01 22:36:58,17.9,53,1,3758,0,OK,339,0,0,1127.4,0
2026-10-01 22:37:14,17.9,53,0.1,3758,0,OK,304,0,0,1127.4,0
2026-10-01 22:37:30,17.9,53,0,3758,0,OK,26,0,0,1127.4,0
2026-10-01 22:37:46,18,53,0.1,3758,0,OK,324,0,0,1127.4,0
2026-10-01 22:38:02,18,53,0,3758,0,OK,316,0,0,1127.4,0
2026-10-01 22:38:18,18,53,0,3758,0,OK,349,0,0,1127.4,0
2026-10-01 22:38:34,18,53,0.1,3758,0,OK,284,0,0,1127.4,0
2026-10-01 22:38:50,18,53,0.1,3758,0,OK,344,0,0,1127.4,0
2026-10-01 22:39:06,18,53,0,3758,0,OK,334,0,0,1127.4,0
2026-10-01 22:39:22,18,53,0,3758,0,OK,292,0,0,1127.4,0
2026-10-01 22:39:38,17.9,53,0,3758,0,OK,339,0,0,1127.4,0
2026-10-01 22:39:54,17.9,53,0,3758,0,OK,1,0,0,1127.4,0
2026-10-01 22:40:10,17.9,53,0,3758,0,OK,328,0,0,1127.4,0
2026-10-01 22:40:26,17.9,53,0,3758,0,OK,320,0,0,1127.4,0
2026-10-01 22:40:42,17.9,53,0,3758,0,OK,304,0,0,1127.4,0
2026-10-01 22:40:58,17.9,53,0,3758,0,OK,53,0,0,1127.4,0
2026-10-01 22:41:14,17.9,53,0,3758,0,OK,303,0,0,1127.4,0
2026-10-01 22:41:30,17.9,53,0,3758,0,OK,315,0,0,1127.4,0
2026-10-01 22:41:46,17.9,53,0,3758,0,OK,304,0,0,1127.4,0
2026-10-01 22:42:02,17.9,53,0,3758,0,OK,324,0,0,1127.4,0
2026-10-01 22:42:18,17.8,53,0,3758,0,OK,0,0,0,1127.4,0
2026-10-01 22:42:34,17.9,54,0,3758,0,OK,12,0,0,1127.4,0
2026-10-01 22:42:50,17.9,54,0,3758,0,OK,351,0,0,1127.4,0
2026-10-01 22:43:06,17.9,54,0,3758,0,OK,317,0,0,1127.4,0
2026-10-01 22:43:22,17.8,54,0,3758,0,OK,316,0,0,1127.4,0
2026-10-01 22:43:38,17.8,54,0,3758,0,OK,316,0,0,1127.4,0
2026-10-01 22:43:54,17.8,54,0,3758,0,OK,3,0,0,1127.4,0
2026-10-01 22:44:10,17.8,54,0,3758,0,OK,322,0,0,1127.4,0
2026-10-01 22:44:26,17.8,54,0,3758,0,OK,309,0,0,1127.4,0
2026-10-01 22:44:42,17.8,54,0,3758,0,OK,67,0,0,1127.4,0
2026-10-01 22:44:58,17.8,54,0,3758,0,OK,13,0,0,1127.4,0
2026-10-01 22:45:14,17.8,54,0,3758,0,OK,293,0,0,1127.4,0
2026-10-01 22:45:30,17.8,54,0,3758,0,OK,248,0,0,1127.4,0
2026-10-01 22:45:46,17.8,54,0,3758,0,OK,322,0,0,1127.4,0
2026-10-01 22:46:02,17.8,54,0,3758,0,OK,296,0,0,1127.4,0
2026-10-01 22:46:18,17.7,54,0,3758,0,OK,331,0,0,1127.4,0
2026-10-01 22:46:34,17.7,54,0,3758,0,OK,320,0,0,1127.4,0
2026-10-01 22:46:50,17.7,54,0,3758,0,OK,350,0,0,1127.4,0
2026-10-01 22:47:06,17.7,54,0,3758,0,OK,296,0,0,1127.4,0
2026-10-01 22:47:22,17.7,54,0,3758,0,OK,334,0,0,1127.4,0
2026-10-01 22:47:38,17.7,54,0,3758,0,OK,292,0,0,1127.4,0
2026-10-01 22:47:54,17.7,54,0,3758,0,OK,240,0,0,1127.4,0
2026-10-01 22:48:10,17.7,54,0,3758,0,OK,282,0,0,1127.4,0
2026-10-01 22:48:26,17.7,54,0,3758,0,OK,346,0,0,1127.4,0
2026-10-01 22:48:42,17.7,54,0,3758,0,OK,306,0,0,1127.4,0
2026-10-01 22:48:58,17.6,54,0,3758,0,OK,316,0,0,1127.4,0
2026-10-01 22:49:14,17.7,55,0,3758,0,OK,262,0,0,1127.4,0
2026-10-01 22:49:30,17.6,55,0,3758,0,OK,259,0,0,1127.4,0
2026-10-01 22:49:46,17.7,55,0,3758,0,OK,282,0,0,1127.4,0
2026-10-01 22:50:02,17.6,55,0,3758,0,OK,26,0,0,1127.4,0
2026-10-01 22:50:18,17.6,55,0,3758,0,OK,13,0,0,1127.4,0
2026-10-01 22:50:34,17.6,55,0,3758,0,OK,343,0,0,1127.4,0
2026-10-01 22:50:50,17.6,55,0,3758,0,OK,310,0,0,1127.4,0
2026-10-01 22:51:06,17.6,55,0,3758,0,OK,277,0,0,1127.4,0
2026-10-01 22:51:22,17.6,55,0,3758,0,OK,353,0,0,1127.4,0
2026-10-01 22:51:38,17.6,55,0,3758,0,OK,322,0,0,1127.4,0
2026-10-01 22:51:54,17.6,55,0,3758,0,OK,298,0,0,1127.4,0
2026-10-01 22:52:10,17.6,55,0,3758,0,OK,319,0,0,1127.4,0
2026-10-01 22:52:26,17.6,55,0,3758,0,OK,338,0,0,1127.4,0
2026-10-01 22:52:42,17.6,55,0,3758,0,OK,84,0,0,1127.4,0
2026-10-01 22:52:58,17.6,55,0,3758,0,OK,289,0,0,1127.4,0
2026-10-01 22:53:14,17.6,55,0,3758,0,OK,303,0,0,1127.4,0
2026-10-01 22:53:30,17.6,55,0,3758,0,OK,284,0,0,1127.4,0
2026-10-01 22:53:46,17.6,55,0,3758,0,OK,272,0,0,1127.4,0
2026-10-01 22:54:02,17.6,55,0,3758,0,OK,16,0,0,1127.4,0
2026-10-01 22:54:18,17.6,55,0,3758,0,OK,297,0,0,1127.4,0
2026-10-01 22:54:34,17.6,55,0,3758,0,OK,298,0,0,1127.4,0
2026-10-01 22:54:50,17.6,55,0,3758,0,OK,269,0,0,1127.4,0
2026-10-01 22:55:06,17.6,55,0,3758,0,OK,334,0,0,1127.4,0
2026-10-01 22:55:22,17.6,55,0,3758,0,OK,311,0,0,1127.4,0
2026-10-01 22:55:38,17.6,55,0,3758,0,OK,317,0,0,1127.4,0
2026-10-01 22:55:54,17.6,55,0,3758,0,OK,274,0,0,1127.4,0
2026-10-01 22:56:10,17.6,55,0,3758,0,OK,308,0,0,1127.4,0
2026-10-01 22:56:26,17.6,55,0,3758,0,OK,12,0,0,1127.4,0
2026-10-01 22:56:42,17.6,55,0,3758,0,OK,297,0,0,1127.4,0
2026-10-01 22:56:58,17.6,55,0,3758,0,OK,331,0,0,1127.4,0
2026-10-01 22:57:14,17.6,55,0,3758,0,OK,280,0,0,1127.4,0
2026-10-01 22:57:30,17.6,56,0,3758,0,OK,291,0,0,1127.4,0
2026-10-01 22:57:46,17.6,56,0,3758,0,OK,51,0,0,1127.4,0
2026-10-01 22:58:02,17.6,56,0,3758,0,OK,330,0,0,1127.4,0
2026-10-01 22:58:18,17.6,56,0,3758,0,OK,297,0,0,1127.4,0
2026-10-01 22:58:34,17.6,56,0,3758,0,OK,1,0,0,1127.4,0
2026-10-01 22:58:50,17.5,56,0,3758,0,OK,280,0,0,1127.4,0
2026-10-01 22:59:06,17.5,56,0,3758,0,OK,287,0,0,1127.4,0
2026-10-01 22:59:22,17.5,56,0,3758,0,OK,289,0,0,1127.4,0
2026-10-01 22:59:38,17.5,56,0,3758,0,OK,270,0,0,1127.4,0
2026-10-01 22:59:54,17.5,56,0,3758,0,OK,290,0,0,1127.4,0
2026-10-01 23:00:10,17.5,56,0,3758,0,OK,345,0,0,1127.4,0
2026-10-01 23:00:26,17.5,56,0.8,3758,0,OK,342,0,0,1127.4,0
2026-10-01 23:00:42,17.5,56,0.3,3758,0,OK,310,0,0,1127.4,0
2026-10-01 23:00:58,17.6,56,0,3758,0,OK,269,0,0,1127.4,0
2026-10-01 23:01:14,17.6,56,0,3758,0,OK,280,0,0,1127.4,0
2026-10-01 23:01:30,17.6,56,0,3758,0,OK,292,0,0,1127.4,0
2026-10-01 23:01:46,17.6,56,0,3758,0,OK,307,0,0,1127.4,0
2026-10-01 23:02:02,17.5,56,0,3758,0,OK,311,0,0,1127.4,0
2026-10-01 23:02:18,17.5,56,0,3758,0,OK,312,0,0,1127.4,0
2026-10-01 23:02:34,17.6,56,0,3758,0,OK,69,0,0,1127.4,0
2026-10-01 23:02:50,17.6,56,0,3758,0,OK,337,0,0,1127.4,0
2026-10-01 23:03:06,17.5,56,0,3758,0,OK,13,0,0,1127.4,0
2026-10-01 23:03:22,17.5,56,0,3758,0,OK,314,0,0,1127.4,0
2026-10-01 23:03:38,17.5,56,0,3758,0,OK,52,0,0,1127.4,0
2026-10-01 23:03:54,17.5,56,0,3758,0,OK,312,0,0,1127.4,0
2026-10-01 23:04:10,17.5,56,0,3758,0,OK,304,0,0,1127.4,0
2026-10-01 23:04:26,17.5,56,0,3758,0,OK,273,0,0,1127.4,0
2026-10-01 23:04:42,17.5,56,0,3758,0,OK,275,0,0,1127.4,0
2026-10-01 23:04:58,17.5,56,0,3758,0,OK,346,0,0,1127.4,0
2026-10-01 23:05:14,17.5,56,0,3758,0,OK,321,0,0,1127.4,0
2026-10-01 23:05:30,17.5,56,0,3758,0,OK,285,0,0,1127.4,0
2026-10-01 23:05:46,17.5,56,0.1,3758,0,OK,348,0,0,1127.4,0
2026-10-01 23:06:02,17.5,56,0,3758,0,OK,337,0,0,1127.4,0
2026-10-01 23:06:18,17.5,56,0,3758,0,OK,318,0,0,1127.4,0
2026-10-01 23:06:34,17.5,56,0,3758,0,OK,325,0,0,1127.4,0
2026-10-01 23:06:50,17.5,56,0,3758,0,OK,324,0,0,1127.4,0
2026-10-01 23:07:06,17.5,56,0,3758,0,OK,332,0,0,1127.4,0
2026-10-01 23:07:22,17.5,56,0,3758,0,OK,314,0,0,1127.4,0
2026-10-01 23:07:38,17.5,56,0,3758,0,OK,297,0,0,1127.4,0
2026-10-01 23:07:54,17.5,56,0,3758,0,OK,287,0,0,1127.4,0
2026-10-01 23:08:10,17.5,57,0,3758,0,OK,278,0,0,1127.4,0
2026-10-01 23:08:26,17.5,57,0,3758,0,OK,357,0,0,1127.4,0
2026-10-01 23:08:42,17.5,57,0,3758,0,OK,282,0,0,1127.4,0
2026-10-01 23:08:58,17.5,57,0,3758,0,OK,14,0,0,1127.4,0
2026-10-01 23:09:14,17.5,57,0,3758,0,OK,98,0,0,1127.4,0
2026-10-01 23:09:30,17.5,57,0,3758,0,OK,19,0,0,1127.4,0
2026-10-01 23:09:46,17.5,57,0,3758,0,OK,6,0,0,1127.4,0
2026-10-01 23:10:02,17.5,57,0,3758,0,OK,310,0,0,1127.4,0
2026-10-01 23:10:18,17.5,57,0,3758,0,OK,283,0,0,1127.4,0
2026-10-01 23:10:34,17.5,57,0,3758,0,OK,274,0,0,1127.4,0
2026-10-01 23:10:50,17.5,57,0,3758,0,OK,314,0,0,1127.4,0
2026-10-01 23:11:06,17.5,57,0,3758,0,OK,357,0,0,1127.4,0
2026-10-01 23:11:22,17.5,57,0,3758,0,OK,308,0,0,1127.4,0
2026-10-01 23:11:38,17.5,57,0.6,3758,0,OK,287,0,0,1127.4,0
2026-10-01 23:11:54,17.5,56,0.6,3758,0,OK,310,0,0,1127.4,0
2026-10-01 23:12:10,17.5,56,0,3758,0,OK,267,0,0,1127.4,0
2026-10-01 23:12:26,17.5,56,0,3758,0,OK,310,0,0,1127.4,0
2026-10-01 23:12:42,17.5,56,0.6,3758,0,OK,300,0,0,1127.4,0
2026-10-01 23:12:58,17.5,56,0,3758,0,OK,291,0,0,1127.4,0
2026-10-01 23:13:14,17.6,56,0.1,3758,0,OK,7,0,0,1127.4,0
2026-10-01 23:13:30,17.6,56,0,3758,0,OK,304,0,0,1127.4,0
2026-10-01 23:13:46,17.6,56,0.1,3758,0,OK,306,0,0,1127.4,0
2026-10-01 23:14:02,17.6,56,0,3758,0,OK,318,0,0,1127.4,0
2026-10-01 23:14:18,17.6,56,0,3758,0,OK,52,0,0,1127.4,0
2026-10-01 23:14:34,17.6,56,0,3758,0,OK,34,0,0,1127.4,0
2026-10-01 23:14:50,17.6,56,0.1,3758,0,OK,61,0,0,1127.4,0
2026-10-01 23:15:06,17.7,56,0.4,3758,0,OK,56,0,0,1127.4,0
2026-10-01 23:15:22,17.7,56,0,3758,0,OK,306,0,0,1127.4,0
2026-10-01 23:15:38,17.6,56,0,3758,0,OK,301,0,0,1127.4,0
2026-10-01 23:15:54,17.6,56,0,3758,0,OK,294,0,0,1127.4,0
2026-10-01 23:16:10,17.6,56,0,3758,0,OK,297,0,0,1127.4,0
2026-10-01 23:16:26,17.6,56,0,3758,0,OK,337,0,0,1127.4,0
2026-10-01 23:16:42,17.6,56,0,3758,0,OK,22,0,0,1127.4,0
2026-10-01 23:16:58,17.6,56,0.1,3758,0,OK,16,0,0,1127.4,0
2026-10-01 23:17:14,17.6,56,0,3758,0,OK,286,0,0,1127.4,0
2026-10-01 23:17:30,17.6,56,0,3758,0,OK,325,0,0,1127.4,0
2026-10-01 23:17:46,17.7,56,0,3758,0,OK,345,0,0,1127.4,0
2026-10-01 23:18:02,17.6,56,0,3758,0,OK,38,0,0,1127.4,0
2026-10-01 23:18:18,17.7,56,0,3758,0,OK,100,0,0,1127.4,0
2026-10-01 23:18:34,17.6,56,0,3758,0,OK,55,0,0,1127.4,0
2026-10-01 23:18:50,17.6,56,0,3758,0,OK,335,0,0,1127.4,0
2026-10-01 23:19:06,17.6,56,0,3758,0,OK,301,0,0,1127.4,0
2026-10-01 23:19:22,17.6,56,0,3758,0,OK,28,0,0,1127.4,0
2026-10-01 23:19:38,17.6,56,0,3758,0,OK,319,0,0,1127.4,0
2026-10-01 23:19:54,17.6,56,0,3758,0,OK,7,0,0,1127.4,0
2026-10-01 23:20:10,17.6,56,0,3758,0,OK,273,0,0,1127.4,0
2026-10-01 23:20:26,17.6,56,0,3758,0,OK,275,0,0,1127.4,0
2026-10-01 23:20:42,17.5,56,0,3758,0,OK,286,0,0,1127.4,0
2026-10-01 23:20:58,17.6,56,0,3758,0,OK,315,0,0,1127.4,0
2026-10-01 23:21:14,17.6,56,0,3758,0,OK,315,0,0,1127.4,0
2026-10-01 23:21:30,17.6,56,0,3758,0,OK,301,0,0,1127.4,0
2026-10-01 23:21:46,17.5,56,0,3758,0,OK,298,0,0,1127.4,0
2026-10-01 23:22:02,17.5,56,0,3758,0,OK,312,0,0,1127.4,0
2026-10-01 23:22:18,17.5,56,0,3758,0,OK,23,0,0,1127.4,0
2026-10-01 23:22:34,17.5,56,0,3758,0,OK,50,0,0,1127.4,0
2026-10-01 23:22:50,17.5,56,0,3758,0,OK,9,0,0,1127.4,0
2026-10-01 23:23:06,17.5,56,0,3758,0,OK,329,0,0,1127.4,0
2026-10-01 23:23:22,17.5,56,0,3758,0,OK,356,0,0,1127.4,0
2026-10-01 23:23:38,17.5,56,0,3758,0,OK,298,0,0,1127.4,0
2026-10-01 23:23:54,17.5,56,0,3758,0,OK,334,0,0,1127.4,0
2026-10-01 23:24:10,17.5,56,0,3758,0,OK,287,0,0,1127.4,0
2026-10-01 23:24:26,17.5,56,0,3758,0,OK,277,0,0,1127.4,0
2026-10-01 23:24:42,17.5,56,0,3758,0,OK,270,0,0,1127.4,0
2026-10-01 23:24:58,17.5,56,0,3758,0,OK,320,0,0,1127.4,0
2026-10-01 23:25:14,17.4,56,0,3758,0,OK,286,0,0,1127.4,0
2026-10-01 23:25:30,17.4,56,0,3758,0,OK,310,0,0,1127.4,0
2026-10-01 23:25:46,17.4,56,0,3758,0,OK,300,0,0,1127.4,0
2026-10-01 23:26:02,17.4,57,0,3758,0,OK,286,0,0,1127.4,0
2026-10-01 23:26:18,17.4,57,0,3758,0,OK,268,0,0,1127.4,0
2026-10-01 23:26:34,17.4,57,0,3758,0,OK,290,0,0,1127.4,0
2026-10-01 23:26:50,17.4,57,0,3758,0,OK,317,0,0,1127.4,0
2026-10-01 23:27:06,17.4,57,0,3758,0,OK,315,0,0,1127.4,0
2026-10-01 23:27:22,17.4,57,0,3758,0,OK,300,0,0,1127.4,0
2026-10-01 23:27:38,17.4,57,0,3758,0,OK,299,0,0,1127.4,0
2026-10-01 23:27:54,17.4,57,0,3758,0,OK,27,0,0,1127.4,0
2026-10-01 23:28:10,17.4,57,0,3758,0,OK,321,0,0,1127.4,0
2026-10-01 23:28:26,17.3,57,0,3758,0,OK,355,0,0,1127.4,0
2026-10-01 23:28:42,17.4,57,0,3758,0,OK,328,0,0,1127.4,0
2026-10-01 23:28:58,17.4,57,0,3758,0,OK,324,0,0,1127.4,0
2026-10-01 23:29:14,17.4,57,0,3758,0,OK,55,0,0,1127.4,0
2026-10-01 23:29:30,17.4,57,0,3758,0,OK,304,0,0,1127.4,0
2026-10-01 23:29:46,17.4,57,0,3758,0,OK,269,0,0,1127.4,0
2026-10-01 23:30:02,17.3,57,0,3758,0,OK,259,0,0,1127.4,0
2026-10-01 23:30:18,17.3,57,0,3758,0,OK,285,0,0,1127.4,0
2026-10-01 23:30:34,17.3,57,0,3758,0,OK,32,0,0,1127.4,0
2026-10-01 23:30:50,17.3,57,0,3758,0,OK,46,0,0,1127.4,0
2026-10-01 23:31:06,17.3,57,0,3758,0,OK,290,0,0,1127.4,0
2026-10-01 23:31:22,17.3,57,0,3758,0,OK,311,0,0,1127.4,0
2026-10-01 23:31:38,17.3,57,0,3758,0,OK,339,0,0,1127.4,0
2026-10-01 23:31:54,17.3,57,0,3758,0,OK,306,0,0,1127.4,0
2026-10-01 23:32:10,17.3,57,0,3758,0,OK,313,0,0,1127.4,0
2026-10-01 23:32:26,17.3,57,0,3758,0,OK,122,0,0,1127.4,0
2026-10-01 23:32:42,17.3,57,0,3758,0,OK,112,0,0,1127.4,0
2026-10-01 23:32:58,17.2,57,0,3758,0,OK,138,0,0,1127.4,0
2026-10-01 23:33:14,17.2,57,0,3758,0,OK,241,0,0,1127.4,0
2026-10-01 23:33:30,17.2,57,0,3758,0,OK,243,0,0,1127.4,0
2026-10-01 23:33:46,17.2,57,0,3758,0,OK,262,0,0,1127.4,0
2026-10-01 23:34:02,17.2,58,0,3758,0,OK,261,0,0,1127.4,0
2026-10-01 23:34:18,17.1,58,0,3758,0,OK,332,0,0,1127.4,0
2026-10-01 23:34:34,17.1,58,0,3758,0,OK,297,0,0,1127.4,0
2026-10-01 23:34:50,17.1,58,0,3758,0,OK,168,0,0,1127.4,0
2026-10-01 23:35:06,17.1,58,0,3758,0,OK,286,0,0,1127.4,0
2026-10-01 23:35:22,17.1,58,0,3758,0,OK,255,0,0,1127.4,0
2026-10-01 23:35:38,17.1,58,0,3758,0,OK,300,0,0,1127.4,0
2026-10-01 23:35:54,17.1,58,0,3758,0,OK,267,0,0,1127.4,0
2026-10-01 23:36:10,17.1,58,0,3758,0,OK,257,0,0,1127.4,0
2026-10-01 23:36:26,17.1,58,0,3758,0,OK,263,0,0,1127.4,0
2026-10-01 23:36:42,17,58,0,3758,0,OK,291,0,0,1127.4,0
2026-10-01 23:36:58,17,58,0,3758,0,OK,248,0,0,1127.4,0
2026-10-01 23:37:14,17,58,0,3758,0,OK,278,0,0,1127.4,0
2026-10-01 23:37:30,17,58,0,3758,0,OK,303,0,0,1127.4,0
2026-10-01 23:37:46,17,58,0,3758,0,OK,287,0,0,1127.4,0
2026-10-01 23:38:02,17,58,0,3758,0,OK,359,0,0,1127.4,0
2026-10-01 23:38:18,17,58,0,3758,0,OK,290,0,0,1127.4,0
2026-10-01 23:38:34,17,58,0,3758,0,OK,277,0,0,1127.4,0
2026-10-01 23:38:50,17,58,0,3758,0,OK,264,0,0,1127.4,0
2026-10-01 23:39:06,17,59,0,3758,0,OK,256,0,0,1127.4,0
2026-10-01 23:39:22,17,58,0,3758,0,OK,330,0,0,1127.4,0
2026-10-01 23:39:38,17,58,0,3758,0,OK,36,0,0,1127.4,0
2026-10-01 23:39:54,17,59,0.1,3758,0,OK,227,0,0,1127.4,0
2026-10-01 23:40:10,17.1,59,0,3758,0,OK,300,0,0,1127.4,0
2026-10-01 23:40:26,17.1,59,0.4,3758,0,OK,335,0,0,1127.4,0
2026-10-01 23:40:42,17.1,59,0,3758,0,OK,355,0,0,1127.4,0
2026-10-01 23:40:58,17.1,59,0,3758,0,OK,279,0,0,1127.4,0
2026-10-01 23:41:14,17.2,59,0,3758,0,OK,300,0,0,1127.4,0
2026-10-01 23:41:30,17.2,58,0,3758,0,OK,309,0,0,1127.4,0
2026-10-01 23:41:46,17.2,58,0,3758,0,OK,267,0,0,1127.4,0
2026-10-01 23:42:02,17.2,59,0,3758,0,OK,278,0,0,1127.4,0
2026-10-01 23:42:18,17.2,59,0,3758,0,OK,315,0,0,1127.4,0
2026-10-01 23:42:34,17.2,58,0.1,3758,0,OK,23,0,0,1127.4,0
2026-10-01 23:42:50,17.2,59,0,3758,0,OK,294,0,0,1127.4,0
2026-10-01 23:43:06,17.2,58,0,3758,0,OK,21,0,0,1127.4,0
2026-10-01 23:43:22,17.2,58,0,3758,0,OK,5,0,0,1127.4,0
2026-10-01 23:43:38,17.2,58,0,3758,0,OK,313,0,0,1127.4,0
2026-10-01 23:43:54,17.3,58,0.1,3758,0,OK,301,0,0,1127.4,0
2026-10-01 23:44:10,17.3,58,0,3758,0,OK,334,0,0,1127.4,0
2026-10-01 23:44:26,17.3,58,0,3758,0,OK,279,0,0,1127.4,0
2026-10-01 23:44:42,17.3,58,0,3758,0,OK,316,0,0,1127.4,0
2026-10-01 23:44:58,17.3,58,0,3758,0,OK,318,0,0,1127.4,0
2026-10-01 23:45:14,17.3,58,0,3758,0,OK,320,0,0,1127.4,0
2026-10-01 23:45:30,17.3,58,0,3758,0,OK,301,0,0,1127.4,0
2026-10-01 23:45:46,17.3,58,0,3758,0,OK,306,0,0,1127.4,0
2026-10-01 23:46:02,17.3,58,0,3758,0,OK,302,0,0,1127.4,0
2026-10-01 23:46:18,17.3,58,0,3758,0,OK,290,0,0,1127.4,0
2026-10-01 23:46:34,17.3,58,0,3758,0,OK,277,0,0,1127.4,0
2026-10-01 23:46:50,17.3,58,0,3758,0,OK,284,0,0,1127.4,0
2026-10-01 23:47:06,17.3,58,0,3758,0,OK,311,0,0,1127.4,0
2026-10-01 23:47:22,17.3,58,0,3758,0,OK,290,0,0,1127.4,0
2026-10-01 23:47:38,17.3,58,0,3758,0,OK,338,0,0,1127.4,0
2026-10-01 23:47:54,17.3,58,0,3758,0,OK,292,0,0,1127.4,0
2026-10-01 23:48:10,17.3,59,0,3758,0,OK,283,0,0,1127.4,0
2026-10-01 23:48:26,17.2,59,0,3758,0,OK,303,0,0,1127.4,0
2026-10-01 23:48:42,17.3,59,0,3758,0,OK,297,0,0,1127.4,0
2026-10-01 23:48:58,17.2,59,0,3758,0,OK,308,0,0,1127.4,0
2026-10-01 23:49:14,17.2,59,0,3758,0,OK,284,0,0,1127.4,0
2026-10-01 23:49:30,17.2,59,0,3758,0,OK,298,0,0,1127.4,0
2026-10-01 23:49:46,17.2,59,0,3758,0,OK,122,0,0,1127.4,0
2026-10-01 23:50:02,17.2,59,0,3758,0,OK,308,0,0,1127.4,0
2026-10-01 23:50:18,17.2,59,0.1,3758,0,OK,340,0,0,1127.4,0
2026-10-01 23:50:34,17.2,59,0,3758,0,OK,293,0,0,1127.4,0
2026-10-01 23:50:50,17.2,59,0.1,3758,0,OK,308,0,0,1127.4,0
2026-10-01 23:51:06,17.3,60,0,3758,0,OK,341,0,0,1127.4,0
2026-10-01 23:51:22,17.2,60,0,3758,0,OK,31,0,0,1127.4,0
2026-10-01 23:51:38,17.3,60,0.1,3758,0,OK,316,0,0,1127.4,0
2026-10-01 23:51:54,17.3,60,0,3758,0,OK,269,0,0,1127.4,0
2026-10-01 23:52:10,17.3,60,0,3758,0,OK,19,0,0,1127.4,0
2026-10-01 23:52:26,17.3,60,0,3758,0,OK,297,0,0,1127.4,0
2026-10-01 23:52:42,17.3,60,0,3758,0,OK,286,0,0,1127.4,0
2026-10-01 23:52:58,17.2,60,0,3758,0,OK,258,0,0,1127.4,0
2026-10-01 23:53:14,17.2,60,0,3758,0,OK,291,0,0,1127.4,0
2026-10-01 23:53:30,17.2,60,0,3758,0,OK,288,0,0,1127.4,0
2026-10-01 23:53:46,17.2,60,0,3758,0,OK,289,0,0,1127.4,0
2026-10-01 23:54:02,17.2,60,0.3,3758,0,OK,20,0,0,1127.4,0
2026-10-01 23:54:18,17.2,60,0,3758,0,OK,298,0,0,1127.4,0
2026-10-01 23:54:34,17.2,60,0,3758,0,OK,257,0,0,1127.4,0
2026-10-01 23:54:50,17.2,60,0,3758,0,OK,301,0,0,1127.4,0
2026-10-01 23:55:06,17.2,60,0,3758,0,OK,301,0,0,1127.4,0
2026-10-01 23:55:22,17.2,60,0,3758,0,OK,327,0,0,1127.4,0
2026-10-01 23:55:38,17.1,60,0.1,3758,0,OK,301,0,0,1127.4,0
2026-10-01 23:55:54,17.2,60,0.1,3758,0,OK,298,0,0,1127.4,0
2026-10-01 23:56:10,17.2,60,0,3758,0,OK,338,0,0,1127.4,0
2026-10-01 23:56:26,17.2,60,0,3758,0,OK,305,0,0,1127.4,0
2026-10-01 23:56:42,17.2,60,0,3758,0,OK,299,0,0,1127.4,0
2026-10-01 23:56:58,17.2,60,0,3758,0,OK,310,0,0,1127.4,0
2026-10-01 23:57:14,17.2,60,0,3758,0,OK,299,0,0,1127.4,0
2026-10-01 23:57:30,17.2,60,0,3758,0,OK,0,0,0,1127.4,0
2026-10-01 23:57:46,17.2,60,0,3758,0,OK,262,0,0,1127.4,0
2026-10-01 23:58:02,17.2,60,0,3758,0,OK,335,0,0,1127.4,0
2026-10-01 23:58:18,17.1,60,0,3758,0,OK,23,0,0,1127.4,0
2026-10-01 23:58:34,17.2,60,0,3758,0,OK,330,0,0,1127.4,0
2026-10-01 23:58:50,17.2,60,0,3758,0,OK,253,0,0,1127.4,0
2026-10-01 23:59:06,17.2,60,0,3758,0,OK,226,0,0,1127.4,0
2026-10-01 23:59:22,17.2,60,0,3758,0,OK,279,0,0,1127.4,0
2026-10-01 23:59:38,17.1,60,0,3758,0,OK,255,0,0,1127.4,0
2026-10-01 23:59:54,17.1,60,0,3758,0,OK,282,0,0,1127.4,0
2026-10-02 0:00:10,17.1,61,0,3758,0,OK,305,0,0,1127.4,0
2026-10-02 0:00:26,17.1,61,0,3758,0,OK,311,0,0,1127.4,0
2026-10-02 0:00:42,17.2,61,0,3758,0,OK,300,0,0,1127.4,0
2026-10-02 0:02:18,17.1,61,0,3758,0,OK,283,0,0,1127.4,0
2026-10-02 0:02:34,17.1,61,0,3758,0,OK,290,0,0,1127.4,0
2026-10-02 0:02:50,17.1,61,0,3758,0,OK,296,0,0,1127.4,0
2026-10-02 0:03:06,17.1,61,0,3758,0,OK,277,0,0,1127.4,0
2026-10-02 0:03:22,17.2,61,0,3758,0,OK,294,0,0,1127.4,0
2026-10-02 0:03:38,17.1,61,0,3758,0,OK,326,0,0,1127.4,0
2026-10-02 0:03:54,17.1,61,0,3758,0,OK,288,0,0,1127.4,0
2026-10-02 0:04:10,17.1,61,0,3758,0,OK,282,0,0,1127.4,0
2026-10-02 0:04:26,17.1,61,0,3758,0,OK,285,0,0,1127.4,0
2026-10-02 0:04:42,17.1,61,0,3758,0,OK,311,0,0,1127.4,0
2026-10-02 0:04:58,17.1,61,0,3758,0,OK,289,0,0,1127.4,0
2026-10-02 0:05:14,17.1,61,0,3758,0,OK,282,0,0,1127.4,0
2026-10-02 0:05:30,17.1,61,0,3758,0,OK,296,0,0,1127.4,0
2026-10-02 0:05:46,17.1,61,0,3758,0,OK,306,0,0,1127.4,0
2026-10-02 0:06:02,17.1,61,0,3758,0,OK,341,0,0,1127.4,0
2026-10-02 0:06:18,17.1,61,0,3758,0,OK,279,0,0,1127.4,0
2026-10-02 0:06:34,17.1,61,0,3758,0,OK,306,0,0,1127.4,0
2026-10-02 0:06:50,17.2,61,0.3,3758,0,OK,304,0,0,1127.4,0
2026-10-02 0:07:06,17.2,61,0.1,3758,0,OK,343,0,0,1127.4,0
2026-10-02 0:07:22,17.2,61,0,3758,0,OK,66,0,0,1127.4,0
2026-10-02 0:07:38,17.3,61,0,3758,0,OK,308,0,0,1127.4,0
2026-10-02 0:07:54,17.2,61,0,3758,0,OK,287,0,0,1127.4,0
2026-10-02 0:08:10,17.2,61,0,3758,0,OK,2,0,0,1127.4,0
2026-10-02 0:08:26,17.2,61,0,3758,0,OK,348,0,0,1127.4,0
2026-10-02 0:08:42,17.2,61,0,3758,0,OK,332,0,0,1127.4,0
2026-10-02 0:08:58,17.2,61,0.1,3758,0,OK,308,0,0,1127.4,0
2026-10-02 0:09:14,17.3,61,0,3758,0,OK,288,0,0,1127.4,0
2026-10-02 0:09:30,17.3,61,0,3758,0,OK,317,0,0,1127.4,0
2026-10-02 0:09:46,17.2,61,0,3758,0,OK,306,0,0,1127.4,0
2026-10-02 0:10:02,17.2,61,0,3758,0,OK,316,0,0,1127.4,0
2026-10-02 0:10:18,17.2,61,0,3758,0,OK,12,0,0,1127.4,0
2026-10-02 0:10:34,17.2,61,0,3758,0,OK,275,0,0,1127.4,0
2026-10-02 0:10:50,17.2,61,0,3758,0,OK,303,0,0,1127.4,0
2026-10-02 0:11:06,17.2,61,0,3758,0,OK,303,0,0,1127.4,0
2026-10-02 0:11:22,17.2,61,0,3758,0,OK,292,0,0,1127.4,0
2026-10-02 0:11:38,17.2,61,0,3758,0,OK,338,0,0,1127.4,0
2026-10-02 0:11:54,17.2,61,0,3758,0,OK,48,0,0,1127.4,0
2026-10-02 0:12:10,17.2,61,0,3758,0,OK,320,0,0,1127.4,0
2026-10-02 0:12:26,17.2,61,0,3758,0,OK,348,0,0,1127.4,0
2026-10-02 0:12:42,17.2,61,0,3758,0,OK,7,0,0,1127.4,0
2026-10-02 0:12:58,17.2,61,0,3758,0,OK,304,0,0,1127.4,0
2026-10-02 0:13:14,17.2,61,0,3758,0,OK,316,0,0,1127.4,0
2026-10-02 0:13:30,17.2,61,0.4,3758,0,OK,346,0,0,1127.4,0
2026-10-02 0:13:46,17.2,61,0,3758,0,OK,332,0,0,1127.4,0
2026-10-02 0:14:02,17.2,61,0,3758,0,OK,262,0,0,1127.4,0
2026-10-02 0:14:18,17.2,61,0,3758,0,OK,306,0,0,1127.4,0
2026-10-02 0:14:34,17.2,61,0,3758,0,OK,335,0,0,1127.4,0
2026-10-02 0:14:50,17.2,61,0.1,3758,0,OK,19,0,0,1127.4,0
2026-10-02 0:15:06,17.2,61,0,3758,0,OK,351,0,0,1127.4,0
2026-10-02 0:15:22,17.2,61,0,3758,0,OK,67,0,0,1127.4,0
2026-10-02 0:15:38,17.2,61,0,3758,0,OK,8,0,0,1127.4,0
2026-10-02 0:15:54,17.2,61,0,3758,0,OK,1,0,0,1127.4,0
2026-10-02 0:16:10,17.2,61,0,3758,0,OK,340,0,0,1127.4,0
2026-10-02 0:16:26,17.2,61,0,3758,0,OK,285,0,0,1127.4,0
2026-10-02 0:16:42,17.2,61,0,3758,0,OK,37,0,0,1127.4,0
2026-10-02 0:16:58,17.2,61,0,3758,0,OK,28,0,0,1127.4,0
2026-10-02 0:17:14,17.2,61,0,3758,0,OK,282,0,0,1127.4,0
2026-10-02 0:17:30,17.2,61,0,3758,0,OK,331,0,0,1127.4,0
2026-10-02 0:17:46,17.2,61,0,3758,0,OK,317,0,0,1127.4,0
2026-10-02 0:18:02,17.2,61,0,3758,0,OK,328,0,0,1127.4,0
2026-10-02 0:18:18,17.2,61,0,3758,0,OK,289,0,0,1127.4,0
2026-10-02 0:18:34,17.1,61,0,3758,0,OK,269,0,0,1127.4,0
2026-10-02 0:19:22,17.1,61,0,3758,0,OK,24,0,0,1127.4,0
2026-10-02 0:19:38,17.1,61,0,3758,0,OK,32,0,0,1127.4,0
2026-10-02 0:19:54,17.1,61,0,3758,0,OK,55,0,0,1127.4,0
2026-10-02 0:20:10,17.1,61,0,3758,0,OK,56,0,0,1127.4,0
2026-10-02 0:20:26,17.1,61,0,3758,0,OK,346,0,0,1127.4,0
2026-10-02 0:20:42,17.1,61,0,3758,0,OK,314,0,0,1127.4,0
2026-10-02 0:20:58,17.1,61,0,3758,0,OK,23,0,0,1127.4,0
2026-10-02 0:21:14,17.1,61,0,3758,0,OK,11,0,0,1127.4,0
2026-10-02 0:21:30,17.1,61,0,3758,0,OK,332,0,0,1127.4,0
2026-10-02 0:21:46,17,62,0,3758,0,OK,306,0,0,1127.4,0
2026-10-02 0:22:02,17,62,0,3758,0,OK,331,0,0,1127.4,0
2026-10-02 0:22:18,17,62,0,3758,0,OK,352,0,0,1127.4,0
2026-10-02 0:22:34,17,62,0,3758,0,OK,347,0,0,1127.4,0
2026-10-02 0:22:50,17,62,0,3758,0,OK,317,0,0,1127.4,0
2026-10-02 0:23:06,17,62,0,3758,0,OK,31,0,0,1127.4,0
2026-10-02 0:23:22,17,62,0,3758,0,OK,25,0,0,1127.4,0
2026-10-02 0:23:38,17,61,0,3758,0,OK,31,0,0,1127.4,0
2026-10-02 0:23:54,17.1,61,0,3758,0,OK,332,0,0,1127.4,0
2026-10-02 0:24:10,17.1,61,0,3758,0,OK,299,0,0,1127.4,0
2026-10-02 0:24:26,17.1,61,0,3758,0,OK,305,0,0,1127.4,0
2026-10-02 0:24:42,17.1,61,0,3758,0,OK,294,0,0,1127.4,0
2026-10-02 0:24:58,17.1,61,0,3758,0,OK,45,0,0,1127.4,0
2026-10-02 0:25:14,17.1,61,0,3758,0,OK,20,0,0,1127.4,0
2026-10-02 0:25:30,17.1,61,0,3758,0,OK,22,0,0,1127.4,0
2026-10-02 0:25:46,17,61,0,3758,0,OK,6,0,0,1127.4,0
2026-10-02 0:26:02,17.1,61,0,3758,0,OK,80,0,0,1127.4,0
2026-10-02 0:26:18,17.1,61,0,3758,0,OK,340,0,0,1127.4,0
2026-10-02 0:26:34,17.1,61,0,3758,0,OK,310,0,0,1127.4,0
2026-10-02 0:26:50,17.1,61,0,3758,0,OK,323,0,0,1127.4,0
2026-10-02 0:27:06,17.1,61,0,3758,0,OK,348,0,0,1127.4,0
2026-10-02 0:27:22,17.1,61,0,3758,0,OK,305,0,0,1127.4,0
2026-10-02 0:27:38,17.1,61,0,3758,0,OK,300,0,0,1127.4,0
2026-10-02 0:27:54,17.1,61,0,3758,0,OK,303,0,0,1127.4,0
2026-10-02 0:28:10,17.1,61,0,3758,0,OK,316,0,0,1127.4,0
2026-10-02 0:28:26,17.1,61,0,3758,0,OK,292,0,0,1127.4,0
2026-10-02 0:28:42,17.1,61,0,3758,0,OK,289,0,0,1127.4,0
2026-10-02 0:28:58,17.1,61,0,3758,0,OK,57,0,0,1127.4,0
2026-10-02 0:29:14,17.1,61,0,3758,0,OK,46,0,0,1127.4,0
2026-10-02 0:29:30,17.1,61,0,3758,0,OK,353,0,0,1127.4,0
2026-10-02 0:29:46,17.1,61,0,3758,0,OK,25,0,0,1127.4,0
2026-10-02 0:30:02,17.1,61,0,3758,0,OK,336,0,0,1127.4,0
2026-10-02 0:30:18,17.1,61,0,3758,0,OK,303,0,0,1127.4,0
2026-10-02 0:30:34,17.1,61,0,3758,0,OK,323,0,0,1127.4,0
2026-10-02 0:30:50,17.1,61,0.1,3758,0,OK,272,0,0,1127.4,0
2026-10-02 0:31:06,17.1,61,0.6,3758,0,OK,286,0,0,1127.4,0
2026-10-02 0:31:22,17.2,61,0,3758,0,OK,289,0,0,1127.4,0
2026-10-02 0:31:38,17.2,61,0,3758,0,OK,11,0,0,1127.4,0
2026-10-02 0:31:54,17.2,61,0,3758,0,OK,49,0,0,1127.4,0
2026-10-02 0:32:10,17.2,61,0,3758,0,OK,24,0,0,1127.4,0
2026-10-02 0:32:26,17.2,61,0,3758,0,OK,310,0,0,1127.4,0
2026-10-02 0:32:42,17.2,61,0.1,3758,0,OK,292,0,0,1127.4,0
2026-10-02 0:32:58,17.2,61,0.1,3758,0,OK,275,0,0,1127.4,0
2026-10-02 0:33:14,17.2,61,0,3758,0,OK,296,0,0,1127.4,0
2026-10-02 0:33:30,17.2,61,0,3758,0,OK,215,0,0,1127.4,0
2026-10-02 0:33:46,17.2,61,0,3758,0,OK,277,0,0,1127.4,0
2026-10-02 0:34:02,17.2,61,0,3758,0,OK,279,0,0,1127.4,0
2026-10-02 0:34:18,17.1,61,0,3758,0,OK,279,0,0,1127.4,0
2026-10-02 0:34:34,17.1,61,0,3758,0,OK,286,0,0,1127.4,0
2026-10-02 0:34:50,17.1,61,0,3758,0,OK,306,0,0,1127.4,0
2026-10-02 0:35:06,17.1,61,0,3758,0,OK,306,0,0,1127.4,0
2026-10-02 0:35:22,17.1,61,0,3758,0,OK,284,0,0,1127.4,0
2026-10-02 0:35:38,17.1,61,0,3758,0,OK,308,0,0,1127.4,0
2026-10-02 0:35:54,17.1,61,0,3758,0,OK,15,0,0,1127.4,0
2026-10-02 0:36:10,17.1,61,0,3758,0,OK,11,0,0,1127.4,0
2026-10-02 0:36:26,17,61,0,3758,0,OK,1,0,0,1127.4,0
2026-10-02 0:36:42,17,62,0,3758,0,OK,295,0,0,1127.4,0
2026-10-02 0:36:58,17,62,0,3758,0,OK,339,0,0,1127.4,0
2026-10-02 0:37:14,17.1,62,0,3758,0,OK,0,0,0,1127.4,0
2026-10-02 0:37:30,17.1,62,0,3758,0,OK,17,0,0,1127.4,0
2026-10-02 0:37:46,17.1,62,0,3758,0,OK,16,0,0,1127.4,0
2026-10-02 0:38:02,17.1,62,0,3758,0,OK,91,0,0,1127.4,0
2026-10-02 0:38:18,17.1,62,0,3758,0,OK,328,0,0,1127.4,0
2026-10-02 0:38:34,17.1,62,0,3758,0,OK,296,0,0,1127.4,0
2026-10-02 0:38:50,17,62,0,3758,0,OK,292,0,0,1127.4,0
2026-10-02 0:39:06,17,62,0,3758,0,OK,291,0,0,1127.4,0
2026-10-02 0:39:22,17,62,0,3758,0,OK,339,0,0,1127.4,0
2026-10-02 0:39:38,17,62,0,3758,0,OK,321,0,0,1127.4,0
2026-10-02 0:39:54,17,62,0,3758,0,OK,259,0,0,1127.4,0
2026-10-02 0:40:10,17,62,0,3758,0,OK,243,0,0,1127.4,0
2026-10-02 0:40:26,17,62,0,3758,0,OK,247,0,0,1127.4,0
2026-10-02 0:40:42,17,62,0,3758,0,OK,305,0,0,1127.4,0
2026-10-02 0:40:58,17,62,0,3758,0,OK,291,0,0,1127.4,0
2026-10-02 0:41:14,17,62,0,3758,0,OK,344,0,0,1127.4,0
2026-10-02 0:41:30,17,62,0,3758,0,OK,316,0,0,1127.4,0
2026-10-02 0:41:46,17,62,0,3758,0,OK,316,0,0,1127.4,0
2026-10-02 0:42:02,17,62,0,3758,0,OK,322,0,0,1127.4,0
2026-10-02 0:42:18,17,62,0,3758,0,OK,8,0,0,1127.4,0
2026-10-02 0:42:34,17,62,0,3758,0,OK,296,0,0,1127.4,0
2026-10-02 0:42:50,17,62,0,3758,0,OK,336,0,0,1127.4,0
2026-10-02 0:43:06,17,62,0,3758,0,OK,305,0,0,1127.4,0
2026-10-02 0:43:22,17,62,0,3758,0,OK,325,0,0,1127.4,0
2026-10-02 0:43:38,17,62,0.3,3758,0,OK,272,0,0,1127.4,0
2026-10-02 0:43:54,17,62,0,3758,0,OK,281,0,0,1127.4,0
2026-10-02 0:44:10,17,62,0,3758,0,OK,349,0,0,1127.4,0
2026-10-02 0:44:26,17,62,0,3758,0,OK,352,0,0,1127.4,0
2026-10-02 0:44:42,17,62,0,3758,0,OK,347,0,0,1127.4,0
2026-10-02 0:44:58,17,62,0,3758,0,OK,320,0,0,1127.4,0
2026-10-02 0:45:14,17.1,61,0,3758,0,OK,25,0,0,1127.4,0
2026-10-02 0:45:30,17.1,61,0,3758,0,OK,307,0,0,1127.4,0
2026-10-02 0:45:46,17.1,61,0,3758,0,OK,178,0,0,1127.4,0
2026-10-02 0:46:02,17.1,61,0.1,3758,0,OK,299,0,0,1127.4,0
2026-10-02 0:46:18,17,61,0.1,3758,0,OK,295,0,0,1127.4,0
2026-10-02 0:46:34,17.1,61,0.1,3758,0,OK,284,0,0,1127.4,0
2026-10-02 0:46:50,17.1,61,0,3758,0,OK,297,0,0,1127.4,0
2026-10-02 0:47:06,17.1,61,0,3758,0,OK,350,0,0,1127.4,0
2026-10-02 0:47:22,17.1,61,0,3758,0,OK,340,0,0,1127.4,0
2026-10-02 0:47:38,17.1,61,0,3758,0,OK,236,0,0,1127.4,0
2026-10-02 0:47:54,17.1,61,0,3758,0,OK,306,0,0,1127.4,0
2026-10-02 0:48:10,17.1,61,0,3758,0,OK,65,0,0,1127.4,0
2026-10-02 0:48:26,17,61,0,3758,0,OK,295,0,0,1127.4,0
2026-10-02 0:48:42,17.1,61,0,3758,0,OK,305,0,0,1127.4,0
2026-10-02 0:48:58,17,61,0,3758,0,OK,307,0,0,1127.4,0
2026-10-02 0:49:14,17,61,0,3758,0,OK,321,0,0,1127.4,0
2026-10-02 0:49:30,17,61,0,3758,0,OK,27,0,0,1127.4,0
2026-10-02 0:49:46,17,61,0,3758,0,OK,301,0,0,1127.4,0
2026-10-02 0:50:02,17,61,0,3758,0,OK,298,0,0,1127.4,0
2026-10-02 0:50:18,17,61,0,3758,0,OK,340,0,0,1127.4,0
2026-10-02 0:50:34,17.1,61,0.1,3758,0,OK,117,0,0,1127.4,0
2026-10-02 0:50:50,17.1,61,0,3758,0,OK,17,0,0,1127.4,0
2026-10-02 0:51:06,17.1,61,0,3758,0,OK,11,0,0,1127.4,0
2026-10-02 0:51:22,17.1,61,0,3758,0,OK,352,0,0,1127.4,0
2026-10-02 0:51:38,17.1,61,0.1,3758,0,OK,301,0,0,1127.4,0
2026-10-02 0:51:54,17.1,61,0,3758,0,OK,33,0,0,1127.4,0
2026-10-02 0:52:10,17.1,61,0,3758,0,OK,254,0,0,1127.4,0
2026-10-02 0:52:26,17.1,61,0.6,3758,0,OK,306,0,0,1127.4,0
2026-10-02 0:52:42,17.1,60,0.7,3758,0,OK,310,0,0,1127.4,0
2026-10-02 0:52:58,17.2,60,1.3,3758,0,OK,324,0,0,1127.4,0
2026-10-02 0:53:14,17.3,60,0.7,3758,0,OK,328,0,0,1127.4,0
2026-10-02 0:53:30,17.3,60,0,3758,0,OK,288,0,0,1127.4,0
2026-10-02 0:53:46,17.3,60,0,3758,0,OK,319,0,0,1127.4,0
2026-10-02 0:54:02,17.3,59,0,3758,0,OK,304,0,0,1127.4,0
2026-10-02 0:54:18,17.3,59,0,3758,0,OK,285,0,0,1127.4,0
2026-10-02 0:54:34,17.3,59,0,3758,0,OK,263,0,0,1127.4,0
2026-10-02 0:54:50,17.3,60,0,3758,0,OK,276,0,0,1127.4,0
2026-10-02 0:55:06,17.3,60,0,3758,0,OK,291,0,0,1127.4,0
2026-10-02 0:55:22,17.3,60,0,3758,0,OK,267,0,0,1127.4,0
2026-10-02 0:55:38,17.2,60,0,3758,0,OK,265,0,0,1127.4,0
2026-10-02 0:55:54,17.2,60,0,3758,0,OK,265,0,0,1127.4,0
2026-10-02 0:56:10,17.2,60,0,3758,0,OK,275,0,0,1127.4,0
2026-10-02 0:56:26,17.2,60,0,3758,0,OK,287,0,0,1127.4,0
2026-10-02 0:56:42,17.2,61,0,3758,0,OK,291,0,0,1127.4,0
2026-10-02 0:56:58,17.1,61,0,3758,0,OK,274,0,0,1127.4,0
2026-10-02 0:57:14,17.1,61,0,3758,0,OK,83,0,0,1127.4,0
2026-10-02 0:57:30,17.1,61,0,3758,0,OK,317,0,0,1127.4,0
2026-10-02 0:57:46,17.1,61,0,3758,0,OK,298,0,0,1127.4,0
2026-10-02 0:58:02,17.1,62,0,3758,0,OK,294,0,0,1127.4,0
2026-10-02 0:58:18,17.1,62,0,3758,0,OK,344,0,0,1127.4,0
2026-10-02 0:58:34,17.1,62,0,3758,0,OK,304,0,0,1127.4,0
2026-10-02 0:58:50,17,62,0,3758,0,OK,89,0,0,1127.4,0
2026-10-02 0:59:06,17,62,0,3758,0,OK,24,0,0,1127.4,0
2026-10-02 0:59:22,17,62,0,3758,0,OK,314,0,0,1127.4,0
2026-10-02 0:59:38,17,62,0,3758,0,OK,346,0,0,1127.4,0
2026-10-02 0:59:54,17,62,0.1,3758,0,OK,338,0,0,1127.4,0
2026-10-02 1:00:10,17,62,0.3,3758,0,OK,287,0,0,1127.4,0
2026-10-02 1:00:26,17,62,0.1,3758,0,OK,314,0,0,1127.4,0
2026-10-02 1:00:42,17,62,0.3,3758,0,OK,302,0,0,1127.4,0
2026-10-02 1:00:58,17,62,0.1,3758,0,OK,323,0,0,1127.4,0
2026-10-02 1:01:14,17,62,0.3,3758,0,OK,22,0,0,1127.4,0
2026-10-02 1:01:30,17.1,62,0.1,3758,0,OK,284,0,0,1127.4,0
2026-10-02 1:01:46,17,62,0,3758,0,OK,297,0,0,1127.4,0
2026-10-02 1:02:02,17.1,62,0,3758,0,OK,358,0,0,1127.4,0
2026-10-02 1:02:18,17,62,0,3758,0,OK,354,0,0,1127.4,0
2026-10-02 1:02:34,17,62,0,3758,0,OK,319,0,0,1127.4,0
2026-10-02 1:02:50,17,62,0,3758,0,OK,23,0,0,1127.4,0
2026-10-02 1:03:06,17,62,0,3758,0,OK,13,0,0,1127.4,0
2026-10-02 1:03:22,17,62,0,3758,0,OK,303,0,0,1127.4,0
2026-10-02 1:03:38,17,62,0,3758,0,OK,256,0,0,1127.4,0
2026-10-02 1:03:54,17,62,0,3758,0,OK,279,0,0,1127.4,0
2026-10-02 1:04:10,17,62,0,3758,0,OK,322,0,0,1127.4,0
2026-10-02 1:04:26,16.9,62,0,3758,0,OK,309,0,0,1127.4,0
2026-10-02 1:04:42,17,62,0,3758,0,OK,320,0,0,1127.4,0
2026-10-02 1:04:58,17,62,0,3758,0,OK,293,0,0,1127.4,0
2026-10-02 1:05:14,17,62,0,3758,0,OK,302,0,0,1127.4,0
2026-10-02 1:05:30,17,62,0,3758,0,OK,298,0,0,1127.4,0
2026-10-02 1:05:46,16.9,62,0,3758,0,OK,288,0,0,1127.4,0
2026-10-02 1:06:02,16.9,62,0,3758,0,OK,349,0,0,1127.4,0
2026-10-02 1:06:18,16.9,62,0,3758,0,OK,284,0,0,1127.4,0
2026-10-02 1:06:34,16.9,62,0,3758,0,OK,291,0,0,1127.4,0
2026-10-02 1:06:50,16.9,62,0,3758,0,OK,286,0,0,1127.4,0
2026-10-02 1:07:06,16.9,62,0,3758,0,OK,294,0,0,1127.4,0
2026-10-02 1:07:22,16.9,62,0,3758,0,OK,308,0,0,1127.4,0
2026-10-02 1:07:38,16.8,62,0,3758,0,OK,279,0,0,1127.4,0
2026-10-02 1:07:54,16.9,62,0,3758,0,OK,299,0,0,1127.4,0
2026-10-02 1:08:10,16.9,62,0,3758,0,OK,305,0,0,1127.4,0
2026-10-02 1:08:26,16.8,62,0,3758,0,OK,297,0,0,1127.4,0
2026-10-02 1:08:42,16.8,62,0,3758,0,OK,294,0,0,1127.4,0
2026-10-02 1:08:58,16.8,62,0,3758,0,OK,288,0,0,1127.4,0
2026-10-02 1:09:14,16.8,62,0,3758,0,OK,303,0,0,1127.4,0
2026-10-02 1:09:30,16.8,62,0,3758,0,OK,353,0,0,1127.4,0
2026-10-02 1:09:46,16.8,62,0,3758,0,OK,315,0,0,1127.4,0
2026-10-02 1:10:02,16.8,62,0,3758,0,OK,285,0,0,1127.4,0
2026-10-02 1:10:18,16.8,62,0,3758,0,OK,305,0,0,1127.4,0
2026-10-02 1:10:34,16.8,62,0,3758,0,OK,278,0,0,1127.4,0
2026-10-02 1:10:50,16.8,62,0,3758,0,OK,275,0,0,1127.4,0
2026-10-02 1:11:06,16.8,62,0,3758,0,OK,284,0,0,1127.4,0
2026-10-02 1:11:22,16.8,62,0,3758,0,OK,308,0,0,1127.4,0
2026-10-02 1:11:38,16.8,62,0,3758,0,OK,299,0,0,1127.4,0
2026-10-02 1:11:54,16.8,61,0,3758,0,OK,302,0,0,1127.4,0
2026-10-02 1:12:10,16.8,61,0,3758,0,OK,314,0,0,1127.4,0
2026-10-02 1:12:26,16.8,61,0,3758,0,OK,302,0,0,1127.4,0
2026-10-02 1:12:42,16.8,61,0,3758,0,OK,308,0,0,1127.4,0
2026-10-02 1:12:58,16.8,61,0,3758,0,OK,292,0,0,1127.4,0
2026-10-02 1:13:14,16.8,61,0,3758,0,OK,290,0,0,1127.4,0
2026-10-02 1:13:30,16.8,62,0,3758,0,OK,240,0,0,1127.4,0
2026-10-02 1:13:46,16.8,62,0,3758,0,OK,281,0,0,1127.4,0
2026-10-02 1:14:02,16.7,62,0,3758,0,OK,322,0,0,1127.4,0
2026-10-02 1:14:18,16.7,62,0,3758,0,OK,275,0,0,1127.4,0
2026-10-02 1:14:34,16.7,62,0,3758,0,OK,329,0,0,1127.4,0
2026-10-02 1:14:50,16.8,61,0,3758,0,OK,300,0,0,1127.4,0
2026-10-02 1:15:06,16.8,61,0,3758,0,OK,297,0,0,1127.4,0
2026-10-02 1:15:22,16.8,61,0,3758,0,OK,296,0,0,1127.4,0
2026-10-02 1:15:38,16.8,61,0.6,3758,0,OK,308,0,0,1127.4,0
2026-10-02 1:15:54,16.8,61,0,3758,0,OK,318,0,0,1127.4,0
2026-10-02 1:16:10,16.8,61,0,3758,0,OK,321,0,0,1127.4,0
2026-10-02 1:16:26,16.8,61,0,3758,0,OK,301,0,0,1127.4,0
2026-10-02 1:16:42,16.8,61,0,3758,0,OK,326,0,0,1127.4,0
2026-10-02 1:16:58,16.8,61,0,3758,0,OK,294,0,0,1127.4,0
2026-10-02 1:17:14,16.8,61,0,3758,0,OK,347,0,0,1127.4,0
2026-10-02 1:17:30,16.8,61,0,3758,0,OK,310,0,0,1127.4,0
2026-10-02 1:17:46,16.8,61,0,3758,0,OK,319,0,0,1127.4,0
2026-10-02 1:18:02,16.8,60,0,3758,0,OK,4,0,0,1127.4,0
2026-10-02 1:18:18,16.8,61,0,3758,0,OK,293,0,0,1127.4,0
2026-10-02 1:18:34,16.8,61,0,3758,0,OK,11,0,0,1127.4,0
2026-10-02 1:19:22,16.8,60,0,3758,0,OK,307,0,0,1127.4,0
2026-10-02 1:19:38,16.8,60,0,3758,0,OK,287,0,0,1127.4,0
2026-10-02 1:19:54,16.8,60,0,3758,0,OK,313,0,0,1127.4,0
2026-10-02 1:20:10,16.8,60,0,3758,0,OK,301,0,0,1127.4,0
2026-10-02 1:20:26,16.8,60,0,3758,0,OK,284,0,0,1127.4,0
2026-10-02 1:20:42,16.8,60,0,3758,0,OK,283,0,0,1127.4,0
2026-10-02 1:20:58,16.8,60,0,3758,0,OK,282,0,0,1127.4,0
2026-10-02 1:21:14,16.8,61,0,3758,0,OK,281,0,0,1127.4,0
2026-10-02 1:21:30,16.8,61,0,3758,0,OK,267,0,0,1127.4,0
2026-10-02 1:21:46,16.7,61,0,3758,0,OK,267,0,0,1127.4,0
2026-10-02 1:22:02,16.7,61,0,3758,0,OK,263,0,0,1127.4,0
2026-10-02 1:22:18,16.7,61,0,3758,0,OK,284,0,0,1127.4,0
2026-10-02 1:22:34,16.7,61,0,3758,0,OK,252,0,0,1127.4,0
2026-10-02 1:22:50,16.6,61,0,3758,0,OK,308,0,0,1127.4,0
2026-10-02 1:23:06,16.6,61,0,3758,0,OK,289,0,0,1127.4,0
2026-10-02 1:23:22,16.6,61,0,3758,0,OK,323,0,0,1127.4,0
2026-10-02 1:23:38,16.6,61,0,3758,0,OK,358,0,0,1127.4,0
2026-10-02 1:23:54,16.6,60,0,3758,0,OK,319,0,0,1127.4,0
2026-10-02 1:24:10,16.7,60,0,3758,0,OK,10,0,0,1127.4,0
2026-10-02 1:24:26,16.7,60,0,3758,0,OK,327,0,0,1127.4,0
2026-10-02 1:24:42,16.7,60,0,3758,0,OK,340,0,0,1127.4,0
2026-10-02 1:24:58,16.7,60,0,3758,0,OK,193,0,0,1127.4,0
2026-10-02 1:25:14,16.7,60,0,3758,0,OK,280,0,0,1127.4,0
2026-10-02 1:25:30,16.7,60,0,3758,0,OK,299,0,0,1127.4,0
2026-10-02 1:25:46,16.7,60,0,3758,0,OK,357,0,0,1127.4,0
2026-10-02 1:26:02,16.7,60,0.4,3758,0,OK,272,0,0,1127.4,0
2026-10-02 1:26:18,16.8,60,0.6,3758,0,OK,299,0,0,1127.4,0
2026-10-02 1:26:34,16.8,60,0.4,3758,0,OK,343,0,0,1127.4,0
2026-10-02 1:26:50,16.8,60,0.3,3758,0,OK,332,0,0,1127.4,0
2026-10-02 1:27:06,16.8,60,0.1,3758,0,OK,277,0,0,1127.4,0
2026-10-02 1:27:22,16.9,60,0.1,3758,0,OK,288,0,0,1127.4,0
2026-10-02 1:27:38,16.9,60,0,3758,0,OK,87,0,0,1127.4,0
2026-10-02 1:27:54,16.8,60,0,3758,0,OK,14,0,0,1127.4,0
2026-10-02 1:28:10,16.8,60,0.3,3758,0,OK,330,0,0,1127.4,0
2026-10-02 1:28:26,16.8,60,0,3758,0,OK,289,0,0,1127.4,0
2026-10-02 1:28:42,16.8,60,0.1,3758,0,OK,297,0,0,1127.4,0
2026-10-02 1:28:58,16.8,60,0.1,3758,0,OK,341,0,0,1127.4,0
2026-10-02 1:29:14,16.9,60,0,3758,0,OK,294,0,0,1127.4,0
2026-10-02 1:29:30,16.9,59,0,3758,0,OK,288,0,0,1127.4,0
2026-10-02 1:29:46,16.9,60,0,3758,0,OK,279,0,0,1127.4,0
2026-10-02 1:30:02,16.8,60,0,3758,0,OK,338,0,0,1127.4,0
2026-10-02 1:30:18,16.8,60,0,3758,0,OK,341,0,0,1127.4,0
2026-10-02 1:30:34,16.8,60,0,3758,0,OK,288,0,0,1127.4,0
2026-10-02 1:30:50,16.8,60,0,3758,0,OK,299,0,0,1127.4,0
2026-10-02 1:31:06,16.8,60,0,3758,0,OK,302,0,0,1127.4,0
2026-10-02 1:31:22,16.8,60,0,3758,0,OK,322,0,0,1127.4,0
2026-10-02 1:31:38,16.8,60,0,3758,0,OK,290,0,0,1127.4,0
2026-10-02 1:31:54,16.8,60,0,3758,0,OK,307,0,0,1127.4,0
2026-10-02 1:32:10,16.8,60,0,3758,0,OK,336,0,0,1127.4,0
2026-10-02 1:32:26,16.8,60,0,3758,0,OK,274,0,0,1127.4,0
2026-10-02 1:32:42,16.7,60,0,3758,0,OK,11,0,0,1127.4,0
2026-10-02 1:32:58,16.8,60,0.3,3758,0,OK,306,0,0,1127.4,0
2026-10-02 1:33:14,16.8,60,0.4,3758,0,OK,290,0,0,1127.4,0
2026-10-02 1:33:30,16.8,59,0.3,3758,0,OK,299,0,0,1127.4,0
2026-10-02 1:33:46,16.8,59,0,3758,0,OK,313,0,0,1127.4,0
2026-10-02 1:34:02,16.8,59,0,3758,0,OK,89,0,0,1127.4,0
2026-10-02 1:34:18,16.8,59,0.4,3758,0,OK,279,0,0,1127.4,0
2026-10-02 1:34:34,16.9,59,0.1,3758,0,OK,342,0,0,1127.4,0
2026-10-02 1:34:50,16.9,59,0.6,3758,0,OK,345,0,0,1127.4,0
2026-10-02 1:35:06,16.9,59,1.1,3758,0,OK,357,0,0,1127.4,0
2026-10-02 1:35:22,16.9,59,0.3,3758,0,OK,293,0,0,1127.4,0
2026-10-02 1:35:38,16.9,59,0.1,3758,0,OK,337,0,0,1127.4,0
2026-10-02 1:35:54,17,59,0.1,3758,0,OK,306,0,0,1127.4,0
2026-10-02 1:36:10,17,59,0,3758,0,OK,285,0,0,1127.4,0
2026-10-02 1:36:26,16.9,59,0,3758,0,OK,330,0,0,1127.4,0
2026-10-02 1:36:42,16.9,59,0,3758,0,OK,317,0,0,1127.4,0
2026-10-02 1:36:58,17,59,0.7,3758,0,OK,283,0,0,1127.4,0
2026-10-02 1:37:14,17,58,0.6,3758,0,OK,28,0,0,1127.4,0
2026-10-02 1:37:30,17,58,0.1,3758,0,OK,327,0,0,1127.4,0
2026-10-02 1:37:46,17,58,0,3758,0,OK,315,0,0,1127.4,0
2026-10-02 1:38:02,17,58,0,3758,0,OK,351,0,0,1127.4,0
2026-10-02 1:38:18,17,58,0.1,3758,0,OK,46,0,0,1127.4,0
2026-10-02 1:38:34,17,58,0.3,3758,0,OK,314,0,0,1127.4,0
2026-10-02 1:38:50,17,58,0.3,3758,0,OK,39,0,0,1127.4,0
2026-10-02 1:39:06,17,58,0,3758,0,OK,358,0,0,1127.4,0
2026-10-02 1:39:22,17,58,0,3758,0,OK,88,0,0,1127.4,0
2026-10-02 1:39:38,17,58,0,3758,0,OK,334,0,0,1127.4,0
2026-10-02 1:39:54,17,58,0.4,3758,0,OK,313,0,0,1127.4,0
2026-10-02 1:40:10,17,58,0.4,3758,0,OK,307,0,0,1127.4,0
2026-10-02 1:40:26,17,58,0.3,3758,0,OK,52,0,0,1127.4,0
2026-10-02 1:40:42,17,58,0.6,3758,0,OK,319,0,0,1127.4,0
2026-10-02 1:40:58,17.1,57,0.4,3758,0,OK,237,0,0,1127.4,0
2026-10-02 1:41:14,17.1,57,0.1,3758,0,OK,19,0,0,1127.4,0
2026-10-02 1:41:30,17.1,58,0.6,3758,0,OK,41,0,0,1127.4,0
2026-10-02 1:41:46,17.1,58,0.1,3758,0,OK,298,0,0,1127.4,0
2026-10-02 1:42:02,17.1,58,0.6,3758,0,OK,33,0,0,1127.4,0
2026-10-02 1:42:18,17.1,58,0.8,3758,0,OK,349,0,0,1127.4,0
2026-10-02 1:42:34,17.1,58,0.3,3758,0,OK,314,0,0,1127.4,0
2026-10-02 1:42:50,17.1,58,0,3758,0,OK,301,0,0,1127.4,0
2026-10-02 1:43:06,17.1,58,0.1,3758,0,OK,34,0,0,1127.4,0
2026-10-02 1:43:22,17.1,58,0,3758,0,OK,32,0,0,1127.4,0
2026-10-02 1:43:38,17.1,58,0.1,3758,0,OK,287,0,0,1127.4,0
2026-10-02 1:43:54,17,58,0,3758,0,OK,280,0,0,1127.4,0
2026-10-02 1:44:10,17.1,58,0,3758,0,OK,276,0,0,1127.4,0
2026-10-02 1:44:26,17.1,58,1.5,3758,0,OK,286,0,0,1127.4,0
2026-10-02 1:44:42,17.1,58,0.3,3758,0,OK,321,0,0,1127.4,0
2026-10-02 1:44:58,17,58,0,3758,0,OK,308,0,0,1127.4,0
2026-10-02 1:45:14,17,58,0.1,3758,0,OK,274,0,0,1127.4,0
2026-10-02 1:45:30,17,58,0.8,3758,0,OK,271,0,0,1127.4,0
2026-10-02 1:45:46,17,58,0.3,3758,0,OK,308,0,0,1127.4,0
2026-10-02 1:46:02,17,58,0,3758,0,OK,31,0,0,1127.4,0
2026-10-02 1:46:18,17,58,0.7,3758,0,OK,327,0,0,1127.4,0
2026-10-02 1:46:34,17,58,0.6,3758,0,OK,326,0,0,1127.4,0
2026-10-02 1:46:50,17,59,0,3758,0,OK,266,0,0,1127.4,0
2026-10-02 1:47:06,17,59,0,3758,0,OK,319,0,0,1127.4,0
2026-10-02 1:47:22,17,59,0,3758,0,OK,296,0,0,1127.4,0
2026-10-02 1:47:38,17,59,0.1,3758,0,OK,314,0,0,1127.4,0
2026-10-02 1:47:54,17,59,0,3758,0,OK,321,0,0,1127.4,0
2026-10-02 1:48:10,16.9,59,0.4,3758,0,OK,86,0,0,1127.4,0
2026-10-02 1:48:26,17,59,0.7,3758,0,OK,294,0,0,1127.4,0
2026-10-02 1:48:42,17,58,1.5,3758,0,OK,314,0,0,1127.4,0
2026-10-02 1:48:58,17,58,0.3,3758,0,OK,312,0,0,1127.4,0
2026-10-02 1:49:14,17,58,0,3758,0,OK,355,0,0,1127.4,0
2026-10-02 1:49:30,17,58,0,3758,0,OK,4,0,0,1127.4,0
2026-10-02 1:49:46,17,58,0,3758,0,OK,330,0,0,1127.4,0
2026-10-02 1:50:02,17,58,0,3758,0,OK,82,0,0,1127.4,0
2026-10-02 1:50:18,17,58,0.4,3758,0,OK,298,0,0,1127.4,0
2026-10-02 1:50:34,17,58,0,3758,0,OK,259,0,0,1127.4,0
2026-10-02 1:50:50,17,58,0.1,3758,0,OK,56,0,0,1127.4,0
2026-10-02 1:51:06,17,58,0.4,3758,0,OK,321,0,0,1127.4,0
2026-10-02 1:51:22,17,58,0,3758,0,OK,306,0,0,1127.4,0
2026-10-02 1:51:38,17,58,0,3758,0,OK,38,0,0,1127.4,0
2026-10-02 1:51:54,17,58,0.3,3758,0,OK,276,0,0,1127.4,0
2026-10-02 1:52:10,17,58,0.4,3758,0,OK,299,0,0,1127.4,0
2026-10-02 1:52:26,17,58,0,3758,0,OK,324,0,0,1127.4,0
2026-10-02 1:52:42,17,58,0.3,3758,0,OK,314,0,0,1127.4,0
2026-10-02 1:52:58,17,58,0.4,3758,0,OK,286,0,0,1127.4,0
2026-10-02 1:53:14,17,58,0.6,3758,0,OK,315,0,0,1127.4,0
2026-10-02 1:53:30,17,58,0.1,3758,0,OK,339,0,0,1127.4,0
2026-10-02 1:53:46,17,58,0,3758,0,OK,293,0,0,1127.4,0
2026-10-02 1:54:02,17,58,0,3758,0,OK,304,0,0,1127.4,0
2026-10-02 1:54:18,17,58,0,3758,0,OK,315,0,0,1127.4,0
2026-10-02 1:54:34,17,58,0,3758,0,OK,296,0,0,1127.4,0
2026-10-02 1:54:50,17,58,0,3758,0,OK,342,0,0,1127.4,0
2026-10-02 1:55:06,17,58,0,3758,0,OK,328,0,0,1127.4,0
2026-10-02 1:55:22,17,58,0,3758,0,OK,294,0,0,1127.4,0
2026-10-02 1:55:38,16.9,58,0.6,3758,0,OK,290,0,0,1127.4,0
2026-10-02 1:55:54,17,58,0.4,3758,0,OK,335,0,0,1127.4,0
2026-10-02 1:56:10,17,58,0.4,3758,0,OK,295,0,0,1127.4,0
2026-10-02 1:56:26,17,58,0.4,3758,0,OK,279,0,0,1127.4,0
2026-10-02 1:56:42,17,58,0.1,3758,0,OK,328,0,0,1127.4,0
2026-10-02 1:56:58,17,58,0.8,3758,0,OK,339,0,0,1127.4,0
2026-10-02 1:57:14,17,58,0.6,3758,0,OK,319,0,0,1127.4,0
2026-10-02 1:57:30,17,58,0.3,3758,0,OK,332,0,0,1127.4,0
2026-10-02 1:57:46,17,58,0,3758,0,OK,347,0,0,1127.4,0
2026-10-02 1:58:02,17,58,0,3758,0,OK,279,0,0,1127.4,0
2026-10-02 1:58:18,17,58,0,3758,0,OK,320,0,0,1127.4,0
2026-10-02 1:58:34,17,58,0,3758,0,OK,304,0,0,1127.4,0
2026-10-02 1:58:50,16.9,58,0.1,3758,0,OK,290,0,0,1127.4,0
2026-10-02 1:59:06,16.9,58,0.6,3758,0,OK,277,0,0,1127.4,0
2026-10-02 1:59:22,16.9,58,0.1,3758,0,OK,335,0,0,1127.4,0
2026-10-02 1:59:38,16.9,58,0,3758,0,OK,329,0,0,1127.4,0
2026-10-02 1:59:54,16.9,58,0,3758,0,OK,338,0,0,1127.4,0
2026-10-02 2:00:10,16.9,58,0,3758,0,OK,276,0,0,1127.4,0
2026-10-02 2:00:26,16.9,58,0,3758,0,OK,357,0,0,1127.4,0
2026-10-02 2:00:42,16.9,58,0,3758,0,OK,303,0,0,1127.4,0
2026-10-02 2:00:58,16.9,58,0,3758,0,OK,356,0,0,1127.4,0
2026-10-02 2:01:14,16.9,58,0,3758,0,OK,56,0,0,1127.4,0
2026-10-02 2:01:30,16.9,58,0.1,3758,0,OK,288,0,0,1127.4,0
2026-10-02 2:01:46,16.9,58,0.3,3758,0,OK,11,0,0,1127.4,0
2026-10-02 2:02:02,16.9,58,0,3758,0,OK,315,0,0,1127.4,0
2026-10-02 2:02:18,16.9,58,0,3758,0,OK,354,0,0,1127.4,0
2026-10-02 2:02:34,16.9,59,0,3758,0,OK,10,0,0,1127.4,0
2026-10-02 2:02:50,16.9,59,0.1,3758,0,OK,274,0,0,1127.4,0
2026-10-02 2:03:06,16.9,59,0.1,3758,0,OK,292,0,0,1127.4,0
2026-10-02 2:03:22,16.9,59,0,3758,0,OK,267,0,0,1127.4,0
2026-10-02 2:03:38,16.9,59,0,3758,0,OK,287,0,0,1127.4,0
2026-10-02 2:03:54,16.9,59,0,3758,0,OK,314,0,0,1127.4,0
2026-10-02 2:04:10,16.9,59,0,3758,0,OK,289,0,0,1127.4,0
2026-10-02 2:04:26,16.9,59,0,3758,0,OK,319,0,0,1127.4,0
2026-10-02 2:04:42,16.9,59,0,3758,0,OK,346,0,0,1127.4,0
2026-10-02 2:04:58,16.9,59,0,3758,0,OK,313,0,0,1127.4,0
2026-10-02 2:05:14,16.9,59,0.1,3758,0,OK,276,0,0,1127.4,0
2026-10-02 2:05:30,16.9,59,0,3758,0,OK,357,0,0,1127.4,0
2026-10-02 2:05:46,16.9,59,0.1,3758,0,OK,58,0,0,1127.4,0
2026-10-02 2:06:02,16.9,59,0.4,3758,0,OK,319,0,0,1127.4,0
2026-10-02 2:06:18,16.9,59,0.1,3758,0,OK,354,0,0,1127.4,0
2026-10-02 2:06:34,16.9,59,0,3758,0,OK,313,0,0,1127.4,0
2026-10-02 2:06:50,16.9,59,0,3758,0,OK,311,0,0,1127.4,0
2026-10-02 2:07:06,16.9,59,0,3758,0,OK,309,0,0,1127.4,0
2026-10-02 2:07:22,16.9,59,0,3758,0,OK,293,0,0,1127.4,0
2026-10-02 2:07:38,16.8,59,0,3758,0,OK,300,0,0,1127.4,0
2026-10-02 2:07:54,16.8,59,0,3758,0,OK,306,0,0,1127.4,0
2026-10-02 2:08:10,16.8,59,0,3758,0,OK,288,0,0,1127.4,0
2026-10-02 2:08:26,16.8,59,0,3758,0,OK,313,0,0,1127.4,0
2026-10-02 2:08:42,16.8,59,0,3758,0,OK,305,0,0,1127.4,0
2026-10-02 2:08:58,16.8,59,0,3758,0,OK,293,0,0,1127.4,0
2026-10-02 2:09:14,16.8,59,0,3758,0,OK,341,0,0,1127.4,0
2026-10-02 2:09:30,16.8,59,0,3758,0,OK,18,0,0,1127.4,0
2026-10-02 2:09:46,16.8,59,0,3758,0,OK,342,0,0,1127.4,0
2026-10-02 2:10:02,16.8,59,0.1,3758,0,OK,334,0,0,1127.4,0
2026-10-02 2:10:18,16.8,59,0,3758,0,OK,307,0,0,1127.4,0
2026-10-02 2:10:34,16.8,59,0,3758,0,OK,291,0,0,1127.4,0
2026-10-02 2:10:50,16.8,59,0,3758,0,OK,307,0,0,1127.4,0
2026-10-02 2:11:06,16.8,59,0,3758,0,OK,295,0,0,1127.4,0
2026-10-02 2:11:22,16.7,59,0,3758,0,OK,295,0,0,1127.4,0
2026-10-02 2:11:38,16.7,59,0,3758,0,OK,41,0,0,1127.4,0
2026-10-02 2:11:54,16.8,59,0,3758,0,OK,339,0,0,1127.4,0
2026-10-02 2:12:10,16.8,59,0,3758,0,OK,318,0,0,1127.4,0
2026-10-02 2:12:26,16.8,59,0,3758,0,OK,55,0,0,1127.4,0
2026-10-02 2:12:42,16.8,59,0,3758,0,OK,302,0,0,1127.4,0
2026-10-02 2:12:58,16.8,59,0,3758,0,OK,312,0,0,1127.4,0
2026-10-02 2:13:14,16.8,58,0,3758,0,OK,297,0,0,1127.4,0
2026-10-02 2:13:30,16.8,58,0,3758,0,OK,301,0,0,1127.4,0
2026-10-02 2:13:46,16.8,59,0,3758,0,OK,290,0,0,1127.4,0
2026-10-02 2:14:02,16.8,59,0,3758,0,OK,289,0,0,1127.4,0
2026-10-02 2:14:18,16.8,59,0,3758,0,OK,295,0,0,1127.4,0
2026-10-02 2:14:34,16.7,59,0,3758,0,OK,299,0,0,1127.4,0
2026-10-02 2:14:50,16.7,59,0,3758,0,OK,327,0,0,1127.4,0
2026-10-02 2:15:06,16.8,59,0,3758,0,OK,284,0,0,1127.4,0
2026-10-02 2:15:22,16.7,59,0,3758,0,OK,5,0,0,1127.4,0
2026-10-02 2:15:38,16.7,59,0,3758,0,OK,292,0,0,1127.4,0
2026-10-02 2:15:54,16.7,59,0.1,3758,0,OK,315,0,0,1127.4,0
2026-10-02 2:16:10,16.8,59,1,3758,0,OK,298,0,0,1127.4,0
2026-10-02 2:16:26,16.8,58,0.1,3758,0,OK,84,0,0,1127.4,0
2026-10-02 2:16:42,16.8,58,0,3758,0,OK,310,0,0,1127.4,0
2026-10-02 2:16:58,16.8,58,0,3758,0,OK,328,0,0,1127.4,0
2026-10-02 2:17:14,16.8,58,0.6,3758,0,OK,39,0,0,1127.4,0
2026-10-02 2:17:30,16.9,58,1.3,3758,0,OK,279,0,0,1127.4,0
2026-10-02 2:17:46,16.9,58,0.7,3758,0,OK,309,0,0,1127.4,0
2026-10-02 2:18:02,16.9,58,0.4,3758,0,OK,335,0,0,1127.4,0
2026-10-02 2:18:18,16.9,58,0.1,3758,0,OK,178,0,0,1127.4,0
2026-10-02 2:18:34,16.9,58,0,3758,0,OK,351,0,0,1127.4,0
2026-10-02 2:18:50,16.9,58,0.6,3758,0,OK,303,0,0,1127.4,0
2026-10-02 2:19:06,16.9,58,0.1,3758,0,OK,276,0,0,1127.4,0
2026-10-02 2:19:22,17,58,1.8,3758,0,OK,240,0,0,1127.4,0
2026-10-02 2:19:38,16.9,57,0.6,3758,0,OK,320,0,0,1127.4,0
2026-10-02 2:19:54,17,57,0,3758,0,OK,305,0,0,1127.4,0
2026-10-02 2:20:10,17,57,0,3758,0,OK,319,0,0,1127.4,0
2026-10-02 2:20:26,16.9,57,0.1,3758,0,OK,3,0,0,1127.4,0
2026-10-02 2:20:42,17,57,0,3758,0,OK,32,0,0,1127.4,0
2026-10-02 2:20:58,16.9,58,0,3758,0,OK,297,0,0,1127.4,0
2026-10-02 2:21:14,16.9,58,0.7,3758,0,OK,13,0,0,1127.4,0
2026-10-02 2:21:30,16.9,58,0.1,3758,0,OK,348,0,0,1127.4,0
2026-10-02 2:21:46,16.9,57,0.3,3758,0,OK,357,0,0,1127.4,0
2026-10-02 2:22:02,16.9,57,0,3758,0,OK,336,0,0,1127.4,0
2026-10-02 2:22:18,17,57,0,3758,0,OK,330,0,0,1127.4,0
2026-10-02 2:22:34,16.9,57,0.4,3758,0,OK,264,0,0,1127.4,0
2026-10-02 2:22:50,16.9,57,0,3758,0,OK,307,0,0,1127.4,0
2026-10-02 2:23:06,17,57,0,3758,0,OK,332,0,0,1127.4,0
2026-10-02 2:23:22,17,57,0.4,3758,0,OK,332,0,0,1127.4,0
2026-10-02 2:23:38,17,57,0.6,3758,0,OK,336,0,0,1127.4,0
2026-10-02 2:23:54,17,57,0.4,3758,0,OK,316,0,0,1127.4,0
2026-10-02 2:24:10,17,57,0,3758,0,OK,303,0,0,1127.4,0
2026-10-02 2:24:26,16.9,57,0,3758,0,OK,323,0,0,1127.4,0
2026-10-02 2:24:42,16.9,57,0.1,3758,0,OK,332,0,0,1127.4,0
2026-10-02 2:24:58,16.9,57,0,3758,0,OK,268,0,0,1127.4,0
2026-10-02 2:25:14,16.9,57,0.1,3758,0,OK,305,0,0,1127.4,0
2026-10-02 2:25:30,16.9,57,0.1,3758,0,OK,268,0,0,1127.4,0
2026-10-02 2:25:46,17,57,0,3758,0,OK,304,0,0,1127.4,0
2026-10-02 2:26:02,16.9,57,0.8,3758,0,OK,49,0,0,1127.4,0
2026-10-02 2:26:18,16.9,56,0.1,3758,0,OK,305,0,0,1127.4,0
2026-10-02 2:26:34,17,56,0.3,3758,0,OK,297,0,0,1127.4,0
2026-10-02 2:26:50,17,56,0.1,3758,0,OK,293,0,0,1127.4,0
2026-10-02 2:27:06,17,57,0.4,3758,0,OK,315,0,0,1127.4,0
2026-10-02 2:27:22,17,57,0,3758,0,OK,53,0,0,1127.4,0
2026-10-02 2:27:38,17,57,1.1,3758,0,OK,286,0,0,1127.4,0
2026-10-02 2:27:54,17,56,1,3758,0,OK,71,0,0,1127.4,0
2026-10-02 2:28:10,17.1,56,0,3758,0,OK,283,0,0,1127.4,0
2026-10-02 2:28:26,17,56,0,3758,0,OK,358,0,0,1127.4,0
2026-10-02 2:28:42,17,56,0.1,3758,0,OK,357,0,0,1127.4,0
2026-10-02 2:28:58,17.1,56,0.6,3758,0,OK,66,0,0,1127.4,0
2026-10-02 2:29:14,17.1,56,0.6,3758,0,OK,313,0,0,1127.4,0
2026-10-02 2:29:30,17.1,56,0.1,3758,0,OK,356,0,0,1127.4,0
2026-10-02 2:29:46,17.1,56,0.7,3758,0,OK,10,0,0,1127.4,0
2026-10-02 2:30:02,17.1,56,0.1,3758,0,OK,260,0,0,1127.4,0
2026-10-02 2:30:18,17.2,56,0.1,3758,0,OK,294,0,0,1127.4,0
2026-10-02 2:30:34,17.1,56,0,3758,0,OK,87,0,0,1127.4,0
2026-10-02 2:30:50,17.2,56,0,3758,0,OK,331,0,0,1127.4,0
2026-10-02 2:31:06,17.1,56,0,3758,0,OK,358,0,0,1127.4,0
2026-10-02 2:31:22,17.1,56,0,3758,0,OK,290,0,0,1127.4,0
2026-10-02 2:31:38,17.1,56,0,3758,0,OK,273,0,0,1127.4,0
2026-10-02 2:31:54,17.1,56,0,3758,0,OK,311,0,0,1127.4,0
2026-10-02 2:32:10,17.1,56,0,3758,0,OK,309,0,0,1127.4,0
2026-10-02 2:32:26,17.1,56,0.3,3758,0,OK,355,0,0,1127.4,0
2026-10-02 2:32:42,17.1,56,0.8,3758,0,OK,302,0,0,1127.4,0
2026-10-02 2:32:58,17.1,56,0.1,3758,0,OK,276,0,0,1127.4,0
2026-10-02 2:33:14,17.1,56,0,3758,0,OK,301,0,0,1127.4,0
2026-10-02 2:33:30,17.1,56,0.1,3758,0,OK,317,0,0,1127.4,0
2026-10-02 2:33:46,17.1,56,0.1,3758,0,OK,291,0,0,1127.4,0
2026-10-02 2:34:02,17.1,56,0.7,3758,0,OK,294,0,0,1127.4,0
2026-10-02 2:34:18,17.1,55,0,3758,0,OK,353,0,0,1127.4,0
2026-10-02 2:34:34,17.1,55,0.3,3758,0,OK,70,0,0,1127.4,0
2026-10-02 2:34:50,17,55,0,3758,0,OK,300,0,0,1127.4,0
2026-10-02 2:35:06,17.1,55,0,3758,0,OK,36,0,0,1127.4,0
2026-10-02 2:35:22,17.1,55,0.3,3758,0,OK,31,0,0,1127.4,0
2026-10-02 2:35:38,17.1,55,0,3758,0,OK,31,0,0,1127.4,0
2026-10-02 2:35:54,17.1,55,0,3758,0,OK,312,0,0,1127.4,0
2026-10-02 2:36:10,17.1,55,0,3758,0,OK,319,0,0,1127.4,0
2026-10-02 2:36:26,17.1,55,0.1,3758,0,OK,311,0,0,1127.4,0
2026-10-02 2:36:42,17.1,55,0,3758,0,OK,110,0,0,1127.4,0
2026-10-02 2:36:58,17.1,55,0,3758,0,OK,229,0,0,1127.4,0
2026-10-02 2:37:14,17.1,55,0.3,3758,0,OK,277,0,0,1127.4,0
2026-10-02 2:37:30,17.1,55,1.1,3758,0,OK,306,0,0,1127.4,0
2026-10-02 2:37:46,17.2,55,2,3758,0,OK,37,0,0,1127.4,0
2026-10-02 2:38:02,17.2,55,1.1,3758,0,OK,346,0,0,1127.4,0
2026-10-02 2:38:18,17.2,55,0.1,3758,0,OK,283,0,0,1127.4,0
2026-10-02 2:38:34,17.2,55,0,3758,0,OK,294,0,0,1127.4,0
2026-10-02 2:38:50,17.3,55,0.1,3758,0,OK,47,0,0,1127.4,0
2026-10-02 2:39:06,17.2,55,1.4,3758,0,OK,312,0,0,1127.4,0
2026-10-02 2:39:22,17.3,55,1.1,3758,0,OK,326,0,0,1127.4,0
2026-10-02 2:39:38,17.3,55,0.7,3758,0,OK,46,0,0,1127.4,0
2026-10-02 2:39:54,17.3,55,0.3,3758,0,OK,262,0,0,1127.4,0
2026-10-02 2:40:10,17.3,55,0.1,3758,0,OK,304,0,0,1127.4,0
2026-10-02 2:40:26,17.2,55,0,3758,0,OK,67,0,0,1127.4,0
2026-10-02 2:40:42,17.2,55,0,3758,0,OK,56,0,0,1127.4,0
2026-10-02 2:40:58,17.2,55,0,3758,0,OK,60,0,0,1127.4,0
2026-10-02 2:41:14,17.2,55,0,3758,0,OK,132,0,0,1127.4,0
2026-10-02 2:41:30,17.2,55,0,3758,0,OK,290,0,0,1127.4,0
2026-10-02 2:41:46,17.2,55,0.4,3758,0,OK,279,0,0,1127.4,0
2026-10-02 2:42:02,17.2,55,1.7,3758,0,OK,324,0,0,1127.4,0
2026-10-02 2:42:18,17.2,54,0.4,3758,0,OK,343,0,0,1127.4,0
2026-10-02 2:42:34,17.2,54,0.3,3758,0,OK,0,0,0,1127.4,0
2026-10-02 2:42:50,17.2,54,0.4,3758,0,OK,289,0,0,1127.4,0
2026-10-02 2:43:06,17.2,54,1.4,3758,0,OK,276,0,0,1127.4,0
2026-10-02 2:43:22,17.3,54,1,3758,0,OK,55,0,0,1127.4,0
2026-10-02 2:43:38,17.3,54,0,3758,0,OK,304,0,0,1127.4,0
2026-10-02 2:43:54,17.3,54,0.4,3758,0,OK,327,0,0,1127.4,0
2026-10-02 2:44:10,17.3,54,1.1,3758,0,OK,275,0,0,1127.4,0
2026-10-02 2:44:26,17.3,54,1.1,3758,0,OK,312,0,0,1127.4,0
2026-10-02 2:44:42,17.3,54,0.8,3758,0,OK,315,0,0,1127.4,0
2026-10-02 2:44:58,17.3,54,0.4,3758,0,OK,316,0,0,1127.4,0
2026-10-02 2:45:14,17.3,54,0.8,3758,0,OK,280,0,0,1127.4,0
2026-10-02 2:45:30,17.3,54,0.8,3758,0,OK,306,0,0,1127.4,0
2026-10-02 2:45:46,17.3,54,0,3758,0,OK,327,0,0,1127.4,0
2026-10-02 2:46:02,17.3,54,0.7,3758,0,OK,296,0,0,1127.4,0
2026-10-02 2:46:18,17.3,54,0.3,3758,0,OK,310,0,0,1127.4,0
2026-10-02 2:46:34,17.3,54,0.1,3758,0,OK,267,0,0,1127.4,0
2026-10-02 2:46:50,17.3,54,0.3,3758,0,OK,340,0,0,1127.4,0
2026-10-02 2:47:06,17.3,54,1.1,3758,0,OK,22,0,0,1127.4,0
2026-10-02 2:47:22,17.3,53,0.8,3758,0,OK,25,0,0,1127.4,0
2026-10-02 2:47:38,17.3,53,0.4,3758,0,OK,319,0,0,1127.4,0
2026-10-02 2:47:54,17.3,53,1.3,3758,0,OK,53,0,0,1127.4,0
2026-10-02 2:48:10,17.3,53,1.8,3758,0,OK,40,0,0,1127.4,0
2026-10-02 2:48:26,17.4,53,0.8,3758,0,OK,291,0,0,1127.4,0
2026-10-02 2:48:42,17.4,53,0.1,3758,0,OK,277,0,0,1127.4,0
2026-10-02 2:48:58,17.3,53,0.7,3758,0,OK,304,0,0,1127.4,0
2026-10-02 2:49:14,17.3,53,0.7,3758,0,OK,328,0,0,1127.4,0
2026-10-02 2:49:30,17.3,53,0.3,3758,0,OK,313,0,0,1127.4,0
2026-10-02 2:49:46,17.3,53,0.4,3758,0,OK,343,0,0,1127.4,0
2026-10-02 2:50:02,17.3,53,0.7,3758,0,OK,54,0,0,1127.4,0
2026-10-02 2:50:18,17.3,53,1.4,3758,0,OK,233,0,0,1127.4,0
2026-10-02 2:50:34,17.3,52,1.7,3758,0,OK,339,0,0,1127.4,0
2026-10-02 2:50:50,17.3,52,1.5,3758,0,OK,290,0,0,1127.4,0
2026-10-02 2:51:06,17.3,52,0.4,3758,0,OK,346,0,0,1127.4,0
2026-10-02 2:51:22,17.3,52,0.6,3758,0,OK,331,0,0,1127.4,0
2026-10-02 2:51:38,17.3,52,1,3758,0,OK,274,0,0,1127.4,0
2026-10-02 2:51:54,17.3,53,0.1,3758,0,OK,296,0,0,1127.4,0
2026-10-02 2:52:10,17.3,53,1.1,3758,0,OK,302,0,0,1127.4,0
2026-10-02 2:52:26,17.3,53,1.3,3758,0,OK,97,0,0,1127.4,0
2026-10-02 2:52:42,17.3,53,1.4,3758,0,OK,341,0,0,1127.4,0
2026-10-02 2:52:58,17.4,52,2.1,3758,0,OK,300,0,0,1127.4,0
2026-10-02 2:53:14,17.4,52,2,3758,0,OK,16,0,0,1127.4,0
2026-10-02 2:53:30,17.4,52,1.4,3758,0,OK,323,0,0,1127.4,0
2026-10-02 2:53:46,17.4,52,1.3,3758,0,OK,308,0,0,1127.4,0
2026-10-02 2:54:02,17.4,52,1.4,3758,0,OK,291,0,0,1127.4,0
2026-10-02 2:54:18,17.4,52,1.1,3758,0,OK,290,0,0,1127.4,0
2026-10-02 2:54:34,17.4,52,0.7,3758,0,OK,336,0,0,1127.4,0
2026-10-02 2:54:50,17.4,52,1.7,3758,0,OK,297,0,0,1127.4,0
2026-10-02 2:55:06,17.4,52,0.7,3758,0,OK,90,0,0,1127.4,0
2026-10-02 2:55:22,17.4,52,0.7,3758,0,OK,338,0,0,1127.4,0
2026-10-02 2:55:38,17.4,52,1.1,3758,0,OK,55,0,0,1127.4,0
2026-10-02 2:55:54,17.4,52,0.6,3758,0,OK,8,0,0,1127.4,0
2026-10-02 2:56:10,17.4,52,1.1,3758,0,OK,315,0,0,1127.4,0
2026-10-02 2:56:26,17.4,52,1,3758,0,OK,321,0,0,1127.4,0
2026-10-02 2:56:42,17.4,52,0.8,3758,0,OK,308,0,0,1127.4,0
2026-10-02 2:56:58,17.4,52,1.4,3758,0,OK,304,0,0,1127.4,0
2026-10-02 2:57:14,17.4,52,1.1,3758,0,OK,75,0,0,1127.4,0
2026-10-02 2:57:30,17.3,52,0.8,3758,0,OK,305,0,0,1127.4,0
2026-10-02 2:57:46,17.3,52,0.6,3758,0,OK,299,0,0,1127.4,0
2026-10-02 2:58:02,17.4,52,1,3758,0,OK,304,0,0,1127.4,0
2026-10-02 2:58:18,17.3,52,1.3,3758,0,OK,5,0,0,1127.4,0
2026-10-02 2:58:34,17.4,52,0.8,3758,0,OK,39,0,0,1127.4,0
2026-10-02 2:58:50,17.3,52,0.3,3758,0,OK,338,0,0,1127.4,0
2026-10-02 2:59:06,17.3,52,0.6,3758,0,OK,340,0,0,1127.4,0
2026-10-02 2:59:22,17.3,52,0.4,3758,0,OK,38,0,0,1127.4,0
2026-10-02 2:59:38,17.3,52,0.6,3758,0,OK,329,0,0,1127.4,0
2026-10-02 2:59:54,17.3,52,0.6,3758,0,OK,96,0,0,1127.4,0
2026-10-02 3:00:10,17.3,52,1.3,3758,0,OK,316,0,0,1127.4,0
2026-10-02 3:00:26,17.3,52,0.6,3758,0,OK,314,0,0,1127.4,0
2026-10-02 3:00:42,17.3,52,0,3758,0,OK,356,0,0,1127.4,0
2026-10-02 3:00:58,17.3,52,0,3758,0,OK,23,0,0,1127.4,0
2026-10-02 3:01:14,17.3,52,0,3758,0,OK,351,0,0,1127.4,0
2026-10-02 3:01:30,17.3,52,0,3758,0,OK,293,0,0,1127.4,0
2026-10-02 3:01:46,17.3,52,0.3,3758,0,OK,350,0,0,1127.4,0
2026-10-02 3:02:02,17.3,52,1,3758,0,OK,306,0,0,1127.4,0
2026-10-02 3:02:18,17.3,53,0.1,3758,0,OK,283,0,0,1127.4,0
2026-10-02 3:02:34,17.2,53,0,3758,0,OK,339,0,0,1127.4,0
2026-10-02 3:02:50,17.2,53,0,3758,0,OK,352,0,0,1127.4,0
2026-10-02 3:03:06,17.2,53,0,3758,0,OK,3,0,0,1127.4,0
2026-10-02 3:03:22,17.2,53,0,3758,0,OK,292,0,0,1127.4,0
2026-10-02 3:03:38,17.2,53,0,3758,0,OK,13,0,0,1127.4,0
2026-10-02 3:03:54,17.1,54,0.8,3758,0,OK,311,0,0,1127.4,0
2026-10-02 3:04:10,17.1,54,0.6,3758,0,OK,243,0,0,1127.4,0
2026-10-02 3:04:26,17.1,55,0.8,3758,0,OK,290,0,0,1127.4,0
2026-10-02 3:04:42,17.1,55,1.4,3758,0,OK,285,0,0,1127.4,0
2026-10-02 3:04:58,17.1,55,1.1,3758,0,OK,301,0,0,1127.4,0
2026-10-02 3:05:14,17.1,55,0.4,3758,0,OK,322,0,0,1127.4,0
2026-10-02 3:05:30,17,56,0.3,3758,0,OK,310,0,0,1127.4,0
2026-10-02 3:05:46,17,56,0.1,3758,0,OK,317,0,0,1127.4,0
2026-10-02 3:06:02,17,56,0,3758,0,OK,216,0,0,1127.4,0
2026-10-02 3:06:18,17,56,0,3758,0,OK,286,0,0,1127.4,0
2026-10-02 3:06:34,17,56,0,3758,0,OK,4,0,0,1127.4,0
2026-10-02 3:06:50,16.9,56,0.3,3758,0,OK,262,0,0,1127.4,0
2026-10-02 3:07:06,16.9,56,0.7,3758,0,OK,308,0,0,1127.4,0
2026-10-02 3:07:22,16.9,56,0.3,3758,0,OK,330,0,0,1127.4,0
2026-10-02 3:07:38,16.9,56,0.6,3758,0,OK,287,0,0,1127.4,0
2026-10-02 3:07:54,16.9,56,0.4,3758,0,OK,343,0,0,1127.4,0
2026-10-02 3:08:10,16.8,56,0.1,3758,0,OK,299,0,0,1127.4,0
2026-10-02 3:08:26,16.8,56,0.3,3758,0,OK,284,0,0,1127.4,0
2026-10-02 3:08:42,16.8,56,0.7,3758,0,OK,274,0,0,1127.4,0
2026-10-02 3:08:58,16.8,55,0.8,3758,0,OK,316,0,0,1127.4,0
2026-10-02 3:09:14,16.8,55,0.8,3758,0,OK,312,0,0,1127.4,0
2026-10-02 3:09:30,16.8,55,0.7,3758,0,OK,305,0,0,1127.4,0
2026-10-02 3:09:46,16.8,55,0.7,3758,0,OK,300,0,0,1127.4,0
2026-10-02 3:10:02,16.8,56,0.8,3758,0,OK,83,0,0,1127.4,0
2026-10-02 3:10:18,16.8,55,1.3,3758,0,OK,276,0,0,1127.4,0
2026-10-02 3:10:34,16.8,55,0.8,3758,0,OK,356,0,0,1127.4,0
2026-10-02 3:10:50,16.7,55,0.7,3758,0,OK,328,0,0,1127.4,0
2026-10-02 3:11:06,16.7,56,0.7,3758,0,OK,302,0,0,1127.4,0
2026-10-02 3:11:22,16.7,56,1.3,3758,0,OK,299,0,0,1127.4,0
2026-10-02 3:11:38,16.7,56,1.4,3758,0,OK,290,0,0,1127.4,0
2026-10-02 3:11:54,16.7,56,1,3758,0,OK,307,0,0,1127.4,0
2026-10-02 3:12:10,16.7,56,1.7,3758,0,OK,306,0,0,1127.4,0
2026-10-02 3:12:26,16.7,56,0.4,3758,0,OK,346,0,0,1127.4,0
2026-10-02 3:12:42,16.6,56,0.7,3758,0,OK,95,0,0,1127.4,0
2026-10-02 3:12:58,16.6,56,0,3758,0,OK,326,0,0,1127.4,0
2026-10-02 3:13:14,16.6,56,0.7,3758,0,OK,307,0,0,1127.4,0
2026-10-02 3:13:30,16.6,57,1,3758,0,OK,341,0,0,1127.4,0
2026-10-02 3:13:46,16.6,57,0.6,3758,0,OK,99,0,0,1127.4,0
2026-10-02 3:14:02,16.6,57,0.6,3758,0,OK,11,0,0,1127.4,0
2026-10-02 3:14:18,16.5,57,0.1,3758,0,OK,297,0,0,1127.4,0
2026-10-02 3:14:34,16.6,57,0,3758,0,OK,261,0,0,1127.4,0
2026-10-02 3:14:50,16.5,57,0,3758,0,OK,282,0,0,1127.4,0
2026-10-02 3:15:06,16.5,57,0,3758,0,OK,204,0,0,1127.4,0
2026-10-02 3:15:22,16.5,57,0,3758,0,OK,265,0,0,1127.4,0
2026-10-02 3:15:38,16.5,58,0.1,3758,0,OK,309,0,0,1127.4,0
2026-10-02 3:15:54,16.5,58,0.1,3758,0,OK,330,0,0,1127.4,0
2026-10-02 3:16:10,16.4,58,0.1,3758,0,OK,320,0,0,1127.4,0
2026-10-02 3:16:26,16.4,58,0.4,3758,0,OK,301,0,0,1127.4,0
2026-10-02 3:16:42,16.4,58,0,3758,0,OK,325,0,0,1127.4,0
2026-10-02 3:16:58,16.4,58,0,3758,0,OK,262,0,0,1127.4,0
2026-10-02 3:17:14,16.4,58,0,3758,0,OK,302,0,0,1127.4,0
2026-10-02 3:17:30,16.4,58,0,3758,0,OK,274,0,0,1127.4,0
2026-10-02 3:17:46,16.3,58,0.3,3758,0,OK,284,0,0,1127.4,0
2026-10-02 3:18:02,16.3,58,0.3,3758,0,OK,345,0,0,1127.4,0
2026-10-02 3:18:18,16.3,58,0,3758,0,OK,9,0,0,1127.4,0
2026-10-02 3:18:34,16.3,58,0,3758,0,OK,344,0,0,1127.4,0
2026-10-02 3:19:22,16.2,58,0,3758,0,OK,321,0,0,1127.4,0
2026-10-02 3:19:38,16.2,58,0,3758,0,OK,296,0,0,1127.4,0
2026-10-02 3:19:54,16.3,58,0,3758,0,OK,313,0,0,1127.4,0
2026-10-02 3:20:10,16.2,58,0,3758,0,OK,274,0,0,1127.4,0
2026-10-02 3:20:26,16.2,58,0,3758,0,OK,282,0,0,1127.4,0
2026-10-02 3:20:42,16.2,58,0,3758,0,OK,256,0,0,1127.4,0
2026-10-02 3:20:58,16.2,58,0,3758,0,OK,299,0,0,1127.4,0
2026-10-02 3:21:14,16.2,58,0,3758,0,OK,339,0,0,1127.4,0
2026-10-02 3:21:30,16.2,58,0,3758,0,OK,353,0,0,1127.4,0
2026-10-02 3:21:46,16.2,58,0.1,3758,0,OK,302,0,0,1127.4,0
2026-10-02 3:22:02,16.2,57,0.3,3758,0,OK,261,0,0,1127.4,0
2026-10-02 3:22:18,16.2,57,0,3758,0,OK,297,0,0,1127.4,0
2026-10-02 3:22:34,16.2,57,0,3758,0,OK,73,0,0,1127.4,0
2026-10-02 3:22:50,16.1,57,0.4,3758,0,OK,336,0,0,1127.4,0
2026-10-02 3:23:06,16.1,57,0,3758,0,OK,220,0,0,1127.4,0
2026-10-02 3:23:22,16.1,57,0,3758,0,OK,291,0,0,1127.4,0
2026-10-02 3:23:38,16.1,57,0,3758,0,OK,290,0,0,1127.4,0
2026-10-02 3:23:54,16.1,58,0,3758,0,OK,296,0,0,1127.4,0
2026-10-02 3:24:10,16.1,58,0,3758,0,OK,281,0,0,1127.4,0
2026-10-02 3:24:26,16.1,58,0.1,3758,0,OK,302,0,0,1127.4,0
2026-10-02 3:24:42,16.1,58,0,3758,0,OK,313,0,0,1127.4,0
2026-10-02 3:24:58,16.1,58,0.1,3758,0,OK,303,0,0,1127.4,0
2026-10-02 3:25:14,16.1,58,0.1,3758,0,OK,300,0,0,1127.4,0
2026-10-02 3:25:30,16.1,58,0.4,3758,0,OK,321,0,0,1127.4,0
2026-10-02 3:25:46,16.1,58,0,3758,0,OK,302,0,0,1127.4,0
2026-10-02 3:26:02,16.1,58,0,3758,0,OK,297,0,0,1127.4,0
2026-10-02 3:26:18,16,58,0,3758,0,OK,305,0,0,1127.4,0
2026-10-02 3:26:34,16,58,0,3758,0,OK,295,0,0,1127.4,0
2026-10-02 3:26:50,16,58,0,3758,0,OK,293,0,0,1127.4,0
2026-10-02 3:27:06,16,58,0.1,3758,0,OK,300,0,0,1127.4,0
2026-10-02 3:27:22,16,58,0,3758,0,OK,301,0,0,1127.4,0
2026-10-02 3:27:38,16,58,0,3758,0,OK,16,0,0,1127.4,0
2026-10-02 3:27:54,16,58,0.1,3758,0,OK,317,0,0,1127.4,0
2026-10-02 3:28:10,16,58,1.3,3758,0,OK,306,0,0,1127.4,0
2026-10-02 3:28:26,16,58,0.3,3758,0,OK,302,0,0,1127.4,0
2026-10-02 3:28:42,16,58,0,3758,0,OK,302,0,0,1127.4,0
2026-10-02 3:28:58,16,58,0.1,3758,0,OK,351,0,0,1127.4,0
2026-10-02 3:29:14,16,58,0.6,3758,0,OK,314,0,0,1127.4,0
2026-10-02 3:29:30,16,58,0,3758,0,OK,300,0,0,1127.4,0
2026-10-02 3:29:46,16,58,0,3758,0,OK,302,0,0,1127.4,0
2026-10-02 3:30:02,16,58,0,3758,0,OK,305,0,0,1127.4,0
2026-10-02 3:30:18,16,58,0,3758,0,OK,310,0,0,1127.4,0
2026-10-02 3:30:34,15.9,58,0.6,3758,0,OK,313,0,0,1127.4,0
2026-10-02 3:30:50,16,57,0.8,3758,0,OK,285,0,0,1127.4,0
2026-10-02 3:31:06,15.9,57,0.8,3758,0,OK,321,0,0,1127.4,0
2026-10-02 3:31:22,16,57,0.4,3758,0,OK,263,0,0,1127.4,0
2026-10-02 3:31:38,15.9,57,0,3758,0,OK,300,0,0,1127.4,0
2026-10-02 3:31:54,16,57,1.3,3758,0,OK,322,0,0,1127.4,0
2026-10-02 3:32:10,15.9,57,0.6,3758,0,OK,296,0,0,1127.4,0
2026-10-02 3:32:26,15.9,57,0.4,3758,0,OK,9,0,0,1127.4,0
2026-10-02 3:32:42,15.9,57,0.1,3758,0,OK,351,0,0,1127.4,0
2026-10-02 3:32:58,15.9,57,0.1,3758,0,OK,350,0,0,1127.4,0
2026-10-02 3:33:14,15.9,57,0.4,3758,0,OK,311,0,0,1127.4,0
2026-10-02 3:33:30,15.9,57,1.1,3758,0,OK,341,0,0,1127.4,0
2026-10-02 3:33:46,15.9,57,1.3,3758,0,OK,347,0,0,1127.4,0
2026-10-02 3:34:02,15.9,56,0.7,3758,0,OK,301,0,0,1127.4,0
2026-10-02 3:34:18,15.9,56,1.3,3758,0,OK,289,0,0,1127.4,0
2026-10-02 3:34:34,15.9,56,1.4,3758,0,OK,276,0,0,1127.4,0
2026-10-02 3:34:50,15.9,56,1.3,3758,0,OK,299,0,0,1127.4,0
2026-10-02 3:35:06,15.9,56,1.5,3758,0,OK,261,0,0,1127.4,0
2026-10-02 3:35:22,15.9,56,0.7,3758,0,OK,6,0,0,1127.4,0
2026-10-02 3:35:38,15.9,56,0.4,3758,0,OK,320,0,0,1127.4,0
2026-10-02 3:35:54,15.9,56,0.1,3758,0,OK,280,0,0,1127.4,0
2026-10-02 3:36:10,15.9,56,1,3758,0,OK,335,0,0,1127.4,0
2026-10-02 3:36:26,15.9,56,1,3758,0,OK,318,0,0,1127.4,0
2026-10-02 3:36:42,15.9,56,0,3758,0,OK,326,0,0,1127.4,0
2026-10-02 3:36:58,15.9,56,0.4,3758,0,OK,313,0,0,1127.4,0
2026-10-02 3:37:14,15.9,56,0.7,3758,0,OK,25,0,0,1127.4,0
2026-10-02 3:37:30,15.9,56,0.6,3758,0,OK,333,0,0,1127.4,0
2026-10-02 3:37:46,15.9,56,0.6,3758,0,OK,315,0,0,1127.4,0
2026-10-02 3:38:02,15.9,56,0.3,3758,0,OK,322,0,0,1127.4,0
2026-10-02 3:38:18,15.9,56,0.8,3758,0,OK,319,0,0,1127.4,0
2026-10-02 3:38:34,15.8,56,0.1,3758,0,OK,283,0,0,1127.4,0
2026-10-02 3:38:50,15.8,56,0.7,3758,0,OK,286,0,0,1127.4,0
2026-10-02 3:39:06,15.8,56,0.6,3758,0,OK,317,0,0,1127.4,0
2026-10-02 3:39:22,15.8,56,0.1,3758,0,OK,299,0,0,1127.4,0
2026-10-02 3:39:38,15.8,56,0.1,3758,0,OK,300,0,0,1127.4,0
2026-10-02 3:39:54,15.8,57,0.3,3758,0,OK,348,0,0,1127.4,0
2026-10-02 3:40:10,15.8,57,0,3758,0,OK,288,0,0,1127.4,0
2026-10-02 3:40:26,15.8,57,0,3758,0,OK,285,0,0,1127.4,0
2026-10-02 3:40:42,15.8,57,0,3758,0,OK,358,0,0,1127.4,0
2026-10-02 3:40:58,15.7,57,0,3758,0,OK,310,0,0,1127.4,0
2026-10-02 3:41:14,15.7,57,0.3,3758,0,OK,332,0,0,1127.4,0
2026-10-02 3:41:30,15.7,57,0,3758,0,OK,319,0,0,1127.4,0
2026-10-02 3:41:46,15.7,57,0,3758,0,OK,285,0,0,1127.4,0
2026-10-02 3:42:02,15.7,57,0.6,3758,0,OK,43,0,0,1127.4,0
2026-10-02 3:42:18,15.7,57,0.8,3758,0,OK,304,0,0,1127.4,0
2026-10-02 3:42:34,15.7,57,1.1,3758,0,OK,355,0,0,1127.4,0
2026-10-02 3:42:50,15.7,56,1.1,3758,0,OK,328,0,0,1127.4,0
2026-10-02 3:43:06,15.7,56,1.1,3758,0,OK,59,0,0,1127.4,0
2026-10-02 3:43:22,15.7,56,1.1,3758,0,OK,29,0,0,1127.4,0
2026-10-02 3:43:38,15.7,56,0.4,3758,0,OK,275,0,0,1127.4,0
2026-10-02 3:43:54,15.7,56,0,3758,0,OK,322,0,0,1127.4,0
2026-10-02 3:44:10,15.7,56,0,3758,0,OK,300,0,0,1127.4,0
2026-10-02 3:44:26,15.7,56,0,3758,0,OK,243,0,0,1127.4,0
2026-10-02 3:44:42,15.7,56,0,3758,0,OK,338,0,0,1127.4,0
2026-10-02 3:44:58,15.7,56,0.7,3758,0,OK,327,0,0,1127.4,0
2026-10-02 3:45:14,15.7,56,0.7,3758,0,OK,324,0,0,1127.4,0
2026-10-02 3:45:30,15.7,56,0.7,3758,0,OK,287,0,0,1127.4,0
2026-10-02 3:45:46,15.7,56,0.6,3758,0,OK,31,0,0,1127.4,0
2026-10-02 3:46:02,15.7,56,0.7,3758,0,OK,307,0,0,1127.4,0
2026-10-02 3:46:18,15.7,56,0.7,3758,0,OK,306,0,0,1127.4,0
2026-10-02 3:46:34,15.7,56,0.4,3758,0,OK,1,0,0,1127.4,0
2026-10-02 3:46:50,15.7,56,0,3758,0,OK,339,0,0,1127.4,0
2026-10-02 3:47:06,15.7,56,0.7,3758,0,OK,323,0,0,1127.4,0
2026-10-02 3:47:22,15.7,55,1.1,3758,0,OK,17,0,0,1127.4,0
2026-10-02 3:47:38,15.7,55,0.7,3758,0,OK,334,0,0,1127.4,0
2026-10-02 3:47:54,15.7,55,0.8,3758,0,OK,320,0,0,1127.4,0
2026-10-02 3:48:10,15.7,55,0.8,3758,0,OK,292,0,0,1127.4,0
2026-10-02 3:48:26,15.7,55,1.1,3758,0,OK,256,0,0,1127.4,0
2026-10-02 3:48:42,15.7,55,1.7,3758,0,OK,289,0,0,1127.4,0
2026-10-02 3:48:58,15.7,55,1.5,3758,0,OK,301,0,0,1127.4,0
2026-10-02 3:49:14,15.8,55,0.4,3758,0,OK,313,0,0,1127.4,0
2026-10-02 3:49:30,15.8,55,0.8,3758,0,OK,298,0,0,1127.4,0
2026-10-02 3:49:46,15.7,55,0.4,3758,0,OK,301,0,0,1127.4,0
2026-10-02 3:50:02,15.8,55,0.3,3758,0,OK,313,0,0,1127.4,0
2026-10-02 3:50:18,15.7,55,0.3,3758,0,OK,264,0,0,1127.4,0
2026-10-02 3:50:34,15.7,55,0.7,3758,0,OK,11,0,0,1127.4,0
2026-10-02 3:50:50,15.7,55,0.8,3758,0,OK,2,0,0,1127.4,0
2026-10-02 3:51:06,15.7,55,0.1,3758,0,OK,281,0,0,1127.4,0
2026-10-02 3:51:22,15.7,55,0.3,3758,0,OK,309,0,0,1127.4,0
2026-10-02 3:51:38,15.7,55,0.3,3758,0,OK,314,0,0,1127.4,0
2026-10-02 3:51:54,15.7,55,0.3,3758,0,OK,308,0,0,1127.4,0
2026-10-02 3:52:10,15.7,55,0,3758,0,OK,316,0,0,1127.4,0
2026-10-02 3:52:26,15.7,55,0,3758,0,OK,247,0,0,1127.4,0
2026-10-02 3:52:42,15.7,55,0,3758,0,OK,6,0,0,1127.4,0
2026-10-02 3:52:58,15.7,55,0.3,3758,0,OK,90,0,0,1127.4,0
2026-10-02 3:53:14,15.7,55,0.3,3758,0,OK,233,0,0,1127.4,0
2026-10-02 3:53:30,15.7,55,1.1,3758,0,OK,320,0,0,1127.4,0
2026-10-02 3:53:46,15.7,55,0.6,3758,0,OK,1,0,0,1127.4,0
2026-10-02 3:54:02,15.7,55,0.1,3758,0,OK,328,0,0,1127.4,0
2026-10-02 3:54:18,15.7,55,1.3,3758,0,OK,309,0,0,1127.4,0
2026-10-02 3:54:34,15.7,55,0.7,3758,0,OK,64,0,0,1127.4,0
2026-10-02 3:54:50,15.7,55,0.6,3758,0,OK,12,0,0,1127.4,0
2026-10-02 3:55:06,15.7,55,0.8,3758,0,OK,320,0,0,1127.4,0
2026-10-02 3:55:22,15.7,55,0.6,3758,0,OK,3,0,0,1127.4,0
2026-10-02 3:55:38,15.7,55,0.4,3758,0,OK,323,0,0,1127.4,0
2026-10-02 3:55:54,15.7,55,0.4,3758,0,OK,309,0,0,1127.4,0
2026-10-02 3:56:10,15.7,55,0.6,3758,0,OK,295,0,0,1127.4,0
2026-10-02 3:56:26,15.7,55,0.7,3758,0,OK,296,0,0,1127.4,0
2026-10-02 3:56:42,15.7,55,1.3,3758,0,OK,307,0,0,1127.4,0
2026-10-02 3:56:58,15.7,55,1,3758,0,OK,304,0,0,1127.4,0
2026-10-02 3:57:14,15.7,54,0.8,3758,0,OK,309,0,0,1127.4,0
2026-10-02 3:57:30,15.8,54,0.4,3758,0,OK,322,0,0,1127.4,0
2026-10-02 3:57:46,15.7,54,0.6,3758,0,OK,48,0,0,1127.4,0
2026-10-02 3:58:02,15.8,54,1.7,3758,0,OK,341,0,0,1127.4,0
2026-10-02 3:58:18,15.8,54,0.8,3758,0,OK,309,0,0,1127.4,0
2026-10-02 3:58:34,15.8,54,0.7,3758,0,OK,281,0,0,1127.4,0
2026-10-02 3:58:50,15.8,54,0.3,3758,0,OK,270,0,0,1127.4,0
2026-10-02 3:59:06,15.8,54,0.3,3758,0,OK,38,0,0,1127.4,0
2026-10-02 3:59:22,15.8,54,0.4,3758,0,OK,341,0,0,1127.4,0
2026-10-02 3:59:38,15.7,54,0.3,3758,0,OK,284,0,0,1127.4,0
2026-10-02 3:59:54,15.8,54,0.7,3758,0,OK,333,0,0,1127.4,0
2026-10-02 4:00:10,15.8,54,0,3758,0,OK,300,0,0,1127.4,0
2026-10-02 4:00:26,15.8,54,0,3758,0,OK,27,0,0,1127.4,0
2026-10-02 4:00:42,15.8,54,0.4,3758,0,OK,317,0,0,1127.4,0
2026-10-02 4:00:58,15.8,54,0.4,3758,0,OK,20,0,0,1127.4,0
2026-10-02 4:01:14,15.7,54,1,3758,0,OK,325,0,0,1127.4,0
2026-10-02 4:01:30,15.7,54,0.8,3758,0,OK,325,0,0,1127.4,0
2026-10-02 4:01:46,15.7,54,0,3758,0,OK,300,0,0,1127.4,0
2026-10-02 4:02:02,15.8,54,0,3758,0,OK,346,0,0,1127.4,0
2026-10-02 4:02:18,15.7,54,0,3758,0,OK,338,0,0,1127.4,0
2026-10-02 4:02:34,15.7,54,0,3758,0,OK,84,0,0,1127.4,0
2026-10-02 4:02:50,15.8,54,0,3758,0,OK,294,0,0,1127.4,0
2026-10-02 4:03:06,15.7,54,0,3758,0,OK,301,0,0,1127.4,0
2026-10-02 4:03:22,15.7,54,0,3758,0,OK,300,0,0,1127.4,0
2026-10-02 4:03:38,15.7,54,0.4,3758,0,OK,302,0,0,1127.4,0
2026-10-02 4:03:54,15.7,54,0.4,3758,0,OK,310,0,0,1127.4,0
2026-10-02 4:04:10,15.7,54,0.4,3758,0,OK,327,0,0,1127.4,0
2026-10-02 4:04:26,15.7,54,0.3,3758,0,OK,6,0,0,1127.4,0
2026-10-02 4:04:42,15.7,54,0.1,3758,0,OK,246,0,0,1127.4,0
2026-10-02 4:04:58,15.7,54,0,3758,0,OK,302,0,0,1127.4,0
2026-10-02 4:05:14,15.7,54,0,3758,0,OK,267,0,0,1127.4,0
2026-10-02 4:05:30,15.7,54,0,3758,0,OK,334,0,0,1127.4,0
2026-10-02 4:05:46,15.7,54,0.1,3758,0,OK,22,0,0,1127.4,0
2026-10-02 4:06:02,15.7,54,0,3758,0,OK,287,0,0,1127.4,0
2026-10-02 4:06:18,15.7,54,0.3,3758,0,OK,289,0,0,1127.4,0
2026-10-02 4:06:34,15.7,55,0.1,3758,0,OK,306,0,0,1127.4,0
2026-10-02 4:06:50,15.7,55,0.4,3758,0,OK,293,0,0,1127.4,0
2026-10-02 4:07:06,15.7,55,2.1,3758,0,OK,309,0,0,1127.4,0
2026-10-02 4:07:22,15.7,54,0.7,3758,0,OK,295,0,0,1127.4,0
2026-10-02 4:07:38,15.7,54,0.6,3758,0,OK,300,0,0,1127.4,0
2026-10-02 4:07:54,15.7,54,0.1,3758,0,OK,317,0,0,1127.4,0
2026-10-02 4:08:10,15.7,54,0,3758,0,OK,309,0,0,1127.4,0
2026-10-02 4:08:26,15.7,54,0.6,3758,0,OK,2,0,0,1127.4,0
2026-10-02 4:08:42,15.7,54,0.7,3758,0,OK,300,0,0,1127.4,0
2026-10-02 4:08:58,15.7,54,0.7,3758,0,OK,300,0,0,1127.4,0
2026-10-02 4:09:14,15.7,54,0.3,3758,0,OK,281,0,0,1127.4,0
2026-10-02 4:09:30,15.7,54,1,3758,0,OK,298,0,0,1127.4,0
2026-10-02 4:09:46,15.7,54,0.3,3758,0,OK,345,0,0,1127.4,0
2026-10-02 4:10:02,15.7,54,0,3758,0,OK,304,0,0,1127.4,0
2026-10-02 4:10:18,15.7,54,0.4,3758,0,OK,295,0,0,1127.4,0
2026-10-02 4:10:34,15.7,54,0.1,3758,0,OK,296,0,0,1127.4,0
2026-10-02 4:10:50,15.7,54,0.1,3758,0,OK,314,0,0,1127.4,0
2026-10-02 4:11:06,15.7,54,0.4,3758,0,OK,302,0,0,1127.4,0
2026-10-02 4:11:22,15.7,54,0.1,3758,0,OK,345,0,0,1127.4,0
2026-10-02 4:11:38,15.7,54,0.1,3758,0,OK,296,0,0,1127.4,0
2026-10-02 4:11:54,15.7,54,0.3,3758,0,OK,25,0,0,1127.4,0
2026-10-02 4:12:10,15.7,54,0.8,3758,0,OK,312,0,0,1127.4,0
2026-10-02 4:12:26,15.7,54,0.4,3758,0,OK,300,0,0,1127.4,0
2026-10-02 4:12:42,15.7,54,0.4,3758,0,OK,304,0,0,1127.4,0
2026-10-02 4:12:58,15.7,54,0,3758,0,OK,318,0,0,1127.4,0
2026-10-02 4:13:14,15.7,54,0,3758,0,OK,308,0,0,1127.4,0
2026-10-02 4:13:30,15.7,54,0,3758,0,OK,313,0,0,1127.4,0
2026-10-02 4:13:46,15.7,54,0,3758,0,OK,307,0,0,1127.4,0
2026-10-02 4:14:02,15.7,55,0,3758,0,OK,346,0,0,1127.4,0
2026-10-02 4:14:18,15.7,55,0,3758,0,OK,354,0,0,1127.4,0
2026-10-02 4:14:34,15.7,55,0.1,3758,0,OK,298,0,0,1127.4,0
2026-10-02 4:14:50,15.7,55,0.6,3758,0,OK,339,0,0,1127.4,0
2026-10-02 4:15:06,15.7,55,0.6,3758,0,OK,14,0,0,1127.4,0
2026-10-02 4:15:22,15.7,55,0,3758,0,OK,335,0,0,1127.4,0
2026-10-02 4:15:38,15.7,55,0.3,3758,0,OK,325,0,0,1127.4,0
2026-10-02 4:15:54,15.7,55,0.6,3758,0,OK,299,0,0,1127.4,0
2026-10-02 4:16:10,15.7,55,0.1,3758,0,OK,274,0,0,1127.4,0
2026-10-02 4:16:26,15.7,55,0.6,3758,0,OK,295,0,0,1127.4,0
2026-10-02 4:16:42,15.7,55,0.7,3758,0,OK,313,0,0,1127.4,0
2026-10-02 4:16:58,15.7,54,0,3758,0,OK,290,0,0,1127.4,0
2026-10-02 4:17:14,15.7,54,0,3758,0,OK,284,0,0,1127.4,0
2026-10-02 4:17:30,15.7,54,0,3758,0,OK,316,0,0,1127.4,0
2026-10-02 4:17:46,15.7,54,0.1,3758,0,OK,300,0,0,1127.4,0
2026-10-02 4:18:02,15.7,54,0,3758,0,OK,331,0,0,1127.4,0
2026-10-02 4:18:18,15.7,54,0,3758,0,OK,288,0,0,1127.4,0
2026-10-02 4:18:34,15.7,54,0,3758,0,OK,302,0,0,1127.4,0
2026-10-02 4:18:50,15.6,54,0.4,3758,0,OK,317,0,0,1127.4,0
2026-10-02 4:19:06,15.7,54,0.6,3758,0,OK,326,0,0,1127.4,0
2026-10-02 4:19:22,15.7,54,0.7,3758,0,OK,284,0,0,1127.4,0
2026-10-02 4:19:38,15.7,54,0.3,3758,0,OK,308,0,0,1127.4,0
2026-10-02 4:19:54,15.6,54,0.1,3758,0,OK,311,0,0,1127.4,0
2026-10-02 4:20:10,15.7,54,0.4,3758,0,OK,297,0,0,1127.4,0
2026-10-02 4:20:26,15.7,54,0,3758,0,OK,317,0,0,1127.4,0
2026-10-02 4:20:42,15.7,54,0,3758,0,OK,20,0,0,1127.4,0
2026-10-02 4:20:58,15.7,54,0,3758,0,OK,338,0,0,1127.4,0
2026-10-02 4:21:14,15.7,54,0.1,3758,0,OK,273,0,0,1127.4,0
2026-10-02 4:21:30,15.7,54,0.4,3758,0,OK,270,0,0,1127.4,0
2026-10-02 4:21:46,15.7,53,0.8,3758,0,OK,287,0,0,1127.4,0
2026-10-02 4:22:02,15.7,53,0,3758,0,OK,63,0,0,1127.4,0
2026-10-02 4:22:18,15.7,53,0.3,3758,0,OK,313,0,0,1127.4,0
2026-10-02 4:22:34,15.7,53,0.1,3758,0,OK,336,0,0,1127.4,0
2026-10-02 4:22:50,15.7,53,0.3,3758,0,OK,304,0,0,1127.4,0
2026-10-02 4:23:06,15.7,53,0,3758,0,OK,293,0,0,1127.4,0
2026-10-02 4:23:22,15.7,53,0,3758,0,OK,274,0,0,1127.4,0
2026-10-02 4:23:38,15.7,53,0,3758,0,OK,43,0,0,1127.4,0
2026-10-02 4:23:54,15.7,53,0.1,3758,0,OK,4,0,0,1127.4,0
2026-10-02 4:24:10,15.7,53,0,3758,0,OK,4,0,0,1127.4,0
2026-10-02 4:24:26,15.7,53,0.4,3758,0,OK,353,0,0,1127.4,0
2026-10-02 4:24:42,15.7,53,1.5,3758,0,OK,300,0,0,1127.4,0
2026-10-02 4:24:58,15.7,53,0.8,3758,0,OK,33,0,0,1127.4,0
2026-10-02 4:25:14,15.8,52,1.5,3758,0,OK,341,0,0,1127.4,0
2026-10-02 4:25:30,15.8,52,0.8,3758,0,OK,312,0,0,1127.4,0
2026-10-02 4:25:46,15.8,52,0.6,3758,0,OK,328,0,0,1127.4,0
2026-10-02 4:26:02,15.8,52,0,3758,0,OK,317,0,0,1127.4,0
2026-10-02 4:26:18,15.8,52,0.6,3758,0,OK,311,0,0,1127.4,0
2026-10-02 4:26:34,15.8,52,0.3,3758,0,OK,312,0,0,1127.4,0
2026-10-02 4:26:50,15.8,52,0.1,3758,0,OK,312,0,0,1127.4,0
2026-10-02 4:27:06,15.8,52,0.3,3758,0,OK,41,0,0,1127.4,0
2026-10-02 4:27:22,15.8,52,0.1,3758,0,OK,316,0,0,1127.4,0
2026-10-02 4:27:38,15.8,52,0.6,3758,0,OK,334,0,0,1127.4,0
2026-10-02 4:27:54,15.8,52,0,3758,0,OK,8,0,0,1127.4,0
2026-10-02 4:28:10,15.8,52,0,3758,0,OK,13,0,0,1127.4,0
2026-10-02 4:28:26,15.8,52,0,3758,0,OK,300,0,0,1127.4,0
2026-10-02 4:28:42,15.8,52,0,3758,0,OK,259,0,0,1127.4,0
2026-10-02 4:28:58,15.8,52,0,3758,0,OK,340,0,0,1127.4,0
2026-10-02 4:29:14,15.8,52,0.1,3758,0,OK,310,0,0,1127.4,0
2026-10-02 4:29:30,15.8,52,0.4,3758,0,OK,315,0,0,1127.4,0
2026-10-02 4:29:46,15.8,52,0,3758,0,OK,323,0,0,1127.4,0
2026-10-02 4:30:02,15.8,52,0,3758,0,OK,292,0,0,1127.4,0
2026-10-02 4:30:18,15.8,52,0.6,3758,0,OK,324,0,0,1127.4,0
2026-10-02 4:30:34,15.8,52,0.3,3758,0,OK,356,0,0,1127.4,0
2026-10-02 4:30:50,15.8,52,0.1,3758,0,OK,334,0,0,1127.4,0
2026-10-02 4:31:06,15.8,52,0,3758,0,OK,31,0,0,1127.4,0
2026-10-02 4:31:22,15.8,52,0.3,3758,0,OK,317,0,0,1127.4,0
2026-10-02 4:31:38,15.8,52,0.3,3758,0,OK,312,0,0,1127.4,0
2026-10-02 4:31:54,15.8,52,0,3758,0,OK,309,0,0,1127.4,0
2026-10-02 4:32:10,15.8,52,0,3758,0,OK,65,0,0,1127.4,0
2026-10-02 4:32:26,15.8,52,0,3758,0,OK,296,0,0,1127.4,0
2026-10-02 4:32:42,15.8,52,0.6,3758,0,OK,311,0,0,1127.4,0
2026-10-02 4:32:58,15.8,52,0.1,3758,0,OK,284,0,0,1127.4,0
2026-10-02 4:33:14,15.8,52,0,3758,0,OK,289,0,0,1127.4,0
2026-10-02 4:33:30,15.8,52,0,3758,0,OK,318,0,0,1127.4,0
2026-10-02 4:33:46,15.8,52,0,3758,0,OK,323,0,0,1127.4,0
2026-10-02 4:34:02,15.8,52,0,3758,0,OK,24,0,0,1127.4,0
2026-10-02 4:34:18,15.8,52,0.4,3758,0,OK,334,0,0,1127.4,0
2026-10-02 4:34:34,15.8,52,0,3758,0,OK,320,0,0,1127.4,0
2026-10-02 4:34:50,15.8,52,0,3758,0,OK,277,0,0,1127.4,0
2026-10-02 4:35:06,15.8,53,0,3758,0,OK,319,0,0,1127.4,0
2026-10-02 4:35:22,15.8,53,0,3758,0,OK,300,0,0,1127.4,0
2026-10-02 4:35:38,15.8,53,0,3758,0,OK,292,0,0,1127.4,0
2026-10-02 4:35:54,15.8,53,0,3758,0,OK,299,0,0,1127.4,0
2026-10-02 4:36:10,15.8,53,0,3758,0,OK,300,0,0,1127.4,0
2026-10-02 4:36:26,15.8,53,0,3758,0,OK,311,0,0,1127.4,0
2026-10-02 4:36:42,15.8,53,0.1,3758,0,OK,280,0,0,1127.4,0
2026-10-02 4:36:58,15.8,53,0,3758,0,OK,292,0,0,1127.4,0
2026-10-02 4:37:14,15.8,53,0,3758,0,OK,353,0,0,1127.4,0
2026-10-02 4:37:30,15.8,53,0,3758,0,OK,320,0,0,1127.4,0
2026-10-02 4:37:46,15.8,53,0,3758,0,OK,308,0,0,1127.4,0
2026-10-02 4:38:02,15.7,53,0,3758,0,OK,46,0,0,1127.4,0
2026-10-02 4:38:18,15.7,53,0,3758,0,OK,94,0,0,1127.4,0
2026-10-02 4:38:34,15.7,53,0,3758,0,OK,94,0,0,1127.4,0
2026-10-02 4:38:50,15.7,53,0,3758,0,OK,94,0,0,1127.4,0
2026-10-02 4:39:06,15.7,53,0,3758,0,OK,83,0,0,1127.4,0
2026-10-02 4:39:22,15.6,53,0,3758,0,OK,77,0,0,1127.4,0
2026-10-02 4:39:38,15.6,53,0,3758,0,OK,50,0,0,1127.4,0
2026-10-02 4:39:54,15.6,54,0,3758,0,OK,87,0,0,1127.4,0
2026-10-02 4:40:10,15.6,54,0,3758,0,OK,278,0,0,1127.4,0
2026-10-02 4:40:26,15.6,54,0,3758,0,OK,272,0,0,1127.4,0
2026-10-02 4:40:42,15.6,54,0,3758,0,OK,286,0,0,1127.4,0
2026-10-02 4:40:58,15.6,54,0,3758,0,OK,231,0,0,1127.4,0
2026-10-02 4:41:14,15.6,54,0,3758,0,OK,243,0,0,1127.4,0
2026-10-02 4:41:30,15.5,54,0,3758,0,OK,248,0,0,1127.4,0
2026-10-02 4:41:46,15.5,54,0,3758,0,OK,240,0,0,1127.4,0
2026-10-02 4:42:02,15.5,54,0.1,3758,0,OK,281,0,0,1127.4,0
2026-10-02 4:42:18,15.5,55,0,3758,0,OK,322,0,0,1127.4,0
2026-10-02 4:42:34,15.6,55,0,3758,0,OK,286,0,0,1127.4,0
2026-10-02 4:42:50,15.5,55,0,3758,0,OK,301,0,0,1127.4,0
2026-10-02 4:43:06,15.5,55,0,3758,0,OK,285,0,0,1127.4,0
2026-10-02 4:43:22,15.5,55,0,3758,0,OK,276,0,0,1127.4,0
2026-10-02 4:43:38,15.5,55,0,3758,0,OK,287,0,0,1127.4,0
2026-10-02 4:43:54,15.5,55,0,3758,0,OK,299,0,0,1127.4,0
2026-10-02 4:44:10,15.5,55,0,3758,0,OK,299,0,0,1127.4,0
2026-10-02 4:44:26,15.4,55,0,3758,0,OK,314,0,0,1127.4,0
2026-10-02 4:44:42,15.5,55,0,3758,0,OK,343,0,0,1127.4,0
2026-10-02 4:44:58,15.4,55,0,3758,0,OK,253,0,0,1127.4,0
2026-10-02 4:45:14,15.4,56,0,3758,0,OK,256,0,0,1127.4,0
2026-10-02 4:45:30,15.4,56,0.3,3758,0,OK,304,0,0,1127.4,0
2026-10-02 4:45:46,15.4,56,0.1,3758,0,OK,275,0,0,1127.4,0
2026-10-02 4:46:02,15.5,56,0.8,3758,0,OK,290,0,0,1127.4,0
2026-10-02 4:46:18,15.5,56,0.1,3758,0,OK,276,0,0,1127.4,0
2026-10-02 4:46:34,15.5,56,0,3758,0,OK,269,0,0,1127.4,0
2026-10-02 4:46:50,15.4,56,0,3758,0,OK,308,0,0,1127.4,0
2026-10-02 4:47:06,15.5,56,0,3758,0,OK,300,0,0,1127.4,0
2026-10-02 4:47:22,15.4,56,0,3758,0,OK,217,0,0,1127.4,0
2026-10-02 4:47:38,15.4,56,0,3758,0,OK,332,0,0,1127.4,0
2026-10-02 4:47:54,15.4,56,0.7,3758,0,OK,341,0,0,1127.4,0
2026-10-02 4:48:10,15.4,56,0.7,3758,0,OK,299,0,0,1127.4,0
2026-10-02 4:48:26,15.4,56,1,3758,0,OK,330,0,0,1127.4,0
2026-10-02 4:48:42,15.5,56,0.4,3758,0,OK,278,0,0,1127.4,0
2026-10-02 4:48:58,15.5,56,0.4,3758,0,OK,298,0,0,1127.4,0
2026-10-02 4:49:14,15.5,56,0,3758,0,OK,315,0,0,1127.4,0
2026-10-02 4:49:30,15.5,56,1,3758,0,OK,329,0,0,1127.4,0
2026-10-02 4:49:46,15.5,56,1,3758,0,OK,302,0,0,1127.4,0
2026-10-02 4:50:02,15.5,55,0.4,3758,0,OK,341,0,0,1127.4,0
2026-10-02 4:50:18,15.5,55,0,3758,0,OK,314,0,0,1127.4,0
2026-10-02 4:50:34,15.5,55,0,3758,0,OK,299,0,0,1127.4,0
2026-10-02 4:50:50,15.5,55,0,3758,0,OK,320,0,0,1127.4,0
2026-10-02 4:51:06,15.5,55,0.1,3758,0,OK,340,0,0,1127.4,0
2026-10-02 4:51:22,15.5,55,0,3758,0,OK,356,0,0,1127.4,0
2026-10-02 4:51:38,15.5,55,0,3758,0,OK,355,0,0,1127.4,0
2026-10-02 4:51:54,15.5,55,0,3758,0,OK,356,0,0,1127.4,0
2026-10-02 4:52:10,15.5,55,0,3758,0,OK,289,0,0,1127.4,0
2026-10-02 4:52:26,15.5,55,0.8,3758,0,OK,291,0,0,1127.4,0
2026-10-02 4:52:42,15.5,55,0.1,3758,0,OK,268,0,0,1127.4,0
2026-10-02 4:52:58,15.5,55,0,3758,0,OK,19,0,0,1127.4,0
2026-10-02 4:53:14,15.5,55,0.3,3758,0,OK,318,0,0,1127.4,0
2026-10-02 4:53:30,15.5,55,0.4,3758,0,OK,16,0,0,1127.4,0
2026-10-02 4:53:46,15.6,55,0,3758,0,OK,4,0,0,1127.4,0
2026-10-02 4:54:02,15.5,55,0,3758,0,OK,305,0,0,1127.4,0
2026-10-02 4:54:18,15.5,55,0,3758,0,OK,332,0,0,1127.4,0
2026-10-02 4:54:34,15.5,55,0,3758,0,OK,279,0,0,1127.4,0
2026-10-02 4:54:50,15.5,55,0.1,3758,0,OK,302,0,0,1127.4,0
2026-10-02 4:55:06,15.5,55,0.4,3758,0,OK,28,0,0,1127.4,0
2026-10-02 4:55:22,15.5,55,0.4,3758,0,OK,345,0,0,1127.4,0
2026-10-02 4:55:38,15.5,55,0,3758,0,OK,22,0,0,1127.4,0
2026-10-02 4:55:54,15.5,55,0,3758,0,OK,306,0,0,1127.4,0
2026-10-02 4:56:10,15.5,55,0,3758,0,OK,307,0,0,1127.4,0
2026-10-02 4:56:26,15.5,55,0,3758,0,OK,274,0,0,1127.4,0
2026-10-02 4:56:42,15.5,55,0,3758,0,OK,292,0,0,1127.4,0
2026-10-02 4:56:58,15.5,55,0,3758,0,OK,312,0,0,1127.4,0
2026-10-02 4:57:14,15.5,55,0,3758,0,OK,324,0,0,1127.4,0
2026-10-02 4:57:30,15.4,55,0,3758,0,OK,19,0,0,1127.4,0
2026-10-02 4:57:46,15.4,55,0,3758,0,OK,58,0,0,1127.4,0
2026-10-02 4:58:02,15.5,55,0,3758,0,OK,278,0,0,1127.4,0
2026-10-02 4:58:18,15.4,55,0,3758,0,OK,294,0,0,1127.4,0
2026-10-02 4:58:34,15.4,55,0,3758,0,OK,280,0,0,1127.4,0
2026-10-02 4:58:50,15.4,56,0,3758,0,OK,262,0,0,1127.4,0
2026-10-02 4:59:06,15.4,55,0,3758,0,OK,286,0,0,1127.4,0
2026-10-02 4:59:22,15.3,56,0,3758,0,OK,287,0,0,1127.4,0
2026-10-02 4:59:38,15.3,56,0,3758,0,OK,302,0,0,1127.4,0
2026-10-02 4:59:54,15.3,56,0,3758,0,OK,288,0,0,1127.4,0
2026-10-02 5:00:10,15.3,55,0,3758,0,OK,303,0,0,1127.4,0
2026-10-02 5:00:26,15.3,55,0,3758,0,OK,305,0,0,1127.4,0
2026-10-02 5:00:42,15.3,55,0.1,3758,0,OK,292,0,0,1127.4,0
2026-10-02 5:00:58,15.3,55,0,3758,0,OK,300,0,0,1127.4,0
2026-10-02 5:01:14,15.3,55,0,3758,0,OK,307,0,0,1127.4,0
2026-10-02 5:01:30,15.3,55,0.4,3758,0,OK,331,0,0,1127.4,0
2026-10-02 5:01:46,15.3,55,0.8,3758,0,OK,297,0,0,1127.4,0
2026-10-02 5:02:02,15.4,54,0,3758,0,OK,287,0,0,1127.4,0
2026-10-02 5:02:18,15.4,54,0,3758,0,OK,323,0,0,1127.4,0
2026-10-02 5:02:34,15.4,54,0.3,3758,0,OK,296,0,0,1127.4,0
2026-10-02 5:02:50,15.4,54,0.3,3758,0,OK,7,0,0,1127.4,0
2026-10-02 5:03:06,15.4,54,0.4,3758,0,OK,337,0,0,1127.4,0
2026-10-02 5:03:22,15.4,54,0,3758,0,OK,285,0,0,1127.4,0
2026-10-02 5:03:38,15.4,54,0,3758,0,OK,312,0,0,1127.4,0
2026-10-02 5:03:54,15.4,54,0.1,3758,0,OK,319,0,0,1127.4,0
2026-10-02 5:04:10,15.4,54,0,3758,0,OK,300,0,0,1127.4,0
2026-10-02 5:04:26,15.4,54,0,3758,0,OK,291,0,0,1127.4,0
2026-10-02 5:04:42,15.4,54,0,3758,0,OK,348,0,0,1127.4,0
2026-10-02 5:04:58,15.4,54,0,3758,0,OK,283,0,0,1127.4,0
2026-10-02 5:05:14,15.4,54,0,3758,0,OK,297,0,0,1127.4,0
2026-10-02 5:05:30,15.4,54,0,3758,0,OK,300,0,0,1127.4,0
2026-10-02 5:05:46,15.4,54,0,3758,0,OK,306,0,0,1127.4,0
2026-10-02 5:06:02,15.4,54,0,3758,0,OK,278,0,0,1127.4,0
2026-10-02 5:06:18,15.4,54,0.1,3758,0,OK,305,0,0,1127.4,0
2026-10-02 5:06:34,15.4,54,0,3758,0,OK,289,0,0,1127.4,0
2026-10-02 5:06:50,15.3,54,0.1,3758,0,OK,283,0,0,1127.4,0
2026-10-02 5:07:06,15.4,54,0,3758,0,OK,310,0,0,1127.4,0
2026-10-02 5:07:22,15.3,54,0,3758,0,OK,323,0,0,1127.4,0
2026-10-02 5:07:38,15.3,54,0,3758,0,OK,337,0,0,1127.4,0
2026-10-02 5:07:54,15.3,54,0,3758,0,OK,291,0,0,1127.4,0
2026-10-02 5:08:10,15.3,54,0,3758,0,OK,290,0,0,1127.4,0
2026-10-02 5:08:26,15.3,54,0,3758,0,OK,290,0,0,1127.4,0
2026-10-02 5:08:42,15.3,54,0,3758,0,OK,315,0,0,1127.4,0
2026-10-02 5:08:58,15.3,54,0,3758,0,OK,14,0,0,1127.4,0
2026-10-02 5:09:14,15.3,54,0,3758,0,OK,300,0,0,1127.4,0
2026-10-02 5:09:30,15.3,54,0,3758,0,OK,297,0,0,1127.4,0
2026-10-02 5:09:46,15.2,54,0,3758,0,OK,298,0,0,1127.4,0
2026-10-02 5:10:02,15.2,54,0,3758,0,OK,306,0,0,1127.4,0
2026-10-02 5:10:18,15.2,54,0,3758,0,OK,289,0,0,1127.4,0
2026-10-02 5:10:34,15.2,54,0,3758,0,OK,285,0,0,1127.4,0
2026-10-02 5:10:50,15.2,54,0,3758,0,OK,288,0,0,1127.4,0
2026-10-02 5:11:06,15.2,54,0,3758,0,OK,303,0,0,1127.4,0
2026-10-02 5:11:22,15.2,54,0,3758,0,OK,300,0,0,1127.4,0
2026-10-02 5:11:38,15.2,54,0,3758,0,OK,289,0,0,1127.4,0
2026-10-02 5:11:54,15.2,54,0,3758,0,OK,285,0,0,1127.4,0
2026-10-02 5:12:10,15.2,54,0,3758,0,OK,305,0,0,1127.4,0
2026-10-02 5:12:26,15.2,54,0,3758,0,OK,322,0,0,1127.4,0
2026-10-02 5:12:42,15.1,54,0,3758,0,OK,317,0,0,1127.4,0
2026-10-02 5:12:58,15.1,54,0,3758,0,OK,285,0,0,1127.4,0
2026-10-02 5:13:14,15.1,54,0,3758,0,OK,14,0,0,1127.4,0
2026-10-02 5:13:30,15.1,54,0,3758,0,OK,43,0,0,1127.4,0
2026-10-02 5:13:46,15.1,54,0,3758,0,OK,9,0,0,1127.4,0
2026-10-02 5:14:02,15.1,54,0,3758,0,OK,313,0,0,1127.4,0
2026-10-02 5:14:18,15.1,53,0,3758,0,OK,299,0,0,1127.4,0
2026-10-02 5:14:34,15.1,53,0,3758,0,OK,323,0,0,1127.4,0
2026-10-02 5:14:50,15.2,53,0.7,3758,0,OK,306,0,0,1127.4,0
2026-10-02 5:15:06,15.2,53,0,3758,0,OK,293,0,0,1127.4,0
2026-10-02 5:15:22,15.2,52,0,3758,0,OK,334,0,0,1127.4,0
2026-10-02 5:15:38,15.2,52,0,3758,0,OK,281,0,0,1127.4,0
2026-10-02 5:15:54,15.2,52,0,3758,0,OK,300,0,0,1127.4,0
2026-10-02 5:16:10,15.2,52,0,3758,0,OK,302,0,0,1127.4,0
2026-10-02 5:16:26,15.2,52,0,3758,0,OK,3,0,0,1127.4,0
2026-10-02 5:16:42,15.2,52,0,3758,0,OK,302,0,0,1127.4,0
2026-10-02 5:16:58,15.2,52,0,3758,0,OK,353,0,0,1127.4,0
2026-10-02 5:17:14,15.2,53,0,3758,0,OK,292,0,0,1127.4,0
2026-10-02 5:17:30,15.2,53,0,3758,0,OK,300,0,0,1127.4,0
2026-10-02 5:17:46,15.2,53,0,3758,0,OK,304,0,0,1127.4,0
2026-10-02 5:18:02,15.3,53,0,3758,0,OK,287,0,0,1127.4,0
2026-10-02 5:18:18,15.3,53,0,3758,0,OK,1,0,0,1127.4,0
2026-10-02 5:18:34,15.2,53,0,3758,0,OK,295,0,0,1127.4,0
2026-10-02 5:18:50,15.2,53,0,3758,0,OK,296,0,0,1127.4,0
2026-10-02 5:20:26,15.3,51,0.7,3758,0,OK,12,0,0,1127.4,0
2026-10-02 5:20:42,15.4,51,0.1,3758,0,OK,284,0,0,1127.4,0
2026-10-02 5:20:58,15.4,50,0,3758,0,OK,283,0,0,1127.4,0
2026-10-02 5:21:14,15.4,50,0,3758,0,OK,287,0,0,1127.4,0
2026-10-02 5:21:30,15.4,50,0.1,3758,0,OK,272,0,0,1127.4,0
2026-10-02 5:21:46,15.4,50,0,3758,0,OK,311,0,0,1127.4,0
2026-10-02 5:22:02,15.4,50,0,3758,0,OK,355,0,0,1127.4,0
2026-10-02 5:22:18,15.4,50,0,3758,0,OK,289,0,0,1127.4,0
2026-10-02 5:22:34,15.4,50,0,3758,0,OK,20,0,0,1127.4,0
2026-10-02 5:22:50,15.4,50,0,3758,0,OK,285,0,0,1127.4,0
2026-10-02 5:23:06,15.4,50,0,3758,0,OK,295,0,0,1127.4,0
2026-10-02 5:23:22,15.4,50,0,3758,0,OK,306,0,0,1127.4,0
2026-10-02 5:23:38,15.4,50,0,3758,0,OK,284,0,0,1127.4,0
2026-10-02 5:23:54,15.4,50,0,3758,0,OK,303,0,0,1127.4,0
2026-10-02 5:24:10,15.3,50,0,3758,0,OK,312,0,0,1127.4,0
2026-10-02 5:24:26,15.3,51,0,3758,0,OK,328,0,0,1127.4,0
2026-10-02 5:24:42,15.3,51,0,3758,0,OK,289,0,0,1127.4,0
2026-10-02 5:24:58,15.3,51,0,3758,0,OK,282,0,0,1127.4,0
2026-10-02 5:25:14,15.3,51,0,3758,0,OK,324,0,0,1127.4,0
2026-10-02 5:25:30,15.3,51,0,3758,0,OK,328,0,0,1127.4,0
2026-10-02 5:25:46,15.3,51,0.1,3758,0,OK,272,0,0,1127.4,0
2026-10-02 5:26:02,15.3,51,0.3,3758,0,OK,313,0,0,1127.4,0
2026-10-02 5:26:18,15.3,51,0,3758,0,OK,320,0,0,1127.4,0
2026-10-02 5:26:34,15.3,51,0,3758,0,OK,329,0,0,1127.4,0
2026-10-02 5:26:50,15.4,51,0.3,3758,0,OK,314,0,0,1127.4,0
2026-10-02 5:27:06,15.4,51,0.1,3758,0,OK,102,0,0,1127.4,0
2026-10-02 5:27:22,15.4,51,0.8,3758,0,OK,323,0,0,1127.4,0
2026-10-02 5:27:38,15.4,51,0.7,3758,0,OK,357,0,0,1127.4,0
2026-10-02 5:27:54,15.4,51,0.6,3758,0,OK,297,0,0,1127.4,0
2026-10-02 5:28:10,15.4,51,0.3,3758,0,OK,337,0,0,1127.4,0
2026-10-02 5:28:26,15.4,51,0,3758,0,OK,340,0,0,1127.4,0
2026-10-02 5:28:42,15.4,51,1,3758,0,OK,283,0,0,1127.4,0
2026-10-02 5:28:58,15.4,50,0.4,3758,0,OK,303,0,0,1127.4,0
2026-10-02 5:29:14,15.4,50,0.3,3758,0,OK,323,0,0,1127.4,0
2026-10-02 5:29:30,15.5,50,0.1,3758,0,OK,354,0,0,1127.4,0
2026-10-02 5:29:46,15.4,50,0,3758,0,OK,310,0,0,1127.4,0
2026-10-02 5:30:02,15.4,50,0.1,3758,0,OK,325,0,0,1127.4,0
2026-10-02 5:30:18,15.4,50,0.1,3758,0,OK,298,0,0,1127.4,0
2026-10-02 5:30:34,15.4,50,0.6,3758,0,OK,102,0,0,1127.4,0
2026-10-02 5:30:50,15.4,49,1,3758,0,OK,320,0,0,1127.4,0
2026-10-02 5:31:06,15.5,49,0.8,3758,0,OK,274,0,0,1127.4,0
2026-10-02 5:31:22,15.5,49,0.8,3758,0,OK,311,0,0,1127.4,0
2026-10-02 5:31:38,15.6,48,0.6,3758,0,OK,298,0,0,1127.4,0
2026-10-02 5:31:54,15.5,48,0.3,3758,0,OK,347,0,0,1127.4,0
2026-10-02 5:32:10,15.5,48,0,3758,0,OK,317,0,0,1127.4,0
2026-10-02 5:32:26,15.5,49,0,3758,0,OK,323,0,0,1127.4,0
2026-10-02 5:32:42,15.5,49,0.8,3758,0,OK,340,0,0,1127.4,0
2026-10-02 5:32:58,15.5,48,2.1,3758,0,OK,315,0,0,1127.4,0
2026-10-02 5:33:14,15.6,47,0.6,3758,0,OK,266,0,0,1127.4,0
2026-10-02 5:33:30,15.6,48,0,3758,0,OK,327,0,0,1127.4,0
2026-10-02 5:33:46,15.6,48,0,3758,0,OK,292,0,0,1127.4,0
2026-10-02 5:34:02,15.6,48,0.4,3758,0,OK,285,0,0,1127.4,0
2026-10-02 5:34:18,15.6,48,0,3758,0,OK,302,0,0,1127.4,0
2026-10-02 5:34:34,15.6,48,0,3758,0,OK,308,0,0,1127.4,0
2026-10-02 5:34:50,15.5,48,0,3758,0,OK,314,0,0,1127.4,0
2026-10-02 5:35:06,15.5,48,0,3758,0,OK,290,0,0,1127.4,0
2026-10-02 5:35:22,15.6,48,0.1,3758,0,OK,325,0,0,1127.4,0
2026-10-02 5:35:38,15.6,48,0.1,3758,0,OK,357,0,0,1127.4,0
2026-10-02 5:35:54,15.5,48,1.1,3758,0,OK,305,0,0,1127.4,0
2026-10-02 5:36:10,15.5,48,0.4,3758,0,OK,315,0,0,1127.4,0
2026-10-02 5:36:26,15.5,48,0.3,3758,0,OK,340,0,0,1127.4,0
2026-10-02 5:36:42,15.5,48,0.6,3758,0,OK,308,0,0,1127.4,0
2026-10-02 5:36:58,15.5,48,0,3758,0,OK,322,0,0,1127.4,0
2026-10-02 5:37:14,15.5,48,0.6,3758,0,OK,309,0,0,1127.4,0
2026-10-02 5:37:30,15.5,48,0.7,3758,0,OK,300,0,0,1127.4,0
2026-10-02 5:37:46,15.5,48,0.3,3758,0,OK,307,0,0,1127.4,0
2026-10-02 5:38:02,15.5,48,0,3758,0,OK,291,0,0,1127.4,0
2026-10-02 5:38:18,15.5,48,0,3758,0,OK,276,0,0,1127.4,0
2026-10-02 5:38:34,15.5,47,0.4,3758,0,OK,296,0,0,1127.4,0
2026-10-02 5:38:50,15.5,48,0,3758,0,OK,301,0,0,1127.4,0
2026-10-02 5:39:06,15.5,48,0.3,3758,0,OK,7,0,0,1127.4,0
2026-10-02 5:39:22,15.5,48,0.3,3758,0,OK,318,0,0,1127.4,0
2026-10-02 5:39:38,15.5,47,1,3758,0,OK,287,0,0,1127.4,0
2026-10-02 5:39:54,15.5,47,0.7,3758,0,OK,324,0,0,1127.4,0
2026-10-02 5:40:10,15.5,47,0.7,3758,0,OK,283,0,0,1127.4,0
2026-10-02 5:40:26,15.6,47,0.4,3758,0,OK,306,0,0,1127.4,0
2026-10-02 5:40:42,15.6,47,0.3,3758,0,OK,291,0,0,1127.4,0
2026-10-02 5:40:58,15.6,47,0.4,3758,0,OK,271,0,0,1127.4,0
2026-10-02 5:41:14,15.6,47,0.4,3758,0,OK,306,0,0,1127.4,0
2026-10-02 5:41:30,15.6,48,0.4,3758,0,OK,336,0,0,1127.4,0
2026-10-02 5:41:46,15.6,48,0.1,3758,0,OK,335,0,0,1127.4,0
2026-10-02 5:42:02,15.6,48,0.6,3758,0,OK,358,0,0,1127.4,0
2026-10-02 5:42:18,15.5,48,0.4,3758,0,OK,265,0,0,1127.4,0
2026-10-02 5:42:34,15.5,48,0.4,3758,0,OK,331,0,0,1127.4,0
2026-10-02 5:42:50,15.5,48,0.1,3758,0,OK,300,0,0,1127.4,0
2026-10-02 5:43:06,15.5,48,0.3,3758,0,OK,338,0,0,1127.4,0
2026-10-02 5:43:22,15.5,48,0.6,3758,0,OK,345,0,0,1127.4,0
2026-10-02 5:43:38,15.5,48,0,3758,0,OK,348,0,0,1127.4,0
2026-10-02 5:43:54,15.5,48,0.1,3758,0,OK,321,0,0,1127.4,0
2026-10-02 5:44:10,15.5,48,0.4,3758,0,OK,269,0,0,1127.4,0
2026-10-02 5:44:26,15.5,48,0.3,3758,0,OK,15,0,0,1127.4,0
2026-10-02 5:44:42,15.5,48,0.3,3758,0,OK,344,0,0,1127.4,0
2026-10-02 5:44:58,15.5,48,0.4,3758,0,OK,29,0,0,1127.4,0
2026-10-02 5:45:14,15.5,48,1,3758,0,OK,304,0,0,1127.4,0
2026-10-02 5:45:30,15.5,48,0.3,3758,0,OK,345,0,0,1127.4,0
2026-10-02 5:45:46,15.5,48,0.1,3758,0,OK,312,0,0,1127.4,0
2026-10-02 5:46:02,15.5,48,0,3758,0,OK,304,0,0,1127.4,0
2026-10-02 5:46:18,15.5,48,0,3758,0,OK,296,0,0,1127.4,0
2026-10-02 5:46:34,15.5,48,0.1,3758,0,OK,289,0,0,1127.4,0
2026-10-02 5:46:50,15.5,48,0.7,3758,0,OK,329,0,0,1127.4,0
2026-10-02 5:47:06,15.5,48,0,3758,0,OK,276,0,0,1127.4,0
2026-10-02 5:47:22,15.5,48,0,3758,0,OK,323,0,0,1127.4,0
2026-10-02 5:47:38,15.5,48,0.1,3758,0,OK,33,0,0,1127.4,0
2026-10-02 5:47:54,15.5,48,0,3758,0,OK,308,0,0,1127.4,0
2026-10-02 5:48:10,15.5,48,0,3758,0,OK,339,0,0,1127.4,0
2026-10-02 5:48:26,15.4,48,0,3758,0,OK,308,0,0,1127.4,0
2026-10-02 5:48:42,15.4,48,0,3758,0,OK,354,0,0,1127.4,0
2026-10-02 5:48:58,15.4,48,0,3758,0,OK,7,0,0,1127.4,0
2026-10-02 5:49:14,15.4,48,0,3758,0,OK,306,0,0,1127.4,0
2026-10-02 5:49:30,15.4,48,0,3758,0,OK,292,0,0,1127.4,0
2026-10-02 5:49:46,15.4,48,0.4,3758,0,OK,309,0,0,1127.4,0
2026-10-02 5:50:02,15.4,48,0,3758,0,OK,300,0,0,1127.4,0
2026-10-02 5:50:18,15.4,48,0,3758,0,OK,310,0,0,1127.4,0
2026-10-02 5:50:34,15.4,48,0,3758,0,OK,297,0,0,1127.4,0
2026-10-02 5:50:50,15.4,48,0,3758,0,OK,288,0,0,1127.4,0
2026-10-02 5:51:06,15.4,48,0,3758,0,OK,307,0,0,1127.4,0
2026-10-02 5:51:22,15.3,48,0,3758,0,OK,348,0,0,1127.4,0
2026-10-02 5:51:38,15.3,48,0,3758,0,OK,299,0,0,1127.4,0
2026-10-02 5:51:54,15.3,49,0.1,3758,0,OK,310,0,0,1127.4,0
2026-10-02 5:52:10,15.3,49,0,3758,0,OK,271,0,0,1127.4,0
2026-10-02 5:52:26,15.3,49,0,3758,0,OK,285,0,0,1127.4,0
2026-10-02 5:52:42,15.3,49,0,3758,0,OK,281,0,0,1127.4,0
2026-10-02 5:52:58,15.3,49,0,3758,0,OK,320,0,0,1127.4,0
2026-10-02 5:53:14,15.3,48,0,3758,0,OK,359,0,0,1127.4,0
2026-10-02 5:53:30,15.3,48,0,3758,0,OK,312,0,0,1127.4,0
2026-10-02 5:53:46,15.3,48,0,3758,0,OK,313,0,0,1127.4,0
2026-10-02 5:54:02,15.3,48,0,3758,0,OK,296,0,0,1127.4,0
2026-10-02 5:54:18,15.3,48,0,3758,0,OK,295,0,0,1127.4,0
2026-10-02 5:54:34,15.3,48,0,3758,0,OK,303,0,0,1127.4,0
2026-10-02 5:54:50,15.3,48,0.6,3758,0,OK,352,0,0,1127.4,0
2026-10-02 5:55:06,15.4,48,0,3758,0,OK,331,0,0,1127.4,0
2026-10-02 5:55:22,15.3,48,0,3758,0,OK,305,0,0,1127.4,0
2026-10-02 5:55:38,15.3,48,0,3758,0,OK,302,0,0,1127.4,0
2026-10-02 5:55:54,15.3,48,0,3758,0,OK,319,0,0,1127.4,0
2026-10-02 5:56:10,15.3,48,0,3758,0,OK,285,0,0,1127.4,0
2026-10-02 5:56:26,15.3,48,0,3758,0,OK,295,0,0,1127.4,0
2026-10-02 5:56:42,15.3,48,0,3758,0,OK,315,0,0,1127.4,0
2026-10-02 5:56:58,15.3,48,0.1,3758,0,OK,282,0,0,1127.4,0
2026-10-02 5:57:14,15.3,48,0,3758,0,OK,282,0,0,1127.4,0
2026-10-02 5:57:30,15.3,49,0.1,3758,0,OK,342,0,0,1127.4,0
2026-10-02 5:57:46,15.3,49,0.1,3758,0,OK,311,0,0,1127.4,0
2026-10-02 5:58:02,15.3,49,0,3758,0,OK,306,0,0,1127.4,0
2026-10-02 5:58:18,15.3,49,0,3758,0,OK,358,0,0,1127.4,0
2026-10-02 5:58:34,15.3,49,0.1,3758,0,OK,301,0,0,1127.4,0
2026-10-02 5:58:50,15.3,49,0,3758,0,OK,54,0,0,1127.4,0
2026-10-02 5:59:06,15.3,49,0,3758,0,OK,359,0,0,1127.4,0
2026-10-02 5:59:22,15.3,49,0,3758,0,OK,21,0,0,1127.4,0
2026-10-02 5:59:38,15.3,49,0,3758,0,OK,298,0,0,1127.4,0
2026-10-02 5:59:54,15.3,49,0,3758,0,OK,296,0,0,1127.4,0
2026-10-02 6:00:10,15.3,49,0,3758,0,OK,310,0,0,1127.4,0
2026-10-02 6:00:26,15.3,49,0,3758,0,OK,277,0,0,1127.4,0
2026-10-02 6:00:42,15.3,49,0,3758,0,OK,293,0,0,1127.4,0
2026-10-02 6:00:58,15.3,49,0,3758,0,OK,292,0,0,1127.4,0
2026-10-02 6:01:14,15.2,49,0,3758,0,OK,12,0,0,1127.4,0
2026-10-02 6:01:30,15.2,50,0,3758,0,OK,352,0,0,1127.4,0
2026-10-02 6:01:46,15.2,50,0,3758,0,OK,320,0,0,1127.4,0
2026-10-02 6:02:02,15.2,50,0,3758,0,OK,305,0,0,1127.4,0
2026-10-02 6:02:18,15.2,50,0,3758,0,OK,288,0,0,1127.4,0
2026-10-02 6:02:34,15.2,50,0,3758,0,OK,272,0,0,1127.4,0
2026-10-02 6:02:50,15.2,50,0,3758,0,OK,309,0,0,1127.4,0
2026-10-02 6:03:06,15.2,50,1.1,3758,0,OK,309,0,0,1127.4,0
2026-10-02 6:03:22,15.3,49,0.3,3758,0,OK,305,0,0,1127.4,0
2026-10-02 6:03:38,15.3,49,0,3758,0,OK,260,0,0,1127.4,0
2026-10-02 6:03:54,15.3,49,0,3758,0,OK,289,0,0,1127.4,0
2026-10-02 6:04:10,15.3,49,0,3758,0,OK,252,0,0,1127.4,0
2026-10-02 6:04:26,15.2,49,0,3758,0,OK,291,0,0,1127.4,0
2026-10-02 6:04:42,15.2,49,0,3758,0,OK,332,0,0,1127.4,0
2026-10-02 6:04:58,15.2,49,0,3758,0,OK,347,0,0,1127.4,0
2026-10-02 6:05:14,15.2,49,0,3758,0,OK,312,0,0,1127.4,0
2026-10-02 6:05:30,15.2,49,0,3758,0,OK,294,0,0,1127.4,0
2026-10-02 6:05:46,15.2,49,0,3758,0,OK,275,0,0,1127.4,0
2026-10-02 6:06:02,15.2,50,0,3758,0,OK,273,0,0,1127.4,0
2026-10-02 6:06:18,15.2,50,0.1,3758,0,OK,320,0,0,1127.4,0
2026-10-02 6:06:34,15.2,50,0.1,3758,0,OK,303,0,0,1127.4,0
2026-10-02 6:06:50,15.2,50,0.1,3758,0,OK,23,0,0,1127.4,0
2026-10-02 6:07:06,15.2,50,0.3,3758,0,OK,35,0,0,1127.4,0
2026-10-02 6:07:22,15.2,50,0,3758,0,OK,299,0,0,1127.4,0
2026-10-02 6:07:38,15.2,50,0,3758,0,OK,300,0,0,1127.4,0
2026-10-02 6:07:54,15.2,50,0,3758,0,OK,293,0,0,1127.4,0
2026-10-02 6:08:10,15.2,50,0,3758,0,OK,331,0,0,1127.4,0
2026-10-02 6:08:26,15.2,50,0,3758,0,OK,300,0,0,1127.4,0
2026-10-02 6:08:42,15.2,50,0.4,3758,0,OK,287,0,0,1127.4,0
2026-10-02 6:08:58,15.2,50,0,3758,0,OK,296,0,0,1127.4,0
2026-10-02 6:09:14,15.2,50,0,3758,0,OK,332,0,0,1127.4,0
2026-10-02 6:09:30,15.2,50,0.1,3758,0,OK,319,0,0,1127.4,0
2026-10-02 6:09:46,15.2,50,0,3758,0,OK,292,0,0,1127.4,0
2026-10-02 6:10:02,15.2,50,0,3758,0,OK,283,0,0,1127.4,0
2026-10-02 6:10:18,15.2,50,0,3758,0,OK,236,0,0,1127.4,0
2026-10-02 6:10:34,15.2,50,0,3758,0,OK,151,0,0,1127.4,0
2026-10-02 6:10:50,15.1,50,0,3758,0,OK,131,0,0,1127.4,0
2026-10-02 6:11:06,15.1,50,0,3758,0,OK,285,0,0,1127.4,0
2026-10-02 6:11:22,15.1,50,0,3758,0,OK,291,0,0,1127.4,0
2026-10-02 6:11:38,15.1,50,0,3758,0,OK,327,0,0,1127.4,0
2026-10-02 6:11:54,15.1,50,0,3758,0,OK,211,0,0,1127.4,0
2026-10-02 6:12:10,15.1,50,0.1,3758,0,OK,308,0,0,1127.4,0
2026-10-02 6:12:26,15.1,50,0,3758,0,OK,284,0,0,1127.4,0
2026-10-02 6:12:42,15.1,50,0,3758,0,OK,263,0,0,1127.4,0
2026-10-02 6:12:58,15.1,50,0.1,3758,0,OK,271,0,0,1127.4,0
2026-10-02 6:13:14,15.1,50,0,3758,0,OK,264,0,0,1127.4,0
2026-10-02 6:13:30,15.1,50,0,3758,0,OK,300,0,0,1127.4,0
2026-10-02 6:13:46,15,50,0,3758,0,OK,263,0,0,1127.4,0
2026-10-02 6:14:02,15,50,0,3758,0,OK,251,0,0,1127.4,0
2026-10-02 6:14:18,15.1,50,0,3758,0,OK,288,0,0,1127.4,0
2026-10-02 6:14:34,15.1,50,0.1,3758,0,OK,326,0,0,1127.4,0
2026-10-02 6:14:50,15.1,50,0,3758,0,OK,287,0,0,1127.4,0
2026-10-02 6:15:06,15.1,50,0,3758,0,OK,336,0,0,1127.4,0
2026-10-02 6:15:22,15.1,50,0,3758,0,OK,263,0,0,1127.4,0
2026-10-02 6:15:38,15.1,50,0,3758,0,OK,283,1,0,1127.4,0
2026-10-02 6:15:54,15.1,50,0,3758,0,OK,245,1,0,1127.4,0
2026-10-02 6:16:10,15.1,50,0,3758,0,OK,312,1,0,1127.4,0
2026-10-02 6:16:26,15.1,50,0.6,3758,0,OK,276,1,0,1127.4,0
2026-10-02 6:16:42,15.1,50,0.1,3758,0,OK,236,1,0,1127.4,0
2026-10-02 6:16:58,15.1,50,0,3758,0,OK,295,1,0,1127.4,0
2026-10-02 6:17:14,15.1,50,0,3758,0,OK,299,1,0,1127.4,0
2026-10-02 6:17:30,15.1,50,0,3758,0,OK,325,1,0,1127.4,0
2026-10-02 6:17:46,15.1,50,0,3758,0,OK,284,1,0,1127.4,0
2026-10-02 6:18:02,15.1,50,0,3758,0,OK,266,2,0,1127.4,0
2026-10-02 6:18:18,15.1,50,0,3758,0,OK,205,2,0,1127.4,0
2026-10-02 6:18:34,15.2,50,0,3758,0,OK,267,2,0,1127.4,0
2026-10-02 6:18:50,15.1,50,0,3758,0,OK,299,2,0,1127.4,0
2026-10-02 6:19:06,15.1,50,0,3758,0,OK,339,2,0,1127.4,2
2026-10-02 6:19:22,15.1,50,0,3758,0,OK,329,2,0,1127.4,2
2026-10-02 6:19:38,15.1,50,0,3758,0,OK,320,2,0,1127.4,2
2026-10-02 6:19:54,15.1,50,0,3758,0,OK,266,2,0,1127.4,2
2026-10-02 6:20:10,15.1,50,0,3758,0,OK,287,3,0,1127.4,2
2026-10-02 6:20:26,15.1,50,0,3758,0,OK,277,3,0,1127.4,2
2026-10-02 6:20:42,15.1,50,0,3758,0,OK,222,3,0,1127.4,2
2026-10-02 6:20:58,15.1,50,0,3758,0,OK,274,3,0,1127.4,2
2026-10-02 6:21:14,15.1,50,0,3758,0,OK,313,3,0,1127.4,2
2026-10-02 6:21:30,15.1,51,0,3758,0,OK,308,3,0,1127.4,2
2026-10-02 6:21:46,15.1,51,0,3758,0,OK,277,3,0,1127.4,2
2026-10-02 6:22:02,15.1,51,0,3758,0,OK,356,3,0,1127.4,2
2026-10-02 6:22:18,15.1,51,0,3758,0,OK,253,3,0,1127.4,2
2026-10-02 6:22:34,15.1,50,0,3758,0,OK,286,4,0,1127.4,2
2026-10-02 6:22:50,15.1,50,0,3758,0,OK,327,4,0,1127.4,2
2026-10-02 6:23:06,15.1,50,0.1,3758,0,OK,230,4,0,1127.4,2
2026-10-02 6:23:22,15.1,50,0,3758,0,OK,221,4,0,1127.4,2
2026-10-02 6:23:38,15.1,50,0,3758,0,OK,310,4,0,1127.4,2
2026-10-02 6:23:54,15.1,50,0,3758,0,OK,351,4,0,1127.4,2
2026-10-02 6:24:10,15.1,50,0.1,3758,0,OK,222,5,0,1127.4,2
2026-10-02 6:24:26,15.1,50,0,3758,0,OK,327,5,0,1127.4,2
2026-10-02 6:24:42,15.1,50,0.4,3758,0,OK,330,5,0,1127.4,2
2026-10-02 6:24:58,15.1,50,0.4,3758,0,OK,241,6,0,1127.4,2
2026-10-02 6:25:14,15.1,50,0.7,3758,0,OK,351,5,0,1127.4,2
2026-10-02 6:25:30,15.1,50,0.7,3758,0,OK,274,6,0,1127.4,2
2026-10-02 6:25:46,15.2,49,0.4,3758,0,OK,273,6,0,1127.4,2
2026-10-02 6:26:02,15.2,49,0.4,3758,0,OK,335,6,0,1127.4,2
2026-10-02 6:26:18,15.2,49,0.1,3758,0,OK,295,7,0,1127.4,2
2026-10-02 6:26:34,15.2,49,0,3758,0,OK,304,7,0,1127.4,2
2026-10-02 6:26:50,15.2,49,0,3758,0,OK,329,8,0,1127.4,2
2026-10-02 6:27:06,15.1,49,0,3758,0,OK,269,8,0,1127.4,2
2026-10-02 6:27:22,15.2,49,0.1,3758,0,OK,268,8,0,1127.4,2
2026-10-02 6:27:38,15.2,49,0,3758,0,OK,234,8,0,1127.4,3
2026-10-02 6:27:54,15.2,49,0.1,3758,0,OK,320,9,0,1127.4,3
2026-10-02 6:28:10,15.2,49,0.4,3758,0,OK,220,9,0,1127.4,3
2026-10-02 6:28:26,15.2,48,0.6,3758,0,OK,314,9,0,1127.4,3
2026-10-02 6:28:42,15.1,48,0.1,3758,0,OK,343,9,0,1127.4,3
2026-10-02 6:28:58,15.2,48,1,3758,0,OK,303,10,0,1127.4,3
2026-10-02 6:29:14,15.2,48,0.3,3758,0,OK,299,10,0,1127.4,3
2026-10-02 6:29:30,15.2,48,0.4,3758,4.6,OK,300,11,0,1127.4,3
2026-10-02 6:29:46,15.2,48,0.4,3758,18.5,OK,309,11,0,1127.4,3
2026-10-02 6:30:02,15.2,48,0.8,3758,37,OK,309,11,0,1127.4,3
2026-10-02 6:30:18,15.2,48,0.7,3758,50.8,OK,326,12,0,1127.4,3
2026-10-02 6:30:34,15.2,48,0,3758,69.3,OK,308,12,0,1127.4,3
2026-10-02 6:30:50,15.3,48,0,3758,87.8,OK,282,12,0,1127.4,3
2026-10-02 6:31:06,15.2,48,0.4,3758,106.3,OK,304,13,0,1127.4,3
2026-10-02 6:31:22,15.2,48,0,3758,124.8,OK,323,13,0,1127.4,3
2026-10-02 6:31:38,15.2,48,0,3758,148,OK,289,13,0,1127.4,3
2026-10-02 6:31:54,15.2,48,1,3758,171.1,OK,305,15,0,1127.4,3
2026-10-02 6:32:10,15.3,48,0.7,3758,194.2,OK,303,14,0,1127.4,3
2026-10-02 6:32:26,15.3,48,0,3758,217.3,OK,326,16,0,1127.4,3
2026-10-02 6:32:42,15.3,48,0.3,3758,240.5,OK,324,16,0,1127.4,7
2026-10-02 6:32:58,15.3,48,0,3758,272.8,OK,327,16,0,1127.4,7
2026-10-02 6:33:14,15.3,48,0.3,3758,305.2,OK,336,17,0,1127.4,7
2026-10-02 6:33:30,15.3,48,0,3758,333,OK,275,17,0,1127.4,7
2026-10-02 6:33:46,15.2,48,0.1,3758,365.3,OK,304,18,0,1127.4,7
2026-10-02 6:34:02,15.3,48,0.1,3758,402.3,OK,8,18,0,1127.4,7
2026-10-02 6:34:18,15.2,49,0.4,3758,439.3,OK,309,19,0,1127.4,7
2026-10-02 6:34:34,15.3,49,0.3,3758,471.7,OK,310,20,0,1127.4,7
2026-10-02 6:34:50,15.3,49,0,3758,513.3,OK,340,20,0,1127.4,7
2026-10-02 6:35:06,15.2,49,0.1,3758,550.3,OK,295,21,0,1127.4,7
2026-10-02 6:35:22,15.3,49,0,3758,592,OK,33,21,0,1127.4,7
2026-10-02 6:35:38,15.2,49,0.3,3758,566.1,OK,303,22,0,1127.4,7
2026-10-02 6:35:54,15.2,49,0.1,3758,603.5,OK,298,23,0,1127.4,7
2026-10-02 6:36:10,15.3,49,0,3758,641,OK,312,23,0,1127.4,7
2026-10-02 6:36:26,15.2,49,0,3758,670.1,OK,341,24,0,1127.4,7
2026-10-02 6:36:42,15.3,49,0,3758,707.6,OK,297,25,0,1127.4,7
2026-10-02 6:36:58,15.2,49,0.4,3758,740.9,OK,316,25,0,1127.4,7
2026-10-02 6:37:14,15.2,49,0.4,3758,770,OK,255,26,0,1127.4,7
2026-10-02 6:37:30,15.3,49,0.3,3758,803.3,OK,339,26,0,1127.4,7
2026-10-02 6:37:46,15.3,49,0.1,3758,836.6,OK,300,27,0,1127.4,14
2026-10-02 6:38:02,15.3,49,0,3758,865.8,OK,299,27,0,1127.4,14
2026-10-02 6:38:18,15.3,49,0.1,3758,894.9,OK,286,28,0,1127.4,14
2026-10-02 6:38:34,15.3,49,0,3758,928.2,OK,309,29,0,1127.4,14
2026-10-02 6:38:50,15.3,49,0,3758,949,OK,295,29,0,1127.4,14
2026-10-02 6:39:06,15.3,49,0,3758,978.1,OK,307,30,0,1127.4,14
2026-10-02 6:39:22,15.3,49,0,3758,1003.1,OK,359,30,0,1127.4,14
2026-10-02 6:39:38,15.3,49,0.3,3758,1028.1,OK,5,31,0,1127.4,14
2026-10-02 6:39:54,15.3,50,0.1,3758,1057.2,OK,276,32,0,1127.4,14
2026-10-02 6:40:10,15.3,50,0,3758,1078,OK,314,32,0,1127.4,14
2026-10-02 6:40:26,15.3,50,0,3758,1107.2,OK,305,33,0,1127.4,14
2026-10-02 6:40:42,15.3,50,0,3758,1132.2,OK,236,33,0,1127.4,14
2026-10-02 6:40:58,15.3,50,0.1,3758,1157.1,OK,335,34,0,1127.4,14
2026-10-02 6:41:14,15.3,50,0,3758,1177.9,OK,299,35,0,1127.4,14
2026-10-02 6:41:30,15.3,50,0,3758,1202.9,OK,301,35,0,1127.4,14
2026-10-02 6:41:46,15.3,50,0,3758,1227.9,OK,283,36,0,1127.4,14
2026-10-02 6:42:02,15.3,50,0,3758,1252.9,OK,279,37,0,1127.4,14
2026-10-02 6:42:18,15.3,50,0,3758,1273.7,OK,307,37,0,1127.4,14
2026-10-02 6:42:34,15.3,50,0,3758,1294.5,OK,269,38,0,1127.4,18
2026-10-02 6:42:50,15.2,50,0,3758,1315.3,OK,270,38,0,1127.4,18
2026-10-02 6:43:06,15.2,50,0,3758,1332,OK,300,39,0,1127.4,18
2026-10-02 6:43:22,15.2,50,0,3758,1356.9,OK,307,39,0,1127.4,18
2026-10-02 6:43:38,15.2,50,0,3758,1377.7,OK,291,40,0,1127.4,18
2026-10-02 6:43:54,15.2,50,0,3758,1406.9,OK,279,40,0,1127.4,18
2026-10-02 6:44:10,15.1,50,0,3758,1431.9,OK,257,41,0,1127.4,18
2026-10-02 6:44:26,15.1,50,0,3758,1452.7,OK,237,42,0,1127.4,18
2026-10-02 6:44:42,15.1,50,0,3758,1473.5,OK,248,43,0,1127.4,18
2026-10-02 6:44:58,15.1,51,0,3758,1498.5,OK,264,43,0,1127.4,18
2026-10-02 6:45:14,15.1,50,0,3758,1519.3,OK,9,43,0,1127.4,18
2026-10-02 6:45:30,15.1,50,0,3758,1544.2,OK,321,44,0,1127.4,18
2026-10-02 6:45:46,15.1,50,0,3758,1560.9,OK,306,45,0,1127.4,18
2026-10-02 6:46:02,15.1,50,0,3758,1590,OK,335,46,0,1127.4,18
2026-10-02 6:46:18,15.1,50,0,3758,1610.8,OK,303,46,0,1127.4,18
2026-10-02 6:46:34,15.1,50,0,3758,1635.8,OK,317,47,0,1127.4,18
2026-10-02 6:46:50,15.1,50,0,3758,1656.6,OK,276,48,0,1127.4,18
2026-10-02 6:47:06,15.1,50,0,3758,1685.8,OK,310,49,0,1127.4,18
2026-10-02 6:47:22,15.1,50,0,3758,1723.2,OK,285,50,0,1127.4,18
2026-10-02 6:47:38,15.1,50,0,3758,1756.5,OK,293,51,0,1127.4,18
2026-10-02 6:47:54,15.1,50,0,3758,1785.7,OK,332,51,0,1127.4,18
2026-10-02 6:48:10,15.1,50,0,3758,1620.6,OK,300,52,0,1127.4,18
2026-10-02 6:48:26,15.1,50,0.1,3758,1653.9,OK,328,53,0,1127.4,18
2026-10-02 6:48:42,15.2,49,0,3758,1687.2,OK,281,54,0,1127.4,18
2026-10-02 6:48:58,15.2,49,0,3758,1713.1,OK,269,55,0,1127.4,23
2026-10-02 6:49:14,15.2,49,0.4,3758,2000,OK,333,55,0,1127.4,23
2026-10-02 6:49:30,15.2,49,0.4,3758,2037,OK,327,56,0,1127.4,23
2026-10-02 6:49:46,15.2,48,0,3758,2062.9,OK,289,57,0,1127.4,23
2026-10-02 6:50:02,15.3,48,0.3,3758,2099.9,OK,308,58,0,1127.4,23
2026-10-02 6:50:18,15.3,48,0.1,3758,2129.5,OK,277,59,0,1127.4,23
2026-10-02 6:50:34,15.3,48,0,3758,2155.4,OK,306,60,0,1127.4,23
2026-10-02 6:50:50,15.3,48,0,3758,2185,OK,227,60,0,1127.4,23
2026-10-02 6:51:06,15.3,48,0.3,3758,2207.2,OK,318,61,0,1127.4,23
2026-10-02 6:51:22,15.3,48,1,3758,2229.4,OK,318,61,0,1127.4,23
2026-10-02 6:51:38,15.3,48,0.1,3758,2259,OK,303,62,0,1127.4,23
2026-10-02 6:51:54,15.3,48,0.3,3758,2299.7,OK,38,63,0,1127.4,23
2026-10-02 6:52:10,15.3,48,0,3758,2344.1,OK,287,64,0,1127.4,23
2026-10-02 6:52:26,15.3,48,0,3758,2381.1,OK,262,65,0,1127.4,23
2026-10-02 6:52:42,15.3,48,0,3758,2410.7,OK,309,66,0,1127.4,30
2026-10-02 6:52:58,15.3,48,0,3758,2436.6,OK,319,67,0,1127.4,30
2026-10-02 6:53:14,15.3,48,0.1,3758,2455.1,OK,307,67,0,1127.4,30
2026-10-02 6:53:30,15.3,47,0,3758,2492.1,OK,350,69,0,1127.4,30
2026-10-02 6:53:46,15.4,47,0.3,3758,2510.6,OK,307,70,0,1127.4,30
2026-10-02 6:54:02,15.4,47,0.6,3758,2547.6,OK,2,71,0,1127.4,30
2026-10-02 6:54:18,15.4,47,0.1,3758,2584.6,OK,338,72,0,1127.4,30
2026-10-02 6:54:34,15.4,47,0,3758,2625.3,OK,292,73,0,1127.4,30
2026-10-02 6:54:50,15.4,47,0,3758,2658.6,OK,342,74,0,1127.4,30
2026-10-02 6:55:06,15.4,47,0,3758,2714.1,OK,303,76,0,1127.4,30
2026-10-02 6:55:22,15.4,47,0,3758,2762.2,OK,306,77,0,1127.4,30
2026-10-02 6:55:38,15.4,47,0.1,3758,2821.4,OK,0,78,0,1127.4,30
2026-10-02 6:55:54,15.4,47,0.3,3758,2873.2,OK,52,80,0,1127.4,30
2026-10-02 6:56:10,15.4,47,0.6,3758,2921.3,OK,308,80,0,1127.4,30
2026-10-02 6:56:26,15.4,47,0.3,3758,2987.9,OK,310,81,0,1127.4,30
2026-10-02 6:56:42,15.4,47,0,3758,3047.1,OK,320,83,0,1127.4,30
2026-10-02 6:56:58,15.5,47,0,3758,3102.6,OK,334,83,0,1127.4,30
2026-10-02 6:57:14,15.4,47,0.1,3758,3150.7,OK,339,85,0,1127.4,30
2026-10-02 6:57:30,15.5,47,0.3,3758,3191.4,OK,45,86,0,1127.4,30
2026-10-02 6:57:46,15.5,47,0.3,3758,3283.9,OK,301,88,0,1127.4,43
2026-10-02 6:58:02,15.4,47,0.3,3758,3320.9,OK,274,88,0,1127.4,43
2026-10-02 6:58:18,15.5,48,0.3,3758,3387.5,OK,286,89,0,1127.4,43
2026-10-02 6:58:34,15.5,48,0.6,3758,3435.6,OK,310,90,0,1127.4,43
2026-10-02 6:58:50,15.5,48,1.3,3758,3491.1,OK,315,92,0,1127.4,43
2026-10-02 6:59:06,15.5,48,0.3,3758,3535.5,OK,313,93,0,1127.4,43
2026-10-02 6:59:22,15.5,48,0.1,3758,3602.1,OK,309,94,0,1127.4,43
2026-10-02 6:59:38,15.5,48,0.4,3758,3635.4,OK,306,95,0,1127.4,43
2026-10-02 6:59:54,15.5,48,0.4,3758,3705.7,OK,308,96,0,1127.4,43
2026-10-02 7:00:10,15.5,48,0,3758,3746.4,OK,315,98,0,1127.4,43
2026-10-02 7:00:26,15.5,48,0,3758,3798.2,OK,353,99,1,1127.4,43
2026-10-02 7:00:42,15.5,48,0.1,3758,3842.6,OK,317,100,1,1127.4,43
2026-10-02 7:00:58,15.5,48,0.3,3758,3875.9,OK,317,100,1,1127.4,43
2026-10-02 7:01:14,15.5,48,0.1,3758,3890.7,OK,320,101,1,1127.4,43
2026-10-02 7:01:30,15.5,48,0.3,3758,3983.2,OK,309,103,1,1127.4,43
2026-10-02 7:01:46,15.5,48,0.4,3758,4023.9,OK,296,105,1,1127.4,43
2026-10-02 7:02:02,15.5,48,0,3758,4075.7,OK,289,106,1,1127.4,43
2026-10-02 7:02:18,15.5,48,0,3758,4086.8,OK,292,105,1,1127.4,43
2026-10-02 7:02:34,15.5,48,0,3758,4105.3,OK,306,106,1,1127.4,55
2026-10-02 7:02:50,15.5,48,0,3758,4142.3,OK,284,108,1,1127.4,55
2026-10-02 7:03:06,15.5,48,0,3758,4149.7,OK,313,107,1,1127.4,55
2026-10-02 7:03:22,15.5,48,0,3758,4212.6,OK,339,111,1,1127.4,55
2026-10-02 7:03:38,15.5,48,0.4,3758,4231.1,OK,287,111,1,1127.4,55
2026-10-02 7:03:54,15.5,48,0.3,3758,4234.8,OK,243,111,1,1127.4,55
2026-10-02 7:04:10,15.5,48,0.1,3758,4231.1,OK,322,111,1,1127.4,55
2026-10-02 7:04:26,15.5,48,0,3758,4253.3,OK,305,114,1,1127.4,55
2026-10-02 7:04:42,15.6,48,0,3758,4257,OK,291,114,1,1127.4,55
2026-10-02 7:04:58,15.5,48,0,3758,4253.3,OK,299,114,1,1127.4,55
2026-10-02 7:05:14,15.6,48,0.8,3758,4231.1,OK,282,113,1,1127.4,55
2026-10-02 7:05:30,15.6,48,1,3758,4245.9,OK,0,114,1,1127.4,55
2026-10-02 7:05:46,15.6,47,0,3758,4238.5,OK,279,115,1,1127.4,55
2026-10-02 7:06:02,15.6,47,0,3758,4223.7,OK,319,115,1,1127.4,55
2026-10-02 7:06:18,15.6,47,0.3,3758,4231.1,OK,260,116,1,1127.4,55
2026-10-02 7:06:34,15.6,47,0,3758,4190.4,OK,328,116,1,1127.4,55
2026-10-02 7:06:50,15.6,47,0,3758,4149.7,OK,334,116,1,1127.4,55
2026-10-02 7:07:06,15.6,47,0.4,3758,4131.2,OK,348,116,1,1127.4,55
2026-10-02 7:07:22,15.6,47,0.6,3758,4086.8,OK,6,117,1,1127.4,55
2026-10-02 7:07:38,15.6,47,0.6,3758,4035,OK,309,116,1,1127.4,47
2026-10-02 7:07:54,15.6,47,1,3758,3968.4,OK,285,117,1,1127.4,47
2026-10-02 7:08:10,15.6,47,0.3,3758,3938.8,OK,9,118,1,1127.4,47
2026-10-02 7:08:26,15.6,47,0.3,3758,3901.8,OK,39,118,1,1127.4,47
2026-10-02 7:08:42,15.7,47,1.4,3758,3887,OK,330,119,1,1127.4,47
2026-10-02 7:08:58,15.6,47,0.8,3758,3857.4,OK,297,119,1,1127.4,47
2026-10-02 7:09:14,15.6,47,0.1,3758,3831.5,OK,287,119,1,1127.4,47
2026-10-02 7:09:30,15.7,47,0,3758,3790.8,OK,240,120,1,1127.4,47
2026-10-02 7:09:46,15.6,47,0,3758,3735.3,OK,38,120,1,1127.4,47
2026-10-02 7:10:02,15.6,47,0,3758,3702,OK,306,123,1,1127.4,47
2026-10-02 7:10:18,15.7,47,0,3758,3716.8,OK,334,124,1,1127.4,47
2026-10-02 7:10:34,15.7,47,0,3758,3753.8,OK,319,125,1,1127.4,47
2026-10-02 7:10:50,15.6,47,0,3758,3757.5,OK,322,126,1,1127.4,47
2026-10-02 7:11:06,15.7,47,0,3758,3742.7,OK,12,126,1,1127.4,47
2026-10-02 7:11:22,15.7,47,0,3758,3750.1,OK,309,128,1,1127.4,47
2026-10-02 7:11:38,15.6,47,0,3758,3753.8,OK,311,129,1,1127.4,47
2026-10-02 7:11:54,15.7,47,0,3758,3727.9,OK,357,131,1,1127.4,47
2026-10-02 7:12:10,15.7,47,0,3758,3694.6,OK,302,132,1,1127.4,47
2026-10-02 7:12:26,15.6,47,0,3758,3650.2,OK,333,133,1,1127.4,47
2026-10-02 7:12:42,15.7,47,0,3758,3687.2,OK,314,136,1,1127.4,54
2026-10-02 7:12:58,15.6,47,0,3758,3794.5,OK,301,137,1,1127.4,54
2026-10-02 7:13:14,15.6,47,0,3758,3827.8,OK,295,139,1,1127.4,54
2026-10-02 7:13:30,15.6,47,0,3758,3798.2,OK,316,140,1,1127.4,54
2026-10-02 7:13:46,15.6,47,0,3758,3798.2,OK,315,143,1,1127.4,54
2026-10-02 7:14:02,15.6,48,0,3758,3776,OK,270,143,1,1127.4,54
2026-10-02 7:14:18,15.7,48,0.1,3758,3842.6,OK,339,145,1,1127.4,54
2026-10-02 7:14:34,15.7,48,0,3758,3949.9,OK,14,146,1,1127.4,54
2026-10-02 7:14:50,15.7,48,0.1,3758,4075.7,OK,338,148,1,1127.4,54
2026-10-02 7:15:06,15.7,48,0.3,3758,4179.3,OK,291,149,1,1127.4,54
2026-10-02 7:15:22,15.7,48,0.4,3758,4220,OK,306,150,1,1127.4,54
2026-10-02 7:15:38,15.7,47,0.1,3758,4334.7,OK,290,152,1,1127.4,54
2026-10-02 7:15:54,15.7,48,0.6,3758,4427.2,OK,299,152,1,1127.4,54
2026-10-02 7:16:10,15.7,47,0.1,3758,4471.6,OK,299,153,1,1127.4,54
2026-10-02 7:16:26,15.6,48,0,3758,4416.1,OK,300,154,1,1127.4,54
2026-10-02 7:16:42,15.6,47,0.1,3758,4401.3,OK,299,155,1,1127.4,54
2026-10-02 7:16:58,15.6,47,0.1,3758,4375.4,OK,239,156,1,1127.4,54
2026-10-02 7:17:14,15.6,47,0,3758,4323.6,OK,149,157,1,1127.4,54
2026-10-02 7:17:30,15.7,47,0,3758,4253.3,OK,63,157,1,1127.4,54
2026-10-02 7:17:46,15.7,47,0.4,3758,4275.5,OK,297,158,1,1127.4,54
2026-10-02 7:18:02,15.7,47,1,3758,4245.9,OK,298,158,1,1127.4,54
2026-10-02 7:18:18,15.7,47,1.3,3758,4186.7,OK,339,158,1,1127.4,54
2026-10-02 7:18:34,15.7,46,0.4,3758,4245.9,OK,285,160,1,1127.4,54
2026-10-02 7:18:50,15.7,46,0,3758,4268.1,OK,340,159,1,1127.4,54
2026-10-02 7:19:06,15.7,46,0.1,3758,4249.6,OK,340,160,1,1127.4,73
2026-10-02 7:19:23,15.7,46,0.4,3758,4116.4,OK,226,160,1,1127.4,73
2026-10-02 7:19:38,15.7,46,0.1,3758,4027.6,OK,268,160,1,1127.4,73
2026-10-02 7:19:54,15.7,46,0.3,3758,4035,OK,356,161,1,1127.4,73
2026-10-02 7:20:10,15.7,46,0.4,3758,3964.7,OK,307,161,1,1127.4,73
2026-10-02 7:20:26,15.7,46,0.1,3758,3875.9,OK,311,161,1,1127.4,73
2026-10-02 7:20:42,15.7,46,0,3758,3790.8,OK,282,162,1,1127.4,73
2026-10-02 7:20:58,15.7,46,0,3758,3757.5,OK,329,163,1,1127.4,73
2026-10-02 7:21:14,15.7,47,0.4,3758,3761.2,OK,277,164,1,1127.4,73
2026-10-02 7:21:30,15.7,47,0,3758,3776,OK,11,165,1,1127.4,73
2026-10-02 7:21:46,15.7,47,0,3758,3794.5,OK,314,166,1,1127.4,73
2026-10-02 7:22:02,15.7,47,0.1,3758,3809.3,OK,318,166,1,1127.4,73
2026-10-02 7:22:18,15.7,47,0.3,3758,3868.5,OK,293,168,1,1127.4,73
2026-10-02 7:22:34,15.7,47,0.3,3758,3975.8,OK,236,171,1,1127.4,210
2026-10-02 7:22:50,15.7,47,0.1,3758,4086.8,OK,36,172,1,1127.4,210
2026-10-02 7:23:06,15.7,47,0.4,3758,4205.2,OK,29,173,1,1127.4,210
2026-10-02 7:23:22,15.7,47,0.6,3758,4312.5,OK,5,174,1,1127.4,210
2026-10-02 7:23:38,15.7,47,1,3758,4282.9,OK,301,175,1,1127.4,210
2026-10-02 7:23:54,15.7,47,0.8,3758,4268.1,OK,4,175,1,1127.4,210
2026-10-02 7:24:10,15.7,47,0.4,3758,4275.5,OK,329,178,1,1127.4,210
2026-10-02 7:24:26,15.7,47,0.3,3758,4286.6,OK,1,178,1,1127.4,210
2026-10-02 7:24:42,15.7,47,0,3758,4282.9,OK,262,180,1,1127.4,210
2026-10-02 7:24:58,15.7,47,0.3,3758,4286.6,OK,46,181,1,1127.4,210
2026-10-02 7:25:14,15.7,47,0,3758,4308.8,OK,342,182,1,1127.4,210
2026-10-02 7:25:30,15.7,47,0,3758,4308.8,OK,298,183,1,1127.4,210
2026-10-02 7:25:46,15.7,47,0,3758,4334.7,OK,327,185,1,1127.4,210
2026-10-02 7:26:02,15.7,47,0,3758,4338.4,OK,203,186,1,1127.4,210
2026-10-02 7:26:18,15.7,47,0,3758,4412.4,OK,308,188,1,1127.4,210
2026-10-02 7:26:34,15.7,47,0.1,3758,4445.7,OK,80,189,1,1127.4,210
2026-10-02 7:26:50,15.7,47,0,3758,4445.7,OK,320,191,1,1127.4,210
2026-10-02 7:27:06,15.7,47,0,3758,4527.1,OK,279,192,1,1127.4,210
2026-10-02 7:27:22,15.7,47,0.1,3758,4571.5,OK,302,194,1,1127.4,210
2026-10-02 7:27:38,15.7,47,0.3,3758,4593.7,OK,258,196,1,1127.4,238
2026-10-02 7:27:54,15.7,47,0.7,3758,4634.4,OK,347,197,1,1127.4,238
2026-10-02 7:28:10,15.7,47,0.6,3758,4664,OK,334,198,1,1127.4,238
2026-10-02 7:28:26,15.7,47,0.3,3758,4715.8,OK,298,200,1,1127.4,238
2026-10-02 7:28:42,15.8,47,1.1,3758,4704.7,OK,290,200,1,1127.4,238
2026-10-02 7:28:58,15.8,46,1.3,3758,4719.5,OK,4,202,1,1127.4,238
2026-10-02 7:29:14,15.8,46,1.1,3758,4752.8,OK,295,203,1,1127.4,238
2026-10-02 7:29:30,15.8,46,0.3,3758,4789.8,OK,351,204,1,1127.4,238
2026-10-02 7:29:46,15.8,45,1,3758,4841.6,OK,323,206,1,1127.4,238
2026-10-02 7:30:02,15.8,46,0.6,3758,4900.8,OK,315,207,1,1127.4,238
2026-10-02 7:30:18,15.8,46,0.4,3758,4974.8,OK,25,209,1,1127.4,238
2026-10-02 7:30:34,15.8,46,0.1,3758,5048.8,OK,320,212,1,1127.4,238
2026-10-02 7:30:50,15.8,46,0.3,3758,5163.5,OK,269,216,1,1127.4,238
2026-10-02 7:31:06,15.9,46,0,3758,5241.2,OK,335,221,1,1127.4,238
2026-10-02 7:31:22,15.9,46,0.7,3758,5355.9,OK,4,225,1,1127.4,238
2026-10-02 7:31:38,15.9,46,0.1,3758,5448.4,OK,263,230,1,1127.4,238
2026-10-02 7:31:54,15.9,46,0,3758,5544.6,OK,354,234,1,1127.4,238
2026-10-02 7:32:10,15.9,46,0,3758,5611.2,OK,357,239,1,1127.4,238
2026-10-02 7:32:26,15.9,46,0.6,3758,5688.9,OK,309,241,1,1127.4,238
2026-10-02 7:32:42,16,46,0.6,3758,5737,OK,331,243,1,1127.4,267
2026-10-02 7:32:58,16,46,0,3758,5862.8,OK,274,246,1,1127.4,267
2026-10-02 7:33:14,16,46,0,3758,5918.3,OK,292,248,1,1127.4,267
2026-10-02 7:33:30,16.1,46,0,3758,5992.3,OK,187,251,1,1127.4,267
2026-10-02 7:33:46,16.1,46,0.3,3758,6055.2,OK,283,253,1,1127.4,267
2026-10-02 7:34:02,16.1,45,0,3758,6125.5,OK,304,255,1,1127.4,267
2026-10-02 7:34:18,16.1,45,0.7,3758,6229.1,OK,320,257,1,1127.4,267
2026-10-02 7:34:34,16.1,45,0.6,3758,6310.5,OK,283,260,1,1127.4,267
2026-10-02 7:34:50,16.2,45,0,3758,6399.3,OK,340,262,1,1127.4,267
2026-10-02 7:35:06,16.2,45,0.1,3758,6480.7,OK,44,263,1,1127.4,267
2026-10-02 7:35:22,16.2,45,0,3758,6562.1,OK,291,266,1,1127.4,267
2026-10-02 7:35:38,16.3,45,0,3758,6673.1,OK,340,269,1,1127.4,267
2026-10-02 7:35:54,16.3,45,0,3758,6784.1,OK,281,271,1,1127.4,267
2026-10-02 7:36:10,16.3,45,0,3758,6887.7,OK,295,273,1,1127.4,267
2026-10-02 7:36:26,16.3,45,0.3,3758,6991.3,OK,260,275,1,1127.4,267
2026-10-02 7:36:42,16.3,45,0,3758,7091.2,OK,140,278,1,1127.4,267
2026-10-02 7:36:58,16.4,45,0,3758,7202.2,OK,347,279,1,1127.4,267
2026-10-02 7:37:14,16.5,45,0,3758,7316.9,OK,39,282,1,1127.4,267
2026-10-02 7:37:30,16.5,45,0.6,3758,7413.1,OK,266,283,1,1127.4,267
2026-10-02 7:37:46,16.4,45,0,3758,7553.7,OK,292,286,1,1127.4,319
2026-10-02 7:38:02,16.5,45,0,3758,7649.9,OK,305,289,1,1127.4,319
2026-10-02 7:38:18,16.5,45,0.1,3758,7764.6,OK,300,290,1,1127.4,319
2026-10-02 7:38:34,16.6,45,0,3758,7864.5,OK,309,293,1,1127.4,319
2026-10-02 7:38:50,16.6,44,0,3758,7979.2,OK,296,294,1,1127.4,319
2026-10-02 7:39:06,16.6,44,0,3758,8056.9,OK,287,295,1,1127.4,319
2026-10-02 7:39:22,16.7,44,0.1,3758,8142,OK,298,297,1,1127.4,319
2026-10-02 7:39:38,16.7,44,0.3,3758,8234.5,OK,251,299,1,1127.4,319
2026-10-02 7:39:54,16.7,44,0.4,3758,8301.1,OK,290,299,1,1127.4,319
2026-10-02 7:40:10,16.8,44,0,3758,8330.7,OK,290,300,1,1127.4,319
2026-10-02 7:40:26,16.8,44,0,3758,8360.3,OK,331,300,1,1127.4,319
2026-10-02 7:40:42,16.9,44,0.4,3758,8364,OK,7,300,1,1127.4,319
2026-10-02 7:40:58,16.8,44,0.7,3758,8456.5,OK,0,302,1,1127.4,319
2026-10-02 7:41:14,16.8,44,1.3,3758,8489.8,OK,300,304,1,1127.4,319
2026-10-02 7:41:30,16.8,43,0.8,3758,8493.5,OK,267,304,1,1127.4,319
2026-10-02 7:41:46,16.8,43,0.8,3758,8597.1,OK,154,307,1,1127.4,319
2026-10-02 7:42:02,16.8,44,0.6,3758,8634.1,OK,276,310,1,1127.4,319
2026-10-02 7:42:18,16.8,44,1.1,3758,8656.3,OK,303,310,1,1127.4,319
2026-10-02 7:42:34,16.9,44,0.6,3758,8715.5,OK,99,313,1,1127.4,365
2026-10-02 7:42:50,16.9,43,0.6,3758,8726.6,OK,338,314,1,1127.4,365
2026-10-02 7:43:06,17,43,0.4,3758,8759.9,OK,341,315,1,1127.4,365
2026-10-02 7:43:22,17,43,0.1,3758,8778.4,OK,314,316,1,1127.4,365
2026-10-02 7:43:38,17,43,0.3,3758,8811.7,OK,318,317,1,1127.4,365
2026-10-02 7:43:54,17,43,0.4,3758,8826.5,OK,267,319,1,1127.4,365
2026-10-02 7:44:10,17,43,0.6,3758,8922.7,OK,225,321,1,1127.4,365
2026-10-02 7:44:26,17,43,1.1,3758,8944.9,OK,310,322,1,1127.4,365
2026-10-02 7:44:42,17,43,0.8,3758,8967.1,OK,244,321,1,1127.4,365
2026-10-02 7:44:58,17.1,43,0.7,3758,8981.9,OK,348,323,1,1127.4,365
2026-10-02 7:45:14,17.1,43,1.1,3758,8956,OK,288,324,1,1127.4,365
2026-10-02 7:45:30,17.1,43,0.8,3758,8878.3,OK,271,321,1,1127.4,365
2026-10-02 7:45:46,17.1,43,0,3758,8856.1,OK,57,322,1,1127.4,365
2026-10-02 7:46:02,17.2,43,0.1,3758,8815.4,OK,281,321,1,1127.4,365
2026-10-02 7:46:18,17.2,43,0.1,3758,8697,OK,311,317,1,1127.4,365
2026-10-02 7:46:34,17.2,43,0.3,3758,8993,OK,271,325,1,1127.4,365
2026-10-02 7:46:50,17.3,43,0,3758,8785.8,OK,315,321,1,1127.4,365
2026-10-02 7:47:06,17.4,43,0,3758,8278.9,OK,271,307,1,1127.4,365
2026-10-02 7:47:22,17.4,43,0.1,3758,8970.8,OK,321,327,1,1127.4,365
2026-10-02 7:47:38,17.4,42,0.1,3758,8271.5,OK,243,308,1,1127.4,365
2026-10-02 7:47:54,17.5,42,0.1,3758,8674.8,OK,28,322,1,1127.4,365
2026-10-02 7:48:10,17.5,42,0,3758,8482.4,OK,318,317,1,1127.4,365
2026-10-02 7:48:26,17.6,42,0.8,3758,8537.9,OK,330,321,1,1127.4,365
2026-10-02 7:48:42,17.6,42,0.4,3758,7997.7,OK,295,306,1,1127.4,365
2026-10-02 7:48:58,17.5,42,0.7,3758,8223.4,OK,21,314,1,1127.4,223
2026-10-02 7:49:14,17.5,42,0.6,3758,7579.6,OK,329,297,1,1127.4,223
2026-10-02 7:49:30,17.5,42,0.3,3758,7727.6,OK,329,303,1,1127.4,223
2026-10-02 7:49:46,17.5,42,0.6,3758,7934.8,OK,2,313,1,1127.4,223
2026-10-02 7:50:02,17.4,42,0.3,3758,7479.7,OK,46,301,1,1127.4,223
2026-10-02 7:50:18,17.5,42,0.4,3758,7483.4,OK,312,304,1,1127.4,223
2026-10-02 7:50:34,17.4,42,0.3,3758,7124.5,OK,325,294,1,1127.4,223
2026-10-02 7:50:50,17.4,42,0.1,3758,7342.8,OK,339,303,1,1127.4,223
2026-10-02 7:51:06,17.3,42,1,3758,7357.6,OK,2,309,1,1127.4,223
2026-10-02 7:51:22,17.3,43,0.6,3758,7024.6,OK,317,299,1,1127.4,223
2026-10-02 7:51:38,17.2,43,0.6,3758,7176.3,OK,267,307,1,1127.4,223
2026-10-02 7:51:54,17.2,43,0.6,3758,6921,OK,282,301,1,1127.4,223
2026-10-02 7:52:10,17.2,43,0.7,3758,6728.6,OK,21,298,1,1127.4,223
2026-10-02 7:52:26,17.2,43,0.1,3758,6636.1,OK,337,297,1,1127.4,223
2026-10-02 7:52:42,17.3,43,0.7,3758,6961.7,OK,288,310,1,1127.4,151
2026-10-02 7:52:58,17.3,43,1.1,3758,6847,OK,313,309,1,1127.4,151
2026-10-02 7:53:14,17.2,42,1.5,3758,6691.6,OK,297,305,1,1127.4,151
2026-10-02 7:53:30,17.2,43,0.3,3758,6998.7,OK,33,320,1,1127.4,151
2026-10-02 7:53:46,17.2,43,0.8,3758,6754.5,OK,299,314,1,1127.4,151
2026-10-02 7:54:02,17.2,43,0.6,3758,6495.5,OK,281,308,1,1127.4,151
2026-10-02 7:54:18,17.1,43,0.4,3758,6669.4,OK,280,313,1,1127.4,151
2026-10-02 7:54:34,17.1,43,0.4,3758,7609.2,OK,324,348,1,1127.4,151
2026-10-02 7:54:50,17.2,43,1,3758,7372.4,OK,303,340,1,1127.4,151
2026-10-02 7:55:06,17.2,43,0.1,3758,7013.5,OK,295,330,1,1127.4,151
2026-10-02 7:55:22,17.2,43,0.1,3758,6480.7,OK,301,313,1,1127.4,151
2026-10-02 7:55:38,17.2,43,0,3758,6780.4,OK,336,325,1,1127.4,151
2026-10-02 7:55:54,17.2,43,0,3758,6469.6,OK,294,315,1,1127.4,151
2026-10-02 7:56:10,17.2,43,0.3,3758,7065.3,OK,256,338,1,1127.4,151
2026-10-02 7:56:26,17.1,43,0.8,3758,6850.7,OK,272,332,1,1127.4,151
2026-10-02 7:56:42,17.1,43,1.1,3758,6743.4,OK,310,331,1,1127.4,151
2026-10-02 7:56:58,17.1,43,1,3758,6710.1,OK,344,334,1,1127.4,151
2026-10-02 7:57:14,17.2,42,0.6,3758,6425.2,OK,317,325,1,1127.4,151
2026-10-02 7:57:30,17.1,42,0.4,3758,6088.5,OK,225,316,1,1127.4,151
2026-10-02 7:57:46,17.2,42,0.7,3758,6132.9,OK,294,319,1,1127.4,340
2026-10-02 7:58:02,17.1,43,1.1,3758,6695.3,OK,299,338,1,1127.4,340
2026-10-02 7:58:18,17.2,43,0,3758,7368.7,OK,302,367,1,1127.4,340
2026-10-02 7:58:34,17.2,43,0.7,3758,6362.3,OK,335,333,1,1127.4,340
2026-10-02 7:58:50,17.1,43,0.6,3758,6210.6,OK,300,329,1,1127.4,340
2026-10-02 7:59:06,17.2,43,0,3758,6421.5,OK,263,338,1,1127.4,340
2026-10-02 7:59:22,17.1,43,0.1,3758,6813.7,OK,341,352,1,1127.4,340
2026-10-02 7:59:38,17.1,43,0.6,3758,6854.4,OK,289,354,1,1127.4,340
2026-10-02 7:59:54,17.1,43,0.4,3758,7531.5,OK,302,380,1,1127.4,340
2026-10-02 8:00:10,17.2,43,0.3,3758,7413.1,OK,324,378,1,1127.4,340
2026-10-02 8:00:26,17.2,43,0.3,3758,7668.4,OK,311,390,1,1127.4,340
2026-10-02 8:00:42,17.2,43,1.4,3758,7601.8,OK,275,392,1,1127.4,340
2026-10-02 8:00:58,17.2,43,0.6,3758,7476,OK,300,388,1,1127.4,340
2026-10-02 8:01:14,17.2,43,0,3758,6946.9,OK,235,370,1,1127.4,340
2026-10-02 8:01:30,17.2,43,0,3758,7024.6,OK,244,375,1,1127.4,340
2026-10-02 8:01:46,17.3,43,0,3758,6810,OK,282,368,1,1127.4,340
2026-10-02 8:02:02,17.3,43,0,3758,7287.3,OK,342,387,1,1127.4,340
2026-10-02 8:02:18,17.4,43,0,3758,7683.2,OK,74,405,1,1127.4,340
2026-10-02 8:02:34,17.5,43,0,3758,7683.2,OK,276,408,1,1127.4,434
2026-10-02 8:02:50,17.5,43,0,3758,7564.8,OK,310,407,1,1127.4,434
2026-10-02 8:03:06,17.6,43,0,3758,6754.5,OK,297,380,1,1127.4,434
2026-10-02 8:03:22,17.6,42,0,3758,6958,OK,346,386,1,1127.4,434
2026-10-02 8:03:38,17.6,42,0,3758,6354.9,OK,298,358,1,1127.4,434
2026-10-02 8:03:54,17.6,42,0.7,3758,7568.5,OK,32,410,1,1127.4,434
2026-10-02 8:04:10,17.6,42,0.8,3758,6976.5,OK,286,387,1,1127.4,434
2026-10-02 8:04:26,17.6,42,0,3758,7254,OK,278,397,1,1127.4,434
2026-10-02 8:04:42,17.6,42,0.3,3758,7846,OK,348,423,1,1127.4,434
2026-10-02 8:04:58,17.6,42,1.5,3758,7883,OK,286,423,1,1127.4,434
2026-10-02 8:05:14,17.6,42,0.4,3758,7805.3,OK,330,424,1,1127.4,434
2026-10-02 8:05:30,17.5,42,0.4,3758,7483.4,OK,307,412,1,1127.4,434
2026-10-02 8:05:46,17.5,42,0,3758,7742.4,OK,262,424,1,1127.4,434
2026-10-02 8:06:02,17.6,42,0.3,3758,7698,OK,274,424,1,1127.4,434
2026-10-02 8:06:18,17.6,42,1,3758,7524.1,OK,19,420,1,1127.4,434
2026-10-02 8:06:34,17.6,42,1,3758,7553.7,OK,304,425,1,1127.4,434
2026-10-02 8:06:50,17.6,42,0.6,3758,7553.7,OK,319,427,1,1127.4,434
2026-10-02 8:07:06,17.6,42,0.8,3758,7235.5,OK,279,419,1,1127.4,434
2026-10-02 8:07:22,17.6,42,1,3758,6584.3,OK,277,394,1,1127.4,434
2026-10-02 8:07:38,17.6,42,0.7,3758,6047.8,OK,325,370,1,1127.4,442
2026-10-02 8:07:54,17.6,42,0.8,3758,7198.5,OK,351,422,1,1127.4,442
2026-10-02 8:08:10,17.7,42,0.6,3758,6562.1,OK,311,393,1,1127.4,442
2026-10-02 8:08:26,17.7,42,1.3,3758,7402,OK,303,434,1,1127.4,442
2026-10-02 8:08:42,17.7,41,1.4,3758,7217,OK,333,428,1,1127.4,442
2026-10-02 8:08:58,17.6,41,0.8,3758,6676.8,OK,260,408,1,1127.4,442
2026-10-02 8:09:14,17.6,41,0.7,3758,6658.3,OK,310,407,1,1127.4,442
2026-10-02 8:09:30,17.6,41,1.1,3758,7146.7,OK,354,431,1,1127.4,442
2026-10-02 8:09:46,17.6,41,1.1,3758,7180,OK,329,434,1,1127.4,442
2026-10-02 8:10:02,17.6,42,1,3758,7405.7,OK,293,446,1,1127.4,442
2026-10-02 8:10:18,17.6,42,0.4,3758,7439,OK,353,448,1,1127.4,442
2026-10-02 8:10:34,17.6,42,0.8,3758,7498.2,OK,246,450,1,1127.4,442
2026-10-02 8:10:50,17.7,42,0.4,3758,7435.3,OK,308,451,1,1127.4,442
2026-10-02 8:11:06,17.8,41,0.3,3758,7442.7,OK,250,452,1,1127.4,442
2026-10-02 8:11:22,17.8,41,0.6,3758,7413.1,OK,295,452,1,1127.4,442
2026-10-02 8:11:38,17.8,41,0,3758,7328,OK,267,452,1,1127.4,442
2026-10-02 8:11:54,17.8,41,0.1,3758,7039.4,OK,280,444,1,1127.4,442
2026-10-02 8:12:10,17.9,41,0.1,3758,6506.6,OK,37,422,1,1127.4,442
2026-10-02 8:12:26,17.9,41,0.8,3758,6055.2,OK,300,404,1,1127.4,442
2026-10-02 8:12:42,17.9,41,0.8,3758,6399.3,OK,304,419,1,1127.4,444
2026-10-02 8:12:58,17.8,41,0.8,3758,6169.9,OK,29,403,1,1127.4,444
2026-10-02 8:13:14,17.9,41,0.4,3758,7309.5,OK,304,450,1,1127.4,444
2026-10-02 8:13:30,17.9,41,1,3758,7779.4,OK,315,469,1,1127.4,444
2026-10-02 8:13:46,17.9,41,0,3758,7764.6,OK,274,469,1,1127.4,444
2026-10-02 8:14:02,17.9,41,0,3758,7820.1,OK,332,472,1,1127.4,444
2026-10-02 8:14:18,17.9,41,0.3,3758,7842.3,OK,305,474,1,1127.4,444
2026-10-02 8:14:34,18,41,1.3,3758,7901.5,OK,251,476,1,1127.4,444
2026-10-02 8:14:50,17.9,41,1.4,3758,7905.2,OK,299,477,1,1127.4,444
2026-10-02 8:15:06,17.9,42,0.4,3758,7979.2,OK,305,478,1,1127.4,444
2026-10-02 8:15:22,17.9,41,0.4,3758,8005.1,OK,271,479,1,1127.4,444
2026-10-02 8:15:38,18.1,41,0.7,3758,8071.7,OK,312,482,1,1127.4,444
2026-10-02 8:15:54,18.1,41,1.1,3758,8123.5,OK,255,484,1,1127.4,444
2026-10-02 8:16:10,18.1,41,0.4,3758,8153.1,OK,3,486,1,1127.4,444
2026-10-02 8:16:26,18.1,41,1.3,3758,8216,OK,305,487,1,1127.4,444
2026-10-02 8:16:42,18.1,41,0.6,3758,8286.3,OK,349,490,1,1127.4,444
2026-10-02 8:16:58,18,41,0.4,3758,8349.2,OK,302,492,1,1127.4,444
2026-10-02 8:17:14,18.1,41,0.1,3758,8419.5,OK,297,494,1,1127.4,444
2026-10-02 8:17:30,18.1,41,0.4,3758,8508.3,OK,339,497,1,1127.4,444
2026-10-02 8:17:46,18.1,41,0.6,3758,8560.1,OK,288,499,1,1127.4,444
2026-10-02 8:18:02,18.1,41,0.4,3758,8645.2,OK,332,500,1,1127.4,444
2026-10-02 8:18:18,18.2,41,0,3758,8785.8,OK,326,504,1,1127.4,444
2026-10-02 8:18:34,18.2,41,0.4,3758,8904.2,OK,309,506,1,1127.4,444
2026-10-02 8:18:50,18.2,41,0.4,3758,8970.8,OK,296,507,1,1127.4,444
2026-10-02 8:19:06,18.3,41,0,3758,9022.6,OK,323,510,1,1127.4,476
2026-10-02 8:19:22,18.4,41,0.6,3758,9100.3,OK,315,512,1,1127.4,476
2026-10-02 8:19:38,18.4,40,0.4,3758,9244.6,OK,303,515,1,1127.4,476
2026-10-02 8:19:54,18.5,40,1.3,3758,9329.7,OK,312,517,1,1127.4,476
2026-10-02 8:20:10,18.4,40,1.5,3758,9314.9,OK,248,519,1,1127.4,476
2026-10-02 8:20:26,18.4,40,0.3,3758,9359.3,OK,308,520,1,1127.4,476
2026-10-02 8:20:42,18.4,40,0,3758,9407.4,OK,15,522,1,1127.4,476
2026-10-02 8:20:58,18.4,40,1,3758,9448.1,OK,21,523,1,1127.4,476
2026-10-02 8:21:14,18.5,40,0.4,3758,9448.1,OK,307,522,1,1127.4,476
2026-10-02 8:21:30,18.5,40,0.7,3758,9477.7,OK,310,523,1,1127.4,476
2026-10-02 8:21:46,18.5,40,0.6,3758,9488.8,OK,340,524,1,1127.4,476
2026-10-02 8:22:02,18.5,40,0.3,3758,9496.2,OK,337,525,1,1127.4,476
2026-10-02 8:22:18,18.6,40,0,3758,9496.2,OK,316,523,1,1127.4,476
2026-10-02 8:22:34,18.6,40,0.4,3758,9492.5,OK,284,522,1,1127.4,309
2026-10-02 8:22:50,18.7,40,0.8,3758,9540.6,OK,290,524,1,1127.4,309
2026-10-02 8:23:06,18.7,39,0.8,3758,9514.7,OK,313,524,1,1127.4,309
2026-10-02 8:23:22,18.7,39,0.8,3758,9525.8,OK,350,525,1,1127.4,309
2026-10-02 8:23:38,18.6,39,1,3758,9488.8,OK,315,522,1,1127.4,309
2026-10-02 8:23:54,18.6,39,0.6,3758,9377.8,OK,265,517,1,1127.4,309
2026-10-02 8:24:10,18.7,39,0,3758,9466.6,OK,279,522,1,1127.4,309
2026-10-02 8:24:26,18.7,39,0.3,3758,9252,OK,284,519,1,1127.4,309
2026-10-02 8:24:42,18.8,39,0.4,3758,8822.8,OK,274,509,1,1127.4,309
2026-10-02 8:24:58,18.8,39,0.1,3758,6284.6,OK,286,423,1,1127.4,309
2026-10-02 8:25:14,18.8,39,1,3758,7816.4,OK,316,478,1,1127.4,309
2026-10-02 8:25:30,18.7,39,1,3758,7923.7,OK,349,482,1,1127.4,309
2026-10-02 8:25:46,18.6,39,1,3758,8123.5,OK,315,488,1,1127.4,309
2026-10-02 8:26:02,18.6,40,1.1,3758,9011.5,OK,40,512,1,1127.4,309
2026-10-02 8:26:18,18.6,40,1.7,3758,10121.8,OK,358,553,2,1127.4,309
2026-10-02 8:26:34,18.5,40,2.1,3758,10133.4,OK,314,553,2,1127.4,309
2026-10-02 8:26:50,18.4,40,1.5,3758,10139.2,OK,308,553,2,1127.4,309
2026-10-02 8:27:06,18.4,40,1.1,3758,10174,OK,289,553,2,1127.4,309
2026-10-02 8:27:22,18.4,40,1.1,3758,10246.5,OK,284,557,2,1127.4,309
2026-10-02 8:27:38,18.4,40,1.5,3758,10261,OK,339,558,2,1127.4,498
2026-10-02 8:27:54,18.5,40,1.5,3758,10237.8,OK,5,559,2,1127.4,498
2026-10-02 8:28:10,18.5,39,1.7,3758,10263.9,OK,307,562,2,1127.4,498
2026-10-02 8:28:26,18.4,39,0.8,3758,10324.8,OK,277,562,2,1127.4,498
2026-10-02 8:28:42,18.5,39,0.3,3758,10348,OK,289,564,2,1127.4,498
2026-10-02 8:28:58,18.5,39,1.5,3758,10411.8,OK,290,565,2,1127.4,498
2026-10-02 8:29:14,18.5,39,1.5,3758,10472.7,OK,213,568,2,1127.4,498
2026-10-02 8:29:30,18.5,39,1,3758,10556.8,OK,316,569,2,1127.4,498
2026-10-02 8:29:46,18.5,39,2.5,3758,10507.5,OK,322,570,2,1127.4,498
2026-10-02 8:30:02,18.4,39,1.4,3758,10536.5,OK,40,569,2,1127.4,498
2026-10-02 8:30:18,18.4,39,1.3,3758,10527.8,OK,306,571,2,1127.4,498
2026-10-02 8:30:34,18.4,39,0.7,3758,10609,OK,332,575,2,1127.4,498
2026-10-02 8:30:50,18.5,39,0.6,3758,10701.8,OK,67,576,2,1127.4,498
2026-10-02 8:31:06,18.6,39,1.4,3758,10693.1,OK,314,578,2,1127.4,498
2026-10-02 8:31:22,18.5,39,1.7,3758,10751.1,OK,39,580,2,1127.4,498
2026-10-02 8:31:38,18.5,39,2.4,3758,10812,OK,334,585,2,1127.4,498
2026-10-02 8:31:54,18.4,38,1.5,3758,10867.1,OK,8,585,2,1127.4,498
2026-10-02 8:32:10,18.4,38,1.7,3758,10901.9,OK,257,587,2,1127.4,498
2026-10-02 8:32:26,18.4,39,1.1,3758,10942.5,OK,38,586,2,1127.4,498
2026-10-02 8:32:42,18.4,39,1.7,3758,10983.1,OK,308,589,2,1127.4,539
2026-10-02 8:32:58,18.4,39,1.5,3758,11026.6,OK,333,590,2,1127.4,539
2026-10-02 8:33:14,18.5,39,1,3758,11113.6,OK,8,594,2,1127.4,539
2026-10-02 8:33:30,18.5,39,1.7,3758,11241.2,OK,288,596,2,1127.4,539
2026-10-02 8:33:46,18.5,39,2,3758,11218,OK,278,599,2,1127.4,539
2026-10-02 8:34:02,18.4,39,2,3758,11264.4,OK,300,600,2,1127.4,539
2026-10-02 8:34:18,18.4,39,1.5,3758,11313.7,OK,290,602,2,1127.4,539
2026-10-02 8:34:34,18.4,39,1.8,3758,11386.2,OK,353,605,2,1127.4,539
2026-10-02 8:34:50,18.5,39,0.7,3758,11435.5,OK,304,606,2,1127.4,539
2026-10-02 8:35:06,18.5,39,0.7,3758,11525.4,OK,338,606,2,1127.4,539
2026-10-02 8:35:22,18.6,39,1,3758,11577.6,OK,317,609,2,1127.4,539
2026-10-02 8:35:38,18.7,39,1,3758,11644.3,OK,324,612,2,1127.4,539
2026-10-02 8:35:54,18.6,38,1.3,3758,11702.3,OK,308,613,2,1127.4,539
2026-10-02 8:36:10,18.6,39,0.8,3758,11748.7,OK,274,616,2,1127.4,539
2026-10-02 8:36:26,18.6,39,1.1,3758,11815.4,OK,303,618,2,1127.4,539
2026-10-02 8:36:42,18.6,39,2,3758,11905.3,OK,245,619,2,1127.4,539
2026-10-02 8:36:58,18.7,39,0.7,3758,11957.5,OK,291,621,2,1127.4,539
2026-10-02 8:37:14,18.7,39,1.5,3758,11995.2,OK,297,622,2,1127.4,539
2026-10-02 8:37:30,18.8,39,0.8,3758,12088,OK,284,626,2,1127.4,539
2026-10-02 8:37:46,18.8,38,1.5,3758,12143.1,OK,302,628,2,1127.4,557
2026-10-02 8:38:02,18.7,39,1,3758,12192.4,OK,295,628,2,1127.4,557
2026-10-02 8:38:18,18.8,39,0.8,3758,12247.5,OK,287,631,2,1127.4,557
2026-10-02 8:38:34,18.8,39,1,3758,12363.5,OK,318,633,2,1127.4,557
2026-10-02 8:38:50,18.8,39,1,3758,12407,OK,307,635,2,1127.4,557
2026-10-02 8:39:06,18.8,39,0.4,3758,12482.4,OK,189,636,2,1127.4,557
2026-10-02 8:39:22,18.9,38,0.3,3758,12491.1,OK,68,638,2,1127.4,557
2026-10-02 8:39:38,19,38,0,3758,12670.9,OK,275,640,2,1127.4,557
2026-10-02 8:39:54,19.1,38,0,3758,12566.5,OK,20,639,2,1127.4,557
2026-10-02 8:40:10,19.1,38,0,3758,12624.5,OK,258,640,2,1127.4,557
2026-10-02 8:40:26,19.1,38,0.6,3758,12650.6,OK,242,644,2,1127.4,557
2026-10-02 8:40:42,19.1,38,0.8,3758,12726,OK,262,648,2,1127.4,557
2026-10-02 8:40:58,19.1,38,0.3,3758,12772.4,OK,313,648,2,1127.4,557
2026-10-02 8:41:14,19.2,38,0.3,3758,12830.4,OK,4,648,2,1127.4,557
2026-10-02 8:41:30,19.2,38,1.3,3758,12873.9,OK,279,650,2,1127.4,557
2026-10-02 8:41:46,19.2,38,0.6,3758,12943.5,OK,275,653,2,1127.4,557
2026-10-02 8:42:02,19.3,38,0.6,3758,12984.1,OK,316,654,2,1127.4,557
2026-10-02 8:42:18,19.3,37,2,3758,13027.6,OK,259,656,2,1127.4,557
2026-10-02 8:42:34,19.2,37,1.1,3758,13094.3,OK,335,658,2,1127.4,581
2026-10-02 8:42:50,19.2,37,1.5,3758,13262.5,OK,326,660,2,1127.4,581
2026-10-02 8:43:06,19.1,37,0.6,3758,13268.3,OK,325,665,2,1127.4,581
2026-10-02 8:43:22,19.1,37,1,3758,13337.9,OK,299,666,2,1127.4,581
2026-10-02 8:43:38,19.1,37,0.4,3758,13340.8,OK,312,666,2,1127.4,581
2026-10-02 8:43:54,19.1,37,0.8,3758,13358.2,OK,228,666,2,1127.4,581
2026-10-02 8:44:10,19.2,36,1.3,3758,13506.1,OK,339,670,2,1127.4,581
2026-10-02 8:44:26,19.2,36,0.6,3758,13668.5,OK,194,672,2,1127.4,581
2026-10-02 8:44:42,19.3,37,0.3,3758,13616.3,OK,272,676,2,1127.4,581
2026-10-02 8:44:58,19.3,36,0.7,3758,13683,OK,240,677,2,1127.4,581
2026-10-02 8:45:14,19.3,35,0.3,3758,13761.3,OK,127,679,2,1127.4,581
2026-10-02 8:45:30,19.4,36,2,3758,13816.4,OK,278,680,2,1127.4,581
2026-10-02 8:45:46,19.3,36,1,3758,13833.8,OK,278,680,2,1127.4,581
2026-10-02 8:46:02,19.3,37,2,3758,13917.9,OK,317,682,2,1127.4,581
2026-10-02 8:46:18,19.3,37,1.5,3758,13958.5,OK,1,681,2,1127.4,581
2026-10-02 8:46:34,19.3,36,1.7,3758,13996.2,OK,290,685,2,1127.4,581
2026-10-02 8:46:50,19.3,36,0.8,3758,14068.7,OK,16,687,2,1127.4,581
2026-10-02 8:47:06,19.3,36,1.7,3758,14141.2,OK,287,691,2,1127.4,581
2026-10-02 8:47:22,19.2,36,1,3758,14239.8,OK,279,692,2,1127.4,581
2026-10-02 8:47:38,19.3,36,0.7,3758,14257.2,OK,242,695,2,1127.4,581
2026-10-02 8:47:54,19.3,36,0.8,3758,14312.3,OK,311,696,2,1127.4,581
2026-10-02 8:48:10,19.3,36,2,3758,14477.6,OK,304,699,2,1127.4,581
2026-10-02 8:48:26,19.4,36,0.3,3758,14460.2,OK,281,702,2,1127.4,581
2026-10-02 8:48:42,19.4,36,0,3758,14515.3,OK,327,704,2,1127.4,581
2026-10-02 8:48:58,19.4,36,1,3758,14573.3,OK,294,705,2,1127.4,599
2026-10-02 8:49:14,19.5,36,0.8,3758,14669,OK,278,707,2,1127.4,599
2026-10-02 8:49:30,19.4,36,0.7,3758,14677.7,OK,285,709,2,1127.4,599
2026-10-02 8:49:46,19.4,36,0.1,3758,14712.5,OK,267,709,2,1127.4,599
2026-10-02 8:50:02,19.4,36,0.8,3758,14782.1,OK,2,711,2,1127.4,599
2026-10-02 8:50:18,19.5,36,0.1,3758,14880.7,OK,288,715,2,1127.4,599
2026-10-02 8:50:34,19.5,36,0.1,3758,14950.3,OK,264,716,2,1127.4,599
2026-10-02 8:50:50,19.5,36,0.6,3758,15008.3,OK,313,718,2,1127.4,599
2026-10-02 8:51:06,19.6,36,0.1,3758,15048.9,OK,273,720,2,1127.4,599
2026-10-02 8:51:22,19.7,36,0,3758,15135.9,OK,277,723,2,1127.4,599
2026-10-02 8:51:38,19.7,36,0.4,3758,15234.5,OK,124,724,2,1127.4,599
2026-10-02 8:51:54,19.9,36,0.7,3758,15309.9,OK,239,726,2,1127.4,599
2026-10-02 8:52:10,20,36,0.8,3758,15382.4,OK,350,729,2,1127.4,599
2026-10-02 8:52:26,19.9,36,1.3,3758,15408.5,OK,319,729,2,1127.4,599
2026-10-02 8:52:42,19.8,36,1,3758,15536.1,OK,12,734,2,1127.4,620
2026-10-02 8:52:58,19.8,37,1.1,3758,15576.7,OK,301,734,2,1127.4,620
2026-10-02 8:53:14,19.8,36,0.6,3758,15634.7,OK,291,737,2,1127.4,620
2026-10-02 8:53:30,19.8,36,1.5,3758,15727.5,OK,311,739,2,1127.4,620
2026-10-02 8:53:46,19.7,36,0.4,3758,15773.9,OK,287,740,2,1127.4,620
2026-10-02 8:54:02,19.7,36,0.3,3758,15840.6,OK,208,742,2,1127.4,620
2026-10-02 8:54:18,19.7,36,0.4,3758,15921.8,OK,300,743,2,1127.4,620
2026-10-02 8:54:34,19.8,36,0.1,3758,15997.2,OK,222,747,2,1127.4,620
2026-10-02 8:54:50,19.8,36,1,3758,16029.1,OK,286,748,2,1127.4,620
2026-10-02 8:55:06,19.7,36,1.5,3758,16145.1,OK,18,751,2,1127.4,620
2026-10-02 8:55:22,19.7,36,1,3758,16188.6,OK,324,752,2,1127.4,620
2026-10-02 8:55:38,19.7,36,1.3,3758,16368.4,OK,259,755,2,1127.4,620
2026-10-02 8:55:54,19.8,36,1.7,3758,16385.8,OK,307,757,2,1127.4,620
2026-10-02 8:56:10,19.7,36,1,3758,16414.8,OK,246,756,2,1127.4,620
2026-10-02 8:56:26,19.8,36,0.3,3758,16493.1,OK,285,762,2,1127.4,620
2026-10-02 8:56:42,19.8,36,0.3,3758,16542.4,OK,269,762,2,1127.4,620
2026-10-02 8:56:58,19.8,35,0.4,3758,16568.5,OK,354,763,2,1127.4,620
2026-10-02 8:57:14,19.9,35,0,3758,16844,OK,314,765,2,1127.4,620
2026-10-02 8:57:30,19.9,35,0.8,3758,16820.8,OK,290,770,2,1127.4,620
2026-10-02 8:57:46,19.8,35,0.7,3758,16904.9,OK,344,771,2,1127.4,642
2026-10-02 8:58:02,19.8,35,0.7,3758,16890.4,OK,259,771,2,1127.4,642
2026-10-02 8:58:18,19.9,35,1.1,3758,16962.9,OK,303,775,2,1127.4,642
2026-10-02 8:58:34,19.9,36,0.8,3758,17047,OK,352,775,2,1127.4,642
2026-10-02 8:58:50,19.9,36,0.8,3758,17047,OK,324,775,2,1127.4,642
2026-10-02 8:59:06,19.9,35,1.8,3758,17235.5,OK,342,782,2,1127.4,642
2026-10-02 8:59:22,19.7,35,2.2,3758,17531.3,OK,32,786,2,1127.4,642
2026-10-02 8:59:38,19.6,35,1.7,3758,17467.5,OK,314,785,2,1127.4,642
2026-10-02 8:59:54,19.6,35,1.1,3758,17397.9,OK,304,786,2,1127.4,642
2026-10-02 9:00:10,19.5,35,1.4,3758,17476.2,OK,298,788,2,1127.4,642
2026-10-02 9:00:26,19.5,35,1.8,3758,17548.7,OK,344,791,2,1127.4,642
2026-10-02 9:00:42,19.4,36,1.7,3758,17679.2,OK,261,794,2,1127.4,642
2026-10-02 9:00:58,19.4,36,1.3,3758,17696.6,OK,268,797,2,1127.4,642
2026-10-02 9:01:14,19.4,36,0.7,3758,17751.7,OK,308,798,2,1127.4,642
2026-10-02 9:01:30,19.4,36,0.8,3758,17806.8,OK,320,798,2,1127.4,642
2026-10-02 9:01:46,19.5,36,0.1,3758,17948.9,OK,339,798,2,1127.4,642
2026-10-02 9:02:02,19.6,35,1,3758,17937.3,OK,301,802,2,1127.4,642
2026-10-02 9:02:18,19.6,36,1.3,3758,18047.5,OK,297,805,2,1127.4,642
2026-10-02 9:02:34,19.7,36,1.1,3758,18088.1,OK,279,804,2,1127.4,664
2026-10-02 9:02:50,19.7,36,1.8,3758,18163.5,OK,283,808,2,1127.4,664
2026-10-02 9:03:06,19.7,36,0.7,3758,18256.3,OK,253,813,2,1127.4,664
2026-10-02 9:03:22,19.7,36,2.2,3758,18381,OK,330,814,2,1127.4,664
2026-10-02 9:03:38,19.6,36,1.3,3758,18598.5,OK,319,816,2,1127.4,664
2026-10-02 9:03:54,19.6,36,0.7,3758,18430.3,OK,252,817,2,1127.4,664
2026-10-02 9:04:10,19.6,36,1.8,3758,18505.7,OK,280,819,2,1127.4,664
2026-10-02 9:04:26,19.5,35,1.3,3758,18598.5,OK,342,822,2,1127.4,664
2026-10-02 9:04:42,19.5,35,1,3758,18659.4,OK,342,823,2,1127.4,664
2026-10-02 9:04:58,19.5,35,0.6,3758,18746.4,OK,305,828,2,1127.4,664
2026-10-02 9:05:14,19.5,35,1.1,3758,18824.7,OK,326,829,2,1127.4,664
2026-10-02 9:05:30,19.5,35,2,3758,18903,OK,277,829,2,1127.4,664
2026-10-02 9:05:46,19.5,35,1,3758,18992.9,OK,315,836,2,1127.4,664
2026-10-02 9:06:02,19.5,35,0.6,3758,19071.2,OK,10,835,2,1127.4,664
2026-10-02 9:06:18,19.5,35,1.4,3758,19172.7,OK,257,838,2,1127.4,664
2026-10-02 9:06:34,19.5,35,0.6,3758,19213.3,OK,351,840,2,1127.4,664
2026-10-02 9:06:50,19.6,35,1.8,3758,19306.1,OK,291,841,2,1127.4,664
2026-10-02 9:07:06,19.7,35,1.1,3758,19332.2,OK,321,843,2,1127.4,664
2026-10-02 9:07:22,19.8,35,2,3758,19503.3,OK,25,846,2,1127.4,664
2026-10-02 9:07:38,19.7,35,1.7,3758,19758.5,OK,309,848,2,1127.4,687
2026-10-02 9:07:54,19.7,35,2.2,3758,19555.5,OK,285,850,2,1127.4,687
2026-10-02 9:08:10,19.6,35,1.1,3758,19610.6,OK,300,851,2,1127.4,687
2026-10-02 9:08:26,19.5,35,2.2,3758,19686,OK,342,855,2,1127.4,687
2026-10-02 9:08:42,19.5,35,2.2,3758,19767.2,OK,309,856,2,1127.4,687
2026-10-02 9:08:58,19.5,35,1.4,3758,19804.9,OK,246,858,2,1127.4,687
2026-10-02 9:09:14,19.6,35,1.5,3758,19886.1,OK,357,862,2,1127.4,687
2026-10-02 9:09:30,19.6,35,2.5,3758,19918,OK,284,862,2,1127.4,687
2026-10-02 9:09:46,19.5,36,1.4,3758,20083.3,OK,357,866,2,1127.4,687
2026-10-02 9:10:02,19.6,35,1.1,3758,20063,OK,288,866,2,1127.4,687
2026-10-02 9:10:18,19.6,35,2,3758,20184.8,OK,303,870,2,1127.4,687
2026-10-02 9:10:34,19.5,35,1.8,3758,20324,OK,307,872,2,1127.4,687
2026-10-02 9:10:50,19.5,35,1.3,3758,20257.3,OK,13,872,2,1127.4,687
2026-10-02 9:11:06,19.5,35,1.4,3758,20326.9,OK,300,875,2,1127.4,687
2026-10-02 9:11:22,19.5,35,1.4,3758,20411,OK,322,876,2,1127.4,687
2026-10-02 9:11:38,19.5,35,1.5,3758,20706.8,OK,304,879,2,1127.4,687
2026-10-02 9:11:54,19.6,35,1,3758,20561.8,OK,292,882,2,1127.4,687
2026-10-02 9:12:10,19.6,35,1.1,3758,20637.2,OK,321,881,2,1127.4,687
2026-10-02 9:12:26,19.6,35,0.6,3758,20686.5,OK,16,883,2,1127.4,687
2026-10-02 9:12:42,19.7,35,1,3758,20785.1,OK,79,886,2,1127.4,707
2026-10-02 9:12:58,19.7,36,0.6,3758,20848.9,OK,257,889,2,1127.4,707
2026-10-02 9:13:14,19.7,35,0,3758,20967.8,OK,299,892,2,1127.4,707
2026-10-02 9:13:30,19.8,35,0,3758,21034.5,OK,10,894,2,1127.4,707
2026-10-02 9:13:46,19.8,35,0.4,3758,21086.7,OK,303,897,2,1127.4,707
2026-10-02 9:14:02,19.9,35,0.1,3758,21167.9,OK,300,899,2,1127.4,707
2026-10-02 9:14:18,20,35,0,3758,21312.9,OK,260,901,2,1127.4,707
2026-10-02 9:14:34,20,35,0,3758,21359.3,OK,246,900,2,1127.4,707
2026-10-02 9:14:50,20.1,35,1.1,3758,21513,OK,349,904,2,1127.4,707
2026-10-02 9:15:06,20.2,35,0.6,3758,21547.8,OK,91,907,2,1127.4,707
2026-10-02 9:15:22,20.3,34,1,3758,21646.4,OK,20,910,2,1127.4,707
2026-10-02 9:15:38,20.4,34,0,3758,21747.9,OK,44,911,2,1127.4,707
2026-10-02 9:15:54,20.4,34,0.1,3758,21794.3,OK,220,914,2,1127.4,707
2026-10-02 9:16:10,20.4,34,1,3758,21977,OK,115,917,2,1127.4,707
2026-10-02 9:16:26,20.4,34,1.7,3758,22040.8,OK,337,920,2,1127.4,707
2026-10-02 9:16:42,20.5,34,0.7,3758,22107.5,OK,273,921,2,1127.4,707
2026-10-02 9:16:58,20.5,35,0,3758,22145.2,OK,304,923,2,1127.4,707
2026-10-02 9:17:14,20.5,35,0,3758,22252.5,OK,307,926,2,1127.4,707
2026-10-02 9:17:30,20.6,35,0.4,3758,22371.4,OK,310,929,2,1127.4,707
2026-10-02 9:17:46,20.7,35,0.4,3758,22661.4,OK,280,931,2,1127.4,707
2026-10-02 9:18:02,20.7,34,1.3,3758,22690.4,OK,284,932,2,1127.4,707
2026-10-02 9:18:18,20.6,34,1.1,3758,22765.8,OK,291,937,2,1127.4,707
2026-10-02 9:18:34,20.4,34,0.4,3758,22731,OK,286,940,2,1127.4,707
2026-10-02 9:19:38,20.6,34,1.1,3758,23206.6,OK,286,951,2,1127.4,725
2026-10-02 9:19:54,20.6,34,0.7,3758,23235.6,OK,325,952,2,1127.4,725
2026-10-02 9:20:10,20.6,34,0.1,3758,23270.4,OK,313,953,2,1127.4,725
2026-10-02 9:20:26,20.6,34,1.1,3758,23345.8,OK,344,951,2,1127.4,725
2026-10-02 9:20:42,20.6,34,1.4,3758,23328.4,OK,262,951,2,1127.4,725
2026-10-02 9:20:58,20.6,34,0.6,3758,23464.7,OK,236,956,2,1127.4,725
2026-10-02 9:21:14,20.6,34,0.3,3758,23769.2,OK,326,960,2,1127.4,725
2026-10-02 9:21:30,20.7,34,0.6,3758,23769.2,OK,249,965,2,1127.4,725
2026-10-02 9:21:46,20.8,34,1.4,3758,23960.6,OK,306,967,2,1127.4,725
2026-10-02 9:22:02,20.7,34,0.8,3758,23908.4,OK,46,970,2,1127.4,725
2026-10-02 9:22:18,20.7,34,0.6,3758,23966.4,OK,340,971,2,1127.4,725
2026-10-02 9:22:34,20.8,34,0.3,3758,24070.8,OK,269,973,2,1127.4,725
2026-10-02 9:22:50,20.8,34,1.4,3758,24131.7,OK,312,976,2,1127.4,747
2026-10-02 9:23:06,20.7,34,0.4,3758,24204.2,OK,308,980,2,1127.4,747
2026-10-02 9:23:22,20.7,34,0.8,3758,24302.8,OK,4,980,2,1127.4,747
2026-10-02 9:23:38,20.7,34,0.6,3758,24404.3,OK,316,983,2,1127.4,747
2026-10-02 9:23:54,20.7,34,1,3758,24569.6,OK,269,986,2,1127.4,747
2026-10-02 9:24:10,20.6,34,0.4,3758,24537.7,OK,274,984,2,1127.4,747
2026-10-02 9:24:26,20.6,34,1.1,3758,24691.4,OK,292,989,2,1127.4,747
2026-10-02 9:24:42,20.6,35,0.6,3758,24752.3,OK,358,992,2,1127.4,747
2026-10-02 9:24:58,20.7,34,0.4,3758,24824.8,OK,315,993,2,1127.4,747
2026-10-02 9:25:14,20.7,34,0.3,3758,25062.6,OK,315,996,2,1127.4,747
2026-10-02 9:25:30,20.7,34,1,3758,24987.2,OK,324,999,2,1127.4,747
2026-10-02 9:25:46,20.6,34,1.8,3758,25082.9,OK,300,1000,3,1127.4,747
2026-10-02 9:26:02,20.6,34,0.7,3758,25138,OK,251,1003,3,1127.4,747
2026-10-02 9:26:18,20.6,34,0.4,3758,25219.2,OK,310,1006,3,1127.4,747
2026-10-02 9:26:34,20.8,34,0,3758,25300.4,OK,281,1008,3,1127.4,747
2026-10-02 9:26:50,20.9,34,0,3758,25451.2,OK,324,1009,3,1127.4,747
2026-10-02 9:27:06,21,34,0,3758,25651.3,OK,159,1012,3,1127.4,747
2026-10-02 9:27:22,21,33,0.6,3758,25683.2,OK,285,1014,3,1127.4,747
2026-10-02 9:27:38,21.1,33,0.3,3758,25654.2,OK,39,1015,3,1127.4,767
2026-10-02 9:27:54,21.1,33,1,3758,25892,OK,323,1017,3,1127.4,767
2026-10-02 9:28:10,21.1,33,1.7,3758,25865.9,OK,14,1019,3,1127.4,767
2026-10-02 9:28:26,21,33,0.1,3758,25952.9,OK,48,1023,3,1127.4,767
2026-10-02 9:28:42,21.1,33,0.8,3758,26019.6,OK,285,1026,3,1127.4,767
2026-10-02 9:28:58,21.1,33,0.4,3758,26141.4,OK,308,1028,3,1127.4,767
2026-10-02 9:29:14,21.2,33,0.1,3758,26208.1,OK,280,1030,3,1127.4,767
2026-10-02 9:29:30,21.2,33,0.1,3758,26327,OK,242,1029,3,1127.4,767
2026-10-02 9:29:46,21.2,33,0.3,3758,26327,OK,38,1029,3,1127.4,767
2026-10-02 9:30:02,21.2,33,0.3,3758,26480.7,OK,223,1036,3,1127.4,767
2026-10-02 9:30:18,21.2,33,0.6,3758,26564.8,OK,297,1037,3,1127.4,767
2026-10-02 9:30:34,21.2,33,0,3758,26675,OK,244,1042,3,1127.4,767
2026-10-02 9:30:50,21.2,33,1.5,3758,26706.9,OK,332,1042,3,1127.4,767
2026-10-02 9:31:06,21.2,33,0.6,3758,26799.7,OK,70,1046,3,1127.4,767
2026-10-02 9:31:22,21.3,32,1.1,3758,26907,OK,253,1051,3,1127.4,767
2026-10-02 9:31:38,21.2,32,2.1,3758,27205.7,OK,300,1052,3,1127.4,767
2026-10-02 9:31:54,21,33,0.7,3758,27104.2,OK,308,1053,3,1127.4,767
2026-10-02 9:32:10,21,33,0.4,3758,27228.9,OK,7,1057,3,1127.4,767
2026-10-02 9:32:26,21,33,0.1,3758,27289.8,OK,34,1059,3,1127.4,767
2026-10-02 9:32:42,21,33,0.4,3758,27498.6,OK,308,1062,3,1127.4,787
2026-10-02 9:32:58,20.9,33,1.5,3758,27492.8,OK,271,1062,3,1127.4,787
2026-10-02 9:33:14,20.9,33,0.7,3758,27513.1,OK,263,1064,3,1127.4,787
2026-10-02 9:33:30,20.8,33,0.3,3758,27582.7,OK,279,1067,3,1127.4,787
2026-10-02 9:33:46,20.8,33,0.6,3758,27576.9,OK,296,1067,3,1127.4,787
2026-10-02 9:34:02,21,33,0.7,3758,27814.7,OK,246,1073,3,1127.4,787
2026-10-02 9:34:18,21,33,1,3758,27910.4,OK,229,1074,3,1127.4,787
2026-10-02 9:34:34,21.1,33,0.8,3758,27980,OK,290,1075,3,1127.4,787
2026-10-02 9:34:50,21,33,0.6,3758,28078.6,OK,299,1079,3,1127.4,787
2026-10-02 9:35:06,21.1,33,0.6,3758,28183,OK,324,1082,3,1127.4,787
2026-10-02 9:35:22,21.1,33,1,3758,28301.9,OK,4,1085,3,1127.4,787
2026-10-02 9:35:38,21.1,33,0.3,3758,28409.2,OK,299,1087,3,1127.4,787
2026-10-02 9:35:54,21.3,33,0.4,3758,28345.4,OK,311,1084,3,1127.4,787
2026-10-02 9:36:10,21.4,33,0.1,3758,28560,OK,331,1090,3,1127.4,787
2026-10-02 9:36:26,21.5,32,0.8,3758,28649.9,OK,40,1097,3,1127.4,787
2026-10-02 9:36:42,21.5,32,0.1,3758,28693.4,OK,124,1096,3,1127.4,787
2026-10-02 9:36:58,21.5,32,0,3758,28821,OK,326,1099,3,1127.4,787
2026-10-02 9:37:14,21.6,32,0,3758,28876.1,OK,279,1102,3,1127.4,787
2026-10-02 9:37:30,21.7,32,0,3758,29061.7,OK,295,1103,3,1127.4,787
2026-10-02 9:37:46,21.8,32,0.6,3758,29200.9,OK,292,1107,3,1127.4,804
2026-10-02 9:38:02,21.7,32,1.7,3758,29218.3,OK,288,1108,3,1127.4,804
2026-10-02 9:38:18,21.6,32,1,3758,29316.9,OK,52,1112,3,1127.4,804
2026-10-02 9:38:34,21.6,32,0.3,3758,29427.1,OK,355,1116,3,1127.4,804
2026-10-02 9:38:50,21.7,32,0.1,3758,29493.8,OK,242,1113,3,1127.4,804
2026-10-02 9:39:06,21.7,32,0.1,3758,29528.6,OK,241,1116,3,1127.4,804
2026-10-02 9:39:22,21.6,33,0.4,3758,29490.9,OK,305,1115,3,1127.4,804
2026-10-02 9:39:38,21.6,32,0.1,3758,29711.3,OK,20,1123,3,1127.4,804
2026-10-02 9:39:54,21.6,32,0.3,3758,29728.7,OK,246,1123,3,1127.4,804
2026-10-02 9:40:10,21.6,32,0.4,3758,29807,OK,28,1125,3,1127.4,804
2026-10-02 9:40:26,21.5,32,0.4,3758,29995.5,OK,146,1131,3,1127.4,804
2026-10-02 9:40:42,21.5,32,0.1,3758,30099.9,OK,277,1134,3,1127.4,804
2026-10-02 9:40:58,21.5,32,1.3,3758,30236.2,OK,252,1134,3,1127.4,804
2026-10-02 9:41:14,21.5,32,1.1,3758,30285.5,OK,20,1140,3,1127.4,804
2026-10-02 9:41:30,21.4,32,1.1,3758,30430.5,OK,283,1139,3,1127.4,804
2026-10-02 9:41:46,21.4,32,1.4,3758,30491.4,OK,335,1144,3,1127.4,804
2026-10-02 9:42:02,21.4,32,0.6,3758,30633.5,OK,198,1148,3,1127.4,804
2026-10-02 9:42:18,21.3,32,1,3758,30685.7,OK,238,1149,3,1127.4,804
2026-10-02 9:42:34,21.3,32,1.1,3758,31274.4,OK,235,1150,3,1127.4,822
2026-10-02 9:42:50,21.3,32,0.7,3758,31535.4,OK,341,1153,3,1127.4,822
2026-10-02 9:43:06,21.4,32,0.3,3758,30914.8,OK,264,1154,3,1127.4,822
2026-10-02 9:43:22,21.5,32,0,3758,30943.8,OK,302,1156,3,1127.4,822
2026-10-02 9:43:38,21.5,32,0.3,3758,30972.8,OK,274,1156,3,1127.4,822
2026-10-02 9:43:54,21.4,32,0.8,3758,31112,OK,287,1159,3,1127.4,822
2026-10-02 9:44:10,21.4,32,0.1,3758,31268.6,OK,257,1163,3,1127.4,822
2026-10-02 9:44:26,21.5,32,0.6,3758,31361.4,OK,315,1166,3,1127.4,822
2026-10-02 9:44:42,21.5,32,1,3758,31451.3,OK,305,1169,3,1127.4,822
2026-10-02 9:44:58,21.5,32,0.4,3758,31471.6,OK,324,1169,3,1127.4,822
2026-10-02 9:45:14,21.4,32,1.7,3758,31596.3,OK,349,1171,3,1127.4,822
2026-10-02 9:45:30,21.3,32,1.8,3758,31715.2,OK,343,1174,3,1127.4,822
2026-10-02 9:45:46,21.3,32,1.7,3758,31837,OK,293,1177,3,1127.4,822
2026-10-02 9:46:02,21.2,33,1.8,3758,31918.2,OK,20,1181,3,1127.4,822
2026-10-02 9:46:18,21.2,33,1.3,3758,31857.3,OK,319,1179,3,1127.4,822
2026-10-02 9:46:34,21.1,33,1.5,3758,31984.9,OK,19,1185,3,1127.4,822
2026-10-02 9:46:50,21,32,1.7,3758,32121.2,OK,27,1188,3,1127.4,822
2026-10-02 9:47:06,20.9,33,1.5,3758,32121.2,OK,19,1188,3,1127.4,822
2026-10-02 9:47:22,20.8,33,2.1,3758,32211.1,OK,305,1193,3,1127.4,822
2026-10-02 9:47:38,20.8,33,1.3,3758,32280.7,OK,315,1196,3,1127.4,822
2026-10-02 9:47:54,20.7,34,1.5,3758,32396.7,OK,252,1197,3,1127.4,822
2026-10-02 9:48:10,20.7,34,1.7,3758,32434.4,OK,340,1199,3,1127.4,822
2026-10-02 9:48:26,20.7,34,0.3,3758,32489.5,OK,286,1200,3,1127.4,822
2026-10-02 9:48:42,20.8,34,0,3758,32576.5,OK,274,1205,3,1127.4,822
2026-10-02 9:48:58,20.8,34,0.3,3758,32683.8,OK,319,1204,3,1127.4,840
2026-10-02 9:49:14,20.9,33,0.7,3758,32773.7,OK,292,1208,3,1127.4,840
2026-10-02 9:49:30,21,33,0.3,3758,32811.4,OK,357,1208,3,1127.4,840
2026-10-02 9:49:46,21,33,0.7,3758,32950.6,OK,311,1214,3,1127.4,840
2026-10-02 9:50:02,21,33,1.1,3758,33040.5,OK,280,1214,3,1127.4,840
2026-10-02 9:50:18,20.9,33,1,3758,33223.2,OK,115,1219,3,1127.4,840
2026-10-02 9:50:34,20.8,33,1.3,3758,33301.5,OK,330,1222,3,1127.4,840
2026-10-02 9:50:50,20.8,33,1,3758,33403,OK,73,1222,3,1127.4,840
2026-10-02 9:51:06,20.9,33,0.4,3758,33432,OK,1,1227,3,1127.4,840
2026-10-02 9:51:22,20.9,33,0.4,3758,33588.6,OK,3,1225,3,1127.4,840
2026-10-02 9:51:38,20.8,33,1,3758,33565.4,OK,317,1228,3,1127.4,840
2026-10-02 9:51:54,20.8,33,1.1,3758,33748.1,OK,301,1230,3,1127.4,840
2026-10-02 9:52:10,20.9,33,1.8,3758,33858.3,OK,293,1236,3,1127.4,840
2026-10-02 9:52:26,20.9,34,1.3,3758,33791.6,OK,292,1234,3,1127.4,840
2026-10-02 9:52:42,21,33,1,3758,33942.4,OK,312,1239,3,1127.4,856
2026-10-02 9:52:58,21.1,33,0.7,3758,34078.7,OK,321,1241,3,1127.4,856
2026-10-02 9:53:14,21.3,33,1.1,3758,34223.7,OK,228,1247,3,1127.4,856
2026-10-02 9:53:30,21.2,32,2.7,3758,34284.6,OK,37,1248,3,1127.4,856
2026-10-02 9:53:46,21.2,32,1,3758,34420.9,OK,327,1253,3,1127.4,856
2026-10-02 9:54:02,21.1,32,1.3,3758,34510.8,OK,275,1255,3,1127.4,856
2026-10-02 9:54:18,21.1,32,0.8,3758,34560.1,OK,293,1256,3,1127.4,856
2026-10-02 9:54:34,21,33,0.4,3758,34652.9,OK,45,1255,3,1127.4,856
2026-10-02 9:54:50,21.1,33,1.1,3758,34676.1,OK,76,1259,3,1127.4,856
2026-10-02 9:55:06,21,32,0.7,3758,34763.1,OK,307,1259,3,1127.4,856
2026-10-02 9:55:22,21,33,1.5,3758,34882,OK,347,1264,3,1127.4,856
2026-10-02 9:55:38,20.9,33,1.8,3758,34989.3,OK,312,1265,3,1127.4,856
2026-10-02 9:55:54,20.8,33,1,3758,35087.9,OK,39,1267,3,1127.4,856
2026-10-02 9:56:10,20.9,33,1.8,3758,35160.4,OK,334,1270,3,1127.4,856
2026-10-02 9:56:26,20.8,33,1.1,3758,35383.7,OK,320,1278,3,1127.4,856
2026-10-02 9:56:42,20.8,33,0.1,3758,35404,OK,27,1280,3,1127.4,856
2026-10-02 9:56:58,20.9,33,1.1,3758,35580.9,OK,285,1283,3,1127.4,856
2026-10-02 9:57:14,20.9,33,1.3,3758,35624.4,OK,206,1284,3,1127.4,856
2026-10-02 9:57:30,21,33,0.3,3758,35740.4,OK,135,1286,3,1127.4,856
2026-10-02 9:57:46,21.1,33,1.7,3758,35775.2,OK,51,1288,3,1127.4,873
2026-10-02 9:58:02,21.2,33,1.7,3758,35914.4,OK,126,1295,3,1127.4,873
2026-10-02 9:58:18,21.2,33,2.4,3758,36059.4,OK,131,1295,3,1127.4,873
2026-10-02 9:58:34,21.1,33,0.6,3758,36172.5,OK,54,1296,3,1127.4,873
2026-10-02 9:58:50,21.2,33,0.6,3758,36320.4,OK,212,1300,3,1127.4,873
2026-10-02 9:59:06,21.3,33,0.8,3758,36247.9,OK,61,1302,3,1127.4,873
2026-10-02 9:59:22,21.3,33,0.7,3758,36369.7,OK,188,1304,3,1127.4,873
2026-10-02 9:59:38,21.3,33,2.2,3758,36384.2,OK,308,1303,3,1127.4,873
2026-10-02 9:59:54,21.1,32,2.7,3758,36546.6,OK,292,1308,3,1127.4,873
2026-10-02 10:00:10,21,33,1.4,3758,36546.6,OK,325,1309,3,1127.4,873
2026-10-02 10:00:26,21,33,0.6,3758,36709,OK,296,1310,3,1127.4,873
2026-10-02 10:00:42,21,33,0.3,3758,36714.8,OK,297,1315,3,1127.4,873
2026-10-02 10:00:58,21.1,33,0.3,3758,36680,OK,304,1314,3,1127.4,873
2026-10-02 10:01:14,21.2,33,0.8,3758,36729.3,OK,349,1312,3,1127.4,873
2026-10-02 10:01:30,21.2,33,0.4,3758,36923.6,OK,324,1320,3,1127.4,873
2026-10-02 10:01:46,21.3,33,0.8,3758,37083.1,OK,276,1325,3,1127.4,873
2026-10-02 10:02:02,21.3,32,1.7,3758,37242.6,OK,295,1333,3,1127.4,873
2026-10-02 10:02:18,21.2,33,1.5,3758,37434,OK,344,1333,3,1127.4,873
2026-10-02 10:02:34,21.2,33,1.8,3758,37477.5,OK,277,1336,3,1127.4,894
2026-10-02 10:02:50,21.2,33,0,3758,37468.8,OK,316,1335,3,1127.4,894
2026-10-02 10:03:06,21.3,33,0.4,3758,37521,OK,67,1334,3,1127.4,894
2026-10-02 10:03:22,21.4,32,0.7,3758,37712.4,OK,76,1342,3,1127.4,894
2026-10-02 10:03:38,21.4,32,0.4,3758,37848.7,OK,297,1343,3,1127.4,894
2026-10-02 10:03:54,21.4,32,0.8,3758,37976.3,OK,245,1347,3,1127.4,894
2026-10-02 10:04:10,21.3,32,0.6,3758,37999.5,OK,295,1350,3,1127.4,894
2026-10-02 10:04:26,21.4,32,0.3,3758,38199.6,OK,23,1355,3,1127.4,894
2026-10-02 10:04:42,21.3,33,0.4,3758,38306.9,OK,350,1356,3,1127.4,894
2026-10-02 10:04:58,21.4,33,2.1,3758,38507,OK,309,1358,3,1127.4,894
2026-10-02 10:05:14,21.4,33,2,3758,38524.4,OK,281,1359,3,1127.4,894
2026-10-02 10:05:30,21.3,33,1.3,3758,38637.5,OK,274,1364,3,1127.4,894
2026-10-02 10:05:46,21.4,33,1.3,3758,38643.3,OK,324,1361,3,1127.4,894
2026-10-02 10:06:02,21.4,33,1,3758,38837.6,OK,167,1370,3,1127.4,894
2026-10-02 10:06:18,21.5,33,0.7,3758,38852.1,OK,318,1373,3,1127.4,894
2026-10-02 10:06:34,21.5,32,0.4,3758,39017.4,OK,176,1372,3,1127.4,894
2026-10-02 10:06:50,21.6,32,0,3758,39203,OK,343,1375,3,1127.4,894
2026-10-02 10:07:06,21.7,32,1.7,3758,39226.2,OK,345,1378,3,1127.4,894
2026-10-02 10:07:22,21.6,32,0.1,3758,39342.2,OK,12,1381,3,1127.4,894
2026-10-02 10:07:38,21.7,32,0.3,3758,39414.7,OK,305,1382,3,1127.4,906
2026-10-02 10:07:54,21.7,32,1.1,3758,39527.8,OK,309,1386,3,1127.4,906
2026-10-02 10:08:10,21.8,32,1.1,3758,39580,OK,325,1389,3,1127.4,906
2026-10-02 10:08:26,21.8,32,0.8,3758,39698.9,OK,300,1389,3,1127.4,906
2026-10-02 10:08:42,21.8,32,0.8,3758,39861.3,OK,290,1393,3,1127.4,906
2026-10-02 10:08:58,21.8,32,1.4,3758,39843.9,OK,248,1395,3,1127.4,906
2026-10-02 10:09:14,21.6,32,1.3,3758,40041.1,OK,246,1397,3,1127.4,906
2026-10-02 10:09:30,21.6,32,1.1,3758,40038.2,OK,282,1395,3,1127.4,906
2026-10-02 10:09:46,21.6,32,0.4,3758,40339.8,OK,335,1400,4,1127.4,906
2026-10-02 10:10:02,21.7,32,1.3,3758,40235.4,OK,312,1402,4,1127.4,906
2026-10-02 10:10:18,21.6,32,0.8,3758,40380.4,OK,284,1404,4,1127.4,906
2026-10-02 10:10:34,21.6,32,0.7,3758,40432.6,OK,236,1407,4,1127.4,906
2026-10-02 10:10:50,21.5,32,0,3758,40551.5,OK,240,1407,4,1127.4,906
2026-10-02 10:11:06,21.6,32,0.8,3758,40682,OK,309,1414,4,1127.4,906
2026-10-02 10:11:22,21.7,32,0.6,3758,40818.3,OK,170,1418,4,1127.4,906
2026-10-02 10:11:38,21.7,32,1.3,3758,40914,OK,315,1419,4,1127.4,906
2026-10-02 10:11:54,21.8,32,1.7,3758,41085.1,OK,134,1421,4,1127.4,906
2026-10-02 10:12:10,21.8,32,0.6,3758,41114.1,OK,104,1424,4,1127.4,906
2026-10-02 10:12:26,21.9,32,0.1,3758,41137.3,OK,160,1425,4,1127.4,906
2026-10-02 10:12:42,21.9,32,0,3758,41235.9,OK,129,1426,4,1127.4,918
2026-10-02 10:12:58,22,32,0.1,3758,41470.8,OK,28,1431,4,1127.4,918
2026-10-02 10:13:14,22,32,1,3758,41552,OK,278,1435,4,1127.4,918
2026-10-02 10:13:30,22,32,0.8,3758,41601.3,OK,238,1437,4,1127.4,918
2026-10-02 10:13:46,21.9,33,0.3,3758,41844.9,OK,269,1441,4,1127.4,918
2026-10-02 10:14:02,21.9,33,1.1,3758,41789.8,OK,10,1439,4,1127.4,918
2026-10-02 10:14:18,21.8,33,0.8,3758,41989.9,OK,325,1443,4,1127.4,918
2026-10-02 10:14:34,21.7,33,0.3,3758,42050.8,OK,18,1446,4,1127.4,918
2026-10-02 10:14:50,21.8,33,0.8,3758,42079.8,OK,3,1444,4,1127.4,918
2026-10-02 10:15:06,21.9,33,1.3,3758,42088.5,OK,276,1449,4,1127.4,918
2026-10-02 10:15:22,21.7,32,2.9,3758,42137.8,OK,309,1450,4,1127.4,918
2026-10-02 10:15:38,21.6,33,1,3758,42451,OK,351,1452,4,1127.4,918
2026-10-02 10:15:54,21.6,33,0,3758,42462.6,OK,298,1455,4,1127.4,918
2026-10-02 10:16:10,21.7,33,0.7,3758,42575.7,OK,243,1459,4,1127.4,918
2026-10-02 10:16:26,21.8,33,0.6,3758,42697.5,OK,272,1457,4,1127.4,918
2026-10-02 10:16:42,21.9,33,0.7,3758,42854.1,OK,225,1462,4,1127.4,918
2026-10-02 10:16:58,21.9,33,0.3,3758,42848.3,OK,301,1462,4,1127.4,918
2026-10-02 10:17:14,21.9,32,1.3,3758,43100.6,OK,305,1468,4,1127.4,918
2026-10-02 10:17:30,21.8,33,1.3,3758,43170.2,OK,291,1469,4,1127.4,918
2026-10-02 10:17:46,21.7,33,0.7,3758,43347.1,OK,321,1475,4,1127.4,918
2026-10-02 10:18:02,21.7,33,0.8,3758,43587.8,OK,359,1481,4,1127.4,918
2026-10-02 10:18:18,21.7,33,0,3758,43625.5,OK,262,1481,4,1127.4,918
2026-10-02 10:18:34,21.8,33,0,3758,43709.6,OK,225,1486,4,1127.4,918
2026-10-02 10:18:50,21.9,33,0.4,3758,43631.3,OK,288,1484,4,1127.4,918
2026-10-02 10:19:06,22.1,32,2.1,3758,43756,OK,329,1490,4,1127.4,938
2026-10-02 10:19:22,22.1,32,1.7,3758,43843,OK,29,1493,4,1127.4,938
2026-10-02 10:19:38,22,32,1.5,3758,43959,OK,285,1490,4,1127.4,938
2026-10-02 10:19:54,21.9,32,0.7,3758,44246.1,OK,31,1501,4,1127.4,938
2026-10-02 10:20:10,21.8,32,1.8,3758,44031.5,OK,324,1496,4,1127.4,938
2026-10-02 10:20:26,21.7,33,1.1,3758,44437.5,OK,20,1504,4,1127.4,938
2026-10-02 10:20:42,21.7,33,0.3,3758,44608.6,OK,343,1506,4,1127.4,938
2026-10-02 10:20:58,21.6,33,0.3,3758,44655,OK,272,1506,4,1127.4,938
2026-10-02 10:21:14,21.6,33,0,3758,44544.8,OK,55,1508,4,1127.4,938
2026-10-02 10:21:30,21.8,33,0.3,3758,46221,OK,340,1513,4,1127.4,938
2026-10-02 10:21:46,22,33,0.3,3758,44849.3,OK,288,1514,4,1127.4,938
2026-10-02 10:22:02,22.1,32,1.1,3758,44918.9,OK,137,1518,4,1127.4,938
2026-10-02 10:22:18,22.1,32,0.6,3758,45037.8,OK,73,1518,4,1127.4,938
2026-10-02 10:22:34,22.2,32,0.1,3758,45139.3,OK,337,1519,4,1127.4,951
2026-10-02 10:22:50,22.3,33,0.3,3758,45206,OK,111,1524,4,1127.4,951
2026-10-02 10:23:06,22.3,33,0.7,3758,45333.6,OK,34,1523,4,1127.4,951
2026-10-02 10:23:22,22.4,32,1.1,3758,45362.6,OK,352,1526,4,1127.4,951
2026-10-02 10:23:38,22.3,32,1,3758,45719.3,OK,288,1534,4,1127.4,951
2026-10-02 10:23:54,22.2,32,0.4,3758,45707.7,OK,329,1537,4,1127.4,951
2026-10-02 10:24:10,22.1,33,0,3758,45736.7,OK,307,1536,4,1127.4,951
2026-10-02 10:24:26,22,33,1.1,3758,45849.8,OK,318,1540,4,1127.4,951
2026-10-02 10:24:42,21.9,33,1.8,3758,46012.2,OK,284,1541,4,1127.4,951
2026-10-02 10:24:58,21.9,33,1.4,3758,46084.7,OK,11,1542,4,1127.4,951
2026-10-02 10:25:14,21.8,33,1.3,3758,46160.1,OK,275,1546,4,1127.4,951
2026-10-02 10:25:30,21.7,33,0.1,3758,46339.9,OK,352,1551,4,1127.4,951
2026-10-02 10:25:46,21.8,33,1.1,3758,46435.6,OK,357,1555,4,1127.4,951
2026-10-02 10:26:02,21.8,33,0.6,3758,46563.2,OK,98,1557,4,1127.4,951
2026-10-02 10:26:18,21.9,33,0.3,3758,46644.4,OK,122,1558,4,1127.4,951
2026-10-02 10:26:34,22.1,32,0,3758,46638.6,OK,355,1560,4,1127.4,951
2026-10-02 10:26:50,22.2,32,0,3758,46734.3,OK,259,1556,4,1127.4,951
2026-10-02 10:27:06,22.2,33,0,3758,46859,OK,256,1559,4,1127.4,951
2026-10-02 10:27:22,22.3,32,0,3758,46983.7,OK,323,1566,4,1127.4,951
2026-10-02 10:27:38,22.3,32,0.6,3758,46957.6,OK,255,1562,4,1127.4,968
2026-10-02 10:27:54,22.2,32,1.8,3758,47259.2,OK,307,1572,4,1127.4,968
2026-10-02 10:28:10,22.1,32,2,3758,47433.2,OK,326,1574,4,1127.4,968
2026-10-02 10:28:26,22,33,0.4,3758,47505.7,OK,342,1578,4,1127.4,968
2026-10-02 10:28:42,21.8,33,0.6,3758,47584,OK,6,1577,4,1127.4,968
2026-10-02 10:28:58,21.7,33,0.1,3758,47613,OK,13,1581,4,1127.4,968
2026-10-02 10:29:14,21.8,33,0,3758,47795.7,OK,303,1587,4,1127.4,968
2026-10-02 10:29:30,21.9,33,0.4,3758,47900.1,OK,230,1587,4,1127.4,968
2026-10-02 10:29:46,21.9,33,0.1,3758,47926.2,OK,350,1592,4,1127.4,968
2026-10-02 10:30:02,22,33,0.3,3758,48062.5,OK,289,1591,4,1127.4,968
2026-10-02 10:30:18,22.1,33,0.1,3758,48178.5,OK,257,1591,4,1127.4,968
2026-10-02 10:30:34,22.3,33,0.8,3758,48335.1,OK,288,1596,4,1127.4,968
2026-10-02 10:30:50,22.2,32,0.6,3758,48555.5,OK,280,1600,4,1127.4,968
2026-10-02 10:31:06,22.2,33,0,3758,48581.6,OK,83,1598,4,1127.4,968
2026-10-02 10:31:22,22.2,33,0.3,3758,48665.7,OK,7,1600,4,1127.4,968
2026-10-02 10:31:38,22.2,32,1.3,3758,48674.4,OK,309,1602,4,1127.4,968
2026-10-02 10:31:54,22.1,33,1.1,3758,48894.8,OK,276,1603,4,1127.4,968
2026-10-02 10:32:10,22,33,0.6,3758,48891.9,OK,309,1604,4,1127.4,968
2026-10-02 10:32:26,22.1,33,0.1,3758,49155.8,OK,318,1612,4,1127.4,968
2026-10-02 10:32:42,22.1,33,0,3758,50547.8,OK,202,1609,4,1127.4,975
2026-10-02 10:32:58,22.1,33,0,3758,49210.9,OK,35,1605,4,1127.4,975
2026-10-02 10:33:14,22.2,33,0.4,3758,49187.7,OK,239,1606,4,1127.4,975
2026-10-02 10:33:30,22.3,33,0.7,3758,49277.6,OK,310,1604,4,1127.4,975
2026-10-02 10:33:46,22.3,33,0.4,3758,49387.8,OK,215,1611,4,1127.4,975
2026-10-02 10:34:02,22.2,33,1,3758,49648.8,OK,287,1617,4,1127.4,975
2026-10-02 10:34:18,22.1,33,1.1,3758,49770.6,OK,233,1617,4,1127.4,975
2026-10-02 10:34:34,22.1,33,0.3,3758,49921.4,OK,40,1625,4,1127.4,975
2026-10-02 10:34:50,22.2,33,1.1,3758,49967.8,OK,312,1628,4,1127.4,975
2026-10-02 10:35:06,22.2,33,0.8,3758,50031.6,OK,253,1627,4,1127.4,975
2026-10-02 10:35:22,22.2,33,0.8,3758,50182.4,OK,346,1629,4,1127.4,975
2026-10-02 10:35:38,22.2,33,1.3,3758,50304.2,OK,266,1634,4,1127.4,975
2026-10-02 10:35:54,22.3,33,0.7,3758,50423.1,OK,304,1637,4,1127.4,975
2026-10-02 10:36:10,22.4,33,0.4,3758,50695.7,OK,345,1641,4,1127.4,975
2026-10-02 10:36:26,22.5,33,0.7,3758,50794.3,OK,8,1649,4,1127.4,975
2026-10-02 10:36:42,22.3,33,0.8,3758,50919,OK,337,1649,4,1127.4,975
2026-10-02 10:36:58,22.3,33,0.7,3758,50910.3,OK,205,1651,4,1127.4,975
2026-10-02 10:37:14,22.2,33,1,3758,51072.7,OK,339,1652,4,1127.4,975
2026-10-02 10:37:30,22,33,1.8,3758,51084.3,OK,290,1658,4,1127.4,975
2026-10-02 10:37:46,22,33,2,3758,51217.7,OK,307,1659,4,1127.4,988
2026-10-02 10:38:02,21.8,33,1,3758,51272.8,OK,315,1660,4,1127.4,988
2026-10-02 10:38:18,21.7,34,0.4,3758,51258.3,OK,322,1663,4,1127.4,988
2026-10-02 10:38:34,21.7,34,0.1,3758,51499,OK,266,1661,4,1127.4,988
2026-10-02 10:38:50,21.8,34,0.4,3758,51443.9,OK,289,1664,4,1127.4,988
2026-10-02 10:39:06,21.8,34,0,3758,51493.2,OK,225,1667,4,1127.4,988
2026-10-02 10:39:22,21.8,34,1.3,3758,51580.2,OK,70,1667,4,1127.4,988
2026-10-02 10:39:38,21.8,34,0.3,3758,51899.2,OK,334,1671,4,1127.4,988
2026-10-02 10:39:54,21.9,34,0,3758,51931.1,OK,268,1670,4,1127.4,988
2026-10-02 10:40:10,22,34,0.4,3758,51852.8,OK,15,1673,4,1127.4,988
2026-10-02 10:40:26,21.9,33,1.3,3758,52047.1,OK,345,1674,4,1127.4,988
2026-10-02 10:40:42,21.7,34,0.6,3758,52081.9,OK,341,1672,4,1127.4,988
2026-10-02 10:40:58,21.7,34,0.4,3758,52137,OK,284,1673,4,1127.4,988
2026-10-02 10:41:14,21.7,34,0.1,3758,52238.5,OK,268,1675,4,1127.4,988
2026-10-02 10:41:30,21.7,34,0.6,3758,52369,OK,305,1679,4,1127.4,988
2026-10-02 10:41:46,21.7,34,0,3758,52485,OK,13,1678,4,1127.4,988
2026-10-02 10:42:02,21.7,34,0.4,3758,52545.9,OK,299,1681,4,1127.4,988
2026-10-02 10:42:18,21.7,34,0.7,3758,52592.3,OK,24,1682,4,1127.4,988
2026-10-02 10:42:34,21.7,34,1,3758,52638.7,OK,278,1683,4,1127.4,1000
2026-10-02 10:42:50,21.6,34,0.6,3758,52879.4,OK,294,1686,4,1127.4,1000
2026-10-02 10:43:06,21.5,34,0.3,3758,52876.5,OK,35,1690,4,1127.4,1000
2026-10-02 10:43:22,21.6,34,1.1,3758,52978,OK,268,1692,4,1127.4,1000
2026-10-02 10:43:38,21.7,34,1,3758,52983.8,OK,255,1690,4,1127.4,1000
2026-10-02 10:43:54,21.7,34,0,3758,53192.6,OK,19,1697,4,1127.4,1000
2026-10-02 10:44:10,21.8,34,0.4,3758,53195.5,OK,288,1694,4,1127.4,1000
2026-10-02 10:44:26,22,34,0,3758,53433.3,OK,344,1697,4,1127.4,1000
2026-10-02 10:44:42,22.1,34,0,3758,53502.9,OK,284,1702,4,1127.4,1000
2026-10-02 10:44:58,22.1,34,0,3758,53711.7,OK,299,1705,4,1127.4,1000
2026-10-02 10:45:14,22.2,34,0.4,3758,53517.4,OK,276,1708,4,1127.4,1000
2026-10-02 10:45:30,22.5,33,1.5,3758,53964,OK,292,1712,4,1127.4,1000
2026-10-02 10:45:46,22.5,33,1.4,3758,54016.2,OK,275,1714,4,1127.4,1000
2026-10-02 10:46:02,22.4,33,1,3758,54225,OK,241,1719,4,1127.4,1000
2026-10-02 10:46:18,22.4,33,1.3,3758,54491.8,OK,253,1720,4,1127.4,1000
2026-10-02 10:46:34,22.4,33,1.5,3758,54520.8,OK,285,1724,4,1127.4,1000
2026-10-02 10:46:50,22.2,34,1,3758,54590.4,OK,316,1725,4,1127.4,1000
2026-10-02 10:47:06,22.2,34,1.3,3758,54712.2,OK,207,1728,4,1127.4,1000
2026-10-02 10:47:22,22.2,34,0,3758,54718,OK,266,1732,4,1127.4,1000
2026-10-02 10:47:38,22.3,34,0.6,3758,54781.8,OK,322,1731,4,1127.4,1000
2026-10-02 10:47:54,22.3,34,1.4,3758,54883.3,OK,271,1730,4,1127.4,1000
2026-10-02 10:48:10,22.2,34,0.7,3758,54984.8,OK,315,1740,4,1127.4,1000
2026-10-02 10:48:26,22.1,34,0.7,3758,55074.7,OK,329,1735,4,1127.4,1000
2026-10-02 10:48:42,22.1,34,0.8,3758,55228.4,OK,306,1742,4,1127.4,1000
2026-10-02 10:48:58,22,34,0.6,3758,55387.9,OK,157,1742,4,1127.4,1012
2026-10-02 10:49:14,22,34,0.7,3758,55692.4,OK,292,1746,4,1127.4,1012
2026-10-02 10:49:30,22,34,0.4,3758,55509.7,OK,132,1745,4,1127.4,1012
2026-10-02 10:49:46,22.1,34,0.3,3758,55727.2,OK,67,1752,4,1127.4,1012
2026-10-02 10:50:02,22.1,34,0.3,3758,56576.9,OK,1,1758,4,1127.4,1012
2026-10-02 10:50:18,22,34,0.1,3758,55854.8,OK,120,1753,4,1127.4,1012
2026-10-02 10:50:34,22.1,34,0.1,3758,56110,OK,358,1752,4,1127.4,1012
2026-10-02 10:50:50,22,34,0.1,3758,56092.6,OK,302,1749,4,1127.4,1012
2026-10-02 10:51:06,21.9,34,0.6,3758,56023,OK,318,1748,4,1127.4,1012
2026-10-02 10:51:22,21.9,34,0.6,3758,56127.4,OK,72,1754,4,1127.4,1012
2026-10-02 10:51:38,22,34,0.6,3758,56310.1,OK,287,1761,4,1127.4,1012
2026-10-02 10:51:54,21.8,34,0.8,3758,56327.5,OK,27,1760,4,1127.4,1012
2026-10-02 10:52:10,21.8,35,0.6,3758,56327.5,OK,311,1764,4,1127.4,1012
2026-10-02 10:52:26,21.8,34,0.1,3758,56411.6,OK,200,1765,4,1127.4,1012
2026-10-02 10:52:42,21.9,35,0,3758,56695.8,OK,278,1767,4,1127.4,1020
2026-10-02 10:52:58,21.9,34,0,3758,56794.4,OK,255,1764,4,1127.4,1020
2026-10-02 10:53:14,22,35,0.3,3758,56710.3,OK,246,1768,4,1127.4,1020
2026-10-02 10:53:30,22.1,35,0,3758,56881.4,OK,256,1765,4,1127.4,1020
2026-10-02 10:53:46,22.1,35,0,3758,57035.1,OK,217,1768,4,1127.4,1020
2026-10-02 10:54:02,22.2,34,0,3758,57049.6,OK,306,1772,4,1127.4,1020
2026-10-02 10:54:18,22.3,34,0.1,3758,57287.4,OK,3,1772,4,1127.4,1020
2026-10-02 10:54:34,22.3,34,0,3758,57490.4,OK,260,1774,4,1127.4,1020
2026-10-02 10:54:50,22.4,34,0,3758,57522.3,OK,305,1775,4,1127.4,1020
2026-10-02 10:55:06,22.5,34,0,3758,57638.3,OK,279,1779,4,1127.4,1020
2026-10-02 10:55:22,22.6,34,0.1,3758,57841.3,OK,255,1778,4,1127.4,1020
2026-10-02 10:55:38,22.6,35,0.4,3758,57948.6,OK,256,1779,4,1127.4,1020
2026-10-02 10:55:54,22.4,34,0.4,3758,58079.1,OK,265,1781,4,1127.4,1020
2026-10-02 10:56:10,22.3,34,0,3758,58157.4,OK,295,1784,4,1127.4,1020
2026-10-02 10:56:26,22.5,34,0,3758,58206.7,OK,285,1781,4,1127.4,1020
2026-10-02 10:56:42,22.5,33,0,3758,58334.3,OK,250,1785,4,1127.4,1020
2026-10-02 10:56:58,22.4,33,0.4,3758,58575,OK,19,1793,4,1127.4,1020
2026-10-02 10:57:14,22.3,33,0.7,3758,58598.2,OK,219,1792,4,1127.4,1020
2026-10-02 10:57:30,22.3,33,0.7,3758,58873.7,OK,349,1791,4,1127.4,1020
2026-10-02 10:57:46,22.3,33,0.1,3758,58905.6,OK,299,1793,4,1127.4,1030
2026-10-02 10:58:02,22.4,33,0.3,3758,58882.4,OK,19,1798,4,1127.4,1030
2026-10-02 10:58:18,22.4,33,0.3,3758,59195.6,OK,344,1797,4,1127.4,1030
2026-10-02 10:58:34,22.6,34,0.4,3758,59227.5,OK,331,1802,4,1127.4,1030
2026-10-02 10:58:50,22.6,33,1.3,3758,59256.5,OK,9,1804,4,1127.4,1030
2026-10-02 10:59:06,22.5,33,1.7,3758,59149.2,OK,270,1801,4,1127.4,1030
2026-10-02 10:59:22,22.5,33,1.3,3758,59381.2,OK,359,1805,4,1127.4,1030
2026-10-02 10:59:38,22.5,34,1.4,3758,59416,OK,348,1807,4,1127.4,1030
2026-10-02 10:59:54,22.5,34,0.8,3758,59679.9,OK,291,1813,4,1127.4,1030
2026-10-02 11:00:10,22.3,34,0.7,3758,59537.8,OK,260,1807,4,1127.4,1030
2026-10-02 11:00:26,22.2,34,0.1,3758,59717.6,OK,100,1812,4,1127.4,1030
2026-10-02 11:00:42,22.2,34,0.7,3758,59917.7,OK,307,1817,4,1127.4,1030
2026-10-02 11:00:58,22.3,34,1.3,3758,59993.1,OK,314,1818,4,1127.4,1030
2026-10-02 11:01:14,22.3,34,0.3,3758,60106.2,OK,322,1818,4,1127.4,1030
2026-10-02 11:01:30,22.2,34,1.8,3758,60112,OK,336,1818,4,1127.4,1030
2026-10-02 11:01:46,22.1,34,2.5,3758,60204.8,OK,19,1819,4,1127.4,1030
2026-10-02 11:02:02,21.8,35,1.7,3758,60004.7,OK,325,1820,4,1127.4,1030
2026-10-02 11:02:18,21.7,35,0.7,3758,60222.2,OK,311,1827,4,1127.4,1030
2026-10-02 11:02:34,21.6,35,0.6,3758,60106.2,OK,293,1828,4,1127.4,1039
2026-10-02 11:02:50,21.6,35,0.4,3758,60271.5,OK,285,1831,4,1127.4,1039
2026-10-02 11:03:06,21.5,36,0,3758,60225.1,OK,291,1832,4,1127.4,1039
2026-10-02 11:03:22,21.5,35,0,3758,60355.6,OK,328,1832,4,1127.4,1039
2026-10-02 11:03:38,21.4,36,0.4,3758,60410.7,OK,249,1830,4,1127.4,1039
2026-10-02 11:03:54,21.5,36,0.8,3758,60491.9,OK,286,1834,4,1127.4,1039
2026-10-02 11:04:10,21.8,35,0.1,3758,60686.2,OK,272,1837,4,1127.4,1039
2026-10-02 11:04:26,21.8,35,0,3758,60747.1,OK,279,1834,4,1127.4,1039
2026-10-02 11:04:42,21.8,35,0,3758,60738.4,OK,293,1836,4,1127.4,1039
2026-10-02 11:04:58,21.8,35,0.1,3758,60897.9,OK,279,1839,4,1127.4,1039
2026-10-02 11:05:14,21.9,35,0.1,3758,61069,OK,285,1844,5,1127.4,1039
2026-10-02 11:05:30,21.8,35,1.1,3758,61243,OK,315,1846,5,1127.4,1039
2026-10-02 11:05:46,21.9,35,0.3,3758,61419.9,OK,190,1847,5,1127.4,1039
2026-10-02 11:06:02,21.9,35,0.8,3758,61579.4,OK,341,1847,5,1127.4,1039
2026-10-02 11:06:18,22,34,0.4,3758,61364.8,OK,337,1841,4,1127.4,1039
2026-10-02 11:06:34,22.1,34,0,3758,61527.2,OK,308,1838,4,1127.4,1039
2026-10-02 11:06:50,22,34,0,3758,61570.7,OK,316,1844,5,1127.4,1039
2026-10-02 11:07:06,21.9,34,0,3758,61808.5,OK,283,1850,5,1127.4,1039
2026-10-02 11:07:22,22,34,0,3758,61927.4,OK,270,1850,5,1127.4,1039
2026-10-02 11:07:38,22,34,0,3758,61837.5,OK,291,1850,5,1127.4,1048
2026-10-02 11:07:54,22,34,0,3758,61956.4,OK,309,1848,5,1127.4,1048
2026-10-02 11:08:10,22.1,34,0,3758,61930.3,OK,265,1844,5,1127.4,1048
2026-10-02 11:08:26,22.1,34,0.3,3758,62124.6,OK,316,1849,5,1127.4,1048
2026-10-02 11:08:42,22.1,35,0.1,3758,54639.7,OK,3,1852,5,1127.4,1048
2026-10-02 11:08:58,22,35,0.3,3758,62403,OK,307,1856,5,1127.4,1048
2026-10-02 11:09:14,22.1,35,0.7,3758,62579.9,OK,333,1858,5,1127.4,1048
2026-10-02 11:09:30,22.1,35,1,3758,62811.9,OK,353,1859,5,1127.4,1048
2026-10-02 11:09:46,22.1,35,1,3758,62980.1,OK,306,1867,5,1127.4,1048
2026-10-02 11:10:02,21.9,35,2.5,3758,63128,OK,49,1873,5,1127.4,1048
2026-10-02 11:10:18,21.8,35,1.1,3758,63136.7,OK,308,1871,5,1127.4,1048
2026-10-02 11:10:34,21.7,35,1.1,3758,63168.6,OK,45,1871,5,1127.4,1048
2026-10-02 11:10:50,21.7,35,0.7,3758,63145.4,OK,224,1872,5,1127.4,1048
2026-10-02 11:11:06,21.6,35,0.4,3758,63162.8,OK,314,1870,5,1127.4,1048
2026-10-02 11:11:22,21.6,36,0.1,3758,62849.6,OK,27,1871,5,1127.4,1048
2026-10-02 11:11:38,21.7,35,0,3758,63302,OK,23,1872,5,1127.4,1048
2026-10-02 11:11:54,21.8,35,0,3758,63455.7,OK,238,1880,5,1127.4,1048
2026-10-02 11:12:10,21.9,35,0,3758,63623.9,OK,266,1877,5,1127.4,1048
2026-10-02 11:12:26,22,35,0.1,3758,63838.5,OK,311,1885,5,1127.4,1048
2026-10-02 11:12:42,22,35,0,3758,64076.3,OK,271,1888,5,1127.4,1059
2026-10-02 11:12:58,22,35,0.7,3758,64006.7,OK,341,1890,5,1127.4,1059
2026-10-02 11:13:14,21.8,35,1,3758,64244.5,OK,110,1892,5,1127.4,1059
2026-10-02 11:13:30,21.8,35,0.1,3758,64427.2,OK,109,1895,5,1127.4,1059
2026-10-02 11:13:46,21.8,35,0,3758,64470.7,OK,98,1892,5,1127.4,1059
2026-10-02 11:14:02,21.7,35,0,3758,64723,OK,333,1898,5,1127.4,1059
2026-10-02 11:14:18,21.9,35,0,3758,64444.6,OK,287,1897,5,1127.4,1059
2026-10-02 11:14:34,22,35,0.1,3758,64810,OK,304,1897,5,1127.4,1059
2026-10-02 11:14:50,22.1,36,0,3758,64995.6,OK,242,1902,5,1127.4,1059
2026-10-02 11:15:06,22.2,35,0.3,3758,65076.8,OK,299,1905,5,1127.4,1059
2026-10-02 11:15:22,22.1,35,0,3758,65192.8,OK,58,1906,5,1127.4,1059
2026-10-02 11:15:38,22.1,35,0.3,3758,65305.9,OK,302,1906,5,1127.4,1059
2026-10-02 11:15:54,22.3,35,0,3758,65245,OK,320,1909,5,1127.4,1059
2026-10-02 11:16:10,22.4,35,0.4,3758,65450.9,OK,288,1912,5,1127.4,1059
2026-10-02 11:16:26,22.5,34,0.8,3758,65430.6,OK,284,1911,5,1127.4,1059
2026-10-02 11:16:42,22.4,34,0.1,3758,65392.9,OK,344,1908,5,1127.4,1059
2026-10-02 11:16:58,22.3,34,0.4,3758,65561.1,OK,44,1913,5,1127.4,1059
2026-10-02 11:17:14,22.1,35,0.1,3758,65610.4,OK,279,1916,5,1127.4,1059
2026-10-02 11:17:30,22,35,0.4,3758,65694.5,OK,286,1914,5,1127.4,1059
2026-10-02 11:17:47,21.9,35,0.4,3758,65859.8,OK,319,1919,5,1127.4,1065
2026-10-02 11:18:02,21.9,35,0,3758,65975.8,OK,355,1919,5,1127.4,1065
2026-10-02 11:18:18,22,35,0.6,3758,65929.4,OK,298,1921,5,1127.4,1065
2026-10-02 11:18:34,22,35,0.4,3758,66016.4,OK,291,1922,5,1127.4,1065
2026-10-02 11:18:50,21.8,35,1.5,3758,66239.7,OK,275,1922,5,1127.4,1065
2026-10-02 11:19:09,21.8,35,1.3,3758,66297.7,OK,26,1925,5,1127.4,1065
2026-10-02 11:19:22,21.7,35,1.1,3758,66196.2,OK,290,1923,5,1127.4,1065
2026-10-02 11:19:38,21.7,35,1.7,3758,66486.2,OK,305,1925,5,1127.4,1065
2026-10-02 11:19:54,21.8,35,1.7,3758,66306.4,OK,313,1925,5,1127.4,1065
2026-10-02 11:20:10,21.7,35,0.7,3758,66526.8,OK,293,1929,5,1127.4,1065
2026-10-02 11:20:26,21.7,35,0,3758,66628.3,OK,338,1935,5,1127.4,1065
2026-10-02 11:20:42,21.8,35,0,3758,66639.9,OK,336,1934,5,1127.4,1065
2026-10-02 11:20:58,21.9,35,0,3758,66608,OK,209,1934,5,1127.4,1065
2026-10-02 11:21:14,22,35,0,3758,66869,OK,315,1940,5,1127.4,1065
2026-10-02 11:21:30,22,35,0,3758,66956,OK,330,1942,5,1127.4,1065
2026-10-02 11:21:46,22,35,0,3758,67048.8,OK,60,1941,5,1127.4,1065
2026-10-02 11:22:02,22.1,34,0,3758,67022.7,OK,40,1939,5,1127.4,1065
2026-10-02 11:22:18,22.2,34,0,3758,67399.7,OK,112,1946,5,1127.4,1065
2026-10-02 11:22:34,22.3,34,0,3758,67466.4,OK,286,1943,5,1127.4,1065
2026-10-02 11:22:50,22.3,34,0.7,3758,67420,OK,329,1943,5,1127.4,1065
2026-10-02 11:23:06,22.1,34,0.8,3758,67399.7,OK,305,1939,5,1127.4,1065
2026-10-02 11:23:22,22.1,35,1.4,3758,67547.6,OK,310,1944,5,1127.4,1065
2026-10-02 11:23:38,22,35,1.4,3758,67669.4,OK,281,1946,5,1127.4,1065
2026-10-02 11:23:54,21.8,35,1.8,3758,67698.4,OK,271,1949,5,1127.4,1072
2026-10-02 11:24:10,21.7,35,0.1,3758,67657.8,OK,97,1947,5,1127.4,1072
2026-10-02 11:24:26,21.8,35,0.4,3758,67942,OK,52,1951,5,1127.4,1072
2026-10-02 11:24:42,21.7,36,0.1,3758,68089.9,OK,17,1957,5,1127.4,1072
2026-10-02 11:24:58,21.7,36,0.1,3758,68220.4,OK,292,1959,5,1127.4,1072
2026-10-02 11:25:14,21.9,35,0.1,3758,68168.2,OK,305,1957,5,1127.4,1072
2026-10-02 11:25:30,22,35,0,3758,68205.9,OK,296,1954,5,1127.4,1072
2026-10-02 11:25:46,22.2,35,0.3,3758,68301.6,OK,288,1957,5,1127.4,1072
2026-10-02 11:26:02,22.4,35,0.1,3758,68635.1,OK,305,1958,5,1127.4,1072
2026-10-02 11:26:18,22.4,35,0,3758,68455.3,OK,307,1959,5,1127.4,1072
2026-10-02 11:26:34,22.4,35,0.3,3758,68368.3,OK,57,1956,5,1127.4,1072
2026-10-02 11:26:50,22.3,34,0.8,3758,68580,OK,31,1958,5,1127.4,1072
2026-10-02 11:27:06,22.3,35,0,3758,68704.7,OK,2,1964,5,1127.4,1072
2026-10-02 11:27:22,22.2,35,0.1,3758,68754,OK,119,1959,5,1127.4,1072
2026-10-02 11:27:38,22.3,34,0.6,3758,68733.7,OK,309,1955,5,1127.4,1083
2026-10-02 11:27:54,22.5,34,0.6,3758,68664.1,OK,295,1952,5,1127.4,1083
2026-10-02 11:28:10,22.6,34,0.8,3758,68809.1,OK,296,1958,5,1127.4,1083
2026-10-02 11:28:26,22.6,34,0.6,3758,69020.8,OK,322,1959,5,1127.4,1083
2026-10-02 11:28:42,22.6,34,0.4,3758,69319.5,OK,18,1970,5,1127.4,1083
2026-10-02 11:28:59,22.5,34,0.6,3758,69113.6,OK,252,1969,5,1127.4,1083
2026-10-02 11:29:14,22.5,34,0,3758,69235.4,OK,262,1970,5,1127.4,1083
2026-10-02 11:29:30,22.5,34,0.1,3758,69009.2,OK,337,1970,5,1127.4,1083
2026-10-02 11:29:46,22.4,34,1.5,3758,69624,OK,13,1981,5,1127.4,1083
2026-10-02 11:30:02,22.3,34,1.8,3758,66697.9,OK,322,1987,5,1127.4,1083
2026-10-02 11:30:18,22.3,34,1.7,3758,69951.7,OK,334,1987,5,1127.4,1083
2026-10-02 11:30:34,22.3,34,0,3758,69815.4,OK,297,1985,5,1127.4,1083
2026-10-02 11:30:50,22.4,34,0,3758,69934.3,OK,290,1991,5,1127.4,1083
2026-10-02 11:31:06,22.5,34,1.3,3758,69818.3,OK,4,1990,5,1127.4,1083
2026-10-02 11:31:22,22.5,34,2.5,3758,70088,OK,18,1993,5,1127.4,1083
2026-10-02 11:31:38,22.4,34,1.7,3758,69806.7,OK,313,1994,5,1127.4,1083
2026-10-02 11:31:54,22.3,34,0.7,3758,69690.7,OK,5,1991,5,1127.4,1083
2026-10-02 11:32:10,22.4,34,1.1,3758,69766.1,OK,295,1986,5,1127.4,1083
2026-10-02 11:32:26,22.4,34,2.7,3758,69812.5,OK,287,1993,5,1127.4,1083
2026-10-02 11:32:42,22.2,34,1.8,3758,69632.7,OK,263,1989,5,1127.4,1088
2026-10-02 11:32:58,22,35,1.3,3758,69644.3,OK,9,1994,5,1127.4,1088
2026-10-02 11:33:14,22.1,35,1.7,3758,69696.5,OK,29,1995,5,1127.4,1088
2026-10-02 11:33:30,22.1,35,1,3758,69667.5,OK,278,1995,5,1127.4,1088
2026-10-02 11:33:46,22.1,35,0.8,3758,69702.3,OK,357,1998,5,1127.4,1088
2026-10-02 11:34:02,22.1,35,1.5,3758,69943,OK,336,2003,5,1127.4,1088
2026-10-02 11:34:18,22,35,0.7,3758,69928.5,OK,330,2005,5,1127.4,1088
2026-10-02 11:34:34,21.9,35,0.7,3758,69937.2,OK,331,2005,5,1127.4,1088
2026-10-02 11:34:50,21.8,35,0.7,3758,70073.5,OK,25,2007,5,1127.4,1088
2026-10-02 11:35:06,21.7,35,0.7,3758,69969.1,OK,9,2008,5,1127.4,1088
2026-10-02 11:35:22,21.7,35,0,3758,70047.4,OK,319,2011,5,1127.4,1088
2026-10-02 11:35:38,21.6,35,0.4,3758,70093.8,OK,272,2011,5,1127.4,1088
2026-10-02 11:35:54,21.6,35,0.4,3758,70088,OK,128,2010,5,1127.4,1088
2026-10-02 11:36:10,21.4,35,0,3758,70285.2,OK,349,2011,5,1127.4,1088
2026-10-02 11:36:26,21.4,35,0,3758,70076.4,OK,65,2008,5,1127.4,1088
2026-10-02 11:36:42,21.5,35,0,3758,70520.1,OK,289,2014,5,1127.4,1088
2026-10-02 11:36:58,21.7,35,0,3758,70470.8,OK,261,2013,5,1127.4,1088
2026-10-02 11:37:14,22,35,0,3758,70612.9,OK,291,2016,5,1127.4,1088
2026-10-02 11:37:30,22.3,34,0,3758,70630.3,OK,306,2015,5,1127.4,1088
2026-10-02 11:37:46,22.2,34,0,3758,70772.4,OK,278,2014,5,1127.4,1091
2026-10-02 11:38:02,22.1,34,0,3758,71033.4,OK,319,2025,5,1127.4,1091
2026-10-02 11:38:18,22.1,34,0,3758,71021.8,OK,17,2022,5,1127.4,1091
2026-10-02 11:38:34,22,34,0,3758,71059.5,OK,83,2019,5,1127.4,1091
2026-10-02 11:38:50,22,34,0,3758,70975.4,OK,208,2014,5,1127.4,1091
2026-10-02 11:39:06,22,34,0,3758,71230.6,OK,173,2022,5,1127.4,1091
2026-10-02 11:39:22,22,34,0,3758,71395.9,OK,155,2018,5,1127.4,1091
2026-10-02 11:39:38,22,34,0.6,3758,71219,OK,117,2023,5,1127.4,1091
2026-10-02 11:39:54,21.9,34,0.1,3758,71755.5,OK,182,2029,5,1127.4,1091
2026-10-02 11:40:10,21.8,34,0.3,3758,71723.6,OK,11,2025,5,1127.4,1091
2026-10-02 11:40:26,21.9,34,0.1,3758,71877.3,OK,324,2022,5,1127.4,1091
2026-10-02 11:40:42,21.9,34,0.3,3758,71720.7,OK,285,2029,5,1127.4,1091
2026-10-02 11:40:58,21.9,34,0.4,3758,72068.7,OK,173,2034,5,1127.4,1091
2026-10-02 11:41:14,21.9,34,0.4,3758,72173.1,OK,66,2037,5,1127.4,1091
2026-10-02 11:41:30,21.8,34,0,3758,72355.8,OK,18,2049,5,1127.4,1091
2026-10-02 11:41:46,21.7,35,0.7,3758,72486.3,OK,100,2045,5,1127.4,1091
2026-10-02 11:42:02,21.6,35,0.8,3758,72564.6,OK,197,2051,5,1127.4,1091
2026-10-02 11:42:18,21.7,35,0.3,3758,72782.1,OK,248,2046,5,1127.4,1091
2026-10-02 11:42:34,21.8,35,0,3758,72816.9,OK,287,2054,5,1127.4,1097
2026-10-02 11:42:50,21.9,35,0,3758,72741.5,OK,303,2050,5,1127.4,1097
2026-10-02 11:43:06,22,34,0,3758,72747.3,OK,262,2054,5,1127.4,1097
2026-10-02 11:43:22,22.2,35,0,3758,72912.6,OK,306,2053,5,1127.4,1097
2026-10-02 11:43:38,22.4,34,0,3758,72712.5,OK,313,2050,5,1127.4,1097
2026-10-02 11:43:54,22.5,34,1,3758,72860.4,OK,291,2051,5,1127.4,1097
2026-10-02 11:44:10,22.6,34,0.8,3758,72669,OK,314,2047,5,1127.4,1097
2026-10-02 11:44:26,22.6,34,0,3758,72901,OK,315,2052,5,1127.4,1097
2026-10-02 11:44:42,22.7,34,0,3758,72845.9,OK,45,2052,5,1127.4,1097
2026-10-02 11:44:58,22.6,34,0,3758,72918.4,OK,332,2050,5,1127.4,1097
2026-10-02 11:45:14,22.7,34,0,3758,72889.4,OK,230,2047,5,1127.4,1097
2026-10-02 11:45:30,22.5,34,0.3,3758,73034.4,OK,275,2052,5,1127.4,1097
2026-10-02 11:45:46,22.6,34,0,3758,72898.1,OK,322,2055,5,1127.4,1097
2026-10-02 11:46:02,22.9,33,0,3758,72982.2,OK,202,2049,5,1127.4,1097
2026-10-02 11:46:18,22.9,33,0,3758,73060.5,OK,235,2044,5,1127.4,1097
2026-10-02 11:46:34,22.8,33,0.1,3758,72970.6,OK,105,2048,5,1127.4,1097
2026-10-02 11:46:50,22.6,34,0.4,3758,73191,OK,105,2050,5,1127.4,1097
2026-10-02 11:47:06,22.6,34,0,3758,73202.6,OK,333,2048,5,1127.4,1097
2026-10-02 11:47:22,22.7,34,0.4,3758,73324.4,OK,290,2049,5,1127.4,1097
2026-10-02 11:47:38,23,34,0.7,3758,73243.2,OK,276,2045,5,1127.4,1097
2026-10-02 11:47:54,23.1,34,0.6,3758,73173.6,OK,274,2046,5,1127.4,1097
2026-10-02 11:48:10,23.1,33,1.1,3758,73399.8,OK,8,2048,5,1127.4,1097
2026-10-02 11:48:26,23.1,33,1,3758,73353.4,OK,26,2048,5,1127.4,1097
2026-10-02 11:48:42,23,33,0.8,3758,73382.4,OK,37,2050,5,1127.4,1097
2026-10-02 11:48:58,22.9,33,0.8,3758,73423,OK,300,2053,5,1127.4,1097
2026-10-02 11:49:14,22.8,33,2.5,3758,73420.1,OK,258,2050,5,1127.4,1097
2026-10-02 11:50:18,22,34,0.4,3758,73765.2,OK,292,2067,5,1127.4,1100
2026-10-02 11:50:34,22.1,34,0.6,3758,73617.3,OK,295,2069,5,1127.4,1100
2026-10-02 11:50:50,22.1,34,1.4,3758,73779.7,OK,296,2070,5,1127.4,1100
2026-10-02 11:51:06,22,34,0.7,3758,73570.9,OK,355,2067,5,1127.4,1100
2026-10-02 11:51:22,21.9,34,0.3,3758,73591.2,OK,313,2065,5,1127.4,1100
2026-10-02 11:51:38,22,34,0,3758,73617.3,OK,314,2068,5,1127.4,1100
2026-10-02 11:51:54,22,34,1.1,3758,73649.2,OK,292,2067,5,1127.4,1100
2026-10-02 11:52:10,21.8,34,1.3,3758,73663.7,OK,318,2069,5,1127.4,1100
2026-10-02 11:52:26,21.9,35,1,3758,73692.7,OK,299,2069,5,1127.4,1100
2026-10-02 11:52:42,21.9,35,0.1,3758,73623.1,OK,290,2070,5,1127.4,1100
2026-10-02 11:52:58,21.9,35,0.1,3758,73582.5,OK,274,2072,5,1127.4,1100
2026-10-02 11:53:14,21.9,35,0.6,3758,73736.2,OK,295,2074,5,1127.4,1100
2026-10-02 11:53:30,22.1,34,0.1,3758,73707.2,OK,299,2075,5,1127.4,1100
2026-10-02 11:53:46,22.1,34,0,3758,73785.5,OK,300,2074,5,1127.4,1100
2026-10-02 11:54:02,22.1,34,0,3758,73916,OK,275,2071,5,1127.4,1100
2026-10-02 11:54:18,22.2,34,0,3758,73866.7,OK,296,2076,5,1127.4,1100
2026-10-02 11:54:34,22.4,34,0.1,3758,74116.1,OK,272,2084,5,1127.4,1100
2026-10-02 11:54:50,22.4,33,1,3758,74124.8,OK,288,2080,5,1127.4,1100
2026-10-02 11:55:06,22.6,33,0.4,3758,74133.5,OK,304,2080,5,1127.4,1100
2026-10-02 11:55:22,22.7,32,0,3758,74020.4,OK,239,2079,5,1127.4,1100
2026-10-02 11:55:38,22.7,33,0,3758,74275.6,OK,260,2084,5,1127.4,1100
2026-10-02 11:55:54,22.7,33,0,3758,74127.7,OK,237,2080,5,1127.4,1100
2026-10-02 11:56:10,22.6,32,0.4,3758,74574.3,OK,272,2082,5,1127.4,1100
2026-10-02 11:56:26,22.7,32,0,3758,74249.5,OK,333,2086,5,1127.4,1100
2026-10-02 11:56:42,22.9,32,0.3,3758,74443.8,OK,302,2079,5,1127.4,1100
2026-10-02 11:56:58,22.9,32,0.3,3758,74397.4,OK,286,2083,5,1127.4,1100
2026-10-02 11:57:14,22.9,32,1.3,3758,74733.8,OK,287,2093,5,1127.4,1100
2026-10-02 11:57:30,22.8,33,1.5,3758,74516.3,OK,293,2091,5,1127.4,1100
2026-10-02 11:57:46,22.6,33,0.8,3758,74406.1,OK,299,2086,5,1127.4,1103
2026-10-02 11:58:02,22.7,33,0.3,3758,74481.5,OK,254,2088,5,1127.4,1103
2026-10-02 11:58:18,22.6,33,0.3,3758,74614.9,OK,327,2089,5,1127.4,1103
2026-10-02 11:58:34,22.7,34,1.4,3758,74487.3,OK,294,2091,5,1127.4,1103
2026-10-02 11:58:50,22.6,33,3.2,3758,74533.7,OK,232,2092,5,1127.4,1103
2026-10-02 11:59:06,22.5,33,1.7,3758,74713.5,OK,5,2094,5,1127.4,1103
2026-10-02 11:59:22,22.5,33,1,3758,74510.5,OK,354,2094,5,1127.4,1103
2026-10-02 11:59:38,22.5,33,1.3,3758,74498.9,OK,347,2092,5,1127.4,1103
2026-10-02 11:59:54,22.6,33,1.3,3758,74397.4,OK,280,2093,5,1127.4,1103
2026-10-02 12:00:10,22.7,34,2.5,3758,74362.6,OK,266,2092,5,1127.4,1103
2026-10-02 12:00:26,22.5,33,1.8,3758,74191.5,OK,290,2084,5,1127.4,1103
2026-10-02 12:00:42,22.5,34,2,3758,74177,OK,296,2089,5,1127.4,1103
2026-10-02 12:00:58,22.4,34,1.8,3758,74162.5,OK,280,2088,5,1127.4,1103
2026-10-02 12:01:14,22.4,34,1.5,3758,74351,OK,326,2094,5,1127.4,1103
2026-10-02 12:01:30,22.3,34,0.1,3758,74472.8,OK,289,2093,5,1127.4,1103
2026-10-02 12:01:46,22.4,34,1,3758,74446.7,OK,308,2100,5,1127.4,1103
2026-10-02 12:02:02,22.4,34,1.7,3758,74220.5,OK,313,2090,5,1127.4,1103
2026-10-02 12:02:18,22.4,34,0.4,3758,74246.6,OK,275,2090,5,1127.4,1103
2026-10-02 12:02:34,22.4,34,0.1,3758,74139.3,OK,333,2083,5,1127.4,1102
2026-10-02 12:02:50,22.5,34,0,3758,74087.1,OK,253,2092,5,1127.4,1102
2026-10-02 12:03:06,22.6,34,0,3758,74333.6,OK,252,2089,5,1127.4,1102
2026-10-02 12:03:22,22.7,34,0.1,3758,74504.7,OK,292,2087,5,1127.4,1102
2026-10-02 12:03:38,22.8,33,0,3758,74539.5,OK,331,2099,5,1127.4,1102
2026-10-02 12:03:54,22.8,33,0.8,3758,74519.2,OK,251,2095,5,1127.4,1102
2026-10-02 12:04:10,22.8,33,1.1,3758,74638.1,OK,289,2097,5,1127.4,1102
2026-10-02 12:04:26,22.7,33,0.7,3758,74516.3,OK,312,2095,5,1127.4,1102
2026-10-02 12:04:42,22.9,33,0.4,3758,74751.2,OK,253,2094,5,1127.4,1102
2026-10-02 12:04:58,23,33,1.3,3758,74823.7,OK,265,2097,5,1127.4,1102
2026-10-02 12:05:14,22.9,33,2.4,3758,74925.2,OK,297,2093,5,1127.4,1102
2026-10-02 12:05:30,22.6,33,1.5,3758,74870.1,OK,339,2101,5,1127.4,1102
2026-10-02 12:05:46,22.4,33,0.3,3758,74913.6,OK,297,2103,5,1127.4,1102
2026-10-02 12:06:02,22.4,34,0,3758,75009.3,OK,300,2100,5,1127.4,1102
2026-10-02 12:06:18,22.5,34,0,3758,74861.4,OK,232,2101,5,1127.4,1102
2026-10-02 12:06:34,22.6,34,0.1,3758,74899.1,OK,238,2106,5,1127.4,1102
2026-10-02 12:06:50,22.8,34,0.6,3758,75148.5,OK,282,2106,5,1127.4,1102
2026-10-02 12:07:06,22.9,33,0.1,3758,75412.4,OK,289,2110,5,1127.4,1102
2026-10-02 12:07:22,23,33,0.1,3758,75354.4,OK,250,2110,5,1127.4,1102
2026-10-02 12:07:38,23.2,33,0.7,3758,75519.7,OK,277,2107,5,1127.4,1110
2026-10-02 12:07:54,23.4,33,0.3,3758,75470.4,OK,262,2112,5,1127.4,1110
2026-10-02 12:08:10,23.4,32,0.1,3758,75577.7,OK,264,2108,5,1127.4,1110
2026-10-02 12:08:26,23.5,31,0.6,3758,75835.8,OK,270,2116,5,1127.4,1110
2026-10-02 12:08:42,23.7,31,0.3,3758,75682.1,OK,242,2108,5,1127.4,1110
2026-10-02 12:08:58,23.8,31,1,3758,75827.1,OK,271,2112,5,1127.4,1110
2026-10-02 12:09:14,23.7,30,0.6,3758,76018.5,OK,257,2111,5,1127.4,1110
2026-10-02 12:09:30,23.8,30,0.3,3758,76041.7,OK,243,2117,5,1127.4,1110
2026-10-02 12:09:46,23.8,31,0.1,3758,76140.3,OK,266,2120,5,1127.4,1110
2026-10-02 12:10:02,23.6,30,0,3758,76398.4,OK,264,2119,5,1127.4,1110
2026-10-02 12:10:18,23.6,31,0,3758,76328.8,OK,284,2119,5,1127.4,1110
2026-10-02 12:10:34,23.7,30,0,3758,76360.7,OK,332,2117,5,1127.4,1110
2026-10-02 12:10:50,23.8,30,1.1,3758,76328.8,OK,234,2112,5,1127.4,1110
2026-10-02 12:11:06,23.4,31,1.3,3758,76450.6,OK,261,2111,5,1127.4,1110
2026-10-02 12:11:22,23.2,31,0,3758,76340.4,OK,264,2117,5,1127.4,1110
2026-10-02 12:11:38,23.4,31,0,3758,76407.1,OK,240,2108,5,1127.4,1110
2026-10-02 12:11:54,23.6,31,0,3758,76430.3,OK,3,2116,5,1127.4,1110
2026-10-02 12:12:10,23.6,31,0.1,3758,76511.5,OK,278,2117,5,1127.4,1110
2026-10-02 12:12:26,23.5,31,0,3758,76671,OK,292,2109,5,1127.4,1110
2026-10-02 12:12:42,23.5,32,0,3758,76485.4,OK,335,2110,5,1127.4,1104
2026-10-02 12:12:58,23.5,31,0.1,3758,65216,OK,252,2108,5,1127.4,1104
2026-10-02 12:13:14,23.4,32,0.7,3758,76514.4,OK,254,2106,5,1127.4,1104
2026-10-02 12:13:30,23.4,32,0.1,3758,76497,OK,323,2102,5,1127.4,1104
2026-10-02 12:13:46,23.5,31,0,3758,76697.1,OK,305,2110,5,1127.4,1104
2026-10-02 12:14:02,23.5,31,1.3,3758,76627.5,OK,18,2107,5,1127.4,1104
2026-10-02 12:14:18,23.3,31,0.4,3758,76679.7,OK,86,2105,5,1127.4,1104
2026-10-02 12:14:34,23.2,32,0.1,3758,76633.3,OK,291,2108,5,1127.4,1104
2026-10-02 12:14:50,23.1,32,0,3758,76589.8,OK,245,2112,5,1127.4,1104
2026-10-02 12:15:06,23.2,32,0,3758,76688.4,OK,288,2107,5,1127.4,1104
2026-10-02 12:15:22,23.2,32,0.6,3758,76908.8,OK,294,2107,5,1127.4,1104
2026-10-02 12:15:38,23,32,1.3,3758,76963.9,OK,274,2114,5,1127.4,1104
2026-10-02 12:15:54,22.8,33,0.6,3758,76836.3,OK,285,2110,5,1127.4,1104
2026-10-02 12:16:10,22.6,33,0.1,3758,76856.6,OK,323,2110,5,1127.4,1104
2026-10-02 12:16:26,22.7,33,0,3758,76932,OK,263,2109,5,1127.4,1104
2026-10-02 12:16:42,22.7,33,0,3758,76476.7,OK,313,2108,5,1127.4,1104
2026-10-02 12:16:58,22.7,33,0.4,3758,76665.2,OK,307,2099,5,1127.4,1104
2026-10-02 12:17:14,22.6,33,1,3758,76969.7,OK,232,2107,5,1127.4,1104
2026-10-02 12:17:30,22.5,33,0,3758,76952.3,OK,18,2112,5,1127.4,1104
2026-10-02 12:17:46,22.6,33,0,3758,76784.1,OK,337,2107,5,1127.4,1104
2026-10-02 12:18:02,22.8,33,1,3758,76868.2,OK,309,2101,5,1127.4,1104
2026-10-02 12:18:18,22.9,32,0.1,3758,76737.7,OK,297,2099,5,1127.4,1104
2026-10-02 12:18:34,23,32,0.6,3758,76978.4,OK,256,2108,5,1127.4,1104
2026-10-02 12:18:50,22.9,32,1.7,3758,77210.4,OK,251,2111,5,1127.4,1104
2026-10-02 12:19:06,22.9,32,1,3758,77082.8,OK,241,2111,5,1127.4,1104
2026-10-02 12:20:26,23,32,1.7,3758,76952.3,OK,267,2105,5,1127.4,1102
2026-10-02 12:20:42,22.9,32,1.4,3758,76984.2,OK,336,2107,5,1127.4,1102
2026-10-02 12:20:58,23,33,0,3758,76789.9,OK,46,2108,5,1127.4,1102
2026-10-02 12:21:14,23.2,32,0.6,3758,76876.9,OK,327,2108,5,1127.4,1102
2026-10-02 12:21:30,23.3,32,0.1,3758,76792.8,OK,302,2107,5,1127.4,1102
2026-10-02 12:21:46,23.3,32,0,3758,76943.6,OK,298,2108,5,1127.4,1102
2026-10-02 12:22:02,23.4,32,0.1,3758,77056.7,OK,261,2103,5,1127.4,1102
2026-10-02 12:22:18,23.3,32,0.6,3758,76882.7,OK,295,2105,5,1127.4,1102
2026-10-02 12:22:34,23.1,32,0,3758,76995.8,OK,340,2099,5,1127.4,1103
2026-10-02 12:22:50,23.1,32,0,3758,76963.9,OK,229,2103,5,1127.4,1103
2026-10-02 12:23:06,23,32,0,3758,76987.1,OK,285,2105,5,1127.4,1103
2026-10-02 12:23:22,23.1,32,0.1,3758,77091.5,OK,296,2101,5,1127.4,1103
2026-10-02 12:23:38,23.2,33,1.5,3758,77384.4,OK,288,2109,5,1127.4,1103
2026-10-02 12:23:54,23.1,32,0.3,3758,77222,OK,314,2107,5,1127.4,1103
2026-10-02 12:24:10,23.1,32,0.7,3758,77514.9,OK,359,2114,5,1127.4,1103
2026-10-02 12:24:26,23.2,31,1.1,3758,77561.3,OK,3,2116,5,1127.4,1103
2026-10-02 12:24:42,23.2,30,0.4,3758,77326.4,OK,33,2109,5,1127.4,1103
2026-10-02 12:24:58,23.1,30,0.7,3758,77210.4,OK,312,2108,5,1127.4,1103
2026-10-02 12:25:14,23.1,30,0.1,3758,77369.9,OK,318,2105,5,1127.4,1103
2026-10-02 12:25:30,23.2,30,0.8,3758,77390.2,OK,329,2104,5,1127.4,1103
2026-10-02 12:25:46,23.1,30,1.1,3758,76998.7,OK,356,2105,5,1127.4,1103
2026-10-02 12:26:02,23.1,30,0.8,3758,77088.6,OK,46,2099,5,1127.4,1103
2026-10-02 12:26:18,22.9,30,0.4,3758,77010.3,OK,21,2099,5,1127.4,1103
2026-10-02 12:26:34,22.9,30,0.3,3758,77010.3,OK,25,2090,5,1127.4,1103
2026-10-02 12:26:50,23,30,0.4,3758,76897.2,OK,306,2095,5,1127.4,1103
2026-10-02 12:27:06,23,31,2.1,3758,77462.7,OK,307,2105,5,1127.4,1103
2026-10-02 12:27:22,23,31,2.5,3758,77338,OK,303,2104,5,1127.4,1103
2026-10-02 12:27:38,23.1,31,1.4,3758,77335.1,OK,285,2102,5,1127.4,1102
2026-10-02 12:27:54,23,30,2.1,3758,77210.4,OK,51,2106,5,1127.4,1102
2026-10-02 12:28:10,22.7,30,1.3,3758,77227.8,OK,14,2109,5,1127.4,1102
2026-10-02 12:28:26,22.5,31,0.7,3758,77117.6,OK,303,2110,5,1127.4,1102
2026-10-02 12:28:42,22.6,31,0.6,3758,77207.5,OK,356,2110,5,1127.4,1102
2026-10-02 12:28:58,22.6,31,0.4,3758,77059.6,OK,51,2103,5,1127.4,1102
2026-10-02 12:29:14,22.6,31,0.4,3758,76975.5,OK,300,2098,5,1127.4,1102
2026-10-02 12:29:30,22.6,31,0.3,3758,77149.5,OK,315,2101,5,1127.4,1102
2026-10-02 12:29:46,22.7,31,1.1,3758,76911.7,OK,288,2098,5,1127.4,1102
2026-10-02 12:30:02,22.7,32,1.3,3758,76961,OK,272,2096,5,1127.4,1102
2026-10-02 12:30:18,22.7,32,1.3,3758,77117.6,OK,264,2102,5,1127.4,1102
2026-10-02 12:30:34,22.8,32,0.7,3758,76955.2,OK,15,2101,5,1127.4,1102
2026-10-02 12:30:50,22.9,32,0.8,3758,76969.7,OK,279,2099,5,1127.4,1102
2026-10-02 12:31:06,23,32,1.1,3758,77245.2,OK,267,2103,5,1127.4,1102
2026-10-02 12:31:22,23.1,32,0.1,3758,77343.8,OK,323,2105,5,1127.4,1102
2026-10-02 12:31:38,23,30,1.8,3758,77529.4,OK,52,2111,5,1127.4,1102
2026-10-02 12:31:54,22.5,30,1.7,3758,77094.4,OK,72,2110,5,1127.4,1102
2026-10-02 12:32:10,22.2,31,0.6,3758,77074.1,OK,21,2105,5,1127.4,1102
2026-10-02 12:32:26,22.2,31,0.1,3758,76963.9,OK,70,2098,5,1127.4,1102
2026-10-02 12:32:42,22.3,31,0.1,3758,77048,OK,308,2100,5,1127.4,1096
2026-10-02 12:32:58,22.2,31,0,3758,76923.3,OK,269,2097,5,1127.4,1096
2026-10-02 12:33:14,22.2,32,0.7,3758,77158.2,OK,273,2093,5,1127.4,1096
2026-10-02 12:33:30,22.1,32,0.7,3758,77082.8,OK,285,2095,5,1127.4,1096
2026-10-02 12:33:46,22.3,33,0,3758,77077,OK,312,2091,5,1127.4,1096
2026-10-02 12:34:02,22.5,33,0.6,3758,77062.5,OK,331,2093,5,1127.4,1096
2026-10-02 12:34:18,22.5,32,1.5,3758,77152.4,OK,268,2094,5,1127.4,1096
2026-10-02 12:34:34,22.5,32,0.6,3758,77222,OK,247,2093,5,1127.4,1096
2026-10-02 12:34:50,22.7,32,0.8,3758,76984.2,OK,320,2089,5,1127.4,1096
2026-10-02 12:35:06,22.9,32,0.4,3758,77126.3,OK,44,2089,5,1127.4,1096
2026-10-02 12:35:22,22.9,31,1,3758,77294.5,OK,18,2094,5,1127.4,1096
2026-10-02 12:35:38,23,32,1.3,3758,77158.2,OK,40,2092,5,1127.4,1096
2026-10-02 12:35:54,23,32,0.4,3758,77480.1,OK,357,2092,5,1127.4,1096
2026-10-02 12:36:10,23.1,32,0.1,3758,77384.4,OK,327,2094,5,1127.4,1096
2026-10-02 12:36:26,23.2,31,0.4,3758,77303.2,OK,318,2093,5,1127.4,1096
2026-10-02 12:36:42,23.4,31,1.1,3758,77335.1,OK,32,2088,5,1127.4,1096
2026-10-02 12:36:58,23.3,31,0.3,3758,77294.5,OK,25,2089,5,1127.4,1096
2026-10-02 12:37:14,23.2,31,1,3758,77578.7,OK,322,2092,5,1127.4,1096
2026-10-02 12:37:30,23.2,31,0.4,3758,77369.9,OK,6,2090,5,1127.4,1096
2026-10-02 12:37:46,23.2,31,0.3,3758,77500.4,OK,252,2092,5,1127.4,1098
2026-10-02 12:38:02,23.2,31,1.1,3758,77364.1,OK,308,2088,5,1127.4,1098
2026-10-02 12:38:18,23.1,31,1.7,3758,77485.9,OK,353,2088,5,1127.4,1098
2026-10-02 12:38:34,23,31,1.1,3758,77680.2,OK,322,2092,5,1127.4,1098
2026-10-02 12:38:50,23,30,1.1,3758,77584.5,OK,15,2091,5,1127.4,1098
2026-10-02 12:39:06,23,30,1.4,3758,77671.5,OK,281,2085,5,1127.4,1098
2026-10-02 12:39:22,22.9,30,0.8,3758,77677.3,OK,292,2090,5,1127.4,1098
2026-10-02 12:39:38,22.8,30,0.6,3758,77659.9,OK,15,2087,5,1127.4,1098
2026-10-02 12:39:54,22.8,30,1.4,3758,77610.6,OK,254,2087,5,1127.4,1098
2026-10-02 12:40:10,22.9,30,0.4,3758,77642.5,OK,323,2090,5,1127.4,1098
2026-10-02 12:40:26,22.9,30,1.1,3758,77619.3,OK,323,2085,5,1127.4,1098
2026-10-02 12:40:42,22.8,30,1.8,3758,77770.1,OK,291,2089,5,1127.4,1098
2026-10-02 12:40:58,22.7,31,0.3,3758,77726.6,OK,0,2085,5,1127.4,1098
2026-10-02 12:41:14,22.7,31,0.8,3758,77683.1,OK,25,2084,5,1127.4,1098
2026-10-02 12:41:30,22.8,30,1.3,3758,77851.3,OK,281,2089,5,1127.4,1098
2026-10-02 12:41:46,22.9,30,0.1,3758,77735.3,OK,11,2084,5,1127.4,1098
2026-10-02 12:42:02,23,30,0.8,3758,77909.3,OK,344,2087,5,1127.4,1098
2026-10-02 12:42:18,23,30,1.1,3758,77923.8,OK,323,2086,5,1127.4,1098
2026-10-02 12:42:34,23,29,1.8,3758,77947,OK,333,2086,5,1127.4,1093
2026-10-02 12:42:50,22.9,29,1.7,3758,77886.1,OK,278,2086,5,1127.4,1093
2026-10-02 12:43:06,22.8,29,1,3758,77752.7,OK,311,2084,5,1127.4,1093
2026-10-02 12:43:22,22.9,30,0,3758,77726.6,OK,59,2081,5,1127.4,1093
2026-10-02 12:43:38,23,29,1.1,3758,77717.9,OK,83,2084,5,1127.4,1093
2026-10-02 12:43:54,23,30,0.6,3758,77741.1,OK,251,2083,5,1127.4,1093
2026-10-02 12:44:10,23,30,2,3758,77604.8,OK,327,2080,5,1127.4,1093
2026-10-02 12:44:26,22.8,30,1.3,3758,77712.1,OK,339,2079,5,1127.4,1093
2026-10-02 12:44:42,22.8,30,1.7,3758,77738.2,OK,311,2077,5,1127.4,1093
2026-10-02 12:44:58,22.8,31,1.3,3758,77604.8,OK,310,2076,5,1127.4,1093
2026-10-02 12:45:14,22.7,32,2.9,3758,77697.6,OK,276,2075,5,1127.4,1093
2026-10-02 12:45:30,22.6,32,1.8,3758,77752.7,OK,294,2075,5,1127.4,1093
2026-10-02 12:45:46,22.6,33,1.1,3758,77775.9,OK,313,2076,5,1127.4,1093
2026-10-02 12:46:02,22.6,33,1.1,3758,77802,OK,295,2076,5,1127.4,1093
2026-10-02 12:46:18,22.6,32,1.3,3758,77790.4,OK,287,2073,5,1127.4,1093
2026-10-02 12:46:34,22.8,32,1.3,3758,77845.5,OK,58,2072,5,1127.4,1093
2026-10-02 12:46:50,22.8,32,0.7,3758,77709.2,OK,303,2068,5,1127.4,1093
2026-10-02 12:47:06,22.9,32,1.5,3758,77529.4,OK,352,2069,5,1127.4,1093
2026-10-02 12:47:22,22.9,31,0.3,3758,77828.1,OK,246,2068,5,1127.4,1093
2026-10-02 12:47:38,23,32,0,3758,77926.7,OK,318,2071,5,1127.4,1093
2026-10-02 12:47:54,23.2,32,0.6,3758,77880.3,OK,296,2062,5,1127.4,1093
2026-10-02 12:48:10,23.4,31,1.1,3758,77987.6,OK,318,2063,5,1127.4,1093
2026-10-02 12:48:26,23.4,31,0.1,3758,78039.8,OK,324,2060,5,1127.4,1093
2026-10-02 12:48:42,23.4,31,0.1,3758,77932.5,OK,335,2061,5,1127.4,1093
2026-10-02 12:48:58,23.4,32,0.7,3758,78141.3,OK,37,2062,5,1127.4,1093
2026-10-02 12:50:18,23.1,32,0.6,3758,77909.3,OK,309,2050,5,1127.4,1083
2026-10-02 12:50:34,23.1,32,1.3,3758,77938.3,OK,269,2047,5,1127.4,1083
2026-10-02 12:50:50,23.1,32,0.7,3758,77717.9,OK,328,2042,5,1127.4,1083
2026-10-02 12:51:06,23.1,32,0.8,3758,77828.1,OK,307,2047,5,1127.4,1083
2026-10-02 12:51:22,23.1,32,0.6,3758,78141.3,OK,295,2048,5,1127.4,1083
2026-10-02 12:51:38,23.1,32,1.4,3758,77996.3,OK,287,2046,5,1127.4,1083
2026-10-02 12:51:54,23.2,33,1.8,3758,78109.4,OK,271,2047,5,1127.4,1083
2026-10-02 12:52:10,23.3,33,0.8,3758,78239.9,OK,272,2046,5,1127.4,1083
2026-10-02 12:52:26,23.4,33,1,3758,78324,OK,304,2045,5,1127.4,1083
2026-10-02 12:52:42,23.4,34,0.3,3758,78338.5,OK,229,2042,5,1127.4,1077
2026-10-02 12:52:58,23.5,34,0,3758,78263.1,OK,290,2037,5,1127.4,1077
2026-10-02 12:53:14,23.7,34,0.1,3758,78538.6,OK,21,2042,5,1127.4,1077
2026-10-02 12:53:30,23.6,34,0.6,3758,78315.3,OK,300,2043,5,1127.4,1077
2026-10-02 12:53:46,23.6,34,0.7,3758,78469,OK,306,2041,5,1127.4,1077
2026-10-02 12:54:02,23.5,34,0.4,3758,78587.9,OK,260,2035,5,1127.4,1077
2026-10-02 12:54:18,23.5,34,0.1,3758,78869.2,OK,249,2034,5,1127.4,1077
2026-10-02 12:54:34,23.4,35,1.1,3758,78712.6,OK,269,2035,5,1127.4,1077
2026-10-02 12:54:50,23.7,35,0.6,3758,78660.4,OK,41,2035,5,1127.4,1077
2026-10-02 12:55:06,23.8,34,1.7,3758,78741.6,OK,350,2034,5,1127.4,1077
2026-10-02 12:55:22,23.7,34,0.4,3758,78880.8,OK,320,2031,5,1127.4,1077
2026-10-02 12:55:38,23.8,34,0.8,3758,78654.6,OK,344,2022,5,1127.4,1077
2026-10-02 12:55:54,23.9,34,0.6,3758,78535.7,OK,319,2009,5,1127.4,1077
2026-10-02 12:56:10,24,34,0.1,3758,78643,OK,194,2013,5,1127.4,1077
2026-10-02 12:56:26,24.1,34,0.4,3758,78828.6,OK,290,2016,5,1127.4,1077
2026-10-02 12:56:42,24.1,33,0.8,3758,78790.9,OK,290,2014,5,1127.4,1077
2026-10-02 12:56:58,24.1,33,1.5,3758,78901.1,OK,309,2014,5,1127.4,1077
2026-10-02 12:57:14,24.1,34,2.1,3758,79011.3,OK,295,2011,5,1127.4,1077
2026-10-02 12:57:30,23.9,33,2.4,3758,78892.4,OK,293,2004,5,1127.4,1077
2026-10-02 12:57:46,23.9,33,0.8,3758,78976.5,OK,339,2008,5,1127.4,1068
2026-10-02 12:58:02,24,33,1.5,3758,78848.9,OK,283,2008,5,1127.4,1068
2026-10-02 12:58:18,23.9,33,1.8,3758,78909.8,OK,311,2011,5,1127.4,1068
2026-10-02 12:58:34,23.8,33,1.5,3758,78999.7,OK,278,2014,5,1127.4,1068
2026-10-02 12:58:50,23.6,33,1.4,3758,78924.3,OK,292,2010,5,1127.4,1068
2026-10-02 12:59:06,23.6,34,0.4,3758,79034.5,OK,319,2007,5,1127.4,1068
2026-10-02 12:59:22,23.7,33,0.6,3758,78822.8,OK,237,2006,5,1127.4,1068
2026-10-02 12:59:38,23.9,33,0.8,3758,78935.9,OK,329,2009,5,1127.4,1068
2026-10-02 12:59:54,23.8,32,0.3,3758,78927.2,OK,266,2008,5,1127.4,1068
2026-10-02 13:00:10,23.6,33,0.8,3758,79101.2,OK,292,2008,5,1127.4,1068
2026-10-02 13:00:26,23.7,33,0.1,3758,79173.7,OK,241,1999,5,1127.4,1068
2026-10-02 13:00:42,23.7,33,0.4,3758,78825.7,OK,297,1994,5,1127.4,1068
2026-10-02 13:00:58,23.9,33,0.1,3758,78947.5,OK,16,1998,5,1127.4,1068
2026-10-02 13:01:14,23.9,33,0.3,3758,79240.4,OK,284,2003,5,1127.4,1068
2026-10-02 13:01:30,24,33,1.5,3758,79173.7,OK,278,2001,5,1127.4,1068
2026-10-02 13:01:46,24.2,33,0.8,3758,79301.3,OK,235,2002,5,1127.4,1068
2026-10-02 13:02:02,24.2,34,0.3,3758,79304.2,OK,9,2001,5,1127.4,1068
2026-10-02 13:02:18,24.4,34,0,3758,79211.4,OK,330,1990,5,1127.4,1068
2026-10-02 13:02:34,24.4,33,2.5,3758,79107,OK,288,1985,5,1127.4,1061
2026-10-02 13:02:50,24.2,34,1.7,3758,79240.4,OK,318,1983,5,1127.4,1061
2026-10-02 13:03:06,23.9,34,0.8,3758,79196.9,OK,337,1984,5,1127.4,1061
2026-10-02 13:03:22,23.9,35,1,3758,79281,OK,277,1984,5,1127.4,1061
2026-10-02 13:03:38,23.9,34,1.7,3758,79133.1,OK,276,1980,5,1127.4,1061
2026-10-02 13:03:54,23.9,35,0.7,3758,79194,OK,302,1985,5,1127.4,1061
2026-10-02 13:04:10,24,35,0.7,3758,79214.3,OK,300,1977,5,1127.4,1061
2026-10-02 13:04:26,24.2,33,0.4,3758,79507.2,OK,291,1985,5,1127.4,1061
2026-10-02 13:04:42,24.1,33,0.8,3758,79489.8,OK,308,1987,5,1127.4,1061
2026-10-02 13:04:58,24.2,33,0.4,3758,79513,OK,298,1987,5,1127.4,1061
2026-10-02 13:05:14,24.1,33,0.8,3758,79698.6,OK,268,1984,5,1127.4,1061
2026-10-02 13:05:30,24.1,33,1.3,3758,79640.6,OK,296,1979,5,1127.4,1061
2026-10-02 13:05:46,23.9,33,0.4,3758,79591.3,OK,328,1983,5,1127.4,1061
2026-10-02 13:06:02,23.8,33,0.8,3758,79507.2,OK,247,1978,5,1127.4,1061
2026-10-02 13:06:18,23.6,33,2.7,3758,79678.3,OK,286,1978,5,1127.4,1061
2026-10-02 13:06:34,23.7,33,2,3758,79797.2,OK,302,1976,5,1127.4,1061
2026-10-02 13:06:50,23.5,33,2.5,3758,79562.3,OK,288,1976,5,1127.4,1061
2026-10-02 13:07:06,23.4,34,1.1,3758,79658,OK,280,1975,5,1127.4,1061
2026-10-02 13:07:22,23.3,34,0.7,3758,79428.9,OK,346,1965,5,1127.4,1061
2026-10-02 13:07:38,23.3,34,1.4,3758,79220.1,OK,273,1963,5,1127.4,1049
2026-10-02 13:07:54,23.3,34,1.5,3758,79185.3,OK,255,1960,5,1127.4,1049
2026-10-02 13:08:10,23.3,34,1.5,3758,79249.1,OK,2,1962,5,1127.4,1049
2026-10-02 13:08:26,23.3,34,1.3,3758,79681.2,OK,294,1978,5,1127.4,1049
2026-10-02 13:08:42,23.2,34,2.5,3758,79803,OK,290,1981,5,1127.4,1049
2026-10-02 13:08:58,23.1,34,2.1,3758,79507.2,OK,265,1973,5,1127.4,1049
2026-10-02 13:09:14,23.1,34,2.1,3758,79585.5,OK,307,1972,5,1127.4,1049
2026-10-02 13:09:30,23.1,35,4.6,3758,79536.2,OK,305,1969,5,1127.4,1049
2026-10-02 13:09:46,22.7,36,3.2,3758,79420.2,OK,338,1964,5,1127.4,1049
2026-10-02 13:10:02,22.6,37,1.4,3758,79037.4,OK,283,1951,5,1127.4,1049
2026-10-02 13:10:18,22.7,37,1.8,3758,78927.2,OK,280,1952,5,1127.4,1049
2026-10-02 13:10:34,22.6,37,1.4,3758,78631.4,OK,253,1943,5,1127.4,1049
2026-10-02 13:10:50,22.5,38,0.8,3758,78587.9,OK,321,1944,5,1127.4,1049
2026-10-02 13:11:06,22.5,38,0.6,3758,78721.3,OK,331,1945,5,1127.4,1049
2026-10-02 13:11:22,22.6,38,0.1,3758,78828.6,OK,349,1945,5,1127.4,1049
2026-10-02 13:11:38,22.8,38,1.4,3758,78735.8,OK,273,1939,5,1127.4,1049
2026-10-02 13:11:54,22.9,37,1.5,3758,78793.8,OK,312,1942,5,1127.4,1049
2026-10-02 13:12:10,22.9,35,2.1,3758,78788,OK,276,1940,5,1127.4,1049
2026-10-02 13:12:26,22.9,35,1.8,3758,78150,OK,282,1927,5,1127.4,1049
2026-10-02 13:12:42,23,35,2.5,3758,78289.2,OK,318,1933,5,1127.4,1045
2026-10-02 13:12:58,22.9,34,3.2,3758,78451.6,OK,334,1934,5,1127.4,1045
2026-10-02 13:13:14,22.8,34,1.7,3758,78506.7,OK,20,1934,5,1127.4,1045
2026-10-02 13:13:30,22.8,34,0.6,3758,78579.2,OK,252,1937,5,1127.4,1045
2026-10-02 13:13:46,22.8,34,2,3758,78703.9,OK,99,1941,5,1127.4,1045
2026-10-02 13:14:02,22.8,34,1.4,3758,78579.2,OK,291,1942,5,1127.4,1045
2026-10-02 13:14:18,22.7,35,1.4,3758,78593.7,OK,11,1942,5,1127.4,1045
2026-10-02 13:14:34,22.7,35,1.1,3758,78651.7,OK,305,1933,5,1127.4,1045
2026-10-02 13:14:50,22.8,35,1.7,3758,78556,OK,294,1936,5,1127.4,1045
2026-10-02 13:15:06,22.6,35,1.3,3758,78544.4,OK,326,1930,5,1127.4,1045
2026-10-02 13:15:22,22.7,35,0.6,3758,78422.6,OK,21,1927,5,1127.4,1045
2026-10-02 13:15:38,22.7,35,1,3758,78370.4,OK,15,1924,5,1127.4,1045
2026-10-02 13:15:54,22.7,35,0.7,3758,78538.6,OK,253,1923,5,1127.4,1045
2026-10-02 13:16:10,22.8,35,1.7,3758,78442.9,OK,320,1921,5,1127.4,1045
2026-10-02 13:16:26,22.7,35,2.5,3758,78442.9,OK,286,1918,5,1127.4,1045
2026-10-02 13:16:42,22.5,36,1.7,3758,78637.2,OK,292,1919,5,1127.4,1045
2026-10-02 13:16:58,22.5,36,1.1,3758,78425.5,OK,298,1917,5,1127.4,1045
2026-10-02 13:17:14,22.6,36,2.4,3758,78532.8,OK,356,1915,5,1127.4,1045
2026-10-02 13:17:30,22.6,36,1.7,3758,78474.8,OK,232,1913,5,1127.4,1045
2026-10-02 13:17:46,22.6,36,0.7,3758,78524.1,OK,277,1911,5,1127.4,1045
2026-10-02 13:18:02,22.7,36,0.3,3758,78440,OK,249,1911,5,1127.4,1045
2026-10-02 13:18:18,22.8,36,0.8,3758,78648.8,OK,248,1908,5,1127.4,1045
2026-10-02 13:18:34,22.9,35,1.5,3758,78695.2,OK,252,1910,5,1127.4,1045
2026-10-02 13:18:50,23,35,0.7,3758,78843.1,OK,252,1909,5,1127.4,1045
2026-10-02 13:19:06,23,35,0.7,3758,78953.3,OK,315,1905,5,1127.4,1045
2026-10-02 13:20:26,23.2,35,1.5,3758,79080.9,OK,1,1904,5,1127.4,1037
2026-10-02 13:20:42,23,36,1.5,3758,78825.7,OK,18,1903,5,1127.4,1037
2026-10-02 13:20:58,23,36,0.7,3758,78953.3,OK,294,1900,5,1127.4,1037
2026-10-02 13:21:14,23.1,36,0,3758,78933,OK,309,1894,5,1127.4,1037
2026-10-02 13:21:30,23.2,36,0.4,3758,78863.4,OK,328,1897,5,1127.4,1037
2026-10-02 13:21:46,23.3,36,1.1,3758,79257.8,OK,281,1901,5,1127.4,1037
2026-10-02 13:22:02,23.4,36,2.1,3758,79176.6,OK,280,1895,5,1127.4,1037
2026-10-02 13:22:18,23.3,35,0.7,3758,79356.4,OK,46,1899,5,1127.4,1037
2026-10-02 13:22:34,23.3,35,1,3758,79150.5,OK,344,1892,5,1127.4,1037
2026-10-02 13:22:50,23.3,35,0.7,3758,79295.5,OK,348,1889,5,1127.4,1030
2026-10-02 13:23:06,23.4,35,0.4,3758,79162.1,OK,305,1886,5,1127.4,1030
2026-10-02 13:23:22,23.4,35,0.7,3758,79405.7,OK,273,1887,5,1127.4,1030
2026-10-02 13:23:38,23.5,35,0.7,3758,79194,OK,340,1881,5,1127.4,1030
2026-10-02 13:23:54,23.7,35,0.4,3758,79254.9,OK,277,1882,5,1127.4,1030
2026-10-02 13:24:10,23.7,35,0.1,3758,79231.7,OK,18,1876,5,1127.4,1030
2026-10-02 13:24:26,23.7,35,0.6,3758,79495.6,OK,297,1881,5,1127.4,1030
2026-10-02 13:24:42,23.7,35,2,3758,79623.2,OK,349,1877,5,1127.4,1030
2026-10-02 13:24:58,23.6,35,1.8,3758,79455,OK,314,1875,5,1127.4,1030
2026-10-02 13:25:14,23.6,35,0.4,3758,79678.3,OK,278,1877,5,1127.4,1030
2026-10-02 13:25:30,23.6,35,0.1,3758,79791.4,OK,330,1874,5,1127.4,1030
2026-10-02 13:25:46,23.6,35,0.8,3758,79858.1,OK,251,1870,5,1127.4,1030
2026-10-02 13:26:02,23.7,34,0.8,3758,79736.3,OK,303,1872,5,1127.4,1030
2026-10-02 13:26:18,23.7,35,1.7,3758,80049.5,OK,328,1866,5,1127.4,1030
2026-10-02 13:26:34,23.8,34,0.7,3758,79927.7,OK,325,1869,5,1127.4,1030
2026-10-02 13:26:50,23.9,34,0.7,3758,80087.2,OK,337,1870,5,1127.4,1030
2026-10-02 13:27:06,23.7,33,1.1,3758,79826.2,OK,57,1863,5,1127.4,1030
2026-10-02 13:27:22,23.6,34,0.1,3758,79817.5,OK,294,1857,5,1127.4,1030
2026-10-02 13:27:38,23.8,33,0,3758,80006,OK,333,1857,5,1127.4,1013
2026-10-02 13:27:54,23.9,34,0.8,3758,79948,OK,48,1857,5,1127.4,1013
2026-10-02 13:28:10,23.7,33,1.4,3758,80000.2,OK,45,1857,5,1127.4,1013
2026-10-02 13:28:26,23.7,34,1.5,3758,80029.2,OK,310,1852,5,1127.4,1013
2026-10-02 13:28:42,23.7,34,1.1,3758,80107.5,OK,350,1850,5,1127.4,1013
2026-10-02 13:28:58,23.6,34,1,3758,80122,OK,247,1849,5,1127.4,1013
2026-10-02 13:29:14,23.6,34,1.7,3758,79921.9,OK,324,1844,5,1127.4,1013
2026-10-02 13:29:30,23.5,34,2,3758,79736.3,OK,327,1839,4,1127.4,1013
2026-10-02 13:29:46,23.5,34,0.8,3758,79524.6,OK,305,1831,4,1127.4,1013
2026-10-02 13:30:02,23.4,34,1.1,3758,79875.5,OK,311,1839,4,1127.4,1013
2026-10-02 13:30:18,23.4,34,0.8,3758,79736.3,OK,313,1833,4,1127.4,1013
2026-10-02 13:30:34,23.3,33,2.7,3758,79803,OK,284,1833,4,1127.4,1013
2026-10-02 13:30:50,23.3,34,2,3758,80006,OK,214,1832,4,1127.4,1013
2026-10-02 13:31:06,23.2,34,2.2,3758,79939.3,OK,301,1834,4,1127.4,1013
2026-10-02 13:31:22,23.1,34,1.3,3758,79919,OK,4,1832,4,1127.4,1013
2026-10-02 13:31:38,23.1,34,1.5,3758,80008.9,OK,318,1832,4,1127.4,1013
2026-10-02 13:31:54,23.1,34,1.8,3758,79916.1,OK,303,1829,4,1127.4,1013
2026-10-02 13:32:10,23.1,34,0.8,3758,79811.7,OK,326,1826,4,1127.4,1013
2026-10-02 13:32:26,23,35,0.3,3758,79843.6,OK,317,1821,4,1127.4,1013
2026-10-02 13:32:42,23.1,35,1,3758,79649.3,OK,290,1818,4,1127.4,1004
2026-10-02 13:32:58,23,35,1.8,3758,79913.2,OK,289,1820,4,1127.4,1004
2026-10-02 13:33:14,23,35,1.3,3758,80072.7,OK,345,1818,4,1127.4,1004
2026-10-02 13:33:30,23,35,2.1,3758,80084.3,OK,327,1813,4,1127.4,1004
2026-10-02 13:33:46,22.9,35,0.8,3758,80003.1,OK,23,1812,4,1127.4,1004
2026-10-02 13:34:02,23,35,0.3,3758,79660.9,OK,355,1804,4,1127.4,1004
2026-10-02 13:34:18,23,35,0.4,3758,79736.3,OK,296,1803,4,1127.4,1004
2026-10-02 13:34:34,23.1,35,1.3,3758,79982.8,OK,227,1806,4,1127.4,1004
2026-10-02 13:34:50,23.2,35,0.8,3758,79858.1,OK,227,1801,4,1127.4,1004
2026-10-02 13:35:06,23.2,34,0.7,3758,79826.2,OK,300,1795,4,1127.4,1004
2026-10-02 13:35:22,23.2,34,2.5,3758,79927.7,OK,276,1791,4,1127.4,1004
2026-10-02 13:35:38,23.1,34,1.3,3758,79834.9,OK,282,1792,4,1127.4,1004
2026-10-02 13:35:54,23.1,34,1.4,3758,79907.4,OK,358,1787,4,1127.4,1004
2026-10-02 13:36:10,23.1,34,0.6,3758,80211.9,OK,321,1784,4,1127.4,1004
2026-10-02 13:36:26,23.1,34,2,3758,79829.1,OK,3,1779,4,1127.4,1004
2026-10-02 13:36:42,23,34,2.1,3758,79939.3,OK,12,1776,4,1127.4,1004
2026-10-02 13:36:58,23,34,1.4,3758,79597.1,OK,308,1771,4,1127.4,1004
2026-10-02 13:37:14,23,34,2.5,3758,79643.5,OK,325,1765,4,1127.4,1004
2026-10-02 13:37:30,22.9,34,2.4,3758,79582.6,OK,2,1766,4,1127.4,1004
2026-10-02 13:37:46,22.9,34,1.8,3758,79165,OK,305,1757,4,1127.4,996
2026-10-02 13:38:02,22.8,34,1.7,3758,79391.2,OK,31,1759,4,1127.4,996
2026-10-02 13:38:18,22.8,34,1.7,3758,79397,OK,293,1758,4,1127.4,996
2026-10-02 13:38:34,22.9,34,2,3758,79524.6,OK,312,1754,4,1127.4,996
2026-10-02 13:38:50,23,34,2.7,3758,79559.4,OK,274,1752,4,1127.4,996
2026-10-02 13:39:06,23,33,3.4,3758,79649.3,OK,337,1751,4,1127.4,996
2026-10-02 13:39:22,22.9,33,2,3758,79672.5,OK,286,1750,4,1127.4,996
2026-10-02 13:39:38,22.9,34,1.3,3758,79536.2,OK,291,1745,4,1127.4,996
2026-10-02 13:39:54,23,34,2.2,3758,79576.8,OK,342,1741,4,1127.4,996
2026-10-02 13:40:10,23.1,34,1.3,3758,79663.8,OK,270,1734,4,1127.4,996
2026-10-02 13:40:26,23.3,33,1,3758,79472.4,OK,270,1730,4,1127.4,996
2026-10-02 13:40:42,23.3,33,2.1,3758,79672.5,OK,306,1730,4,1127.4,996
2026-10-02 13:40:58,23.3,33,1.8,3758,79687,OK,284,1727,4,1127.4,996
2026-10-02 13:41:14,23.2,33,1.5,3758,79646.4,OK,273,1724,4,1127.4,996
2026-10-02 13:41:30,23.1,33,2.1,3758,79658,OK,314,1722,4,1127.4,996
2026-10-02 13:41:46,22.9,34,3.1,3758,79800.1,OK,327,1717,4,1127.4,996
2026-10-02 13:42:02,22.8,34,1.8,3758,79788.5,OK,325,1713,4,1127.4,996
2026-10-02 13:42:18,22.8,34,1.3,3758,79779.8,OK,347,1711,4,1127.4,996
2026-10-02 13:42:34,22.8,34,0.8,3758,79898.7,OK,298,1710,4,1127.4,981
2026-10-02 13:42:50,22.8,34,0.8,3758,79953.8,OK,311,1704,4,1127.4,981
2026-10-02 13:43:06,23,34,0.6,3758,79629,OK,358,1693,4,1127.4,981
2026-10-02 13:43:22,23.1,34,0,3758,79718.9,OK,280,1688,4,1127.4,981
2026-10-02 13:43:38,23.2,34,1,3758,79704.4,OK,283,1686,4,1127.4,981
2026-10-02 13:43:54,23.3,34,1.5,3758,79695.7,OK,311,1680,4,1127.4,981
2026-10-02 13:44:10,23.3,34,1.1,3758,80136.5,OK,264,1680,4,1127.4,981
2026-10-02 13:44:26,23.5,33,1.4,3758,80026.3,OK,313,1678,4,1127.4,981
2026-10-02 13:44:42,23.7,33,0.7,3758,79956.7,OK,325,1674,4,1127.4,981
2026-10-02 13:44:58,23.7,33,0.1,3758,79895.8,OK,275,1667,4,1127.4,981
2026-10-02 13:45:14,23.8,32,0.4,3758,79916.1,OK,353,1662,4,1127.4,981
2026-10-02 13:45:30,23.8,32,0,3758,80124.9,OK,276,1658,4,1127.4,981
2026-10-02 13:45:46,23.9,32,1.1,3758,79956.7,OK,281,1649,4,1127.4,981
2026-10-02 13:46:02,24,32,1.4,3758,80064,OK,285,1648,4,1127.4,981
2026-10-02 13:46:18,24,32,1.4,3758,80124.9,OK,269,1646,4,1127.4,981
2026-10-02 13:46:34,23.9,33,0.6,3758,80403.3,OK,306,1643,4,1127.4,981
2026-10-02 13:46:50,24,33,1.7,3758,80426.5,OK,287,1638,4,1127.4,981
2026-10-02 13:47:06,23.9,33,1.4,3758,80423.6,OK,302,1634,4,1127.4,981
2026-10-02 13:47:22,23.8,33,0.6,3758,80380.1,OK,344,1628,4,1127.4,981
2026-10-02 13:47:38,23.9,33,0.1,3758,80513.5,OK,278,1622,4,1127.4,981
2026-10-02 13:47:54,23.9,33,2.4,3758,80351.1,OK,294,1612,4,1127.4,981
2026-10-02 13:48:10,23.8,33,1.3,3758,80293.1,OK,325,1607,4,1127.4,981
2026-10-02 13:48:26,23.8,33,0.6,3758,80609.2,OK,328,1609,4,1127.4,981
2026-10-02 13:48:42,23.8,33,1.3,3758,80478.7,OK,342,1602,4,1127.4,981
2026-10-02 13:48:58,23.8,33,0.3,3758,80873.1,OK,270,1597,4,1127.4,981
2026-10-02 13:49:14,23.7,32,0.7,3758,80617.9,OK,0,1591,4,1127.4,969
2026-10-02 13:49:30,23.8,32,1.1,3758,80362.7,OK,302,1580,4,1127.4,969
2026-10-02 13:49:46,23.7,32,0.6,3758,80130.7,OK,335,1573,4,1127.4,969
2026-10-02 13:50:02,23.7,33,1.5,3758,80467.1,OK,291,1571,4,1127.4,969
2026-10-02 13:50:18,23.7,33,1.4,3758,80574.4,OK,313,1566,4,1127.4,969
2026-10-02 13:50:34,23.6,33,1.5,3758,80429.4,OK,307,1561,4,1127.4,969
2026-10-02 13:50:50,23.6,34,0.4,3758,80641.1,OK,293,1556,4,1127.4,969
2026-10-02 13:51:06,23.7,33,1.4,3758,80594.7,OK,58,1549,4,1127.4,969
2026-10-02 13:51:22,23.7,33,1.7,3758,80484.5,OK,139,1544,4,1127.4,969
2026-10-02 13:51:38,23.7,33,0.4,3758,80501.9,OK,351,1536,4,1127.4,969
2026-10-02 13:51:54,23.6,32,1.4,3758,80655.6,OK,340,1532,4,1127.4,969
2026-10-02 13:52:10,23.6,32,1.3,3758,80528,OK,342,1525,4,1127.4,969
2026-10-02 13:52:26,23.7,32,0.8,3758,80594.7,OK,283,1522,4,1127.4,969
2026-10-02 13:52:42,23.7,32,0.1,3758,80600.5,OK,29,1512,4,1127.4,954
2026-10-02 13:52:58,23.7,32,0.1,3758,80484.5,OK,322,1504,4,1127.4,954
2026-10-02 13:53:14,23.9,33,0.1,3758,80597.6,OK,285,1497,4,1127.4,954
2026-10-02 13:53:30,24.2,33,0.6,3758,80594.7,OK,302,1487,4,1127.4,954
2026-10-02 13:53:46,24.3,33,0.6,3758,80731,OK,289,1480,4,1127.4,954
2026-10-02 13:54:02,24.3,33,0.8,3758,80658.5,OK,290,1473,4,1127.4,954
2026-10-02 13:54:18,24.3,33,1.3,3758,80542.5,OK,254,1467,4,1127.4,954
2026-10-02 13:54:34,24.2,33,1,3758,80748.4,OK,285,1462,4,1127.4,954
2026-10-02 13:54:50,24.2,33,1.3,3758,80658.5,OK,349,1458,4,1127.4,954
2026-10-02 13:55:06,24.1,33,1.1,3758,80986.2,OK,258,1451,4,1127.4,954
2026-10-02 13:55:22,23.9,33,1,3758,80629.5,OK,285,1438,4,1127.4,954
2026-10-02 13:55:38,23.8,33,1.7,3758,80615,OK,280,1432,4,1127.4,954
2026-10-02 13:55:54,23.7,34,2.5,3758,80963,OK,301,1430,4,1127.4,954
2026-10-02 13:56:10,23.6,34,2.4,3758,80870.2,OK,355,1423,4,1127.4,954
2026-10-02 13:56:26,23.6,34,0.8,3758,80829.6,OK,276,1414,4,1127.4,954
2026-10-02 13:56:42,23.7,34,3.1,3758,80617.9,OK,303,1404,4,1127.4,954
2026-10-02 13:56:58,23.6,34,1.8,3758,80568.6,OK,301,1395,3,1127.4,954
2026-10-02 13:57:14,23.5,34,0.7,3758,80612.1,OK,15,1388,3,1127.4,954
2026-10-02 13:57:30,23.7,34,0.4,3758,80600.5,OK,5,1381,3,1127.4,954
2026-10-02 13:57:46,23.8,34,0.8,3758,80612.1,OK,55,1371,3,1127.4,941
2026-10-02 13:58:02,23.7,33,1.4,3758,80568.6,OK,8,1366,3,1127.4,941
2026-10-02 13:58:18,23.8,33,0,3758,80481.6,OK,264,1355,3,1127.4,941
2026-10-02 13:58:34,23.8,33,0.6,3758,80412,OK,85,1345,3,1127.4,941
2026-10-02 13:58:50,24,33,1.1,3758,80533.8,OK,12,1336,3,1127.4,941
2026-10-02 13:59:06,23.9,33,1.1,3758,80545.4,OK,301,1328,3,1127.4,941
2026-10-02 13:59:22,23.8,33,0.7,3758,80397.5,OK,182,1315,3,1127.4,941
2026-10-02 13:59:38,23.8,33,1.1,3758,80617.9,OK,319,1310,3,1127.4,941
2026-10-02 13:59:54,23.9,33,0.8,3758,80351.1,OK,315,1302,3,1127.4,941
2026-10-02 14:00:10,23.9,33,0.4,3758,80458.4,OK,295,1294,3,1127.4,941
2026-10-02 14:00:26,23.9,33,1,3758,80307.6,OK,331,1285,3,1127.4,941
2026-10-02 14:00:42,23.9,33,1.8,3758,80441,OK,316,1276,3,1127.4,941
2026-10-02 14:00:58,23.9,33,0.3,3758,80507.7,OK,4,1269,3,1127.4,941
2026-10-02 14:01:14,24,33,1,3758,80301.8,OK,296,1256,3,1127.4,941
2026-10-02 14:01:30,23.9,33,0.7,3758,80275.7,OK,280,1248,3,1127.4,941
2026-10-02 14:01:46,23.8,34,1.8,3758,80412,OK,353,1243,3,1127.4,941
2026-10-02 14:02:02,23.7,34,1.1,3758,80580.2,OK,276,1234,3,1127.4,941
2026-10-02 14:02:18,23.7,33,2.2,3758,80458.4,OK,50,1228,3,1127.4,941
2026-10-02 14:02:34,23.6,33,1.8,3758,80420.7,OK,293,1221,3,1127.4,923
2026-10-02 14:02:50,23.4,34,3.9,3758,80441,OK,307,1213,3,1127.4,923
2026-10-02 14:03:06,23.3,35,1.8,3758,80258.3,OK,2,1204,3,1127.4,923
2026-10-02 14:03:22,23.3,35,0.3,3758,80235.1,OK,229,1192,3,1127.4,923
2026-10-02 14:03:38,23.5,35,0.6,3758,80272.8,OK,312,1178,3,1127.4,923
2026-10-02 14:03:54,23.7,34,1.8,3758,80217.7,OK,281,1174,3,1127.4,923
2026-10-02 14:04:10,23.7,34,2,3758,80142.3,OK,294,1165,3,1127.4,923
2026-10-02 14:04:26,23.7,34,2.5,3758,80127.8,OK,306,1158,3,1127.4,923
2026-10-02 14:04:42,23.5,33,3.4,3758,79933.5,OK,16,1151,3,1127.4,923
2026-10-02 14:04:58,23.3,34,1.1,3758,79631.9,OK,325,1142,3,1127.4,923
2026-10-02 14:05:14,23.3,34,0.6,3758,79550.7,OK,351,1131,3,1127.4,923
2026-10-02 14:05:30,23.3,34,0.8,3758,79602.9,OK,238,1122,3,1127.4,923
2026-10-02 14:05:46,23.3,35,1.5,3758,79469.5,OK,291,1110,3,1127.4,923
2026-10-02 14:06:02,23.3,35,0.7,3758,79408.6,OK,296,1106,3,1127.4,923
2026-10-02 14:06:18,23.5,35,1,3758,79739.2,OK,256,1096,3,1127.4,923
2026-10-02 14:06:34,23.7,34,1.8,3758,79695.7,OK,32,1089,3,1127.4,923
2026-10-02 14:06:50,23.6,34,2.5,3758,79652.2,OK,272,1079,3,1127.4,923
2026-10-02 14:07:06,23.6,34,0.8,3758,79646.4,OK,296,1076,3,1127.4,923
2026-10-02 14:07:22,23.7,34,0.8,3758,79542,OK,280,1067,3,1127.4,923
2026-10-02 14:07:38,23.8,34,0.1,3758,79837.8,OK,349,1057,3,1127.4,910
2026-10-02 14:07:54,23.9,34,0.1,3758,79553.6,OK,294,1049,3,1127.4,910
2026-10-02 14:08:10,24,34,0,3758,79547.8,OK,203,1038,3,1127.4,910
2026-10-02 14:08:26,24.1,33,0,3758,79484,OK,181,1030,3,1127.4,910
2026-10-02 14:08:42,24.1,33,0.7,3758,79759.5,OK,357,1024,3,1127.4,910
2026-10-02 14:08:58,24.1,33,0.8,3758,79794.3,OK,321,1015,3,1127.4,910
2026-10-02 14:09:14,23.9,33,2.2,3758,79544.9,OK,358,1011,3,1127.4,910
2026-10-02 14:09:30,23.8,33,1.7,3758,79318.7,OK,56,1004,3,1127.4,910
2026-10-02 14:09:46,23.7,33,2.5,3758,79263.6,OK,27,996,2,1127.4,910
2026-10-02 14:10:02,23.5,33,2.5,3758,79507.2,OK,359,993,2,1127.4,910
2026-10-02 14:10:18,23.4,33,1.3,3758,79498.5,OK,306,986,2,1127.4,910
2026-10-02 14:10:34,23.4,34,2.8,3758,79315.8,OK,285,978,2,1127.4,910
2026-10-02 14:10:50,23.3,34,1.4,3758,79321.6,OK,287,974,2,1127.4,910
2026-10-02 14:11:06,23.3,34,1.4,3758,79544.9,OK,330,967,2,1127.4,910
2026-10-02 14:11:22,23.3,35,2.7,3758,79501.4,OK,277,960,2,1127.4,910
2026-10-02 14:11:38,23.2,34,2,3758,79452.1,OK,321,956,2,1127.4,910
2026-10-02 14:11:54,23.1,34,0.3,3758,79533.3,OK,296,946,2,1127.4,910
2026-10-02 14:12:10,23.1,35,0.1,3758,79347.7,OK,290,939,2,1127.4,910
2026-10-02 14:12:26,23.3,35,0.1,3758,79217.2,OK,332,933,2,1127.4,910
2026-10-02 14:12:42,23.5,35,1.8,3758,79243.3,OK,306,927,2,1127.4,891
2026-10-02 14:12:58,23.6,34,3.2,3758,79304.2,OK,341,921,2,1127.4,891
2026-10-02 14:13:14,23.5,34,3.6,3758,79315.8,OK,355,916,2,1127.4,891
2026-10-02 14:13:30,23.3,34,1.3,3758,79138.9,OK,274,912,2,1127.4,891
2026-10-02 14:13:46,23.3,34,2,3758,79176.6,OK,331,909,2,1127.4,891
2026-10-02 14:14:02,23.3,34,2.5,3758,79104.1,OK,51,903,2,1127.4,891
2026-10-02 14:14:18,23.1,34,1.7,3758,78851.8,OK,304,897,2,1127.4,891
2026-10-02 14:14:34,23.1,34,3.2,3758,78674.9,OK,334,892,2,1127.4,891
2026-10-02 14:14:50,23,34,2.2,3758,78382,OK,320,888,2,1127.4,891
2026-10-02 14:15:06,23,34,2.2,3758,78593.7,OK,297,881,2,1127.4,891
2026-10-02 14:15:22,23.1,35,2.5,3758,78506.7,OK,303,878,2,1127.4,891
2026-10-02 14:15:38,23,34,2.1,3758,78422.6,OK,337,871,2,1127.4,891
2026-10-02 14:15:54,23,35,0.8,3758,78437.1,OK,326,865,2,1127.4,891
2026-10-02 14:16:10,23.1,35,0.7,3758,78306.6,OK,334,861,2,1127.4,891
2026-10-02 14:16:26,23.2,34,0,3758,78425.5,OK,62,857,2,1127.4,891
2026-10-02 14:16:42,23.3,34,0.6,3758,78309.5,OK,246,849,2,1127.4,891
2026-10-02 14:16:58,23.3,34,0.7,3758,78268.9,OK,322,847,2,1127.4,891
2026-10-02 14:17:14,23.4,34,1,3758,77819.4,OK,356,841,2,1127.4,891
2026-10-02 14:17:30,23.4,34,0,3758,78599.5,OK,173,837,2,1127.4,891
2026-10-02 14:17:46,23.6,34,0.8,3758,78321.1,OK,240,831,2,1127.4,891
2026-10-02 14:18:02,23.7,34,0.4,3758,78303.7,OK,263,827,2,1127.4,891
2026-10-02 14:18:18,23.9,33,2.2,3758,78732.9,OK,249,824,2,1127.4,891
2026-10-02 14:18:34,23.9,33,1,3758,78558.9,OK,298,820,2,1127.4,891
2026-10-02 14:18:50,24.1,32,1.4,3758,78245.7,OK,287,816,2,1127.4,891
2026-10-02 14:19:06,24.1,32,1.5,3758,78274.7,OK,292,814,2,1127.4,891
2026-10-02 14:19:22,24.1,32,1.1,3758,78576.3,OK,35,808,2,1127.4,874
2026-10-02 14:19:38,24.2,32,0.6,3758,78544.4,OK,310,804,2,1127.4,874
2026-10-02 14:19:54,24.4,32,1.5,3758,78643,OK,320,801,2,1127.4,874
2026-10-02 14:20:10,24.5,32,1.4,3758,78498,OK,237,798,2,1127.4,874
2026-10-02 14:20:26,24.4,32,2,3758,78793.8,OK,342,796,2,1127.4,874
2026-10-02 14:20:42,24.1,32,0.6,3758,78611.1,OK,355,795,2,1127.4,874
2026-10-02 14:20:58,24.1,32,0,3758,78669.1,OK,299,790,2,1127.4,874
2026-10-02 14:21:14,24.3,32,0.1,3758,78550.2,OK,353,787,2,1127.4,874
2026-10-02 14:21:30,24.2,32,0.1,3758,78585,OK,84,784,2,1127.4,874
2026-10-02 14:21:46,24.1,32,2.7,3758,78611.1,OK,9,782,2,1127.4,874
2026-10-02 14:22:02,23.8,32,2.5,3758,78471.9,OK,284,781,2,1127.4,874
2026-10-02 14:22:18,23.7,32,2.1,3758,78312.4,OK,336,777,2,1127.4,874
2026-10-02 14:22:34,23.6,33,2,3758,78190.6,OK,353,773,2,1127.4,874
2026-10-02 14:22:50,23.6,33,2,3758,78303.7,OK,333,772,2,1127.4,858
2026-10-02 14:23:06,23.4,33,2.8,3758,78065.9,OK,308,767,2,1127.4,858
2026-10-02 14:23:22,23.3,33,1.7,3758,78147.1,OK,330,766,2,1127.4,858
2026-10-02 14:23:38,23.3,34,1.1,3758,77810.7,OK,294,760,2,1127.4,858
2026-10-02 14:23:54,23.4,34,2.5,3758,78025.3,OK,11,761,2,1127.4,858
2026-10-02 14:24:10,23.3,33,0.8,3758,78126.8,OK,31,759,2,1127.4,858
2026-10-02 14:24:26,23.3,33,1,3758,77886.1,OK,245,754,2,1127.4,858
2026-10-02 14:24:42,23.5,33,0.8,3758,78010.8,OK,8,753,2,1127.4,858
2026-10-02 14:24:58,23.7,33,2.7,3758,77839.7,OK,282,748,2,1127.4,858
2026-10-02 14:25:14,23.7,33,1.8,3758,77810.7,OK,305,748,2,1127.4,858
2026-10-02 14:25:30,23.8,33,2.2,3758,77758.5,OK,301,744,2,1127.4,858
2026-10-02 14:25:46,23.7,33,2.5,3758,77813.6,OK,240,744,2,1127.4,858
2026-10-02 14:26:02,23.5,33,1.5,3758,77741.1,OK,297,741,2,1127.4,858
2026-10-02 14:26:18,23.4,33,2,3758,77920.9,OK,302,739,2,1127.4,858
2026-10-02 14:26:34,23.4,33,2,3758,77836.8,OK,8,735,2,1127.4,858
2026-10-02 14:26:50,23.4,33,1,3758,77633.8,OK,277,734,2,1127.4,858
2026-10-02 14:27:06,23.3,33,1.4,3758,77619.3,OK,294,731,2,1127.4,858
2026-10-02 14:27:22,23.4,33,2.1,3758,77668.6,OK,309,730,2,1127.4,858
2026-10-02 14:27:38,23.4,33,3.1,3758,77651.2,OK,293,730,2,1127.4,839
2026-10-02 14:27:54,23.4,33,2.2,3758,77477.2,OK,356,726,2,1127.4,839
2026-10-02 14:28:10,23.3,33,1.8,3758,77625.1,OK,284,725,2,1127.4,839
2026-10-02 14:28:26,23.3,33,1.4,3758,77549.7,OK,255,724,2,1127.4,839
2026-10-02 14:28:42,23.5,33,1.1,3758,77529.4,OK,305,720,2,1127.4,839
2026-10-02 14:28:58,23.5,33,0.1,3758,77427.9,OK,312,718,2,1127.4,839
2026-10-02 14:29:14,23.6,33,1.1,3758,77454,OK,294,716,2,1127.4,839
2026-10-02 14:29:30,23.5,33,2,3758,77343.8,OK,314,714,2,1127.4,839
2026-10-02 14:29:46,23.5,33,2.7,3758,77471.4,OK,263,712,2,1127.4,839
2026-10-02 14:30:02,23.4,34,2.5,3758,77509.1,OK,316,712,2,1127.4,839
2026-10-02 14:30:18,23.5,34,0.7,3758,77546.8,OK,301,711,2,1127.4,839
2026-10-02 14:30:34,23.5,34,0.1,3758,77361.2,OK,296,709,2,1127.4,839
2026-10-02 14:30:50,23.5,34,2.2,3758,77335.1,OK,253,706,2,1127.4,839
2026-10-02 14:31:06,23.5,34,0.1,3758,77291.6,OK,255,705,2,1127.4,839
2026-10-02 14:31:22,23.6,34,0.6,3758,77161.1,OK,255,703,2,1127.4,839
2026-10-02 14:31:38,23.8,33,2.1,3758,77082.8,OK,288,698,2,1127.4,839
2026-10-02 14:31:54,23.7,33,2.5,3758,77053.8,OK,280,699,2,1127.4,839
2026-10-02 14:32:10,23.5,33,2.7,3758,77311.9,OK,287,697,2,1127.4,839
2026-10-02 14:32:26,23.4,33,1.3,3758,77094.4,OK,306,696,2,1127.4,839
2026-10-02 14:32:42,23.4,33,0.6,3758,76987.1,OK,310,695,2,1127.4,684
2026-10-02 14:32:58,23.5,33,0.8,3758,77036.4,OK,297,693,2,1127.4,684
2026-10-02 14:33:14,23.5,33,2.2,3758,77239.4,OK,299,693,2,1127.4,684
2026-10-02 14:33:30,23.3,33,1.1,3758,77300.3,OK,301,693,2,1127.4,684
2026-10-02 14:33:46,23.3,33,1.3,3758,77306.1,OK,278,690,2,1127.4,684
2026-10-02 14:34:02,23.2,33,2.2,3758,77233.6,OK,321,691,2,1127.4,684
2026-10-02 14:34:18,23.3,33,1.4,3758,77062.5,OK,303,688,2,1127.4,684
2026-10-02 14:34:34,23.4,33,2,3758,76914.6,OK,276,685,2,1127.4,684
2026-10-02 14:34:50,23.3,34,2.4,3758,76897.2,OK,290,685,2,1127.4,684
2026-10-02 14:35:06,23.3,34,3.1,3758,76908.8,OK,287,683,2,1127.4,684
2026-10-02 14:35:22,23.3,34,2.8,3758,77114.7,OK,289,683,2,1127.4,684
2026-10-02 14:35:38,23.2,34,2.5,3758,76720.3,OK,326,681,2,1127.4,684
2026-10-02 14:35:54,23.2,34,0.4,3758,76682.6,OK,337,680,2,1127.4,684
2026-10-02 14:36:10,23.3,34,1.5,3758,76787,OK,59,678,2,1127.4,684
2026-10-02 14:36:26,23.2,34,1.5,3758,76436.1,OK,339,677,2,1127.4,684
2026-10-02 14:36:42,23.2,34,1.4,3758,76659.4,OK,269,676,2,1127.4,684
2026-10-02 14:36:58,23.3,35,0.1,3758,76546.3,OK,341,674,2,1127.4,684
2026-10-02 14:37:14,23.5,35,0.8,3758,76439,OK,295,674,2,1127.4,684
2026-10-02 14:37:30,23.7,34,1.1,3758,76584,OK,319,672,2,1127.4,684
2026-10-02 14:37:46,23.8,34,1,3758,76528.9,OK,316,668,2,1127.4,805
2026-10-02 14:38:02,24,34,1.7,3758,76514.4,OK,49,671,2,1127.4,805
2026-10-02 14:38:18,24,34,1.4,3758,76557.9,OK,282,668,2,1127.4,805
2026-10-02 14:38:34,23.9,34,2.9,3758,76598.5,OK,291,667,2,1127.4,805
2026-10-02 14:38:50,23.6,34,2.2,3758,76485.4,OK,300,666,2,1127.4,805
2026-10-02 14:39:06,23.6,34,2.1,3758,76470.9,OK,280,664,2,1127.4,805
2026-10-02 14:39:22,23.6,34,0.4,3758,76441.9,OK,310,666,2,1127.4,805
2026-10-02 14:39:38,23.7,34,0.4,3758,76447.7,OK,262,663,2,1127.4,805
2026-10-02 14:39:54,23.9,34,2.1,3758,76334.6,OK,13,663,2,1127.4,805
2026-10-02 14:40:10,23.9,34,1.1,3758,76729,OK,303,663,2,1127.4,805
2026-10-02 14:40:26,23.7,34,1.3,3758,76320.1,OK,248,659,2,1127.4,805
2026-10-02 14:40:42,23.6,34,0.3,3758,76357.8,OK,300,660,2,1127.4,805
2026-10-02 14:40:58,23.9,34,0.8,3758,76198.3,OK,295,659,2,1127.4,805
2026-10-02 14:41:14,24,34,1.3,3758,76357.8,OK,304,659,2,1127.4,805
2026-10-02 14:41:30,24.1,33,0.4,3758,76337.5,OK,283,657,2,1127.4,805
2026-10-02 14:41:46,24.2,33,0.3,3758,76302.7,OK,285,654,2,1127.4,805
2026-10-02 14:42:02,24.3,33,0.7,3758,76192.5,OK,215,656,2,1127.4,805
2026-10-02 14:42:18,24.4,33,2,3758,76236,OK,297,656,2,1127.4,805
2026-10-02 14:42:34,24.2,32,1.3,3758,76279.5,OK,312,654,2,1127.4,787
2026-10-02 14:42:50,24,33,1.1,3758,76198.3,OK,281,653,2,1127.4,787
2026-10-02 14:43:06,23.9,33,0.4,3758,76253.4,OK,301,653,2,1127.4,787
2026-10-02 14:43:22,23.9,33,0.6,3758,76189.6,OK,359,651,2,1127.4,787
2026-10-02 14:43:38,23.9,33,1.8,3758,76227.3,OK,14,651,2,1127.4,787
2026-10-02 14:43:54,23.8,33,2,3758,76030.1,OK,309,648,2,1127.4,787
2026-10-02 14:44:10,23.6,33,1.4,3758,76012.7,OK,263,650,2,1127.4,787
2026-10-02 14:44:26,23.6,33,0.8,3758,76027.2,OK,280,647,2,1127.4,787
2026-10-02 14:44:42,23.6,33,0.7,3758,76038.8,OK,348,645,2,1127.4,787
2026-10-02 14:44:58,23.7,33,0.3,3758,76088.1,OK,256,646,2,1127.4,787
2026-10-02 14:45:14,24,34,0.3,3758,75977.9,OK,34,644,2,1127.4,787
2026-10-02 14:45:30,24.2,33,0.6,3758,76035.9,OK,52,641,2,1127.4,787
2026-10-02 14:45:46,24.3,33,0.8,3758,75934.4,OK,38,642,2,1127.4,787
2026-10-02 14:46:02,24.3,32,0.7,3758,75983.7,OK,320,641,2,1127.4,787
2026-10-02 14:46:18,24.3,32,0.4,3758,75986.6,OK,310,641,2,1127.4,787
2026-10-02 14:46:34,24.4,32,1.8,3758,75975,OK,313,640,2,1127.4,787
2026-10-02 14:46:50,24.2,33,2.1,3758,75940.2,OK,332,640,2,1127.4,787
2026-10-02 14:47:06,24,33,2.4,3758,75667.6,OK,255,638,2,1127.4,787
2026-10-02 14:47:22,23.8,33,0.8,3758,75870.6,OK,302,637,2,1127.4,787
2026-10-02 14:47:38,23.9,33,1.5,3758,75650.2,OK,273,638,2,1127.4,787
2026-10-02 14:47:54,23.7,33,2.4,3758,75534.2,OK,339,636,2,1127.4,787
2026-10-02 14:48:10,23.6,33,2.4,3758,75545.8,OK,339,635,2,1127.4,787
2026-10-02 14:48:26,23.7,33,0,3758,75426.9,OK,243,632,2,1127.4,787
2026-10-02 14:48:42,23.9,33,1.8,3758,75418.2,OK,307,633,2,1127.4,787
2026-10-02 14:48:58,23.9,33,2,3758,75418.2,OK,295,634,2,1127.4,787
2026-10-02 14:49:14,24,33,0.7,3758,75476.2,OK,287,631,2,1127.4,768
2026-10-02 14:49:30,24.1,33,0.1,3758,75406.6,OK,308,629,2,1127.4,768
2026-10-02 14:49:46,24.3,33,0.4,3758,75244.2,OK,345,629,2,1127.4,768
2026-10-02 14:50:02,24.2,32,1.4,3758,75569,OK,304,631,2,1127.4,768
2026-10-02 14:50:18,24.2,32,0.4,3758,75502.3,OK,57,630,2,1127.4,768
2026-10-02 14:50:34,24.2,32,0.4,3758,75345.7,OK,332,629,2,1127.4,768
2026-10-02 14:50:50,24.2,33,1.1,3758,75247.1,OK,305,627,2,1127.4,768
2026-10-02 14:51:06,24.3,32,1.3,3758,75241.3,OK,304,628,2,1127.4,768
2026-10-02 14:51:22,24.4,32,1,3758,75250,OK,300,627,2,1127.4,768
2026-10-02 14:51:38,24.4,32,0.6,3758,75337,OK,3,624,2,1127.4,768
2026-10-02 14:51:54,24.5,32,1,3758,75360.2,OK,281,624,2,1127.4,768
2026-10-02 14:52:10,24.4,31,1.5,3758,75223.9,OK,353,625,2,1127.4,768
2026-10-02 14:52:26,24.3,31,1.5,3758,75183.3,OK,300,624,2,1127.4,768
2026-10-02 14:52:42,24.1,32,2.1,3758,75319.6,OK,241,624,2,1127.4,750
2026-10-02 14:52:58,24,32,2.9,3758,75145.6,OK,352,621,2,1127.4,750
2026-10-02 14:53:14,24,33,2.8,3758,75067.3,OK,249,621,2,1127.4,750
2026-10-02 14:53:30,23.8,33,1.1,3758,75035.4,OK,270,624,2,1127.4,750
2026-10-02 14:53:46,23.7,34,1.7,3758,74910.7,OK,268,619,2,1127.4,750
2026-10-02 14:54:02,23.7,33,2.2,3758,74936.8,OK,305,621,2,1127.4,750
2026-10-02 14:54:18,23.6,34,1.1,3758,74730.9,OK,344,618,2,1127.4,750
2026-10-02 14:54:34,23.8,34,1,3758,74667.1,OK,280,619,2,1127.4,750
2026-10-02 14:54:50,23.8,33,2.4,3758,74922.3,OK,276,619,2,1127.4,750
2026-10-02 14:55:06,23.8,34,1.8,3758,74922.3,OK,16,617,2,1127.4,750
2026-10-02 14:55:22,23.7,34,1.3,3758,74786,OK,345,616,2,1127.4,750
2026-10-02 14:55:38,23.8,33,1.3,3758,74617.8,OK,304,614,2,1127.4,750
2026-10-02 14:55:54,23.8,33,0.8,3758,74493.1,OK,303,613,2,1127.4,750
2026-10-02 14:56:10,23.9,33,0.3,3758,74484.4,OK,307,615,2,1127.4,750
2026-10-02 14:56:26,24.1,33,3.2,3758,74478.6,OK,285,612,2,1127.4,750
2026-10-02 14:56:42,23.8,33,3.4,3758,74313.3,OK,281,613,2,1127.4,750
2026-10-02 14:56:58,23.5,34,2.1,3758,74182.8,OK,277,613,2,1127.4,750
2026-10-02 14:57:14,23.4,34,1.7,3758,74261.1,OK,303,611,2,1127.4,750
2026-10-02 14:57:30,23.4,34,1.1,3758,74084.2,OK,286,612,2,1127.4,750
2026-10-02 14:57:46,23.4,34,3.4,3758,73831.9,OK,308,611,2,1127.4,730
2026-10-02 14:58:02,23.3,34,2.5,3758,74020.4,OK,300,608,2,1127.4,730
2026-10-02 14:58:18,23.2,34,1.5,3758,73918.9,OK,292,610,2,1127.4,730
2026-10-02 14:58:34,23.3,34,1,3758,74148,OK,284,608,2,1127.4,730
2026-10-02 14:58:50,23.5,34,1.4,3758,73860.9,OK,302,605,2,1127.4,730
2026-10-02 14:59:06,23.5,33,1,3758,73855.1,OK,220,603,2,1127.4,730
2026-10-02 14:59:22,23.6,34,2.1,3758,74145.1,OK,276,605,2,1127.4,730
2026-10-02 14:59:38,23.6,34,2,3758,73930.5,OK,265,606,2,1127.4,730
2026-10-02 14:59:54,23.6,34,2.9,3758,73768.1,OK,289,604,2,1127.4,730
2026-10-02 15:00:10,23.4,34,2.2,3758,73797.1,OK,291,604,2,1127.4,730
2026-10-02 15:00:26,23.4,34,2.1,3758,73788.4,OK,275,603,2,1127.4,730
2026-10-02 15:00:42,23.4,34,2.2,3758,73855.1,OK,287,598,2,1127.4,730
2026-10-02 15:00:58,23.5,34,1.3,3758,73686.9,OK,252,599,2,1127.4,730
2026-10-02 15:01:14,23.6,34,1.1,3758,73553.5,OK,286,599,2,1127.4,730
2026-10-02 15:01:30,23.7,34,1.4,3758,73628.9,OK,310,601,2,1127.4,730
2026-10-02 15:01:46,23.7,34,0.8,3758,73423,OK,263,598,2,1127.4,730
2026-10-02 15:02:02,23.8,34,0.1,3758,73217.1,OK,278,599,2,1127.4,730
2026-10-02 15:02:18,23.9,34,0.3,3758,73225.8,OK,322,599,2,1127.4,730
2026-10-02 15:02:34,24,33,1,3758,73324.4,OK,317,597,2,1127.4,709
2026-10-02 15:02:50,24.1,33,0.8,3758,73411.4,OK,281,597,2,1127.4,709
2026-10-02 15:03:06,24.1,33,1.8,3758,73396.9,OK,329,596,2,1127.4,709
2026-10-02 15:03:22,24,33,1.5,3758,73379.5,OK,275,598,2,1127.4,709
2026-10-02 15:03:38,24,33,2.7,3758,73495.5,OK,285,596,2,1127.4,709
2026-10-02 15:03:54,23.9,33,2,3758,73376.6,OK,291,595,2,1127.4,709
2026-10-02 15:04:10,23.8,33,2.2,3758,73225.8,OK,284,594,2,1127.4,709
2026-10-02 15:04:26,23.8,33,2.9,3758,73318.6,OK,306,594,2,1127.4,709
2026-10-02 15:04:42,23.6,33,2.1,3758,73179.4,OK,300,594,2,1127.4,709
2026-10-02 15:04:58,23.6,33,0.4,3758,73057.6,OK,79,592,2,1127.4,709
2026-10-02 15:05:14,23.6,33,1.3,3758,72938.7,OK,265,592,2,1127.4,709
2026-10-02 15:05:30,23.7,33,2.1,3758,72776.3,OK,276,592,2,1127.4,709
2026-10-02 15:05:46,23.5,33,2.5,3758,72854.6,OK,266,592,2,1127.4,709
2026-10-02 15:06:02,23.5,34,0.8,3758,72944.5,OK,319,591,2,1127.4,709
2026-10-02 15:06:18,23.5,34,0.1,3758,72840.1,OK,311,590,2,1127.4,709
2026-10-02 15:06:34,23.6,34,0.3,3758,72874.9,OK,288,588,2,1127.4,709
2026-10-02 15:06:50,23.7,34,2,3758,72619.7,OK,292,589,2,1127.4,709
2026-10-02 15:07:06,23.6,34,2.2,3758,72669,OK,346,589,2,1127.4,709
2026-10-02 15:07:22,23.5,34,0.4,3758,72149.9,OK,278,588,2,1127.4,709
2026-10-02 15:07:38,23.6,35,1.3,3758,70969.6,OK,355,587,2,1127.4,686
2026-10-02 15:07:54,23.6,34,2.7,3758,70743.4,OK,304,586,2,1127.4,686
2026-10-02 15:08:10,23.5,34,2.5,3758,70064.8,OK,315,583,2,1127.4,686
2026-10-02 15:08:26,23.4,34,2.5,3758,70003.9,OK,356,587,2,1127.4,686
2026-10-02 15:08:42,23.4,34,2,3758,69766.1,OK,317,584,2,1127.4,686
2026-10-02 15:08:58,23.4,34,2.8,3758,69780.6,OK,38,582,2,1127.4,686
2026-10-02 15:09:14,23.3,34,3.1,3758,70233,OK,288,582,2,1127.4,686
2026-10-02 15:09:30,23.2,34,1.8,3758,71271.2,OK,308,584,2,1127.4,686
2026-10-02 15:09:46,23.2,34,1.3,3758,71656.9,OK,21,582,2,1127.4,686
2026-10-02 15:10:02,23.3,34,1.3,3758,71564.1,OK,56,582,2,1127.4,686
2026-10-02 15:10:18,23.2,34,1.4,3758,71422,OK,329,581,2,1127.4,686
2026-10-02 15:10:34,23.3,34,2.5,3758,71549.6,OK,300,580,2,1127.4,686
2026-10-02 15:10:50,23.2,34,2.2,3758,71250.9,OK,291,579,2,1127.4,686
2026-10-02 15:11:06,23.2,34,2.2,3758,71604.7,OK,283,578,2,1127.4,686
2026-10-02 15:11:22,23.2,35,2.7,3758,71439.4,OK,288,575,2,1127.4,686
2026-10-02 15:11:38,23.1,35,1.8,3758,71477.1,OK,332,578,2,1127.4,686
2026-10-02 15:11:54,23.1,35,2.1,3758,71259.6,OK,317,577,2,1127.4,686
2026-10-02 15:12:10,23.1,35,0.8,3758,70952.2,OK,278,576,2,1127.4,686
2026-10-02 15:12:26,23.2,35,2.8,3758,71076.9,OK,278,575,2,1127.4,686
2026-10-02 15:12:42,23.2,35,2.8,3758,71146.5,OK,310,575,2,1127.4,667
2026-10-02 15:12:58,23.3,35,1,3758,71262.5,OK,294,574,2,1127.4,667
2026-10-02 15:13:14,23.3,34,3.8,3758,71332.1,OK,278,574,2,1127.4,667
2026-10-02 15:13:30,23.2,35,2.8,3758,70998.6,OK,298,574,2,1127.4,667
2026-10-02 15:13:46,23.2,35,1,3758,70873.9,OK,273,572,2,1127.4,667
2026-10-02 15:14:02,23.3,35,0.8,3758,70908.7,OK,261,574,2,1127.4,667
2026-10-02 15:14:18,23.4,35,1.3,3758,70827.5,OK,269,571,2,1127.4,667
2026-10-02 15:14:34,23.5,35,0.8,3758,70917.4,OK,61,573,2,1127.4,667
2026-10-02 15:14:50,23.6,34,0.7,3758,70969.6,OK,255,571,2,1127.4,667
2026-10-02 15:15:06,23.6,34,2.8,3758,70894.2,OK,296,571,2,1127.4,667
2026-10-02 15:15:22,23.4,34,1.5,3758,70755,OK,294,570,2,1127.4,667
2026-10-02 15:15:38,23.5,34,2.5,3758,70752.1,OK,328,569,2,1127.4,667
2026-10-02 15:15:54,23.4,34,2.9,3758,70833.3,OK,286,569,2,1127.4,667
2026-10-02 15:16:10,23.3,34,2.2,3758,70665.1,OK,344,567,2,1127.4,667
2026-10-02 15:16:26,23.2,34,1,3758,70717.3,OK,308,567,2,1127.4,667
2026-10-02 15:16:42,23.3,34,0.4,3758,70607.1,OK,282,567,2,1127.4,667
2026-10-02 15:16:58,23.5,35,0.1,3758,70543.3,OK,329,566,2,1127.4,667
2026-10-02 15:17:14,23.7,34,0.3,3758,70372.2,OK,325,565,2,1127.4,667
2026-10-02 15:17:30,23.8,34,1.4,3758,70502.7,OK,256,566,2,1127.4,667
2026-10-02 15:17:46,23.8,34,1,3758,70615.8,OK,1,565,2,1127.4,667
2026-10-02 15:18:02,23.8,34,0.1,3758,70569.4,OK,255,564,2,1127.4,667
2026-10-02 15:18:18,23.8,34,1.1,3758,70305.5,OK,268,564,2,1127.4,667
2026-10-02 15:18:34,23.8,33,1.8,3758,70369.3,OK,8,562,2,1127.4,667
2026-10-02 15:18:50,23.6,34,0.8,3758,69435.5,OK,328,565,2,1127.4,667
2026-10-02 15:19:06,23.8,34,0.6,3758,66062.8,OK,312,562,2,1127.4,667
2026-10-02 15:19:22,23.9,33,1.4,3758,64462,OK,27,563,2,1127.4,647
2026-10-02 15:19:38,23.8,33,1,3758,62492.9,OK,2,563,2,1127.4,647
2026-10-02 15:19:54,23.9,33,1,3758,61347.4,OK,304,561,2,1127.4,647
2026-10-02 15:20:10,23.9,33,2.7,3758,61211.1,OK,287,560,2,1127.4,647
2026-10-02 15:20:26,23.7,33,2.9,3758,61982.5,OK,39,559,2,1127.4,647
2026-10-02 15:20:42,23.5,34,1.3,3758,62693,OK,262,559,2,1127.4,647
2026-10-02 15:20:58,23.4,34,1.5,3758,64493.9,OK,318,558,2,1127.4,647
2026-10-02 15:21:14,23.4,35,2.1,3758,68159.5,OK,284,558,2,1127.4,647
2026-10-02 15:21:30,23.4,34,1.5,3758,69592.1,OK,218,558,2,1127.4,647
2026-10-02 15:21:46,23.4,34,1.3,3758,69792.2,OK,303,557,2,1127.4,647
2026-10-02 15:22:02,23.5,34,1,3758,69621.1,OK,244,556,2,1127.4,647
2026-10-02 15:22:18,23.6,34,0.8,3758,69426.8,OK,326,555,2,1127.4,647
2026-10-02 15:22:34,23.6,34,2,3758,69548.6,OK,351,556,2,1127.4,647
2026-10-02 15:22:50,23.6,34,0.7,3758,69276,OK,196,552,2,1127.4,626
2026-10-02 15:23:06,23.7,34,0.8,3758,69377.5,OK,259,554,2,1127.4,626
2026-10-02 15:23:22,23.7,34,0.7,3758,69409.4,OK,216,553,2,1127.4,626
2026-10-02 15:23:38,23.9,34,1.5,3758,69621.1,OK,328,553,2,1127.4,626
2026-10-02 15:23:54,23.8,34,2.7,3758,69499.3,OK,300,550,2,1127.4,626
2026-10-02 15:24:10,23.7,34,2.9,3758,69505.1,OK,34,549,2,1127.4,626
2026-10-02 15:24:26,23.6,34,2.4,3758,69191.9,OK,280,549,2,1127.4,626
2026-10-02 15:24:42,23.6,34,2.4,3758,69284.7,OK,303,547,2,1127.4,626
2026-10-02 15:24:58,23.4,34,2.4,3758,69354.3,OK,315,547,2,1127.4,626
2026-10-02 15:25:14,23.4,35,1,3758,69331.1,OK,267,549,2,1127.4,626
2026-10-02 15:25:30,23.5,34,0.4,3758,69064.3,OK,295,546,2,1127.4,626
2026-10-02 15:25:46,23.6,35,0.7,3758,69307.9,OK,239,548,2,1127.4,626
2026-10-02 15:26:02,23.8,34,0.6,3758,69194.8,OK,335,547,2,1127.4,626
2026-10-02 15:26:18,23.7,34,2.2,3758,69168.7,OK,305,546,2,1127.4,626
2026-10-02 15:26:34,23.7,34,1.5,3758,68974.4,OK,316,547,2,1127.4,626
2026-10-02 15:26:50,23.7,34,1.5,3758,68913.5,OK,292,544,2,1127.4,626
2026-10-02 15:27:06,23.6,34,2.5,3758,68800.4,OK,290,544,2,1127.4,626
2026-10-02 15:27:22,23.5,34,2.2,3758,68806.2,OK,356,544,2,1127.4,626
2026-10-02 15:27:38,23.4,34,2,3758,68788.8,OK,279,542,2,1127.4,604
2026-10-02 15:27:54,23.3,35,1.7,3758,68553.9,OK,318,542,2,1127.4,604
2026-10-02 15:28:10,23.4,35,0.6,3758,68498.8,OK,294,541,2,1127.4,604
2026-10-02 15:28:26,23.5,35,0.4,3758,68690.2,OK,15,541,2,1127.4,604
2026-10-02 15:28:42,23.6,35,0.3,3758,68649.6,OK,343,540,2,1127.4,604
2026-10-02 15:28:58,23.7,35,0.4,3758,68887.4,OK,325,540,2,1127.4,604
2026-10-02 15:29:14,23.8,34,0.3,3758,68730.8,OK,346,539,1,1127.4,604
2026-10-02 15:29:30,23.9,34,0.8,3758,68649.6,OK,4,539,1,1127.4,604
2026-10-02 15:29:46,23.9,34,2.5,3758,68748.2,OK,326,540,2,1127.4,604
2026-10-02 15:30:02,23.7,33,2.1,3758,68838.1,OK,301,536,1,1127.4,604
2026-10-02 15:30:18,23.7,33,1.4,3758,68716.3,OK,280,538,1,1127.4,604
2026-10-02 15:30:34,23.7,33,0.4,3758,68614.8,OK,226,535,1,1127.4,604
2026-10-02 15:30:50,23.8,33,0.6,3758,68626.4,OK,305,535,1,1127.4,604
2026-10-02 15:31:06,23.8,33,0.1,3758,68710.5,OK,203,536,1,1127.4,604
2026-10-02 15:31:22,23.9,33,0.4,3758,68635.1,OK,256,536,1,1127.4,604
2026-10-02 15:31:38,23.9,33,2.5,3758,68524.9,OK,351,534,1,1127.4,604
2026-10-02 15:31:54,23.7,33,0.7,3758,68626.4,OK,262,532,1,1127.4,604
2026-10-02 15:32:10,23.8,34,0.7,3758,68742.4,OK,249,530,1,1127.4,604
2026-10-02 15:32:26,24,33,2.5,3758,68432.1,OK,298,532,1,1127.4,604
2026-10-02 15:32:42,23.7,33,2.7,3758,68069.6,OK,303,533,1,1127.4,583
2026-10-02 15:32:58,23.5,33,1.3,3758,65149.3,OK,305,533,1,1127.4,583
2026-10-02 15:33:14,23.5,34,2.2,3758,63232.4,OK,328,529,1,1127.4,583
2026-10-02 15:33:30,23.4,34,1.7,3758,61361.9,OK,332,531,1,1127.4,583
2026-10-02 15:33:46,23.5,34,0.4,3758,60164.2,OK,297,528,1,1127.4,583
2026-10-02 15:34:02,23.6,34,0.1,3758,60027.9,OK,219,529,1,1127.4,583
2026-10-02 15:34:18,23.7,33,1.1,3758,60230.9,OK,62,529,1,1127.4,583
2026-10-02 15:34:34,23.6,33,1.8,3758,61222.7,OK,272,527,1,1127.4,583
2026-10-02 15:34:50,23.5,33,0.8,3758,62089.8,OK,9,527,1,1127.4,583
2026-10-02 15:35:06,23.5,33,0.8,3758,64404,OK,130,527,1,1127.4,583
2026-10-02 15:35:22,23.5,32,1.7,3758,66422.4,OK,350,526,1,1127.4,583
2026-10-02 15:35:38,23.5,32,2.2,3758,67280.8,OK,343,526,1,1127.4,583
2026-10-02 15:35:54,23.3,32,1.8,3758,67188,OK,344,525,1,1127.4,583
2026-10-02 15:36:10,23.3,32,1.1,3758,67263.4,OK,256,524,1,1127.4,583
2026-10-02 15:36:26,23.2,32,1,3758,67016.9,OK,291,523,1,1127.4,583
2026-10-02 15:36:42,23.2,32,2.2,3758,67103.9,OK,344,523,1,1127.4,583
2026-10-02 15:36:58,23.1,33,2.8,3758,67037.2,OK,354,522,1,1127.4,583
2026-10-02 15:37:14,23,32,3.6,3758,65207.3,OK,280,521,1,1127.4,583
2026-10-02 15:37:30,22.9,33,2.7,3758,61895.5,OK,10,521,1,1127.4,583
2026-10-02 15:37:46,22.9,33,3.1,3758,60074.3,OK,303,519,1,1127.4,559
2026-10-02 15:38:02,22.8,32,4.3,3758,59314.5,OK,356,518,1,1127.4,559
2026-10-02 15:38:18,22.7,32,2.9,3758,58604,OK,320,519,1,1127.4,559
2026-10-02 15:38:34,22.8,32,2.5,3758,58592.4,OK,287,517,1,1127.4,559
2026-10-02 15:38:50,22.8,33,2,3758,58954.9,OK,332,517,1,1127.4,559
2026-10-02 15:39:06,22.8,33,0.6,3758,59955.4,OK,320,516,1,1127.4,559
2026-10-02 15:39:22,22.9,33,0.6,3758,62246.4,OK,341,514,1,1127.4,559
2026-10-02 15:39:38,23,33,1,3758,64076.3,OK,289,513,1,1127.4,559
2026-10-02 15:39:54,23.1,33,2.1,3758,65772.8,OK,298,513,1,1127.4,559
2026-10-02 15:40:10,23.1,33,2,3758,65729.3,OK,349,512,1,1127.4,559
2026-10-02 15:40:26,23.1,34,2.9,3758,65514.7,OK,307,511,1,1127.4,559
2026-10-02 15:40:42,23,34,1.8,3758,65607.5,OK,288,511,1,1127.4,559
2026-10-02 15:40:58,23,34,1.3,3758,65764.1,OK,266,510,1,1127.4,559
2026-10-02 15:41:14,23.1,34,2.1,3758,65558.2,OK,314,510,1,1127.4,559
2026-10-02 15:41:30,23.1,34,2.8,3758,65624.9,OK,306,508,1,1127.4,559
2026-10-02 15:41:46,23,34,1.3,3758,65706.1,OK,277,508,1,1127.4,559
2026-10-02 15:42:02,23,34,1.8,3758,65738,OK,285,506,1,1127.4,559
2026-10-02 15:42:18,23.1,35,1.4,3758,65714.8,OK,62,507,1,1127.4,559
2026-10-02 15:42:34,23.1,35,1.5,3758,65717.7,OK,292,506,1,1127.4,538
2026-10-02 15:42:50,23.2,35,2.1,3758,65488.6,OK,314,504,1,1127.4,538
2026-10-02 15:43:06,23.3,35,0.8,3758,65497.3,OK,353,505,1,1127.4,538
2026-10-02 15:43:22,23.3,35,0,3758,65700.3,OK,352,506,1,1127.4,538
2026-10-02 15:43:38,23.4,34,0.4,3758,65720.6,OK,316,504,1,1127.4,538
2026-10-02 15:43:54,23.5,34,0.6,3758,65778.6,OK,281,504,1,1127.4,538
2026-10-02 15:44:10,23.5,34,0.3,3758,65578.5,OK,254,503,1,1127.4,538
2026-10-02 15:44:26,23.6,34,2.4,3758,65506,OK,281,502,1,1127.4,538
2026-10-02 15:44:42,23.5,34,1.5,3758,65555.3,OK,297,502,1,1127.4,538
2026-10-02 15:44:58,23.5,34,1.7,3758,65564,OK,47,500,1,1127.4,538
2026-10-02 15:45:14,23.5,34,0.3,3758,65566.9,OK,7,500,1,1127.4,538
2026-10-02 15:45:30,23.5,33,0.4,3758,65479.9,OK,301,500,1,1127.4,538
2026-10-02 15:45:46,23.5,33,1.7,3758,65474.1,OK,285,497,1,1127.4,538
2026-10-02 15:46:02,23.6,33,1,3758,65691.6,OK,356,499,1,1127.4,538
2026-10-02 15:46:18,23.5,33,1.4,3758,65535,OK,318,496,1,1127.4,538
2026-10-02 15:46:34,23.4,33,0.4,3758,65326.2,OK,295,497,1,1127.4,538
2026-10-02 15:46:50,23.6,33,1.4,3758,65218.9,OK,325,497,1,1127.4,538
2026-10-02 15:47:06,23.6,33,2.4,3758,65326.2,OK,300,496,1,1127.4,538
2026-10-02 15:47:22,23.6,33,1.8,3758,65282.7,OK,351,496,1,1127.4,538
2026-10-02 15:47:38,23.6,33,1.7,3758,65050.7,OK,12,495,1,1127.4,538
2026-10-02 15:47:54,23.5,33,2,3758,65192.8,OK,343,493,1,1127.4,538
2026-10-02 15:48:10,23.4,33,2.5,3758,64769.4,OK,256,492,1,1127.4,538
2026-10-02 15:48:26,23.2,33,3.2,3758,64586.7,OK,305,493,1,1127.4,538
2026-10-02 15:48:42,23.1,34,2.2,3758,64525.8,OK,40,491,1,1127.4,538
2026-10-02 15:48:58,23.1,34,1.1,3758,64314.1,OK,271,490,1,1127.4,538
2026-10-02 15:49:14,23.2,34,2.4,3758,64276.4,OK,332,491,1,1127.4,490
2026-10-02 15:49:30,23.1,34,2.1,3758,64261.9,OK,14,488,1,1127.4,490
2026-10-02 15:49:46,23,33,0.8,3758,64334.4,OK,293,490,1,1127.4,490
2026-10-02 15:50:02,23.1,34,3.1,3758,64232.9,OK,280,489,1,1127.4,490
2026-10-02 15:50:18,23,33,2.7,3758,64119.8,OK,273,486,1,1127.4,490
2026-10-02 15:50:34,22.9,33,0.7,3758,63963.2,OK,290,488,1,1127.4,490
2026-10-02 15:50:50,23,33,1.5,3758,64044.4,OK,294,485,1,1127.4,490
2026-10-02 15:51:06,23.1,34,0.8,3758,64261.9,OK,357,485,1,1127.4,490
2026-10-02 15:51:22,23.1,33,2.5,3758,64224.2,OK,310,485,1,1127.4,490
2026-10-02 15:51:38,23,32,2.7,3758,64015.4,OK,334,485,1,1127.4,490
2026-10-02 15:51:54,22.9,32,2.8,3758,64134.3,OK,33,485,1,1127.4,490
2026-10-02 15:52:10,22.9,32,1.4,3758,63745.7,OK,325,483,1,1127.4,490
2026-10-02 15:52:26,23,32,1.5,3758,63902.3,OK,286,483,1,1127.4,490
2026-10-02 15:52:42,23.1,32,2.2,3758,63826.9,OK,350,483,1,1127.4,486
2026-10-02 15:52:58,23,32,0.7,3758,63728.3,OK,99,482,1,1127.4,486
2026-10-02 15:53:14,23,32,0.4,3758,63754.4,OK,345,479,1,1127.4,486
2026-10-02 15:53:30,23.1,32,1,3758,63644.2,OK,299,478,1,1127.4,486
2026-10-02 15:53:46,23.2,33,1.5,3758,63505,OK,304,479,1,1127.4,486
2026-10-02 15:54:02,23.3,33,1.4,3758,63676.1,OK,322,479,1,1127.4,486
2026-10-02 15:54:18,23.4,33,1,3758,63829.8,OK,311,477,1,1127.4,486
2026-10-02 15:54:34,23.4,33,2.4,3758,63545.6,OK,280,476,1,1127.4,486
2026-10-02 15:54:50,23.3,33,1.3,3758,63580.4,OK,315,475,1,1127.4,486
2026-10-02 15:55:06,23.3,34,2.2,3758,63635.5,OK,335,474,1,1127.4,486
2026-10-02 15:55:22,23.2,34,0.8,3758,63563,OK,235,474,1,1127.4,486
2026-10-02 15:55:38,23.2,34,1.7,3758,63429.6,OK,291,474,1,1127.4,486
2026-10-02 15:55:54,23.1,34,2,3758,63354.2,OK,308,471,1,1127.4,486
2026-10-02 15:56:10,23.2,34,3.6,3758,63397.7,OK,330,471,1,1127.4,486
2026-10-02 15:56:26,23,34,2,3758,63070,OK,27,470,1,1127.4,486
2026-10-02 15:56:42,23.1,34,2.7,3758,63415.1,OK,316,471,1,1127.4,486
2026-10-02 15:56:58,23,34,2.4,3758,62991.7,OK,31,470,1,1127.4,486
2026-10-02 15:57:14,23,34,1.4,3758,62736.5,OK,346,470,1,1127.4,486
2026-10-02 15:57:30,23.1,34,2.2,3758,62759.7,OK,43,470,1,1127.4,486
2026-10-02 15:57:46,23,32,2.9,3758,62806.1,OK,272,468,1,1127.4,317
2026-10-02 15:58:02,22.9,32,1.7,3758,62762.6,OK,295,465,1,1127.4,317
2026-10-02 15:58:18,22.9,32,1.7,3758,62548,OK,270,467,1,1127.4,317
2026-10-02 15:58:34,23,32,1.7,3758,62501.6,OK,276,466,1,1127.4,317
2026-10-02 15:58:50,23.1,32,0.4,3758,62463.9,OK,165,465,1,1127.4,317
2026-10-02 15:59:06,23.1,32,0.1,3758,62423.3,OK,211,463,1,1127.4,317
2026-10-02 15:59:22,23.1,32,1.3,3758,62200,OK,37,464,1,1127.4,317
2026-10-02 15:59:38,23.1,33,2.8,3758,62243.5,OK,306,462,1,1127.4,317
2026-10-02 15:59:54,23,34,2.4,3758,62142,OK,279,462,1,1127.4,317
2026-10-02 16:00:10,23,34,0.6,3758,62072.4,OK,269,460,1,1127.4,317
2026-10-02 16:00:26,23.1,34,1.1,3758,61785.3,OK,324,459,1,1127.4,317
2026-10-02 16:00:42,23,35,1,3758,61785.3,OK,356,459,1,1127.4,317
2026-10-02 16:00:58,23.1,35,1.1,3758,61750.5,OK,297,459,1,1127.4,317
2026-10-02 16:01:14,23.1,35,2.1,3758,61944.8,OK,294,457,1,1127.4,317
2026-10-02 16:01:30,23.1,35,0.7,3758,61808.5,OK,299,455,1,1127.4,317
2026-10-02 16:01:46,23.1,35,0,3758,61994.1,OK,265,456,1,1127.4,317
2026-10-02 16:02:02,23.2,35,0,3758,61982.5,OK,304,455,1,1127.4,317
2026-10-02 16:02:18,23.4,35,0.3,3758,62043.4,OK,327,454,1,1127.4,317
2026-10-02 16:02:34,23.5,35,0.8,3758,61979.6,OK,2,454,1,1127.4,230
2026-10-02 16:02:50,23.6,34,0.3,3758,61968,OK,349,454,1,1127.4,230
2026-10-02 16:03:06,23.6,34,0,3758,61947.7,OK,232,451,1,1127.4,230
2026-10-02 16:03:22,23.7,34,0,3758,62147.8,OK,353,451,1,1127.4,230
2026-10-02 16:03:38,23.7,34,1.1,3758,62455.2,OK,18,450,1,1127.4,230
2026-10-02 16:03:54,23.6,34,0.4,3758,62281.2,OK,340,451,1,1127.4,230
2026-10-02 16:04:10,23.7,34,0.4,3758,61904.2,OK,349,450,1,1127.4,230
2026-10-02 16:04:26,23.8,34,0.1,3758,62240.6,OK,267,449,1,1127.4,230
2026-10-02 16:04:42,23.9,34,0.4,3758,62237.7,OK,336,448,1,1127.4,230
2026-10-02 16:04:58,23.9,34,0.1,3758,62150.7,OK,285,447,1,1127.4,230
2026-10-02 16:05:14,24,33,0.6,3758,62162.3,OK,260,445,1,1127.4,230
2026-10-02 16:05:30,24.1,34,0.6,3758,62376.9,OK,292,446,1,1127.4,230
2026-10-02 16:05:46,24.3,34,0.3,3758,62376.9,OK,297,446,1,1127.4,230
2026-10-02 16:06:02,24.2,33,0.8,3758,62394.3,OK,233,444,1,1127.4,230
2026-10-02 16:06:18,24.3,34,1.1,3758,62481.3,OK,303,443,1,1127.4,230
2026-10-02 16:06:34,24,33,4.1,3758,62321.8,OK,298,444,1,1127.4,230
2026-10-02 16:06:50,23.7,34,1.7,3758,62362.4,OK,255,441,1,1127.4,230
2026-10-02 16:07:06,23.5,34,4.1,3758,62069.5,OK,314,442,1,1127.4,230
2026-10-02 16:07:22,23.3,34,2.7,3758,61947.7,OK,354,440,1,1127.4,230
2026-10-02 16:07:38,23.3,35,2.1,3758,62084,OK,297,440,1,1127.4,293
2026-10-02 16:07:54,23.3,34,3.2,3758,62043.4,OK,295,439,1,1127.4,293
2026-10-02 16:08:10,23.1,34,3.1,3758,62226.1,OK,299,438,1,1127.4,293
2026-10-02 16:08:26,23,35,1.4,3758,61921.6,OK,341,437,1,1127.4,293
2026-10-02 16:08:42,23,35,1.1,3758,61663.5,OK,273,436,1,1127.4,293
2026-10-02 16:08:58,23.1,34,2,3758,61617.1,OK,289,436,1,1127.4,293
2026-10-02 16:09:14,23.1,34,1.5,3758,61495.3,OK,356,436,1,1127.4,293
2026-10-02 16:09:30,23.1,34,1.7,3758,61393.8,OK,18,436,1,1127.4,293
2026-10-02 16:09:46,23,34,1.8,3758,61469.2,OK,305,435,1,1127.4,293
2026-10-02 16:10:02,23,33,1.5,3758,61225.6,OK,357,434,1,1127.4,293
2026-10-02 16:10:18,23,33,1.4,3758,61135.7,OK,303,430,1,1127.4,293
2026-10-02 16:10:34,23,33,2.5,3758,61109.6,OK,355,433,1,1127.4,293
2026-10-02 16:10:50,22.9,33,2.4,3758,61150.2,OK,336,431,1,1127.4,293
2026-10-02 16:11:06,22.9,33,0.4,3758,60747.1,OK,323,431,1,1127.4,293
2026-10-02 16:11:22,23,33,1.5,3758,60509.3,OK,311,429,1,1127.4,293
2026-10-02 16:11:38,23,34,2.2,3758,60610.8,OK,63,429,1,1127.4,293
2026-10-02 16:11:54,22.9,34,2.5,3758,60431,OK,352,427,1,1127.4,293
2026-10-02 16:12:10,22.9,34,1.7,3758,60335.3,OK,109,427,1,1127.4,293
2026-10-02 16:12:26,23,34,1.1,3758,59946.7,OK,285,426,1,1127.4,293
2026-10-02 16:12:42,23.1,34,1.7,3758,59790.1,OK,246,426,1,1127.4,191
2026-10-02 16:12:58,23,34,2.1,3758,59897.4,OK,276,424,1,1127.4,191
2026-10-02 16:13:14,22.9,34,2.4,3758,59706,OK,353,423,1,1127.4,191
2026-10-02 16:13:30,22.9,34,1.5,3758,59650.9,OK,341,423,1,1127.4,191
2026-10-02 16:13:46,23,34,1,3758,59758.2,OK,308,422,1,1127.4,191
2026-10-02 16:14:02,23.1,34,2,3758,59703.1,OK,344,421,1,1127.4,191
2026-10-02 16:14:18,23.1,34,2.5,3758,59552.3,OK,326,420,1,1127.4,191
2026-10-02 16:14:34,23.1,35,1.3,3758,59439.2,OK,273,420,1,1127.4,191
2026-10-02 16:14:50,23.1,35,0.8,3758,59598.7,OK,316,418,1,1127.4,191
2026-10-02 16:15:06,23.2,35,0.8,3758,59474,OK,279,417,1,1127.4,191
2026-10-02 16:15:22,23.2,35,0.1,3758,59465.3,OK,239,418,1,1127.4,191
2026-10-02 16:15:38,23.4,35,1.7,3758,59520.4,OK,277,415,1,1127.4,191
2026-10-02 16:15:54,23.3,34,1.3,3758,59485.6,OK,292,415,1,1127.4,191
2026-10-02 16:16:10,23.3,34,2.5,3758,59450.8,OK,298,414,1,1127.4,191
2026-10-02 16:16:26,23.3,34,0.4,3758,59447.9,OK,222,413,1,1127.4,191
2026-10-02 16:16:42,23.3,34,2.1,3758,59500.1,OK,280,412,1,1127.4,191
2026-10-02 16:16:58,23.3,34,2.7,3758,59349.3,OK,48,411,1,1127.4,191
2026-10-02 16:17:14,23.2,34,1.5,3758,59195.6,OK,329,409,1,1127.4,191
2026-10-02 16:17:30,23.2,34,3.6,3758,59024.5,OK,310,410,1,1127.4,191
2026-10-02 16:17:46,23,33,3.1,3758,58876.6,OK,299,410,1,1127.4,50
2026-10-02 16:18:02,22.9,34,3.8,3758,58783.8,OK,284,409,1,1127.4,50
2026-10-02 16:18:18,22.8,34,3.9,3758,58644.6,OK,297,408,1,1127.4,50
2026-10-02 16:18:34,22.8,35,2.1,3758,58612.7,OK,273,405,1,1127.4,50
2026-10-02 16:18:50,22.7,35,2.2,3758,58438.7,OK,294,406,1,1127.4,50
2026-10-02 16:19:06,22.7,35,0.7,3758,58195.1,OK,327,405,1,1127.4,50
2026-10-02 16:19:22,22.8,35,0.6,3758,58128.4,OK,269,405,1,1127.4,50
2026-10-02 16:19:38,23.1,35,0.7,3758,58206.7,OK,306,404,1,1127.4,50
2026-10-02 16:20:26,23.3,34,2.5,3758,57861.6,OK,268,402,1,1127.4,50
2026-10-02 16:20:42,23.2,34,2.5,3758,57873.2,OK,276,400,1,1127.4,50
2026-10-02 16:20:58,23,33,2,3758,57719.5,OK,295,401,1,1127.4,50
2026-10-02 16:21:14,23.1,33,0.6,3758,57789.1,OK,311,400,1,1127.4,50
2026-10-02 16:21:30,23.1,33,0,3758,57539.7,OK,289,399,1,1127.4,50
2026-10-02 16:21:46,23.3,34,0,3758,57571.6,OK,50,397,1,1127.4,50
2026-10-02 16:22:02,23.4,33,0,3758,57620.9,OK,36,395,1,1127.4,50
2026-10-02 16:22:18,23.5,33,0.4,3758,57615.1,OK,15,397,1,1127.4,50
2026-10-02 16:22:34,23.5,33,0.6,3758,57403.4,OK,318,395,1,1127.4,50
2026-10-02 16:22:50,23.5,33,0,3758,57478.8,OK,267,394,1,1127.4,51
2026-10-02 16:23:06,23.6,33,0.4,3758,57554.2,OK,329,395,1,1127.4,51
2026-10-02 16:23:22,23.6,33,1.1,3758,57339.6,OK,347,393,1,1127.4,51
2026-10-02 16:23:38,23.6,33,1.5,3758,57374.4,OK,281,393,1,1127.4,51
2026-10-02 16:23:54,23.6,33,1.3,3758,57371.5,OK,288,390,1,1127.4,51
2026-10-02 16:24:10,23.6,33,1.4,3758,57365.7,OK,307,391,1,1127.4,51
2026-10-02 16:24:26,23.4,33,4.1,3758,57313.5,OK,322,390,1,1127.4,51
2026-10-02 16:24:42,23.2,33,1.5,3758,56887.2,OK,353,389,1,1127.4,51
2026-10-02 16:24:58,23.1,33,0.7,3758,56721.9,OK,315,388,1,1127.4,51
2026-10-02 16:25:14,23.2,33,1.3,3758,56414.5,OK,325,386,1,1127.4,51
2026-10-02 16:25:30,23.1,33,2.4,3758,56400,OK,329,386,1,1127.4,51
2026-10-02 16:25:46,23.1,33,1,3758,55918.6,OK,240,385,1,1127.4,51
2026-10-02 16:26:02,23,33,3.1,3758,55422.7,OK,0,383,1,1127.4,51
2026-10-02 16:26:18,22.9,33,3.5,3758,54796.3,OK,359,384,1,1127.4,51
2026-10-02 16:26:34,22.7,33,3.5,3758,54616.5,OK,312,382,1,1127.4,51
2026-10-02 16:26:50,22.6,33,3.4,3758,54341,OK,125,381,1,1127.4,51
2026-10-02 16:27:06,22.5,33,2,3758,54172.8,OK,16,381,1,1127.4,51
2026-10-02 16:27:22,22.5,33,1.8,3758,54314.9,OK,112,380,1,1127.4,51
2026-10-02 16:27:38,22.5,33,1.4,3758,54300.4,OK,290,379,1,1127.4,57
2026-10-02 16:27:54,22.6,34,1.4,3758,54372.9,OK,31,378,1,1127.4,57
2026-10-02 16:28:10,22.6,34,1,3758,54558.5,OK,273,377,1,1127.4,57
2026-10-02 16:28:26,22.7,34,1.3,3758,54865.9,OK,295,376,1,1127.4,57
2026-10-02 16:28:42,22.7,34,0.4,3758,54955.8,OK,35,376,1,1127.4,57
2026-10-02 16:28:58,22.8,34,1.4,3758,54790.5,OK,5,375,1,1127.4,57
2026-10-02 16:29:14,22.8,34,1.1,3758,54773.1,OK,249,373,1,1127.4,57
2026-10-02 16:29:30,22.9,34,0.3,3758,54691.9,OK,53,373,1,1127.4,57
2026-10-02 16:29:46,22.9,34,1,3758,54451.2,OK,354,372,1,1127.4,57
2026-10-02 16:30:02,22.9,34,0.8,3758,54471.5,OK,355,370,1,1127.4,57
2026-10-02 16:30:18,22.9,34,1.3,3758,54413.5,OK,300,370,1,1127.4,57
2026-10-02 16:30:34,22.8,34,1.1,3758,54343.9,OK,318,369,1,1127.4,57
2026-10-02 16:30:50,22.9,34,0.7,3758,54314.9,OK,267,368,1,1127.4,57
2026-10-02 16:31:06,23,34,0.8,3758,54410.6,OK,297,367,1,1127.4,57
2026-10-02 16:31:22,23,34,1,3758,54488.9,OK,261,366,1,1127.4,57
2026-10-02 16:31:38,23.1,35,0.1,3758,54433.8,OK,318,365,1,1127.4,57
2026-10-02 16:31:54,23.1,34,0.6,3758,54222.1,OK,299,364,1,1127.4,57
2026-10-02 16:32:10,23.2,34,0.6,3758,52708.3,OK,316,364,1,1127.4,57
2026-10-02 16:32:26,23.2,34,0.1,3758,51644,OK,335,363,1,1127.4,57
2026-10-02 16:32:42,23.3,34,1.3,3758,51043.7,OK,304,362,1,1127.4,43
2026-10-02 16:32:58,23.3,34,0.7,3758,50605.8,OK,305,360,1,1127.4,43
2026-10-02 16:33:14,23.3,35,1.3,3758,50713.1,OK,299,360,1,1127.4,43
2026-10-02 16:33:30,23.4,34,1.1,3758,50797.2,OK,316,359,1,1127.4,43
2026-10-02 16:33:46,23.4,34,0.6,3758,51168.4,OK,307,359,1,1127.4,43
2026-10-02 16:34:02,23.4,34,3.2,3758,51783.2,OK,28,356,1,1127.4,43
2026-10-02 16:34:18,23.1,34,3.9,3758,52917.1,OK,347,357,1,1127.4,43
2026-10-02 16:34:34,22.9,34,1.8,3758,53523.2,OK,51,356,1,1127.4,43
2026-10-02 16:34:50,22.8,35,0.7,3758,53378.2,OK,5,355,1,1127.4,43
2026-10-02 16:35:06,22.7,35,2.2,3758,53694.3,OK,313,354,1,1127.4,43
2026-10-02 16:35:22,22.7,35,3.8,3758,53807.4,OK,312,353,1,1127.4,43
2026-10-02 16:35:38,22.6,36,1.1,3758,53717.5,OK,334,352,1,1127.4,43
2026-10-02 16:35:54,22.6,36,1.5,3758,53772.6,OK,31,351,1,1127.4,43
2026-10-02 16:36:10,22.5,36,1.8,3758,53668.2,OK,213,351,1,1127.4,43
2026-10-02 16:36:26,22.5,36,0.8,3758,53618.9,OK,338,349,1,1127.4,43
2026-10-02 16:36:42,22.5,36,1.3,3758,53413,OK,280,348,1,1127.4,43
2026-10-02 16:36:58,22.6,36,1.4,3758,51919.5,OK,352,348,1,1127.4,43
2026-10-02 16:37:14,22.6,36,2.1,3758,50478.2,OK,45,347,1,1127.4,43
2026-10-02 16:37:30,22.5,35,1.7,3758,49367.5,OK,257,345,1,1127.4,43
2026-10-02 16:37:46,22.5,35,3.4,3758,48596.1,OK,317,346,1,1127.4,43
2026-10-02 16:38:02,22.4,35,1.5,3758,46908.3,OK,343,343,1,1127.4,43
2026-10-02 16:38:18,22.4,35,2.5,3758,45304.6,OK,232,343,1,1127.4,43
2026-10-02 16:38:34,22.4,35,0.3,3758,44539,OK,348,342,1,1127.4,43
2026-10-02 16:38:50,22.5,35,1.1,3758,44411.4,OK,3,340,1,1127.4,43
2026-10-02 16:39:06,22.5,35,1.1,3758,43753.1,OK,41,340,1,1127.4,43
2026-10-02 16:39:22,22.4,36,2,3758,43857.5,OK,306,339,1,1127.4,43
2026-10-02 16:39:38,22.4,36,2.4,3758,43982.2,OK,287,339,1,1127.4,43
2026-10-02 16:39:54,22.3,36,2.1,3758,43863.3,OK,300,337,1,1127.4,43
2026-10-02 16:40:10,22.3,36,1.1,3758,43187.6,OK,342,336,1,1127.4,43
2026-10-02 16:40:26,22.4,36,0.3,3758,43990.9,OK,17,336,1,1127.4,43
2026-10-02 16:40:42,22.4,36,1,3758,44283.8,OK,338,335,1,1127.4,43
2026-10-02 16:40:58,22.5,36,0.1,3758,44559.3,OK,303,333,1,1127.4,43
2026-10-02 16:41:14,22.6,36,0.8,3758,45400.3,OK,298,332,1,1127.4,43
2026-10-02 16:41:30,22.7,36,0.7,3758,47633.3,OK,342,331,1,1127.4,43
2026-10-02 16:41:46,22.6,36,1.3,3758,48564.2,OK,302,330,1,1127.4,43
2026-10-02 16:42:02,22.6,36,0.3,3758,49112.3,OK,269,330,1,1127.4,43
2026-10-02 16:42:18,22.7,36,0.1,3758,50185.3,OK,287,328,1,1127.4,43
2026-10-02 16:42:34,22.7,37,3.2,3758,51986.2,OK,358,328,1,1127.4,40
2026-10-02 16:42:50,22.5,37,2.1,3758,51812.2,OK,309,327,1,1127.4,40
2026-10-02 16:43:06,22.5,37,1.4,3758,50846.5,OK,341,325,1,1127.4,40
2026-10-02 16:43:22,22.5,37,0.4,3758,48854.2,OK,40,325,1,1127.4,40
2026-10-02 16:43:38,22.4,38,1.3,3758,47586.9,OK,307,324,1,1127.4,40
2026-10-02 16:43:54,22.5,38,1.7,3758,46511,OK,13,323,1,1127.4,40
2026-10-02 16:44:10,22.5,38,1,3758,45933.9,OK,31,322,1,1127.4,40
2026-10-02 16:44:26,22.5,36,2.2,3758,45858.5,OK,41,321,1,1127.4,40
2026-10-02 16:44:42,22.4,36,3.2,3758,45681.6,OK,318,321,1,1127.4,40
2026-10-02 16:44:58,22.3,36,2.7,3758,46154.3,OK,6,319,1,1127.4,40
2026-10-02 16:45:14,22.2,36,2.1,3758,46632.8,OK,4,319,1,1127.4,40
2026-10-02 16:45:30,22.2,37,1.1,3758,48175.6,OK,244,317,1,1127.4,40
2026-10-02 16:45:46,22.3,37,1.8,3758,49152.9,OK,273,316,1,1127.4,40
2026-10-02 16:46:02,22.3,37,1.8,3758,49196.4,OK,301,315,1,1127.4,40
2026-10-02 16:46:18,22.3,37,0.8,3758,49164.5,OK,295,315,1,1127.4,40
2026-10-02 16:46:34,22.4,37,2.5,3758,49158.7,OK,298,313,1,1127.4,40
2026-10-02 16:46:50,22.4,37,2,3758,49010.8,OK,274,313,1,1127.4,40
2026-10-02 16:47:06,22.4,37,1.4,3758,48741.1,OK,21,312,1,1127.4,40
2026-10-02 16:47:22,22.4,37,2.7,3758,47430.3,OK,283,310,1,1127.4,40
2026-10-02 16:47:38,22.3,37,4.3,3758,45728,OK,265,310,1,1127.4,40
2026-10-02 16:47:54,22.2,38,2.7,3758,44649.2,OK,308,308,1,1127.4,40
2026-10-02 16:48:10,22.1,38,1.8,3758,44217.1,OK,265,308,1,1127.4,40
2026-10-02 16:48:26,22.1,38,1.3,3758,43909.7,OK,305,307,1,1127.4,40
2026-10-02 16:48:42,22.1,38,1,3758,43880.7,OK,342,305,1,1127.4,40
2026-10-02 16:48:58,22.1,38,2.2,3758,44249,OK,291,303,1,1127.4,40
2026-10-02 16:50:18,22.3,36,2.2,3758,48340.9,OK,18,300,1,1127.4,44
2026-10-02 16:50:34,22.2,36,3.5,3758,48326.4,OK,314,299,1,1127.4,44
2026-10-02 16:50:50,22.1,36,2.2,3758,48201.7,OK,252,298,1,1127.4,44
2026-10-02 16:51:06,22.2,36,1.1,3758,48120.5,OK,90,297,1,1127.4,44
2026-10-02 16:51:22,22.3,36,1.3,3758,48239.4,OK,289,296,1,1127.4,44
2026-10-02 16:51:38,22.3,36,0.6,3758,48161.1,OK,294,295,1,1127.4,44
2026-10-02 16:51:54,22.5,36,1,3758,48004.5,OK,355,294,1,1127.4,44
2026-10-02 16:52:10,22.4,37,1.7,3758,48030.6,OK,342,293,1,1127.4,44
2026-10-02 16:52:26,22.4,37,2.5,3758,47749.3,OK,250,293,1,1127.4,44
2026-10-02 16:52:42,22.3,37,2.9,3758,47642,OK,335,291,1,1127.4,37
2026-10-02 16:52:58,22.2,38,1.8,3758,47734.8,OK,333,290,1,1127.4,37
2026-10-02 16:53:14,22.2,38,2.7,3758,47821.8,OK,280,289,1,1127.4,37
2026-10-02 16:53:30,22.2,38,2.8,3758,48198.8,OK,286,287,1,1127.4,37
2026-10-02 16:53:46,22.2,38,1.3,3758,48451.1,OK,49,288,1,1127.4,37
2026-10-02 16:54:02,22.2,38,2.4,3758,49448.7,OK,309,287,1,1127.4,37
2026-10-02 16:54:18,22.2,39,2.2,3758,49869.2,OK,27,285,1,1127.4,37
2026-10-02 16:54:34,22.2,39,0.6,3758,49976.5,OK,252,285,1,1127.4,37
2026-10-02 16:54:50,22.2,39,0,3758,50208.5,OK,339,283,1,1127.4,37
2026-10-02 16:55:06,22.4,39,1.3,3758,50060.6,OK,250,283,1,1127.4,37
2026-10-02 16:55:22,22.4,39,1.5,3758,49512.5,OK,321,281,1,1127.4,37
2026-10-02 16:55:38,22.5,38,2,3758,49213.8,OK,294,280,1,1127.4,37
2026-10-02 16:55:54,22.4,38,1,3758,49222.5,OK,270,279,1,1127.4,37
2026-10-02 16:56:10,22.5,39,1.4,3758,49234.1,OK,286,279,1,1127.4,37
2026-10-02 16:56:26,22.4,39,0.8,3758,49399.4,OK,291,278,1,1127.4,37
2026-10-02 16:56:42,22.4,38,0.3,3758,48512,OK,152,277,1,1127.4,37
2026-10-02 16:56:58,22.4,38,0.6,3758,47595.6,OK,253,275,1,1127.4,37
2026-10-02 16:57:14,22.4,38,2.2,3758,47062,OK,332,274,1,1127.4,37
2026-10-02 16:57:30,22.3,38,3.8,3758,46635.7,OK,76,274,1,1127.4,37
2026-10-02 16:57:46,22.2,38,1.4,3758,46571.9,OK,260,273,1,1127.4,35
2026-10-02 16:58:02,22.2,38,0.6,3758,45414.8,OK,353,272,1,1127.4,35
2026-10-02 16:58:18,22.2,38,1.3,3758,44420.1,OK,298,270,1,1127.4,35
2026-10-02 16:58:34,22.2,38,1.5,3758,43967.7,OK,47,269,1,1127.4,35
2026-10-02 16:58:50,22.2,38,0.7,3758,44046,OK,308,268,1,1127.4,35
2026-10-02 16:59:06,22.3,38,1.3,3758,44539,OK,331,267,1,1127.4,35
2026-10-02 16:59:22,22.3,38,1,3758,45127.7,OK,315,266,1,1127.4,35
2026-10-02 16:59:38,22.3,39,1.5,3758,45542.4,OK,284,265,1,1127.4,35
2026-10-02 16:59:54,22.3,39,1.7,3758,47186.7,OK,258,265,1,1127.4,35
2026-10-02 17:00:10,22.4,38,1.7,3758,48616.4,OK,307,263,1,1127.4,35
2026-10-02 17:00:26,22.3,38,2.5,3758,50341.9,OK,300,262,1,1127.4,35
2026-10-02 17:00:42,22.3,39,2.1,3758,51298.9,OK,14,262,1,1127.4,35
2026-10-02 17:00:58,22.2,39,2.1,3758,50878.4,OK,243,260,1,1127.4,35
2026-10-02 17:01:14,22.1,39,3.6,3758,50150.5,OK,305,259,1,1127.4,35
2026-10-02 17:01:30,22.1,39,2.4,3758,49135.5,OK,16,258,1,1127.4,35
2026-10-02 17:01:46,22.1,39,1.3,3758,48172.7,OK,35,257,1,1127.4,35
2026-10-02 17:02:02,22.1,39,1.5,3758,46722.7,OK,296,256,1,1127.4,35
2026-10-02 17:02:18,22.1,39,0.7,3758,45116.1,OK,41,255,1,1127.4,35
2026-10-02 17:02:34,22.2,39,0.6,3758,43918.4,OK,291,255,1,1127.4,34
2026-10-02 17:02:50,22.3,39,0,3758,43431.2,OK,299,252,1,1127.4,34
2026-10-02 17:03:06,22.4,39,1,3758,43286.2,OK,285,252,1,1127.4,34
2026-10-02 17:03:22,22.4,39,0.8,3758,43228.2,OK,340,251,1,1127.4,34
2026-10-02 17:03:38,22.4,39,1,3758,42639.5,OK,242,251,1,1127.4,34
2026-10-02 17:03:54,22.4,38,1.5,3758,42830.9,OK,278,250,1,1127.4,34
2026-10-02 17:04:10,22.4,38,2.1,3758,42622.1,OK,278,249,1,1127.4,34
2026-10-02 17:04:26,22.4,38,1.7,3758,42152.3,OK,348,248,1,1127.4,34
2026-10-02 17:04:42,22.4,38,3.1,3758,42326.3,OK,280,246,1,1127.4,34
2026-10-02 17:04:58,22.3,38,2.4,3758,42308.9,OK,284,245,1,1127.4,34
2026-10-02 17:05:14,22.2,38,1.3,3758,41844.9,OK,317,245,1,1127.4,34
2026-10-02 17:05:30,22.2,38,4.2,3758,41760.8,OK,302,243,1,1127.4,34
2026-10-02 17:05:46,22,38,2.2,3758,41856.5,OK,329,243,1,1127.4,34
2026-10-02 17:06:02,22,38,1.1,3758,41633.2,OK,342,242,1,1127.4,34
2026-10-02 17:06:18,22.1,38,1.1,3758,41444.7,OK,41,241,1,1127.4,34
2026-10-02 17:06:34,22,38,0.6,3758,41244.6,OK,300,239,1,1127.4,34
2026-10-02 17:06:50,22.1,38,1.3,3758,41154.7,OK,320,239,1,1127.4,34
2026-10-02 17:07:06,22.1,37,2,3758,41012.6,OK,331,237,1,1127.4,34
2026-10-02 17:07:22,22.1,37,2.5,3758,40827,OK,314,236,1,1127.4,34
2026-10-02 17:07:38,22,37,1.4,3758,40760.3,OK,296,236,1,1127.4,32
2026-10-02 17:07:54,22,38,1.7,3758,40586.3,OK,86,234,1,1127.4,32
2026-10-02 17:08:10,22,38,2.5,3758,40487.7,OK,6,233,1,1127.4,32
2026-10-02 17:08:26,22,38,1.3,3758,40299.2,OK,16,231,1,1127.4,32
2026-10-02 17:08:42,22.1,38,0.4,3758,40142.6,OK,325,231,1,1127.4,32
2026-10-02 17:08:58,22.1,38,2,3758,40087.5,OK,334,230,1,1127.4,32
2026-10-02 17:09:14,22.1,38,0.3,3758,39991.8,OK,316,229,1,1127.4,32
2026-10-02 17:09:30,22.2,38,0.1,3758,39922.2,OK,347,228,1,1127.4,32
2026-10-02 17:09:46,22.2,38,0.4,3758,39791.7,OK,301,227,1,1127.4,32
2026-10-02 17:10:02,22.3,38,0.7,3758,39609,OK,316,225,1,1127.4,32
2026-10-02 17:10:18,22.4,38,0.8,3758,39635.1,OK,276,225,1,1127.4,32
2026-10-02 17:10:34,22.5,38,0,3758,39530.7,OK,337,224,1,1127.4,32
2026-10-02 17:10:50,22.5,38,0.8,3758,39469.8,OK,281,223,1,1127.4,32
2026-10-02 17:11:06,22.4,38,1.7,3758,39234.9,OK,326,222,1,1127.4,32
2026-10-02 17:11:22,22.4,38,0.1,3758,39089.9,OK,288,220,1,1127.4,32
2026-10-02 17:11:38,22.4,38,0.1,3758,39034.8,OK,349,220,1,1127.4,32
2026-10-02 17:11:54,22.4,37,0.8,3758,38895.6,OK,43,219,1,1127.4,32
2026-10-02 17:12:10,22.4,37,2,3758,38704.2,OK,266,218,1,1127.4,32
2026-10-02 17:12:26,22.3,37,2.5,3758,38591.1,OK,306,217,1,1127.4,32
2026-10-02 17:12:42,22.2,37,1.1,3758,38512.8,OK,277,216,1,1127.4,31
2026-10-02 17:12:58,22.1,38,2.1,3758,38391,OK,288,214,1,1127.4,31
2026-10-02 17:13:14,22,38,2.4,3758,38002.4,OK,268,214,1,1127.4,31
2026-10-02 17:13:30,21.9,37,2.9,3758,37999.5,OK,26,213,1,1127.4,31
2026-10-02 17:13:46,21.8,38,1.5,3758,37697.9,OK,283,211,1,1127.4,31
2026-10-02 17:14:02,21.8,38,2,3758,37654.4,OK,317,211,1,1127.4,31
2026-10-02 17:14:18,21.8,38,2.1,3758,37436.9,OK,300,209,1,1127.4,31
2026-10-02 17:14:34,21.7,39,0.8,3758,37289,OK,272,208,1,1127.4,31
2026-10-02 17:14:50,21.8,39,2.1,3758,37161.4,OK,285,208,1,1127.4,31
2026-10-02 17:15:06,21.7,39,2.1,3758,36938.1,OK,356,206,1,1127.4,31
2026-10-02 17:15:22,21.7,39,1.3,3758,36822.1,OK,302,206,1,1127.4,31
2026-10-02 17:15:38,21.6,39,2.1,3758,36709,OK,279,203,1,1127.4,31
2026-10-02 17:15:54,21.6,40,2.7,3758,36421.9,OK,317,203,1,1127.4,31
2026-10-02 17:16:10,21.6,39,4.2,3758,36355.2,OK,278,202,1,1127.4,31
2026-10-02 17:16:26,21.5,39,2.2,3758,35595.4,OK,285,201,1,1127.4,31
2026-10-02 17:16:42,21.5,39,1.4,3758,34545.6,OK,323,200,1,1127.4,31
2026-10-02 17:16:58,21.6,39,1.8,3758,31613.7,OK,297,198,1,1127.4,31
2026-10-02 17:17:14,21.5,40,1.3,3758,30752.4,OK,346,198,1,1127.4,31
2026-10-02 17:17:30,21.6,40,1.8,3758,29055.9,OK,355,197,1,1127.4,31
2026-10-02 17:17:46,21.6,39,1.4,3758,28606.4,OK,282,196,1,1127.4,31
2026-10-02 17:18:02,21.6,40,1.4,3758,26706.9,OK,252,195,1,1127.4,31
2026-10-02 17:18:18,21.6,39,1.1,3758,28446.9,OK,281,194,1,1127.4,31
2026-10-02 17:18:34,21.6,39,0.6,3758,29395.2,OK,350,192,1,1127.4,31
2026-10-02 17:18:50,21.6,39,0.8,3758,30311.6,OK,318,192,1,1127.4,31
2026-10-02 17:19:06,21.6,40,1.4,3758,32254.6,OK,292,190,1,1127.4,31
2026-10-02 17:19:22,21.6,40,1.3,3758,33275.4,OK,281,190,1,1127.4,31
2026-10-02 17:19:38,21.6,40,2.5,3758,33263.8,OK,268,189,1,1127.4,31
2026-10-02 17:19:54,21.6,40,0.8,3758,32939,OK,345,187,1,1127.4,30
2026-10-02 17:20:10,21.6,40,0.1,3758,31364.3,OK,337,187,1,1127.4,30
2026-10-02 17:20:26,21.6,40,1.1,3758,29572.1,OK,318,185,1,1127.4,30
2026-10-02 17:20:42,21.6,40,2,3758,28429.5,OK,357,185,1,1127.4,30
2026-10-02 17:20:58,21.5,40,3.8,3758,26489.4,OK,339,183,1,1127.4,30
2026-10-02 17:21:14,21.5,41,3.9,3758,23841.7,OK,12,182,1,1127.4,30
2026-10-02 17:21:30,21.4,41,1.8,3758,26875.1,OK,300,181,1,1127.4,30
2026-10-02 17:21:46,21.4,41,1.7,3758,27255,OK,325,181,1,1127.4,30
2026-10-02 17:22:02,21.4,41,0.1,3758,28484.6,OK,308,179,1,1127.4,30
2026-10-02 17:22:18,21.4,41,0.7,3758,30004.2,OK,23,179,1,1127.4,30
2026-10-02 17:22:34,21.5,41,1.7,3758,31422.3,OK,288,177,1,1127.4,30
2026-10-02 17:22:50,21.4,40,2.8,3758,30984.4,OK,266,176,1,1127.4,28
2026-10-02 17:23:06,21.4,40,2.1,3758,30894.5,OK,49,175,1,1127.4,28
2026-10-02 17:23:22,21.4,41,2.2,3758,30781.4,OK,284,174,1,1127.4,28
2026-10-02 17:23:38,21.3,41,2.7,3758,30781.4,OK,288,173,1,1127.4,28
2026-10-02 17:23:54,21.3,41,2.2,3758,29882.4,OK,284,172,1,1127.4,28
2026-10-02 17:24:10,21.3,41,0.8,3758,30181.1,OK,49,171,1,1127.4,28
2026-10-02 17:24:26,21.3,41,1.4,3758,29476.4,OK,329,170,1,1127.4,28
2026-10-02 17:24:42,21.3,41,1.5,3758,29151.6,OK,347,169,1,1127.4,28
2026-10-02 17:24:58,21.3,41,1.3,3758,28313.5,OK,298,168,1,1127.4,28
2026-10-02 17:25:14,21.3,41,1,3758,28014.8,OK,325,167,1,1127.4,28
2026-10-02 17:25:30,21.3,41,1.8,3758,27304.3,OK,284,165,1,1127.4,28
2026-10-02 17:25:46,21.2,41,1.1,3758,26263.2,OK,300,165,1,1127.4,28
2026-10-02 17:26:02,21.3,41,2.8,3758,26956.3,OK,26,164,1,1127.4,28
2026-10-02 17:26:18,21.2,41,0.7,3758,27075.2,OK,252,163,1,1127.4,28
2026-10-02 17:26:34,21.2,41,1.5,3758,26759.1,OK,18,162,1,1127.4,28
2026-10-02 17:26:50,21.3,41,1.4,3758,21605.8,OK,241,161,1,1127.4,28
2026-10-02 17:27:06,21.3,41,1.4,3758,24856.7,OK,1,160,1,1127.4,28
2026-10-02 17:27:22,21.3,40,0.4,3758,23125.4,OK,258,159,1,1127.4,28
2026-10-02 17:27:38,21.4,40,0.3,3758,20918.5,OK,301,157,1,1127.4,30
2026-10-02 17:27:54,21.4,40,1.4,3758,20065.9,OK,212,156,1,1127.4,30
2026-10-02 17:28:10,21.3,40,1.1,3758,22055.3,OK,334,156,1,1127.4,30
2026-10-02 17:28:26,21.4,40,0.6,3758,22678.8,OK,321,155,1,1127.4,30
2026-10-02 17:28:42,21.4,40,0.1,3758,22896.3,OK,316,154,1,1127.4,30
2026-10-02 17:28:58,21.4,40,0,3758,23081.9,OK,21,152,1,1127.4,30
2026-10-02 17:29:14,21.4,40,0.6,3758,23444.4,OK,328,151,1,1127.4,30
2026-10-02 17:29:30,21.4,40,0.7,3758,24987.2,OK,267,151,1,1127.4,30
2026-10-02 17:29:46,21.5,40,1.1,3758,26445.9,OK,307,149,1,1127.4,30
2026-10-02 17:30:02,21.4,39,0.3,3758,25967.4,OK,357,149,1,1127.4,30
2026-10-02 17:30:18,21.5,39,0,3758,25602,OK,2,147,1,1127.4,30
2026-10-02 17:30:34,21.5,39,0.8,3758,25158.3,OK,313,146,1,1127.4,30
2026-10-02 17:30:50,21.4,39,0.8,3758,25022,OK,351,145,1,1127.4,30
2026-10-02 17:31:06,21.4,39,0,3758,25019.1,OK,312,144,1,1127.4,30
2026-10-02 17:31:22,21.5,40,0.3,3758,24697.2,OK,298,144,1,1127.4,30
2026-10-02 17:31:38,21.5,40,1.4,3758,24082.4,OK,333,143,1,1127.4,30
2026-10-02 17:31:54,21.5,40,2.2,3758,22684.6,OK,334,141,1,1127.4,30
2026-10-02 17:32:10,21.4,40,1.8,3758,22319.2,OK,351,140,1,1127.4,30
2026-10-02 17:32:26,21.3,40,1.4,3758,21095.4,OK,289,139,1,1127.4,30
2026-10-02 17:32:42,21.3,41,0.1,3758,21231.7,OK,300,138,1,1127.4,24
2026-10-02 17:32:58,21.3,41,0.3,3758,21260.7,OK,18,137,1,1127.4,24
2026-10-02 17:33:14,21.3,41,1.3,3758,20312.4,OK,299,137,1,1127.4,24
2026-10-02 17:33:30,21.2,41,1,3758,19900.6,OK,51,135,1,1127.4,24
2026-10-02 17:33:46,21.2,41,1.5,3758,20161.6,OK,352,134,1,1127.4,24
2026-10-02 17:34:02,21.2,41,3.5,3758,16977.4,OK,308,133,1,1127.4,24
2026-10-02 17:34:18,21.1,41,2.4,3758,22049.5,OK,321,132,1,1127.4,24
2026-10-02 17:34:34,21.1,41,0.3,3758,21730.5,OK,269,131,1,1127.4,24
2026-10-02 17:34:50,21.2,41,0,3758,22461.3,OK,305,130,1,1127.4,24
2026-10-02 17:35:06,21.2,41,0,3758,23348.7,OK,329,129,1,1127.4,24
2026-10-02 17:35:22,21.2,40,0.1,3758,23450.2,OK,86,128,1,1127.4,24
2026-10-02 17:35:38,21.3,40,1.1,3758,23940.3,OK,331,127,1,1127.4,24
2026-10-02 17:35:54,21.2,40,1.3,3758,23398,OK,276,126,1,1127.4,24
2026-10-02 17:36:10,21.2,40,2.1,3758,22583.1,OK,345,125,1,1127.4,24
2026-10-02 17:36:26,21.2,40,0.8,3758,21382.5,OK,300,124,1,1127.4,24
2026-10-02 17:36:42,21.2,41,0.6,3758,20135.5,OK,225,123,1,1127.4,24
2026-10-02 17:36:58,21.2,40,1.3,3758,18847.9,OK,316,123,1,1127.4,24
2026-10-02 17:37:14,21.1,41,1.3,3758,17943.1,OK,284,121,1,1127.4,24
2026-10-02 17:37:30,21.1,41,1.5,3758,16754.1,OK,17,121,1,1127.4,24
2026-10-02 17:37:46,21.1,41,1.3,3758,15402.7,OK,311,119,1,1127.4,22
2026-10-02 17:38:02,21.1,41,1.5,3758,15431.7,OK,286,118,1,1127.4,22
2026-10-02 17:38:18,21,41,0.7,3758,14903.9,OK,29,117,1,1127.4,22
2026-10-02 17:38:34,21,41,0.4,3758,14033.9,OK,134,117,1,1127.4,22
2026-10-02 17:38:50,21,41,0.1,3758,13807.7,OK,288,116,1,1127.4,22
2026-10-02 17:39:06,21,42,0.4,3758,13714.9,OK,57,114,1,1127.4,22
2026-10-02 17:39:22,21,42,0.3,3758,13297.3,OK,35,113,1,1127.4,22
2026-10-02 17:39:38,21.1,42,0,3758,13903.4,OK,303,113,1,1127.4,22
2026-10-02 17:39:54,21.1,42,0,3758,14553,OK,248,111,1,1127.4,22
2026-10-02 17:40:10,21.1,42,2,3758,12911.6,OK,303,110,1,1127.4,22
2026-10-02 17:40:26,21.1,42,1.3,3758,15365,OK,261,110,1,1127.4,22
2026-10-02 17:40:42,21.1,42,0.7,3758,16026.2,OK,263,109,1,1127.4,22
2026-10-02 17:40:58,21.1,41,2.5,3758,16904.9,OK,315,107,1,1127.4,22
2026-10-02 17:41:14,21,42,2.4,3758,17212.3,OK,311,106,1,1127.4,22
2026-10-02 17:41:30,21,42,0.8,3758,17708.2,OK,358,106,1,1127.4,22
2026-10-02 17:41:46,20.9,42,0.6,3758,16699,OK,277,105,1,1127.4,22
2026-10-02 17:42:02,20.9,41,0.6,3758,16011.7,OK,351,104,1,1127.4,22
2026-10-02 17:42:18,20.9,42,0,3758,15414.3,OK,57,103,1,1127.4,22
2026-10-02 17:42:34,21,42,0,3758,14323.9,OK,264,102,1,1127.4,19
2026-10-02 17:42:50,21,42,0.1,3758,13355.3,OK,318,101,1,1127.4,19
2026-10-02 17:43:06,21,41,0.6,3758,12644.8,OK,215,100,1,1127.4,19
2026-10-02 17:43:22,20.9,41,0.7,3758,11725.5,OK,292,99,1,1127.4,19
2026-10-02 17:43:38,20.9,41,1.7,3758,10957,OK,275,98,0,1127.4,19
2026-10-02 17:43:54,20.9,41,1.3,3758,9910.6,OK,285,97,0,1127.4,19
2026-10-02 17:44:10,20.8,41,2.2,3758,9548,OK,303,96,0,1127.4,19
2026-10-02 17:44:26,20.8,41,3.5,3758,9440.7,OK,291,95,0,1127.4,19
2026-10-02 17:44:42,20.7,41,2.9,3758,7964.4,OK,297,94,0,1127.4,19
2026-10-02 17:44:58,20.7,41,1.8,3758,7775.7,OK,306,94,0,1127.4,19
2026-10-02 17:45:14,20.6,41,1.3,3758,7316.9,OK,332,92,0,1127.4,19
2026-10-02 17:45:30,20.7,41,0.7,3758,7098.6,OK,9,92,0,1127.4,19
2026-10-02 17:45:46,20.7,41,1.1,3758,7276.2,OK,276,91,0,1127.4,19
2026-10-02 17:46:02,20.7,41,0.3,3758,6972.8,OK,312,90,0,1127.4,19
2026-10-02 17:46:18,20.7,41,0.4,3758,7072.7,OK,311,89,0,1127.4,19
2026-10-02 17:46:34,20.7,41,1.1,3758,7968.1,OK,288,88,0,1127.4,19
2026-10-02 17:46:50,20.7,41,0.7,3758,7239.2,OK,73,87,0,1127.4,19
2026-10-02 17:47:06,20.7,41,1.5,3758,7809,OK,341,86,0,1127.4,19
2026-10-02 17:47:22,20.6,41,1,3758,8082.8,OK,300,86,0,1127.4,19
2026-10-02 17:47:38,20.6,41,2,3758,8264.1,OK,281,85,0,1127.4,19
2026-10-02 17:47:54,20.6,42,1.7,3758,8848.7,OK,52,83,0,1127.4,19
2026-10-02 17:48:10,20.5,42,2.5,3758,10287.1,OK,272,83,0,1127.4,19
2026-10-02 17:48:26,20.5,42,1.4,3758,11067.2,OK,15,82,0,1127.4,19
2026-10-02 17:48:42,20.5,42,0.8,3758,11748.7,OK,317,81,0,1127.4,19
2026-10-02 17:48:58,20.5,42,2.2,3758,11806.7,OK,352,80,0,1127.4,19
2026-10-02 17:49:14,20.4,42,1.5,3758,12929,OK,285,79,0,1127.4,19
2026-10-02 17:49:30,20.4,43,3.1,3758,12679.6,OK,253,78,0,1127.4,17
2026-10-02 17:49:46,20.4,43,2.2,3758,12488.2,OK,305,77,0,1127.4,17
2026-10-02 17:50:02,20.3,43,2,3758,12064.8,OK,332,76,0,1127.4,17
2026-10-02 17:50:18,20.3,43,1.3,3758,11754.5,OK,43,75,0,1127.4,17
2026-10-02 17:50:34,20.3,42,2.8,3758,11006.3,OK,312,74,0,1127.4,17
2026-10-02 17:50:50,20.3,42,2.2,3758,10232,OK,238,74,0,1127.4,17
2026-10-02 17:51:06,20.3,42,1.7,3758,9869.9,OK,259,73,0,1127.4,17
2026-10-02 17:51:22,20.3,43,0.7,3758,8523.1,OK,276,73,0,1127.4,17
2026-10-02 17:51:38,20.3,42,1.8,3758,8049.5,OK,251,71,0,1127.4,17
2026-10-02 17:51:54,20.3,42,1.1,3758,7638.8,OK,289,70,0,1127.4,17
2026-10-02 17:52:10,20.3,42,0.4,3758,7564.8,OK,307,69,0,1127.4,17
2026-10-02 17:52:26,20.4,43,1.3,3758,7753.5,OK,292,68,0,1127.4,17
2026-10-02 17:52:42,20.4,43,0.3,3758,7816.4,OK,308,67,0,1127.4,15
2026-10-02 17:52:58,20.3,43,0.4,3758,7557.4,OK,277,67,0,1127.4,15
2026-10-02 17:53:14,20.3,43,1.5,3758,6902.5,OK,296,66,0,1127.4,15
2026-10-02 17:53:30,20.3,42,1.4,3758,6887.7,OK,291,66,0,1127.4,15
2026-10-02 17:53:46,20.3,43,1.8,3758,6547.3,OK,295,64,0,1127.4,15
2026-10-02 17:54:02,20.3,42,1.1,3758,6854.4,OK,291,64,0,1127.4,15
2026-10-02 17:54:18,20.3,42,0.4,3758,6824.8,OK,220,63,0,1127.4,15
2026-10-02 17:54:34,20.3,42,1,3758,7009.8,OK,267,62,0,1127.4,15
2026-10-02 17:54:50,20.3,42,3.1,3758,6044.1,OK,307,60,0,1127.4,15
2026-10-02 17:55:06,20.2,42,0.8,3758,5944.2,OK,26,60,0,1127.4,15
2026-10-02 17:55:22,20.2,42,0.3,3758,5799.9,OK,262,59,0,1127.4,15
2026-10-02 17:55:38,20.2,42,0.3,3758,5078.4,OK,16,59,0,1127.4,15
2026-10-02 17:55:54,20.2,42,0.3,3758,4386.5,OK,331,58,0,1127.4,15
2026-10-02 17:56:10,20.2,42,0.1,3758,3912.9,OK,49,57,0,1127.4,15
2026-10-02 17:56:26,20.2,43,0.6,3758,3676.1,OK,332,56,0,1127.4,15
2026-10-02 17:56:42,20.2,43,1.7,3758,3361.6,OK,263,55,0,1127.4,15
2026-10-02 17:56:58,20.2,43,1.7,3758,2976.8,OK,295,54,0,1127.4,15
2026-10-02 17:57:14,20.2,43,1.3,3758,2839.9,OK,293,54,0,1127.4,15
2026-10-02 17:57:30,20.1,43,0.1,3758,2799.2,OK,286,53,0,1127.4,15
2026-10-02 17:57:46,20.1,43,1.5,3758,2654.9,OK,283,53,0,1127.4,13
2026-10-02 17:58:02,20.1,43,1.1,3758,2603.1,OK,328,52,0,1127.4,13
2026-10-02 17:58:18,20.1,43,1.7,3758,2499.5,OK,324,51,0,1127.4,13
2026-10-02 17:58:34,20.1,43,1.4,3758,2399.6,OK,258,50,0,1127.4,13
2026-10-02 17:58:50,20,43,2.1,3758,2355.2,OK,271,50,0,1127.4,13
2026-10-02 17:59:06,20,43,2.7,3758,2318.2,OK,7,48,0,1127.4,13
2026-10-02 17:59:22,20,43,1.7,3758,2281.2,OK,6,47,0,1127.4,13
2026-10-02 17:59:38,20,43,1.7,3758,2244.2,OK,182,47,0,1127.4,13
2026-10-02 17:59:54,20,43,1.7,3758,2207.2,OK,285,46,0,1127.4,13
2026-10-02 18:00:10,20.1,43,2.9,3758,2173.9,OK,353,45,0,1127.4,13
2026-10-02 18:00:26,20,43,2.8,3758,2140.6,OK,61,45,0,1127.4,13
2026-10-02 18:00:42,20,43,1.3,3758,2103.6,OK,266,44,0,1127.4,13
2026-10-02 18:00:58,20,43,0.4,3758,2070.3,OK,345,43,0,1127.4,13
2026-10-02 18:01:14,20,43,0,3758,2033.3,OK,336,43,0,1127.4,13
2026-10-02 18:01:30,20,43,0,3758,2000,OK,339,42,0,1127.4,13
2026-10-02 18:01:46,20,43,0,3758,1716.8,OK,318,41,0,1127.4,13
2026-10-02 18:02:02,20,44,1,3758,1683.5,OK,242,41,0,1127.4,13
2026-10-02 18:02:18,19.9,44,2.8,3758,1650.2,OK,299,40,0,1127.4,13
2026-10-02 18:02:34,19.9,44,2.4,3758,1620.6,OK,319,39,0,1127.4,9
2026-10-02 18:02:50,19.9,44,2.8,3758,1781.5,OK,250,39,0,1127.4,9
2026-10-02 18:03:06,20,44,1.4,3758,1739.9,OK,324,38,0,1127.4,9
2026-10-02 18:03:22,20,44,0.3,3758,1706.6,OK,268,37,0,1127.4,9
2026-10-02 18:03:38,19.9,44,0,3758,1665,OK,228,37,0,1127.4,9
2026-10-02 18:03:54,19.9,44,0.8,3758,1627.5,OK,309,36,0,1127.4,9
2026-10-02 18:04:10,19.9,44,0.3,3758,1594.2,OK,342,35,0,1127.4,9
2026-10-02 18:04:26,19.9,44,1,3758,1552.6,OK,281,34,0,1127.4,9
2026-10-02 18:04:42,19.9,44,2.1,3758,1519.3,OK,304,33,0,1127.4,9
2026-10-02 18:04:58,19.8,44,1.1,3758,1486,OK,283,33,0,1127.4,9
2026-10-02 18:05:14,19.8,44,0.6,3758,1448.5,OK,272,32,0,1127.4,9
2026-10-02 18:05:30,19.9,45,0.7,3758,1411,OK,21,31,0,1127.4,9
2026-10-02 18:05:46,19.9,45,0.6,3758,1373.6,OK,6,31,0,1127.4,9
2026-10-02 18:06:02,19.8,45,1.8,3758,1340.3,OK,41,31,0,1127.4,9
2026-10-02 18:06:18,19.9,45,0.3,3758,1302.8,OK,292,30,0,1127.4,9
2026-10-02 18:06:34,19.8,45,0.4,3758,1269.5,OK,307,30,0,1127.4,9
2026-10-02 18:06:50,19.8,45,1.8,3758,1236.2,OK,10,29,0,1127.4,9
2026-10-02 18:07:06,19.8,45,3.5,3758,1198.8,OK,282,28,0,1127.4,9
2026-10-02 18:07:22,19.8,45,2.1,3758,1169.6,OK,333,27,0,1127.4,9
2026-10-02 18:07:38,19.8,45,1,3758,1132.2,OK,349,27,0,1127.4,6
2026-10-02 18:07:54,19.8,45,1.3,3758,1098.9,OK,342,26,0,1127.4,6
2026-10-02 18:08:10,19.8,45,2,3758,1065.6,OK,271,26,0,1127.4,6
2026-10-02 18:08:26,19.8,45,0.8,3758,1032.3,OK,271,25,0,1127.4,6
2026-10-02 18:08:42,19.8,45,0.1,3758,999,OK,330,25,0,1127.4,6
2026-10-02 18:08:58,19.8,45,0.3,3758,965.7,OK,295,24,0,1127.4,6
2026-10-02 18:09:14,19.8,45,0.4,3758,932.4,OK,354,24,0,1127.4,6
2026-10-02 18:09:30,19.8,45,0.6,3758,903.2,OK,321,23,0,1127.4,6
2026-10-02 18:09:46,19.8,45,1.5,3758,869.9,OK,306,22,0,1127.4,6
2026-10-02 18:10:02,19.8,45,1.5,3758,840.8,OK,290,22,0,1127.4,6
2026-10-02 18:10:18,19.8,45,1,3758,811.6,OK,213,22,0,1127.4,6
2026-10-02 18:10:34,19.8,45,2.4,3758,786.7,OK,241,21,0,1127.4,6
2026-10-02 18:10:50,19.8,45,2.4,3758,757.5,OK,276,20,0,1127.4,6
2026-10-02 18:11:06,19.8,45,2.7,3758,728.4,OK,322,20,0,1127.4,6
2026-10-02 18:11:22,19.7,45,2.4,3758,703.4,OK,287,19,0,1127.4,6
2026-10-02 18:11:38,19.7,45,0.7,3758,674.3,OK,115,19,0,1127.4,6
2026-10-02 18:11:54,19.8,45,2.4,3758,645.1,OK,264,18,0,1127.4,6
2026-10-02 18:12:10,19.8,44,2.1,3758,620.2,OK,295,18,0,1127.4,6
2026-10-02 18:12:26,19.8,45,1.5,3758,595.2,OK,306,18,0,1127.4,6
2026-10-02 18:12:42,19.7,45,1.1,3758,570.2,OK,312,17,0,1127.4,4
2026-10-02 18:12:58,19.7,45,0.1,3758,601.2,OK,12,16,0,1127.4,4
2026-10-02 18:13:14,19.7,45,0.3,3758,573.5,OK,270,16,0,1127.4,4
2026-10-02 18:13:30,19.7,45,0.7,3758,545.7,OK,288,15,0,1127.4,4
2026-10-02 18:13:46,19.7,45,2.4,3758,518,OK,19,15,0,1127.4,4
2026-10-02 18:14:02,19.7,44,1.3,3758,490.2,OK,253,15,0,1127.4,4
2026-10-02 18:14:18,19.7,44,0.8,3758,467.1,OK,304,14,0,1127.4,4
2026-10-02 18:14:34,19.7,44,1.4,3758,434.7,OK,321,14,0,1127.4,4
2026-10-02 18:14:50,19.7,44,2.2,3758,411.6,OK,339,13,0,1127.4,4
2026-10-02 18:15:06,19.6,44,1.3,3758,383.8,OK,314,13,0,1127.4,4
2026-10-02 18:15:22,19.7,43,1,3758,360.7,OK,266,12,0,1127.4,4
2026-10-02 18:15:38,19.7,43,0.8,3758,337.6,OK,28,12,0,1127.4,4
2026-10-02 18:15:54,19.7,43,1.3,3758,309.8,OK,0,12,0,1127.4,4
2026-10-02 18:16:10,19.7,43,0.4,3758,286.7,OK,8,11,0,1127.4,4
2026-10-02 18:16:26,19.7,43,0.3,3758,263.6,OK,306,11,0,1127.4,4
2026-10-02 18:16:42,19.6,43,0.3,3758,240.5,OK,27,10,0,1127.4,4
2026-10-02 18:16:58,19.7,43,1.5,3758,217.3,OK,14,10,0,1127.4,4
2026-10-02 18:17:14,19.7,43,0.7,3758,194.2,OK,302,10,0,1127.4,4
2026-10-02 18:17:30,19.7,43,0.3,3758,175.7,OK,11,10,0,1127.4,4
2026-10-02 18:17:46,19.7,44,0.7,3758,152.6,OK,311,9,0,1127.4,4
2026-10-02 18:18:02,19.6,44,1,3758,129.5,OK,3,9,0,1127.4,4
2026-10-02 18:18:18,19.7,44,0.4,3758,111,OK,101,9,0,1127.4,4
2026-10-02 18:18:34,19.6,44,1.8,3758,92.5,OK,281,8,0,1127.4,4
2026-10-02 18:18:50,19.7,44,1.4,3758,74,OK,307,8,0,1127.4,4
2026-10-02 18:19:06,19.7,44,0.3,3758,55.5,OK,184,8,0,1127.4,4
2026-10-02 18:19:22,19.7,44,0.8,3758,37,OK,24,8,0,1127.4,2
2026-10-02 18:19:38,19.7,44,0.4,3758,18.5,OK,25,7,0,1127.4,2
2026-10-02 18:19:54,19.7,44,0.6,3758,0,OK,333,7,0,1127.4,2
2026-10-02 18:20:10,19.7,44,1.3,3758,0,OK,325,6,0,1127.4,2
2026-10-02 18:20:26,19.7,44,1,3758,0,OK,333,6,0,1127.4,2
2026-10-02 18:20:42,19.6,44,0.4,3758,0,OK,355,6,0,1127.4,2
2026-10-02 18:20:58,19.7,45,0.6,3758,0,OK,310,6,0,1127.4,2
2026-10-02 18:21:14,19.6,45,1.7,3758,0,OK,286,5,0,1127.4,2
2026-10-02 18:21:30,19.6,45,0.3,3758,0,OK,11,5,0,1127.4,2
2026-10-02 18:21:46,19.6,45,0,3758,0,OK,99,5,0,1127.4,2
2026-10-02 18:22:02,19.6,45,1.8,3758,0,OK,329,5,0,1127.4,2
2026-10-02 18:22:18,19.6,45,2.8,3758,0,OK,278,5,0,1127.4,2
2026-10-02 18:22:34,19.6,45,3.2,3758,0,OK,332,4,0,1127.4,1
2026-10-02 18:22:50,19.6,45,2.5,3758,0,OK,324,4,0,1127.4,1
2026-10-02 18:23:06,19.7,45,1.1,3758,0,OK,318,4,0,1127.4,1
2026-10-02 18:23:22,19.7,45,1.4,3758,0,OK,344,4,0,1127.4,1
2026-10-02 18:23:38,19.7,45,1.5,3758,0,OK,308,4,0,1127.4,1
2026-10-02 18:23:54,19.7,45,1.7,3758,0,OK,357,4,0,1127.4,1
2026-10-02 18:24:10,19.6,45,0.8,3758,0,OK,247,3,0,1127.4,1
2026-10-02 18:24:26,19.6,45,0.8,3758,0,OK,308,3,0,1127.4,1
2026-10-02 18:24:42,19.6,45,0.6,3758,0,OK,38,3,0,1127.4,1
2026-10-02 18:24:58,19.6,45,1.4,3758,0,OK,356,3,0,1127.4,1
2026-10-02 18:25:14,19.6,45,0.8,3758,0,OK,17,3,0,1127.4,1
2026-10-02 18:25:30,19.6,45,0.1,3758,0,OK,353,2,0,1127.4,1
2026-10-02 18:25:46,19.6,45,1,3758,0,OK,319,2,0,1127.4,1
2026-10-02 18:26:02,19.6,45,1,3758,0,OK,306,2,0,1127.4,1
2026-10-02 18:26:18,19.6,44,2.2,3758,0,OK,349,2,0,1127.4,1
2026-10-02 18:26:34,19.6,44,2.7,3758,0,OK,324,2,0,1127.4,1
2026-10-02 18:26:50,19.6,44,3.6,3758,0,OK,307,2,0,1127.4,1
2026-10-02 18:27:06,19.7,44,2.4,3758,0,OK,339,2,0,1127.4,1
2026-10-02 18:27:22,19.6,44,0.8,3758,0,OK,5,2,0,1127.4,1
2026-10-02 18:27:38,19.7,44,0.6,3758,0,OK,305,1,0,1127.4,0
2026-10-02 18:27:54,19.7,44,2,3758,0,OK,267,1,0,1127.4,0
2026-10-02 18:28:10,19.7,45,2.5,3758,0,OK,284,1,0,1127.4,0
2026-10-02 18:28:26,19.7,44,1.4,3758,0,OK,353,1,0,1127.4,0
2026-10-02 18:28:42,19.7,45,1.3,3758,0,OK,51,1,0,1127.4,0
2026-10-02 18:28:58,19.6,45,0.1,3758,0,OK,293,1,0,1127.4,0
2026-10-02 18:29:14,19.6,45,2.7,3758,0,OK,21,1,0,1127.4,0
2026-10-02 18:29:30,19.6,45,2.8,3758,0,OK,308,1,0,1127.4,0
2026-10-02 18:29:46,19.6,45,1.7,3758,0,OK,318,1,0,1127.4,0
2026-10-02 18:30:02,19.6,45,2.5,3758,0,OK,342,1,0,1127.4,0
2026-10-02 18:30:18,19.6,45,1.5,3758,0,OK,346,1,0,1127.4,0
2026-10-02 18:30:34,19.6,45,1.1,3758,0,OK,310,0,0,1127.4,0
2026-10-02 18:30:50,19.6,45,0.8,3758,0,OK,241,0,0,1127.4,0
2026-10-02 18:31:06,19.6,45,2.2,3758,0,OK,19,0,0,1127.4,0
2026-10-02 18:31:22,19.6,45,1.1,3758,0,OK,19,0,0,1127.4,0
2026-10-02 18:31:38,19.6,45,1,3758,0,OK,301,0,0,1127.4,0
2026-10-02 18:31:54,19.6,45,1.3,3758,0,OK,240,0,0,1127.4,0
2026-10-02 18:32:10,19.6,45,1.8,3758,0,OK,25,0,0,1127.4,0
2026-10-02 18:32:26,19.5,45,0.4,3758,0,OK,273,0,0,1127.4,0
2026-10-02 18:32:42,19.5,45,0,3758,0,OK,329,0,0,1127.4,0
2026-10-02 18:32:58,19.5,45,0.7,3758,0,OK,250,0,0,1127.4,0
2026-10-02 18:33:14,19.5,45,1.7,3758,0,OK,285,0,0,1127.4,0
2026-10-02 18:33:30,19.5,45,1.8,3758,0,OK,348,0,0,1127.4,0
2026-10-02 18:33:46,19.5,45,0.1,3758,0,OK,290,0,0,1127.4,0
2026-10-02 18:34:02,19.5,45,0.1,3758,0,OK,313,0,0,1127.4,0
2026-10-02 18:34:18,19.5,45,0.8,3758,0,OK,18,0,0,1127.4,0
2026-10-02 18:34:34,19.4,45,1,3758,0,OK,286,0,0,1127.4,0
2026-10-02 18:34:50,19.5,45,0.6,3758,0,OK,339,0,0,1127.4,0
2026-10-02 18:35:06,19.4,45,0.4,3758,0,OK,291,0,0,1127.4,0
2026-10-02 18:35:22,19.5,45,0.3,3758,0,OK,292,0,0,1127.4,0
2026-10-02 18:35:38,19.5,45,0.3,3758,0,OK,235,0,0,1127.4,0
2026-10-02 18:35:54,19.4,45,0.1,3758,0,OK,259,0,0,1127.4,0
2026-10-02 18:36:10,19.4,46,1,3758,0,OK,310,0,0,1127.4,0
2026-10-02 18:36:26,19.4,46,0.4,3758,0,OK,38,0,0,1127.4,0
2026-10-02 18:36:42,19.4,46,0.6,3758,0,OK,309,0,0,1127.4,0
2026-10-02 18:36:58,19.4,46,1.8,3758,0,OK,299,0,0,1127.4,0
2026-10-02 18:37:14,19.4,45,2.2,3758,0,OK,349,0,0,1127.4,0
2026-10-02 18:37:30,19.4,45,2.2,3758,0,OK,295,0,0,1127.4,0
2026-10-02 18:37:46,19.4,45,3.1,3758,0,OK,335,0,0,1127.4,0
2026-10-02 18:38:02,19.4,45,1.3,3758,0,OK,257,0,0,1127.4,0
2026-10-02 18:38:18,19.4,45,1.7,3758,0,OK,300,0,0,1127.4,0
2026-10-02 18:38:34,19.4,45,0.8,3758,0,OK,334,0,0,1127.4,0
2026-10-02 18:38:50,19.4,45,1,3758,0,OK,310,0,0,1127.4,0
2026-10-02 18:39:06,19.4,45,2.1,3758,0,OK,276,0,0,1127.4,0
2026-10-02 18:39:22,19.4,45,2.2,3758,0,OK,350,0,0,1127.4,0
2026-10-02 18:39:38,19.4,45,2.5,3758,0,OK,16,0,0,1127.4,0
2026-10-02 18:39:54,19.4,45,2.2,3758,0,OK,339,0,0,1127.4,0
2026-10-02 18:40:10,19.5,45,1.7,3758,0,OK,341,0,0,1127.4,0
2026-10-02 18:40:26,19.4,45,1.3,3758,0,OK,271,0,0,1127.4,0
2026-10-02 18:40:42,19.4,45,1.8,3758,0,OK,299,0,0,1127.4,0
2026-10-02 18:40:58,19.4,46,1.4,3758,0,OK,314,0,0,1127.4,0
2026-10-02 18:41:14,19.4,46,1.7,3758,0,OK,222,0,0,1127.4,0
2026-10-02 18:41:30,19.4,45,1.7,3758,0,OK,310,0,0,1127.4,0
2026-10-02 18:41:46,19.4,45,1.3,3758,0,OK,303,0,0,1127.4,0
2026-10-02 18:42:02,19.4,45,1.4,3758,0,OK,290,0,0,1127.4,0
2026-10-02 18:42:18,19.4,46,0.6,3758,0,OK,303,0,0,1127.4,0
2026-10-02 18:42:34,19.4,46,1,3758,0,OK,247,0,0,1127.4,0
2026-10-02 18:42:50,19.4,45,1.5,3758,0,OK,312,0,0,1127.4,0
2026-10-02 18:43:06,19.4,45,2.7,3758,0,OK,300,0,0,1127.4,0
2026-10-02 18:43:22,19.4,45,1.8,3758,0,OK,301,0,0,1127.4,0
2026-10-02 18:43:38,19.4,45,1,3758,0,OK,310,0,0,1127.4,0
2026-10-02 18:43:54,19.4,45,0.7,3758,0,OK,302,0,0,1127.4,0
2026-10-02 18:44:10,19.4,45,0.8,3758,0,OK,266,0,0,1127.4,0
2026-10-02 18:44:26,19.4,45,0.3,3758,0,OK,291,0,0,1127.4,0
2026-10-02 18:44:42,19.4,45,0,3758,0,OK,245,0,0,1127.4,0
2026-10-02 18:44:58,19.4,45,0,3758,0,OK,48,0,0,1127.4,0
2026-10-02 18:45:14,19.4,45,0,3758,0,OK,332,0,0,1127.4,0
2026-10-02 18:45:30,19.4,45,0,3758,0,OK,290,0,0,1127.4,0
2026-10-02 18:45:46,19.4,45,0.1,3758,0,OK,39,0,0,1127.4,0
2026-10-02 18:46:02,19.4,45,1.7,3758,0,OK,286,0,0,1127.4,0
2026-10-02 18:46:18,19.4,45,1,3758,0,OK,307,0,0,1127.4,0
2026-10-02 18:46:34,19.4,46,1.1,3758,0,OK,352,0,0,1127.4,0
2026-10-02 18:46:50,19.4,46,0.1,3758,0,OK,289,0,0,1127.4,0
2026-10-02 18:47:06,19.4,46,0.6,3758,0,OK,348,0,0,1127.4,0
2026-10-02 18:47:22,19.4,46,0.6,3758,0,OK,302,0,0,1127.4,0
2026-10-02 18:47:38,19.4,46,0.6,3758,0,OK,309,0,0,1127.4,0
2026-10-02 18:47:54,19.4,46,1.1,3758,0,OK,285,0,0,1127.4,0
2026-10-02 18:48:10,19.4,46,0.8,3758,0,OK,235,0,0,1127.4,0
2026-10-02 18:48:26,19.4,46,1.5,3758,0,OK,344,0,0,1127.4,0
2026-10-02 18:48:42,19.4,46,0.7,3758,0,OK,356,0,0,1127.4,0
2026-10-02 18:48:58,19.4,46,2.5,3758,0,OK,336,0,0,1127.4,0
2026-10-02 18:49:14,19.4,46,1,3758,0,OK,273,0,0,1127.4,0
2026-10-02 18:49:30,19.4,46,1.1,3758,0,OK,248,0,0,1127.4,0
2026-10-02 18:49:46,19.4,46,0.1,3758,0,OK,227,0,0,1127.4,0
2026-10-02 18:50:02,19.4,46,0.3,3758,0,OK,350,0,0,1127.4,0
2026-10-02 18:50:18,19.4,46,0.3,3758,0,OK,301,0,0,1127.4,0
2026-10-02 18:50:34,19.4,46,1.3,3758,0,OK,317,0,0,1127.4,0
2026-10-02 18:50:50,19.4,46,1,3758,0,OK,306,0,0,1127.4,0
2026-10-02 18:51:06,19.4,46,0.4,3758,0,OK,157,0,0,1127.4,0
2026-10-02 18:51:22,19.3,47,1.8,3758,0,OK,7,0,0,1127.4,0
2026-10-02 18:51:38,19.3,47,1.3,3758,0,OK,357,0,0,1127.4,0
2026-10-02 18:51:54,19.3,47,1.7,3758,0,OK,293,0,0,1127.4,0
2026-10-02 18:52:10,19.3,47,1.7,3758,0,OK,284,0,0,1127.4,0
2026-10-02 18:52:26,19.4,46,1.4,3758,0,OK,292,0,0,1127.4,0
2026-10-02 18:52:42,19.4,46,0.6,3758,0,OK,282,0,0,1127.4,0
2026-10-02 18:52:58,19.4,46,0,3758,0,OK,11,0,0,1127.4,0
2026-10-02 18:53:14,19.4,46,0.1,3758,0,OK,346,0,0,1127.4,0
2026-10-02 18:53:30,19.4,46,0.8,3758,0,OK,42,0,0,1127.4,0
2026-10-02 18:53:46,19.4,46,0.1,3758,0,OK,346,0,0,1127.4,0
2026-10-02 18:54:02,19.4,46,0.1,3758,0,OK,336,0,0,1127.4,0
2026-10-02 18:54:18,19.4,46,1.7,3758,0,OK,300,0,0,1127.4,0
2026-10-02 18:54:34,19.4,46,1,3758,0,OK,357,0,0,1127.4,0
2026-10-02 18:54:50,19.4,45,1.3,3758,0,OK,8,0,0,1127.4,0
2026-10-02 18:55:06,19.4,45,0.4,3758,0,OK,295,0,0,1127.4,0
2026-10-02 18:55:22,19.4,45,0.6,3758,0,OK,275,0,0,1127.4,0
2026-10-02 18:55:38,19.4,45,1.3,3758,0,OK,279,0,0,1127.4,0
2026-10-02 18:55:54,19.4,45,0.7,3758,0,OK,296,0,0,1127.4,0
2026-10-02 18:56:10,19.4,45,1.4,3758,0,OK,297,0,0,1127.4,0
2026-10-02 18:56:26,19.4,45,0.6,3758,0,OK,340,0,0,1127.4,0
2026-10-02 18:56:42,19.3,45,0.3,3758,0,OK,286,0,0,1127.4,0
2026-10-02 18:56:58,19.3,44,1.7,3758,0,OK,292,0,0,1127.4,0
2026-10-02 18:57:14,19.3,44,1,3758,0,OK,228,0,0,1127.4,0
2026-10-02 18:57:30,19.3,44,0.6,3758,0,OK,4,0,0,1127.4,0
2026-10-02 18:57:46,19.3,44,0.7,3758,0,OK,309,0,0,1127.4,0
2026-10-02 18:58:02,19.3,44,1.4,3758,0,OK,341,0,0,1127.4,0
2026-10-02 18:58:18,19.3,44,0.6,3758,0,OK,294,0,0,1127.4,0
2026-10-02 18:58:34,19.3,44,0.8,3758,0,OK,53,0,0,1127.4,0
2026-10-02 18:58:50,19.4,44,1,3758,0,OK,321,0,0,1127.4,0
2026-10-02 18:59:06,19.3,44,1.3,3758,0,OK,292,0,0,1127.4,0
2026-10-02 18:59:22,19.3,44,1.3,3758,0,OK,282,0,0,1127.4,0
2026-10-02 18:59:38,19.3,43,1,3758,0,OK,11,0,0,1127.4,0
2026-10-02 18:59:56,19.3,43,1.3,3758,0,OK,299,0,0,1127.4,0
2026-10-02 19:00:10,19.3,43,3.4,3758,0,OK,296,0,0,1127.4,0
2026-10-02 19:00:26,19.3,43,2.1,3758,0,OK,60,0,0,1127.4,0
2026-10-02 19:00:42,19.3,43,0.7,3758,0,OK,82,0,0,1127.4,0
2026-10-02 19:00:58,19.3,43,1.4,3758,0,OK,318,0,0,1127.4,0
2026-10-02 19:01:14,19.3,43,1,3758,0,OK,7,0,0,1127.4,0
2026-10-02 19:01:30,19.3,42,1.1,3758,0,OK,14,0,0,1127.4,0
2026-10-02 19:01:46,19.3,42,1.4,3758,0,OK,329,0,0,1127.4,0
2026-10-02 19:02:02,19.3,42,2.2,3758,0,OK,26,0,0,1127.4,0
2026-10-02 19:02:18,19.3,42,0.6,3758,0,OK,295,0,0,1127.4,0
2026-10-02 19:02:34,19.3,42,0.7,3758,0,OK,293,0,0,1127.4,0
2026-10-02 19:02:50,19.3,42,0.4,3758,0,OK,25,0,0,1127.4,0
2026-10-02 19:03:06,19.3,42,0.4,3758,0,OK,353,0,0,1127.4,0
2026-10-02 19:03:22,19.3,43,0.4,3758,0,OK,43,0,0,1127.4,0
2026-10-02 19:03:38,19.3,42,0.8,3758,0,OK,323,0,0,1127.4,0
2026-10-02 19:03:54,19.3,42,0.6,3758,0,OK,323,0,0,1127.4,0
2026-10-02 19:04:10,19.3,42,0.4,3758,0,OK,285,0,0,1127.4,0
2026-10-02 19:04:26,19.3,42,0.6,3758,0,OK,24,0,0,1127.4,0
2026-10-02 19:04:42,19.3,42,1.4,3758,0,OK,350,0,0,1127.4,0
2026-10-02 19:04:58,19.3,42,1.1,3758,0,OK,280,0,0,1127.4,0
2026-10-02 19:05:14,19.3,42,1,3758,0,OK,91,0,0,1127.4,0
2026-10-02 19:05:30,19.3,42,1.7,3758,0,OK,280,0,0,1127.4,0
2026-10-02 19:05:46,19.3,42,1.8,3758,0,OK,339,0,0,1127.4,0
2026-10-02 19:06:02,19.3,42,0.8,3758,0,OK,257,0,0,1127.4,0
2026-10-02 19:06:18,19.3,42,0.4,3758,0,OK,352,0,0,1127.4,0
2026-10-02 19:06:34,19.3,42,0.6,3758,0,OK,296,0,0,1127.4,0
2026-10-02 19:06:50,19.3,42,0.3,3758,0,OK,298,0,0,1127.4,0
2026-10-02 19:07:06,19.3,42,1.7,3758,0,OK,302,0,0,1127.4,0
2026-10-02 19:07:22,19.2,42,1.1,3758,0,OK,304,0,0,1127.4,0
2026-10-02 19:07:38,19.2,42,1.1,3758,0,OK,235,0,0,1127.4,0
2026-10-02 19:07:54,19.2,42,0.3,3758,0,OK,45,0,0,1127.4,0
2026-10-02 19:08:10,19.3,42,0.6,3758,0,OK,333,0,0,1127.4,0
2026-10-02 19:08:26,19.2,42,1.3,3758,0,OK,52,0,0,1127.4,0
2026-10-02 19:08:42,19.3,42,1.1,3758,0,OK,300,0,0,1127.4,0
2026-10-02 19:08:58,19.2,42,1.1,3758,0,OK,312,0,0,1127.4,0
2026-10-02 19:09:14,19.2,42,0.8,3758,0,OK,341,0,0,1127.4,0
2026-10-02 19:09:30,19.2,42,0.3,3758,0,OK,300,0,0,1127.4,0
2026-10-02 19:09:46,19.2,42,0.3,3758,0,OK,280,0,0,1127.4,0
2026-10-02 19:10:02,19.2,42,0.6,3758,0,OK,356,0,0,1127.4,0
2026-10-02 19:10:18,19.2,43,0.3,3758,0,OK,335,0,0,1127.4,0
2026-10-02 19:10:34,19.2,43,0.3,3758,0,OK,25,0,0,1127.4,0
2026-10-02 19:10:50,19.2,43,1.4,3758,0,OK,2,0,0,1127.4,0
2026-10-02 19:11:06,19.2,43,0.8,3758,0,OK,300,0,0,1127.4,0
2026-10-02 19:11:22,19.1,43,0.3,3758,0,OK,352,0,0,1127.4,0
2026-10-02 19:11:38,19.2,43,0,3758,0,OK,256,0,0,1127.4,0
2026-10-02 19:11:54,19.1,43,0.1,3758,0,OK,307,0,0,1127.4,0
2026-10-02 19:12:10,19.1,43,1.3,3758,0,OK,354,0,0,1127.4,0
2026-10-02 19:12:26,19.1,42,2.5,3758,0,OK,317,0,0,1127.4,0
2026-10-02 19:12:42,19.1,41,2,3758,0,OK,330,0,0,1127.4,0
2026-10-02 19:12:58,19.1,41,2.8,3758,0,OK,333,0,0,1127.4,0
2026-10-02 19:13:14,19.2,41,2,3758,0,OK,331,0,0,1127.4,0
2026-10-02 19:13:30,19.2,41,1.7,3758,0,OK,310,0,0,1127.4,0
2026-10-02 19:13:46,19.2,41,1.7,3758,0,OK,312,0,0,1127.4,0
2026-10-02 19:14:02,19.1,41,4.2,3758,0,OK,329,0,0,1127.4,0
2026-10-02 19:14:18,19.2,41,2.9,3758,0,OK,315,0,0,1127.4,0
2026-10-02 19:14:34,19.2,42,2.5,3758,0,OK,292,0,0,1127.4,0
2026-10-02 19:14:50,19.2,42,1.7,3758,0,OK,343,0,0,1127.4,0
2026-10-02 19:15:06,19.2,42,1.8,3758,0,OK,292,0,0,1127.4,0
2026-10-02 19:15:22,19.2,42,1.8,3758,0,OK,347,0,0,1127.4,0
2026-10-02 19:15:38,19.2,42,1.1,3758,0,OK,294,0,0,1127.4,0
2026-10-02 19:15:54,19.2,42,0.3,3758,0,OK,288,0,0,1127.4,0
2026-10-02 19:16:10,19.1,42,0,3758,0,OK,237,0,0,1127.4,0
2026-10-02 19:16:26,19.1,42,0.3,3758,0,OK,107,0,0,1127.4,0
2026-10-02 19:16:42,19.1,42,0.6,3758,0,OK,350,0,0,1127.4,0
2026-10-02 19:16:58,19.1,42,0.6,3758,0,OK,325,0,0,1127.4,0
2026-10-02 19:17:14,19.1,42,0.1,3758,0,OK,302,0,0,1127.4,0
2026-10-02 19:17:30,19.1,42,0.1,3758,0,OK,49,0,0,1127.4,0
2026-10-02 19:17:46,19.1,42,1.4,3758,0,OK,51,0,0,1127.4,0
2026-10-02 19:18:02,19.1,42,2.7,3758,0,OK,288,0,0,1127.4,0
2026-10-02 19:18:18,19.1,42,0.8,3758,0,OK,318,0,0,1127.4,0
2026-10-02 19:18:34,19.1,42,0.7,3758,0,OK,76,0,0,1127.4,0
2026-10-02 19:18:50,19.1,42,0.1,3758,0,OK,351,0,0,1127.4,0
2026-10-02 19:19:06,19.1,42,1,3758,0,OK,10,0,0,1127.4,0
2026-10-02 19:19:22,19.1,41,1,3758,0,OK,330,0,0,1127.4,0
2026-10-02 19:19:38,19.1,41,0.6,3758,0,OK,358,0,0,1127.4,0
2026-10-02 19:19:54,19.1,42,0.1,3758,0,OK,282,0,0,1127.4,0
2026-10-02 19:20:10,19.1,42,0.1,3758,0,OK,333,0,0,1127.4,0
2026-10-02 19:20:26,19.1,42,0.7,3758,0,OK,327,0,0,1127.4,0
2026-10-02 19:20:42,19.1,42,0.4,3758,0,OK,322,0,0,1127.4,0
2026-10-02 19:20:58,19.1,42,1.1,3758,0,OK,350,0,0,1127.4,0
2026-10-02 19:21:14,19.1,42,1.5,3758,0,OK,289,0,0,1127.4,0
2026-10-02 19:21:30,19.1,42,2.5,3758,0,OK,2,0,0,1127.4,0
2026-10-02 19:21:46,19.1,42,1.3,3758,0,OK,324,0,0,1127.4,0
2026-10-02 19:22:02,19.1,42,1.7,3758,0,OK,316,0,0,1127.4,0
2026-10-02 19:22:18,19.1,43,2.2,3758,0,OK,281,0,0,1127.4,0
2026-10-02 19:22:34,19.1,42,1.4,3758,0,OK,281,0,0,1127.4,0
2026-10-02 19:22:50,19.1,42,0.3,3758,0,OK,336,0,0,1127.4,0
2026-10-02 19:23:06,19.1,42,0.8,3758,0,OK,36,0,0,1127.4,0
2026-10-02 19:23:22,19.1,43,0.4,3758,0,OK,9,0,0,1127.4,0
2026-10-02 19:23:38,19.1,43,0.6,3758,0,OK,339,0,0,1127.4,0
2026-10-02 19:23:54,19,43,2,3758,0,OK,297,0,0,1127.4,0
2026-10-02 19:24:10,19.1,43,2,3758,0,OK,108,0,0,1127.4,0
2026-10-02 19:24:26,19.1,43,1,3758,0,OK,334,0,0,1127.4,0
2026-10-02 19:24:42,19.1,43,1.3,3758,0,OK,0,0,0,1127.4,0
2026-10-02 19:24:58,19.1,43,1.4,3758,0,OK,303,0,0,1127.4,0
2026-10-02 19:25:14,19.1,43,1.7,3758,0,OK,276,0,0,1127.4,0
2026-10-02 19:25:30,19.1,43,2.4,3758,0,OK,355,0,0,1127.4,0
2026-10-02 19:25:46,19.1,43,1.3,3758,0,OK,298,0,0,1127.4,0
2026-10-02 19:26:02,19.1,43,1.4,3758,0,OK,318,0,0,1127.4,0
2026-10-02 19:26:18,19,43,0.1,3758,0,OK,293,0,0,1127.4,0
2026-10-02 19:26:34,19,43,0,3758,0,OK,301,0,0,1127.4,0
2026-10-02 19:26:50,19,43,0,3758,0,OK,23,0,0,1127.4,0
2026-10-02 19:27:06,19,43,1.4,3758,0,OK,297,0,0,1127.4,0
2026-10-02 19:27:22,19,43,1,3758,0,OK,291,0,0,1127.4,0
2026-10-02 19:27:38,19,43,0.3,3758,0,OK,284,0,0,1127.4,0
2026-10-02 19:27:54,19,43,0,3758,0,OK,302,0,0,1127.4,0
2026-10-02 19:28:10,18.9,43,0,3758,0,OK,283,0,0,1127.4,0
2026-10-02 19:28:26,18.9,43,0,3758,0,OK,292,0,0,1127.4,0
2026-10-02 19:28:42,18.9,43,0,3758,0,OK,295,0,0,1127.4,0
2026-10-02 19:28:58,18.9,43,0,3758,0,OK,291,0,0,1127.4,0
2026-10-02 19:29:14,18.9,43,0.1,3758,0,OK,321,0,0,1127.4,0
2026-10-02 19:29:30,18.8,43,0.1,3758,0,OK,296,0,0,1127.4,0
2026-10-02 19:29:46,18.8,43,0.1,3758,0,OK,346,0,0,1127.4,0
2026-10-02 19:30:02,18.8,43,0.8,3758,0,OK,344,0,0,1127.4,0
2026-10-02 19:30:18,18.8,43,0.3,3758,0,OK,283,0,0,1127.4,0
2026-10-02 19:30:34,18.8,43,0,3758,0,OK,347,0,0,1127.4,0
2026-10-02 19:30:50,18.8,43,0,3758,0,OK,317,0,0,1127.4,0
2026-10-02 19:31:06,18.8,43,0.3,3758,0,OK,301,0,0,1127.4,0
2026-10-02 19:31:22,18.8,43,0.3,3758,0,OK,344,0,0,1127.4,0
2026-10-02 19:31:38,18.8,43,0,3758,0,OK,50,0,0,1127.4,0
2026-10-02 19:31:54,18.8,44,0,3758,0,OK,14,0,0,1127.4,0
2026-10-02 19:32:10,18.8,43,0,3758,0,OK,273,0,0,1127.4,0
2026-10-02 19:32:26,18.8,44,0,3758,0,OK,296,0,0,1127.4,0
2026-10-02 19:32:42,18.8,44,0,3758,0,OK,299,0,0,1127.4,0
2026-10-02 19:32:58,18.8,44,0,3758,0,OK,324,0,0,1127.4,0
2026-10-02 19:33:14,18.8,44,0,3758,0,OK,268,0,0,1127.4,0
2026-10-02 19:33:30,18.8,44,0,3758,0,OK,322,0,0,1127.4,0
2026-10-02 19:33:46,18.8,44,0,3758,0,OK,270,0,0,1127.4,0
2026-10-02 19:34:02,18.8,44,0,3758,0,OK,276,0,0,1127.4,0
2026-10-02 19:34:18,18.8,44,0,3758,0,OK,47,0,0,1127.4,0
2026-10-02 19:34:34,18.8,44,0.4,3758,0,OK,339,0,0,1127.4,0
2026-10-02 19:34:50,18.8,44,2,3758,0,OK,21,0,0,1127.4,0
2026-10-02 19:35:06,18.8,43,2,3758,0,OK,306,0,0,1127.4,0
2026-10-02 19:35:22,18.8,43,1.1,3758,0,OK,314,0,0,1127.4,0
2026-10-02 19:35:38,18.8,43,0.7,3758,0,OK,286,0,0,1127.4,0
2026-10-02 19:35:54,18.8,43,1.4,3758,0,OK,74,0,0,1127.4,0
2026-10-02 19:36:10,18.9,43,1.4,3758,0,OK,307,0,0,1127.4,0
2026-10-02 19:36:26,18.9,43,0.8,3758,0,OK,315,0,0,1127.4,0
2026-10-02 19:36:42,18.9,43,0.8,3758,0,OK,322,0,0,1127.4,0
2026-10-02 19:36:58,18.9,43,0.4,3758,0,OK,5,0,0,1127.4,0
2026-10-02 19:37:14,18.8,43,1.1,3758,0,OK,51,0,0,1127.4,0
2026-10-02 19:37:30,18.9,43,1.7,3758,0,OK,317,0,0,1127.4,0
2026-10-02 19:37:46,18.9,43,0.7,3758,0,OK,359,0,0,1127.4,0
2026-10-02 19:38:02,18.9,43,0.6,3758,0,OK,328,0,0,1127.4,0
2026-10-02 19:38:18,18.9,43,0.6,3758,0,OK,340,0,0,1127.4,0
2026-10-02 19:38:34,18.9,43,1,3758,0,OK,315,0,0,1127.4,0
2026-10-02 19:38:50,18.9,43,1.3,3758,0,OK,53,0,0,1127.4,0
2026-10-02 19:39:06,18.9,43,2.1,3758,0,OK,25,0,0,1127.4,0
2026-10-02 19:39:22,18.9,43,1,3758,0,OK,81,0,0,1127.4,0
2026-10-02 19:39:38,18.9,43,0.8,3758,0,OK,354,0,0,1127.4,0
2026-10-02 19:39:54,18.9,43,1.1,3758,0,OK,299,0,0,1127.4,0
2026-10-02 19:40:10,18.9,43,2.2,3758,0,OK,307,0,0,1127.4,0
2026-10-02 19:40:26,18.9,44,1.1,3758,0,OK,316,0,0,1127.4,0
2026-10-02 19:40:42,18.9,44,0.7,3758,0,OK,358,0,0,1127.4,0
2026-10-02 19:40:58,18.9,44,1.3,3758,0,OK,294,0,0,1127.4,0
2026-10-02 19:41:14,18.9,44,1.4,3758,0,OK,300,0,0,1127.4,0
2026-10-02 19:41:30,18.9,44,1.7,3758,0,OK,300,0,0,1127.4,0
2026-10-02 19:41:46,18.9,44,0.6,3758,0,OK,236,0,0,1127.4,0
2026-10-02 19:42:02,18.9,44,0.7,3758,0,OK,29,0,0,1127.4,0
2026-10-02 19:42:18,18.9,43,0,3758,0,OK,309,0,0,1127.4,0
2026-10-02 19:42:34,18.9,43,0.4,3758,0,OK,330,0,0,1127.4,0
2026-10-02 19:42:50,18.9,43,0.7,3758,0,OK,354,0,0,1127.4,0
2026-10-02 19:43:06,18.9,44,0.4,3758,0,OK,313,0,0,1127.4,0
2026-10-02 19:43:22,18.8,44,0,3758,0,OK,336,0,0,1127.4,0
2026-10-02 19:43:38,18.8,44,0.1,3758,0,OK,327,0,0,1127.4,0
2026-10-02 19:43:54,18.8,44,0.7,3758,0,OK,275,0,0,1127.4,0
2026-10-02 19:44:10,18.8,44,2.2,3758,0,OK,284,0,0,1127.4,0
2026-10-02 19:44:26,18.8,44,0.8,3758,0,OK,300,0,0,1127.4,0
2026-10-02 19:44:42,18.8,44,0.3,3758,0,OK,314,0,0,1127.4,0
2026-10-02 19:44:58,18.9,44,0.8,3758,0,OK,52,0,0,1127.4,0
2026-10-02 19:45:14,18.8,44,0.3,3758,0,OK,308,0,0,1127.4,0
2026-10-02 19:45:30,18.8,44,1,3758,0,OK,340,0,0,1127.4,0
2026-10-02 19:45:46,18.9,43,1.8,3758,0,OK,311,0,0,1127.4,0
2026-10-02 19:46:02,18.9,43,1.5,3758,0,OK,52,0,0,1127.4,0
2026-10-02 19:46:18,18.9,43,1.7,3758,0,OK,298,0,0,1127.4,0
2026-10-02 19:46:34,18.9,43,1.7,3758,0,OK,292,0,0,1127.4,0
2026-10-02 19:46:50,18.9,43,1.1,3758,0,OK,358,0,0,1127.4,0
2026-10-02 19:47:06,18.9,43,0.8,3758,0,OK,302,0,0,1127.4,0
2026-10-02 19:47:22,18.9,43,1.3,3758,0,OK,286,0,0,1127.4,0
2026-10-02 19:47:38,18.9,43,1.1,3758,0,OK,282,0,0,1127.4,0
2026-10-02 19:47:54,18.9,43,0.6,3758,0,OK,286,0,0,1127.4,0
2026-10-02 19:48:10,18.9,43,0.3,3758,0,OK,323,0,0,1127.4,0
2026-10-02 19:48:26,18.9,43,1.4,3758,0,OK,45,0,0,1127.4,0
2026-10-02 19:48:42,18.9,43,1,3758,0,OK,357,0,0,1127.4,0
2026-10-02 19:48:58,18.9,43,0.4,3758,0,OK,316,0,0,1127.4,0
2026-10-02 19:49:14,18.9,43,0.1,3758,0,OK,217,0,0,1127.4,0
2026-10-02 19:49:30,18.9,43,0.6,3758,0,OK,63,0,0,1127.4,0
2026-10-02 19:49:46,18.9,43,1.4,3758,0,OK,351,0,0,1127.4,0
2026-10-02 19:50:02,18.9,43,0.6,3758,0,OK,285,0,0,1127.4,0
2026-10-02 19:50:18,18.9,43,1.4,3758,0,OK,314,0,0,1127.4,0
2026-10-02 19:50:34,18.9,43,1.3,3758,0,OK,25,0,0,1127.4,0
2026-10-02 19:50:50,18.9,43,1.5,3758,0,OK,288,0,0,1127.4,0
2026-10-02 19:51:06,18.9,43,2,3758,0,OK,333,0,0,1127.4,0
2026-10-02 19:51:22,18.9,43,0.8,3758,0,OK,313,0,0,1127.4,0
2026-10-02 19:51:38,18.9,43,0.4,3758,0,OK,288,0,0,1127.4,0
2026-10-02 19:51:54,18.9,43,0.6,3758,0,OK,278,0,0,1127.4,0
2026-10-02 19:52:10,18.9,43,0,3758,0,OK,295,0,0,1127.4,0
2026-10-02 19:52:26,18.9,43,0.4,3758,0,OK,295,0,0,1127.4,0
2026-10-02 19:52:42,18.9,43,0.1,3758,0,OK,26,0,0,1127.4,0
2026-10-02 19:52:58,18.9,43,0.3,3758,0,OK,13,0,0,1127.4,0
2026-10-02 19:53:14,18.9,43,0,3758,0,OK,336,0,0,1127.4,0
2026-10-02 19:53:30,18.9,43,0,3758,0,OK,341,0,0,1127.4,0
2026-10-02 19:53:46,18.8,43,0,3758,0,OK,335,0,0,1127.4,0
2026-10-02 19:54:02,18.8,44,0,3758,0,OK,294,0,0,1127.4,0
2026-10-02 19:54:18,18.8,44,0.3,3758,0,OK,319,0,0,1127.4,0
2026-10-02 19:54:34,18.8,44,1.1,3758,0,OK,288,0,0,1127.4,0
2026-10-02 19:54:50,18.7,43,1.4,3758,0,OK,18,0,0,1127.4,0
2026-10-02 19:55:06,18.7,43,1,3758,0,OK,306,0,0,1127.4,0
2026-10-02 19:55:22,18.8,43,1.4,3758,0,OK,268,0,0,1127.4,0
2026-10-02 19:55:38,18.8,43,1,3758,0,OK,310,0,0,1127.4,0
2026-10-02 19:55:54,18.8,43,0.8,3758,0,OK,285,0,0,1127.4,0
2026-10-02 19:56:10,18.8,43,0.4,3758,0,OK,299,0,0,1127.4,0
2026-10-02 19:56:26,18.8,43,0,3758,0,OK,66,0,0,1127.4,0
2026-10-02 19:56:42,18.8,43,0,3758,0,OK,72,0,0,1127.4,0
2026-10-02 19:56:58,18.8,43,0,3758,0,OK,237,0,0,1127.4,0
2026-10-02 19:57:14,18.8,43,0,3758,0,OK,299,0,0,1127.4,0
2026-10-02 19:57:30,18.8,43,0,3758,0,OK,328,0,0,1127.4,0
2026-10-02 19:57:46,18.8,43,0,3758,0,OK,259,0,0,1127.4,0
2026-10-02 19:58:02,18.8,43,0,3758,0,OK,17,0,0,1127.4,0
2026-10-02 19:58:18,18.8,43,1.3,3758,0,OK,298,0,0,1127.4,0
2026-10-02 19:58:34,18.8,43,0.3,3758,0,OK,294,0,0,1127.4,0
2026-10-02 19:58:50,18.8,43,0.3,3758,0,OK,22,0,0,1127.4,0
2026-10-02 19:59:06,18.8,43,1.5,3758,0,OK,337,0,0,1127.4,0
2026-10-02 19:59:22,18.8,43,1.1,3758,0,OK,5,0,0,1127.4,0
2026-10-02 19:59:38,18.9,43,0.8,3758,0,OK,350,0,0,1127.4,0
2026-10-02 19:59:54,18.9,43,0.4,3758,0,OK,347,0,0,1127.4,0
2026-10-02 20:00:10,18.9,43,0.7,3758,0,OK,344,0,0,1127.4,0
2026-10-02 20:00:26,18.9,43,0.1,3758,0,OK,314,0,0,1127.4,0
2026-10-02 20:00:42,18.9,43,0.4,3758,0,OK,333,0,0,1127.4,0
2026-10-02 20:00:58,18.8,43,0.7,3758,0,OK,282,0,0,1127.4,0
2026-10-02 20:01:14,18.8,43,0.8,3758,0,OK,318,0,0,1127.4,0
2026-10-02 20:01:30,18.8,43,1.3,3758,0,OK,11,0,0,1127.4,0
2026-10-02 20:01:46,18.8,43,1.4,3758,0,OK,304,0,0,1127.4,0
2026-10-02 20:02:02,18.8,43,1.5,3758,0,OK,309,0,0,1127.4,0
2026-10-02 20:02:18,18.8,43,2.1,3758,0,OK,268,0,0,1127.4,0
2026-10-02 20:02:34,18.9,43,0.4,3758,0,OK,64,0,0,1127.4,0
2026-10-02 20:02:50,18.9,43,0.6,3758,0,OK,80,0,0,1127.4,0
2026-10-02 20:03:06,18.9,43,1.5,3758,0,OK,267,0,0,1127.4,0
2026-10-02 20:03:22,18.9,43,1.3,3758,0,OK,312,0,0,1127.4,0
2026-10-02 20:03:38,18.9,43,0.4,3758,0,OK,345,0,0,1127.4,0
2026-10-02 20:03:54,18.9,43,0,3758,0,OK,300,0,0,1127.4,0
2026-10-02 20:04:10,18.9,43,0,3758,0,OK,267,0,0,1127.4,0
2026-10-02 20:04:26,18.8,43,0,3758,0,OK,312,0,0,1127.4,0
2026-10-02 20:04:42,18.8,43,0.4,3758,0,OK,260,0,0,1127.4,0
2026-10-02 20:04:58,18.8,44,1.7,3758,0,OK,314,0,0,1127.4,0
2026-10-02 20:05:14,18.8,44,0.1,3758,0,OK,261,0,0,1127.4,0
2026-10-02 20:05:30,18.8,44,0.1,3758,0,OK,302,0,0,1127.4,0
2026-10-02 20:05:46,18.8,44,0.7,3758,0,OK,48,0,0,1127.4,0
2026-10-02 20:06:02,18.8,44,0.6,3758,0,OK,308,0,0,1127.4,0
2026-10-02 20:06:18,18.8,44,0.8,3758,0,OK,340,0,0,1127.4,0
2026-10-02 20:06:34,18.8,44,1.1,3758,0,OK,293,0,0,1127.4,0
2026-10-02 20:06:50,18.8,44,0.6,3758,0,OK,338,0,0,1127.4,0
2026-10-02 20:07:06,18.8,44,0.3,3758,0,OK,39,0,0,1127.4,0
2026-10-02 20:07:22,18.8,44,0,3758,0,OK,345,0,0,1127.4,0
2026-10-02 20:07:38,18.8,44,0.8,3758,0,OK,84,0,0,1127.4,0
2026-10-02 20:07:54,18.9,43,1,3758,0,OK,334,0,0,1127.4,0
2026-10-02 20:08:10,18.8,43,1.5,3758,0,OK,38,0,0,1127.4,0
2026-10-02 20:08:26,18.9,43,0.7,3758,0,OK,47,0,0,1127.4,0
2026-10-02 20:08:42,18.9,43,0.3,3758,0,OK,345,0,0,1127.4,0
2026-10-02 20:08:58,18.8,44,0,3758,0,OK,255,0,0,1127.4,0
2026-10-02 20:09:14,18.8,44,0.4,3758,0,OK,300,0,0,1127.4,0
2026-10-02 20:09:30,18.8,44,0.1,3758,0,OK,291,0,0,1127.4,0
2026-10-02 20:09:46,18.8,44,0.3,3758,0,OK,342,0,0,1127.4,0
2026-10-02 20:10:02,18.8,43,1.3,3758,0,OK,281,0,0,1127.4,0
2026-10-02 20:10:18,18.8,43,0.7,3758,0,OK,303,0,0,1127.4,0
2026-10-02 20:10:34,18.8,43,1.1,3758,0,OK,303,0,0,1127.4,0
2026-10-02 20:10:50,18.8,43,0.8,3758,0,OK,46,0,0,1127.4,0
2026-10-02 20:11:06,18.8,43,0.7,3758,0,OK,295,0,0,1127.4,0
2026-10-02 20:11:22,18.8,42,1.5,3758,0,OK,277,0,0,1127.4,0
2026-10-02 20:11:38,18.8,42,1.3,3758,0,OK,305,0,0,1127.4,0
2026-10-02 20:11:54,18.8,42,0.1,3758,0,OK,328,0,0,1127.4,0
2026-10-02 20:12:10,18.8,42,0.4,3758,0,OK,25,0,0,1127.4,0
2026-10-02 20:12:26,18.8,42,0.3,3758,0,OK,331,0,0,1127.4,0
2026-10-02 20:12:42,18.8,42,0,3758,0,OK,267,0,0,1127.4,0
2026-10-02 20:12:58,18.8,42,0,3758,0,OK,305,0,0,1127.4,0
2026-10-02 20:13:14,18.8,42,0.8,3758,0,OK,303,0,0,1127.4,0
2026-10-02 20:13:30,18.8,42,0.8,3758,0,OK,351,0,0,1127.4,0
2026-10-02 20:13:46,18.8,42,1,3758,0,OK,8,0,0,1127.4,0
2026-10-02 20:14:02,18.8,42,1,3758,0,OK,311,0,0,1127.4,0
2026-10-02 20:14:18,18.8,42,0.6,3758,0,OK,299,0,0,1127.4,0
2026-10-02 20:14:34,18.8,42,0.3,3758,0,OK,269,0,0,1127.4,0
2026-10-02 20:14:50,18.8,42,0,3758,0,OK,303,0,0,1127.4,0
2026-10-02 20:15:06,18.7,42,0,3758,0,OK,285,0,0,1127.4,0
2026-10-02 20:15:22,18.7,42,0,3758,0,OK,318,0,0,1127.4,0
2026-10-02 20:15:38,18.7,43,0,3758,0,OK,323,0,0,1127.4,0
2026-10-02 20:15:54,18.7,42,0.1,3758,0,OK,53,0,0,1127.4,0
2026-10-02 20:16:10,18.7,42,0.1,3758,0,OK,331,0,0,1127.4,0
2026-10-02 20:16:26,18.7,42,0.3,3758,0,OK,3,0,0,1127.4,0
2026-10-02 20:16:42,18.7,42,1,3758,0,OK,261,0,0,1127.4,0
2026-10-02 20:16:58,18.7,42,0.4,3758,0,OK,351,0,0,1127.4,0
2026-10-02 20:17:14,18.8,42,0,3758,0,OK,283,0,0,1127.4,0
2026-10-02 20:17:30,18.7,42,0,3758,0,OK,0,0,0,1127.4,0
2026-10-02 20:17:46,18.8,43,0.7,3758,0,OK,353,0,0,1127.4,0
2026-10-02 20:18:02,18.7,43,0.6,3758,0,OK,321,0,0,1127.4,0
2026-10-02 20:18:18,18.7,43,0,3758,0,OK,4,0,0,1127.4,0
2026-10-02 20:18:34,18.7,43,0.4,3758,0,OK,293,0,0,1127.4,0
2026-10-02 20:18:50,18.7,43,1.4,3758,0,OK,304,0,0,1127.4,0
2026-10-02 20:20:42,18.7,43,0.3,3758,0,OK,344,0,0,1127.4,0
2026-10-02 20:20:58,18.7,43,0,3758,0,OK,348,0,0,1127.4,0
2026-10-02 20:21:14,18.7,43,0,3758,0,OK,280,0,0,1127.4,0
2026-10-02 20:21:30,18.7,43,0.1,3758,0,OK,291,0,0,1127.4,0
2026-10-02 20:21:46,18.6,43,0.7,3758,0,OK,253,0,0,1127.4,0
2026-10-02 20:22:02,18.6,43,1.3,3758,0,OK,316,0,0,1127.4,0
2026-10-02 20:22:18,18.6,42,1.4,3758,0,OK,281,0,0,1127.4,0
2026-10-02 20:22:34,18.7,42,1.5,3758,0,OK,306,0,0,1127.4,0
2026-10-02 20:22:50,18.7,42,0.8,3758,0,OK,4,0,0,1127.4,0
2026-10-02 20:23:06,18.7,42,0.3,3758,0,OK,331,0,0,1127.4,0
2026-10-02 20:23:22,18.7,42,0.3,3758,0,OK,354,0,0,1127.4,0
2026-10-02 20:23:38,18.7,42,0.1,3758,0,OK,319,0,0,1127.4,0
2026-10-02 20:23:54,18.7,42,0.3,3758,0,OK,282,0,0,1127.4,0
2026-10-02 20:24:10,18.7,42,1,3758,0,OK,331,0,0,1127.4,0
2026-10-02 20:24:26,18.8,42,0.7,3758,0,OK,352,0,0,1127.4,0
2026-10-02 20:24:42,18.8,42,0,3758,0,OK,333,0,0,1127.4,0
2026-10-02 20:24:58,18.7,42,0,3758,0,OK,296,0,0,1127.4,0
2026-10-02 20:25:14,18.7,42,0,3758,0,OK,290,0,0,1127.4,0
2026-10-02 20:25:30,18.7,42,0,3758,0,OK,299,0,0,1127.4,0
2026-10-02 20:25:46,18.7,42,0.6,3758,0,OK,345,0,0,1127.4,0
2026-10-02 20:26:02,18.7,42,0.3,3758,0,OK,335,0,0,1127.4,0
2026-10-02 20:26:18,18.7,42,0,3758,0,OK,304,0,0,1127.4,0
2026-10-02 20:26:34,18.7,42,0,3758,0,OK,336,0,0,1127.4,0
2026-10-02 20:26:50,18.6,42,0.1,3758,0,OK,305,0,0,1127.4,0
2026-10-02 20:27:06,18.6,43,1.4,3758,0,OK,292,0,0,1127.4,0
2026-10-02 20:27:22,18.7,43,0.7,3758,0,OK,293,0,0,1127.4,0
2026-10-02 20:27:38,18.7,43,0,3758,0,OK,327,0,0,1127.4,0
2026-10-02 20:27:54,18.7,43,0,3758,0,OK,275,0,0,1127.4,0
2026-10-02 20:28:10,18.6,43,0,3758,0,OK,288,0,0,1127.4,0
2026-10-02 20:28:26,18.6,43,0,3758,0,OK,302,0,0,1127.4,0
2026-10-02 20:28:42,18.6,43,0,3758,0,OK,315,0,0,1127.4,0
2026-10-02 20:28:58,18.5,43,0,3758,0,OK,13,0,0,1127.4,0
2026-10-02 20:29:14,18.5,43,0,3758,0,OK,35,0,0,1127.4,0
2026-10-02 20:29:30,18.5,43,0,3758,0,OK,308,0,0,1127.4,0
2026-10-02 20:29:46,18.5,43,0.8,3758,0,OK,350,0,0,1127.4,0
2026-10-02 20:30:02,18.5,43,1.5,3758,0,OK,19,0,0,1127.4,0
2026-10-02 20:30:18,18.6,43,0.7,3758,0,OK,354,0,0,1127.4,0
2026-10-02 20:30:34,18.6,43,1.1,3758,0,OK,339,0,0,1127.4,0
2026-10-02 20:30:50,18.6,43,1,3758,0,OK,2,0,0,1127.4,0
2026-10-02 20:31:06,18.7,43,0.4,3758,0,OK,1,0,0,1127.4,0
2026-10-02 20:31:22,18.7,43,0.1,3758,0,OK,10,0,0,1127.4,0
2026-10-02 20:31:38,18.6,43,0,3758,0,OK,27,0,0,1127.4,0
2026-10-02 20:31:54,18.6,43,0,3758,0,OK,279,0,0,1127.4,0
2026-10-02 20:32:10,18.6,43,1,3758,0,OK,85,0,0,1127.4,0
2026-10-02 20:32:26,18.6,43,1.4,3758,0,OK,303,0,0,1127.4,0
2026-10-02 20:32:42,18.7,43,2,3758,0,OK,347,0,0,1127.4,0
2026-10-02 20:32:58,18.7,43,0.4,3758,0,OK,352,0,0,1127.4,0
2026-10-02 20:33:14,18.7,43,0.1,3758,0,OK,310,0,0,1127.4,0
2026-10-02 20:33:30,18.7,42,0,3758,0,OK,327,0,0,1127.4,0
2026-10-02 20:33:46,18.7,42,0,3758,0,OK,279,0,0,1127.4,0
2026-10-02 20:34:02,18.7,43,0,3758,0,OK,296,0,0,1127.4,0
2026-10-02 20:34:18,18.6,43,0,3758,0,OK,296,0,0,1127.4,0
2026-10-02 20:34:34,18.6,43,0,3758,0,OK,283,0,0,1127.4,0
2026-10-02 20:34:50,18.5,43,0,3758,0,OK,330,0,0,1127.4,0
2026-10-02 20:35:06,18.5,43,0,3758,0,OK,31,0,0,1127.4,0
2026-10-02 20:35:22,18.5,43,0,3758,0,OK,322,0,0,1127.4,0
2026-10-02 20:35:38,18.5,43,0,3758,0,OK,291,0,0,1127.4,0
2026-10-02 20:35:54,18.5,43,0,3758,0,OK,311,0,0,1127.4,0
2026-10-02 20:36:10,18.5,43,0,3758,0,OK,299,0,0,1127.4,0
2026-10-02 20:36:26,18.4,44,0,3758,0,OK,309,0,0,1127.4,0
2026-10-02 20:36:42,18.4,44,0.4,3758,0,OK,315,0,0,1127.4,0
2026-10-02 20:36:58,18.4,44,0,3758,0,OK,308,0,0,1127.4,0
2026-10-02 20:37:14,18.4,44,0,3758,0,OK,332,0,0,1127.4,0
2026-10-02 20:37:30,18.4,44,0,3758,0,OK,312,0,0,1127.4,0
2026-10-02 20:37:46,18.4,44,0,3758,0,OK,13,0,0,1127.4,0
2026-10-02 20:38:02,18.4,43,0.3,3758,0,OK,322,0,0,1127.4,0
2026-10-02 20:38:18,18.4,43,0.8,3758,0,OK,291,0,0,1127.4,0
2026-10-02 20:38:34,18.4,43,1.1,3758,0,OK,312,0,0,1127.4,0
2026-10-02 20:38:50,18.5,43,1.5,3758,0,OK,297,0,0,1127.4,0
2026-10-02 20:39:06,18.5,43,0.7,3758,0,OK,1,0,0,1127.4,0
2026-10-02 20:39:22,18.5,43,1.1,3758,0,OK,324,0,0,1127.4,0
2026-10-02 20:39:38,18.5,43,0.3,3758,0,OK,27,0,0,1127.4,0
2026-10-02 20:39:54,18.5,43,0.8,3758,0,OK,305,0,0,1127.4,0
2026-10-02 20:40:10,18.5,43,0.6,3758,0,OK,320,0,0,1127.4,0
2026-10-02 20:40:26,18.5,43,0.1,3758,0,OK,320,0,0,1127.4,0
2026-10-02 20:40:42,18.5,43,0.3,3758,0,OK,325,0,0,1127.4,0
2026-10-02 20:40:58,18.5,43,0.1,3758,0,OK,348,0,0,1127.4,0
2026-10-02 20:41:14,18.6,43,0.1,3758,0,OK,0,0,0,1127.4,0
2026-10-02 20:41:30,18.5,43,0.4,3758,0,OK,5,0,0,1127.4,0
2026-10-02 20:41:46,18.6,43,0.4,3758,0,OK,21,0,0,1127.4,0
2026-10-02 20:42:02,18.6,42,0.6,3758,0,OK,29,0,0,1127.4,0
2026-10-02 20:42:18,18.6,43,0,3758,0,OK,321,0,0,1127.4,0
2026-10-02 20:42:34,18.6,43,0.1,3758,0,OK,358,0,0,1127.4,0
2026-10-02 20:42:50,18.6,43,0.3,3758,0,OK,310,0,0,1127.4,0
2026-10-02 20:43:06,18.6,42,0.4,3758,0,OK,272,0,0,1127.4,0
2026-10-02 20:43:22,18.6,42,0.8,3758,0,OK,336,0,0,1127.4,0
2026-10-02 20:43:38,18.6,42,0.4,3758,0,OK,309,0,0,1127.4,0
2026-10-02 20:43:54,18.6,42,0.3,3758,0,OK,261,0,0,1127.4,0
2026-10-02 20:44:10,18.6,42,0.7,3758,0,OK,7,0,0,1127.4,0
2026-10-02 20:44:26,18.6,42,1.1,3758,0,OK,296,0,0,1127.4,0
2026-10-02 20:44:42,18.6,42,1.4,3758,0,OK,339,0,0,1127.4,0
2026-10-02 20:44:58,18.6,42,0.4,3758,0,OK,290,0,0,1127.4,0
2026-10-02 20:45:14,18.6,42,0,3758,0,OK,326,0,0,1127.4,0
2026-10-02 20:45:30,18.6,42,1,3758,0,OK,356,0,0,1127.4,0
2026-10-02 20:45:46,18.6,42,1.5,3758,0,OK,316,0,0,1127.4,0
2026-10-02 20:46:02,18.7,42,1.4,3758,0,OK,314,0,0,1127.4,0
2026-10-02 20:46:18,18.7,42,1,3758,0,OK,37,0,0,1127.4,0
2026-10-02 20:46:34,18.7,42,0.1,3758,0,OK,281,0,0,1127.4,0
2026-10-02 20:46:50,18.7,43,0,3758,0,OK,353,0,0,1127.4,0
2026-10-02 20:47:06,18.7,43,0.1,3758,0,OK,345,0,0,1127.4,0
2026-10-02 20:47:22,18.7,43,1.4,3758,0,OK,328,0,0,1127.4,0
2026-10-02 20:47:38,18.6,43,1.1,3758,0,OK,298,0,0,1127.4,0
2026-10-02 20:47:54,18.7,43,1.3,3758,0,OK,287,0,0,1127.4,0
2026-10-02 20:48:10,18.7,43,0.6,3758,0,OK,293,0,0,1127.4,0
2026-10-02 20:48:26,18.7,43,2.1,3758,0,OK,315,0,0,1127.4,0
2026-10-02 20:48:42,18.7,43,0.8,3758,0,OK,344,0,0,1127.4,0
2026-10-02 20:48:58,18.7,43,0.6,3758,0,OK,332,0,0,1127.4,0
2026-10-02 20:49:14,18.7,43,0.4,3758,0,OK,22,0,0,1127.4,0
2026-10-02 20:49:30,18.7,43,0.1,3758,0,OK,330,0,0,1127.4,0
2026-10-02 20:49:46,18.6,43,0.6,3758,0,OK,313,0,0,1127.4,0
2026-10-02 20:50:02,18.7,43,0,3758,0,OK,309,0,0,1127.4,0
2026-10-02 20:50:18,18.6,43,0,3758,0,OK,15,0,0,1127.4,0
2026-10-02 20:50:34,18.6,43,0.3,3758,0,OK,300,0,0,1127.4,0
2026-10-02 20:50:50,18.6,43,0,3758,0,OK,288,0,0,1127.4,0
2026-10-02 20:51:06,18.6,43,0.4,3758,0,OK,16,0,0,1127.4,0
2026-10-02 20:51:22,18.6,43,2.1,3758,0,OK,1,0,0,1127.4,0
2026-10-02 20:51:38,18.6,43,1.5,3758,0,OK,344,0,0,1127.4,0
2026-10-02 20:51:54,18.6,43,1,3758,0,OK,347,0,0,1127.4,0
2026-10-02 20:52:10,18.6,43,0.8,3758,0,OK,270,0,0,1127.4,0
2026-10-02 20:52:26,18.6,43,0.4,3758,0,OK,272,0,0,1127.4,0
2026-10-02 20:52:42,18.6,43,0,3758,0,OK,94,0,0,1127.4,0
2026-10-02 20:52:58,18.6,43,0,3758,0,OK,80,0,0,1127.4,0
2026-10-02 20:53:14,18.6,43,0.3,3758,0,OK,314,0,0,1127.4,0
2026-10-02 20:53:30,18.6,43,1,3758,0,OK,292,0,0,1127.4,0
2026-10-02 20:53:46,18.6,43,0.4,3758,0,OK,354,0,0,1127.4,0
2026-10-02 20:54:02,18.6,44,1.1,3758,0,OK,329,0,0,1127.4,0
2026-10-02 20:54:18,18.6,44,1.1,3758,0,OK,56,0,0,1127.4,0
2026-10-02 20:54:34,18.6,44,0.7,3758,0,OK,338,0,0,1127.4,0
2026-10-02 20:54:50,18.6,44,1.1,3758,0,OK,349,0,0,1127.4,0
2026-10-02 20:55:06,18.6,44,0,3758,0,OK,67,0,0,1127.4,0
2026-10-02 20:55:22,18.6,44,0,3758,0,OK,71,0,0,1127.4,0
2026-10-02 20:55:38,18.6,44,0.4,3758,0,OK,345,0,0,1127.4,0
2026-10-02 20:55:54,18.6,44,0.1,3758,0,OK,320,0,0,1127.4,0
2026-10-02 20:56:10,18.6,44,0.6,3758,0,OK,343,0,0,1127.4,0
2026-10-02 20:56:26,18.6,44,1.1,3758,0,OK,0,0,0,1127.4,0
2026-10-02 20:56:42,18.6,44,1,3758,0,OK,321,0,0,1127.4,0
2026-10-02 20:56:58,18.6,44,0.3,3758,0,OK,291,0,0,1127.4,0
2026-10-02 20:57:14,18.6,44,0.4,3758,0,OK,303,0,0,1127.4,0
2026-10-02 20:57:30,18.6,44,0,3758,0,OK,342,0,0,1127.4,0
2026-10-02 20:57:46,18.6,44,0.8,3758,0,OK,312,0,0,1127.4,0
2026-10-02 20:58:02,18.6,44,0.3,3758,0,OK,315,0,0,1127.4,0
2026-10-02 20:58:18,18.6,44,0.6,3758,0,OK,290,0,0,1127.4,0
2026-10-02 20:58:34,18.6,45,1.7,3758,0,OK,303,0,0,1127.4,0
2026-10-02 20:58:50,18.6,45,1.4,3758,0,OK,308,0,0,1127.4,0
2026-10-02 20:59:06,18.6,45,1.5,3758,0,OK,324,0,0,1127.4,0
2026-10-02 20:59:22,18.6,45,1.5,3758,0,OK,6,0,0,1127.4,0
2026-10-02 20:59:38,18.6,45,0.6,3758,0,OK,43,0,0,1127.4,0
2026-10-02 20:59:54,18.6,45,0.7,3758,0,OK,303,0,0,1127.4,0
2026-10-02 21:00:10,18.6,45,0.8,3758,0,OK,345,0,0,1127.4,0
2026-10-02 21:00:26,18.6,45,0.3,3758,0,OK,309,0,0,1127.4,0
2026-10-02 21:00:42,18.6,45,1.1,3758,0,OK,300,0,0,1127.4,0
2026-10-02 21:00:58,18.6,45,0.7,3758,0,OK,354,0,0,1127.4,0
2026-10-02 21:01:14,18.6,45,0.3,3758,0,OK,25,0,0,1127.4,0
2026-10-02 21:01:30,18.6,45,0.6,3758,0,OK,264,0,0,1127.4,0
2026-10-02 21:01:46,18.6,45,1,3758,0,OK,34,0,0,1127.4,0
2026-10-02 21:02:02,18.6,46,2,3758,0,OK,277,0,0,1127.4,0
2026-10-02 21:02:18,18.7,45,1.1,3758,0,OK,310,0,0,1127.4,0
2026-10-02 21:02:34,18.6,45,1.5,3758,0,OK,296,0,0,1127.4,0
2026-10-02 21:02:50,18.7,45,1,3758,0,OK,329,0,0,1127.4,0
2026-10-02 21:03:06,18.6,46,0.3,3758,0,OK,270,0,0,1127.4,0
2026-10-02 21:03:22,18.6,46,0.3,3758,0,OK,282,0,0,1127.4,0
2026-10-02 21:03:38,18.6,46,1.1,3758,0,OK,274,0,0,1127.4,0
2026-10-02 21:03:54,18.6,46,2.1,3758,0,OK,313,0,0,1127.4,0
2026-10-02 21:04:10,18.6,46,2.1,3758,0,OK,321,0,0,1127.4,0
2026-10-02 21:04:26,18.6,46,1.7,3758,0,OK,13,0,0,1127.4,0
2026-10-02 21:04:42,18.6,46,1.5,3758,0,OK,328,0,0,1127.4,0
2026-10-02 21:04:58,18.7,46,1.1,3758,0,OK,334,0,0,1127.4,0
2026-10-02 21:05:14,18.7,46,0.1,3758,0,OK,294,0,0,1127.4,0
2026-10-02 21:05:30,18.6,46,0.8,3758,0,OK,291,0,0,1127.4,0
2026-10-02 21:05:46,18.6,46,3.1,3758,0,OK,276,0,0,1127.4,0
2026-10-02 21:06:02,18.6,47,3.2,3758,0,OK,307,0,0,1127.4,0
2026-10-02 21:06:18,18.7,47,3.4,3758,0,OK,287,0,0,1127.4,0
2026-10-02 21:06:34,18.7,47,1.7,3758,0,OK,330,0,0,1127.4,0
2026-10-02 21:06:50,18.7,46,0.6,3758,0,OK,299,0,0,1127.4,0
2026-10-02 21:07:06,18.7,47,0.6,3758,0,OK,294,0,0,1127.4,0
2026-10-02 21:07:22,18.7,47,1.4,3758,0,OK,303,0,0,1127.4,0
2026-10-02 21:07:38,18.7,47,1.3,3758,0,OK,328,0,0,1127.4,0
2026-10-02 21:07:54,18.7,47,0.7,3758,0,OK,326,0,0,1127.4,0
2026-10-02 21:08:10,18.7,47,0.4,3758,0,OK,358,0,0,1127.4,0
2026-10-02 21:08:26,18.6,47,1.1,3758,0,OK,322,0,0,1127.4,0
2026-10-02 21:08:42,18.6,47,0.8,3758,0,OK,348,0,0,1127.4,0
2026-10-02 21:08:58,18.6,47,0.6,3758,0,OK,317,0,0,1127.4,0
2026-10-02 21:09:14,18.6,47,0.1,3758,0,OK,307,0,0,1127.4,0
2026-10-02 21:09:30,18.6,47,0.7,3758,0,OK,304,0,0,1127.4,0
2026-10-02 21:09:46,18.6,47,0.7,3758,0,OK,302,0,0,1127.4,0
2026-10-02 21:10:02,18.6,47,0,3758,0,OK,305,0,0,1127.4,0
2026-10-02 21:10:18,18.5,47,0,3758,0,OK,287,0,0,1127.4,0
2026-10-02 21:10:34,18.5,47,0,3758,0,OK,299,0,0,1127.4,0
2026-10-02 21:10:50,18.5,47,0.4,3758,0,OK,324,0,0,1127.4,0
2026-10-02 21:11:06,18.5,47,0.3,3758,0,OK,314,0,0,1127.4,0
2026-10-02 21:11:22,18.5,47,0.3,3758,0,OK,66,0,0,1127.4,0
2026-10-02 21:11:38,18.5,47,0.8,3758,0,OK,340,0,0,1127.4,0
2026-10-02 21:11:54,18.5,48,0.3,3758,0,OK,1,0,0,1127.4,0
2026-10-02 21:12:10,18.5,48,0.1,3758,0,OK,328,0,0,1127.4,0
2026-10-02 21:12:26,18.5,48,0.1,3758,0,OK,306,0,0,1127.4,0
2026-10-02 21:12:42,18.4,48,0.1,3758,0,OK,302,0,0,1127.4,0
2026-10-02 21:12:58,18.4,48,0,3758,0,OK,21,0,0,1127.4,0
2026-10-02 21:13:14,18.5,48,0,3758,0,OK,345,0,0,1127.4,0
2026-10-02 21:13:30,18.4,48,0.1,3758,0,OK,313,0,0,1127.4,0
2026-10-02 21:13:46,18.4,48,0,3758,0,OK,322,0,0,1127.4,0
2026-10-02 21:14:02,18.4,48,1.1,3758,0,OK,296,0,0,1127.4,0
2026-10-02 21:14:18,18.4,49,0.3,3758,0,OK,329,0,0,1127.4,0
2026-10-02 21:14:34,18.4,49,0.6,3758,0,OK,292,0,0,1127.4,0
2026-10-02 21:14:50,18.4,49,0.3,3758,0,OK,336,0,0,1127.4,0
2026-10-02 21:15:06,18.5,49,0.4,3758,0,OK,350,0,0,1127.4,0
2026-10-02 21:15:22,18.4,49,0,3758,0,OK,6,0,0,1127.4,0
2026-10-02 21:15:38,18.4,49,0,3758,0,OK,22,0,0,1127.4,0
2026-10-02 21:15:54,18.5,49,0,3758,0,OK,307,0,0,1127.4,0
2026-10-02 21:16:10,18.4,49,0,3758,0,OK,286,0,0,1127.4,0
2026-10-02 21:16:26,18.4,49,0,3758,0,OK,315,0,0,1127.4,0
2026-10-02 21:16:42,18.4,49,0.7,3758,0,OK,334,0,0,1127.4,0
2026-10-02 21:16:58,18.4,49,1.3,3758,0,OK,22,0,0,1127.4,0
2026-10-02 21:17:14,18.5,49,0.6,3758,0,OK,277,0,0,1127.4,0
2026-10-02 21:17:30,18.5,49,0,3758,0,OK,288,0,0,1127.4,0
2026-10-02 21:17:46,18.4,49,0.3,3758,0,OK,292,0,0,1127.4,0
2026-10-02 21:18:02,18.4,49,0,3758,0,OK,303,0,0,1127.4,0
2026-10-02 21:18:18,18.4,49,0.4,3758,0,OK,307,0,0,1127.4,0
2026-10-02 21:18:34,18.4,49,0.3,3758,0,OK,20,0,0,1127.4,0
2026-10-02 21:18:50,18.4,49,0.3,3758,0,OK,21,0,0,1127.4,0
2026-10-02 21:19:06,18.4,49,2,3758,0,OK,334,0,0,1127.4,0
2026-10-02 21:20:26,18.5,49,0.4,3758,0,OK,309,0,0,1127.4,0
2026-10-02 21:20:42,18.5,49,0,3758,0,OK,297,0,0,1127.4,0
2026-10-02 21:20:58,18.5,49,1.1,3758,0,OK,321,0,0,1127.4,0
2026-10-02 21:21:14,18.5,49,0.4,3758,0,OK,7,0,0,1127.4,0
2026-10-02 21:21:30,18.5,50,0.8,3758,0,OK,277,0,0,1127.4,0
2026-10-02 21:21:46,18.5,50,0.8,3758,0,OK,260,0,0,1127.4,0
2026-10-02 21:22:02,18.5,50,0.7,3758,0,OK,295,0,0,1127.4,0
2026-10-02 21:22:18,18.5,50,0,3758,0,OK,343,0,0,1127.4,0
2026-10-02 21:22:34,18.4,50,0,3758,0,OK,312,0,0,1127.4,0
2026-10-02 21:22:50,18.4,50,0,3758,0,OK,348,0,0,1127.4,0
2026-10-02 21:23:06,18.4,50,0.3,3758,0,OK,293,0,0,1127.4,0
2026-10-02 21:23:22,18.4,50,0.4,3758,0,OK,6,0,0,1127.4,0
2026-10-02 21:23:38,18.4,50,0.4,3758,0,OK,312,0,0,1127.4,0
2026-10-02 21:23:54,18.4,50,0.1,3758,0,OK,321,0,0,1127.4,0
2026-10-02 21:24:10,18.4,50,0.6,3758,0,OK,337,0,0,1127.4,0
2026-10-02 21:24:26,18.4,50,0.4,3758,0,OK,60,0,0,1127.4,0
2026-10-02 21:24:42,18.5,50,1.4,3758,0,OK,298,0,0,1127.4,0
2026-10-02 21:24:58,18.4,50,0.6,3758,0,OK,329,0,0,1127.4,0
2026-10-02 21:25:14,18.4,50,1,3758,0,OK,346,0,0,1127.4,0
2026-10-02 21:25:30,18.5,50,0.1,3758,0,OK,23,0,0,1127.4,0
2026-10-02 21:25:46,18.4,50,0,3758,0,OK,289,0,0,1127.4,0
2026-10-02 21:26:02,18.4,50,0.4,3758,0,OK,322,0,0,1127.4,0
2026-10-02 21:26:18,18.4,50,0,3758,0,OK,294,0,0,1127.4,0
2026-10-02 21:26:34,18.4,50,0,3758,0,OK,330,0,0,1127.4,0
2026-10-02 21:26:50,18.4,50,0,3758,0,OK,288,0,0,1127.4,0
2026-10-02 21:27:06,18.4,50,0,3758,0,OK,0,0,0,1127.4,0
2026-10-02 21:27:22,18.3,50,0,3758,0,OK,323,0,0,1127.4,0
2026-10-02 21:27:38,18.3,50,0.1,3758,0,OK,14,0,0,1127.4,0
2026-10-02 21:27:54,18.3,50,0,3758,0,OK,342,0,0,1127.4,0
2026-10-02 21:28:10,18.3,50,0,3758,0,OK,322,0,0,1127.4,0
2026-10-02 21:28:26,18.3,50,0,3758,0,OK,283,0,0,1127.4,0
2026-10-02 21:28:42,18.3,50,0,3758,0,OK,44,0,0,1127.4,0
2026-10-02 21:28:58,18.3,51,0,3758,0,OK,282,0,0,1127.4,0
2026-10-02 21:29:14,18.2,51,0,3758,0,OK,287,0,0,1127.4,0
2026-10-02 21:29:30,18.3,51,0.4,3758,0,OK,321,0,0,1127.4,0
2026-10-02 21:29:46,18.2,51,0,3758,0,OK,322,0,0,1127.4,0
2026-10-02 21:30:02,18.3,51,0.4,3758,0,OK,272,0,0,1127.4,0
2026-10-02 21:30:18,18.3,51,0.3,3758,0,OK,325,0,0,1127.4,0
2026-10-02 21:30:34,18.3,51,0.1,3758,0,OK,2,0,0,1127.4,0
2026-10-02 21:30:50,18.3,51,1,3758,0,OK,347,0,0,1127.4,0
2026-10-02 21:31:06,18.3,51,2,3758,0,OK,295,0,0,1127.4,0
2026-10-02 21:31:22,18.4,51,1.8,3758,0,OK,57,0,0,1127.4,0
2026-10-02 21:31:38,18.4,50,0.4,3758,0,OK,353,0,0,1127.4,0
2026-10-02 21:31:54,18.4,50,0.7,3758,0,OK,344,0,0,1127.4,0
2026-10-02 21:32:10,18.4,51,0,3758,0,OK,300,0,0,1127.4,0
2026-10-02 21:32:26,18.4,50,0,3758,0,OK,168,0,0,1127.4,0
2026-10-02 21:32:42,18.3,50,0,3758,0,OK,306,0,0,1127.4,0
2026-10-02 21:32:58,18.3,51,0,3758,0,OK,302,0,0,1127.4,0
2026-10-02 21:33:14,18.3,51,0,3758,0,OK,304,0,0,1127.4,0
2026-10-02 21:33:30,18.3,51,0,3758,0,OK,261,0,0,1127.4,0
2026-10-02 21:33:46,18.3,51,0,3758,0,OK,265,0,0,1127.4,0
2026-10-02 21:34:02,18.2,51,0.4,3758,0,OK,280,0,0,1127.4,0
2026-10-02 21:34:18,18.2,51,0.8,3758,0,OK,300,0,0,1127.4,0
2026-10-02 21:34:34,18.2,51,0.1,3758,0,OK,283,0,0,1127.4,0
2026-10-02 21:34:50,18.2,51,0,3758,0,OK,298,0,0,1127.4,0
2026-10-02 21:35:06,18.2,51,0,3758,0,OK,292,0,0,1127.4,0
2026-10-02 21:35:22,18.2,51,0,3758,0,OK,290,0,0,1127.4,0
2026-10-02 21:35:38,18.2,51,0.4,3758,0,OK,300,0,0,1127.4,0
2026-10-02 21:35:54,18.2,51,0,3758,0,OK,287,0,0,1127.4,0
2026-10-02 21:36:10,18.2,51,1,3758,0,OK,350,0,0,1127.4,0
2026-10-02 21:36:26,18.2,51,0.6,3758,0,OK,18,0,0,1127.4,0
2026-10-02 21:36:42,18.2,51,0.1,3758,0,OK,303,0,0,1127.4,0
2026-10-02 21:36:58,18.2,51,0.8,3758,0,OK,298,0,0,1127.4,0
2026-10-02 21:37:14,18.3,51,1.1,3758,0,OK,351,0,0,1127.4,0
2026-10-02 21:37:30,18.3,51,0.6,3758,0,OK,297,0,0,1127.4,0
2026-10-02 21:37:46,18.3,51,0.7,3758,0,OK,307,0,0,1127.4,0
2026-10-02 21:38:02,18.2,51,1.1,3758,0,OK,330,0,0,1127.4,0
2026-10-02 21:38:18,18.3,51,0.3,3758,0,OK,302,0,0,1127.4,0
2026-10-02 21:38:34,18.2,51,0.1,3758,0,OK,302,0,0,1127.4,0
2026-10-02 21:38:50,18.2,51,0,3758,0,OK,308,0,0,1127.4,0
2026-10-02 21:39:06,18.2,51,0,3758,0,OK,259,0,0,1127.4,0
2026-10-02 21:39:22,18.2,51,0,3758,0,OK,304,0,0,1127.4,0
2026-10-02 21:39:38,18.2,51,0,3758,0,OK,317,0,0,1127.4,0
2026-10-02 21:39:54,18.2,51,1,3758,0,OK,11,0,0,1127.4,0
2026-10-02 21:40:10,18.2,51,0.3,3758,0,OK,28,0,0,1127.4,0
2026-10-02 21:40:26,18.2,51,1.1,3758,0,OK,38,0,0,1127.4,0
2026-10-02 21:40:42,18.2,51,0.6,3758,0,OK,31,0,0,1127.4,0
2026-10-02 21:40:58,18.3,51,1.5,3758,0,OK,293,0,0,1127.4,0
2026-10-02 21:41:14,18.3,51,0.7,3758,0,OK,9,0,0,1127.4,0
2026-10-02 21:41:30,18.3,51,0.3,3758,0,OK,311,0,0,1127.4,0
2026-10-02 21:41:46,18.3,51,0.6,3758,0,OK,358,0,0,1127.4,0
2026-10-02 21:42:02,18.3,51,0.7,3758,0,OK,348,0,0,1127.4,0
2026-10-02 21:42:18,18.3,51,0.7,3758,0,OK,334,0,0,1127.4,0
2026-10-02 21:42:34,18.3,51,0.3,3758,0,OK,29,0,0,1127.4,0
2026-10-02 21:42:50,18.3,51,1.1,3758,0,OK,321,0,0,1127.4,0
2026-10-02 21:43:06,18.3,51,1.5,3758,0,OK,294,0,0,1127.4,0
2026-10-02 21:43:22,18.3,51,0.4,3758,0,OK,324,0,0,1127.4,0
2026-10-02 21:43:38,18.3,51,0.6,3758,0,OK,325,0,0,1127.4,0
2026-10-02 21:43:54,18.3,51,0.7,3758,0,OK,17,0,0,1127.4,0
2026-10-02 21:44:10,18.3,51,0.7,3758,0,OK,292,0,0,1127.4,0
2026-10-02 21:44:26,18.3,51,0.1,3758,0,OK,290,0,0,1127.4,0
2026-10-02 21:44:42,18.3,51,0.8,3758,0,OK,303,0,0,1127.4,0
2026-10-02 21:44:58,18.3,51,0,3758,0,OK,333,0,0,1127.4,0
2026-10-02 21:45:14,18.3,51,0.7,3758,0,OK,297,0,0,1127.4,0
2026-10-02 21:45:30,18.3,51,1,3758,0,OK,298,0,0,1127.4,0
2026-10-02 21:45:46,18.3,52,0.8,3758,0,OK,295,0,0,1127.4,0
2026-10-02 21:46:02,18.3,52,0.1,3758,0,OK,292,0,0,1127.4,0
2026-10-02 21:46:18,18.3,52,0,3758,0,OK,335,0,0,1127.4,0
2026-10-02 21:46:34,18.3,52,0.1,3758,0,OK,326,0,0,1127.4,0
2026-10-02 21:46:50,18.3,52,0.1,3758,0,OK,333,0,0,1127.4,0
2026-10-02 21:47:06,18.3,52,0,3758,0,OK,312,0,0,1127.4,0
2026-10-02 21:47:22,18.2,52,0.1,3758,0,OK,306,0,0,1127.4,0
2026-10-02 21:47:38,18.2,52,0,3758,0,OK,345,0,0,1127.4,0
2026-10-02 21:47:54,18.3,52,0.1,3758,0,OK,15,0,0,1127.4,0
2026-10-02 21:48:10,18.2,52,0,3758,0,OK,300,0,0,1127.4,0
2026-10-02 21:48:26,18.2,52,0.6,3758,0,OK,313,0,0,1127.4,0
2026-10-02 21:48:42,18.2,52,1,3758,0,OK,342,0,0,1127.4,0
2026-10-02 21:48:58,18.2,52,0.3,3758,0,OK,332,0,0,1127.4,0
2026-10-02 21:49:14,18.2,52,0,3758,0,OK,359,0,0,1127.4,0
2026-10-02 21:49:30,18.2,52,0,3758,0,OK,283,0,0,1127.4,0
2026-10-02 21:49:46,18.2,52,0,3758,0,OK,303,0,0,1127.4,0
2026-10-02 21:50:02,18.2,53,0.7,3758,0,OK,308,0,0,1127.4,0
2026-10-02 21:50:18,18.2,53,0.6,3758,0,OK,286,0,0,1127.4,0
2026-10-02 21:50:34,18.2,53,0.3,3758,0,OK,48,0,0,1127.4,0
2026-10-02 21:50:50,18.2,53,0.3,3758,0,OK,86,0,0,1127.4,0
2026-10-02 21:51:06,18.2,53,0.3,3758,0,OK,306,0,0,1127.4,0
2026-10-02 21:51:22,18.2,53,0.1,3758,0,OK,340,0,0,1127.4,0
2026-10-02 21:51:38,18.2,53,0,3758,0,OK,15,0,0,1127.4,0
2026-10-02 21:51:54,18.2,53,0,3758,0,OK,32,0,0,1127.4,0
2026-10-02 21:52:10,18.2,53,0.1,3758,0,OK,353,0,0,1127.4,0
2026-10-02 21:52:26,18.2,53,0.1,3758,0,OK,5,0,0,1127.4,0
2026-10-02 21:52:42,18.2,53,0,3758,0,OK,315,0,0,1127.4,0
2026-10-02 21:52:58,18.2,53,0,3758,0,OK,290,0,0,1127.4,0
2026-10-02 21:53:14,18.1,53,0,3758,0,OK,322,0,0,1127.4,0
2026-10-02 21:53:30,18.1,53,0,3758,0,OK,281,0,0,1127.4,0
2026-10-02 21:53:46,18.1,53,0,3758,0,OK,304,0,0,1127.4,0
2026-10-02 21:54:02,18.1,53,0,3758,0,OK,346,0,0,1127.4,0
2026-10-02 21:54:18,18.1,53,0,3758,0,OK,333,0,0,1127.4,0
2026-10-02 21:54:34,18.1,53,0,3758,0,OK,348,0,0,1127.4,0
2026-10-02 21:54:50,18.1,54,1.8,3758,0,OK,271,0,0,1127.4,0
2026-10-02 21:55:06,18.2,54,0.8,3758,0,OK,306,0,0,1127.4,0
2026-10-02 21:55:22,18.1,53,0.6,3758,0,OK,311,0,0,1127.4,0
2026-10-02 21:55:38,18.1,54,0.7,3758,0,OK,285,0,0,1127.4,0
2026-10-02 21:55:54,18.2,54,0.3,3758,0,OK,340,0,0,1127.4,0
2026-10-02 21:56:10,18.1,54,0,3758,0,OK,341,0,0,1127.4,0
2026-10-02 21:56:26,18.1,54,0,3758,0,OK,304,0,0,1127.4,0
2026-10-02 21:56:42,18.1,54,0.6,3758,0,OK,287,0,0,1127.4,0
2026-10-02 21:56:58,18.1,54,0.6,3758,0,OK,6,0,0,1127.4,0
2026-10-02 21:57:14,18.2,54,0.1,3758,0,OK,23,0,0,1127.4,0
2026-10-02 21:57:30,18.1,54,0,3758,0,OK,328,0,0,1127.4,0
2026-10-02 21:57:46,18.1,54,0,3758,0,OK,358,0,0,1127.4,0
2026-10-02 21:58:02,18.1,54,0,3758,0,OK,26,0,0,1127.4,0
2026-10-02 21:58:18,18.1,54,0.1,3758,0,OK,14,0,0,1127.4,0
2026-10-02 21:58:34,18.1,54,1,3758,0,OK,309,0,0,1127.4,0
2026-10-02 21:58:50,18.1,54,1.7,3758,0,OK,24,0,0,1127.4,0
2026-10-02 21:59:06,18.1,54,0.4,3758,0,OK,258,0,0,1127.4,0
2026-10-02 21:59:22,18.1,54,0,3758,0,OK,70,0,0,1127.4,0
2026-10-02 21:59:38,18.1,54,0,3758,0,OK,332,0,0,1127.4,0
2026-10-02 21:59:54,18.1,54,0.8,3758,0,OK,342,0,0,1127.4,0
2026-10-02 22:00:10,18.1,54,0.1,3758,0,OK,288,0,0,1127.4,0
2026-10-02 22:00:26,18.1,54,0,3758,0,OK,359,0,0,1127.4,0
2026-10-02 22:00:42,18.1,54,0,3758,0,OK,309,0,0,1127.4,0
2026-10-02 22:00:58,18.1,54,0.1,3758,0,OK,317,0,0,1127.4,0
2026-10-02 22:01:14,18.1,54,0,3758,0,OK,239,0,0,1127.4,0
2026-10-02 22:01:30,18.1,54,0,3758,0,OK,100,0,0,1127.4,0
2026-10-02 22:01:46,18.1,54,0.1,3758,0,OK,51,0,0,1127.4,0
2026-10-02 22:02:02,18.1,54,0,3758,0,OK,354,0,0,1127.4,0
2026-10-02 22:02:18,18.1,54,0.1,3758,0,OK,53,0,0,1127.4,0
2026-10-02 22:02:34,18.1,54,0.8,3758,0,OK,69,0,0,1127.4,0
2026-10-02 22:02:50,18.1,54,1,3758,0,OK,307,0,0,1127.4,0
2026-10-02 22:03:06,18.1,54,0.4,3758,0,OK,331,0,0,1127.4,0
2026-10-02 22:03:22,18.1,54,0,3758,0,OK,316,0,0,1127.4,0
2026-10-02 22:03:38,18.1,54,0.1,3758,0,OK,302,0,0,1127.4,0
2026-10-02 22:03:54,18.1,55,0.3,3758,0,OK,324,0,0,1127.4,0
2026-10-02 22:04:10,18.1,55,0.7,3758,0,OK,78,0,0,1127.4,0
2026-10-02 22:04:26,18.1,54,0.4,3758,0,OK,291,0,0,1127.4,0
2026-10-02 22:04:42,18.1,54,0,3758,0,OK,6,0,0,1127.4,0
2026-10-02 22:04:58,18.1,55,0.7,3758,0,OK,322,0,0,1127.4,0
2026-10-02 22:05:14,18.1,55,0.4,3758,0,OK,4,0,0,1127.4,0
2026-10-02 22:05:30,18.1,55,0.6,3758,0,OK,286,0,0,1127.4,0
2026-10-02 22:05:46,18.1,55,0.8,3758,0,OK,284,0,0,1127.4,0
2026-10-02 22:06:02,18.1,55,0,3758,0,OK,14,0,0,1127.4,0
2026-10-02 22:06:18,18,55,1,3758,0,OK,318,0,0,1127.4,0
2026-10-02 22:06:34,18.1,55,1.4,3758,0,OK,3,0,0,1127.4,0
2026-10-02 22:06:50,18.1,55,0.7,3758,0,OK,286,0,0,1127.4,0
2026-10-02 22:07:06,18.1,55,0.6,3758,0,OK,318,0,0,1127.4,0
2026-10-02 22:07:22,18.1,55,0.8,3758,0,OK,276,0,0,1127.4,0
2026-10-02 22:07:38,18.1,55,0.7,3758,0,OK,287,0,0,1127.4,0
2026-10-02 22:07:54,18.1,55,1,3758,0,OK,312,0,0,1127.4,0
2026-10-02 22:08:10,18.1,55,0.1,3758,0,OK,335,0,0,1127.4,0
2026-10-02 22:08:26,18.1,55,0,3758,0,OK,295,0,0,1127.4,0
2026-10-02 22:08:42,18.1,55,0,3758,0,OK,42,0,0,1127.4,0
2026-10-02 22:08:58,18,55,0.4,3758,0,OK,339,0,0,1127.4,0
2026-10-02 22:09:14,18,55,0.7,3758,0,OK,300,0,0,1127.4,0
2026-10-02 22:09:30,18.1,55,0,3758,0,OK,299,0,0,1127.4,0
2026-10-02 22:09:46,18,55,0,3758,0,OK,330,0,0,1127.4,0
2026-10-02 22:10:02,18,55,0,3758,0,OK,29,0,0,1127.4,0
2026-10-02 22:10:18,18,55,0.1,3758,0,OK,350,0,0,1127.4,0
2026-10-02 22:10:34,18,55,0,3758,0,OK,355,0,0,1127.4,0
2026-10-02 22:10:50,18,55,0,3758,0,OK,286,0,0,1127.4,0
2026-10-02 22:11:06,18,55,0,3758,0,OK,273,0,0,1127.4,0
2026-10-02 22:11:22,18,55,0.3,3758,0,OK,314,0,0,1127.4,0
2026-10-02 22:11:38,18,55,0,3758,0,OK,302,0,0,1127.4,0
2026-10-02 22:11:54,18,55,0,3758,0,OK,266,0,0,1127.4,0
2026-10-02 22:12:10,18,55,0,3758,0,OK,290,0,0,1127.4,0
2026-10-02 22:12:26,17.9,55,0,3758,0,OK,271,0,0,1127.4,0
2026-10-02 22:12:42,17.9,56,0,3758,0,OK,281,0,0,1127.4,0
2026-10-02 22:12:58,17.9,56,0,3758,0,OK,314,0,0,1127.4,0
2026-10-02 22:13:14,17.9,56,0,3758,0,OK,329,0,0,1127.4,0
2026-10-02 22:13:30,17.9,56,0,3758,0,OK,282,0,0,1127.4,0
2026-10-02 22:13:46,17.9,56,0.1,3758,0,OK,309,0,0,1127.4,0
2026-10-02 22:14:02,17.9,56,0.7,3758,0,OK,342,0,0,1127.4,0
2026-10-02 22:14:18,17.9,56,1.8,3758,0,OK,291,0,0,1127.4,0
2026-10-02 22:14:34,17.9,56,1.3,3758,0,OK,301,0,0,1127.4,0
2026-10-02 22:14:50,17.9,56,0,3758,0,OK,271,0,0,1127.4,0
2026-10-02 22:15:06,17.9,56,0,3758,0,OK,287,0,0,1127.4,0
2026-10-02 22:15:22,17.9,56,0,3758,0,OK,291,0,0,1127.4,0
2026-10-02 22:15:38,17.9,56,0,3758,0,OK,295,0,0,1127.4,0
2026-10-02 22:15:54,17.9,56,0,3758,0,OK,269,0,0,1127.4,0
2026-10-02 22:16:10,17.9,56,0,3758,0,OK,295,0,0,1127.4,0
2026-10-02 22:16:26,17.9,56,0,3758,0,OK,288,0,0,1127.4,0
2026-10-02 22:16:42,17.9,56,0,3758,0,OK,302,0,0,1127.4,0
2026-10-02 22:16:58,17.9,56,0,3758,0,OK,294,0,0,1127.4,0
2026-10-02 22:17:14,17.9,56,0,3758,0,OK,307,0,0,1127.4,0
2026-10-02 22:17:30,17.9,56,0,3758,0,OK,295,0,0,1127.4,0
2026-10-02 22:17:46,17.9,56,0,3758,0,OK,329,0,0,1127.4,0
2026-10-02 22:18:02,17.9,56,0,3758,0,OK,292,0,0,1127.4,0
2026-10-02 22:18:18,17.9,56,0,3758,0,OK,305,0,0,1127.4,0
2026-10-02 22:18:34,17.8,56,0,3758,0,OK,305,0,0,1127.4,0
2026-10-02 22:18:50,17.8,56,0.7,3758,0,OK,305,0,0,1127.4,0
2026-10-02 22:19:06,17.9,56,1,3758,0,OK,28,0,0,1127.4,0
2026-10-02 22:19:22,17.9,56,0.3,3758,0,OK,354,0,0,1127.4,0
2026-10-02 22:19:38,17.9,56,0.3,3758,0,OK,289,0,0,1127.4,0
2026-10-02 22:19:54,17.9,56,1.5,3758,0,OK,294,0,0,1127.4,0
2026-10-02 22:20:10,17.9,56,0.6,3758,0,OK,303,0,0,1127.4,0
2026-10-02 22:20:26,18,56,1,3758,0,OK,322,0,0,1127.4,0
2026-10-02 22:20:42,18,56,0.6,3758,0,OK,311,0,0,1127.4,0
2026-10-02 22:20:58,18,56,0.8,3758,0,OK,296,0,0,1127.4,0
2026-10-02 22:21:14,18,56,2,3758,0,OK,300,0,0,1127.4,0
2026-10-02 22:21:30,18,56,0.3,3758,0,OK,19,0,0,1127.4,0
2026-10-02 22:21:46,18,56,0.3,3758,0,OK,329,0,0,1127.4,0
2026-10-02 22:22:02,18,56,0,3758,0,OK,317,0,0,1127.4,0
2026-10-02 22:22:18,18,56,0.6,3758,0,OK,323,0,0,1127.4,0
2026-10-02 22:22:34,18,56,0.7,3758,0,OK,313,0,0,1127.4,0
2026-10-02 22:22:50,18,56,0,3758,0,OK,81,0,0,1127.4,0
2026-10-02 22:23:06,18,56,0.1,3758,0,OK,35,0,0,1127.4,0
2026-10-02 22:23:22,18,56,0,3758,0,OK,51,0,0,1127.4,0
2026-10-02 22:23:38,18,56,0.1,3758,0,OK,354,0,0,1127.4,0
2026-10-02 22:23:54,18,56,0,3758,0,OK,291,0,0,1127.4,0
2026-10-02 22:24:10,17.9,56,0.4,3758,0,OK,287,0,0,1127.4,0
2026-10-02 22:24:26,17.9,56,1.3,3758,0,OK,289,0,0,1127.4,0
2026-10-02 22:24:42,17.9,57,0.7,3758,0,OK,267,0,0,1127.4,0
2026-10-02 22:24:58,17.9,57,0,3758,0,OK,4,0,0,1127.4,0
2026-10-02 22:25:14,17.9,57,0.7,3758,0,OK,299,0,0,1127.4,0
2026-10-02 22:25:30,17.9,57,0,3758,0,OK,284,0,0,1127.4,0
2026-10-02 22:25:46,17.9,57,0,3758,0,OK,323,0,0,1127.4,0
2026-10-02 22:26:02,17.9,57,0.4,3758,0,OK,318,0,0,1127.4,0
2026-10-02 22:26:18,17.8,57,0.1,3758,0,OK,290,0,0,1127.4,0
2026-10-02 22:26:34,17.9,57,0,3758,0,OK,277,0,0,1127.4,0
2026-10-02 22:26:50,17.8,57,0,3758,0,OK,357,0,0,1127.4,0
2026-10-02 22:27:06,17.8,57,0.1,3758,0,OK,354,0,0,1127.4,0
2026-10-02 22:27:22,17.9,57,0,3758,0,OK,345,0,0,1127.4,0
2026-10-02 22:27:38,17.8,57,0.1,3758,0,OK,321,0,0,1127.4,0
2026-10-02 22:27:54,17.8,57,0,3758,0,OK,41,0,0,1127.4,0
2026-10-02 22:28:10,17.8,57,0,3758,0,OK,9,0,0,1127.4,0
2026-10-02 22:28:26,17.8,57,0.6,3758,0,OK,336,0,0,1127.4,0
2026-10-02 22:28:42,17.9,57,0.3,3758,0,OK,324,0,0,1127.4,0
2026-10-02 22:28:58,17.9,57,0,3758,0,OK,338,0,0,1127.4,0
2026-10-02 22:29:14,17.9,57,0,3758,0,OK,306,0,0,1127.4,0
2026-10-02 22:29:30,17.9,57,0,3758,0,OK,344,0,0,1127.4,0
2026-10-02 22:29:46,17.8,57,0.1,3758,0,OK,311,0,0,1127.4,0
2026-10-02 22:30:02,17.8,57,0.1,3758,0,OK,301,0,0,1127.4,0
2026-10-02 22:30:18,17.8,57,0.3,3758,0,OK,275,0,0,1127.4,0
2026-10-02 22:30:34,17.8,57,0.7,3758,0,OK,308,0,0,1127.4,0
2026-10-02 22:30:50,17.8,57,0.4,3758,0,OK,322,0,0,1127.4,0
2026-10-02 22:31:06,17.8,57,0,3758,0,OK,328,0,0,1127.4,0
2026-10-02 22:31:22,17.8,57,0,3758,0,OK,298,0,0,1127.4,0
2026-10-02 22:31:38,17.9,57,0,3758,0,OK,283,0,0,1127.4,0
2026-10-02 22:31:54,17.8,57,0,3758,0,OK,278,0,0,1127.4,0
2026-10-02 22:32:10,17.8,57,0,3758,0,OK,267,0,0,1127.4,0
2026-10-02 22:32:26,17.8,57,0,3758,0,OK,289,0,0,1127.4,0
2026-10-02 22:32:42,17.8,58,0,3758,0,OK,329,0,0,1127.4,0
2026-10-02 22:32:58,17.8,58,0,3758,0,OK,334,0,0,1127.4,0
2026-10-02 22:33:14,17.7,58,0,3758,0,OK,331,0,0,1127.4,0
2026-10-02 22:33:30,17.7,58,0,3758,0,OK,273,0,0,1127.4,0
2026-10-02 22:33:46,17.7,58,0,3758,0,OK,275,0,0,1127.4,0
2026-10-02 22:34:02,17.7,58,0,3758,0,OK,324,0,0,1127.4,0
2026-10-02 22:34:18,17.7,58,0,3758,0,OK,268,0,0,1127.4,0
2026-10-02 22:34:34,17.7,58,0,3758,0,OK,285,0,0,1127.4,0
2026-10-02 22:34:50,17.6,58,0,3758,0,OK,284,0,0,1127.4,0
2026-10-02 22:35:06,17.6,58,0,3758,0,OK,295,0,0,1127.4,0
2026-10-02 22:35:22,17.6,59,0,3758,0,OK,300,0,0,1127.4,0
2026-10-02 22:35:38,17.6,58,0.4,3758,0,OK,344,0,0,1127.4,0
2026-10-02 22:35:54,17.6,58,0,3758,0,OK,335,0,0,1127.4,0
2026-10-02 22:36:10,17.6,58,0,3758,0,OK,316,0,0,1127.4,0
2026-10-02 22:36:26,17.6,58,0,3758,0,OK,307,0,0,1127.4,0
2026-10-02 22:36:42,17.6,58,0,3758,0,OK,284,0,0,1127.4,0
2026-10-02 22:36:58,17.6,58,0,3758,0,OK,329,0,0,1127.4,0
2026-10-02 22:37:14,17.6,58,0,3758,0,OK,289,0,0,1127.4,0
2026-10-02 22:37:30,17.6,59,0,3758,0,OK,295,0,0,1127.4,0
2026-10-02 22:37:46,17.6,59,0.1,3758,0,OK,292,0,0,1127.4,0
2026-10-02 22:38:02,17.5,59,0.1,3758,0,OK,329,0,0,1127.4,0
2026-10-02 22:38:18,17.5,59,0,3758,0,OK,349,0,0,1127.4,0
2026-10-02 22:38:34,17.5,59,0,3758,0,OK,313,0,0,1127.4,0
2026-10-02 22:38:50,17.5,59,0,3758,0,OK,298,0,0,1127.4,0
2026-10-02 22:39:06,17.5,59,0,3758,0,OK,293,0,0,1127.4,0
2026-10-02 22:39:22,17.5,59,0,3758,0,OK,307,0,0,1127.4,0
2026-10-02 22:39:38,17.5,59,1,3758,0,OK,280,0,0,1127.4,0
2026-10-02 22:39:54,17.5,58,1,3758,0,OK,288,0,0,1127.4,0
2026-10-02 22:40:10,17.6,58,0.4,3758,0,OK,282,0,0,1127.4,0
2026-10-02 22:40:26,17.6,58,0,3758,0,OK,304,0,0,1127.4,0
2026-10-02 22:40:42,17.6,58,0,3758,0,OK,311,0,0,1127.4,0
2026-10-02 22:40:58,17.6,58,0,3758,0,OK,305,0,0,1127.4,0
2026-10-02 22:41:14,17.6,58,0,3758,0,OK,316,0,0,1127.4,0
2026-10-02 22:41:30,17.6,58,0,3758,0,OK,301,0,0,1127.4,0
2026-10-02 22:41:46,17.6,58,0,3758,0,OK,113,0,0,1127.4,0
2026-10-02 22:42:02,17.6,58,0,3758,0,OK,228,0,0,1127.4,0
2026-10-02 22:42:18,17.6,58,0,3758,0,OK,301,0,0,1127.4,0
2026-10-02 22:42:34,17.6,58,0,3758,0,OK,294,0,0,1127.4,0
2026-10-02 22:42:50,17.6,59,0,3758,0,OK,292,0,0,1127.4,0
2026-10-02 22:43:06,17.5,59,0,3758,0,OK,10,0,0,1127.4,0
2026-10-02 22:43:22,17.5,59,0,3758,0,OK,352,0,0,1127.4,0
2026-10-02 22:43:38,17.5,59,0.1,3758,0,OK,22,0,0,1127.4,0
2026-10-02 22:43:54,17.5,59,0,3758,0,OK,290,0,0,1127.4,0
2026-10-02 22:44:10,17.5,59,0.4,3758,0,OK,341,0,0,1127.4,0
2026-10-02 22:44:26,17.6,59,0.3,3758,0,OK,341,0,0,1127.4,0
2026-10-02 22:44:42,17.6,59,0,3758,0,OK,290,0,0,1127.4,0
2026-10-02 22:44:58,17.6,59,0,3758,0,OK,293,0,0,1127.4,0
2026-10-02 22:45:14,17.6,59,0.6,3758,0,OK,308,0,0,1127.4,0
2026-10-02 22:45:30,17.6,59,0.8,3758,0,OK,298,0,0,1127.4,0
2026-10-02 22:45:46,17.7,59,0.3,3758,0,OK,277,0,0,1127.4,0
2026-10-02 22:46:02,17.7,58,0,3758,0,OK,305,0,0,1127.4,0
2026-10-02 22:46:18,17.7,58,0,3758,0,OK,24,0,0,1127.4,0
2026-10-02 22:46:34,17.7,58,0,3758,0,OK,353,0,0,1127.4,0
2026-10-02 22:46:50,17.7,58,0,3758,0,OK,289,0,0,1127.4,0
2026-10-02 22:47:06,17.7,58,0,3758,0,OK,304,0,0,1127.4,0
2026-10-02 22:47:22,17.6,59,0,3758,0,OK,286,0,0,1127.4,0
2026-10-02 22:47:38,17.6,59,0.1,3758,0,OK,309,0,0,1127.4,0
2026-10-02 22:47:54,17.6,59,0,3758,0,OK,291,0,0,1127.4,0
2026-10-02 22:48:10,17.6,59,0.1,3758,0,OK,7,0,0,1127.4,0
2026-10-02 22:48:26,17.6,59,0,3758,0,OK,302,0,0,1127.4,0
2026-10-02 22:48:42,17.6,59,0,3758,0,OK,307,0,0,1127.4,0
2026-10-02 22:48:58,17.6,59,0,3758,0,OK,306,0,0,1127.4,0
2026-10-02 22:50:34,17.5,60,0,3758,0,OK,277,0,0,1127.4,0
2026-10-02 22:50:50,17.5,60,0,3758,0,OK,277,0,0,1127.4,0
2026-10-02 22:51:06,17.4,60,0,3758,0,OK,277,0,0,1127.4,0
2026-10-02 22:51:22,17.4,60,0,3758,0,OK,276,0,0,1127.4,0
2026-10-02 22:51:38,17.4,60,0,3758,0,OK,277,0,0,1127.4,0
2026-10-02 22:51:54,17.4,60,0,3758,0,OK,289,0,0,1127.4,0
2026-10-02 22:52:10,17.4,60,0,3758,0,OK,292,0,0,1127.4,0
2026-10-02 22:52:26,17.3,60,0,3758,0,OK,292,0,0,1127.4,0
2026-10-02 22:52:42,17.3,61,0,3758,0,OK,299,0,0,1127.4,0
2026-10-02 22:52:58,17.3,61,0,3758,0,OK,328,0,0,1127.4,0
2026-10-02 22:53:14,17.3,61,0,3758,0,OK,306,0,0,1127.4,0
2026-10-02 22:53:30,17.3,61,0,3758,0,OK,281,0,0,1127.4,0
2026-10-02 22:53:46,17.3,61,0,3758,0,OK,280,0,0,1127.4,0
2026-10-02 22:54:02,17.2,61,0,3758,0,OK,282,0,0,1127.4,0
2026-10-02 22:54:18,17.2,61,0,3758,0,OK,287,0,0,1127.4,0
2026-10-02 22:54:34,17.2,61,0,3758,0,OK,315,0,0,1127.4,0
2026-10-02 22:54:50,17.2,61,0.4,3758,0,OK,285,0,0,1127.4,0
2026-10-02 22:55:06,17.3,60,0,3758,0,OK,355,0,0,1127.4,0
2026-10-02 22:55:22,17.3,60,0,3758,0,OK,31,0,0,1127.4,0
2026-10-02 22:55:38,17.4,60,0,3758,0,OK,3,0,0,1127.4,0
2026-10-02 22:55:54,17.3,60,0,3758,0,OK,322,0,0,1127.4,0
2026-10-02 22:56:10,17.3,60,0,3758,0,OK,316,0,0,1127.4,0
2026-10-02 22:56:26,17.3,60,0,3758,0,OK,297,0,0,1127.4,0
2026-10-02 22:56:42,17.3,60,0,3758,0,OK,322,0,0,1127.4,0
2026-10-02 22:56:58,17.3,60,0,3758,0,OK,306,0,0,1127.4,0
2026-10-02 22:57:14,17.3,60,0,3758,0,OK,321,0,0,1127.4,0
2026-10-02 22:57:30,17.3,59,0,3758,0,OK,283,0,0,1127.4,0
2026-10-02 22:57:46,17.3,59,0,3758,0,OK,278,0,0,1127.4,0
2026-10-02 22:58:02,17.3,59,0,3758,0,OK,291,0,0,1127.4,0
2026-10-02 22:58:18,17.3,59,0,3758,0,OK,303,0,0,1127.4,0
2026-10-02 22:58:34,17.4,59,0,3758,0,OK,310,0,0,1127.4,0
2026-10-02 22:58:50,17.4,59,0,3758,0,OK,342,0,0,1127.4,0
2026-10-02 22:59:06,17.4,59,0,3758,0,OK,334,0,0,1127.4,0
2026-10-02 22:59:22,17.4,58,0,3758,0,OK,293,0,0,1127.4,0
2026-10-02 22:59:38,17.4,58,0,3758,0,OK,17,0,0,1127.4,0
2026-10-02 22:59:54,17.4,58,0,3758,0,OK,24,0,0,1127.4,0
2026-10-02 23:00:10,17.5,58,0,3758,0,OK,288,0,0,1127.4,0
2026-10-02 23:00:26,17.5,58,0,3758,0,OK,273,0,0,1127.4,0
2026-10-02 23:00:42,17.5,58,0,3758,0,OK,260,0,0,1127.4,0
2026-10-02 23:00:58,17.5,58,0,3758,0,OK,275,0,0,1127.4,0
2026-10-02 23:01:14,17.5,58,0,3758,0,OK,266,0,0,1127.4,0
2026-10-02 23:01:30,17.4,58,0,3758,0,OK,261,0,0,1127.4,0
2026-10-02 23:01:46,17.4,58,0.1,3758,0,OK,3,0,0,1127.4,0
2026-10-02 23:02:02,17.5,58,0.4,3758,0,OK,7,0,0,1127.4,0
2026-10-02 23:02:18,17.5,57,1,3758,0,OK,2,0,0,1127.4,0
2026-10-02 23:02:34,17.6,57,1.1,3758,0,OK,342,0,0,1127.4,0
2026-10-02 23:02:50,17.7,57,0.4,3758,0,OK,320,0,0,1127.4,0
2026-10-02 23:03:06,17.7,57,0,3758,0,OK,300,0,0,1127.4,0
2026-10-02 23:03:22,17.8,57,0.3,3758,0,OK,298,0,0,1127.4,0
2026-10-02 23:03:38,17.8,57,0,3758,0,OK,280,0,0,1127.4,0
2026-10-02 23:03:54,17.7,57,0,3758,0,OK,293,0,0,1127.4,0
2026-10-02 23:04:10,17.7,57,0,3758,0,OK,335,0,0,1127.4,0
2026-10-02 23:04:26,17.7,57,0,3758,0,OK,314,0,0,1127.4,0
2026-10-02 23:04:42,17.7,57,0,3758,0,OK,289,0,0,1127.4,0
2026-10-02 23:04:58,17.7,57,0,3758,0,OK,294,0,0,1127.4,0
2026-10-02 23:05:14,17.7,57,0,3758,0,OK,291,0,0,1127.4,0
2026-10-02 23:05:30,17.7,57,0,3758,0,OK,285,0,0,1127.4,0
2026-10-02 23:05:46,17.6,57,0,3758,0,OK,10,0,0,1127.4,0
2026-10-02 23:06:02,17.6,57,0,3758,0,OK,35,0,0,1127.4,0
2026-10-02 23:06:18,17.7,57,0.3,3758,0,OK,352,0,0,1127.4,0
2026-10-02 23:06:34,17.6,57,1.7,3758,0,OK,296,0,0,1127.4,0
2026-10-02 23:06:50,17.7,57,0.6,3758,0,OK,316,0,0,1127.4,0
2026-10-02 23:07:06,17.7,57,0.1,3758,0,OK,317,0,0,1127.4,0
2026-10-02 23:07:22,17.7,57,1,3758,0,OK,312,0,0,1127.4,0
2026-10-02 23:07:38,17.8,57,0.3,3758,0,OK,300,0,0,1127.4,0
2026-10-02 23:07:54,17.8,57,0,3758,0,OK,300,0,0,1127.4,0
2026-10-02 23:08:10,17.8,57,0,3758,0,OK,323,0,0,1127.4,0
2026-10-02 23:08:26,17.8,57,0.1,3758,0,OK,296,0,0,1127.4,0
2026-10-02 23:08:42,17.8,57,0.3,3758,0,OK,283,0,0,1127.4,0
2026-10-02 23:08:58,17.8,57,1.1,3758,0,OK,323,0,0,1127.4,0
2026-10-02 23:09:14,17.8,57,1.1,3758,0,OK,297,0,0,1127.4,0
2026-10-02 23:09:30,17.8,57,0.7,3758,0,OK,292,0,0,1127.4,0
2026-10-02 23:09:46,17.8,56,0.4,3758,0,OK,296,0,0,1127.4,0
2026-10-02 23:10:02,17.9,56,0,3758,0,OK,286,0,0,1127.4,0
2026-10-02 23:10:18,17.9,56,0,3758,0,OK,308,0,0,1127.4,0
2026-10-02 23:10:34,17.9,56,0,3758,0,OK,333,0,0,1127.4,0
2026-10-02 23:10:50,17.8,57,0.3,3758,0,OK,332,0,0,1127.4,0
2026-10-02 23:11:06,17.8,57,0.7,3758,0,OK,335,0,0,1127.4,0
2026-10-02 23:11:22,17.8,56,0.4,3758,0,OK,347,0,0,1127.4,0
2026-10-02 23:11:38,17.8,56,0.4,3758,0,OK,322,0,0,1127.4,0
2026-10-02 23:11:54,17.9,56,0.8,3758,0,OK,259,0,0,1127.4,0
2026-10-02 23:12:10,17.9,56,0.3,3758,0,OK,322,0,0,1127.4,0
2026-10-02 23:12:26,17.9,56,0,3758,0,OK,321,0,0,1127.4,0
2026-10-02 23:12:42,17.9,56,0.6,3758,0,OK,316,0,0,1127.4,0
2026-10-02 23:12:58,17.9,56,0.8,3758,0,OK,320,0,0,1127.4,0
2026-10-02 23:13:14,17.9,56,0.3,3758,0,OK,320,0,0,1127.4,0
2026-10-02 23:13:30,17.9,56,0.3,3758,0,OK,339,0,0,1127.4,0
2026-10-02 23:13:46,17.9,56,1.4,3758,0,OK,280,0,0,1127.4,0
2026-10-02 23:14:02,17.9,56,0.8,3758,0,OK,297,0,0,1127.4,0
2026-10-02 23:14:18,17.9,56,0,3758,0,OK,329,0,0,1127.4,0
2026-10-02 23:14:34,17.9,56,0,3758,0,OK,209,0,0,1127.4,0
2026-10-02 23:14:50,17.9,56,1,3758,0,OK,304,0,0,1127.4,0
2026-10-02 23:15:06,17.9,56,0.3,3758,0,OK,291,0,0,1127.4,0
2026-10-02 23:15:22,18,56,1.4,3758,0,OK,286,0,0,1127.4,0
2026-10-02 23:15:38,18,56,0.8,3758,0,OK,256,0,0,1127.4,0
2026-10-02 23:15:54,18,56,0.8,3758,0,OK,269,0,0,1127.4,0
2026-10-02 23:16:10,18,56,0.6,3758,0,OK,302,0,0,1127.4,0
2026-10-02 23:16:26,18,56,0.3,3758,0,OK,311,0,0,1127.4,0
2026-10-02 23:16:42,18,56,0,3758,0,OK,45,0,0,1127.4,0
2026-10-02 23:16:58,18,56,0.1,3758,0,OK,233,0,0,1127.4,0
2026-10-02 23:17:14,18,56,0.8,3758,0,OK,296,0,0,1127.4,0
2026-10-02 23:17:30,18,56,0.8,3758,0,OK,310,0,0,1127.4,0
2026-10-02 23:17:46,18,56,0.7,3758,0,OK,322,0,0,1127.4,0
2026-10-02 23:18:02,18,56,0.7,3758,0,OK,299,0,0,1127.4,0
2026-10-02 23:18:18,18,56,1,3758,0,OK,349,0,0,1127.4,0
2026-10-02 23:18:34,18,56,0.8,3758,0,OK,327,0,0,1127.4,0
2026-10-02 23:18:50,18,56,0.7,3758,0,OK,293,0,0,1127.4,0
2026-10-02 23:19:06,18,56,0.6,3758,0,OK,298,0,0,1127.4,0
2026-10-02 23:19:22,18,56,0.4,3758,0,OK,344,0,0,1127.4,0
2026-10-02 23:19:38,17.9,56,0,3758,0,OK,322,0,0,1127.4,0
2026-10-02 23:19:54,18,56,1,3758,0,OK,310,0,0,1127.4,0
2026-10-02 23:20:10,18,56,1.1,3758,0,OK,294,0,0,1127.4,0
2026-10-02 23:20:26,18,56,0,3758,0,OK,273,0,0,1127.4,0
2026-10-02 23:20:42,18,56,0.4,3758,0,OK,313,0,0,1127.4,0
2026-10-02 23:20:58,18,56,0.7,3758,0,OK,306,0,0,1127.4,0
2026-10-02 23:21:14,18,56,1.4,3758,0,OK,319,0,0,1127.4,0
2026-10-02 23:21:30,18,56,1,3758,0,OK,346,0,0,1127.4,0
2026-10-02 23:21:46,18,56,0,3758,0,OK,324,0,0,1127.4,0
2026-10-02 23:22:02,18,56,0.4,3758,0,OK,341,0,0,1127.4,0
2026-10-02 23:22:18,18,56,1.3,3758,0,OK,304,0,0,1127.4,0
2026-10-02 23:22:34,18,56,0.8,3758,0,OK,355,0,0,1127.4,0
2026-10-02 23:22:50,18,56,0.6,3758,0,OK,357,0,0,1127.4,0
2026-10-02 23:23:06,18,56,0.1,3758,0,OK,15,0,0,1127.4,0
2026-10-02 23:23:22,18,56,0.3,3758,0,OK,355,0,0,1127.4,0
2026-10-02 23:23:38,18,56,0.1,3758,0,OK,353,0,0,1127.4,0
2026-10-02 23:23:54,18,56,0,3758,0,OK,52,0,0,1127.4,0
2026-10-02 23:24:10,18,56,0,3758,0,OK,324,0,0,1127.4,0
2026-10-02 23:24:26,18,56,0,3758,0,OK,314,0,0,1127.4,0
2026-10-02 23:24:42,18,56,0.1,3758,0,OK,277,0,0,1127.4,0
2026-10-02 23:24:58,18,56,0.1,3758,0,OK,345,0,0,1127.4,0
2026-10-02 23:25:14,18,56,0,3758,0,OK,49,0,0,1127.4,0
2026-10-02 23:25:30,18,56,0,3758,0,OK,58,0,0,1127.4,0
2026-10-02 23:25:46,18,56,0,3758,0,OK,0,0,0,1127.4,0
2026-10-02 23:26:02,17.9,56,0,3758,0,OK,328,0,0,1127.4,0
2026-10-02 23:26:18,17.9,56,0,3758,0,OK,319,0,0,1127.4,0
2026-10-02 23:26:34,17.9,57,0,3758,0,OK,315,0,0,1127.4,0
2026-10-02 23:26:50,17.9,57,0.1,3758,0,OK,296,0,0,1127.4,0
2026-10-02 23:27:06,17.9,57,0.1,3758,0,OK,270,0,0,1127.4,0
2026-10-02 23:27:22,17.9,57,0,3758,0,OK,308,0,0,1127.4,0
2026-10-02 23:27:38,17.8,57,0,3758,0,OK,326,0,0,1127.4,0
2026-10-02 23:27:54,17.8,57,0,3758,0,OK,358,0,0,1127.4,0
2026-10-02 23:28:10,17.8,57,0,3758,0,OK,296,0,0,1127.4,0
2026-10-02 23:28:26,17.8,57,0,3758,0,OK,320,0,0,1127.4,0
2026-10-02 23:28:42,17.8,57,0,3758,0,OK,319,0,0,1127.4,0
2026-10-02 23:28:58,17.8,57,0,3758,0,OK,302,0,0,1127.4,0
2026-10-02 23:29:14,17.8,57,0.1,3758,0,OK,342,0,0,1127.4,0
2026-10-02 23:29:30,17.8,57,0.1,3758,0,OK,300,0,0,1127.4,0
2026-10-02 23:29:46,17.8,57,0,3758,0,OK,319,0,0,1127.4,0
2026-10-02 23:30:02,17.8,57,0,3758,0,OK,266,0,0,1127.4,0
2026-10-02 23:30:18,17.8,57,0,3758,0,OK,299,0,0,1127.4,0
2026-10-02 23:30:34,17.8,58,0,3758,0,OK,284,0,0,1127.4,0
2026-10-02 23:30:50,17.7,58,0,3758,0,OK,318,0,0,1127.4,0
2026-10-02 23:31:06,17.7,58,0,3758,0,OK,305,0,0,1127.4,0
2026-10-02 23:31:22,17.7,58,0,3758,0,OK,316,0,0,1127.4,0
2026-10-02 23:31:38,17.7,58,0,3758,0,OK,290,0,0,1127.4,0
2026-10-02 23:31:54,17.6,58,0,3758,0,OK,288,0,0,1127.4,0
2026-10-02 23:32:10,17.6,58,0,3758,0,OK,326,0,0,1127.4,0
2026-10-02 23:32:26,17.6,58,0,3758,0,OK,292,0,0,1127.4,0
2026-10-02 23:32:42,17.6,58,0,3758,0,OK,293,0,0,1127.4,0
2026-10-02 23:32:58,17.6,58,0,3758,0,OK,294,0,0,1127.4,0
2026-10-02 23:33:14,17.5,58,0,3758,0,OK,286,0,0,1127.4,0
2026-10-02 23:33:30,17.5,58,0,3758,0,OK,296,0,0,1127.4,0
2026-10-02 23:33:46,17.5,58,0,3758,0,OK,296,0,0,1127.4,0
2026-10-02 23:34:02,17.5,59,0,3758,0,OK,288,0,0,1127.4,0
2026-10-02 23:34:18,17.5,59,0,3758,0,OK,298,0,0,1127.4,0
2026-10-02 23:34:34,17.5,59,0,3758,0,OK,318,0,0,1127.4,0
2026-10-02 23:34:50,17.5,59,0.1,3758,0,OK,271,0,0,1127.4,0
2026-10-02 23:35:06,17.5,59,1,3758,0,OK,315,0,0,1127.4,0
2026-10-02 23:35:22,17.5,59,0.1,3758,0,OK,294,0,0,1127.4,0
2026-10-02 23:35:38,17.5,59,0,3758,0,OK,318,0,0,1127.4,0
2026-10-02 23:35:54,17.6,59,0,3758,0,OK,3,0,0,1127.4,0
2026-10-02 23:36:10,17.5,59,0,3758,0,OK,331,0,0,1127.4,0
2026-10-02 23:36:26,17.6,59,0,3758,0,OK,317,0,0,1127.4,0
2026-10-02 23:36:42,17.5,59,0,3758,0,OK,300,0,0,1127.4,0
2026-10-02 23:36:58,17.5,59,0,3758,0,OK,74,0,0,1127.4,0
2026-10-02 23:37:14,17.6,59,0,3758,0,OK,9,0,0,1127.4,0
2026-10-02 23:37:30,17.6,59,0,3758,0,OK,73,0,0,1127.4,0
2026-10-02 23:37:46,17.6,59,0,3758,0,OK,349,0,0,1127.4,0
2026-10-02 23:38:02,17.6,58,0,3758,0,OK,146,0,0,1127.4,0
2026-10-02 23:38:18,17.7,59,0,3758,0,OK,14,0,0,1127.4,0
2026-10-02 23:38:34,17.7,58,0,3758,0,OK,326,0,0,1127.4,0
2026-10-02 23:38:50,17.7,58,0,3758,0,OK,249,0,0,1127.4,0
2026-10-02 23:39:06,17.7,59,0,3758,0,OK,300,0,0,1127.4,0
2026-10-02 23:39:22,17.7,58,0,3758,0,OK,351,0,0,1127.4,0
2026-10-02 23:39:38,17.6,59,0,3758,0,OK,305,0,0,1127.4,0
2026-10-02 23:39:54,17.6,59,0,3758,0,OK,294,0,0,1127.4,0
2026-10-02 23:40:10,17.6,59,0,3758,0,OK,300,0,0,1127.4,0
2026-10-02 23:40:26,17.6,59,0,3758,0,OK,62,0,0,1127.4,0
2026-10-02 23:40:42,17.6,59,0,3758,0,OK,14,0,0,1127.4,0
2026-10-02 23:40:58,17.6,59,0,3758,0,OK,305,0,0,1127.4,0
2026-10-02 23:41:14,17.6,59,0,3758,0,OK,309,0,0,1127.4,0
2026-10-02 23:41:30,17.5,59,0,3758,0,OK,10,0,0,1127.4,0
2026-10-02 23:41:46,17.6,59,0,3758,0,OK,270,0,0,1127.4,0
2026-10-02 23:42:02,17.5,59,0,3758,0,OK,262,0,0,1127.4,0
2026-10-02 23:42:18,17.5,59,0,3758,0,OK,262,0,0,1127.4,0
2026-10-02 23:42:34,17.5,59,0,3758,0,OK,294,0,0,1127.4,0
2026-10-02 23:42:50,17.5,59,0,3758,0,OK,289,0,0,1127.4,0
2026-10-02 23:43:06,17.5,59,0,3758,0,OK,335,0,0,1127.4,0
2026-10-02 23:43:22,17.5,59,0,3758,0,OK,2,0,0,1127.4,0
2026-10-02 23:43:38,17.5,59,0,3758,0,OK,54,0,0,1127.4,0
2026-10-02 23:43:54,17.5,59,0,3758,0,OK,55,0,0,1127.4,0
2026-10-02 23:44:10,17.6,59,0,3758,0,OK,331,0,0,1127.4,0
2026-10-02 23:44:26,17.6,59,0,3758,0,OK,349,0,0,1127.4,0
2026-10-02 23:44:42,17.6,59,0,3758,0,OK,32,0,0,1127.4,0
2026-10-02 23:44:58,17.6,59,0,3758,0,OK,333,0,0,1127.4,0
2026-10-02 23:45:14,17.6,59,0,3758,0,OK,72,0,0,1127.4,0
2026-10-02 23:45:30,17.6,59,0,3758,0,OK,310,0,0,1127.4,0
2026-10-02 23:45:46,17.6,59,0,3758,0,OK,68,0,0,1127.4,0
2026-10-02 23:46:02,17.6,59,0,3758,0,OK,8,0,0,1127.4,0
2026-10-02 23:46:18,17.6,59,0,3758,0,OK,329,0,0,1127.4,0
2026-10-02 23:46:34,17.6,59,0,3758,0,OK,281,0,0,1127.4,0
2026-10-02 23:46:50,17.5,59,0,3758,0,OK,304,0,0,1127.4,0
2026-10-02 23:47:06,17.5,59,0,3758,0,OK,299,0,0,1127.4,0
2026-10-02 23:47:22,17.5,59,0,3758,0,OK,269,0,0,1127.4,0
2026-10-02 23:47:38,17.5,59,0,3758,0,OK,322,0,0,1127.4,0
2026-10-02 23:47:54,17.5,59,0,3758,0,OK,312,0,0,1127.4,0
2026-10-02 23:48:10,17.5,60,0,3758,0,OK,324,0,0,1127.4,0
2026-10-02 23:48:26,17.5,60,0,3758,0,OK,306,0,0,1127.4,0
2026-10-02 23:48:42,17.5,60,0,3758,0,OK,296,0,0,1127.4,0
2026-10-02 23:48:58,17.5,60,0,3758,0,OK,354,0,0,1127.4,0
2026-10-02 23:49:14,17.5,60,0,3758,0,OK,323,0,0,1127.4,0
2026-10-02 23:49:30,17.4,60,0,3758,0,OK,316,0,0,1127.4,0
2026-10-02 23:49:46,17.5,60,0,3758,0,OK,297,0,0,1127.4,0
2026-10-02 23:50:02,17.4,60,0,3758,0,OK,59,0,0,1127.4,0
2026-10-02 23:50:18,17.4,60,0,3758,0,OK,87,0,0,1127.4,0
2026-10-02 23:50:34,17.5,60,0,3758,0,OK,15,0,0,1127.4,0
2026-10-02 23:50:50,17.5,60,0,3758,0,OK,319,0,0,1127.4,0
2026-10-02 23:51:06,17.4,60,0,3758,0,OK,298,0,0,1127.4,0
2026-10-02 23:51:22,17.4,60,0,3758,0,OK,348,0,0,1127.4,0
2026-10-02 23:51:38,17.4,60,0,3758,0,OK,1,0,0,1127.4,0
2026-10-02 23:51:54,17.5,60,0,3758,0,OK,33,0,0,1127.4,0
2026-10-02 23:52:10,17.4,60,0,3758,0,OK,0,0,0,1127.4,0
2026-10-02 23:52:26,17.5,60,0,3758,0,OK,321,0,0,1127.4,0
2026-10-02 23:52:42,17.4,60,0,3758,0,OK,334,0,0,1127.4,0
2026-10-02 23:52:58,17.4,60,0,3758,0,OK,358,0,0,1127.4,0
2026-10-02 23:53:14,17.5,60,0,3758,0,OK,330,0,0,1127.4,0
2026-10-02 23:53:30,17.4,60,0,3758,0,OK,323,0,0,1127.4,0
2026-10-02 23:53:46,17.4,60,0,3758,0,OK,350,0,0,1127.4,0
2026-10-02 23:54:02,17.5,60,0,3758,0,OK,349,0,0,1127.4,0
2026-10-02 23:54:18,17.5,60,0,3758,0,OK,298,0,0,1127.4,0
2026-10-02 23:54:34,17.5,60,0,3758,0,OK,276,0,0,1127.4,0
2026-10-02 23:54:50,17.4,60,0,3758,0,OK,290,0,0,1127.4,0
2026-10-02 23:55:06,17.4,60,0,3758,0,OK,3,0,0,1127.4,0
2026-10-02 23:55:22,17.4,60,0,3758,0,OK,36,0,0,1127.4,0
2026-10-02 23:55:38,17.4,60,0,3758,0,OK,323,0,0,1127.4,0
2026-10-02 23:55:54,17.4,60,0,3758,0,OK,53,0,0,1127.4,0
2026-10-02 23:56:10,17.4,60,0,3758,0,OK,4,0,0,1127.4,0
2026-10-02 23:56:26,17.4,60,0,3758,0,OK,84,0,0,1127.4,0
2026-10-02 23:56:42,17.4,60,0,3758,0,OK,320,0,0,1127.4,0
2026-10-02 23:56:58,17.4,60,0,3758,0,OK,358,0,0,1127.4,0
2026-10-02 23:57:14,17.3,60,0,3758,0,OK,287,0,0,1127.4,0
2026-10-02 23:57:30,17.3,60,0,3758,0,OK,280,0,0,1127.4,0
2026-10-02 23:57:46,17.3,60,0,3758,0,OK,280,0,0,1127.4,0
2026-10-02 23:58:02,17.3,60,0,3758,0,OK,289,0,0,1127.4,0
2026-10-02 23:58:18,17.3,60,0,3758,0,OK,1,0,0,1127.4,0
2026-10-02 23:58:34,17.3,60,0,3758,0,OK,311,0,0,1127.4,0
2026-10-02 23:58:50,17.3,60,0,3758,0,OK,287,0,0,1127.4,0
2026-10-02 23:59:06,17.3,60,0,3758,0,OK,318,0,0,1127.4,0
2026-10-02 23:59:22,17.3,60,0,3758,0,OK,300,0,0,1127.4,0
2026-10-02 23:59:38,17.3,60,0,3758,0,OK,325,0,0,1127.4,0
2026-10-02 23:59:54,17.3,60,0,3758,0,OK,322,0,0,1127.4,0
