datetime,temperature,humidity,wind_speed,rainfall,light_lux,crc_status,wind_direction,uv,uvi,rainfall_mm,solar_radiation_wm2
2026-05-01 0:00:05,-40,0,0,0,0,OK,,,,,
2026-05-01 0:00:37,-40,0,0,0,0,OK,,,,,
2026-05-01 0:01:09,-40,0,0,0,0,OK,,,,,
2026-05-01 0:01:25,-40,0,0,0,0,OK,,,,,
2026-05-01 0:01:41,-40,0,0,0,0,OK,,,,,
2026-05-01 0:01:57,-40,0,0,0,0,OK,,,,,
2026-05-01 0:02:13,-40,0,0,0,0,OK,,,,,
2026-05-01 0:02:29,13.5,254,0.3,392,0,OK,,,,,
2026-05-01 0:02:45,-40,0,0,0,0,OK,,,,,
2026-05-01 0:03:01,13.5,62,0,392,12.8,OK,,,,,
2026-05-01 0:03:17,-40,0,0,0,0,OK,,,,,
2026-05-01 0:03:33,-40,0,0,0,0,OK,,,,,
2026-05-01 0:03:49,-40,0,0,0,0,OK,,,,,
2026-05-01 0:04:05,-40,0,0,0,0,OK,,,,,
2026-05-01 0:04:21,-40,0,0,0,0,OK,,,,,
2026-05-01 0:04:37,-40,0,0,0,0,OK,,,,,
2026-05-01 0:04:53,-40,0,0,0,0,OK,,,,,
2026-05-01 0:05:09,-40,0,0,0,0,OK,,,,,
2026-05-01 0:05:25,-40,0,0,0,0,OK,,,,,
2026-05-01 0:05:41,-40,0,0,0,0,OK,,,,,
2026-05-01 0:05:57,-40,0,0,0,0,OK,,,,,
2026-05-01 0:06:13,-40,0,0,0,0,OK,,,,,
2026-05-01 0:06:29,13.5,62,0,392,838860.8,OK,,,,,
2026-05-01 0:06:45,-40,0,0,0,0,OK,,,,,
2026-05-01 0:07:01,-40,0,0,0,0,OK,,,,,
2026-05-01 0:07:17,-40,0,0,0,0,OK,,,,,
2026-05-01 0:07:33,-40,0,0,0,0,OK,,,,,
2026-05-01 0:07:49,-40,0,0,0,0,OK,,,,,
2026-05-01 0:08:05,-40,0,0,0,0,OK,,,,,
2026-05-01 0:08:21,-40,0,0,0,0,OK,,,,,
2026-05-01 0:08:37,-40,0,0,0,0,OK,,,,,
2026-05-01 0:09:41,-40,0,0,0,0,OK,,,,,
2026-05-01 0:09:57,-40,0,0,0,0,OK,,,,,
2026-05-01 0:10:13,-40,0,0,0,0,OK,,,,,
2026-05-01 0:10:29,-40,0,0,0,0,OK,,,,,
2026-05-01 0:10:45,-40,0,0,0,0,OK,,,,,
2026-05-01 0:11:01,-40,0,0,0,0,OK,,,,,
2026-05-01 0:11:17,-40,0,0,0,0,OK,,,,,
2026-05-01 0:11:33,-40,0,0,0,0,OK,,,,,
2026-05-01 0:11:49,-40,0,0,0,0,OK,,,,,
2026-05-01 0:12:05,-40,0,0,0,0,OK,,,,,
2026-05-01 0:12:21,-40,0,0,0,0,OK,,,,,
2026-05-01 0:12:37,-40,0,0,0,0,OK,,,,,
2026-05-01 0:13:09,13.5,64,1,392,5744,OK,,,,,
2026-05-01 0:13:25,-40,0,0,0,0,OK,,,,,
2026-05-01 0:13:41,-40,0,0,0,0,OK,,,,,
2026-05-01 0:13:57,-40,0,0,0,0,OK,,,,,
2026-05-01 0:14:13,-40,0,0,0,0,OK,,,,,
2026-05-01 0:14:29,-40,0,0,0,0,OK,,,,,
2026-05-01 0:14:45,-40,0,0,0,0,OK,,,,,
2026-05-01 0:15:01,-40,0,0,0,0,OK,,,,,
2026-05-01 0:15:17,-40,0,0,0,0,OK,,,,,
2026-05-01 0:15:33,-40,0,0,0,0,OK,,,,,
2026-05-01 0:15:49,-40,0,0,0,0,OK,,,,,
2026-05-01 0:16:05,-40,0,0,0,0,OK,,,,,
2026-05-01 0:16:21,13.5,67,0.1,392,0,OK,,,,,
2026-05-01 0:16:37,-40,0,0,0,0,OK,,,,,
2026-05-01 0:16:53,-40,0,0,0,0,OK,,,,,
2026-05-01 0:17:09,-40,0,0,0,0,OK,,,,,
2026-05-01 0:17:25,-40,0,0,0,0,OK,,,,,
2026-05-01 0:17:57,-40,0,0,0,0,OK,,,,,
2026-05-01 0:18:13,-40,0,0,0,0,OK,,,,,
2026-05-01 0:18:29,-40,0,0,0,0,OK,,,,,
2026-05-01 0:18:45,-40,0,0,0,0,OK,,,,,
2026-05-01 0:19:17,-40,0,0,0,0,OK,,,,,
2026-05-01 0:19:33,-40,0,0,0,0,OK,,,,,
2026-05-01 0:19:49,-40,0,0,0,0,OK,,,,,
2026-05-01 0:20:05,-40,0,0,0,0,OK,,,,,
2026-05-01 0:20:21,-40,0,0,0,0,OK,,,,,
2026-05-01 0:20:37,-40,0,0,0,0,OK,,,,,
2026-05-01 0:20:53,-40,0,0,0,0,OK,,,,,
2026-05-01 0:21:09,-40,0,0,0,0,OK,,,,,
2026-05-01 0:21:25,-40,0,0,0,0,OK,,,,,
2026-05-01 0:21:41,-40,0,0,0,0,OK,,,,,
2026-05-01 0:21:57,-40,0,0,0,0,OK,,,,,
2026-05-01 0:22:13,-40,0,0,0,0,OK,,,,,
2026-05-01 0:23:01,-40,0,0,0,0,OK,,,,,
2026-05-01 0:23:17,-40,0,0,0,0,OK,,,,,
2026-05-01 0:23:33,-40,0,0,0,0,OK,,,,,
2026-05-01 0:23:49,-40,0,0,0,0,OK,,,,,
2026-05-01 0:24:05,-40,0,0,0,0,OK,,,,,
2026-05-01 0:24:21,-40,0,0,0,0,OK,,,,,
2026-05-01 0:24:37,-40,0,0,0,0,OK,,,,,
2026-05-01 0:24:53,-40,0,0,0,0,OK,,,,,
2026-05-01 0:25:09,-40,0,0,0,0,OK,,,,,
2026-05-01 0:25:41,-40,0,0,0,0,OK,,,,,
2026-05-01 0:25:57,-40,0,0,0,0,OK,,,,,
2026-05-01 0:26:13,-40,0,0,0,0,OK,,,,,
2026-05-01 0:26:45,-40,0,0,0,0,OK,,,,,
2026-05-01 0:27:17,-40,0,0,0,0,OK,,,,,
2026-05-01 0:27:33,-40,0,0,0,0,OK,,,,,
2026-05-01 0:27:49,-40,0,0,0,0,OK,,,,,
2026-05-01 0:28:05,-40,0,0,0,0,OK,,,,,
2026-05-01 0:28:21,-40,0,0,0,0,OK,,,,,
2026-05-01 0:28:37,-40,0,0,0,0,OK,,,,,
2026-05-01 0:28:53,-40,0,0,0,0,OK,,,,,
2026-05-01 0:29:09,-40,0,0,0,0,OK,,,,,
2026-05-01 0:29:25,-40,0,0,0,0,OK,,,,,
2026-05-01 0:29:41,-40,0,0,0,0,OK,,,,,
2026-05-01 0:30:13,-40,0,0,0,0,OK,,,,,
2026-05-01 0:30:29,-40,0,0,0,0,OK,,,,,
2026-05-01 0:30:45,-40,0,0,0,0,OK,,,,,
2026-05-01 0:31:01,-40,0,0,0,0,OK,,,,,
2026-05-01 0:31:17,-40,0,0,0,0,OK,,,,,
2026-05-01 0:31:33,-40,0,0,0,0,OK,,,,,
2026-05-01 0:31:49,-40,0,0,0,0,OK,,,,,
2026-05-01 0:32:05,-40,0,0,0,0,OK,,,,,
2026-05-01 0:32:21,-40,0,0,0,0,OK,,,,,
2026-05-01 0:32:53,-40,0,0,0,0,OK,,,,,
2026-05-01 0:33:09,-40,0,0,0,0,OK,,,,,
2026-05-01 0:33:41,-40,0,0,0,0,OK,,,,,
2026-05-01 0:33:57,-40,0,0,0,0,OK,,,,,
2026-05-01 0:34:13,-40,0,0,0,0,OK,,,,,
2026-05-01 0:34:29,-40,0,0,0,0,OK,,,,,
2026-05-01 0:34:45,-40,0,0,0,0,OK,,,,,
2026-05-01 0:35:01,-40,0,0,0,0,OK,,,,,
2026-05-01 0:35:17,-40,0,0,0,0,OK,,,,,
2026-05-01 0:35:33,-40,0,0,0,0,OK,,,,,
2026-05-01 0:36:05,-40,0,0,0,0,OK,,,,,
2026-05-01 0:36:21,-40,0,0,0,0,OK,,,,,
2026-05-01 0:36:37,-40,0,0,0,0,OK,,,,,
2026-05-01 0:36:53,-40,0,0,0,0,OK,,,,,
2026-05-01 0:37:09,-40,0,0,0,0,OK,,,,,
2026-05-01 0:37:25,-40,0,0,0,0,OK,,,,,
2026-05-01 0:37:41,13,76,0.1,904,0,OK,,,,,
2026-05-01 0:37:57,-40,0,0,0,0,OK,,,,,
2026-05-01 0:38:13,-40,0,0,0,0,OK,,,,,
2026-05-01 0:38:29,-40,0,0,0,0,OK,,,,,
2026-05-01 0:38:45,-40,0,0,0,0,OK,,,,,
2026-05-01 0:39:01,-40,0,0,0,0,OK,,,,,
2026-05-01 0:39:17,-40,0,0,0,0,OK,,,,,
2026-05-01 0:39:33,-40,0,0,0,0,OK,,,,,
2026-05-01 0:39:49,-40,0,0,0,0,OK,,,,,
2026-05-01 0:40:05,-40,0,0,0,0,OK,,,,,
2026-05-01 0:40:21,-40,0,0,0,0,OK,,,,,
2026-05-01 0:40:37,-40,0,0,0,0,OK,,,,,
2026-05-01 0:40:53,-40,0,0,0,0,OK,,,,,
2026-05-01 0:41:09,-40,0,0,0,0,OK,,,,,
2026-05-01 0:41:25,-40,0,0,0,0,OK,,,,,
2026-05-01 0:41:41,-40,0,0,0,0,OK,,,,,
2026-05-01 0:42:13,-40,0,0,0,0,OK,,,,,
2026-05-01 0:42:29,-40,0,0,0,0,OK,,,,,
2026-05-01 0:42:45,-40,0,0,0,0,OK,,,,,
2026-05-01 0:43:01,-40,0,0,0,0,OK,,,,,
2026-05-01 0:43:17,-40,0,0,0,0,OK,,,,,
2026-05-01 0:43:33,-40,0,0,0,0,OK,,,,,
2026-05-01 0:43:49,-40,0,0,0,0,OK,,,,,
2026-05-01 0:44:05,-40,0,0,0,0,OK,,,,,
2026-05-01 0:44:21,-40,0,0,0,0,OK,,,,,
2026-05-01 0:44:37,-40,0,0,0,0,OK,,,,,
2026-05-01 0:44:53,13,77,0,392,0,OK,,,,,
2026-05-01 0:45:25,-40,0,0,0,0,OK,,,,,
2026-05-01 0:45:41,-40,0,0,0,0,OK,,,,,
2026-05-01 0:45:57,-40,0,0,0,0,OK,,,,,
2026-05-01 0:46:13,-40,0,0,0,0,OK,,,,,
2026-05-01 0:46:29,-40,0,0,0,0,OK,,,,,
2026-05-01 0:46:45,-40,0,0,0,0,OK,,,,,
2026-05-01 0:47:01,-40,0,0,0,0,OK,,,,,
2026-05-01 0:47:17,-40,0,0,0,0,OK,,,,,
2026-05-01 0:47:33,-40,0,0,0,0,OK,,,,,
2026-05-01 0:47:49,-40,0,0,0,0,OK,,,,,
2026-05-01 0:48:05,-40,0,0,0,0,OK,,,,,
2026-05-01 0:48:37,-40,0,0,0,0,OK,,,,,
2026-05-01 0:48:53,-40,0,0,0,0,OK,,,,,
2026-05-01 0:49:09,-40,0,0,0,0,OK,,,,,
2026-05-01 0:49:57,-40,0,0,0,0,OK,,,,,
2026-05-01 0:50:13,-40,0,0,0,0,OK,,,,,
2026-05-01 0:50:29,-40,0,0,0,0,OK,,,,,
2026-05-01 0:50:45,-40,0,0,0,0,OK,,,,,
2026-05-01 0:51:01,-40,0,0,0,0,OK,,,,,
2026-05-01 0:51:17,-40,0,0,0,0,OK,,,,,
2026-05-01 0:51:33,-40,0,0,0,0,OK,,,,,
2026-05-01 0:51:49,-40,0,0,0,0,OK,,,,,
2026-05-01 0:52:05,-40,0,0,0,0,OK,,,,,
2026-05-01 0:52:21,-40,0,0,0,0,OK,,,,,
2026-05-01 0:52:53,-36.1,252,111.6,392,24.8,OK,,,,,
2026-05-01 0:53:09,-40,0,0,0,0,OK,,,,,
2026-05-01 0:53:25,-40,0,0,0,0,OK,,,,,
2026-05-01 0:53:57,-40,0,0,0,0,OK,,,,,
2026-05-01 0:54:13,-40,0,0,0,0,OK,,,,,
2026-05-01 0:54:29,-40,0,0,0,0,OK,,,,,
2026-05-01 0:54:45,-40,0,0,0,0,OK,,,,,
2026-05-01 0:55:01,-40,0,0,0,0,OK,,,,,
2026-05-01 0:55:17,-40,0,0,0,0,OK,,,,,
2026-05-01 0:55:33,-40,0,0,0,0,OK,,,,,
2026-05-01 0:55:49,-40,0,0,0,0,OK,,,,,
2026-05-01 0:56:05,-40,0,0,0,0,OK,,,,,
2026-05-01 0:56:21,-40,0,0,0,0,OK,,,,,
2026-05-01 0:56:37,-40,0,0,0,0,OK,,,,,
2026-05-01 0:56:53,-40,0,0,0,0,OK,,,,,
2026-05-01 0:57:09,-40,0,0,0,0,OK,,,,,
2026-05-01 0:57:25,-40,0,0,0,0,OK,,,,,
2026-05-01 0:57:41,-40,0,0,0,0,OK,,,,,
2026-05-01 0:57:57,-40,0,0,0,0,OK,,,,,
2026-05-01 0:58:13,-40,0,0,0,0,OK,,,,,
2026-05-01 0:58:29,-40,0,0,0,0,OK,,,,,
2026-05-01 0:58:45,-40,0,0,0,0,OK,,,,,
2026-05-01 0:59:01,-40,0,0,0,0,OK,,,,,
2026-05-01 0:59:17,-40,0,0,0,0,OK,,,,,
2026-05-01 0:59:33,-40,0,0,0,0,OK,,,,,
2026-05-01 0:59:49,-40,0,0,0,0,OK,,,,,
2026-05-01 1:00:05,-40,0,0,0,0,OK,,,,,
2026-05-01 1:00:21,-40,0,0,0,0,OK,,,,,
2026-05-01 1:00:37,-40,0,0,0,0,OK,,,,,
2026-05-01 1:00:53,-40,0,0,0,0,OK,,,,,
2026-05-01 1:01:09,12.8,175,17.9,452,12.8,OK,,,,,
2026-05-01 1:01:25,-40,0,0,0,0,OK,,,,,
2026-05-01 1:01:41,-40,0,0,0,0,OK,,,,,
2026-05-01 1:01:57,-40,0,0,0,0,OK,,,,,
2026-05-01 1:02:13,-40,0,0,0,0,OK,,,,,
2026-05-01 1:02:29,-40,0,0,0,0,OK,,,,,
2026-05-01 1:02:45,-40,0,0,0,0,OK,,,,,
2026-05-01 1:03:01,-40,0,0,0,0,OK,,,,,
2026-05-01 1:03:17,-40,0,0,0,0,OK,,,,,
2026-05-01 1:03:33,-40,0,0,0,0,OK,,,,,
2026-05-01 1:03:49,-40,0,0,0,0,OK,,,,,
2026-05-01 1:04:05,-40,0,0,0,0,OK,,,,,
2026-05-01 1:04:21,9.6,167,36.4,65416,0,OK,,,,,
2026-05-01 1:04:37,-40,0,0,0,0,OK,,,,,
2026-05-01 1:04:53,-40,0,0,0,0,OK,,,,,
2026-05-01 1:05:09,-40,0,0,0,0,OK,,,,,
2026-05-01 1:05:25,-40,0,0,0,0,OK,,,,,
2026-05-01 1:05:41,-40,0,0,0,0,OK,,,,,
2026-05-01 1:05:57,-40,0,0,0,0,OK,,,,,
2026-05-01 1:06:13,-40,0,0,0,0,OK,,,,,
2026-05-01 1:06:29,-40,0,0,0,0,OK,,,,,
2026-05-01 1:06:45,-40,0,0,0,0,OK,,,,,
2026-05-01 1:07:01,-40,0,0,0,0,OK,,,,,
2026-05-01 1:07:17,-40,0,0,0,0,OK,,,,,
2026-05-01 1:07:33,-40,0,0,0,0,OK,,,,,
2026-05-01 1:07:49,-40,0,0,0,0,OK,,,,,
2026-05-01 1:08:05,-40,0,0,0,0,OK,,,,,
2026-05-01 1:08:21,-40,0,0,0,0,OK,,,,,
2026-05-01 1:09:25,-40,0,0,0,0,OK,,,,,
2026-05-01 1:09:41,-40,0,0,0,0,OK,,,,,
2026-05-01 1:09:57,-40,0,0,0,0,OK,,,,,
2026-05-01 1:10:29,-40,0,0,0,0,OK,,,,,
2026-05-01 1:10:45,-40,0,0,0,0,OK,,,,,
2026-05-01 1:11:01,-40,0,0,0,0,OK,,,,,
2026-05-01 1:11:17,-40,0,0,0,0,OK,,,,,
2026-05-01 1:11:33,-40,0,0,0,0,OK,,,,,
2026-05-01 1:11:49,-40,0,0,0,0,OK,,,,,
2026-05-01 1:12:05,-40,0,0,0,0,OK,,,,,
2026-05-01 1:12:21,-40,0,0,0,0,OK,,,,,
2026-05-01 1:12:53,-40,0,0,0,0,OK,,,,,
2026-05-01 1:13:09,-40,0,0,0,0,OK,,,,,
2026-05-01 1:13:41,-40,0,0,0,0,OK,,,,,
2026-05-01 1:13:57,-40,0,0,0,0,OK,,,,,
2026-05-01 1:14:13,-40,0,0,0,0,OK,,,,,
2026-05-01 1:14:29,-12.5,206,62.7,440,4915.2,OK,,,,,
2026-05-01 1:14:45,-40,0,0,0,0,OK,,,,,
2026-05-01 1:15:01,-40,0,0,0,0,OK,,,,,
2026-05-01 1:15:17,-40,0,0,0,0,OK,,,,,
2026-05-01 1:15:33,-40,0,0,0,0,OK,,,,,
2026-05-01 1:15:49,-40,0,0,0,0,OK,,,,,
2026-05-01 1:16:05,-40,0,0,0,0,OK,,,,,
2026-05-01 1:16:21,-40,0,0,0,0,OK,,,,,
2026-05-01 1:16:37,-40,0,0,0,0,OK,,,,,
2026-05-01 1:16:53,-40,0,0,0,0,OK,,,,,
2026-05-01 1:17:09,-40,0,0,0,0,OK,,,,,
2026-05-01 1:17:25,-40,0,0,0,0,OK,,,,,
2026-05-01 1:17:41,-40,0,0,0,0,OK,,,,,
2026-05-01 1:18:13,-40,0,0,0,0,OK,,,,,
2026-05-01 1:18:29,-40,0,0,0,0,OK,,,,,
2026-05-01 1:18:45,-40,0,0,0,0,OK,,,,,
2026-05-01 1:19:01,-40,0,0,0,0,OK,,,,,
2026-05-01 1:19:17,-40,0,0,0,0,OK,,,,,
2026-05-01 1:19:33,-40,0,0,0,0,OK,,,,,
2026-05-01 1:19:49,-40,0,0,0,0,OK,,,,,
2026-05-01 1:20:05,-40,0,0,0,0,OK,,,,,
2026-05-01 1:20:37,-40,0,0,0,0,OK,,,,,
2026-05-01 1:20:53,-40,0,0,0,0,OK,,,,,
2026-05-01 1:21:09,-40,0,0,0,0,OK,,,,,
2026-05-01 1:21:25,-40,0,0,0,0,OK,,,,,
2026-05-01 1:21:41,-40,0,0,0,0,OK,,,,,
2026-05-01 1:21:57,-40,0,0,0,0,OK,,,,,
2026-05-01 1:22:13,-40,0,0,0,0,OK,,,,,
2026-05-01 1:22:29,-40,0,0,0,0,OK,,,,,
2026-05-01 1:23:01,-40,0,0,0,0,OK,,,,,
2026-05-01 1:23:17,-40,0,0,0,0,OK,,,,,
2026-05-01 1:23:33,-40,0,0,0,0,OK,,,,,
2026-05-01 1:23:49,-40,0,0,0,0,OK,,,,,
2026-05-01 1:24:05,-40,0,0,0,0,OK,,,,,
2026-05-01 1:24:21,-40,0,0,0,0,OK,,,,,
2026-05-01 1:24:37,-40,0,0,0,0,OK,,,,,
2026-05-01 1:24:53,-40,0,0,0,0,OK,,,,,
2026-05-01 1:25:09,14.3,78,0,16264,0,OK,,,,,
2026-05-01 1:25:41,-40,0,0,0,0,OK,,,,,
2026-05-01 1:25:57,-40,0,0,0,0,OK,,,,,
2026-05-01 1:26:13,-40,0,0,0,0,OK,,,,,
2026-05-01 1:26:45,-40,0,0,0,0,OK,,,,,
2026-05-01 1:27:17,-40,0,0,0,0,OK,,,,,
2026-05-01 1:27:33,-40,0,0,0,0,OK,,,,,
2026-05-01 1:27:49,-40,0,0,0,0,OK,,,,,
2026-05-01 1:28:05,-12.9,79,36.3,392,0,OK,,,,,
2026-05-01 1:28:21,-40,0,0,0,0,OK,,,,,
2026-05-01 1:28:53,-40,0,0,0,0,OK,,,,,
2026-05-01 1:29:09,-40,0,0,0,0,OK,,,,,
2026-05-01 1:29:25,-40,0,0,0,0,OK,,,,,
2026-05-01 1:29:41,-40,0,0,0,0,OK,,,,,
2026-05-01 1:29:57,12.6,79,13.4,392,4915.2,OK,,,,,
2026-05-01 1:30:13,-40,0,0,0,0,OK,,,,,
2026-05-01 1:30:29,-40,0,0,0,0,OK,,,,,
2026-05-01 1:31:01,-40,0,0,0,0,OK,,,,,
2026-05-01 1:31:33,-40,0,0,0,0,OK,,,,,
2026-05-01 1:31:49,-40,0,0,0,0,OK,,,,,
2026-05-01 1:32:05,-40,0,0,0,0,OK,,,,,
2026-05-01 1:32:21,-40,0,0,0,0,OK,,,,,
2026-05-01 1:32:53,-40,0,0,0,0,OK,,,,,
2026-05-01 1:33:09,-40,0,0,0,0,OK,,,,,
2026-05-01 1:33:25,-40,0,0,0,0,OK,,,,,
2026-05-01 1:33:41,-40,0,0,0,0,OK,,,,,
2026-05-01 1:33:57,-40,0,0,0,0,OK,,,,,
2026-05-01 1:34:29,-40,0,0,0,0,OK,,,,,
2026-05-01 1:34:45,-40,0,0,0,0,OK,,,,,
2026-05-01 1:35:01,-40,0,0,0,0,OK,,,,,
2026-05-01 1:35:33,-40,0,0,0,0,OK,,,,,
2026-05-01 1:35:49,-40,0,0,0,0,OK,,,,,
2026-05-01 1:36:05,-40,0,0,0,0,OK,,,,,
2026-05-01 1:36:21,-40,0,0,0,0,OK,,,,,
2026-05-01 1:36:53,-40,0,0,0,0,OK,,,,,
2026-05-01 1:37:41,-40,0,0,0,0,OK,,,,,
2026-05-01 1:37:57,-40,0,0,0,0,OK,,,,,
2026-05-01 1:38:13,-40,0,0,0,0,OK,,,,,
2026-05-01 1:38:29,-40,0,0,0,0,OK,,,,,
2026-05-01 1:38:45,-40,0,0,0,0,OK,,,,,
2026-05-01 1:39:01,-40,0,0,0,0,OK,,,,,
2026-05-01 1:39:17,-40,0,0,0,0,OK,,,,,
2026-05-01 1:39:33,-40,0,0,0,0,OK,,,,,
2026-05-01 1:39:49,-40,0,0,0,0,OK,,,,,
2026-05-01 1:40:05,-40,0,0,0,0,OK,,,,,
2026-05-01 1:40:21,-40,0,0,0,0,OK,,,,,
2026-05-01 1:40:37,-40,0,0,0,0,OK,,,,,
2026-05-01 1:40:53,-40,0,0,0,0,OK,,,,,
2026-05-01 1:41:41,-40,0,0,0,0,OK,,,,,
2026-05-01 1:41:57,-40,0,0,0,0,OK,,,,,
2026-05-01 1:42:13,-40,0,0,0,0,OK,,,,,
2026-05-01 1:42:29,-40,0,0,0,0,OK,,,,,
2026-05-01 1:42:45,-40,0,0,0,0,OK,,,,,
2026-05-01 1:43:01,114.8,240,0.3,65528,0,OK,,,,,
2026-05-01 1:43:17,-40,0,0,0,0,OK,,,,,
2026-05-01 1:43:33,-40,0,0,0,0,OK,,,,,
2026-05-01 1:43:49,-40,0,0,0,0,OK,,,,,
2026-05-01 1:44:05,12.7,81,0,904,0,OK,,,,,
2026-05-01 1:44:21,-40,0,0,0,0,OK,,,,,
2026-05-01 1:44:37,-40,0,0,0,0,OK,,,,,
2026-05-01 1:45:09,-40,0,0,0,0,OK,,,,,
2026-05-01 1:45:25,-40,0,0,0,0,OK,,,,,
2026-05-01 1:45:41,-40,0,0,0,0,OK,,,,,
2026-05-01 1:45:57,-40,0,0,0,0,OK,,,,,
2026-05-01 1:46:13,-40,0,0,0,0,OK,,,,,
2026-05-01 1:46:29,-40,0,0,0,0,OK,,,,,
2026-05-01 1:46:45,-40,0,0,0,0,OK,,,,,
2026-05-01 1:47:01,-40,0,0,0,0,OK,,,,,
2026-05-01 1:47:17,-40,0,0,0,0,OK,,,,,
2026-05-01 1:47:33,12.3,113,0.1,3976,4915.2,OK,,,,,
2026-05-01 1:47:49,-40,0,0,0,0,OK,,,,,
2026-05-01 1:48:05,-40,0,0,0,0,OK,,,,,
2026-05-01 1:48:21,-40,0,0,0,0,OK,,,,,
2026-05-01 1:48:37,-40,0,0,0,0,OK,,,,,
2026-05-01 1:49:09,-40,0,0,0,0,OK,,,,,
2026-05-01 1:49:25,-40,0,0,0,0,OK,,,,,
2026-05-01 1:49:41,-40,0,0,0,0,OK,,,,,
2026-05-01 1:51:01,-40,0,0,0,0,OK,,,,,
2026-05-01 1:51:17,-40,0,0,0,0,OK,,,,,
2026-05-01 1:51:33,-40,0,0,0,0,OK,,,,,
2026-05-01 1:52:05,151.9,95,35.8,392,0,OK,,,,,
2026-05-01 1:52:21,-40,0,0,0,0,OK,,,,,
2026-05-01 1:52:37,-40,0,0,0,0,OK,,,,,
2026-05-01 1:52:53,-40,0,0,0,0,OK,,,,,
2026-05-01 1:53:09,-40,0,0,0,0,OK,,,,,
2026-05-01 1:53:41,-40,0,0,0,0,OK,,,,,
2026-05-01 1:54:13,-40,0,0,0,0,OK,,,,,
2026-05-01 1:54:29,-40,0,0,0,0,OK,,,,,
2026-05-01 1:54:45,-40,0,0,0,0,OK,,,,,
2026-05-01 1:55:01,-40,0,0,0,0,OK,,,,,
2026-05-01 1:55:17,-40,0,0,0,0,OK,,,,,
2026-05-01 1:55:33,-40,0,0,0,0,OK,,,,,
2026-05-01 1:55:49,-40,0,0,0,0,OK,,,,,
2026-05-01 1:56:21,-40,0,0,0,0,OK,,,,,
2026-05-01 1:56:37,-40,0,0,0,0,OK,,,,,
2026-05-01 1:56:53,-40,0,0,0,0,OK,,,,,
2026-05-01 1:57:09,-40,0,0,0,0,OK,,,,,
2026-05-01 1:57:41,-40,0,0,0,0,OK,,,,,
2026-05-01 1:57:57,12.6,82,17.9,392,3276.8,OK,,,,,
2026-05-01 1:58:13,12.2,210,13.4,16264,0,OK,,,,,
2026-05-01 1:58:29,-40,0,0,0,0,OK,,,,,
2026-05-01 1:58:45,-40,0,0,0,0,OK,,,,,
2026-05-01 1:59:01,23.8,82,0,392,0,OK,,,,,
2026-05-01 1:59:17,-40,0,0,0,0,OK,,,,,
2026-05-01 1:59:33,-40,0,0,0,0,OK,,,,,
2026-05-01 1:59:49,-40,0,0,0,0,OK,,,,,
2026-05-01 2:00:05,-40,0,0,0,0,OK,,,,,
2026-05-01 2:00:21,-40,0,0,0,0,OK,,,,,
2026-05-01 2:00:53,-40,0,0,0,0,OK,,,,,
2026-05-01 2:01:09,-40,0,0,0,0,OK,,,,,
2026-05-01 2:01:25,-40,0,0,0,0,OK,,,,,
2026-05-01 2:01:41,-40,0,0,0,0,OK,,,,,
2026-05-01 2:01:57,13.7,82,0,3976,0,OK,,,,,
2026-05-01 2:02:13,-40,0,0,0,0,OK,,,,,
2026-05-01 2:02:29,-40,0,0,0,0,OK,,,,,
2026-05-01 2:02:45,-40,0,0,0,0,OK,,,,,
2026-05-01 2:03:01,-40,0,0,0,0,OK,,,,,
2026-05-01 2:03:17,-40,0,0,0,0,OK,,,,,
2026-05-01 2:03:49,-40,0,0,0,0,OK,,,,,
2026-05-01 2:04:21,-40,0,0,0,0,OK,,,,,
2026-05-01 2:04:37,-40,0,0,0,0,OK,,,,,
2026-05-01 2:05:09,-40,0,0,0,0,OK,,,,,
2026-05-01 2:05:25,-40,0,0,0,0,OK,,,,,
2026-05-01 2:05:41,-40,0,0,0,0,OK,,,,,
2026-05-01 2:05:57,-40,0,0,0,0,OK,,,,,
2026-05-01 2:06:13,-40,0,0,0,0,OK,,,,,
2026-05-01 2:06:29,-40,0,0,0,0,OK,,,,,
2026-05-01 2:06:45,-40,0,0,0,0,OK,,,,,
2026-05-01 2:07:01,-40,0,0,0,0,OK,,,,,
2026-05-01 2:07:33,-40,0,0,0,0,OK,,,,,
2026-05-01 2:07:49,-40,0,0,0,0,OK,,,,,
2026-05-01 2:08:05,-40,0,0,0,0,OK,,,,,
2026-05-01 2:08:37,-40,0,0,0,0,OK,,,,,
2026-05-01 2:08:53,24.4,83,0,1928,0,OK,,,,,
2026-05-01 2:09:09,-40,0,0,0,0,OK,,,,,
2026-05-01 2:09:25,-40,0,0,0,0,OK,,,,,
2026-05-01 2:10:13,-40,0,0,0,0,OK,,,,,
2026-05-01 2:10:29,32.8,245,30.2,49348,0,OK,,,,,
2026-05-01 2:11:17,12,211,17.9,392,0,OK,,,,,
2026-05-01 2:11:33,-40,0,0,0,0,OK,,,,,
2026-05-01 2:11:49,-40,0,0,0,0,OK,,,,,
2026-05-01 2:12:05,-40,0,0,0,0,OK,,,,,
2026-05-01 2:12:21,-40,0,0,0,0,OK,,,,,
2026-05-01 2:12:37,-40,0,0,0,0,OK,,,,,
2026-05-01 2:12:53,-40,0,0,0,0,OK,,,,,
2026-05-01 2:13:09,-40,0,0,0,0,OK,,,,,
2026-05-01 2:13:41,-40,0,0,0,0,OK,,,,,
2026-05-01 2:13:57,-40,0,0,0,0,OK,,,,,
2026-05-01 2:14:13,-40,0,0,0,0,OK,,,,,
2026-05-01 2:14:29,-13.6,83,49.3,392,3276.8,OK,,,,,
2026-05-01 2:14:45,-40,0,0,0,0,OK,,,,,
2026-05-01 2:15:01,-12.9,83,36.1,392,3276.8,OK,,,,,
2026-05-01 2:15:17,12.1,83,0,904,0,OK,,,,,
2026-05-01 2:15:33,-40,0,0,0,0,OK,,,,,
2026-05-01 2:15:49,-40,0,0,0,0,OK,,,,,
2026-05-01 2:16:21,-40,0,0,0,0,OK,,,,,
2026-05-01 2:16:37,-40,0,0,0,0,OK,,,,,
2026-05-01 2:16:53,-40,0,0,0,0,OK,,,,,
2026-05-01 2:17:09,-14.8,194,111.6,392,0,OK,,,,,
2026-05-01 2:17:57,-40,0,0,0,0,OK,,,,,
2026-05-01 2:18:13,-40,0,0,0,0,OK,,,,,
2026-05-01 2:18:29,12.1,83,8.7,392,0,OK,,,,,
2026-05-01 2:18:45,-40,0,0,0,0,OK,,,,,
2026-05-01 2:19:01,-40,0,0,0,0,OK,,,,,
2026-05-01 2:19:17,-40,0,0,0,0,OK,,,,,
2026-05-01 2:19:33,-40,0,0,0,0,OK,,,,,
2026-05-01 2:19:49,-40,0,0,0,0,OK,,,,,
2026-05-01 2:20:05,-40,0,0,0,0,OK,,,,,
2026-05-01 2:20:37,-40,0,0,0,0,OK,,,,,
2026-05-01 2:20:53,-40,0,0,0,0,OK,,,,,
2026-05-01 2:21:57,-40,0,0,0,0,OK,,,,,
2026-05-01 2:22:13,-40,0,0,0,0,OK,,,,,
2026-05-01 2:22:29,-40,0,0,0,0,OK,,,,,
2026-05-01 2:22:45,-40,0,0,0,0,OK,,,,,
2026-05-01 2:23:01,-40,0,0,0,0,OK,,,,,
2026-05-01 2:23:33,-40,0,0,0,0,OK,,,,,
2026-05-01 2:23:49,-40,0,0,0,0,OK,,,,,
2026-05-01 2:24:05,-40,0,0,0,0,OK,,,,,
2026-05-01 2:24:37,-40,0,0,0,0,OK,,,,,
2026-05-01 2:25:09,-40,0,0,0,0,OK,,,,,
2026-05-01 2:25:25,-40,0,0,0,0,OK,,,,,
2026-05-01 2:25:41,-40,0,0,0,0,OK,,,,,
2026-05-01 2:25:57,-40,0,0,0,0,OK,,,,,
2026-05-01 2:26:45,-40,0,0,0,0,OK,,,,,
2026-05-01 2:27:33,-40,0,0,0,0,OK,,,,,
2026-05-01 2:28:37,-40,0,0,0,0,OK,,,,,
2026-05-01 2:29:09,-40,0,0,0,0,OK,,,,,
2026-05-01 2:29:25,-40,0,0,0,0,OK,,,,,
2026-05-01 2:29:57,-40,0,0,0,0,OK,,,,,
2026-05-01 2:30:13,-40,0,0,0,0,OK,,,,,
2026-05-01 2:30:29,-40,0,0,0,0,OK,,,,,
2026-05-01 2:30:45,-40,0,0,0,0,OK,,,,,
2026-05-01 2:31:17,-40,0,0,0,0,OK,,,,,
2026-05-01 2:31:33,-40,0,0,0,0,OK,,,,,
2026-05-01 2:32:21,-40,0,0,0,0,OK,,,,,
2026-05-01 2:32:53,11.9,93,0,392,0,OK,,,,,
2026-05-01 2:33:09,-40,0,0,0,0,OK,,,,,
2026-05-01 2:33:41,-40,0,0,0,0,OK,,,,,
2026-05-01 2:34:13,-40,0,0,0,0,OK,,,,,
2026-05-01 2:34:29,-40,0,0,0,0,OK,,,,,
2026-05-01 2:35:01,-40,0,0,0,0,OK,,,,,
2026-05-01 2:35:17,-40,0,0,0,0,OK,,,,,
2026-05-01 2:36:37,-40,0,0,0,0,OK,,,,,
2026-05-01 2:36:53,-40,0,0,0,0,OK,,,,,
2026-05-01 2:37:09,-40,0,0,0,0,OK,,,,,
2026-05-01 2:37:25,-40,0,0,0,0,OK,,,,,
2026-05-01 2:37:41,-40,0,0,0,0,OK,,,,,
2026-05-01 2:38:29,-40,0,0,0,0,OK,,,,,
2026-05-01 2:38:45,-40,0,0,0,0,OK,,,,,
2026-05-01 2:39:33,-40,0,0,0,0,OK,,,,,
2026-05-01 2:39:49,14.3,85,0,452,0,OK,,,,,
2026-05-01 2:40:21,-40,0,0,0,0,OK,,,,,
2026-05-01 2:40:37,-40,0,0,0,0,OK,,,,,
2026-05-01 2:40:53,-40,0,0,0,0,OK,,,,,
2026-05-01 2:41:09,-40,0,0,0,0,OK,,,,,
2026-05-01 2:41:25,-40,0,0,0,0,OK,,,,,
2026-05-01 2:42:13,-40,0,0,0,0,OK,,,,,
2026-05-01 2:43:17,-40,0,0,0,0,OK,,,,,
2026-05-01 2:43:33,-40,0,0,0,0,OK,,,,,
2026-05-01 2:44:05,-40,0,0,0,0,OK,,,,,
2026-05-01 2:44:21,-40,0,0,0,0,OK,,,,,
2026-05-01 2:45:25,-13.7,223,36.1,904,0,OK,,,,,
2026-05-01 2:45:41,-40,0,0,0,0,OK,,,,,
2026-05-01 2:46:13,-40,0,0,0,0,OK,,,,,
2026-05-01 2:46:29,-40,0,0,0,0,OK,,,,,
2026-05-01 2:47:49,-40,0,0,0,0,OK,,,,,
2026-05-01 2:48:05,-40,0,0,0,0,OK,,,,,
2026-05-01 2:48:21,-40,0,0,0,0,OK,,,,,
2026-05-01 2:49:25,-40,0,0,0,0,OK,,,,,
2026-05-01 2:50:13,-40,0,0,0,0,OK,,,,,
2026-05-01 2:50:45,-40,0,0,0,0,OK,,,,,
2026-05-01 2:51:17,-40,0,0,0,0,OK,,,,,
2026-05-01 2:51:33,-40,0,0,0,0,OK,,,,,
2026-05-01 2:52:21,-40,0,0,0,0,OK,,,,,
2026-05-01 2:52:37,-40,0,0,0,0,OK,,,,,
2026-05-01 2:53:41,-40,0,0,0,0,OK,,,,,
2026-05-01 2:54:29,-40,0,0,0,0,OK,,,,,
2026-05-01 2:54:45,-40,0,0,0,0,OK,,,,,
2026-05-01 2:55:17,-40,0,0,0,0,OK,,,,,
2026-05-01 2:56:05,-40,0,0,0,0,OK,,,,,
2026-05-01 2:56:37,-40,0,0,0,0,OK,,,,,
2026-05-01 2:57:57,-40,0,0,0,0,OK,,,,,
2026-05-01 2:58:45,-40,0,0,0,0,OK,,,,,
2026-05-01 3:00:05,-40,0,0,0,0,OK,,,,,
2026-05-01 3:00:37,-40,0,0,0,0,OK,,,,,
2026-05-01 3:00:53,-40,0,0,0,0,OK,,,,,
2026-05-01 3:01:41,-40,0,0,0,0,OK,,,,,
2026-05-01 3:02:13,-40,0,0,0,0,OK,,,,,
2026-05-01 3:02:45,-40,0,0,0,0,OK,,,,,
2026-05-01 3:03:01,-40,0,0,0,0,OK,,,,,
2026-05-01 3:04:05,-40,0,0,0,0,OK,,,,,
2026-05-01 3:04:37,-40,0,0,0,0,OK,,,,,
2026-05-01 3:04:53,11.6,85,0,392,0,OK,,,,,
2026-05-01 3:05:09,-40,0,0,0,0,OK,,,,,
2026-05-01 3:05:25,-40,0,0,0,0,OK,,,,,
2026-05-01 3:06:13,-40,0,0,0,0,OK,,,,,
2026-05-01 3:06:45,-40,0,0,0,0,OK,,,,,
2026-05-01 3:07:01,-40,0,0,0,0,OK,,,,,
2026-05-01 3:07:33,-40,0,0,0,0,OK,,,,,
2026-05-01 3:08:21,-40,0,0,0,0,OK,,,,,
2026-05-01 3:08:53,-40,0,0,0,0,OK,,,,,
2026-05-01 3:09:25,11.6,85,0,65416,0,OK,,,,,
2026-05-01 3:09:57,-40,0,0,0,0,OK,,,,,
2026-05-01 3:10:45,-40,0,0,0,0,OK,,,,,
2026-05-01 3:11:01,-40,0,0,0,0,OK,,,,,
2026-05-01 3:12:05,-40,0,0,0,0,OK,,,,,
2026-05-01 3:13:41,-40,0,0,0,0,OK,,,,,
2026-05-01 3:13:57,-40,0,0,0,0,OK,,,,,
2026-05-01 3:15:17,-40,0,0,0,0,OK,,,,,
2026-05-01 3:16:05,-40,0,0,0,0,OK,,,,,
2026-05-01 3:16:21,-40,0,0,0,0,OK,,,,,
2026-05-01 3:16:53,-40,0,0,0,0,OK,,,,,
2026-05-01 3:17:09,-8.1,125,35.8,1016,0,OK,,,,,
2026-05-01 3:17:57,-40,0,0,0,0,OK,,,,,
2026-05-01 3:18:45,-40,0,0,0,0,OK,,,,,
2026-05-01 3:20:21,12.6,85,0,392,0,OK,,,,,
2026-05-01 3:20:53,-40,0,0,0,0,OK,,,,,
2026-05-01 3:21:09,-40,0,0,0,0,OK,,,,,
2026-05-01 3:22:45,11.5,86,0,392,0,OK,,,,,
2026-05-01 3:23:17,-40,0,0,0,0,OK,,,,,
2026-05-01 3:24:05,-40,0,0,0,0,OK,,,,,
2026-05-01 3:24:21,-40,0,0,0,0,OK,,,,,
2026-05-01 3:27:33,-40,0,0,0,0,OK,,,,,
2026-05-01 3:27:49,11.3,86,0,392,0,OK,,,,,
2026-05-01 3:28:37,-40,0,0,0,0,OK,,,,,
2026-05-01 3:28:53,-40,0,0,0,0,OK,,,,,
2026-05-01 3:29:41,-40,0,0,0,0,OK,,,,,
2026-05-01 3:30:13,11.2,87,0,392,0,OK,,,,,
2026-05-01 3:30:29,-40,0,0,0,0,OK,,,,,
2026-05-01 3:30:45,-40,0,0,0,0,OK,,,,,
2026-05-01 3:31:17,-40,0,0,0,0,OK,,,,,
2026-05-01 3:32:21,-40,0,0,0,0,OK,,,,,
2026-05-01 3:32:37,-40,0,0,0,0,OK,,,,,
2026-05-01 3:33:25,-40,0,0,0,0,OK,,,,,
2026-05-01 3:33:41,11.2,87,0,8072,12.8,OK,,,,,
2026-05-01 3:34:13,-40,0,0,0,0,OK,,,,,
2026-05-01 3:34:29,11.2,87,0,392,0,OK,,,,,
2026-05-01 3:34:45,-40,0,0,0,0,OK,,,,,
2026-05-01 3:35:17,-40,0,0,0,0,OK,,,,,
2026-05-01 3:36:05,-40,0,0,0,0,OK,,,,,
2026-05-01 3:36:37,11.2,87,0,392,838860.8,OK,,,,,
2026-05-01 3:36:53,-40,0,0,0,0,OK,,,,,
2026-05-01 3:37:25,-40,0,0,0,0,OK,,,,,
2026-05-01 3:38:29,-40,0,0,0,0,OK,,,,,
2026-05-01 3:38:45,-40,0,0,0,0,OK,,,,,
2026-05-01 3:39:01,-40,0,0,0,0,OK,,,,,
2026-05-01 3:39:49,-40,0,0,0,0,OK,,,,,
2026-05-01 3:40:05,-40,0,0,0,0,OK,,,,,
2026-05-01 3:40:53,-40,0,0,0,0,OK,,,,,
2026-05-01 3:41:09,-40,0,0,0,0,OK,,,,,
2026-05-01 3:41:25,11.5,86,0,392,0,OK,,,,,
2026-05-01 3:41:41,-40,0,0,0,0,OK,,,,,
2026-05-01 3:42:13,-40,0,0,0,0,OK,,,,,
2026-05-01 3:42:29,-40,0,0,0,0,OK,,,,,
2026-05-01 3:43:01,11.5,86,0,392,0,OK,,,,,
2026-05-01 3:44:05,11.4,86,0,392,0,OK,,,,,
2026-05-01 3:44:21,-40,0,0,0,0,OK,,,,,
2026-05-01 3:45:25,-40,0,0,0,0,OK,,,,,
2026-05-01 3:45:41,11.4,86,0,392,0,OK,,,,,
2026-05-01 3:45:57,-40,0,0,0,0,OK,,,,,
2026-05-01 3:46:13,-40,0,0,0,0,OK,,,,,
2026-05-01 3:47:17,-40,0,0,0,0,OK,,,,,
2026-05-01 3:47:33,-40,0,0,0,0,OK,,,,,
2026-05-01 3:48:21,-40,0,0,0,0,OK,,,,,
2026-05-01 3:49:09,-40,0,0,0,0,OK,,,,,
2026-05-01 3:49:25,-40,0,0,0,0,OK,,,,,
2026-05-01 3:49:41,-40,0,0,0,0,OK,,,,,
2026-05-01 3:49:57,-40,0,0,0,0,OK,,,,,
2026-05-01 3:50:13,-40,0,0,0,0,OK,,,,,
2026-05-01 3:50:45,-40,0,0,0,0,OK,,,,,
2026-05-01 3:52:53,-40,0,0,0,0,OK,,,,,
2026-05-01 3:53:09,-40,0,0,0,0,OK,,,,,
2026-05-01 3:53:25,11.5,86,0,392,0,OK,,,,,
2026-05-01 3:53:41,-40,0,0,0,0,OK,,,,,
2026-05-01 3:54:13,-40,0,0,0,0,OK,,,,,
2026-05-01 3:54:45,-40,0,0,0,0,OK,,,,,
2026-05-01 3:55:01,-40,0,0,0,0,OK,,,,,
2026-05-01 3:55:17,-40,0,0,0,0,OK,,,,,
2026-05-01 3:55:33,-40,0,0,0,0,OK,,,,,
2026-05-01 3:55:49,-40,0,0,0,0,OK,,,,,
2026-05-01 3:56:05,-40,0,0,0,0,OK,,,,,
2026-05-01 3:56:53,-40,0,0,0,0,OK,,,,,
2026-05-01 3:57:09,-40,0,0,0,0,OK,,,,,
2026-05-01 3:57:41,-40,0,0,0,0,OK,,,,,
2026-05-01 3:58:29,-40,0,0,0,0,OK,,,,,
2026-05-01 3:58:45,-40,0,0,0,0,OK,,,,,
2026-05-01 3:59:01,-40,0,0,0,0,OK,,,,,
2026-05-01 3:59:17,115.1,118,0,1928,0,OK,,,,,
2026-05-01 4:00:05,11.9,86,0,452,0,OK,,,,,
2026-05-01 4:00:21,-40,0,0,0,0,OK,,,,,
2026-05-01 4:01:41,-40,0,0,0,0,OK,,,,,
2026-05-01 4:01:57,114.3,86,35.8,482,0,OK,,,,,
2026-05-01 4:02:13,12,85,0.6,392,0,OK,,,,,
2026-05-01 4:02:29,-40,0,0,0,0,OK,,,,,
2026-05-01 4:02:45,-40,0,0,0,0,OK,,,,,
2026-05-01 4:03:17,-40,0,0,0,0,OK,,,,,
2026-05-01 4:03:33,-40,0,0,0,0,OK,,,,,
2026-05-01 4:03:49,12,125,0,408,19.2,OK,,,,,
2026-05-01 4:04:05,12,85,0,392,0,OK,,,,,
2026-05-01 4:04:37,-13.6,95,35.8,392,0,OK,,,,,
2026-05-01 4:05:09,12,85,0,392,0,OK,,,,,
2026-05-01 4:06:29,-40,0,0,0,0,OK,,,,,
2026-05-01 4:06:45,16.8,85,0.8,392,0,OK,,,,,
2026-05-01 4:07:49,-40,0,0,0,0,OK,,,,,
2026-05-01 4:08:05,-40,0,0,0,0,OK,,,,,
2026-05-01 4:09:09,-40,0,0,0,0,OK,,,,,
2026-05-01 4:09:25,12.1,95,0,904,12.8,OK,,,,,
2026-05-01 4:09:41,12.1,85,0,392,0,OK,,,,,
2026-05-01 4:09:57,-40,0,0,0,0,OK,,,,,
2026-05-01 4:10:13,-40,0,0,0,0,OK,,,,,
2026-05-01 4:10:29,12.1,85,0,504,0,OK,,,,,
2026-05-01 4:10:45,-40,0,0,0,0,OK,,,,,
2026-05-01 4:11:01,-40,0,0,0,0,OK,,,,,
2026-05-01 4:11:17,12.1,85,0,392,0,OK,,,,,
2026-05-01 4:11:33,-40,0,0,0,0,OK,,,,,
2026-05-01 4:11:49,-40,0,0,0,0,OK,,,,,
2026-05-01 4:12:05,12.1,85,1.4,392,0,OK,,,,,
2026-05-01 4:12:21,-40,0,0,0,0,OK,,,,,
2026-05-01 4:12:37,-40,0,0,0,0,OK,,,,,
2026-05-01 4:13:57,-40,0,0,0,0,OK,,,,,
2026-05-01 4:14:13,-40,0,0,0,0,OK,,,,,
2026-05-01 4:15:17,12.7,245,0,392,0,OK,,,,,
2026-05-01 4:16:05,-40,0,0,0,0,OK,,,,,
2026-05-01 4:16:37,-40,0,0,0,0,OK,,,,,
2026-05-01 4:16:53,-40,0,0,0,0,OK,,,,,
2026-05-01 4:17:09,-40,0,0,0,0,OK,,,,,
2026-05-01 4:17:25,-40,0,0,0,0,OK,,,,,
2026-05-01 4:17:41,12.1,85,0,392,0,OK,,,,,
2026-05-01 4:17:57,-40,0,0,0,0,OK,,,,,
2026-05-01 4:18:13,-40,0,0,0,0,OK,,,,,
2026-05-01 4:18:29,12.1,85,0,392,0,OK,,,,,
2026-05-01 4:19:01,-40,0,0,0,0,OK,,,,,
2026-05-01 4:19:33,16.9,95,0,392,0,OK,,,,,
2026-05-01 4:20:21,-40,0,0,0,0,OK,,,,,
2026-05-01 4:20:37,-40,0,0,0,0,OK,,,,,
2026-05-01 4:20:53,12.1,85,0,392,0,OK,,,,,
2026-05-01 4:21:09,-40,0,0,0,0,OK,,,,,
2026-05-01 4:21:25,-40,0,0,0,0,OK,,,,,
2026-05-01 4:21:41,12.2,85,0,392,0,OK,,,,,
2026-05-01 4:22:13,-40,0,0,0,0,OK,,,,,
2026-05-01 4:22:29,12.2,85,0,65416,0,OK,,,,,
2026-05-01 4:23:01,12.2,85,0,392,0,OK,,,,,
2026-05-01 4:23:17,-40,0,0,0,0,OK,,,,,
2026-05-01 4:23:49,114.6,85,0.1,392,0,OK,,,,,
2026-05-01 4:24:05,-40,0,0,0,0,OK,,,,,
2026-05-01 4:24:21,-40,0,0,0,0,OK,,,,,
2026-05-01 4:24:37,-40,0,0,0,0,OK,,,,,
2026-05-01 4:24:53,-40,0,0,0,0,OK,,,,,
2026-05-01 4:25:09,13.7,213,35.7,392,0,OK,,,,,
2026-05-01 4:25:25,-40,0,0,0,0,OK,,,,,
2026-05-01 4:25:57,-40,0,0,0,0,OK,,,,,
2026-05-01 4:26:13,-40,0,0,0,0,OK,,,,,
2026-05-01 4:26:29,-40,0,0,0,0,OK,,,,,
2026-05-01 4:26:45,12.1,85,0,392,0,OK,,,,,
2026-05-01 4:27:01,-40,0,0,0,0,OK,,,,,
2026-05-01 4:27:17,-40,0,0,0,0,OK,,,,,
2026-05-01 4:27:33,-40,0,0,0,0,OK,,,,,
2026-05-01 4:27:49,-40,0,0,0,0,OK,,,,,
2026-05-01 4:28:05,-40,0,0,0,0,OK,,,,,
2026-05-01 4:28:21,-40,0,0,0,0,OK,,,,,
2026-05-01 4:28:53,-40,0,0,0,0,OK,,,,,
2026-05-01 4:29:41,12.2,213,0,392,0,OK,,,,,
2026-05-01 4:29:57,-40,0,0,0,0,OK,,,,,
2026-05-01 4:30:13,-40,0,0,0,0,OK,,,,,
2026-05-01 4:30:29,-40,0,0,0,0,OK,,,,,
2026-05-01 4:30:45,-40,0,0,0,0,OK,,,,,
2026-05-01 4:31:01,123.3,253,36,392,0,OK,,,,,
2026-05-01 4:31:17,12.2,93,0,392,0,OK,,,,,
2026-05-01 4:31:33,12.2,85,0,452,0,OK,,,,,
2026-05-01 4:32:05,-40,0,0,0,0,OK,,,,,
2026-05-01 4:33:09,12.2,85,0.1,392,0,OK,,,,,
2026-05-01 4:33:57,36.2,213,13.4,392,0,OK,,,,,
2026-05-01 4:34:13,14.2,84,0.4,392,0,OK,,,,,
2026-05-01 4:34:29,-40,0,0,0,0,OK,,,,,
2026-05-01 4:34:45,-40,0,0,0,0,OK,,,,,
2026-05-01 4:35:01,-40,0,0,0,0,OK,,,,,
2026-05-01 4:35:33,-40,0,0,0,0,OK,,,,,
2026-05-01 4:35:49,-40,0,0,0,0,OK,,,,,
2026-05-01 4:36:21,-40,0,0,0,0,OK,,,,,
2026-05-01 4:36:37,114.7,84,0,392,0,OK,,,,,
2026-05-01 4:36:53,12.2,84,0,904,0,OK,,,,,
2026-05-01 4:37:09,-40,0,0,0,0,OK,,,,,
2026-05-01 4:38:13,-40,0,0,0,0,OK,,,,,
2026-05-01 4:38:29,12.2,252,0,392,0,OK,,,,,
2026-05-01 4:39:01,-40,0,0,0,0,OK,,,,,
2026-05-01 4:39:17,-40,0,0,0,0,OK,,,,,
2026-05-01 4:40:21,12.2,212,0.1,392,0,OK,,,,,
2026-05-01 4:40:37,12.2,84,0,392,0,OK,,,,,
2026-05-01 4:40:53,-40,0,0,0,0,OK,,,,,
2026-05-01 4:41:09,-40,0,0,0,0,OK,,,,,
2026-05-01 4:41:25,23.4,84,0,392,0,OK,,,,,
2026-05-01 4:41:57,-40,0,0,0,0,OK,,,,,
2026-05-01 4:42:13,12.2,84,0,392,19.2,OK,,,,,
2026-05-01 4:42:29,-40,0,0,0,0,OK,,,,,
2026-05-01 4:42:45,-40,0,0,0,0,OK,,,,,
2026-05-01 4:43:01,12.2,84,0,392,0,OK,,,,,
2026-05-01 4:43:33,-40,0,0,0,0,OK,,,,,
2026-05-01 4:43:49,-40,0,0,0,0,OK,,,,,
2026-05-01 4:44:37,-40,0,0,0,0,OK,,,,,
2026-05-01 4:44:53,-40,0,0,0,0,OK,,,,,
2026-05-01 4:45:09,-40,0,0,0,0,OK,,,,,
2026-05-01 4:45:25,-40,0,0,0,0,OK,,,,,
2026-05-01 4:45:41,12.2,84,0,482,0,OK,,,,,
2026-05-01 4:45:57,-40,0,0,0,0,OK,,,,,
2026-05-01 4:46:13,-40,0,0,0,0,OK,,,,,
2026-05-01 4:47:01,-40,0,0,0,0,OK,,,,,
2026-05-01 4:47:17,24.5,212,17.9,392,0,OK,,,,,
2026-05-01 4:47:33,-40,0,0,0,0,OK,,,,,
2026-05-01 4:47:49,-40,0,0,0,0,OK,,,,,
2026-05-01 4:48:21,-40,0,0,0,0,OK,,,,,
2026-05-01 4:48:53,-40,0,0,0,0,OK,,,,,
2026-05-01 4:49:09,-40,0,0,0,0,OK,,,,,
2026-05-01 4:49:41,12.1,85,0,392,838860.8,OK,,,,,
2026-05-01 4:49:57,12.1,85,0,392,0,OK,,,,,
2026-05-01 4:50:13,-40,0,0,0,0,OK,,,,,
2026-05-01 4:50:45,114.4,85,35.8,392,0,OK,,,,,
2026-05-01 4:51:33,12.1,85,0,504,3276.8,OK,,,,,
2026-05-01 4:51:49,-40,0,0,0,0,OK,,,,,
2026-05-01 4:52:21,-40,0,0,0,0,OK,,,,,
2026-05-01 4:52:53,12,85,0,392,0,OK,,,,,
2026-05-01 4:53:25,-40,0,0,0,0,OK,,,,,
2026-05-01 4:55:01,-40,0,0,0,0,OK,,,,,
2026-05-01 4:55:49,-40,0,0,0,0,OK,,,,,
2026-05-01 4:56:05,-40,0,0,0,0,OK,,,,,
2026-05-01 4:56:21,-40,0,0,0,0,OK,,,,,
2026-05-01 4:56:37,12.1,85,0.1,392,9.6,OK,,,,,
2026-05-01 4:56:53,12.7,95,0,392,838860.8,OK,,,,,
2026-05-01 4:57:41,-40,0,0,0,0,OK,,,,,
2026-05-01 4:57:57,12.1,87,0,392,0,OK,,,,,
2026-05-01 4:58:13,12.1,253,0,392,3276.8,OK,,,,,
2026-05-01 4:59:49,-40,0,0,0,0,OK,,,,,
2026-05-01 5:00:05,-40,0,0,0,0,OK,,,,,
2026-05-01 5:00:21,-40,0,0,0,0,OK,,,,,
2026-05-01 5:01:09,-40,0,0,0,0,OK,,,,,
2026-05-01 5:01:25,-40,0,0,0,0,OK,,,,,
2026-05-01 5:01:41,12.1,253,0,392,3276.8,OK,,,,,
2026-05-01 5:01:57,-40,0,0,0,0,OK,,,,,
2026-05-01 5:02:13,30.6,223,0,392,0,OK,,,,,
2026-05-01 5:02:45,-40,0,0,0,0,OK,,,,,
2026-05-01 5:03:01,-40,0,0,0,0,OK,,,,,
2026-05-01 5:03:17,12.1,85,0,392,0,OK,,,,,
2026-05-01 5:03:33,-40,0,0,0,0,OK,,,,,
2026-05-01 5:03:49,12.1,85,0,392,0,OK,,,,,
2026-05-01 5:04:05,-40,0,0,0,0,OK,,,,,
2026-05-01 5:04:21,-40,0,0,0,0,OK,,,,,
2026-05-01 5:04:53,-40,0,0,0,0,OK,,,,,
2026-05-01 5:05:09,-40,0,0,0,0,OK,,,,,
2026-05-01 5:05:25,-40,0,0,0,0,OK,,,,,
2026-05-01 5:05:41,-40,0,0,0,0,OK,,,,,
2026-05-01 5:06:13,12,85,0,504,0,OK,,,,,
2026-05-01 5:06:29,-40,0,0,0,0,OK,,,,,
2026-05-01 5:06:45,12,85,0,408,0,OK,,,,,
2026-05-01 5:07:17,10.5,170,35.8,3976,0,OK,,,,,
2026-05-01 5:07:49,-40,0,0,0,0,OK,,,,,
2026-05-01 5:08:21,12,84,0,392,0,OK,,,,,
2026-05-01 5:08:37,-40,0,0,0,0,OK,,,,,
2026-05-01 5:08:53,12,84,0,392,0,OK,,,,,
2026-05-01 5:09:09,12,84,0,392,838860.8,OK,,,,,
2026-05-01 5:09:25,-40,0,0,0,0,OK,,,,,
2026-05-01 5:09:41,-40,0,0,0,0,OK,,,,,
2026-05-01 5:09:57,-40,0,0,0,0,OK,,,,,
2026-05-01 5:10:13,-40,0,0,0,0,OK,,,,,
2026-05-01 5:10:45,-40,0,0,0,0,OK,,,,,
2026-05-01 5:11:01,36,170,0,392,0,OK,,,,,
2026-05-01 5:11:33,12,84,0,1928,0,OK,,,,,
2026-05-01 5:12:37,12,84,0,392,0,OK,,,,,
2026-05-01 5:12:53,-40,0,0,0,0,OK,,,,,
2026-05-01 5:13:09,-40,0,0,0,0,OK,,,,,
2026-05-01 5:13:25,-40,0,0,0,0,OK,,,,,
2026-05-01 5:13:57,-40,0,0,0,0,OK,,,,,
2026-05-01 5:14:13,-40,0,0,0,0,OK,,,,,
2026-05-01 5:15:01,-40,0,0,0,0,OK,,,,,
2026-05-01 5:15:17,12,84,0,392,0,OK,,,,,
2026-05-01 5:15:33,24.4,84,0.4,904,0,OK,,,,,
2026-05-01 5:16:05,12,84,0,392,3276.8,OK,,,,,
2026-05-01 5:16:53,-40,0,0,0,0,OK,,,,,
2026-05-01 5:17:09,-40,0,0,0,0,OK,,,,,
2026-05-01 5:18:29,-40,0,0,0,0,OK,,,,,
2026-05-01 5:19:01,-40,0,0,0,0,OK,,,,,
2026-05-01 5:20:21,11.9,84,0.4,392,0,OK,,,,,
2026-05-01 5:20:37,-40,0,0,0,0,OK,,,,,
2026-05-01 5:20:53,12,83,0.1,392,0,OK,,,,,
2026-05-01 5:21:09,-40,0,0,0,0,OK,,,,,
2026-05-01 5:21:25,-40,0,0,0,0,OK,,,,,
2026-05-01 5:21:57,-40,0,0,0,0,OK,,,,,
2026-05-01 5:23:01,-40,0,0,0,0,OK,,,,,
2026-05-01 5:23:17,12,83,0,392,0,OK,,,,,
2026-05-01 5:23:33,-40,0,0,0,0,OK,,,,,
2026-05-01 5:23:49,-40,0,0,0,0,OK,,,,,
2026-05-01 5:24:05,-40,0,0,0,0,OK,,,,,
2026-05-01 5:24:21,-40,0,0,0,0,OK,,,,,
2026-05-01 5:24:37,-40,0,0,0,0,OK,,,,,
2026-05-01 5:25:09,-40,0,0,0,0,OK,,,,,
2026-05-01 5:25:25,-40,0,0,0,0,OK,,,,,
2026-05-01 5:25:57,12,243,0,392,0,OK,,,,,
2026-05-01 5:26:13,-40,0,0,0,0,OK,,,,,
2026-05-01 5:26:45,-40,0,0,0,0,OK,,,,,
2026-05-01 5:27:01,12.1,82,0,408,0,OK,,,,,
2026-05-01 5:27:17,-40,0,0,0,0,OK,,,,,
2026-05-01 5:28:21,-13.6,82,35.8,392,0,OK,,,,,
2026-05-01 5:29:09,-40,0,0,0,0,OK,,,,,
2026-05-01 5:29:41,-40,0,0,0,0,OK,,,,,
2026-05-01 5:30:13,-40,0,0,0,0,OK,,,,,
2026-05-01 5:30:45,-40,0,0,0,0,OK,,,,,
2026-05-01 5:31:01,-2.3,83,35.8,392,0,OK,,,,,
2026-05-01 5:31:17,12.1,83,0,392,0,OK,,,,,
2026-05-01 5:32:21,-40,0,0,0,0,OK,,,,,
2026-05-01 5:32:37,-40,0,0,0,0,OK,,,,,
2026-05-01 5:32:53,-40,0,0,0,0,OK,,,,,
2026-05-01 5:33:57,-40,0,0,0,0,OK,,,,,
2026-05-01 5:34:13,12.1,82,0,392,0,OK,,,,,
2026-05-01 5:35:17,-40,0,0,0,0,OK,,,,,
2026-05-01 5:36:05,-40,0,0,0,0,OK,,,,,
2026-05-01 5:36:37,12.1,82,0.3,392,0,OK,,,,,
2026-05-01 5:38:45,-40,0,0,0,0,OK,,,,,
2026-05-01 5:39:01,-40,0,0,0,0,OK,,,,,
2026-05-01 5:39:17,-40,0,0,0,0,OK,,,,,
2026-05-01 5:39:33,-40,0,0,0,0,OK,,,,,
2026-05-01 5:39:49,-40,0,0,0,0,OK,,,,,
2026-05-01 5:40:37,12.1,112,0.1,904,0,OK,,,,,
2026-05-01 5:40:53,12.1,80,0.1,482,3276.8,OK,,,,,
2026-05-01 5:41:25,-40,0,0,0,0,OK,,,,,
2026-05-01 5:41:41,-40,0,0,0,0,OK,,,,,
2026-05-01 5:42:13,-40,0,0,0,0,OK,,,,,
2026-05-01 5:42:45,12.2,80,0,392,0,OK,,,,,
2026-05-01 5:43:01,-40,0,0,0,0,OK,,,,,
2026-05-01 5:43:33,-40,0,0,0,0,OK,,,,,
2026-05-01 5:44:05,-40,0,0,0,0,OK,,,,,
2026-05-01 5:44:21,-40,0,0,0,0,OK,,,,,
2026-05-01 5:44:37,-40,0,0,0,0,OK,,,,,
2026-05-01 5:45:09,-40,0,0,0,0,OK,,,,,
2026-05-01 5:45:57,-40,0,0,0,0,OK,,,,,
2026-05-01 5:46:13,-40,0,0,0,0,OK,,,,,
2026-05-01 5:46:29,-40,0,0,0,0,OK,,,,,
2026-05-01 5:47:01,-40,0,0,0,0,OK,,,,,
2026-05-01 5:48:05,12.2,81,0,32648,4.8,OK,,,,,
2026-05-01 5:48:21,12.2,81,0,392,0,OK,,,,,
2026-05-01 5:48:37,-40,0,0,0,0,OK,,,,,
2026-05-01 5:49:09,-40,0,0,0,0,OK,,,,,
2026-05-01 5:49:25,-40,0,0,0,0,OK,,,,,
2026-05-01 5:49:41,-40,0,0,0,0,OK,,,,,
2026-05-01 5:49:57,-40,0,0,0,0,OK,,,,,
2026-05-01 5:50:13,-40,0,0,0,0,OK,,,,,
2026-05-01 5:51:17,-40,0,0,0,0,OK,,,,,
2026-05-01 5:51:49,-40,0,0,0,0,OK,,,,,
2026-05-01 5:52:53,-40,0,0,0,0,OK,,,,,
2026-05-01 5:53:09,12.1,81,0,392,79.9,OK,,,,,
2026-05-01 5:53:25,-40,0,0,0,0,OK,,,,,
2026-05-01 5:54:13,12.2,241,0,392,812.8,OK,,,,,
2026-05-01 5:54:29,12.2,81,0,392,92.5,OK,,,,,
2026-05-01 5:55:49,-40,0,0,0,0,OK,,,,,
2026-05-01 5:56:37,12.2,80,1,392,148,OK,,,,,
2026-05-01 5:57:09,-40,0,0,0,0,OK,,,,,
2026-05-01 5:57:25,-40,0,0,0,0,OK,,,,,
2026-05-01 5:57:41,12.2,80,1.3,408,185,OK,,,,,
2026-05-01 5:58:13,12.2,79,0,392,198.8,OK,,,,,
2026-05-01 5:59:01,-40,0,0,0,0,OK,,,,,
2026-05-01 5:59:17,-40,0,0,0,0,OK,,,,,
2026-05-01 5:59:33,24.5,168,0,392,217.3,OK,,,,,
2026-05-01 6:00:37,-40,0,0,0,0,OK,,,,,
2026-05-01 6:01:09,12.2,80,0,392,194.2,OK,,,,,
2026-05-01 6:01:25,-13.4,80,35.8,392,180.3,OK,,,,,
2026-05-01 6:02:29,-40,0,0,0,0,OK,,,,,
2026-05-01 6:03:01,-40,0,0,0,0,OK,,,,,
2026-05-01 6:03:17,-40,0,0,0,0,OK,,,,,
2026-05-01 6:03:33,-40,0,0,0,0,OK,,,,,
2026-05-01 6:03:49,12.3,81,0.1,392,245.1,OK,,,,,
2026-05-01 6:04:21,-40,0,0,0,0,OK,,,,,
2026-05-01 6:04:37,-40,0,0,0,0,OK,,,,,
2026-05-01 6:04:53,-40,0,0,0,0,OK,,,,,
2026-05-01 6:05:09,-40,0,0,0,0,OK,,,,,
2026-05-01 6:05:25,-40,0,0,0,0,OK,,,,,
2026-05-01 6:05:41,-40,0,0,0,0,OK,,,,,
2026-05-01 6:07:01,12.3,87,8,408,527.2,OK,,,,,
2026-05-01 6:07:49,-40,0,0,0,0,OK,,,,,
2026-05-01 6:09:57,12.3,169,0,392,840.8,OK,,,,,
2026-05-01 6:10:13,-40,0,0,0,0,OK,,,,,
2026-05-01 6:11:49,-40,0,0,0,0,OK,,,,,
2026-05-01 6:12:05,-40,0,0,0,0,OK,,,,,
2026-05-01 6:13:41,114.6,82,0,392,1153,OK,,,,,
2026-05-01 6:13:57,114.7,82,0,392,1215.4,OK,,,,,
2026-05-01 6:14:45,-40,0,0,0,0,OK,,,,,
2026-05-01 6:15:01,-40,0,0,0,0,OK,,,,,
2026-05-01 6:15:17,12.2,81,0,392,1369.4,OK,,,,,
2026-05-01 6:17:09,-40,0,0,0,0,OK,,,,,
2026-05-01 6:17:25,-40,0,0,0,0,OK,,,,,
2026-05-01 6:18:13,-40,0,0,0,0,OK,,,,,
2026-05-01 6:18:29,12.3,82,0,392,1677.4,OK,,,,,
2026-05-01 6:18:45,12.3,82,0,392,1698.3,OK,,,,,
2026-05-01 6:19:01,-40,0,0,0,0,OK,,,,,
2026-05-01 6:19:17,-40,0,0,0,0,OK,,,,,
2026-05-01 6:19:33,12.3,82,0,392,1777.3,OK,,,,,
2026-05-01 6:20:05,-40,0,0,0,0,OK,,,,,
2026-05-01 6:20:21,-40,0,0,0,0,OK,,,,,
2026-05-01 6:20:37,-40,0,0,0,0,OK,,,,,
2026-05-01 6:20:53,-40,0,0,0,0,OK,,,,,
2026-05-01 6:21:09,-40,0,0,0,0,OK,,,,,
2026-05-01 6:21:25,12.3,169,0,392,1656.6,OK,,,,,
2026-05-01 6:21:41,12.3,82,0,392,4951,OK,,,,,
2026-05-01 6:22:45,-40,0,0,0,0,OK,,,,,
2026-05-01 6:23:01,127,169,0,392,2022.2,OK,,,,,
2026-05-01 6:23:17,12.4,82,0,392,2062.9,OK,,,,,
2026-05-01 6:23:33,-40,0,0,0,0,OK,,,,,
2026-05-01 6:23:49,-40,0,0,0,0,OK,,,,,
2026-05-01 6:24:21,12.4,82,2,8072,2207.2,OK,,,,,
2026-05-01 6:24:37,-40,0,0,0,0,OK,,,,,
2026-05-01 6:24:53,-40,0,0,0,0,OK,,,,,
2026-05-01 6:25:25,-40,0,0,0,0,OK,,,,,
2026-05-01 6:25:41,-40,0,0,0,0,OK,,,,,
2026-05-01 6:25:57,-40,0,0,0,0,OK,,,,,
2026-05-01 6:26:13,12.3,80,0,392,5924.3,OK,,,,,
2026-05-01 6:26:29,12.3,80,0.1,392,2717.8,OK,,,,,
2026-05-01 6:26:45,-40,0,0,0,0,OK,,,,,
2026-05-01 6:27:01,12.3,80,0.3,392,2843.6,OK,,,,,
2026-05-01 6:27:17,-40,0,0,0,0,OK,,,,,
2026-05-01 6:29:41,-40,0,0,0,0,OK,,,,,
2026-05-01 6:29:57,-40,0,0,0,0,OK,,,,,
2026-05-01 6:30:13,-40,0,0,0,0,OK,,,,,
2026-05-01 6:31:17,-40,0,0,0,0,OK,,,,,
2026-05-01 6:31:33,-40,0,0,0,0,OK,,,,,
2026-05-01 6:32:53,12.5,80,0,1928,3968.4,OK,,,,,
2026-05-01 6:33:57,-40,0,0,0,0,OK,,,,,
2026-05-01 6:34:29,-40,0,0,0,0,OK,,,,,
2026-05-01 6:35:01,-40,0,0,0,0,OK,,,,,
2026-05-01 6:35:17,-40,0,0,0,0,OK,,,,,
2026-05-01 6:35:33,12.4,79,0.4,392,5515,OK,,,,,
2026-05-01 6:36:05,12.4,79,0.3,392,5770.3,OK,,,,,
2026-05-01 6:36:21,-40,0,0,0,0,OK,,,,,
2026-05-01 6:37:09,-40,0,0,0,0,OK,,,,,
2026-05-01 6:37:41,12.5,79,0.4,392,4419.8,OK,,,,,
2026-05-01 6:38:13,12.5,80,0,392,4101.6,OK,,,,,
2026-05-01 6:39:17,-40,0,0,0,0,OK,,,,,
2026-05-01 6:39:33,12.5,80,0.4,392,4031.3,OK,,,,,
2026-05-01 6:40:05,-40,0,0,0,0,OK,,,,,
2026-05-01 6:40:37,-40,0,0,0,0,OK,,,,,
2026-05-01 6:40:53,12.7,79,0,392,843575.5,OK,,,,,
2026-05-01 6:41:09,12.5,79,17.9,392,4360.6,OK,,,,,
2026-05-01 6:41:41,-40,0,0,0,0,OK,,,,,
2026-05-01 6:42:13,-40,0,0,0,0,OK,,,,,
2026-05-01 6:42:29,-40,0,0,0,0,OK,,,,,
2026-05-01 6:43:01,-40,0,0,0,0,OK,,,,,
2026-05-01 6:43:17,-40,0,0,0,0,OK,,,,,
2026-05-01 6:43:33,-40,0,0,0,0,OK,,,,,
2026-05-01 6:43:49,-40,0,0,0,0,OK,,,,,
2026-05-01 6:44:53,-40,0,0,0,0,OK,,,,,
2026-05-01 6:45:09,12.6,79,0.7,452,5463.2,OK,,,,,
2026-05-01 6:45:25,-40,0,0,0,0,OK,,,,,
2026-05-01 6:47:33,-40,0,0,0,0,OK,,,,,
2026-05-01 6:48:05,-40,0,0,0,0,OK,,,,,
2026-05-01 6:48:21,17.5,79,0.3,392,6884,OK,,,,,
2026-05-01 6:48:37,-40,0,0,0,0,OK,,,,,
2026-05-01 6:48:53,-40,0,0,0,0,OK,,,,,
2026-05-01 6:49:25,12.6,79,0,392,7143,OK,,,,,
2026-05-01 6:49:41,-40,0,0,0,0,OK,,,,,
2026-05-01 6:49:57,-40,0,0,0,0,OK,,,,,
2026-05-01 6:50:13,14.3,79,0,392,6458.5,OK,,,,,
2026-05-01 6:50:45,-40,0,0,0,0,OK,,,,,
2026-05-01 6:51:01,-40,0,0,0,0,OK,,,,,
2026-05-01 6:51:49,12.8,78,0,392,5685.2,OK,,,,,
2026-05-01 6:52:05,-40,0,0,0,0,OK,,,,,
2026-05-01 6:52:21,-40,0,0,0,0,OK,,,,,
2026-05-01 6:52:37,12.8,78,0,392,6412.4,OK,,,,,
2026-05-01 6:52:53,-40,0,0,0,0,OK,,,,,
2026-05-01 6:53:09,-40,0,0,0,0,OK,,,,,
2026-05-01 6:55:33,-40,0,0,0,0,OK,,,,,
2026-05-01 6:55:49,123.4,250,67.3,38912,1677117.1,OK,,,,,
2026-05-01 6:57:41,-40,0,0,0,0,OK,,,,,
2026-05-01 6:57:57,12.8,78,0,392,7730.8,OK,,,,,
2026-05-01 6:58:29,-40,0,0,0,0,OK,,,,,
2026-05-01 6:58:45,-40,0,0,0,0,OK,,,,,
2026-05-01 6:59:01,159.6,186,121,392,7635.1,OK,,,,,
2026-05-01 6:59:33,12.8,78,0,504,99651.9,OK,,,,,
2026-05-01 6:59:49,-40,0,0,0,0,OK,,,,,
2026-05-01 7:00:05,-40,0,0,0,0,OK,,,,,
2026-05-01 7:01:57,-40,0,0,0,0,OK,,,,,
2026-05-01 7:02:45,-40,0,0,0,0,OK,,,,,
2026-05-01 7:03:17,-12.8,78,35.8,392,10747.2,OK,,,,,
2026-05-01 7:03:33,-40,0,0,0,0,OK,,,,,
2026-05-01 7:03:49,12.9,78,0,392,11180.3,OK,,,,,
2026-05-01 7:04:21,-40,0,0,0,0,OK,,,,,
2026-05-01 7:04:37,-40,0,0,0,0,OK,,,,,
2026-05-01 7:04:53,-40,0,0,0,0,OK,,,,,
2026-05-01 7:05:09,-40,0,0,0,0,OK,,,,,
2026-05-01 7:05:41,-40,0,0,0,0,OK,,,,,
2026-05-01 7:06:29,12.9,77,0,392,12784,OK,,,,,
2026-05-01 7:07:33,13,95,1.3,408,13951.9,OK,,,,,
2026-05-01 7:07:49,-40,0,0,0,0,OK,,,,,
2026-05-01 7:08:05,-40,0,0,0,0,OK,,,,,
2026-05-01 7:08:21,-40,0,0,0,0,OK,,,,,
2026-05-01 7:08:37,125.1,253,17.9,392,12798.2,OK,,,,,
2026-05-01 7:09:41,-40,0,0,0,0,OK,,,,,
2026-05-01 7:09:57,-40,0,0,0,0,OK,,,,,
2026-05-01 7:10:29,-40,0,0,0,0,OK,,,,,
2026-05-01 7:10:45,126.3,76,0,392,26174,OK,,,,,
2026-05-01 7:12:05,-40,0,0,0,0,OK,,,,,
2026-05-01 7:12:21,-40,0,0,0,0,OK,,,,,
2026-05-01 7:13:25,-40,0,0,0,0,OK,,,,,
2026-05-01 7:14:13,-40,0,0,0,0,OK,,,,,
2026-05-01 7:14:45,-40,0,0,0,0,OK,,,,,
2026-05-01 7:15:01,-40,0,0,0,0,OK,,,,,
2026-05-01 7:15:17,-40,0,0,0,0,OK,,,,,
2026-05-01 7:15:33,-40,0,0,0,0,OK,,,,,
2026-05-01 7:15:49,-40,0,0,0,0,OK,,,,,
2026-05-01 7:16:53,-40,0,0,0,0,OK,,,,,
2026-05-01 7:17:41,-40,0,0,0,0,OK,,,,,
2026-05-01 7:18:45,-40,0,0,0,0,OK,,,,,
2026-05-01 7:19:01,-40,0,0,0,0,OK,,,,,
2026-05-01 7:19:17,-40,0,0,0,0,OK,,,,,
2026-05-01 7:20:53,-40,0,0,0,0,OK,,,,,
2026-05-01 7:21:25,-40,0,0,0,0,OK,,,,,
2026-05-01 7:22:29,-40,0,0,0,0,OK,,,,,
2026-05-01 7:22:45,-40,0,0,0,0,OK,,,,,
2026-05-01 7:23:17,-40,0,0,0,0,OK,,,,,
2026-05-01 7:23:33,-40,0,0,0,0,OK,,,,,
2026-05-01 7:24:21,-40,0,0,0,0,OK,,,,,
2026-05-01 7:24:37,-40,0,0,0,0,OK,,,,,
2026-05-01 7:24:53,-40,0,0,0,0,OK,,,,,
2026-05-01 7:25:41,-40,0,0,0,0,OK,,,,,
2026-05-01 7:25:57,-40,0,0,0,0,OK,,,,,
2026-05-01 7:27:01,-40,0,0,0,0,OK,,,,,
2026-05-01 7:27:17,-40,0,0,0,0,OK,,,,,
2026-05-01 7:28:53,-40,0,0,0,0,OK,,,,,
2026-05-01 7:29:41,-40,0,0,0,0,OK,,,,,
2026-05-01 7:30:13,-40,0,0,0,0,OK,,,,,
2026-05-01 7:31:17,-40,0,0,0,0,OK,,,,,
2026-05-01 7:32:05,-40,0,0,0,0,OK,,,,,
2026-05-01 7:32:53,-40,0,0,0,0,OK,,,,,
2026-05-01 7:33:41,-40,0,0,0,0,OK,,,,,
2026-05-01 7:33:57,-40,0,0,0,0,OK,,,,,
2026-05-01 7:35:01,-40,0,0,0,0,OK,,,,,
2026-05-01 7:35:49,-40,0,0,0,0,OK,,,,,
2026-05-01 7:36:05,-40,0,0,0,0,OK,,,,,
2026-05-01 7:36:21,-40,0,0,0,0,OK,,,,,
2026-05-01 7:36:37,-40,0,0,0,0,OK,,,,,
2026-05-01 7:37:41,-40,0,0,0,0,OK,,,,,
2026-05-01 7:37:57,-40,0,0,0,0,OK,,,,,
2026-05-01 7:38:13,-40,0,0,0,0,OK,,,,,
2026-05-01 7:38:45,-40,0,0,0,0,OK,,,,,
2026-05-01 7:39:01,-40,0,0,0,0,OK,,,,,
2026-05-01 7:39:17,-40,0,0,0,0,OK,,,,,
2026-05-01 7:40:21,-40,0,0,0,0,OK,,,,,
2026-05-01 7:40:37,-40,0,0,0,0,OK,,,,,
2026-05-01 7:41:25,-40,0,0,0,0,OK,,,,,
2026-05-01 7:41:41,-40,0,0,0,0,OK,,,,,
2026-05-01 7:41:57,-40,0,0,0,0,OK,,,,,
2026-05-01 7:42:13,-40,0,0,0,0,OK,,,,,
2026-05-01 7:42:29,-40,0,0,0,0,OK,,,,,
2026-05-01 7:42:45,-40,0,0,0,0,OK,,,,,
2026-05-01 7:43:17,-40,0,0,0,0,OK,,,,,
2026-05-01 7:43:33,-40,0,0,0,0,OK,,,,,
2026-05-01 7:43:49,-40,0,0,0,0,OK,,,,,
2026-05-01 7:44:37,-40,0,0,0,0,OK,,,,,
2026-05-01 7:44:53,-40,0,0,0,0,OK,,,,,
2026-05-01 7:45:09,-40,0,0,0,0,OK,,,,,
2026-05-01 7:45:25,-40,0,0,0,0,OK,,,,,
2026-05-01 7:45:41,-40,0,0,0,0,OK,,,,,
2026-05-01 7:47:01,-40,0,0,0,0,OK,,,,,
2026-05-01 7:47:17,132.4,250,67.2,63680,208076.7,OK,,,,,
2026-05-01 7:47:33,-40,0,0,0,0,OK,,,,,
2026-05-01 7:47:49,-40,0,0,0,0,OK,,,,,
2026-05-01 7:48:05,-40,0,0,0,0,OK,,,,,
2026-05-01 7:48:21,-40,0,0,0,0,OK,,,,,
2026-05-01 7:48:37,-40,0,0,0,0,OK,,,,,
2026-05-01 7:48:53,-40,0,0,0,0,OK,,,,,
2026-05-01 7:49:09,-40,0,0,0,0,OK,,,,,
2026-05-01 7:49:25,-40,0,0,0,0,OK,,,,,
2026-05-01 7:49:41,-40,0,0,0,0,OK,,,,,
2026-05-01 7:49:57,-40,0,0,0,0,OK,,,,,
2026-05-01 7:51:01,-40,0,0,0,0,OK,,,,,
2026-05-01 7:51:17,-40,0,0,0,0,OK,,,,,
2026-05-01 7:51:33,-40,0,0,0,0,OK,,,,,
2026-05-01 7:51:49,-40,0,0,0,0,OK,,,,,
2026-05-01 7:52:21,-40,0,0,0,0,OK,,,,,
2026-05-01 7:52:37,-40,0,0,0,0,OK,,,,,
2026-05-01 7:52:53,-40,0,0,0,0,OK,,,,,
2026-05-01 7:53:09,-40,0,0,0,0,OK,,,,,
2026-05-01 7:53:25,-40,0,0,0,0,OK,,,,,
2026-05-01 7:53:41,-40,0,0,0,0,OK,,,,,
2026-05-01 7:53:57,-40,0,0,0,0,OK,,,,,
2026-05-01 7:54:13,149.1,222,138.9,1976,855649.4,OK,,,,,
2026-05-01 7:54:29,-40,0,0,0,0,OK,,,,,
2026-05-01 7:54:45,-40,0,0,0,0,OK,,,,,
2026-05-01 7:55:01,-40,0,0,0,0,OK,,,,,
2026-05-01 7:55:17,-40,0,0,0,0,OK,,,,,
2026-05-01 7:55:49,-40,0,0,0,0,OK,,,,,
2026-05-01 7:56:05,-40,0,0,0,0,OK,,,,,
2026-05-01 7:56:21,-40,0,0,0,0,OK,,,,,
2026-05-01 7:56:37,-40,0,0,0,0,OK,,,,,
2026-05-01 7:56:53,-40,0,0,0,0,OK,,,,,
2026-05-01 7:57:09,-40,0,0,0,0,OK,,,,,
2026-05-01 7:57:25,-40,0,0,0,0,OK,,,,,
2026-05-01 7:57:41,-40,0,0,0,0,OK,,,,,
2026-05-01 7:57:57,-40,0,0,0,0,OK,,,,,
2026-05-01 7:58:45,-40,0,0,0,0,OK,,,,,
2026-05-01 7:59:17,-40,0,0,0,0,OK,,,,,
2026-05-01 7:59:33,-40,0,0,0,0,OK,,,,,
2026-05-01 7:59:49,-40,0,0,0,0,OK,,,,,
2026-05-01 8:00:05,-40,0,0,0,0,OK,,,,,
2026-05-01 8:00:21,-40,0,0,0,0,OK,,,,,
2026-05-01 8:00:37,-40,0,0,0,0,OK,,,,,
2026-05-01 8:00:53,-40,0,0,0,0,OK,,,,,
2026-05-01 8:01:25,-40,0,0,0,0,OK,,,,,
2026-05-01 8:01:41,-40,0,0,0,0,OK,,,,,
2026-05-01 8:02:13,-40,0,0,0,0,OK,,,,,
2026-05-01 8:02:29,-40,0,0,0,0,OK,,,,,
2026-05-01 8:02:45,-40,0,0,0,0,OK,,,,,
2026-05-01 8:03:01,-40,0,0,0,0,OK,,,,,
2026-05-01 8:03:17,-40,0,0,0,0,OK,,,,,
2026-05-01 8:03:33,-40,0,0,0,0,OK,,,,,
2026-05-01 8:03:49,-40,0,0,0,0,OK,,,,,
2026-05-01 8:04:05,-40,0,0,0,0,OK,,,,,
2026-05-01 8:04:21,-40,0,0,0,0,OK,,,,,
2026-05-01 8:04:37,-40,0,0,0,0,OK,,,,,
2026-05-01 8:05:09,-40,0,0,0,0,OK,,,,,
2026-05-01 8:05:57,-40,0,0,0,0,OK,,,,,
2026-05-01 8:06:13,-40,0,0,0,0,OK,,,,,
2026-05-01 8:06:29,-40,0,0,0,0,OK,,,,,
2026-05-01 8:06:45,13.5,74,8.3,34817,635471.5,OK,,,,,
2026-05-01 8:07:17,-40,0,0,0,0,OK,,,,,
2026-05-01 8:07:49,-40,0,0,0,0,OK,,,,,
2026-05-01 8:08:21,-40,0,0,0,0,OK,,,,,
2026-05-01 8:08:37,-40,0,0,0,0,OK,,,,,
2026-05-01 8:08:53,-40,0,0,0,0,OK,,,,,
2026-05-01 8:09:25,-40,0,0,0,0,OK,,,,,
2026-05-01 8:09:41,-40,0,0,0,0,OK,,,,,
2026-05-01 8:09:57,-40,0,0,0,0,OK,,,,,
2026-05-01 8:10:13,-40,0,0,0,0,OK,,,,,
2026-05-01 8:10:29,-40,0,0,0,0,OK,,,,,
2026-05-01 8:10:45,-40,0,0,0,0,OK,,,,,
2026-05-01 8:11:01,-40,0,0,0,0,OK,,,,,
2026-05-01 8:11:33,-40,0,0,0,0,OK,,,,,
2026-05-01 8:11:49,-40,0,0,0,0,OK,,,,,
2026-05-01 8:12:05,-40,0,0,0,0,OK,,,,,
2026-05-01 8:12:21,-40,0,0,0,0,OK,,,,,
2026-05-01 8:12:37,-40,0,0,0,0,OK,,,,,
2026-05-01 8:12:53,-40,0,0,0,0,OK,,,,,
2026-05-01 8:13:09,-40,0,0,0,0,OK,,,,,
2026-05-01 8:13:25,-40,0,0,0,0,OK,,,,,
2026-05-01 8:13:41,-40,0,0,0,0,OK,,,,,
2026-05-01 8:13:57,-40,0,0,0,0,OK,,,,,
2026-05-01 8:14:13,-40,0,0,0,0,OK,,,,,
2026-05-01 8:14:29,-40,0,0,0,0,OK,,,,,
2026-05-01 8:14:45,-40,0,0,0,0,OK,,,,,
2026-05-01 8:15:01,-40,0,0,0,0,OK,,,,,
2026-05-01 8:15:33,-40,0,0,0,0,OK,,,,,
2026-05-01 8:15:49,-40,0,0,0,0,OK,,,,,
2026-05-01 8:16:05,115.8,58,49.3,392,21625.5,OK,,,,,
2026-05-01 8:16:21,-40,0,0,0,0,OK,,,,,
2026-05-01 8:16:53,-40,0,0,0,0,OK,,,,,
2026-05-01 8:17:09,-40,0,0,0,0,OK,,,,,
2026-05-01 8:17:57,13.6,203,1,392,19530,OK,,,,,
2026-05-01 8:18:29,13.5,75,0,504,634931.7,OK,,,,,
2026-05-01 8:18:45,-40,0,0,0,0,OK,,,,,
2026-05-01 8:19:01,-40,0,0,0,0,OK,,,,,
2026-05-01 8:19:17,-40,0,0,0,0,OK,,,,,
2026-05-01 8:20:21,-40,0,0,0,0,OK,,,,,
2026-05-01 8:20:37,-40,0,0,0,0,OK,,,,,
2026-05-01 8:20:53,-40,0,0,0,0,OK,,,,,
2026-05-01 8:21:09,-40,0,0,0,0,OK,,,,,
2026-05-01 8:21:25,-40,0,0,0,0,OK,,,,,
2026-05-01 8:22:29,14.1,73,0,392,23766.5,OK,,,,,
2026-05-01 8:22:45,-40,0,0,0,0,OK,,,,,
2026-05-01 8:23:01,14.2,73,0.3,482,29679.8,OK,,,,,
2026-05-01 8:23:17,14.2,200,0.3,504,1677705.2,OK,,,,,
2026-05-01 8:23:33,-40,0,0,0,0,OK,,,,,
2026-05-01 8:23:49,-40,0,0,0,0,OK,,,,,
2026-05-01 8:24:05,36.5,172,0.8,504,35951.7,OK,,,,,
2026-05-01 8:25:09,-40,0,0,0,0,OK,,,,,
2026-05-01 8:25:25,14.1,210,0.3,392,27310.1,OK,,,,,
2026-05-01 8:25:41,-40,0,0,0,0,OK,,,,,
2026-05-01 8:25:57,-40,0,0,0,0,OK,,,,,
2026-05-01 8:26:13,-40,0,0,0,0,OK,,,,,
2026-05-01 8:27:33,-40,0,0,0,0,OK,,,,,
2026-05-01 8:28:05,-40,0,0,0,0,OK,,,,,
2026-05-01 8:28:37,14.2,72,0,408,34893.6,OK,,,,,
2026-05-01 8:29:41,-40,0,0,0,0,OK,,,,,
2026-05-01 8:30:13,14.7,72,0,392,39110.2,OK,,,,,
2026-05-01 8:31:01,-40,0,0,0,0,OK,,,,,
2026-05-01 8:31:17,14.7,79,0.1,392,33382.1,OK,,,,,
2026-05-01 8:31:33,-40,0,0,0,0,OK,,,,,
2026-05-01 8:31:49,14.7,71,0,392,31628.2,OK,,,,,
2026-05-01 8:32:05,-40,0,0,0,0,OK,,,,,
2026-05-01 8:32:21,14.9,71,0,452,416916.4,OK,,,,,
2026-05-01 8:33:25,-40,0,0,0,0,OK,,,,,
2026-05-01 8:34:13,-40,0,0,0,0,OK,,,,,
2026-05-01 8:35:01,-40,0,0,0,0,OK,,,,,
2026-05-01 8:35:33,-40,0,0,0,0,OK,,,,,
2026-05-01 8:35:49,-40,0,0,0,0,OK,,,,,
2026-05-01 8:36:05,15.3,95,0.3,392,36606.4,OK,,,,,
2026-05-01 8:36:21,-40,0,0,0,0,OK,,,,,
2026-05-01 8:37:25,-40,0,0,0,0,OK,,,,,
2026-05-01 8:37:41,-40,0,0,0,0,OK,,,,,
2026-05-01 8:37:57,-40,0,0,0,0,OK,,,,,
2026-05-01 8:38:29,15.5,68,0.3,392,1676037,OK,,,,,
2026-05-01 8:38:45,-40,0,0,0,0,OK,,,,,
2026-05-01 8:39:01,15.3,69,0.1,392,33739.4,OK,,,,,
2026-05-01 8:39:17,-40,0,0,0,0,OK,,,,,
2026-05-01 8:39:33,15,69,0.6,65476,34716.7,OK,,,,,
2026-05-01 8:40:05,-40,0,0,0,0,OK,,,,,
2026-05-01 8:40:21,-40,0,0,0,0,OK,,,,,
2026-05-01 8:40:37,-40,0,0,0,0,OK,,,,,
2026-05-01 8:40:53,-40,0,0,0,0,OK,,,,,
2026-05-01 8:41:09,-40,0,0,0,0,OK,,,,,
2026-05-01 8:41:25,-40,0,0,0,0,OK,,,,,
2026-05-01 8:41:57,-40,0,0,0,0,OK,,,,,
2026-05-01 8:42:29,-40,0,0,0,0,OK,,,,,
2026-05-01 8:42:45,-40,0,0,0,0,OK,,,,,
2026-05-01 8:43:17,-40,0,0,0,0,OK,,,,,
2026-05-01 8:43:33,-40,0,0,0,0,OK,,,,,
2026-05-01 8:43:49,14.6,70,0.1,392,30134.7,OK,,,,,
2026-05-01 8:44:05,14.7,70,0.1,392,27632,OK,,,,,
2026-05-01 8:44:37,-40,0,0,0,0,OK,,,,,
2026-05-01 8:44:53,34.1,163,0.4,392,37584.8,OK,,,,,
2026-05-01 8:45:09,14.8,70,4.2,392,38106.8,OK,,,,,
2026-05-01 8:45:25,14.6,70,1.8,392,38225.7,OK,,,,,
2026-05-01 8:45:57,-11.1,72,71.3,392,1677709.5,OK,,,,,
2026-05-01 8:46:13,14.5,71,0.1,392,38045.9,OK,,,,,
2026-05-01 8:46:29,-40,0,0,0,0,OK,,,,,
2026-05-01 8:46:45,-40,0,0,0,0,OK,,,,,
2026-05-01 8:47:49,15,70,0,452,39272.6,OK,,,,,
2026-05-01 8:48:05,-40,0,0,0,0,OK,,,,,
2026-05-01 8:48:21,-40,0,0,0,0,OK,,,,,
2026-05-01 8:48:37,15.1,69,0.4,392,38585.3,OK,,,,,
2026-05-01 8:48:53,-40,0,0,0,0,OK,,,,,
2026-05-01 8:49:09,-40,0,0,0,0,OK,,,,,
2026-05-01 8:49:25,-40,0,0,0,0,OK,,,,,
2026-05-01 8:49:57,-40,0,0,0,0,OK,,,,,
2026-05-01 8:50:13,-40,0,0,0,0,OK,,,,,
2026-05-01 8:51:17,-40,0,0,0,0,OK,,,,,
2026-05-01 8:51:33,-40,0,0,0,0,OK,,,,,
2026-05-01 8:51:49,23.7,116,13.4,34819,376215.7,OK,,,,,
2026-05-01 8:52:05,-40,0,0,0,0,OK,,,,,
2026-05-01 8:52:53,-40,0,0,0,0,OK,,,,,
2026-05-01 8:53:09,14.9,69,0.4,392,30624.8,OK,,,,,
2026-05-01 8:53:25,-40,0,0,0,0,OK,,,,,
2026-05-01 8:53:41,-40,0,0,0,0,OK,,,,,
2026-05-01 8:53:57,-40,0,0,0,0,OK,,,,,
2026-05-01 8:54:13,14.8,70,0.6,392,38973,OK,,,,,
2026-05-01 8:54:29,-40,0,0,0,0,OK,,,,,
2026-05-01 8:54:45,-40,0,0,0,0,OK,,,,,
2026-05-01 8:55:17,-40,0,0,0,0,OK,,,,,
2026-05-01 8:55:33,15.1,197,31.4,392,43344.2,OK,,,,,
2026-05-01 8:55:49,15.2,69,0,392,41662.2,OK,,,,,
2026-05-01 8:57:09,-40,0,0,0,0,OK,,,,,
2026-05-01 8:57:25,-40,0,0,0,0,OK,,,,,
2026-05-01 8:57:41,-40,0,0,0,0,OK,,,,,
2026-05-01 8:57:57,-40,0,0,0,0,OK,,,,,
2026-05-01 8:58:13,-40,0,0,0,0,OK,,,,,
2026-05-01 8:58:29,-40,0,0,0,0,OK,,,,,
2026-05-01 8:58:45,-40,0,0,0,0,OK,,,,,
2026-05-01 8:59:01,16.2,116,13.4,392,40091.1,OK,,,,,
2026-05-01 8:59:17,-40,0,0,0,0,OK,,,,,
2026-05-01 8:59:49,-40,0,0,0,0,OK,,,,,
2026-05-01 9:00:05,-40,0,0,0,0,OK,,,,,
2026-05-01 9:00:21,14.8,70,1.8,392,39298.7,OK,,,,,
2026-05-01 9:00:37,-40,0,0,0,0,OK,,,,,
2026-05-01 9:01:09,14.5,70,1.3,392,42346.6,OK,,,,,
2026-05-01 9:01:25,-40,0,0,0,0,OK,,,,,
2026-05-01 9:01:41,-40,0,0,0,0,OK,,,,,
2026-05-01 9:01:57,14.7,70,0.7,24636,1159734.2,OK,,,,,
2026-05-01 9:02:13,-40,0,0,0,0,OK,,,,,
2026-05-01 9:02:45,15,69,0,392,41456.3,OK,,,,,
2026-05-01 9:03:01,15.1,69,0,61628,36042,OK,,,,,
2026-05-01 9:03:17,-40,0,0,0,0,OK,,,,,
2026-05-01 9:03:33,-40,0,0,0,0,OK,,,,,
2026-05-01 9:03:49,15.3,196,0.6,392,39754,OK,,,,,
2026-05-01 9:04:05,-40,0,0,0,0,OK,,,,,
2026-05-01 9:04:37,15.1,69,1.4,392,37181.7,OK,,,,,
2026-05-01 9:04:53,-40,0,0,0,0,OK,,,,,
2026-05-01 9:05:09,-40,0,0,0,0,OK,,,,,
2026-05-01 9:05:25,15.1,69,0.4,392,42816.4,OK,,,,,
2026-05-01 9:05:41,-40,0,0,0,0,OK,,,,,
2026-05-01 9:05:57,-40,0,0,0,0,OK,,,,,
2026-05-01 9:06:13,-40,0,0,0,0,OK,,,,,
2026-05-01 9:06:29,-40,0,0,0,0,OK,,,,,
2026-05-01 9:06:45,-40,0,0,0,0,OK,,,,,
2026-05-01 9:07:01,117.8,68,0.6,392,42395.9,OK,,,,,
2026-05-01 9:07:17,-40,0,0,0,0,OK,,,,,
2026-05-01 9:07:33,14.9,69,1.5,392,43947.4,OK,,,,,
2026-05-01 9:07:49,-40,0,0,0,0,OK,,,,,
2026-05-01 9:08:05,-40,0,0,0,0,OK,,,,,
2026-05-01 9:08:21,-40,0,0,0,0,OK,,,,,
2026-05-01 9:08:37,-40,0,0,0,0,OK,,,,,
2026-05-01 9:08:53,14.8,70,0.1,392,45090,OK,,,,,
2026-05-01 9:09:09,14.9,69,0,392,31921.1,OK,,,,,
2026-05-01 9:09:25,14.9,69,0,440,38628.8,OK,,,,,
2026-05-01 9:09:41,15.8,69,0.3,392,39452.4,OK,,,,,
2026-05-01 9:09:57,-40,0,0,0,0,OK,,,,,
2026-05-01 9:10:13,-40,0,0,0,0,OK,,,,,
2026-05-01 9:10:29,-40,0,0,0,0,OK,,,,,
2026-05-01 9:10:45,15.2,69,0,440,316144,OK,,,,,
2026-05-01 9:11:01,-40,0,0,0,0,OK,,,,,
2026-05-01 9:11:17,-40,0,0,0,0,OK,,,,,
2026-05-01 9:11:33,15.2,68,1,392,47920.4,OK,,,,,
2026-05-01 9:11:49,-40,0,0,0,0,OK,,,,,
2026-05-01 9:12:05,15,69,0.3,392,45636.5,OK,,,,,
2026-05-01 9:12:21,-40,0,0,0,0,OK,,,,,
2026-05-01 9:12:37,-40,0,0,0,0,OK,,,,,
2026-05-01 9:12:53,-40,0,0,0,0,OK,,,,,
2026-05-01 9:13:09,-40,0,0,0,0,OK,,,,,
2026-05-01 9:13:41,15.5,71,0,392,1159122.4,OK,,,,,
2026-05-01 9:13:57,15.7,67,0.3,392,46515.1,OK,,,,,
2026-05-01 9:14:13,118.2,66,36.3,392,44309.9,OK,,,,,
2026-05-01 9:14:29,-40,0,0,0,0,OK,,,,,
2026-05-01 9:14:45,-40,0,0,0,0,OK,,,,,
2026-05-01 9:15:01,-40,0,0,0,0,OK,,,,,
2026-05-01 9:15:17,15.6,67,0,392,50753.4,OK,,,,,
2026-05-01 9:15:33,-40,0,0,0,0,OK,,,,,
2026-05-01 9:15:49,-40,0,0,0,0,OK,,,,,
2026-05-01 9:16:05,-40,0,0,0,0,OK,,,,,
2026-05-01 9:16:21,-40,0,0,0,0,OK,,,,,
2026-05-01 9:16:37,-40,0,0,0,0,OK,,,,,
2026-05-01 9:16:53,15.3,68,0,440,55161.7,OK,,,,,
2026-05-01 9:17:09,-40,0,0,0,0,OK,,,,,
2026-05-01 9:17:25,-40,0,0,0,0,OK,,,,,
2026-05-01 9:17:41,15,68,0.6,392,58961.6,OK,,,,,
2026-05-01 9:18:13,-40,0,0,0,0,OK,,,,,
2026-05-01 9:18:29,15.1,69,0.6,904,38963.1,OK,,,,,
2026-05-01 9:18:45,15.3,69,0.6,392,57420.8,OK,,,,,
2026-05-01 9:19:01,-40,0,0,0,0,OK,,,,,
2026-05-01 9:19:17,-40,0,0,0,0,OK,,,,,
2026-05-01 9:20:21,-40,0,0,0,0,OK,,,,,
2026-05-01 9:20:37,-40,0,0,0,0,OK,,,,,
2026-05-01 9:20:53,-40,0,0,0,0,OK,,,,,
2026-05-01 9:21:09,15.4,66,0.8,392,27043.3,OK,,,,,
2026-05-01 9:21:25,15.3,66,1.1,392,26767.8,OK,,,,,
2026-05-01 9:21:41,-40,0,0,0,0,OK,,,,,
2026-05-01 9:21:57,15.3,161,1,392,30015.8,OK,,,,,
2026-05-01 9:22:13,15.3,67,0.7,392,32309.7,OK,,,,,
2026-05-01 9:22:29,-40,0,0,0,0,OK,,,,,
2026-05-01 9:22:45,15.3,67,0,392,786743.4,OK,,,,,
2026-05-01 9:23:01,117.7,67,0.1,392,53297,OK,,,,,
2026-05-01 9:23:17,36.6,67,1,392,51494,OK,,,,,
2026-05-01 9:23:33,15.3,66,1.3,392,406010.3,OK,,,,,
2026-05-01 9:24:05,-40,0,0,0,0,OK,,,,,
2026-05-01 9:24:21,-40,0,0,0,0,OK,,,,,
2026-05-01 9:24:37,15.4,67,0.6,392,38663.6,OK,,,,,
2026-05-01 9:24:53,15.5,67,0.3,392,36329.1,OK,,,,,
2026-05-01 9:25:09,-40,0,0,0,0,OK,,,,,
2026-05-01 9:25:25,15.6,66,1.3,392,47882.7,OK,,,,,
2026-05-01 9:25:41,15.4,66,8.1,904,51464.2,OK,,,,,
2026-05-01 9:25:57,15.3,66,0.1,392,56301.4,OK,,,,,
2026-05-01 9:26:13,15.3,66,0.6,392,58490.9,OK,,,,,
2026-05-01 9:26:29,15.3,67,1.4,392,160848.7,OK,,,,,
2026-05-01 9:26:45,15.2,67,0.7,392,53830.6,OK,,,,,
2026-05-01 9:27:01,15.2,67,0.3,392,38956.5,OK,,,,,
2026-05-01 9:27:17,-40,0,0,0,0,OK,,,,,
2026-05-01 9:27:33,15.3,67,0.3,392,34934.2,OK,,,,,
2026-05-01 9:27:49,-40,0,0,0,0,OK,,,,,
2026-05-01 9:28:05,23.8,67,0.1,392,54262.7,OK,,,,,
2026-05-01 9:28:21,15.5,95,0.6,392,56945.2,OK,,,,,
2026-05-01 9:28:37,15.4,67,0.3,392,43358.7,OK,,,,,
2026-05-01 9:28:53,-40,0,0,0,0,OK,,,,,
2026-05-01 9:29:09,15.5,67,1,504,57481.7,OK,,,,,
2026-05-01 9:29:25,-40,0,0,0,0,OK,,,,,
2026-05-01 9:29:41,15.4,67,0.4,392,38869.5,OK,,,,,
2026-05-01 9:29:57,15.5,71,0.3,392,43480.5,OK,,,,,
2026-05-01 9:30:13,-40,0,0,0,0,OK,,,,,
2026-05-01 9:30:29,-40,0,0,0,0,OK,,,,,
2026-05-01 9:31:01,16.1,66,0,392,42735.2,OK,,,,,
2026-05-01 9:31:17,-40,0,0,0,0,OK,,,,,
2026-05-01 9:31:33,16.1,65,0.3,392,49938.8,OK,,,,,
2026-05-01 9:31:49,17.5,66,0.1,392,59555.2,OK,,,,,
2026-05-01 9:32:05,-40,0,0,0,0,OK,,,,,
2026-05-01 9:32:21,-40,0,0,0,0,OK,,,,,
2026-05-01 9:32:53,16.2,64,1.8,392,62521.9,OK,,,,,
2026-05-01 9:33:09,15.9,65,1.1,392,63484.7,OK,,,,,
2026-05-01 9:33:25,15.7,65,1.1,392,62704.6,OK,,,,,
2026-05-01 9:33:57,15.6,65,1.8,392,63296.2,OK,,,,,
2026-05-01 9:34:13,-40,0,0,0,0,OK,,,,,
2026-05-01 9:34:29,-40,0,0,0,0,OK,,,,,
2026-05-01 9:34:45,15.4,66,0.8,392,53053.4,OK,,,,,
2026-05-01 9:35:01,15.5,66,1,392,55066,OK,,,,,
2026-05-01 9:35:17,15.5,65,0.6,392,58395.2,OK,,,,,
2026-05-01 9:35:49,118.1,66,0,392,672104.6,OK,,,,,
2026-05-01 9:36:05,-40,0,0,0,0,OK,,,,,
2026-05-01 9:36:21,-40,0,0,0,0,OK,,,,,
2026-05-01 9:36:37,16.2,64,0.6,392,63505,OK,,,,,
2026-05-01 9:36:53,16.3,64,0.1,392,101968.2,OK,,,,,
2026-05-01 9:37:09,-40,0,0,0,0,OK,,,,,
2026-05-01 9:37:25,16.4,63,1,392,62672.7,OK,,,,,
2026-05-01 9:37:41,-40,0,0,0,0,OK,,,,,
2026-05-01 9:37:57,-40,0,0,0,0,OK,,,,,
2026-05-01 9:38:13,-40,0,0,0,0,OK,,,,,
2026-05-01 9:38:29,16.1,63,2,392,65564,OK,,,,,
2026-05-01 9:38:45,15.8,63,1.8,392,63333.9,OK,,,,,
2026-05-01 9:39:49,15.8,65,0.4,392,62356.6,OK,,,,,
2026-05-01 9:40:05,-40,0,0,0,0,OK,,,,,
2026-05-01 9:40:21,-40,0,0,0,0,OK,,,,,
2026-05-01 9:40:37,-40,0,0,0,0,OK,,,,,
2026-05-01 9:40:53,-40,0,0,0,0,OK,,,,,
2026-05-01 9:41:09,16,65,0.7,392,48701.9,OK,,,,,
2026-05-01 9:41:25,15.9,65,1.1,392,53711.7,OK,,,,,
2026-05-01 9:41:41,15.9,71,0,392,60578.9,OK,,,,,
2026-05-01 9:41:57,16.1,65,0,392,45513.4,OK,,,,,
2026-05-01 9:42:13,16.2,64,0,392,58633,OK,,,,,
2026-05-01 9:42:29,16.2,64,0,392,53224.5,OK,,,,,
2026-05-01 9:43:01,16.4,64,0,392,59720.5,OK,,,,,
2026-05-01 9:43:33,16.6,62,0,392,51977.5,OK,,,,,
2026-05-01 9:43:49,16.8,62,0.1,392,40495.3,OK,,,,,
2026-05-01 9:44:05,16.8,62,0.6,392,37729.8,OK,,,,,
2026-05-01 9:44:21,-40,0,0,0,0,OK,,,,,
2026-05-01 9:44:37,16.7,62,0,392,30450.8,OK,,,,,
2026-05-01 9:44:53,16.7,62,0.1,392,39406,OK,,,,,
2026-05-01 9:45:09,16.6,62,0.4,392,30508.8,OK,,,,,
2026-05-01 9:46:13,16.1,63,0.7,392,32570.7,OK,,,,,
2026-05-01 9:46:29,15.9,63,0,392,38053.9,OK,,,,,
2026-05-01 9:46:45,16,63,0.1,1928,33266.7,OK,,,,,
2026-05-01 9:47:01,15.9,63,0,392,51838.3,OK,,,,,
2026-05-01 9:47:17,-40,0,0,0,0,OK,,,,,
2026-05-01 9:47:33,16.1,64,0.3,392,39116,OK,,,,,
2026-05-01 9:47:49,16.2,64,0.4,392,42468.4,OK,,,,,
2026-05-01 9:48:05,16.1,64,0.6,392,52116.7,OK,,,,,
2026-05-01 9:48:21,16.1,64,0.4,392,43097,OK,,,,,
2026-05-01 9:48:37,-40,0,0,0,0,OK,,,,,
2026-05-01 9:48:53,16,65,0.8,392,48210.4,OK,,,,,
2026-05-01 9:49:09,16,65,0.7,392,45237.9,OK,,,,,
2026-05-01 9:49:25,-40,0,0,0,0,OK,,,,,
2026-05-01 9:49:41,15.5,66,0.4,392,42111.7,OK,,,,,
2026-05-01 9:49:57,15.5,67,0.8,392,48477.2,OK,,,,,
2026-05-01 9:50:13,15.4,67,1.8,392,51673,OK,,,,,
2026-05-01 9:50:29,-40,0,0,0,0,OK,,,,,
2026-05-01 9:51:33,-40,0,0,0,0,OK,,,,,
2026-05-01 9:51:49,15.5,67,0.7,392,52254.3,OK,,,,,
2026-05-01 9:52:05,15.6,67,0.4,392,45196,OK,,,,,
2026-05-01 9:52:21,15.7,67,0.7,392,44811.6,OK,,,,,
2026-05-01 9:52:37,-40,0,0,0,0,OK,,,,,
2026-05-01 9:52:53,15.7,66,1.8,392,58351.7,OK,,,,,
2026-05-01 9:53:09,15.5,66,2.2,392,59993.1,OK,,,,,
2026-05-01 9:53:25,15.4,67,0,392,62956.9,OK,,,,,
2026-05-01 9:53:41,15.5,67,0,392,63328.1,OK,,,,,
2026-05-01 9:53:57,15.6,66,0,392,61918.7,OK,,,,,
2026-05-01 9:54:13,15.5,66,2.1,392,54451.2,OK,,,,,
2026-05-01 9:54:29,-40,0,0,0,0,OK,,,,,
2026-05-01 9:54:45,15.4,67,0.3,392,55712.7,OK,,,,,
2026-05-01 9:55:01,15.6,67,0.4,392,829921.2,OK,,,,,
2026-05-01 9:55:17,-40,0,0,0,0,OK,,,,,
2026-05-01 9:55:33,15.6,66,1.3,392,31761.6,OK,,,,,
2026-05-01 9:55:49,15.6,66,0.3,392,27687.1,OK,,,,,
2026-05-01 9:56:05,15.5,66,0.8,392,26677.9,OK,,,,,
2026-05-01 9:56:21,15.4,66,0.4,392,28890.6,OK,,,,,
2026-05-01 9:56:37,15.3,66,1,392,34484.7,OK,,,,,
2026-05-01 9:56:53,15.1,67,1.1,392,36178.3,OK,,,,,
2026-05-01 9:57:09,15.1,67,1,392,54242.4,OK,,,,,
2026-05-01 9:57:25,15.1,67,0.4,392,60187.4,OK,,,,,
2026-05-01 9:57:41,15.1,67,0.7,392,59329,OK,,,,,
2026-05-01 9:57:57,15.1,67,1.4,392,49703.9,OK,,,,,
2026-05-01 9:58:13,15,127,1.4,392,53824.8,OK,,,,,
2026-05-01 9:58:29,14.8,68,1.1,392,57307.7,OK,,,,,
2026-05-01 9:58:45,14.8,68,0.1,392,58577.9,OK,,,,,
2026-05-01 9:59:01,14.9,68,0,392,54979,OK,,,,,
2026-05-01 9:59:17,15.1,68,0,392,55976.6,OK,,,,,
2026-05-01 9:59:33,15.1,67,0.3,392,55660.5,OK,,,,,
2026-05-01 9:59:49,15.2,67,0.3,392,55286.4,OK,,,,,
2026-05-01 10:00:05,15.2,66,1,392,53668.2,OK,,,,,
2026-05-01 10:00:21,15.2,67,0.6,392,59726.3,OK,,,,,
2026-05-01 10:00:37,15.1,66,2.1,392,55666.3,OK,,,,,
2026-05-01 10:00:53,14.9,67,1.7,392,51298.9,OK,,,,,
2026-05-01 10:01:09,14.9,67,0,392,53758.1,OK,,,,,
2026-05-01 10:01:25,15,67,0.3,392,48477.2,OK,,,,,
2026-05-01 10:01:41,-40,0,0,0,0,OK,,,,,
2026-05-01 10:01:57,15.2,67,1,392,61788.2,OK,,,,,
2026-05-01 10:02:13,-40,0,0,0,0,OK,,,,,
2026-05-01 10:02:29,-40,0,0,0,0,OK,,,,,
2026-05-01 10:02:45,15.1,67,0,392,58514.1,OK,,,,,
2026-05-01 10:03:01,15.2,67,1,392,54204.7,OK,,,,,
2026-05-01 10:03:17,15.3,67,0.6,392,48016.1,OK,,,,,
2026-05-01 10:03:33,15.1,67,1.1,392,53700.1,OK,,,,,
2026-05-01 10:03:49,15.1,67,0.4,452,54842.7,OK,,,,,
2026-05-01 10:04:05,-40,0,0,0,0,OK,,,,,
2026-05-01 10:04:21,15.1,67,0.6,392,57997.9,OK,,,,,
2026-05-01 10:04:53,15,67,1.1,392,55399.5,OK,,,,,
2026-05-01 10:05:09,15,67,0.3,392,60613.7,OK,,,,,
2026-05-01 10:05:25,15.1,68,0.6,392,60494.8,OK,,,,,
2026-05-01 10:05:41,15,67,2,392,59285.5,OK,,,,,
2026-05-01 10:05:57,-40,0,0,0,0,OK,,,,,
2026-05-01 10:06:13,14.9,68,0.3,392,59706,OK,,,,,
2026-05-01 10:06:29,15,68,0.3,392,57629.6,OK,,,,,
2026-05-01 10:06:45,15.1,68,1,392,56472.5,OK,,,,,
2026-05-01 10:07:01,15.2,68,0.1,392,57913.8,OK,,,,,
2026-05-01 10:07:17,17.4,67,1.1,392,59688.6,OK,,,,,
2026-05-01 10:07:33,15.3,66,0.7,392,58728.7,OK,,,,,
2026-05-01 10:07:49,15.2,67,0.1,392,56069.4,OK,,,,,
2026-05-01 10:08:05,15.3,67,0,392,58876.6,OK,,,,,
2026-05-01 10:08:21,15.5,67,0,392,57583.2,OK,,,,,
2026-05-01 10:08:37,15.7,66,0.1,392,55976.6,OK,,,,,
2026-05-01 10:08:53,15.8,65,0.8,392,57470.1,OK,,,,,
2026-05-01 10:09:09,15.6,65,0.7,392,58360.4,OK,,,,,
2026-05-01 10:09:25,15.6,66,1,392,58908.5,OK,,,,,
2026-05-01 10:09:41,15.6,65,1,392,59218.8,OK,,,,,
2026-05-01 10:09:57,15.4,65,1.7,392,59795.9,OK,,,,,
2026-05-01 10:10:13,15.3,65,1.3,392,59155,OK,,,,,
2026-05-01 10:10:29,15.2,66,1.3,392,58812.8,OK,,,,,
2026-05-01 10:10:45,-40,0,0,0,0,OK,,,,,
2026-05-01 10:11:01,15,67,1.8,392,60100.4,OK,,,,,
2026-05-01 10:11:17,-40,0,0,0,0,OK,,,,,
2026-05-01 10:11:33,14.9,68,0,392,59330.6,OK,,,,,
2026-05-01 10:11:49,15,67,17.9,392,59978.6,OK,,,,,
2026-05-01 10:12:05,15.1,67,0.1,392,60387.5,OK,,,,,
2026-05-01 10:12:21,15.2,67,0,1928,61593.9,OK,,,,,
2026-05-01 10:12:37,-40,0,0,0,0,OK,,,,,
2026-05-01 10:12:53,15.5,66,0.7,392,65436.7,OK,,,,,
2026-05-01 10:13:09,15.6,66,1.3,392,62690.1,OK,,,,,
2026-05-01 10:13:25,15.5,66,0.8,392,62620.5,OK,,,,,
2026-05-01 10:13:41,15.4,66,1.8,392,62333.4,OK,,,,,
2026-05-01 10:13:57,15.2,66,1.1,392,60547,OK,,,,,
2026-05-01 10:14:13,15.1,66,1.3,392,60146.8,OK,,,,,
2026-05-01 10:14:29,15.1,66,0.7,392,61631.6,OK,,,,,
2026-05-01 10:14:45,15.2,66,0.4,392,62052.1,OK,,,,,
2026-05-01 10:15:01,15.4,66,0.4,392,62481.3,OK,,,,,
2026-05-01 10:15:17,15.5,65,0,392,61486.6,OK,,,,,
2026-05-01 10:15:33,15.6,65,0,392,62501.6,OK,,,,,
2026-05-01 10:15:49,15.6,65,0.3,392,62081.1,OK,,,,,
2026-05-01 10:16:05,15.7,65,0.3,392,61994.1,OK,,,,,
2026-05-01 10:16:21,-40,0,0,0,0,OK,,,,,
2026-05-01 10:16:37,15.6,64,0,392,62484.2,OK,,,,,
2026-05-01 10:16:53,15.7,64,0.1,392,63954.5,OK,,,,,
2026-05-01 10:17:09,16,63,0.1,392,63748.6,OK,,,,,
2026-05-01 10:17:25,16,62,1.3,392,63565.9,OK,,,,,
2026-05-01 10:17:41,16.1,62,0.3,392,64067.6,OK,,,,,
2026-05-01 10:17:57,-40,0,0,0,0,OK,,,,,
2026-05-01 10:18:13,15.9,62,0.4,392,64351.8,OK,,,,,
2026-05-01 10:18:29,16,62,0,392,63786.3,OK,,,,,
2026-05-01 10:18:45,16.1,62,0.7,392,62321.8,OK,,,,,
2026-05-01 10:19:01,23.8,62,0.8,392,63989.3,OK,,,,,
2026-05-01 10:19:17,15.8,64,0,392,64006.7,OK,,,,,
2026-05-01 10:19:33,15.9,63,0.4,392,62614.7,OK,,,,,
2026-05-01 10:19:49,15.9,63,0.6,392,63737,OK,,,,,
2026-05-01 10:20:05,15.9,63,0.1,392,64815.8,OK,,,,,
2026-05-01 10:20:21,16,63,0.4,392,65694.5,OK,,,,,
2026-05-01 10:20:37,16,62,0.1,392,65201.5,OK,,,,,
2026-05-01 10:20:53,15.9,61,0.1,392,64604.1,OK,,,,,
2026-05-01 10:21:09,16,61,0,392,168928.1,OK,,,,,
2026-05-01 10:21:25,-40,0,0,0,0,OK,,,,,
2026-05-01 10:21:41,16.1,62,1.1,392,63203.4,OK,,,,,
2026-05-01 10:21:57,15.9,63,0.4,392,63771.8,OK,,,,,
2026-05-01 10:22:13,15.7,64,1.3,392,62840.9,OK,,,,,
2026-05-01 10:22:29,15.5,65,0.8,392,160138.9,OK,,,,,
2026-05-01 10:22:45,-40,0,0,0,0,OK,,,,,
2026-05-01 10:23:01,15.6,65,0.3,392,64015.4,OK,,,,,
2026-05-01 10:23:17,15.8,65,0.1,392,63974.8,OK,,,,,
2026-05-01 10:23:33,15.7,65,0.7,392,63754.4,OK,,,,,
2026-05-01 10:23:49,-40,0,0,0,0,OK,,,,,
2026-05-01 10:24:05,15.8,65,0.6,392,63789.2,OK,,,,,
2026-05-01 10:24:21,15.7,65,0.8,392,62971.4,OK,,,,,
2026-05-01 10:24:37,15.6,65,1.4,392,59935.1,OK,,,,,
2026-05-01 10:24:53,15.7,66,0.7,392,63284.6,OK,,,,,
2026-05-01 10:25:09,23.8,65,0.1,392,64244.5,OK,,,,,
2026-05-01 10:25:25,15.9,64,1.7,392,64723,OK,,,,,
2026-05-01 10:25:41,15.9,65,0.8,392,63786.3,OK,,,,,
2026-05-01 10:25:57,15.9,65,0.6,392,64145.9,OK,,,,,
2026-05-01 10:26:13,16.1,64,0.3,392,65094.2,OK,,,,,
2026-05-01 10:26:29,16.2,64,0.1,392,65088.4,OK,,,,,
2026-05-01 10:26:45,16.3,63,0.8,392,65169.6,OK,,,,,
2026-05-01 10:27:01,16.3,63,0.3,392,64891.2,OK,,,,,
2026-05-01 10:27:17,16.2,63,0.1,392,64430.1,OK,,,,,
2026-05-01 10:27:33,16.2,63,1.3,392,64424.3,OK,,,,,
2026-05-01 10:27:49,-40,0,0,0,0,OK,,,,,
2026-05-01 10:28:05,16.2,63,0.3,392,63954.5,OK,,,,,
2026-05-01 10:28:21,16.3,63,0,392,61715.7,OK,,,,,
2026-05-01 10:28:37,-40,0,0,0,0,OK,,,,,
2026-05-01 10:28:53,16.4,63,0.6,392,65111.6,OK,,,,,
2026-05-01 10:29:25,16.3,63,0.4,504,65796,OK,,,,,
2026-05-01 10:29:41,16.4,63,0,392,65036.2,OK,,,,,
2026-05-01 10:29:57,16.5,62,0.4,392,65497.3,OK,,,,,
2026-05-01 10:30:13,16.5,63,0.3,392,63081.6,OK,,,,,
2026-05-01 10:30:29,-40,0,0,0,0,OK,,,,,
2026-05-01 10:30:45,16.5,63,0.6,392,65935.2,OK,,,,,
2026-05-01 10:31:01,16.6,62,0.6,392,67498.3,OK,,,,,
2026-05-01 10:31:17,16.5,62,0.7,392,66544.2,OK,,,,,
2026-05-01 10:31:33,16.5,62,1,392,65651,OK,,,,,
2026-05-01 10:31:49,16.4,62,0.3,392,63725.4,OK,,,,,
2026-05-01 10:32:05,16.4,63,0.4,392,64728.8,OK,,,,,
2026-05-01 10:32:21,-40,0,0,0,0,OK,,,,,
2026-05-01 10:32:37,16.4,63,0.4,392,68098.6,OK,,,,,
2026-05-01 10:32:53,16.5,63,0.7,392,67373.6,OK,,,,,
2026-05-01 10:33:09,16.5,63,0.3,392,65839.5,OK,,,,,
2026-05-01 10:33:25,16.5,62,0.6,392,65555.3,OK,,,,,
2026-05-01 10:33:41,16.5,62,0.6,392,67324.3,OK,,,,,
2026-05-01 10:33:57,16.5,61,1.1,392,68716.3,OK,,,,,
2026-05-01 10:34:13,16.5,61,0.4,392,67718.7,OK,,,,,
2026-05-01 10:34:29,-40,0,0,0,0,OK,,,,,
2026-05-01 10:34:45,16.3,62,0.4,392,67646.2,OK,,,,,
2026-05-01 10:35:01,-40,0,0,0,0,OK,,,,,
2026-05-01 10:35:17,16.3,62,0.6,392,67979.7,OK,,,,,
2026-05-01 10:35:33,16.2,62,0.1,392,68493,OK,,,,,
2026-05-01 10:35:49,16.3,62,1.3,392,68203,OK,,,,,
2026-05-01 10:36:05,16.2,63,0.1,392,67489.6,OK,,,,,
2026-05-01 10:36:21,16.3,63,0.1,392,67228.6,OK,,,,,
2026-05-01 10:36:37,16.2,63,1.5,392,69064.3,OK,,,,,
2026-05-01 10:36:53,-40,0,0,0,0,OK,,,,,
2026-05-01 10:37:09,16.4,63,0.1,392,66973.4,OK,,,,,
2026-05-01 10:37:25,16.4,63,0.3,392,66489.1,OK,,,,,
2026-05-01 10:37:41,16.4,62,0.7,392,67298.2,OK,,,,,
2026-05-01 10:37:57,16.4,63,0.6,392,69119.4,OK,,,,,
2026-05-01 10:38:13,16.5,63,0.7,392,67942,OK,,,,,
2026-05-01 10:38:29,16.4,63,0.1,392,63420.9,OK,,,,,
2026-05-01 10:38:45,16.3,63,0.1,392,68487.2,OK,,,,,
2026-05-01 10:39:01,16.3,63,0.8,392,66950.2,OK,,,,,
2026-05-01 10:39:17,16.1,64,3.1,392,69258.6,OK,,,,,
2026-05-01 10:39:33,15.6,65,1.8,392,68745.3,OK,,,,,
2026-05-01 10:39:49,15.6,66,0.8,392,67799.9,OK,,,,,
2026-05-01 10:40:05,15.5,66,1.5,392,67948.7,OK,,,,,
2026-05-01 10:40:21,-40,0,0,0,0,OK,,,,,
2026-05-01 10:40:37,15.4,67,0.1,392,68310.3,OK,,,,,
2026-05-01 10:40:53,15.6,66,0.3,392,67150.3,OK,,,,,
2026-05-01 10:41:09,15.7,66,1.1,392,289827.8,OK,,,,,
2026-05-01 10:41:25,15.7,66,0.8,392,66019.3,OK,,,,,
2026-05-01 10:41:41,15.6,66,1.7,392,67834.7,OK,,,,,
2026-05-01 10:41:57,15.5,66,2.4,392,68084.1,OK,,,,,
2026-05-01 10:42:13,15.3,66,1.8,392,68780.1,OK,,,,,
2026-05-01 10:42:29,117.8,67,0.4,392,93448.8,OK,,,,,
2026-05-01 10:42:45,-40,0,0,0,0,OK,,,,,
2026-05-01 10:43:01,15.4,67,1.1,392,65740.9,OK,,,,,
2026-05-01 10:43:17,15.3,66,2,392,66898,OK,,,,,
2026-05-01 10:43:33,15.1,67,1.4,392,71790,OK,,,,,
2026-05-01 10:43:49,15.2,67,0.1,392,66970.5,OK,,,,,
2026-05-01 10:44:05,15.2,67,0,392,64389.5,OK,,,,,
2026-05-01 10:44:21,15.3,67,0,392,63629.7,OK,,,,,
2026-05-01 10:44:37,-40,0,0,0,0,OK,,,,,
2026-05-01 10:44:53,15.7,66,0,392,63434.3,OK,,,,,
2026-05-01 10:45:09,15.8,64,0,392,66489.1,OK,,,,,
2026-05-01 10:45:25,-40,0,0,0,0,OK,,,,,
2026-05-01 10:45:41,15.8,65,0.3,392,64290.9,OK,,,,,
2026-05-01 10:45:57,15.8,65,1,392,66889.3,OK,,,,,
2026-05-01 10:46:13,15.7,65,1.8,392,67135.8,OK,,,,,
2026-05-01 10:46:29,15.7,65,1,392,67150.3,OK,,,,,
2026-05-01 10:46:45,15.7,65,1,392,65242.1,OK,,,,,
2026-05-01 10:47:01,-40,0,0,0,0,OK,,,,,
2026-05-01 10:47:17,15.3,66,2.2,392,68556.8,OK,,,,,
2026-05-01 10:47:33,-40,0,0,0,0,OK,,,,,
2026-05-01 10:47:49,15.1,66,1,392,65198.6,OK,,,,,
2026-05-01 10:48:05,15.1,66,1.5,392,64705.6,OK,,,,,
2026-05-01 10:48:21,15,79,0.8,392,64691.1,OK,,,,,
2026-05-01 10:48:37,-40,0,0,0,0,OK,,,,,
2026-05-01 10:48:53,15,68,35.7,392,68203,OK,,,,,
2026-05-01 10:49:09,14.9,68,0.6,392,172350.1,OK,,,,,
2026-05-01 10:49:25,-40,0,0,0,0,OK,,,,,
2026-05-01 10:49:41,15.1,67,2.1,392,66863.2,OK,,,,,
2026-05-01 10:49:57,15,67,0.7,392,67301.1,OK,,,,,
2026-05-01 10:50:13,15.2,67,0.8,392,68606.1,OK,,,,,
2026-05-01 10:50:29,15.3,67,2,392,69342.7,OK,,,,,
2026-05-01 10:50:45,15.3,67,0.4,392,69168.7,OK,,,,,
2026-05-01 10:51:01,15.5,67,0.7,392,68110.2,OK,,,,,
2026-05-01 10:51:17,15.6,66,0.4,392,69592.1,OK,,,,,
2026-05-01 10:51:33,-40,0,0,0,0,OK,,,,,
2026-05-01 10:51:49,15.7,66,0.6,392,68040.6,OK,,,,,
2026-05-01 10:52:05,15.6,66,1.1,392,67710,OK,,,,,
2026-05-01 10:52:21,-40,0,0,0,0,OK,,,,,
2026-05-01 10:52:37,15.6,66,0.7,392,49883.7,OK,,,,,
2026-05-01 10:52:53,-40,0,0,0,0,OK,,,,,
2026-05-01 10:53:09,15.6,66,0.4,392,69760.3,OK,,,,,
2026-05-01 10:53:25,15.7,66,0.3,392,62156.5,OK,,,,,
2026-05-01 10:53:41,15.7,66,0.4,392,69012.1,OK,,,,,
2026-05-01 10:53:57,-40,0,0,0,0,OK,,,,,
2026-05-01 10:54:13,15.8,194,0.3,392,67875.3,OK,,,,,
2026-05-01 10:54:29,15.6,65,2,392,93588,OK,,,,,
2026-05-01 10:54:45,15.4,66,2,392,67811.5,OK,,,,,
2026-05-01 10:55:01,15.2,67,1.1,392,67350.4,OK,,,,,
2026-05-01 10:55:17,15.1,67,1.8,392,65772.8,OK,,,,,
2026-05-01 10:55:33,-40,0,0,0,0,OK,,,,,
2026-05-01 10:55:49,15.2,68,0.3,392,68658.3,OK,,,,,
2026-05-01 10:56:05,15.2,67,1.1,392,71175.5,OK,,,,,
2026-05-01 10:56:37,15.2,67,2.5,392,68472.7,OK,,,,,
2026-05-01 10:56:53,15,68,1.1,392,67776.7,OK,,,,,
2026-05-01 10:57:09,14.9,68,0.3,392,67967.4,OK,,,,,
2026-05-01 10:57:25,-40,0,0,0,0,OK,,,,,
2026-05-01 10:57:41,15.2,68,0,392,66318,OK,,,,,
2026-05-01 10:57:57,15.4,209,0,392,69905.3,OK,,,,,
2026-05-01 10:58:13,15.7,67,0,392,69305,OK,,,,,
2026-05-01 10:58:29,15.9,66,0,392,66361.5,OK,,,,,
2026-05-01 10:58:45,16,65,0.3,392,68269.7,OK,,,,,
2026-05-01 10:59:01,16.2,65,0.3,392,69537,OK,,,,,
2026-05-01 10:59:17,16.4,64,0.6,392,70862.3,OK,,,,,
2026-05-01 10:59:33,16.4,63,0.7,392,68452.4,OK,,,,,
2026-05-01 10:59:49,16.4,63,0.7,392,71074,OK,,,,,
2026-05-01 11:00:05,16.2,63,8.8,392,70212.7,OK,,,,,
2026-05-01 11:00:21,16.1,64,0.7,392,70884.7,OK,,,,,
2026-05-01 11:00:37,16.1,64,0.6,392,70041.6,OK,,,,,
2026-05-01 11:00:53,16.1,64,0.8,392,70204,OK,,,,,
2026-05-01 11:01:09,16,65,1,392,69783.5,OK,,,,,
2026-05-01 11:01:25,16.1,65,0.1,392,70067.7,OK,,,,,
2026-05-01 11:01:41,16.2,63,0.8,392,68649.6,OK,,,,,
2026-05-01 11:01:57,16.2,63,0.3,392,71737.3,OK,,,,,
2026-05-01 11:02:13,-40,0,0,0,0,OK,,,,,
2026-05-01 11:02:29,16.2,63,2.4,392,71134.9,OK,,,,,
2026-05-01 11:02:45,15.9,63,1.7,6204,642085.6,OK,,,,,
2026-05-01 11:03:01,15.7,64,1.3,392,66451.4,OK,,,,,
2026-05-01 11:03:17,15.9,64,1.1,392,71680.1,OK,,,,,
2026-05-01 11:03:33,16,64,1.4,392,71836.7,OK,,,,,
2026-05-01 11:03:49,15.8,65,1.7,392,73860.9,OK,,,,,
2026-05-01 11:04:05,-40,0,0,0,0,OK,,,,,
2026-05-01 11:04:21,15.8,66,0.3,392,641368.6,OK,,,,,
2026-05-01 11:04:37,16,65,0.7,392,74501.8,OK,,,,,
2026-05-01 11:04:53,118.4,64,37,392,70644.8,OK,,,,,
2026-05-01 11:05:09,-40,0,0,0,0,OK,,,,,
2026-05-01 11:05:25,16.1,64,1,392,74086,OK,,,,,
2026-05-01 11:05:41,16.1,64,0.7,392,74617.8,OK,,,,,
2026-05-01 11:05:57,16.2,64,1.5,392,70755,OK,,,,,
2026-05-01 11:06:13,16.2,64,0.3,392,70960.9,OK,,,,,
2026-05-01 11:06:29,16.2,63,1.7,392,69493.5,OK,,,,,
2026-05-01 11:06:45,16.1,64,1.1,392,65363.9,OK,,,,,
2026-05-01 11:07:01,16.1,64,1.5,392,70900,OK,,,,,
2026-05-01 11:07:17,15.9,65,2.7,392,74904.9,OK,,,,,
2026-05-01 11:07:33,15.6,66,1.3,392,72292,OK,,,,,
2026-05-01 11:07:49,15.6,66,0.1,392,71900.5,OK,,,,,
2026-05-01 11:08:05,15.6,66,0.8,392,63328.1,OK,,,,,
2026-05-01 11:08:21,15.5,66,1.1,392,67797,OK,,,,,
2026-05-01 11:08:37,15.5,66,0.8,392,72657.4,OK,,,,,
2026-05-01 11:08:53,15.6,67,0.8,392,72216.6,OK,,,,,
2026-05-01 11:09:09,15.6,67,0.3,392,70499.8,OK,,,,,
2026-05-01 11:09:25,15.8,66,1.3,392,68008.7,OK,,,,,
2026-05-01 11:09:41,-40,0,0,0,0,OK,,,,,
2026-05-01 11:09:57,16,65,0.1,392,63389,OK,,,,,
2026-05-01 11:10:13,-40,0,0,0,0,OK,,,,,
2026-05-01 11:10:29,16,65,1.8,392,71787.4,OK,,,,,
2026-05-01 11:10:45,15.9,65,2,392,69319.5,OK,,,,,
2026-05-01 11:11:01,15.7,65,0.6,392,70879.7,OK,,,,,
2026-05-01 11:11:17,15.6,66,0.1,392,73724.6,OK,,,,,
2026-05-01 11:11:33,15.7,65,0.6,392,72970.6,OK,,,,,
2026-05-01 11:11:49,15.6,65,2,392,72268.8,OK,,,,,
2026-05-01 11:12:05,-40,0,0,0,0,OK,,,,,
2026-05-01 11:12:21,15.2,66,0.4,392,73394,OK,,,,,
2026-05-01 11:12:37,-40,0,0,0,0,OK,,,,,
2026-05-01 11:12:53,15.3,66,0.6,392,74664.2,OK,,,,,
2026-05-01 11:13:09,15.3,66,1.5,392,72988,OK,,,,,
2026-05-01 11:13:25,15.1,66,1.1,392,68994.7,OK,,,,,
2026-05-01 11:13:41,15.1,67,0.6,392,57148.2,OK,,,,,
2026-05-01 11:13:57,15.2,67,0.7,392,57461.4,OK,,,,,
2026-05-01 11:14:13,15.4,67,0.8,392,70844.9,OK,,,,,
2026-05-01 11:14:29,-40,0,0,0,0,OK,,,,,
2026-05-01 11:14:45,15.3,65,2.7,392,69893.7,OK,,,,,
2026-05-01 11:15:01,15,65,1.7,392,71799,OK,,,,,
2026-05-01 11:15:17,15,66,1.3,392,73008.3,OK,,,,,
2026-05-01 11:15:33,-40,0,0,0,0,OK,,,,,
2026-05-01 11:15:49,-40,0,0,0,0,OK,,,,,
2026-05-01 11:16:05,15,67,0.4,392,70375.1,OK,,,,,
2026-05-01 11:16:21,15.1,67,0.7,392,70172.1,OK,,,,,
2026-05-01 11:16:37,15.2,67,0.8,392,69336.9,OK,,,,,
2026-05-01 11:16:53,15.1,67,1.1,392,68638,OK,,,,,
2026-05-01 11:17:09,15,67,1.5,392,71134.9,OK,,,,,
2026-05-01 11:17:25,15,68,1.3,392,71738.1,OK,,,,,
2026-05-01 11:17:41,-40,0,0,0,0,OK,,,,,
2026-05-01 11:17:57,117.7,67,72.5,392,71775.8,OK,,,,,
2026-05-01 11:18:13,15.5,66,0.4,392,71445.2,OK,,,,,
2026-05-01 11:18:29,15.5,65,1.8,392,71627.9,OK,,,,,
2026-05-01 11:18:45,26.1,65,1.3,392,70708.6,OK,,,,,
2026-05-01 11:19:01,15.4,65,1,392,71935.3,OK,,,,,
2026-05-01 11:19:17,15.3,66,0,392,71436.5,OK,,,,,
2026-05-01 11:19:33,-40,0,0,0,0,OK,,,,,
2026-05-01 11:19:49,15.6,65,0.1,392,72086.3,OK,,,,,
2026-05-01 11:20:05,15.7,65,0.3,392,71584.4,OK,,,,,
2026-05-01 11:20:21,15.7,64,0.8,392,70430.2,OK,,,,,
2026-05-01 11:20:38,15.8,64,1.8,392,70929,OK,,,,,
2026-05-01 11:20:53,15.9,64,0.6,392,73170.7,OK,,,,,
2026-05-01 11:21:09,15.9,64,2,392,72243.1,OK,,,,,
2026-05-01 11:21:25,15.9,64,0.7,392,71770,OK,,,,,
2026-05-01 11:21:41,15.9,64,0.8,392,71700.4,OK,,,,,
2026-05-01 11:21:57,15.8,65,1.8,392,71749.7,OK,,,,,
2026-05-01 11:22:13,15.8,65,2,392,72112.2,OK,,,,,
2026-05-01 11:22:29,-40,0,0,0,0,OK,,,,,
2026-05-01 11:22:45,-40,0,0,0,0,OK,,,,,
2026-05-01 11:23:01,15.7,64,0.7,392,72222.4,OK,,,,,
2026-05-01 11:23:17,15.7,64,1.3,392,72512.4,OK,,,,,
2026-05-01 11:23:33,15.6,160,1.3,392,72886.5,OK,,,,,
2026-05-01 11:23:49,15.3,64,1.7,392,72025.2,OK,,,,,
2026-05-01 11:24:05,15.1,65,2.5,392,72161.5,OK,,,,,
2026-05-01 11:24:21,15,66,1.1,392,70757.9,OK,,,,,
2026-05-01 11:24:37,15,66,1.3,392,72205,OK,,,,,
2026-05-01 11:24:53,15,66,1.3,392,69887.9,OK,,,,,
2026-05-01 11:25:09,15.1,66,0,392,71152.3,OK,,,,,
2026-05-01 11:25:25,15.2,66,1,392,71700.4,OK,,,,,
2026-05-01 11:25:41,15.2,66,0.6,392,70850.7,OK,,,,,
2026-05-01 11:25:57,-40,0,0,0,0,OK,,,,,
2026-05-01 11:26:13,15.6,65,0.7,392,71018.9,OK,,,,,
2026-05-01 11:27:17,-40,0,0,0,0,OK,,,,,
2026-05-01 11:27:33,15.8,63,0.8,392,73724.6,OK,,,,,
2026-05-01 11:27:49,15.8,63,1.4,392,74160.2,OK,,,,,
2026-05-01 11:28:05,-40,0,0,0,0,OK,,,,,
2026-05-01 11:28:21,15.4,64,2.1,392,73515.8,OK,,,,,
2026-05-01 11:28:37,15.5,65,0.6,392,74171.2,OK,,,,,
2026-05-01 11:28:53,15.5,64,1.7,392,73269.3,OK,,,,,
2026-05-01 11:29:09,15.3,65,2.2,392,73086.6,OK,,,,,
2026-05-01 11:29:25,15.1,66,1.3,392,73228.7,OK,,,,,
2026-05-01 11:29:41,15,66,1.4,504,72686.4,OK,,,,,
2026-05-01 11:29:57,15.2,66,0.1,392,73744.9,OK,,,,,
2026-05-01 11:30:13,-40,0,0,0,0,OK,,,,,
2026-05-01 11:30:29,-40,0,0,0,0,OK,,,,,
2026-05-01 11:30:45,15.5,65,0.7,392,74034.9,OK,,,,,
2026-05-01 11:31:01,15.5,64,0.7,392,73916,OK,,,,,
2026-05-01 11:31:17,15.5,64,1.1,392,73092.4,OK,,,,,
2026-05-01 11:31:33,15.4,64,2,392,73367.9,OK,,,,,
2026-05-01 11:31:49,15.2,65,0.8,392,73666.6,OK,,,,,
2026-05-01 11:32:05,15.2,66,0.6,392,73988.5,OK,,,,,
2026-05-01 11:32:21,15.3,66,0.1,392,73443.3,OK,,,,,
2026-05-01 11:33:25,15.5,65,0.6,392,74464.1,OK,,,,,
2026-05-01 11:33:41,15.5,66,0.7,392,74316.2,OK,,,,,
2026-05-01 11:33:57,15.6,65,0.3,392,74026.2,OK,,,,,
2026-05-01 11:34:13,15.5,66,0.6,392,72347.1,OK,,,,,
2026-05-01 11:34:29,15.5,66,1.3,392,75354.2,OK,,,,,
2026-05-01 11:34:45,15.6,66,1,392,72915.5,OK,,,,,
2026-05-01 11:35:01,-40,0,0,0,0,OK,,,,,
2026-05-01 11:35:17,15.6,66,0.4,392,73144.6,OK,,,,,
2026-05-01 11:35:33,118.2,65,0.1,392,74397.4,OK,,,,,
2026-05-01 11:35:49,16,64,0.4,392,72712.5,OK,,,,,
2026-05-01 11:36:05,16.1,63,0,392,73701.4,OK,,,,,
2026-05-01 11:36:21,-40,0,0,0,0,OK,,,,,
2026-05-01 11:36:37,16.3,63,0.8,392,72840.1,OK,,,,,
2026-05-01 11:36:53,-40,0,0,0,0,OK,,,,,
2026-05-01 11:37:09,-40,0,0,0,0,OK,,,,,
2026-05-01 11:37:25,16.4,63,1,392,73269.3,OK,,,,,
2026-05-01 11:37:41,16.4,63,0.7,392,73681.1,OK,,,,,
2026-05-01 11:37:57,-40,0,0,0,0,OK,,,,,
2026-05-01 11:38:13,16.5,63,0,392,74725.1,OK,,,,,
2026-05-01 11:38:45,-40,0,0,0,0,OK,,,,,
2026-05-01 11:39:01,16.7,61,0.4,392,73481,OK,,,,,
2026-05-01 11:39:17,16.6,61,1.5,392,74043.6,OK,,,,,
2026-05-01 11:39:33,16.4,63,0.4,392,73646.3,OK,,,,,
2026-05-01 11:39:49,16.5,63,0.1,392,74710.6,OK,,,,,
2026-05-01 11:40:05,16.4,62,2.4,392,75125.3,OK,,,,,
2026-05-01 11:40:21,16,63,1.8,392,74826.6,OK,,,,,
2026-05-01 11:40:37,15.8,64,0.8,392,72999.6,OK,,,,,
2026-05-01 11:40:53,15.8,64,0.4,392,73077.9,OK,,,,,
2026-05-01 11:41:09,15.7,64,2.1,392,74333.6,OK,,,,,
2026-05-01 11:41:25,15.7,64,0.3,392,76813.1,OK,,,,,
2026-05-01 11:41:41,15.7,64,1.3,392,74849.8,OK,,,,,
2026-05-01 11:41:57,15.6,64,1.5,392,73478.1,OK,,,,,
2026-05-01 11:42:13,15.5,65,0.7,392,72637.1,OK,,,,,
2026-05-01 11:42:29,15.6,65,0.4,392,72901,OK,,,,,
2026-05-01 11:42:45,15.6,65,0.6,392,74565.6,OK,,,,,
2026-05-01 11:43:01,15.5,65,1.1,392,74388.7,OK,,,,,
2026-05-01 11:43:17,15.6,65,0.1,392,73808.7,OK,,,,,
2026-05-01 11:43:49,15.8,64,0.1,392,74394.5,OK,,,,,
2026-05-01 11:44:05,15.9,64,0.4,392,74391.6,OK,,,,,
2026-05-01 11:44:21,16,63,1,392,74179.9,OK,,,,,
2026-05-01 11:44:37,16,64,1.8,392,72373.2,OK,,,,,
2026-05-01 11:44:53,15.8,64,0.8,392,73663.7,OK,,,,,
2026-05-01 11:45:09,15.8,65,0.7,392,73063.4,OK,,,,,
2026-05-01 11:45:25,15.7,64,0.7,392,74351,OK,,,,,
2026-05-01 11:45:41,15.7,64,0.8,392,73286.7,OK,,,,,
2026-05-01 11:45:57,15.7,64,0.6,392,74487.3,OK,,,,,
2026-05-01 11:46:13,15.8,63,0.1,392,74852.7,OK,,,,,
2026-05-01 11:46:29,15.7,64,1.3,392,75223.9,OK,,,,,
2026-05-01 11:46:45,15.6,64,1,392,74400.3,OK,,,,,
2026-05-01 11:47:01,15.7,65,2,392,75885.1,OK,,,,,
2026-05-01 11:47:17,15.5,65,2.1,392,75960.5,OK,,,,,
2026-05-01 11:47:33,15.4,66,1.3,392,72373.2,OK,,,,,
2026-05-01 11:47:49,15.3,66,1.5,392,70346.1,OK,,,,,
2026-05-01 11:48:05,117.4,67,1.7,392,73565.1,OK,,,,,
2026-05-01 11:48:21,14.9,68,1,392,75516.8,OK,,,,,
2026-05-01 11:48:37,14.7,68,1.5,392,73852.2,OK,,,,,
2026-05-01 11:48:53,-40,0,0,0,0,OK,,,,,
2026-05-01 11:49:09,14.7,69,0.7,392,72297.8,OK,,,,,
2026-05-01 11:49:25,14.8,68,0.4,392,73469.4,OK,,,,,
2026-05-01 11:49:41,14.9,67,1.3,392,73660.8,OK,,,,,
2026-05-01 11:49:57,14.8,66,1.1,392,73017,OK,,,,,
2026-05-01 11:50:13,14.9,66,0.8,392,77943.9,OK,,,,,
2026-05-01 11:50:29,15,66,1,392,75360.2,OK,,,,,
2026-05-01 11:50:45,15.1,65,0.6,392,73507.1,OK,,,,,
2026-05-01 11:51:01,15,65,2,392,74597.5,OK,,,,,
2026-05-01 11:51:17,14.9,66,1.8,392,74475.7,OK,,,,,
2026-05-01 11:51:33,14.8,67,1.4,392,73550.6,OK,,,,,
2026-05-01 11:51:49,14.6,66,35.7,392,73634.7,OK,,,,,
2026-05-01 11:52:05,14.5,67,1.7,392,71625,OK,,,,,
2026-05-01 11:52:37,-40,0,0,0,0,OK,,,,,
2026-05-01 11:52:53,14.5,67,0.8,392,73437.5,OK,,,,,
2026-05-01 11:53:09,14.5,67,1.4,392,73127.2,OK,,,,,
2026-05-01 11:53:25,14.5,68,1.3,392,388364.1,OK,,,,,
2026-05-01 11:53:41,14.6,68,0.4,392,74371.3,OK,,,,,
2026-05-01 11:53:57,14.8,68,0.3,392,74443.8,OK,,,,,
2026-05-01 11:54:13,14.9,67,0.4,392,74295.9,OK,,,,,
2026-05-01 11:54:29,15,67,0,392,73408.7,OK,,,,,
2026-05-01 11:54:45,15.2,66,0,392,73466.5,OK,,,,,
2026-05-01 11:55:01,15.3,66,0.6,392,73652.1,OK,,,,,
2026-05-01 11:55:17,-40,0,0,0,0,OK,,,,,
2026-05-01 11:55:33,117.8,66,1.8,392,74414.8,OK,,,,,
2026-05-01 11:55:49,15.2,66,2.2,392,74542.4,OK,,,,,
2026-05-01 11:56:05,15.1,67,1,392,74719.3,OK,,,,,
2026-05-01 11:56:21,21.4,67,2.5,392,73338.9,OK,,,,,
2026-05-01 11:56:37,14.8,68,2.2,392,74101.6,OK,,,,,
2026-05-01 11:56:53,14.6,68,2.8,392,75876.4,OK,,,,,
2026-05-01 11:57:09,14.6,69,2.5,392,74559.8,OK,,,,,
2026-05-01 11:57:25,14.5,70,2.7,392,73753.6,OK,,,,,
2026-05-01 11:57:41,14.3,70,2.4,392,73907.3,OK,,,,,
2026-05-01 11:57:57,14.2,71,2.5,392,74150.9,OK,,,,,
2026-05-01 11:58:13,14.1,71,1.8,392,73956.6,OK,,,,,
2026-05-01 11:58:29,-40,0,0,0,0,OK,,,,,
2026-05-01 11:58:45,14.3,71,1.4,392,73686.9,OK,,,,,
2026-05-01 11:59:01,14.2,70,1.3,392,73382.4,OK,,,,,
2026-05-01 11:59:17,14.2,70,0.3,392,73327.3,OK,,,,,
2026-05-01 11:59:33,14.3,70,0.1,392,74736.7,OK,,,,,
2026-05-01 11:59:49,14.5,69,0.6,392,75540,OK,,,,,
2026-05-01 12:00:05,-40,0,0,0,0,OK,,,,,
2026-05-01 12:00:21,-40,0,0,0,0,OK,,,,,
2026-05-01 12:00:37,14.8,67,0.6,392,75076,OK,,,,,
2026-05-01 12:00:53,14.9,67,0.3,392,74005.9,OK,,,,,
2026-05-01 12:01:09,15.1,67,2.1,392,74600.4,OK,,,,,
2026-05-01 12:01:25,23.8,67,1,392,74493.1,OK,,,,,
2026-05-01 12:01:41,15.1,67,0.6,392,74858.5,OK,,,,,
2026-05-01 12:01:57,-40,0,0,0,0,OK,,,,,
2026-05-01 12:02:13,15.1,66,2,392,74490.2,OK,,,,,
2026-05-01 12:02:29,15,67,1.7,392,73533.2,OK,,,,,
2026-05-01 12:02:45,14.9,67,2.5,392,75583.5,OK,,,,,
2026-05-01 12:03:49,14.5,69,1,392,74835.3,OK,,,,,
2026-05-01 12:04:05,14.4,69,1.1,392,74461.2,OK,,,,,
2026-05-01 12:04:21,14.4,70,0.4,392,75128.2,OK,,,,,
2026-05-01 12:04:37,14.4,70,2,392,73794.2,OK,,,,,
2026-05-01 12:04:53,14.3,71,2.4,392,74962.9,OK,,,,,
2026-05-01 12:05:09,14.3,71,0.7,392,74519.2,OK,,,,,
2026-05-01 12:05:25,14.5,71,1.4,392,74803.4,OK,,,,,
2026-05-01 12:05:41,-40,0,0,0,0,OK,,,,,
2026-05-01 12:05:57,14.8,70,1,392,73791.3,OK,,,,,
2026-05-01 12:06:13,14.8,69,1.4,392,73994.3,OK,,,,,
2026-05-01 12:07:01,15,69,0.7,392,75418.2,OK,,,,,
2026-05-01 12:07:17,15.1,69,0.8,392,75946,OK,,,,,
2026-05-01 12:07:33,15,68,0.4,392,75099.2,OK,,,,,
2026-05-01 12:07:49,15,68,1,392,74014.6,OK,,,,,
2026-05-01 12:08:05,-40,0,0,0,0,OK,,,,,
2026-05-01 12:08:21,15.2,67,0.8,392,1437265.4,OK,,,,,
2026-05-01 12:08:37,15.2,67,0.8,392,76943.6,OK,,,,,
2026-05-01 12:08:53,15.2,67,0.3,392,77294.5,OK,,,,,
2026-05-01 12:09:09,15.2,68,0.1,504,641390.1,OK,,,,,
2026-05-01 12:09:25,15.4,67,1.4,392,76186.7,OK,,,,,
2026-05-01 12:09:41,15.2,66,1.4,392,74061,OK,,,,,
2026-05-01 12:09:57,-40,0,0,0,0,OK,,,,,
2026-05-01 12:10:13,15,68,1.7,392,75403.7,OK,,,,,
2026-05-01 12:10:29,14.9,68,0.8,392,77016.1,OK,,,,,
2026-05-01 12:10:45,15,69,2,392,76618.8,OK,,,,,
2026-05-01 12:11:01,14.9,69,1.5,392,74928.1,OK,,,,,
2026-05-01 12:11:17,14.8,69,2.7,392,76543.4,OK,,,,,
2026-05-01 12:11:33,14.7,69,2.8,392,76975.5,OK,,,,,
2026-05-01 12:11:49,-40,0,0,0,0,OK,,,,,
2026-05-01 12:12:05,14.6,70,0.8,392,69774.8,OK,,,,,
2026-05-01 12:12:21,-40,0,0,0,0,OK,,,,,
2026-05-01 12:12:37,14.6,70,1.7,392,71932.4,OK,,,,,
2026-05-01 12:12:53,14.7,71,0.4,392,73344.7,OK,,,,,
2026-05-01 12:13:09,14.9,70,1.1,392,74768.6,OK,,,,,
2026-05-01 12:13:25,-40,0,0,0,0,OK,,,,,
2026-05-01 12:13:41,14.9,70,1.7,392,70444.7,OK,,,,,
2026-05-01 12:13:57,14.9,70,1,392,73785.5,OK,,,,,
2026-05-01 12:14:13,15,70,1,392,72909.7,OK,,,,,
2026-05-01 12:14:29,15.1,69,0.6,392,73660.6,OK,,,,,
2026-05-01 12:14:45,15.2,68,0.4,392,77265.5,OK,,,,,
2026-05-01 12:15:01,15.3,68,0.3,392,69693.6,OK,,,,,
2026-05-01 12:15:17,15.5,67,0.1,392,73394,OK,,,,,
2026-05-01 12:15:33,15.5,66,0.1,392,77027.7,OK,,,,,
2026-05-01 12:15:49,15.5,66,0.3,392,77120.5,OK,,,,,
2026-05-01 12:16:05,15.5,66,1.8,392,73834.8,OK,,,,,
2026-05-01 12:16:21,15.6,67,0.8,392,75911.2,OK,,,,,
2026-05-01 12:16:37,15.6,67,0,392,78573.4,OK,,,,,
2026-05-01 12:16:53,-40,0,0,0,0,OK,,,,,
2026-05-01 12:17:09,-40,0,0,0,0,OK,,,,,
2026-05-01 12:17:25,15.7,67,1.7,392,74710.6,OK,,,,,
2026-05-01 12:17:41,15.6,67,0.4,392,75827.1,OK,,,,,
2026-05-01 12:17:57,15.5,67,1.8,392,76050.4,OK,,,,,
2026-05-01 12:18:13,15.4,68,1.1,392,74014.6,OK,,,,,
2026-05-01 12:18:29,15.3,68,2,392,76723.2,OK,,,,,
2026-05-01 12:18:45,15.3,68,1.3,392,77746.9,OK,,,,,
2026-05-01 12:19:01,15.3,67,2.4,392,77407.6,OK,,,,,
2026-05-01 12:19:17,15.1,68,1.7,904,73228.7,OK,,,,,
2026-05-01 12:19:33,15.1,68,1.1,392,72872,OK,,,,,
2026-05-01 12:19:49,15.1,68,1,392,75937.3,OK,,,,,
2026-05-01 12:20:05,15,67,1.3,392,76940.7,OK,,,,,
2026-05-01 12:20:21,15.1,67,0.6,392,77947,OK,,,,,
2026-05-01 12:20:37,15.2,67,0.1,392,77999.2,OK,,,,,
2026-05-01 12:20:53,15.3,67,0.1,392,76601.4,OK,,,,,
2026-05-01 12:21:09,15.4,67,0,392,76824.7,OK,,,,,
2026-05-01 12:21:25,15.5,66,0,392,75099.2,OK,,,,,
2026-05-01 12:21:41,15.7,66,0.4,392,77248.1,OK,,,,,
2026-05-01 12:21:57,15.7,65,0.7,392,77654.1,OK,,,,,
2026-05-01 12:22:13,16,65,0.1,392,77784.6,OK,,,,,
2026-05-01 12:22:29,-40,0,0,0,0,OK,,,,,
2026-05-01 12:22:45,-40,0,0,0,0,OK,,,,,
2026-05-01 12:23:01,-40,0,0,0,0,OK,,,,,
2026-05-01 12:23:17,-40,0,0,0,0,OK,,,,,
2026-05-01 12:23:33,16.1,64,0,392,79138.9,OK,,,,,
2026-05-01 12:23:49,118.3,63,0.6,392,83819.7,OK,,,,,
2026-05-01 12:24:05,-40,0,0,0,0,OK,,,,,
2026-05-01 12:24:21,15.9,64,0.6,392,75960.5,OK,,,,,
2026-05-01 12:24:37,15.9,65,0,392,78544.4,OK,,,,,
2026-05-01 12:24:53,16,64,0,392,79350.6,OK,,,,,
2026-05-01 12:25:09,16.2,64,0,392,79429.7,OK,,,,,
2026-05-01 12:25:25,16.3,64,0,392,79629,OK,,,,,
2026-05-01 12:25:41,16.4,64,0.1,392,78210.9,OK,,,,,
2026-05-01 12:25:57,-40,0,0,0,0,OK,,,,,
2026-05-01 12:26:13,16.6,63,0.3,392,79240.4,OK,,,,,
2026-05-01 12:26:29,-40,0,0,0,0,OK,,,,,
2026-05-01 12:26:45,16.6,63,0.3,392,78208,OK,,,,,
2026-05-01 12:27:01,16.6,63,0.1,392,79417.3,OK,,,,,
2026-05-01 12:27:17,16.5,62,0,392,78358.8,OK,,,,,
2026-05-01 12:27:33,16.6,62,0,392,78970.7,OK,,,,,
2026-05-01 12:28:05,16.5,63,1.8,392,77944.1,OK,,,,,
2026-05-01 12:28:21,16.3,64,2.1,392,79446.3,OK,,,,,
2026-05-01 12:28:37,16.1,64,1.4,392,79643.5,OK,,,,,
2026-05-01 12:28:53,16.2,64,0.4,392,80180,OK,,,,,
2026-05-01 12:29:09,16.4,64,0.1,392,79852.3,OK,,,,,
2026-05-01 12:29:25,16.6,63,0.6,392,80365.6,OK,,,,,
2026-05-01 12:29:41,16.7,62,0.1,392,80209,OK,,,,,
2026-05-01 12:29:57,-40,0,0,0,0,OK,,,,,
2026-05-01 12:30:13,16.7,61,0.3,392,76436.1,OK,,,,,
2026-05-01 12:30:29,16.7,62,0.7,392,78190.6,OK,,,,,
2026-05-01 12:30:45,16.6,62,0.7,392,78886.6,OK,,,,,
2026-05-01 12:31:01,16.5,63,1.4,392,80542.5,OK,,,,,
2026-05-01 12:31:17,16.4,64,1.7,392,79571,OK,,,,,
2026-05-01 12:31:33,16.4,64,1.3,392,77799.1,OK,,,,,
2026-05-01 12:31:49,16.3,64,1.3,392,79205.6,OK,,,,,
2026-05-01 12:32:05,16.4,64,1.5,392,77201.7,OK,,,,,
2026-05-01 12:32:21,-40,0,0,0,0,OK,,,,,
2026-05-01 12:32:37,15.8,65,2.1,392,78657.5,OK,,,,,
2026-05-01 12:32:53,15.7,66,1.5,392,79655.1,OK,,,,,
2026-05-01 12:33:09,15.6,66,1.4,392,76563.7,OK,,,,,
2026-05-01 12:33:25,15.6,66,1.4,392,77596.1,OK,,,,,
2026-05-01 12:33:41,15.6,67,2.4,392,79466.6,OK,,,,,
2026-05-01 12:33:57,-40,0,0,0,0,OK,,,,,
2026-05-01 12:34:13,15.3,67,2.4,392,75252.9,OK,,,,,
2026-05-01 12:34:29,-40,0,0,0,0,OK,,,,,
2026-05-01 12:34:45,15.4,67,15.8,392,78599.5,OK,,,,,
2026-05-01 12:35:01,15.3,68,0.8,392,77442.4,OK,,,,,
2026-05-01 12:35:17,15.4,68,0,392,77726.6,OK,,,,,
2026-05-01 12:35:33,15.7,67,0,392,79568.1,OK,,,,,
2026-05-01 12:35:49,15.9,66,1.4,392,78451.6,OK,,,,,
2026-05-01 12:36:05,15.8,66,0.4,392,75406.6,OK,,,,,
2026-05-01 12:36:21,15.8,66,0.8,392,74745.4,OK,,,,,
2026-05-01 12:36:37,15.7,78,0.4,392,76401.3,OK,,,,,
2026-05-01 12:36:53,15.6,66,1.1,392,76769.6,OK,,,,,
2026-05-01 12:37:09,15.4,66,2,392,76120,OK,,,,,
2026-05-01 12:37:25,15.2,67,1.3,392,78526.2,OK,,,,,
2026-05-01 12:37:41,15.3,67,0.4,392,77007.4,OK,,,,,
2026-05-01 12:37:57,117.6,67,1.7,392,1673667.1,OK,,,,,
2026-05-01 12:38:13,15.2,67,1,392,79275.2,OK,,,,,
2026-05-01 12:38:29,15.3,67,0.3,392,78329.8,OK,,,,,
2026-05-01 12:38:45,15.6,66,0,392,77836.8,OK,,,,,
2026-05-01 12:39:01,15.8,65,0,392,77100.2,OK,,,,,
2026-05-01 12:39:17,16,64,0,392,79104.1,OK,,,,,
2026-05-01 12:39:33,16.2,64,0.3,392,78988.1,OK,,,,,
2026-05-01 12:39:49,16.3,64,0.1,392,78547.3,OK,,,,,
2026-05-01 12:40:05,16.2,64,2,392,78532.8,OK,,,,,
2026-05-01 12:40:21,16,65,1.1,392,78732.9,OK,,,,,
2026-05-01 12:40:37,15.8,65,1.1,392,77251,OK,,,,,
2026-05-01 12:40:53,15.6,66,0.8,392,75925.7,OK,,,,,
2026-05-01 12:41:09,15.7,67,0,392,78654.6,OK,,,,,
2026-05-01 12:41:25,-40,0,0,0,0,OK,,,,,
2026-05-01 12:41:41,15.8,66,0,392,78918.5,OK,,,,,
2026-05-01 12:41:57,15.9,66,0,392,80235.1,OK,,,,,
2026-05-01 12:42:13,16.1,61,0.7,392,78268.9,OK,,,,,
2026-05-01 12:42:29,16,57,0.1,392,80252.5,OK,,,,,
2026-05-01 12:42:45,-40,0,0,0,0,OK,,,,,
2026-05-01 12:43:01,16.3,59,0,392,78442.9,OK,,,,,
2026-05-01 12:43:17,16.4,59,0,392,77514.9,OK,,,,,
2026-05-01 12:43:33,16.7,59,0,392,78097.8,OK,,,,,
2026-05-01 12:43:49,-8.8,60,36,392,79959.6,OK,,,,,
2026-05-01 12:44:05,-40,0,0,0,0,OK,,,,,
2026-05-01 12:44:21,17.1,61,0,392,77877.4,OK,,,,,
2026-05-01 12:44:37,17.2,61,0,392,78970.7,OK,,,,,
2026-05-01 12:44:53,17.3,61,0.3,392,80432.3,OK,,,,,
2026-05-01 12:45:09,17.1,61,1.1,392,80725.2,OK,,,,,
2026-05-01 12:45:25,17.1,61,0.8,392,80084.3,OK,,,,,
2026-05-01 12:45:41,17.2,59,0.3,392,79513,OK,,,,,
2026-05-01 12:45:57,17.1,58,0.1,392,80533.8,OK,,,,,
2026-05-01 12:46:13,17.3,59,0.4,392,80913.7,OK,,,,,
2026-05-01 12:46:29,17.2,59,0.8,392,81099.3,OK,,,,,
2026-05-01 12:46:45,17.2,59,0.6,392,395955,OK,,,,,
2026-05-01 12:47:17,17.3,56,0.4,392,81035.5,OK,,,,,
2026-05-01 12:47:33,17.2,56,0.7,392,81311,OK,,,,,
2026-05-01 12:47:49,-40,0,0,0,0,OK,,,,,
2026-05-01 12:48:05,16.9,59,0.3,392,79982.8,OK,,,,,
2026-05-01 12:48:21,16.9,59,0,392,80577.3,OK,,,,,
2026-05-01 12:48:37,16.9,59,0.8,392,81145.7,OK,,,,,
2026-05-01 12:48:53,16.8,60,1.7,392,81534.3,OK,,,,,
2026-05-01 12:49:09,16.8,62,1.7,392,81366.1,OK,,,,,
2026-05-01 12:49:25,16.7,62,0.8,392,80438.1,OK,,,,,
2026-05-01 12:49:41,16.9,61,0.4,392,80081.4,OK,,,,,
2026-05-01 12:49:57,17.1,61,0.1,392,78962,OK,,,,,
2026-05-01 12:50:13,17.2,59,0.8,392,79524.6,OK,,,,,
2026-05-01 12:50:29,-40,0,0,0,0,OK,,,,,
2026-05-01 12:50:45,17.1,60,0,392,82212.9,OK,,,,,
2026-05-01 12:51:01,17.1,60,0.3,392,79895.8,OK,,,,,
2026-05-01 12:51:17,16.9,60,1.7,392,80884.7,OK,,,,,
2026-05-01 12:51:33,16.7,61,1.3,392,80006,OK,,,,,
2026-05-01 12:51:49,-40,0,0,0,0,OK,,,,,
2026-05-01 12:52:05,16.5,62,1.1,392,79165,OK,,,,,
2026-05-01 12:52:21,16.4,62,2.2,392,81154.4,OK,,,,,
2026-05-01 12:52:37,16.3,63,2,392,82468.1,OK,,,,,
2026-05-01 12:52:53,16.3,64,1,392,81264.6,OK,,,,,
2026-05-01 12:53:09,16.2,64,1.8,392,80902.1,OK,,,,,
2026-05-01 12:53:25,16.3,64,1.1,392,78631.4,OK,,,,,
2026-05-01 12:53:41,118.6,64,1.3,392,79460.8,OK,,,,,
2026-05-01 12:53:57,16.3,63,0.4,392,79742.1,OK,,,,,
2026-05-01 12:54:13,16.4,62,0.4,392,77500.4,OK,,,,,
2026-05-01 12:54:29,16.4,62,0.8,392,79257.8,OK,,,,,
2026-05-01 12:54:45,16.5,62,0.4,392,79408.6,OK,,,,,
2026-05-01 12:55:01,16.7,62,1.4,392,81021,OK,,,,,
2026-05-01 12:55:17,-40,0,0,0,0,OK,,,,,
2026-05-01 12:56:21,15.5,66,0.1,392,79600.6,OK,,,,,
2026-05-01 12:56:37,15.6,66,0,392,79350.6,OK,,,,,
2026-05-01 12:56:53,15.7,66,0.1,392,80832.5,OK,,,,,
2026-05-01 12:57:09,15.9,66,4.2,392,79376.7,OK,,,,,
2026-05-01 12:57:25,15.9,66,1.4,392,78486.4,OK,,,,,
2026-05-01 12:57:41,15.8,66,1.1,392,80197.4,OK,,,,,
2026-05-01 12:57:57,15.9,66,0.7,392,79017.1,OK,,,,,
2026-05-01 12:58:13,15.9,65,2.8,392,79626.1,OK,,,,,
2026-05-01 12:58:29,15.7,64,2.2,392,79930.6,OK,,,,,
2026-05-01 12:58:45,15.7,64,1.5,392,80791.9,OK,,,,,
2026-05-01 12:59:01,15.6,63,2.5,392,79878.4,OK,,,,,
2026-05-01 12:59:17,15.4,64,1.3,392,79399.9,OK,,,,,
2026-05-01 12:59:33,15.4,65,1.8,392,78013.7,OK,,,,,
2026-05-01 12:59:49,15.3,64,1.8,392,79556.5,OK,,,,,
2026-05-01 13:00:05,15.3,64,1.5,392,79843.6,OK,,,,,
2026-05-01 13:00:21,15.3,64,1,392,79130.2,OK,,,,,
2026-05-01 13:00:37,15.4,65,0.6,392,78500.9,OK,,,,,
2026-05-01 13:00:53,15.5,65,1.3,392,79611.6,OK,,,,,
2026-05-01 13:01:09,15.4,66,1.1,392,79553.6,OK,,,,,
2026-05-01 13:01:25,15.5,66,2.8,392,80136.5,OK,,,,,
2026-05-01 13:01:41,15.3,65,3.9,392,78674.9,OK,,,,,
2026-05-01 13:01:57,15.1,66,2.1,392,879011.6,OK,,,,,
2026-05-01 13:02:13,-40,0,0,0,0,OK,,,,,
2026-05-01 13:02:29,14.9,67,2.1,392,78025.3,OK,,,,,
2026-05-01 13:02:45,14.9,68,1.5,392,78938.8,OK,,,,,
2026-05-01 13:03:01,15,68,0.8,392,77920.9,OK,,,,,
2026-05-01 13:03:17,15.1,68,0.4,392,77741.1,OK,,,,,
2026-05-01 13:03:33,-40,0,0,0,0,OK,,,,,
2026-05-01 13:03:49,15.5,67,0.3,392,77430.8,OK,,,,,
2026-05-01 13:04:05,15.8,66,0.8,392,80037.9,OK,,,,,
2026-05-01 13:04:21,15.9,65,0.4,392,79208.5,OK,,,,,
2026-05-01 13:04:37,-40,0,0,0,0,OK,,,,,
2026-05-01 13:04:53,15.8,64,1.1,392,79231.7,OK,,,,,
2026-05-01 13:05:09,-40,0,0,0,0,OK,,,,,
2026-05-01 13:05:25,15.4,64,2.2,392,77883.2,OK,,,,,
2026-05-01 13:05:41,15.4,66,1.1,392,78042.7,OK,,,,,
2026-05-01 13:06:45,15.8,66,0.1,392,77700.5,OK,,,,,
2026-05-01 13:07:01,15.7,65,0.8,392,79814.6,OK,,,,,
2026-05-01 13:07:17,15.6,66,1.1,392,79666.7,OK,,,,,
2026-05-01 13:07:33,-40,0,0,0,0,OK,,,,,
2026-05-01 13:07:49,15.5,67,0.8,392,79107,OK,,,,,
2026-05-01 13:08:05,15.6,67,0.3,392,80443.9,OK,,,,,
2026-05-01 13:08:21,-40,0,0,0,0,OK,,,,,
2026-05-01 13:08:37,15.7,66,2,392,79405.7,OK,,,,,
2026-05-01 13:08:53,15.5,66,1.5,392,79243.3,OK,,,,,
2026-05-01 13:09:09,15.5,67,1.4,392,79266.5,OK,,,,,
2026-05-01 13:09:25,15.4,67,1.7,392,79336.1,OK,,,,,
2026-05-01 13:09:41,-40,0,0,0,0,OK,,,,,
2026-05-01 13:09:57,15.3,66,2.7,392,78660.4,OK,,,,,
2026-05-01 13:10:13,15.4,66,2,392,77952.8,OK,,,,,
2026-05-01 13:10:29,15.3,65,2.7,392,79614.5,OK,,,,,
2026-05-01 13:10:45,15.3,66,1.8,392,79652.2,OK,,,,,
2026-05-01 13:11:01,15.2,65,2.4,392,79428.9,OK,,,,,
2026-05-01 13:11:17,15.1,66,2.2,392,79710.2,OK,,,,,
2026-05-01 13:11:33,15.1,67,0.7,392,80174.2,OK,,,,,
2026-05-01 13:11:49,15.2,67,1.1,392,79710.2,OK,,,,,
2026-05-01 13:12:05,15.4,68,0.7,392,79794.3,OK,,,,,
2026-05-01 13:12:21,15.3,68,1.5,392,79283.9,OK,,,,,
2026-05-01 13:12:37,15.5,69,0,392,79597.1,OK,,,,,
2026-05-01 13:12:53,-40,0,0,0,0,OK,,,,,
2026-05-01 13:13:09,-40,0,0,0,0,OK,,,,,
2026-05-01 13:13:25,15.7,67,1,392,78196.4,OK,,,,,
2026-05-01 13:13:41,15.7,67,1.1,392,78767.7,OK,,,,,
2026-05-01 13:13:57,15.7,67,2.1,392,79092.5,OK,,,,,
2026-05-01 13:14:13,15.6,67,2.9,392,78237,OK,,,,,
2026-05-01 13:14:29,15.4,68,1.5,392,78503.8,OK,,,,,
2026-05-01 13:14:45,15.3,68,1.8,392,80209,OK,,,,,
2026-05-01 13:15:01,15.3,68,1.4,392,79585.5,OK,,,,,
2026-05-01 13:15:17,15.2,67,2.2,392,78979.4,OK,,,,,
2026-05-01 13:15:33,15.1,68,1.3,392,78750.3,OK,,,,,
2026-05-01 13:15:49,-40,0,0,0,0,OK,,,,,
2026-05-01 13:16:05,15.1,68,1.7,392,78402.3,OK,,,,,
2026-05-01 13:16:21,15.1,68,1.5,392,79675.4,OK,,,,,
2026-05-01 13:16:37,15.1,68,0.7,392,79684.1,OK,,,,,
2026-05-01 13:16:53,36.7,209,1.3,392,80000.2,OK,,,,,
2026-05-01 13:17:09,15.3,68,1.4,392,79405.7,OK,,,,,
2026-05-01 13:17:25,15.4,67,0.4,392,79257.8,OK,,,,,
2026-05-01 13:17:41,15.4,67,0.3,392,78976.5,OK,,,,,
2026-05-01 13:17:57,15.5,67,0.1,392,78564.7,OK,,,,,
2026-05-01 13:18:13,-40,0,0,0,0,OK,,,,,
2026-05-01 13:18:29,15.8,66,1.8,392,79292.6,OK,,,,,
2026-05-01 13:18:45,15.8,65,1.3,392,79904.5,OK,,,,,
2026-05-01 13:19:01,15.7,65,2.4,392,78268.9,OK,,,,,
2026-05-01 13:19:17,15.6,66,0.8,456,78599.5,OK,,,,,
2026-05-01 13:19:33,-40,0,0,0,0,OK,,,,,
2026-05-01 13:19:49,15.6,66,0.6,392,79365.1,OK,,,,,
2026-05-01 13:20:05,15.8,66,0.1,392,79246.2,OK,,,,,
2026-05-01 13:20:21,16.2,65,0,392,79655.1,OK,,,,,
2026-05-01 13:20:37,16.4,64,1.5,504,79871.4,OK,,,,,
2026-05-01 13:20:53,16.4,63,0.8,392,79904.5,OK,,,,,
2026-05-01 13:21:09,16.5,63,1,392,80026.3,OK,,,,,
2026-05-01 13:21:25,-40,0,0,0,0,OK,,,,,
2026-05-01 13:21:41,119.2,62,36.1,392,79759.5,OK,,,,,
2026-05-01 13:21:57,-40,0,0,0,0,OK,,,,,
2026-05-01 13:22:13,16.9,61,0.8,392,80327.9,OK,,,,,
2026-05-01 13:22:29,16.8,61,0.8,392,80095.9,OK,,,,,
2026-05-01 13:22:45,16.9,61,2.1,392,81226.9,OK,,,,,
2026-05-01 13:23:01,16.5,61,1.3,392,80748.4,OK,,,,,
2026-05-01 13:23:17,16.3,61,2.1,392,80380.1,OK,,,,,
2026-05-01 13:23:33,-40,0,0,0,0,OK,,,,,
2026-05-01 13:23:49,16,62,1.4,392,81290.7,OK,,,,,
2026-05-01 13:24:05,15.9,63,0.7,392,81064.5,OK,,,,,
2026-05-01 13:24:37,16.1,63,1,392,81255.9,OK,,,,,
2026-05-01 13:24:53,16.1,63,0.7,392,81139.9,OK,,,,,
2026-05-01 13:25:09,-40,0,0,0,0,OK,,,,,
2026-05-01 13:25:25,16.1,63,1.4,392,80977.5,OK,,,,,
2026-05-01 13:25:41,16.1,63,1.3,392,80319.2,OK,,,,,
2026-05-01 13:25:57,16.1,63,1.1,392,81131.2,OK,,,,,
2026-05-01 13:26:13,-40,0,0,0,0,OK,,,,,
2026-05-01 13:26:29,-40,0,0,0,0,OK,,,,,
2026-05-01 13:26:45,15.9,63,1.1,392,80905,OK,,,,,
2026-05-01 13:27:01,15.9,62,2.5,392,80646.9,OK,,,,,
2026-05-01 13:27:17,15.9,63,0.8,392,80948.5,OK,,,,,
2026-05-01 13:27:33,16,63,0.7,392,79930.6,OK,,,,,
2026-05-01 13:27:49,15.9,64,1.4,392,80188.7,OK,,,,,
2026-05-01 13:28:05,15.9,64,1.1,392,80510.6,OK,,,,,
2026-05-01 13:28:21,15.8,64,1,392,81148.6,OK,,,,,
2026-05-01 13:28:37,15.8,65,2,392,79408.6,OK,,,,,
2026-05-01 13:28:53,16,65,0,392,79658,OK,,,,,
2026-05-01 13:29:09,-40,0,0,0,0,OK,,,,,
2026-05-01 13:29:25,16.2,65,0,392,80429.4,OK,,,,,
2026-05-01 13:29:41,16.4,65,1.7,392,79617.4,OK,,,,,
2026-05-01 13:29:57,16.4,64,1.8,392,81429.9,OK,,,,,
2026-05-01 13:30:13,16.4,63,0.7,392,81032.6,OK,,,,,
2026-05-01 13:30:29,16.3,63,0,392,81574.9,OK,,,,,
2026-05-01 13:30:45,16.4,62,1.4,392,80954.3,OK,,,,,
2026-05-01 13:31:01,-40,0,0,0,0,OK,,,,,
2026-05-01 13:31:17,-40,0,0,0,0,OK,,,,,
2026-05-01 13:31:33,16.6,63,0.8,392,79521.7,OK,,,,,
2026-05-01 13:31:49,16.7,63,0.4,392,81490.8,OK,,,,,
2026-05-01 13:32:05,16.7,62,0.8,392,81296.5,OK,,,,,
2026-05-01 13:32:21,-40,0,0,0,0,OK,,,,,
2026-05-01 13:32:37,17,61,0,392,85172.6,OK,,,,,
2026-05-01 13:32:53,17.1,60,0.4,392,81780.8,OK,,,,,
2026-05-01 13:33:09,-40,0,0,0,0,OK,,,,,
2026-05-01 13:33:25,17.2,59,0.3,392,81044.2,OK,,,,,
2026-05-01 13:33:41,17.2,59,0.4,392,81192.1,OK,,,,,
2026-05-01 13:33:57,17.2,59,0.1,392,80493.2,OK,,,,,
2026-05-01 13:34:13,17.2,60,0.1,392,81592.3,OK,,,,,
2026-05-01 13:34:29,17.2,60,0.7,392,80177.1,OK,,,,,
2026-05-01 13:34:45,16.9,61,1.7,392,80217.7,OK,,,,,
2026-05-01 13:35:01,16.7,62,0.4,392,80997.8,OK,,,,,
2026-05-01 13:35:17,119.2,62,0.1,392,80844.1,OK,,,,,
2026-05-01 13:35:33,-40,0,0,0,0,OK,,,,,
2026-05-01 13:35:49,16.9,61,0.4,392,81258.8,OK,,,,,
2026-05-01 13:36:05,16.8,60,0.4,392,81670.6,OK,,,,,
2026-05-01 13:36:21,16.8,60,1.1,392,81253,OK,,,,,
2026-05-01 13:36:37,16.8,61,1,392,81763.4,OK,,,,,
2026-05-01 13:36:53,16.6,62,1.3,392,81661.9,OK,,,,,
2026-05-01 13:37:09,-40,0,0,0,0,OK,,,,,
2026-05-01 13:37:25,-40,0,0,0,0,OK,,,,,
2026-05-01 13:37:41,-40,0,0,0,0,OK,,,,,
2026-05-01 13:37:57,16.2,64,0.4,392,1418603.3,OK,,,,,
2026-05-01 13:38:13,16.5,64,0.3,392,81508.8,OK,,,,,
2026-05-01 13:38:29,16.5,63,1.7,392,81566.2,OK,,,,,
2026-05-01 13:38:45,16.4,63,1.4,392,80525.1,OK,,,,,
2026-05-01 13:39:01,16.3,63,0.6,392,80942.7,OK,,,,,
2026-05-01 13:39:17,-40,0,0,0,0,OK,,,,,
2026-05-01 13:39:33,16.3,63,1.5,392,79350.6,OK,,,,,
2026-05-01 13:39:49,16.2,64,0.7,392,80789,OK,,,,,
2026-05-01 13:40:05,16.2,64,1.3,392,82091.1,OK,,,,,
2026-05-01 13:40:21,-40,0,0,0,0,OK,,,,,
2026-05-01 13:40:37,16,61,1.7,392,81195,OK,,,,,
2026-05-01 13:40:53,16,62,0.1,392,81012.3,OK,,,,,
2026-05-01 13:41:09,16.1,62,0.6,392,81073.2,OK,,,,,
2026-05-01 13:41:25,-40,0,0,0,0,OK,,,,,
2026-05-01 13:41:41,-40,0,0,0,0,OK,,,,,
2026-05-01 13:41:57,16.4,62,0.1,392,80977.5,OK,,,,,
2026-05-01 13:42:13,-40,0,0,0,0,OK,,,,,
2026-05-01 13:42:29,16.8,61,0.8,392,80554.1,OK,,,,,
2026-05-01 13:42:45,16.8,61,0.3,392,80496.1,OK,,,,,
2026-05-01 13:43:01,16.9,61,0.3,392,81371.9,OK,,,,,
2026-05-01 13:43:33,16.6,59,3.4,392,81499.5,OK,,,,,
2026-05-01 13:43:49,-40,0,0,0,0,OK,,,,,
2026-05-01 13:44:05,16.2,61,0.4,392,80919.5,OK,,,,,
2026-05-01 13:44:21,16.3,62,1.1,392,80751.3,OK,,,,,
2026-05-01 13:44:37,-40,0,0,0,0,OK,,,,,
2026-05-01 13:44:53,16.3,63,0.4,392,81482.1,OK,,,,,
2026-05-01 13:45:09,16.3,63,0.3,392,81180.5,OK,,,,,
2026-05-01 13:45:25,16.3,62,0.6,392,80847,OK,,,,,
2026-05-01 13:45:41,16.4,63,0.8,392,81122.5,OK,,,,,
2026-05-01 13:45:57,16.5,62,2.8,392,82131.7,OK,,,,,
2026-05-01 13:46:13,16.5,62,1.5,392,81569.1,OK,,,,,
2026-05-01 13:46:29,16.5,62,1.3,392,186789.2,OK,,,,,
2026-05-01 13:46:45,16.4,63,0.4,392,82192.6,OK,,,,,
2026-05-01 13:47:01,16.5,63,0.4,392,81070.3,OK,,,,,
2026-05-01 13:47:17,16.7,62,0.6,392,81406.7,OK,,,,,
2026-05-01 13:47:33,16.9,62,0.4,392,81702.5,OK,,,,,
2026-05-01 13:47:49,-40,0,0,0,0,OK,,,,,
2026-05-01 13:48:05,-40,0,0,0,0,OK,,,,,
2026-05-01 13:48:21,16.8,57,0.1,392,81348.7,OK,,,,,
2026-05-01 13:48:37,16.8,122,1,392,81311,OK,,,,,
2026-05-01 13:48:53,-40,0,0,0,0,OK,,,,,
2026-05-01 13:49:09,16.8,59,0.7,392,81192.1,OK,,,,,
2026-05-01 13:49:25,16.9,58,0,392,81232.7,OK,,,,,
2026-05-01 13:49:41,17.1,58,0.3,392,81050,OK,,,,,
2026-05-01 13:49:57,17,59,2,392,81113.8,OK,,,,,
2026-05-01 13:50:13,17,59,1,392,82044.7,OK,,,,,
2026-05-01 13:50:29,16.9,122,1.4,392,82407.2,OK,,,,,
2026-05-01 13:50:45,16.8,58,0.8,392,82288.3,OK,,,,,
2026-05-01 13:51:01,16.8,58,1,392,81809.8,OK,,,,,
2026-05-01 13:51:17,16.7,58,0.3,392,81224,OK,,,,,
2026-05-01 13:51:33,16.7,58,0.8,392,80736.8,OK,,,,,
2026-05-01 13:51:49,16.6,58,1.3,392,81418.3,OK,,,,,
2026-05-01 13:52:05,-40,0,0,0,0,OK,,,,,
2026-05-01 13:52:21,16.7,59,0.3,392,81606.8,OK,,,,,
2026-05-01 13:52:37,16.7,60,0.8,392,81247.2,OK,,,,,
2026-05-01 13:52:53,16.6,59,1.4,392,81719.9,OK,,,,,
2026-05-01 13:53:09,16.5,59,2.4,392,81438.6,OK,,,,,
2026-05-01 13:53:25,16.3,58,2.1,392,82131.7,OK,,,,,
2026-05-01 13:53:41,-40,0,0,0,0,OK,,,,,
2026-05-01 13:53:57,15.9,60,1.3,392,80354,OK,,,,,
2026-05-01 13:54:13,16,61,0.3,392,80866.7,OK,,,,,
2026-05-01 13:54:29,16,61,0,392,82082.4,OK,,,,,
2026-05-01 13:54:45,16.2,61,0,392,80264.1,OK,,,,,
2026-05-01 13:55:01,16.4,61,0.3,392,79832,OK,,,,,
2026-05-01 13:55:17,16.5,61,1.1,392,80690.4,OK,,,,,
2026-05-01 13:55:33,16.5,62,0.1,392,81363.2,OK,,,,,
2026-05-01 13:55:49,16.6,61,1.1,392,83964,OK,,,,,
2026-05-01 13:56:05,16.5,62,0.1,392,80087.2,OK,,,,,
2026-05-01 13:56:21,16.5,62,1,392,81134.1,OK,,,,,
2026-05-01 13:56:37,16.7,62,0.8,392,81023.9,OK,,,,,
2026-05-01 13:56:53,16.8,61,1.8,392,81342.9,OK,,,,,
2026-05-01 13:57:09,16.6,61,2,392,80812.2,OK,,,,,
2026-05-01 13:57:25,16.3,61,1.7,392,81166,OK,,,,,
2026-05-01 13:57:41,16.3,62,0.1,392,81470.8,OK,,,,,
2026-05-01 13:57:57,16.4,62,0,392,80719.4,OK,,,,,
2026-05-01 13:58:13,16.6,62,0.1,392,80380.1,OK,,,,,
2026-05-01 13:58:29,16.7,60,0.8,392,80452.6,OK,,,,,
2026-05-01 13:58:45,16.7,60,0.6,392,81145.9,OK,,,,,
2026-05-01 13:59:01,16.8,59,1,392,80690.4,OK,,,,,
2026-05-01 13:59:17,16.6,59,1.8,392,81134.1,OK,,,,,
2026-05-01 13:59:33,16.6,60,0.1,392,81102.2,OK,,,,,
2026-05-01 13:59:49,16.8,60,0,392,79655.1,OK,,,,,
2026-05-01 14:00:53,17.1,60,1.5,392,80586,OK,,,,,
2026-05-01 14:01:09,16.9,60,1,392,82015.7,OK,,,,,
2026-05-01 14:01:25,-40,0,0,0,0,OK,,,,,
2026-05-01 14:01:41,16.7,59,2.2,392,81673.5,OK,,,,,
2026-05-01 14:01:57,16.6,60,0.7,392,81522.7,OK,,,,,
2026-05-01 14:02:13,16.6,60,1.8,392,81398,OK,,,,,
2026-05-01 14:02:29,16.5,60,1.3,392,81661.9,OK,,,,,
2026-05-01 14:02:45,16.3,61,1.5,392,81627.1,OK,,,,,
2026-05-01 14:03:01,16.1,61,1.8,392,81424.1,OK,,,,,
2026-05-01 14:03:17,16.1,62,0,392,80313.4,OK,,,,,
2026-05-01 14:03:33,16.2,62,0.4,392,80388.8,OK,,,,,
2026-05-01 14:03:49,16.1,63,1.1,392,79095.4,OK,,,,,
2026-05-01 14:04:05,16.1,63,1.3,392,80101.7,OK,,,,,
2026-05-01 14:04:21,16.1,63,1.8,392,80736.8,OK,,,,,
2026-05-01 14:04:37,16.2,64,1.3,392,81316.8,OK,,,,,
2026-05-01 14:04:53,16.2,64,1,392,81134.1,OK,,,,,
2026-05-01 14:05:09,16.4,63,0.4,392,80061.1,OK,,,,,
2026-05-01 14:05:25,16.5,63,0.6,392,880769,OK,,,,,
2026-05-01 14:05:41,16.5,63,1.1,392,80748.4,OK,,,,,
2026-05-01 14:05:57,16.4,63,1.5,392,80655.6,OK,,,,,
2026-05-01 14:06:13,16.4,64,1.1,392,81296.5,OK,,,,,
2026-05-01 14:06:29,16.2,63,2,392,81154.4,OK,,,,,
2026-05-01 14:06:45,16,64,1.1,392,78257.3,OK,,,,,
2026-05-01 14:07:01,16.1,65,0.4,392,80206.1,OK,,,,,
2026-05-01 14:07:17,16.2,64,0.3,392,79933.5,OK,,,,,
2026-05-01 14:07:33,118.8,64,0.8,392,79611.6,OK,,,,,
2026-05-01 14:07:49,-40,0,0,0,0,OK,,,,,
2026-05-01 14:08:05,16.5,63,1.1,392,79649.3,OK,,,,,
2026-05-01 14:08:21,16.6,63,0.1,392,80400.4,OK,,,,,
2026-05-01 14:08:37,16.7,62,0.1,392,80690.4,OK,,,,,
2026-05-01 14:08:53,16.8,62,0,392,80699.1,OK,,,,,
2026-05-01 14:09:09,16.9,62,0.4,392,79837.8,OK,,,,,
2026-05-01 14:09:25,119.3,62,2,392,1418557.2,OK,,,,,
2026-05-01 14:09:41,16.7,62,1.7,392,80122,OK,,,,,
2026-05-01 14:09:57,16.6,62,1.1,392,80652.7,OK,,,,,
2026-05-01 14:10:13,16.5,62,1.8,392,81064.5,OK,,,,,
2026-05-01 14:10:29,16.3,62,1.7,392,81728.6,OK,,,,,
2026-05-01 14:10:45,16.3,62,0.8,392,81226.9,OK,,,,,
2026-05-01 14:11:01,16.4,61,0.3,392,80058.2,OK,,,,,
2026-05-01 14:12:05,16.5,61,0.3,1928,80516.4,OK,,,,,
2026-05-01 14:12:21,16.7,62,1,392,80690.4,OK,,,,,
2026-05-01 14:12:37,16.9,60,1,392,84677.7,OK,,,,,
2026-05-01 14:12:53,16.8,58,2,392,81725.7,OK,,,,,
2026-05-01 14:13:09,16.6,57,1.1,392,80771.6,OK,,,,,
2026-05-01 14:13:25,-40,0,0,0,0,OK,,,,,
2026-05-01 14:13:41,16.6,58,0.6,392,80600.5,OK,,,,,
2026-05-01 14:13:57,16.6,59,0.7,392,79985.7,OK,,,,,
2026-05-01 14:14:13,16.6,60,0.6,392,80461.3,OK,,,,,
2026-05-01 14:14:29,16.7,61,0.6,392,81090.6,OK,,,,,
2026-05-01 14:14:45,16.7,61,0.1,392,80713.6,OK,,,,,
2026-05-01 14:15:01,-40,0,0,0,0,OK,,,,,
2026-05-01 14:15:17,16.7,60,1.8,392,81328.4,OK,,,,,
2026-05-01 14:15:33,16.7,61,2,392,78877.9,OK,,,,,
2026-05-01 14:15:49,16.5,61,2.5,392,79362.2,OK,,,,,
2026-05-01 14:16:05,-40,0,0,0,0,OK,,,,,
2026-05-01 14:16:21,16.3,62,2.2,392,80635.3,OK,,,,,
2026-05-01 14:16:37,16.2,61,2.1,392,80197.4,OK,,,,,
2026-05-01 14:17:09,16,61,1.7,392,80281.5,OK,,,,,
2026-05-01 14:17:25,16,61,0.3,392,79979.9,OK,,,,,
2026-05-01 14:17:41,16.1,61,1.3,392,80432.3,OK,,,,,
2026-05-01 14:17:57,16,62,1.7,392,79576.8,OK,,,,,
2026-05-01 14:18:13,16.1,62,0.7,392,79907.4,OK,,,,,
2026-05-01 14:18:29,16.2,62,0.7,392,79678.3,OK,,,,,
2026-05-01 14:18:45,16.4,61,0.3,392,79547.8,OK,,,,,
2026-05-01 14:19:01,16.4,60,0.3,392,79794.3,OK,,,,,
2026-05-01 14:19:17,16.5,60,2.2,392,80174.2,OK,,,,,
2026-05-01 14:19:33,16.4,59,2,392,80168.4,OK,,,,,
2026-05-01 14:19:49,16.2,59,1.5,392,80246.7,OK,,,,,
2026-05-01 14:20:05,16.3,59,1,392,78944.6,OK,,,,,
2026-05-01 14:20:21,16.4,58,1.1,392,79402.8,OK,,,,,
2026-05-01 14:20:37,16.3,58,1.4,1928,79762.4,OK,,,,,
2026-05-01 14:20:53,16.3,58,1.4,392,80209,OK,,,,,
2026-05-01 14:21:09,16.4,58,0.4,392,79138.9,OK,,,,,
2026-05-01 14:21:25,-40,0,0,0,0,OK,,,,,
2026-05-01 14:21:41,16.3,59,2.4,392,79875.5,OK,,,,,
2026-05-01 14:21:57,-40,0,0,0,0,OK,,,,,
2026-05-01 14:22:13,16.3,60,0.3,392,79875.5,OK,,,,,
2026-05-01 14:22:29,-40,0,0,0,0,OK,,,,,
2026-05-01 14:22:45,-40,0,0,0,0,OK,,,,,
2026-05-01 14:23:01,16.8,59,0,392,80006,OK,,,,,
2026-05-01 14:23:17,16.9,58,0.3,392,79669.6,OK,,,,,
2026-05-01 14:23:33,16.9,58,1.4,392,79217.2,OK,,,,,
2026-05-01 14:23:49,16.7,59,0.8,392,79861,OK,,,,,
2026-05-01 14:24:05,16.8,59,0,392,79475.3,OK,,,,,
2026-05-01 14:24:37,17,58,0,392,80406.2,OK,,,,,
2026-05-01 14:24:53,17.1,59,0,392,80722.3,OK,,,,,
2026-05-01 14:25:09,17.1,59,0.4,392,79466.6,OK,,,,,
2026-05-01 14:25:25,17.2,58,0.8,392,79066.4,OK,,,,,
2026-05-01 14:25:41,17.2,58,0,392,80298.9,OK,,,,,
2026-05-01 14:25:57,-40,0,0,0,0,OK,,,,,
2026-05-01 14:26:13,17.4,58,0,392,80380.1,OK,,,,,
2026-05-01 14:26:29,17.4,58,1.5,392,80383.9,OK,,,,,
2026-05-01 14:26:45,17.3,58,0.3,392,80374.3,OK,,,,,
2026-05-01 14:27:01,17.3,58,0,392,80525.1,OK,,,,,
2026-05-01 14:27:17,17.3,59,1,392,80612.1,OK,,,,,
2026-05-01 14:27:33,17.1,59,1.7,392,79965.4,OK,,,,,
2026-05-01 14:27:49,16.9,60,1.1,392,80035,OK,,,,,
2026-05-01 14:28:05,17,60,0.3,392,80452.6,OK,,,,,
2026-05-01 14:28:21,17.1,60,1.3,392,79658,OK,,,,,
2026-05-01 14:28:37,17.1,59,2.5,392,79803,OK,,,,,
2026-05-01 14:28:53,16.8,58,2.1,392,80397.5,OK,,,,,
2026-05-01 14:29:09,16.6,58,1.8,392,80391.7,OK,,,,,
2026-05-01 14:29:25,16.4,58,1.7,392,80211.9,OK,,,,,
2026-05-01 14:29:41,16.4,59,0.6,392,80177.1,OK,,,,,
2026-05-01 14:29:57,16.5,59,2.4,392,80061.1,OK,,,,,
2026-05-01 14:30:13,16.4,59,2,392,79266.5,OK,,,,,
2026-05-01 14:30:29,16.2,59,2.5,392,79310,OK,,,,,
2026-05-01 14:30:45,16.2,60,2.1,392,79205.6,OK,,,,,
2026-05-01 14:31:01,16.1,61,1.1,392,79658,OK,,,,,
2026-05-01 14:31:17,16.1,61,2.5,392,79165,OK,,,,,
2026-05-01 14:31:33,-40,0,0,0,0,OK,,,,,
2026-05-01 14:31:49,-40,0,0,0,0,OK,,,,,
2026-05-01 14:32:05,-40,0,0,0,0,OK,,,,,
2026-05-01 14:32:21,15.9,60,1.5,392,78489.3,OK,,,,,
2026-05-01 14:32:37,-40,0,0,0,0,OK,,,,,
2026-05-01 14:32:53,16.2,61,2.2,392,78666.2,OK,,,,,
2026-05-01 14:33:09,16.2,62,2.1,392,78239.9,OK,,,,,
2026-05-01 14:33:25,-40,0,0,0,0,OK,,,,,
2026-05-01 14:33:41,16.1,62,2.4,392,78437.1,OK,,,,,
2026-05-01 14:33:57,16,62,1.7,392,78225.4,OK,,,,,
2026-05-01 14:34:13,16,62,1.7,392,77938.3,OK,,,,,
2026-05-01 14:34:29,16,62,2.2,392,78355.9,OK,,,,,
2026-05-01 14:34:45,15.9,62,2.1,392,78213.8,OK,,,,,
2026-05-01 14:35:01,15.9,62,1.7,392,77990.5,OK,,,,,
2026-05-01 14:35:17,15.9,63,2.5,392,78225.4,OK,,,,,
2026-05-01 14:35:33,15.8,63,1.7,392,77610.6,OK,,,,,
2026-05-01 14:35:49,15.7,64,1.3,392,77848.4,OK,,,,,
2026-05-01 14:36:05,15.6,65,1.4,392,78674.9,OK,,,,,
2026-05-01 14:36:21,-40,0,0,0,0,OK,,,,,
2026-05-01 14:36:37,15.8,64,1.7,392,77236.5,OK,,,,,
2026-05-01 14:36:53,15.8,63,2.2,392,77512,OK,,,,,
2026-05-01 14:37:09,15.8,63,1.3,392,77114.7,OK,,,,,
2026-05-01 14:37:25,15.8,63,2.8,392,77799.1,OK,,,,,
2026-05-01 14:37:41,15.6,63,2,392,77874.5,OK,,,,,
2026-05-01 14:37:57,-40,0,0,0,0,OK,,,,,
2026-05-01 14:38:29,15.5,64,2.4,392,77538.1,OK,,,,,
2026-05-01 14:38:45,15.6,64,1.4,392,77239.4,OK,,,,,
2026-05-01 14:39:01,15.8,63,1.3,392,77520.7,OK,,,,,
2026-05-01 14:39:17,16,63,0.6,392,77717.9,OK,,,,,
2026-05-01 14:39:33,16.1,62,1.3,392,78199.3,OK,,,,,
2026-05-01 14:40:37,-40,0,0,0,0,OK,,,,,
2026-05-01 14:40:53,16.6,61,0,392,77529.4,OK,,,,,
2026-05-01 14:41:09,-40,0,0,0,0,OK,,,,,
2026-05-01 14:41:25,16.9,61,0.6,392,78660.4,OK,,,,,
2026-05-01 14:41:41,-40,0,0,0,0,OK,,,,,
2026-05-01 14:41:57,17,60,0.4,392,78544.4,OK,,,,,
2026-05-01 14:42:13,-40,0,0,0,0,OK,,,,,
2026-05-01 14:42:29,17.1,60,1,392,78007.9,OK,,,,,
2026-05-01 14:42:45,17,60,1,392,77628,OK,,,,,
2026-05-01 14:43:01,17,60,1.3,392,78657.5,OK,,,,,
2026-05-01 14:43:17,17,60,0.6,392,78924.3,OK,,,,,
2026-05-01 14:43:33,17,60,0.1,392,78239.9,OK,,,,,
2026-05-01 14:43:49,17.1,60,1,392,77677.3,OK,,,,,
2026-05-01 14:44:05,17.1,60,0.7,392,76818.9,OK,,,,,
2026-05-01 14:44:21,17,60,2,392,77541,OK,,,,,
2026-05-01 14:44:37,17,61,0.6,392,77132.1,OK,,,,,
2026-05-01 14:44:53,16.9,61,0.8,392,76076.5,OK,,,,,
2026-05-01 14:45:09,-40,0,0,0,0,OK,,,,,
2026-05-01 14:45:25,17,61,0,392,78355.9,OK,,,,,
2026-05-01 14:45:41,17.2,60,0.7,392,77732.4,OK,,,,,
2026-05-01 14:45:57,-40,0,0,0,0,OK,,,,,
2026-05-01 14:46:13,17.2,59,0.3,392,78341.4,OK,,,,,
2026-05-01 14:46:29,17.2,59,1.4,392,78579.2,OK,,,,,
2026-05-01 14:46:45,17.1,60,0.7,392,78906.9,OK,,,,,
2026-05-01 14:47:01,-40,0,0,0,0,OK,,,,,
2026-05-01 14:47:17,-40,0,0,0,0,OK,,,,,
2026-05-01 14:47:33,17.2,61,0.4,504,78077.5,OK,,,,,
2026-05-01 14:47:49,17.3,58,1,392,78469,OK,,,,,
2026-05-01 14:48:05,17.3,54,0.4,392,78558.9,OK,,,,,
2026-05-01 14:48:21,17.3,54,0,392,78364.6,OK,,,,,
2026-05-01 14:48:37,-40,0,0,0,0,OK,,,,,
2026-05-01 14:48:53,17.2,57,0.7,392,77860,OK,,,,,
2026-05-01 14:49:09,17.3,57,0.6,392,78535.7,OK,,,,,
2026-05-01 14:49:25,17.3,57,0,392,78063,OK,,,,,
2026-05-01 14:49:41,17.6,58,0.4,392,78466.1,OK,,,,,
2026-05-01 14:49:57,17.6,59,0.6,392,78869.2,OK,,,,,
2026-05-01 14:50:13,17.6,59,1.3,392,78906.9,OK,,,,,
2026-05-01 14:50:29,17.6,59,1.1,392,78799.6,OK,,,,,
2026-05-01 14:50:45,17.4,59,1.5,392,77219.1,OK,,,,,
2026-05-01 14:51:01,17.3,60,1.8,392,78521.2,OK,,,,,
2026-05-01 14:51:17,17,58,2.5,392,78448.7,OK,,,,,
2026-05-01 14:51:33,16.8,59,2.1,392,77877.4,OK,,,,,
2026-05-01 14:51:49,-40,0,0,0,0,OK,,,,,
2026-05-01 14:52:05,16.6,60,1.8,392,77970.2,OK,,,,,
2026-05-01 14:52:21,16.5,61,2.7,392,77657,OK,,,,,
2026-05-01 14:52:37,16.4,61,1.5,392,78312.4,OK,,,,,
2026-05-01 14:52:53,16.5,61,0.1,392,78521.2,OK,,,,,
2026-05-01 14:53:09,16.6,61,0.7,392,77857.1,OK,,,,,
2026-05-01 14:53:25,16.6,60,1.5,392,77929.6,OK,,,,,
2026-05-01 14:53:41,16.6,60,1,392,78350.1,OK,,,,,
2026-05-01 14:53:57,16.6,59,1.3,392,78216.7,OK,,,,,
2026-05-01 14:54:13,16.6,59,1.1,392,78100.7,OK,,,,,
2026-05-01 14:54:29,16.5,59,1.3,392,77021.9,OK,,,,,
2026-05-01 14:54:45,16.5,58,1.5,392,76946.5,OK,,,,,
2026-05-01 14:55:01,16.4,59,2.5,392,77448.2,OK,,,,,
2026-05-01 14:55:17,118.8,61,37,392,77636.7,OK,,,,,
2026-05-01 14:55:33,16.5,61,1.5,392,77332.2,OK,,,,,
2026-05-01 14:55:49,-40,0,0,0,0,OK,,,,,
2026-05-01 14:56:05,16.8,61,0.1,392,77068.3,OK,,,,,
2026-05-01 14:56:21,16.9,60,0.6,392,77329.3,OK,,,,,
2026-05-01 14:56:37,16.9,60,1,392,75798.1,OK,,,,,
2026-05-01 14:56:53,16.9,59,0.7,392,76569.5,OK,,,,,
2026-05-01 14:57:09,-40,0,0,0,0,OK,,,,,
2026-05-01 14:57:25,17,59,0,392,75708.2,OK,,,,,
2026-05-01 14:57:41,17,59,0,392,75186.2,OK,,,,,
2026-05-01 14:57:57,17.1,59,0.3,392,77111.8,OK,,,,,
2026-05-01 14:58:13,17.2,59,0.6,440,77004.1,OK,,,,,
2026-05-01 14:58:29,-40,0,0,0,0,OK,,,,,
2026-05-01 14:58:45,17.4,58,0.3,392,77071.2,OK,,,,,
2026-05-01 14:59:01,17.6,57,0.3,392,77923.8,OK,,,,,
2026-05-01 14:59:17,17.7,57,0.1,392,78199.3,OK,,,,,
2026-05-01 14:59:33,17.8,57,0.7,392,77880.3,OK,,,,,
2026-05-01 14:59:49,-40,0,0,0,0,OK,,,,,
2026-05-01 15:00:05,17.7,55,1.1,392,78607.8,OK,,,,,
2026-05-01 15:00:21,17.6,56,0.4,392,76856.6,OK,,,,,
2026-05-01 15:00:37,17.6,56,0.1,392,77396,OK,,,,,
2026-05-01 15:00:53,17.7,57,0.3,392,78152.9,OK,,,,,
2026-05-01 15:01:09,17.7,56,1.3,392,76882.7,OK,,,,,
2026-05-01 15:01:25,17.6,57,0.1,392,77071.2,OK,,,,,
2026-05-01 15:01:41,17.6,57,0,392,76749.3,OK,,,,,
2026-05-01 15:01:57,17.6,56,0.8,392,76485.4,OK,,,,,
2026-05-01 15:02:13,17.6,57,1.5,392,76149,OK,,,,,
2026-05-01 15:02:29,17.5,57,1.7,392,76639.1,OK,,,,,
2026-05-01 15:02:45,17.4,57,1.1,392,77384.4,OK,,,,,
2026-05-01 15:03:01,17.2,58,1.3,392,76401.3,OK,,,,,
2026-05-01 15:03:17,17.2,59,1,392,76621.7,OK,,,,,
2026-05-01 15:03:33,17.1,58,2.5,392,76650.7,OK,,,,,
2026-05-01 15:03:49,16.9,59,2,392,76845,OK,,,,,
2026-05-01 15:04:05,16.8,60,0.4,392,77156.8,OK,,,,,
2026-05-01 15:04:21,16.9,59,2.1,392,76323,OK,,,,,
2026-05-01 15:04:37,16.8,59,0.8,392,76288.2,OK,,,,,
2026-05-01 15:04:53,16.8,59,0.3,392,76700,OK,,,,,
2026-05-01 15:05:09,-40,0,0,0,0,OK,,,,,
2026-05-01 15:05:25,16.8,59,0.4,392,76215.7,OK,,,,,
2026-05-01 15:05:41,16.8,60,1.5,392,76421.6,OK,,,,,
2026-05-01 15:05:57,36,60,0.6,392,76363.6,OK,,,,,
2026-05-01 15:06:13,16.9,61,0.7,392,76897.2,OK,,,,,
2026-05-01 15:06:29,-40,0,0,0,0,OK,,,,,
2026-05-01 15:06:45,-40,0,0,0,0,OK,,,,,
2026-05-01 15:07:01,17,59,1.8,392,76282.4,OK,,,,,
2026-05-01 15:07:17,16.8,60,2.8,392,76905.9,OK,,,,,
2026-05-01 15:07:33,16.5,61,1.4,392,76856.6,OK,,,,,
2026-05-01 15:07:49,16.5,61,0.6,392,77242.3,OK,,,,,
2026-05-01 15:08:05,16.5,61,1,392,77033.5,OK,,,,,
2026-05-01 15:08:21,16.4,62,1,392,76070.7,OK,,,,,
2026-05-01 15:08:37,16.4,62,1.7,392,75725.6,OK,,,,,
2026-05-01 15:08:53,16.4,62,0.7,392,76647.8,OK,,,,,
2026-05-01 15:09:09,16.7,62,0.1,392,76900.1,OK,,,,,
2026-05-01 15:09:25,16.9,62,0,392,75890.9,OK,,,,,
2026-05-01 15:09:41,17.1,61,0.3,392,1651486.3,OK,,,,,
2026-05-01 15:09:57,17.2,60,0.1,392,76299.8,OK,,,,,
2026-05-01 15:10:13,17.3,60,0,392,75400.8,OK,,,,,
2026-05-01 15:10:29,17.4,60,0,392,77793.2,OK,,,,,
2026-05-01 15:10:45,17.6,59,0.4,392,74983.2,OK,,,,,
2026-05-01 15:11:01,17.6,58,0.7,392,75351.5,OK,,,,,
2026-05-01 15:11:17,17.7,58,0.1,392,76433.2,OK,,,,,
2026-05-01 15:11:33,18,58,0.3,392,76650.7,OK,,,,,
2026-05-01 15:11:49,18,57,0,392,77355.4,OK,,,,,
2026-05-01 15:12:05,18.1,57,0.3,392,76908.8,OK,,,,,
2026-05-01 15:12:21,18.2,56,0.6,392,75963.4,OK,,,,,
2026-05-01 15:12:37,18.2,56,1,392,77349.6,OK,,,,,
2026-05-01 15:12:53,18.1,56,0.3,392,76821.8,OK,,,,,
2026-05-01 15:13:09,18.2,56,0.1,392,77143.7,OK,,,,,
2026-05-01 15:13:25,-40,0,0,0,0,OK,,,,,
2026-05-01 15:13:41,18.1,55,0.6,392,76676.8,OK,,,,,
2026-05-01 15:13:57,18.1,56,1.1,392,77340.9,OK,,,,,
2026-05-01 15:14:13,17.9,56,1.3,392,76557.9,OK,,,,,
2026-05-01 15:14:29,17.8,56,1.5,392,77065.4,OK,,,,,
2026-05-01 15:14:45,-40,0,0,0,0,OK,,,,,
2026-05-01 15:15:01,17.2,57,1.1,392,76801.5,OK,,,,,
2026-05-01 15:15:17,-40,0,0,0,0,OK,,,,,
2026-05-01 15:15:33,17.5,57,0.3,392,76804.4,OK,,,,,
2026-05-01 15:15:49,17.5,57,0,392,76990,OK,,,,,
2026-05-01 15:16:05,17.6,57,0.1,392,76401.3,OK,,,,,
2026-05-01 15:16:21,17.7,57,0.1,392,76006.9,OK,,,,,
2026-05-01 15:16:37,-40,0,0,0,0,OK,,,,,
2026-05-01 15:16:53,18,56,0.8,392,75615.4,OK,,,,,
2026-05-01 15:17:09,18,56,1.1,392,75995.3,OK,,,,,
2026-05-01 15:17:25,17.8,56,0.6,392,76531.8,OK,,,,,
2026-05-01 15:17:41,17.7,57,0.7,392,76015.6,OK,,,,,
2026-05-01 15:17:57,17.7,57,1.4,392,76691.3,OK,,,,,
2026-05-01 15:18:13,17.6,56,0.1,392,76610.1,OK,,,,,
2026-05-01 15:19:17,17.9,118,0.7,392,76085.2,OK,,,,,
2026-05-01 15:19:33,17.9,54,0.8,392,75850.3,OK,,,,,
2026-05-01 15:19:49,17.7,55,3.6,392,75087.6,OK,,,,,
2026-05-01 15:20:05,17.5,56,1,392,75545.8,OK,,,,,
2026-05-01 15:20:21,17.5,56,1.1,392,76178,OK,,,,,
2026-05-01 15:20:37,17.4,57,1,392,77079.9,OK,,,,,
2026-05-01 15:20:53,23.8,57,1.3,392,76589.8,OK,,,,,
2026-05-01 15:21:09,17.3,57,2.1,392,75412.4,OK,,,,,
2026-05-01 15:21:25,17.1,58,0.7,392,75676.3,OK,,,,,
2026-05-01 15:21:41,17.2,58,13.4,392,75827.1,OK,,,,,
2026-05-01 15:21:57,17.3,57,0.4,392,75174.6,OK,,,,,
2026-05-01 15:22:13,17.3,57,2.5,392,75569,OK,,,,,
2026-05-01 15:22:29,17.1,58,2.1,392,75980.8,OK,,,,,
2026-05-01 15:22:45,17,59,1.7,392,76175.1,OK,,,,,
2026-05-01 15:23:01,16.8,60,1.5,392,76639.1,OK,,,,,
2026-05-01 15:23:17,16.8,60,1.7,392,77056.5,OK,,,,,
2026-05-01 15:23:33,16.7,60,2.1,392,74481.5,OK,,,,,
2026-05-01 15:23:49,16.6,61,2.1,392,75305.1,OK,,,,,
2026-05-01 15:24:05,16.5,60,1.3,392,75554.5,OK,,,,,
2026-05-01 15:24:21,16.5,59,1.8,392,74684.5,OK,,,,,
2026-05-01 15:24:37,16.5,125,1,392,74719.3,OK,,,,,
2026-05-01 15:24:53,16.4,61,1.8,392,74954.2,OK,,,,,
2026-05-01 15:25:09,16.3,61,2.2,392,74078.4,OK,,,,,
2026-05-01 15:25:41,16.3,61,1.3,392,74188.6,OK,,,,,
2026-05-01 15:26:13,16.5,60,0.7,392,73602.8,OK,,,,,
2026-05-01 15:26:29,16.7,60,0.8,392,74127.7,OK,,,,,
2026-05-01 15:26:45,16.8,59,1.3,392,73127.2,OK,,,,,
2026-05-01 15:27:01,16.8,59,1.3,392,74026.2,OK,,,,,
2026-05-01 15:27:17,16.9,59,0.4,392,73855.1,OK,,,,,
2026-05-01 15:27:33,16.9,59,1,392,74716.4,OK,,,,,
2026-05-01 15:27:49,17,59,0.6,392,73240.3,OK,,,,,
2026-05-01 15:28:05,17.1,59,1.8,392,74156.7,OK,,,,,
2026-05-01 15:28:21,17,59,1,392,73823.2,OK,,,,,
2026-05-01 15:28:37,17,60,0.6,392,71346.6,OK,,,,,
2026-05-01 15:28:53,16.8,60,1.5,392,73527.4,OK,,,,,
2026-05-01 15:29:09,16.8,60,0.3,392,72002,OK,,,,,
2026-05-01 15:29:25,119.2,61,1.1,392,73272.2,OK,,,,,
2026-05-01 15:29:41,16.9,60,1,392,73069.2,OK,,,,,
2026-05-01 15:29:57,17,61,0.8,392,73657.9,OK,,,,,
2026-05-01 15:30:13,-40,0,0,0,0,OK,,,,,
2026-05-01 15:30:29,16.8,62,1.8,392,73530.3,OK,,,,,
2026-05-01 15:30:45,16.7,63,0.8,392,72999.6,OK,,,,,
2026-05-01 15:31:01,-40,0,0,0,0,OK,,,,,
2026-05-01 15:31:17,-40,0,0,0,0,OK,,,,,
2026-05-01 15:31:33,16.4,63,1.3,408,73263.5,OK,,,,,
2026-05-01 15:31:49,16.4,63,0.3,392,72744.4,OK,,,,,
2026-05-01 15:32:05,16.5,63,1.4,392,72582,OK,,,,,
2026-05-01 15:32:21,16.4,62,1.5,392,72393.5,OK,,,,,
2026-05-01 15:32:37,16.3,62,0.8,392,1674503.2,OK,,,,,
2026-05-01 15:32:53,16.4,62,0.6,392,72283.3,OK,,,,,
2026-05-01 15:33:57,16.3,62,1,392,73286.7,OK,,,,,
2026-05-01 15:34:13,16.3,62,1.1,392,73338.9,OK,,,,,
2026-05-01 15:34:29,16.2,62,2.1,392,73182.3,OK,,,,,
2026-05-01 15:34:45,16.1,62,2.8,392,72428.3,OK,,,,,
2026-05-01 15:35:01,16,62,2.7,392,72732.8,OK,,,,,
2026-05-01 15:35:17,15.9,62,2.2,392,73350.5,OK,,,,,
2026-05-01 15:35:33,15.8,62,1,392,72036.8,OK,,,,,
2026-05-01 15:35:49,15.9,62,1.5,392,71726.5,OK,,,,,
2026-05-01 15:36:05,16,62,0.4,392,72492.1,OK,,,,,
2026-05-01 15:36:21,16.2,61,1.5,392,71735.2,OK,,,,,
2026-05-01 15:36:37,16.2,61,2.5,392,71024.7,OK,,,,,
2026-05-01 15:36:53,16.1,62,1.8,392,71294.4,OK,,,,,
2026-05-01 15:37:09,16.2,62,1,392,72103.5,OK,,,,,
2026-05-01 15:37:25,16.2,62,1.5,482,71094.3,OK,,,,,
2026-05-01 15:37:41,16.2,62,1.1,392,72289.1,OK,,,,,
2026-05-01 15:37:57,16.4,62,0.1,392,72524,OK,,,,,
2026-05-01 15:38:13,16.5,61,0,392,70847.8,OK,,,,,
2026-05-01 15:38:29,16.7,61,0.1,392,71030.5,OK,,,,,
2026-05-01 15:38:45,16.8,61,0.3,392,70650.6,OK,,,,,
2026-05-01 15:39:01,16.8,60,1.8,392,71503.2,OK,,,,,
2026-05-01 15:39:17,16.7,60,1.7,392,71448.1,OK,,,,,
2026-05-01 15:39:33,16.5,61,1.3,392,70644.8,OK,,,,,
2026-05-01 15:39:49,16.4,61,2.2,392,71056.6,OK,,,,,
2026-05-01 15:40:05,16.2,61,1.5,392,70691.2,OK,,,,,
2026-05-01 15:40:21,16.2,62,0.7,392,70656.4,OK,,,,,
2026-05-01 15:40:37,16.3,62,1,392,70804.3,OK,,,,,
2026-05-01 15:40:53,16.2,62,0.8,392,70714.4,OK,,,,,
2026-05-01 15:41:09,16.3,62,0.8,392,70465,OK,,,,,
2026-05-01 15:41:25,16.3,62,1.4,392,70952.2,OK,,,,,
2026-05-01 15:41:41,16.3,62,1.5,392,71274.1,OK,,,,,
2026-05-01 15:41:57,16.3,62,0.6,392,70808.4,OK,,,,,
2026-05-01 15:42:13,16.4,62,0,392,202096.7,OK,,,,,
2026-05-01 15:42:29,16.4,62,0,392,71683,OK,,,,,
2026-05-01 15:42:45,16.6,61,0,392,71790.3,OK,,,,,
2026-05-01 15:43:01,-40,0,0,0,0,OK,,,,,
2026-05-01 15:43:17,16.7,61,1,392,70856.5,OK,,,,,
2026-05-01 15:43:33,16.8,61,0.1,392,70949.3,OK,,,,,
2026-05-01 15:43:49,17,60,1.1,392,71920.8,OK,,,,,
2026-05-01 15:44:05,17,59,0.6,392,71604.7,OK,,,,,
2026-05-01 15:44:21,17,59,1.4,392,71224.8,OK,,,,,
2026-05-01 15:44:37,16.9,59,2.2,392,71506.1,OK,,,,,
2026-05-01 15:44:53,-40,0,0,0,0,OK,,,,,
2026-05-01 15:45:09,16.6,60,2.5,392,71065.3,OK,,,,,
2026-05-01 15:45:25,16.4,61,1.1,392,71625,OK,,,,,
2026-05-01 15:45:41,16.5,61,0.3,392,70410.1,OK,,,,,
2026-05-01 15:45:57,16.5,61,0.4,392,69693.6,OK,,,,,
2026-05-01 15:46:13,16.6,61,0.7,392,69073,OK,,,,,
2026-05-01 15:46:29,16.8,60,0.3,392,68954.1,OK,,,,,
2026-05-01 15:46:45,17,59,0.3,392,68684.4,OK,,,,,
2026-05-01 15:47:01,-40,0,0,0,0,OK,,,,,
2026-05-01 15:47:17,17.4,58,1.1,392,69551.5,OK,,,,,
2026-05-01 15:47:33,17.4,58,0.4,392,69467.4,OK,,,,,
2026-05-01 15:47:49,17.3,58,1.5,392,70740.5,OK,,,,,
2026-05-01 15:48:05,17.1,58,1.4,392,70209.8,OK,,,,,
2026-05-01 15:48:37,16.7,60,1.5,392,70691.2,OK,,,,,
2026-05-01 15:48:53,16.6,60,0.7,392,70076.4,OK,,,,,
2026-05-01 15:49:09,16.6,60,2.1,392,70218.5,OK,,,,,
2026-05-01 15:49:25,16.5,60,2.2,392,71053.7,OK,,,,,
2026-05-01 15:50:45,16.2,63,1.8,392,68965.7,OK,,,,,
2026-05-01 15:51:01,16.3,63,1.5,392,69499.3,OK,,,,,
2026-05-01 15:51:17,16.4,62,0.7,392,640498.9,OK,,,,,
2026-05-01 15:51:33,16.5,61,8.8,392,69783.5,OK,,,,,
2026-05-01 15:51:49,-40,0,0,0,0,OK,,,,,
2026-05-01 15:52:05,16.4,61,2.7,392,69679.1,OK,,,,,
2026-05-01 15:52:21,16.4,61,1,392,68948.3,OK,,,,,
2026-05-01 15:52:37,16.4,62,3.1,392,69737.1,OK,,,,,
2026-05-01 15:52:53,16.1,62,3.6,392,70192.4,OK,,,,,
2026-05-01 15:53:09,15.9,63,2.5,392,69389.1,OK,,,,,
2026-05-01 15:53:25,15.7,64,2.8,392,69139.7,OK,,,,,
2026-05-01 15:53:41,15.6,65,2.9,392,68814.9,OK,,,,,
2026-05-01 15:53:57,15.5,66,1.1,392,68733.7,OK,,,,,
2026-05-01 15:54:13,15.6,66,1.4,440,68889.4,OK,,,,,
2026-05-01 15:54:29,15.6,65,2.2,392,68429.2,OK,,,,,
2026-05-01 15:54:45,15.6,65,2.1,392,67988.4,OK,,,,,
2026-05-01 15:55:01,15.5,65,2,392,68498.8,OK,,,,,
2026-05-01 15:56:05,-40,0,0,0,0,OK,,,,,
2026-05-01 15:56:21,15.7,65,1.8,392,67370.7,OK,,,,,
2026-05-01 15:56:37,-40,0,0,0,0,OK,,,,,
2026-05-01 15:56:53,15.5,64,2.9,392,66564.5,OK,,,,,
2026-05-01 15:57:09,15.5,64,2.1,392,66535.5,OK,,,,,
2026-05-01 15:57:25,15.4,64,2,392,65749.6,OK,,,,,
2026-05-01 15:57:41,15.4,64,1,504,65274,OK,,,,,
2026-05-01 15:57:57,15.5,64,1.8,392,64406.9,OK,,,,,
2026-05-01 15:58:13,-40,0,0,0,0,OK,,,,,
2026-05-01 15:58:29,15.4,64,4.1,392,63716.7,OK,,,,,
2026-05-01 15:58:45,15.4,64,2.8,392,63481.8,OK,,,,,
2026-05-01 15:59:01,15.3,65,2.1,392,64728.8,OK,,,,,
2026-05-01 15:59:17,15.3,64,2,392,65068.1,OK,,,,,
2026-05-01 15:59:33,-40,0,0,0,0,OK,,,,,
2026-05-01 15:59:49,15.3,63,1.8,392,197584.3,OK,,,,,
2026-05-01 16:00:05,-40,0,0,0,0,OK,,,,,
2026-05-01 16:00:21,-40,0,0,0,0,OK,,,,,
2026-05-01 16:00:37,-40,0,0,0,0,OK,,,,,
2026-05-01 16:00:53,15.4,64,1.5,392,66619.6,OK,,,,,
2026-05-01 16:01:09,-40,0,0,0,0,OK,,,,,
2026-05-01 16:01:25,-40,0,0,0,0,OK,,,,,
2026-05-01 16:01:41,15.5,63,1.8,392,67153.2,OK,,,,,
2026-05-01 16:01:57,15.6,62,1.8,392,67093.9,OK,,,,,
2026-05-01 16:02:13,15.6,61,2,392,67109.7,OK,,,,,
2026-05-01 16:02:29,15.6,61,2.5,392,66761.7,OK,,,,,
2026-05-01 16:02:45,15.6,62,1.4,392,67170.6,OK,,,,,
2026-05-01 16:03:01,15.7,61,2.2,392,67156.1,OK,,,,,
2026-05-01 16:03:17,15.8,61,1.3,392,67408.4,OK,,,,,
2026-05-01 16:04:21,16.2,60,0,392,66987.9,OK,,,,,
2026-05-01 16:04:37,-40,0,0,0,0,OK,,,,,
2026-05-01 16:04:53,16.6,59,0,392,66683.4,OK,,,,,
2026-05-01 16:05:09,16.7,58,0.6,392,67167.7,OK,,,,,
2026-05-01 16:05:25,16.8,57,0.7,392,67019.8,OK,,,,,
2026-05-01 16:05:41,-40,0,0,0,0,OK,,,,,
2026-05-01 16:05:57,-40,0,0,0,0,OK,,,,,
2026-05-01 16:06:13,16.8,57,0.1,392,67530.2,OK,,,,,
2026-05-01 16:06:29,16.9,57,0.8,392,67631.7,OK,,,,,
2026-05-01 16:06:45,17,57,1.1,392,67402.6,OK,,,,,
2026-05-01 16:07:01,16.9,57,1.5,392,67666.5,OK,,,,,
2026-05-01 16:07:17,-40,0,0,0,0,OK,,,,,
2026-05-01 16:07:33,16.9,58,1.1,392,67005.3,OK,,,,,
2026-05-01 16:07:49,16.8,58,1.7,392,67304,OK,,,,,
2026-05-01 16:08:05,16.6,59,2.1,392,66845.8,OK,,,,,
2026-05-01 16:08:21,16.5,59,1.1,392,66970.5,OK,,,,,
2026-05-01 16:08:37,16.6,60,0.4,392,67147.4,OK,,,,,
2026-05-01 16:08:53,16.6,59,0,392,67156.1,OK,,,,,
2026-05-01 16:09:09,16.6,60,0,392,66689.2,OK,,,,,
2026-05-01 16:09:25,16.7,59,1.1,392,66228.1,OK,,,,,
2026-05-01 16:09:41,16.7,59,1.8,392,66109.2,OK,,,,,
2026-05-01 16:09:57,16.7,59,1.3,392,65218.9,OK,,,,,
2026-05-01 16:10:13,16.8,59,0.4,504,63580.4,OK,,,,,
2026-05-01 16:10:29,16.9,59,0,392,60219.3,OK,,,,,
2026-05-01 16:10:45,17,58,1,392,59033.2,OK,,,,,
2026-05-01 16:11:01,17,58,1.1,392,58188.6,OK,,,,,
2026-05-01 16:11:17,17.1,58,0.1,392,57850,OK,,,,,
2026-05-01 16:11:33,17.2,58,0.6,392,59271,OK,,,,,
2026-05-01 16:11:49,17.2,57,0.4,392,61567.8,OK,,,,,
2026-05-01 16:12:05,17.4,57,0.8,392,64267.7,OK,,,,,
2026-05-01 16:12:21,17.5,55,1.1,392,66590.6,OK,,,,,
2026-05-01 16:12:37,17.3,55,2.4,392,66509.4,OK,,,,,
2026-05-01 16:12:53,17.2,56,1.4,392,92085.8,OK,,,,,
2026-05-01 16:13:09,17.1,56,0.6,392,67095.2,OK,,,,,
2026-05-01 16:13:25,17.2,56,0,392,66869,OK,,,,,
2026-05-01 16:13:41,17.4,56,0,392,66152.7,OK,,,,,
2026-05-01 16:13:57,17.6,56,0,392,65746.7,OK,,,,,
2026-05-01 16:14:13,17.7,56,0,392,66210.7,OK,,,,,
2026-05-01 16:14:29,-40,0,0,0,0,OK,,,,,
2026-05-01 16:14:45,17.9,54,0.1,392,67417.1,OK,,,,,
2026-05-01 16:15:01,-40,0,0,0,0,OK,,,,,
2026-05-01 16:15:17,18.1,54,0.8,392,67338.8,OK,,,,,
2026-05-01 16:15:33,18.1,54,0.8,392,67202.5,OK,,,,,
2026-05-01 16:15:49,18.2,53,0.4,392,67077.8,OK,,,,,
2026-05-01 16:16:05,18.2,52,0.1,392,66428.2,OK,,,,,
2026-05-01 16:16:21,18.3,51,0,392,66892.2,OK,,,,,
2026-05-01 16:16:37,-40,0,0,0,0,OK,,,,,
2026-05-01 16:16:53,18.5,50,0.7,392,67399.7,OK,,,,,
2026-05-01 16:17:09,18.5,50,0.1,392,67205.4,OK,,,,,
2026-05-01 16:17:25,18.5,49,0.8,392,66784.9,OK,,,,,
2026-05-01 16:17:41,18.4,48,0.3,392,66871.9,OK,,,,,
2026-05-01 16:17:57,18.4,48,0,392,67080.7,OK,,,,,
2026-05-01 16:18:13,18.5,49,0.8,392,66715.3,OK,,,,,
2026-05-01 16:18:29,18.5,49,0.6,392,66094.7,OK,,,,,
2026-05-01 16:18:45,18.5,49,2,392,66782,OK,,,,,
2026-05-01 16:19:01,18.1,49,0.7,392,67048.8,OK,,,,,
2026-05-01 16:19:17,18.1,50,0.8,392,66929.9,OK,,,,,
2026-05-01 16:19:33,18.1,51,0.4,392,66384.7,OK,,,,,
2026-05-01 16:19:49,18.1,53,0.6,392,66370.2,OK,,,,,
2026-05-01 16:20:05,18.1,54,0.3,392,66309.3,OK,,,,,
2026-05-01 16:20:21,-40,0,0,0,0,OK,,,,,
2026-05-01 16:20:37,18.2,53,0.6,392,67103.9,OK,,,,,
2026-05-01 16:20:53,18.3,53,0,392,66686.3,OK,,,,,
2026-05-01 16:21:09,18.4,51,0.6,392,66451.4,OK,,,,,
2026-05-01 16:21:25,18.4,51,1.3,392,66091.8,OK,,,,,
2026-05-01 16:21:41,18.2,52,0.4,392,65419,OK,,,,,
2026-05-01 16:21:57,18.1,53,0.1,392,65868.1,OK,,,,,
2026-05-01 16:22:13,18.1,54,1.5,392,65123.2,OK,,,,,
2026-05-01 16:22:29,-40,0,0,0,0,OK,,,,,
2026-05-01 16:22:45,-40,0,0,0,0,OK,,,,,
2026-05-01 16:23:01,-40,0,0,0,0,OK,,,,,
2026-05-01 16:23:17,18,54,1.1,392,65801.8,OK,,,,,
2026-05-01 16:23:33,120.3,53,0.7,392,65958.4,OK,,,,,
2026-05-01 16:23:49,-40,0,0,0,0,OK,,,,,
2026-05-01 16:24:05,17.8,55,0.6,392,65395.8,OK,,,,,
2026-05-01 16:24:21,17.9,56,0.3,392,65349.4,OK,,,,,
2026-05-01 16:24:37,18,56,0,392,65120.3,OK,,,,,
2026-05-01 16:24:53,-40,0,0,0,0,OK,,,,,
2026-05-01 16:25:09,-40,0,0,0,0,OK,,,,,
2026-05-01 16:25:25,-40,0,0,0,0,OK,,,,,
2026-05-01 16:25:41,18.3,56,0,392,64514.2,OK,,,,,
2026-05-01 16:25:57,-40,0,0,0,0,OK,,,,,
2026-05-01 16:26:13,18.3,55,0.4,392,59300,OK,,,,,
2026-05-01 16:26:29,18.4,54,0,392,57597.7,OK,,,,,
2026-05-01 16:26:45,18.5,53,0.6,392,57644.1,OK,,,,,
2026-05-01 16:27:01,18.4,53,0.7,392,56771.2,OK,,,,,
2026-05-01 16:27:17,18.4,54,2,392,57635.4,OK,,,,,
2026-05-01 16:27:33,18.2,55,1,392,58982.3,OK,,,,,
2026-05-01 16:27:49,18.2,55,0,392,60349.8,OK,,,,,
2026-05-01 16:28:05,18.3,55,0.6,392,62832.2,OK,,,,,
2026-05-01 16:28:21,18.2,56,1.4,392,63383.2,OK,,,,,
2026-05-01 16:28:37,18,56,2.4,392,63171.5,OK,,,,,
2026-05-01 16:28:53,17.6,57,3.1,392,63254.5,OK,,,,,
2026-05-01 16:29:09,17.3,59,1.1,392,63331,OK,,,,,
2026-05-01 16:29:25,17.2,59,1,392,63360,OK,,,,,
2026-05-01 16:29:41,-40,0,0,0,0,OK,,,,,
2026-05-01 16:29:57,17,61,0.7,392,61796.9,OK,,,,,
2026-05-01 16:30:13,16.9,61,1.4,392,59932.2,OK,,,,,
2026-05-01 16:30:29,16.8,62,0.7,392,58209.6,OK,,,,,
2026-05-01 16:30:45,16.9,62,0.3,392,56449.3,OK,,,,,
2026-05-01 16:31:01,-40,0,0,0,0,OK,,,,,
2026-05-01 16:31:17,17,62,1.5,392,55721.4,OK,,,,,
2026-05-01 16:31:49,16.7,62,1.1,392,57255.5,OK,,,,,
2026-05-01 16:32:05,16.7,62,1.1,392,57789.1,OK,,,,,
2026-05-01 16:32:21,16.6,62,1.7,504,59184,OK,,,,,
2026-05-01 16:32:37,16.5,63,0.7,392,60674.6,OK,,,,,
2026-05-01 16:32:53,16.5,63,0.4,392,61541.7,OK,,,,,
2026-05-01 16:33:09,16.6,64,1,392,61475,OK,,,,,
2026-05-01 16:33:25,-40,0,0,0,0,OK,,,,,
2026-05-01 16:33:41,16.7,63,0.8,392,62156.5,OK,,,,,
2026-05-01 16:33:57,16.6,62,2.2,392,61498.2,OK,,,,,
2026-05-01 16:34:13,16.6,61,0.8,392,60973.3,OK,,,,,
2026-05-01 16:34:29,16.5,61,0,392,60970.4,OK,,,,,
2026-05-01 16:34:45,16.6,62,0,392,61651.9,OK,,,,,
2026-05-01 16:35:01,16.8,62,0.6,392,61785.3,OK,,,,,
2026-05-01 16:35:17,16.9,62,0.3,392,61730.2,OK,,,,,
2026-05-01 16:35:33,16.9,62,0.7,392,61782.4,OK,,,,,
2026-05-01 16:35:49,16.9,62,2.1,392,61504,OK,,,,,
2026-05-01 16:36:05,16.8,62,1,392,61150.2,OK,,,,,
2026-05-01 16:36:21,16.8,62,0.6,392,60433.9,OK,,,,,
2026-05-01 16:36:37,-40,0,0,0,0,OK,,,,,
2026-05-01 16:36:53,16.8,62,0.6,392,60520.9,OK,,,,,
2026-05-01 16:37:09,16.8,63,1,392,60025,OK,,,,,
2026-05-01 16:37:25,16.8,61,0.1,392,59621.9,OK,,,,,
2026-05-01 16:37:41,16.9,61,0.4,392,59868.4,OK,,,,,
2026-05-01 16:37:57,16.9,61,2,392,60346.9,OK,,,,,
2026-05-01 16:38:13,16.7,63,2.5,392,59984.4,OK,,,,,
2026-05-01 16:38:29,16.5,64,2.1,392,60460,OK,,,,,
2026-05-01 16:38:45,16.4,64,2,392,60428.1,OK,,,,,
2026-05-01 16:39:01,35.5,160,1.1,392,59784.3,OK,,,,,
2026-05-01 16:39:17,16.3,64,1.4,392,59648,OK,,,,,
2026-05-01 16:39:33,16.3,65,1.3,392,59648,OK,,,,,
2026-05-01 16:39:49,16.3,65,1.4,392,59793,OK,,,,,
2026-05-01 16:40:05,36.7,160,0.4,392,60126.5,OK,,,,,
2026-05-01 16:40:21,16.3,63,1.8,392,640841.5,OK,,,,,
2026-05-01 16:40:37,16.3,63,1.7,392,59453.7,OK,,,,,
2026-05-01 16:40:53,-40,0,0,0,0,OK,,,,,
2026-05-01 16:41:09,-40,0,0,0,0,OK,,,,,
2026-05-01 16:41:25,16.3,64,1,392,59552.3,OK,,,,,
2026-05-01 16:41:41,16.4,64,0.1,392,59558.1,OK,,,,,
2026-05-01 16:41:57,16.6,64,0.1,392,59082.5,OK,,,,,
2026-05-01 16:42:13,16.7,63,0,392,59627.7,OK,,,,,
2026-05-01 16:42:29,16.8,63,0.3,392,59604.5,OK,,,,,
2026-05-01 16:42:45,16.9,61,1,392,59131.8,OK,,,,,
2026-05-01 16:43:01,16.9,60,0.7,392,59445,OK,,,,,
2026-05-01 16:43:17,16.8,61,2,392,59407.3,OK,,,,,
2026-05-01 16:43:33,16.6,62,1.8,392,58505.4,OK,,,,,
2026-05-01 16:43:49,16.4,62,0.6,392,58711.3,OK,,,,,
2026-05-01 16:44:05,16.4,62,0.6,392,59230.4,OK,,,,,
2026-05-01 16:44:21,16.4,63,1,392,58809.9,OK,,,,,
2026-05-01 16:44:37,16.5,63,1.3,392,58679.2,OK,,,,,
2026-05-01 16:44:53,16.6,63,1,392,58280.8,OK,,,,,
2026-05-01 16:45:09,35.8,62,2.1,392,58488,OK,,,,,
2026-05-01 16:45:25,16.5,62,0.7,504,58954.9,OK,,,,,
2026-05-01 16:45:41,16.6,62,0.3,392,58867.9,OK,,,,,
2026-05-01 16:45:57,16.7,63,0.1,392,58844.7,OK,,,,,
2026-05-01 16:46:13,16.7,62,0.1,392,58783.8,OK,,,,,
2026-05-01 16:46:29,16.7,62,0.1,392,58412.6,OK,,,,,
2026-05-01 16:46:45,16.8,62,1,392,58380.7,OK,,,,,
2026-05-01 16:47:01,-40,0,0,0,0,OK,,,,,
2026-05-01 16:47:17,16.6,63,1.5,392,57971.8,OK,,,,,
2026-05-01 16:47:33,16.6,63,1.3,392,58258.9,OK,,,,,
2026-05-01 16:47:49,16.6,63,1.4,392,58606.9,OK,,,,,
2026-05-01 16:48:05,16.5,63,1.4,392,57806.5,OK,,,,,
2026-05-01 16:48:21,16.5,63,1.3,392,57916.7,OK,,,,,
2026-05-01 16:48:37,16.5,62,0.4,392,58227,OK,,,,,
2026-05-01 16:48:53,-40,0,0,0,0,OK,,,,,
2026-05-01 16:49:09,16.4,62,0,392,57284.7,OK,,,,,
2026-05-01 16:49:25,16.5,63,0,392,57426.6,OK,,,,,
2026-05-01 16:49:41,-40,0,0,0,0,OK,,,,,
2026-05-01 16:49:57,16.7,62,0,392,57432.4,OK,,,,,
2026-05-01 16:50:13,16.7,63,0.1,392,57426.6,OK,,,,,
2026-05-01 16:50:29,16.8,63,0,392,57296.1,OK,,,,,
2026-05-01 16:50:45,17,62,1,392,57757.2,OK,,,,,
2026-05-01 16:51:01,17,62,1.3,392,57687.6,OK,,,,,
2026-05-01 16:51:17,16.9,61,1.5,392,57270,OK,,,,,
2026-05-01 16:51:33,-40,0,0,0,0,OK,,,,,
2026-05-01 16:51:49,-8.9,62,108.8,392,57067,OK,,,,,
2026-05-01 16:52:05,16.6,62,1.7,392,57528.1,OK,,,,,
2026-05-01 16:52:21,16.5,63,1.8,392,57635.4,OK,,,,,
2026-05-01 16:52:37,-40,0,0,0,0,OK,,,,,
2026-05-01 16:52:53,-40,0,0,0,0,OK,,,,,
2026-05-01 16:53:09,16.4,64,0.4,392,57154,OK,,,,,
2026-05-01 16:53:25,16.4,64,1.8,392,57322.2,OK,,,,,
2026-05-01 16:53:41,16.3,63,0.3,392,57017.7,OK,,,,,
2026-05-01 16:53:57,118.8,64,1.4,392,56634.9,OK,,,,,
2026-05-01 16:54:13,16.4,64,1.1,392,56521.8,OK,,,,,
2026-05-01 16:54:29,16.4,63,1.3,392,56127.4,OK,,,,,
2026-05-01 16:54:45,16.4,63,0.1,392,55701.1,OK,,,,,
2026-05-01 16:55:01,16.4,63,35.7,392,56052,OK,,,,,
2026-05-01 16:55:33,16.6,64,0.3,392,55991.1,OK,,,,,
2026-05-01 16:55:49,16.7,63,0,392,55793.9,OK,,,,,
2026-05-01 16:56:05,16.8,63,0,392,55628.6,OK,,,,,
2026-05-01 16:56:21,17,63,0.6,392,55730.1,OK,,,,,
2026-05-01 16:56:37,17.1,63,0,392,56150.6,OK,,,,,
2026-05-01 16:56:53,17.1,63,0,392,56054.9,OK,,,,,
2026-05-01 16:57:09,17.2,63,0.3,392,55741.7,OK,,,,,
2026-05-01 16:57:25,17.1,62,1.7,392,55582.2,OK,,,,,
2026-05-01 16:57:41,16.9,63,2,392,55811.3,OK,,,,,
2026-05-01 16:57:57,16.7,63,1,392,55544.5,OK,,,,,
2026-05-01 16:58:13,16.6,63,1.5,392,55387.9,OK,,,,,
2026-05-01 16:58:29,16.5,64,1.5,392,55947.6,OK,,,,,
2026-05-01 16:58:45,16.4,64,0.8,392,55706.9,OK,,,,,
2026-05-01 16:59:01,16.4,64,1.8,392,55257.4,OK,,,,,
2026-05-01 16:59:17,16.4,64,1.1,392,55269,OK,,,,,
2026-05-01 16:59:33,16.3,64,1.7,392,55234.2,OK,,,,,
2026-05-01 16:59:49,16.3,64,0.8,392,55274.8,OK,,,,,
2026-05-01 17:00:05,16.4,65,1.1,392,55196.5,OK,,,,,
2026-05-01 17:00:21,-40,0,0,0,0,OK,,,,,
2026-05-01 17:00:37,16.2,66,2,392,54309.1,OK,,,,,
2026-05-01 17:00:53,16.1,66,1.7,392,54442.5,OK,,,,,
2026-05-01 17:01:09,16,67,0.7,392,54544,OK,,,,,
2026-05-01 17:01:25,16.1,67,0.3,392,54926.8,OK,,,,,
2026-05-01 17:01:41,16.2,67,0,392,54593.3,OK,,,,,
2026-05-01 17:01:57,16.2,66,0.8,392,54500.5,OK,,,,,
2026-05-01 17:02:13,16.3,66,0.1,392,54796.3,OK,,,,,
2026-05-01 17:02:29,16.4,65,0.8,392,54593.3,OK,,,,,
2026-05-01 17:02:45,16.4,65,1.5,392,54116,OK,,,,,
2026-05-01 17:03:01,16.4,64,1.1,392,53674.8,OK,,,,,
2026-05-01 17:03:33,16.4,65,1.3,392,53563.8,OK,,,,,
2026-05-01 17:03:49,16.4,65,0.7,392,53395.6,OK,,,,,
2026-05-01 17:04:05,16.4,65,0.7,392,53581.2,OK,,,,,
2026-05-01 17:04:21,16.4,65,1.4,392,58879.9,OK,,,,,
2026-05-01 17:04:37,16.4,65,0.8,392,53929.2,OK,,,,,
2026-05-01 17:04:53,16.2,65,2,392,1626894.7,OK,,,,,
2026-05-01 17:05:09,-40,0,0,0,0,OK,,,,,
2026-05-01 17:05:25,16.2,66,0.3,392,54019.1,OK,,,,,
2026-05-01 17:05:41,16.3,66,0.4,392,53317.3,OK,,,,,
2026-05-01 17:05:57,16.3,65,1.3,392,53117.2,OK,,,,,
2026-05-01 17:06:13,16.3,65,0.8,392,53270.9,OK,,,,,
2026-05-01 17:06:29,16.4,67,0.4,392,53204.2,OK,,,,,
2026-05-01 17:06:45,16.4,64,0.8,392,53230.3,OK,,,,,
2026-05-01 17:07:01,16.4,64,1,392,53459.4,OK,,,,,
2026-05-01 17:07:17,16.4,65,0.1,392,53546.4,OK,,,,,
2026-05-01 17:07:33,16.5,64,0,392,53337.6,OK,,,,,
2026-05-01 17:07:49,16.6,64,0.4,392,53285.4,OK,,,,,
2026-05-01 17:08:05,16.7,62,0.4,392,52978,OK,,,,,
2026-05-01 17:08:21,16.8,61,0.4,392,52809.8,OK,,,,,
2026-05-01 17:08:37,16.8,61,0.6,392,52473.4,OK,,,,,
2026-05-01 17:08:53,16.9,62,0,392,52055.8,OK,,,,,
2026-05-01 17:09:09,17,62,0,392,51980.4,OK,,,,,
2026-05-01 17:09:25,17.2,61,0,392,52487.9,OK,,,,,
2026-05-01 17:09:41,-40,0,0,0,0,OK,,,,,
2026-05-01 17:09:57,17.4,59,0.6,392,52699.6,OK,,,,,
2026-05-01 17:10:13,17.4,59,0,392,52632.9,OK,,,,,
2026-05-01 17:10:29,17.4,58,0.1,392,786441.8,OK,,,,,
2026-05-01 17:10:45,17.5,57,0.1,392,52308.1,OK,,,,,
2026-05-01 17:11:01,17.5,57,1.1,392,52131.2,OK,,,,,
2026-05-01 17:11:17,17.5,58,0,392,51960.1,OK,,,,,
2026-05-01 17:11:33,17.6,57,0.1,392,51992,OK,,,,,
2026-05-01 17:11:49,17.7,57,0,392,51754.2,OK,,,,,
2026-05-01 17:12:05,-40,0,0,0,0,OK,,,,,
2026-05-01 17:12:21,17.8,57,0,392,51823.8,OK,,,,,
2026-05-01 17:12:37,17.8,57,0.3,408,52139.9,OK,,,,,
2026-05-01 17:12:53,-40,0,0,0,0,OK,,,,,
2026-05-01 17:13:09,18,58,0.1,392,52151.5,OK,,,,,
2026-05-01 17:13:25,18,57,0.4,392,52134.1,OK,,,,,
2026-05-01 17:13:41,-40,0,0,0,0,OK,,,,,
2026-05-01 17:13:57,17.9,56,0.8,392,51977.5,OK,,,,,
2026-05-01 17:14:13,17.9,56,0.4,392,52070.3,OK,,,,,
2026-05-01 17:14:29,-40,0,0,0,0,OK,,,,,
2026-05-01 17:14:45,17.6,56,1.3,392,51562.8,OK,,,,,
2026-05-01 17:15:01,17.4,57,1.4,392,51423.6,OK,,,,,
2026-05-01 17:15:17,17.2,57,1.8,392,52097.8,OK,,,,,
2026-05-01 17:15:33,17.1,58,1,392,51371.4,OK,,,,,
2026-05-01 17:15:49,16.9,59,1,392,51191.6,OK,,,,,
2026-05-01 17:16:05,17,59,0.1,392,51223.5,OK,,,,,
2026-05-01 17:16:21,17.1,60,0.8,392,51035,OK,,,,,
2026-05-01 17:16:37,17,60,0.6,392,50707.3,OK,,,,,
2026-05-01 17:16:53,17.1,59,0.4,392,50814.6,OK,,,,,
2026-05-01 17:17:09,-40,0,0,0,0,OK,,,,,
2026-05-01 17:17:25,17.1,59,0.3,392,50272.3,OK,,,,,
2026-05-01 17:17:41,17.1,58,0.3,392,49840.2,OK,,,,,
2026-05-01 17:17:57,17.2,59,0.3,392,49709.7,OK,,,,,
2026-05-01 17:18:13,17.2,59,0.3,392,49570.5,OK,,,,,
2026-05-01 17:18:29,17.3,59,0.3,392,49251.5,OK,,,,,
2026-05-01 17:18:45,17.3,59,0,392,49248.6,OK,,,,,
2026-05-01 17:19:01,17.3,59,1.4,392,49048.5,OK,,,,,
2026-05-01 17:19:17,17.2,59,1,392,48584.5,OK,,,,,
2026-05-01 17:19:33,17.2,60,0.1,392,48459.8,OK,,,,,
2026-05-01 17:19:49,17.2,60,0.6,392,48483,OK,,,,,
2026-05-01 17:20:05,17.2,61,1.5,392,48514.9,OK,,,,,
2026-05-01 17:20:21,17,62,0.4,392,48688.9,OK,,,,,
2026-05-01 17:20:37,17.1,62,0.8,392,48401.8,OK,,,,,
2026-05-01 17:20:53,17.1,61,0.4,392,48213.3,OK,,,,,
2026-05-01 17:21:09,17.2,61,0.1,392,48271.3,OK,,,,,
2026-05-01 17:21:25,17.2,61,1,392,47992.9,OK,,,,,
2026-05-01 17:21:41,17,60,1.7,392,47818.9,OK,,,,,
2026-05-01 17:21:57,16.9,61,0.7,392,47636.2,OK,,,,,
2026-05-01 17:22:13,16.9,61,0.7,392,47552.1,OK,,,,,
2026-05-01 17:22:29,16.7,62,2.1,392,47462.2,OK,,,,,
2026-05-01 17:22:45,16.5,63,1.8,392,47354.9,OK,,,,,
2026-05-01 17:23:01,16.3,64,1.5,392,46931.5,OK,,,,,
2026-05-01 17:23:17,-40,0,0,0,0,OK,,,,,
2026-05-01 17:23:33,23.8,65,1.4,392,46003.9,OK,,,,,
2026-05-01 17:23:49,16.2,64,2.1,392,45513.4,OK,,,,,
2026-05-01 17:24:05,16.1,65,1.7,392,45264,OK,,,,,
2026-05-01 17:24:21,-40,0,0,0,0,OK,,,,,
2026-05-01 17:24:37,16.2,65,0.4,392,44672.4,OK,,,,,
2026-05-01 17:24:53,16.2,66,0.1,392,44333.1,OK,,,,,
2026-05-01 17:25:09,16.4,66,0,392,44420.1,OK,,,,,
2026-05-01 17:25:25,-40,0,0,0,0,OK,,,,,
2026-05-01 17:25:41,16.5,66,0.6,392,44359.2,OK,,,,,
2026-05-01 17:25:57,16.5,66,1.4,392,44289.6,OK,,,,,
2026-05-01 17:26:13,16.4,66,1,392,44614.4,OK,,,,,
2026-05-01 17:26:29,26.6,66,0,392,45107.4,OK,,,,,
2026-05-01 17:26:45,16.4,66,0.3,392,45116.1,OK,,,,,
2026-05-01 17:27:01,16.5,66,0.1,392,44884.1,OK,,,,,
2026-05-01 17:27:17,16.5,66,0.3,392,43796.6,OK,,,,,
2026-05-01 17:27:33,16.5,66,0.4,440,42680.1,OK,,,,,
2026-05-01 17:27:49,16.6,65,0.3,392,41966.7,OK,,,,,
2026-05-01 17:28:05,16.6,65,0.1,392,41708.6,OK,,,,,
2026-05-01 17:28:21,16.6,65,0,392,41386.7,OK,,,,,
2026-05-01 17:28:37,16.7,65,1.1,392,41412.8,OK,,,,,
2026-05-01 17:28:53,16.6,66,1,392,41618.7,OK,,,,,
2026-05-01 17:29:09,-40,0,0,0,0,OK,,,,,
2026-05-01 17:29:25,16.6,66,2.1,392,41589.7,OK,,,,,
2026-05-01 17:29:41,16.5,66,1.7,392,42210.3,OK,,,,,
2026-05-01 17:29:57,16.4,66,1.5,392,42671.4,OK,,,,,
2026-05-01 17:30:13,16.3,66,0.8,392,42598.9,OK,,,,,
2026-05-01 17:30:29,16.2,67,1,392,317656.5,OK,,,,,
2026-05-01 17:30:45,16.2,67,0.8,392,42419.1,OK,,,,,
2026-05-01 17:31:01,16.1,67,1.1,392,42801.9,OK,,,,,
2026-05-01 17:31:17,16.1,68,0.3,392,42729.4,OK,,,,,
2026-05-01 17:31:33,16.1,68,4.3,392,42578.6,OK,,,,,
2026-05-01 17:31:49,16.1,67,0.1,392,41987,OK,,,,,
2026-05-01 17:32:05,16.2,67,0.4,392,42111.7,OK,,,,,
2026-05-01 17:32:21,16.2,67,0.4,482,42132,OK,,,,,
2026-05-01 17:32:37,16.2,67,0.6,392,41868.1,OK,,,,,
2026-05-01 17:32:53,16.2,67,0.6,392,40977.8,OK,,,,,
2026-05-01 17:33:09,16.3,67,0,904,40064.3,OK,,,,,
2026-05-01 17:33:25,16.4,67,0,392,39020.3,OK,,,,,
2026-05-01 17:33:41,16.5,67,0,392,38660.7,OK,,,,,
2026-05-01 17:33:57,119,66,36.4,392,38045.9,OK,,,,,
2026-05-01 17:34:13,16.7,66,0.4,392,38083.6,OK,,,,,
2026-05-01 17:34:29,16.7,66,0.1,392,38135.8,OK,,,,,
2026-05-01 17:34:45,16.7,66,0.1,392,37426.8,OK,,,,,
2026-05-01 17:35:01,16.7,65,0.4,392,37019.3,OK,,,,,
2026-05-01 17:35:17,16.7,65,1.3,392,37721.1,OK,,,,,
2026-05-01 17:36:21,16.5,65,0.8,392,37277.4,OK,,,,,
2026-05-01 17:36:37,16.4,65,1.1,392,37596.4,OK,,,,,
2026-05-01 17:36:53,16.3,65,1,392,37326.7,OK,,,,,
2026-05-01 17:37:09,16.3,66,0.3,392,37680.5,OK,,,,,
2026-05-01 17:37:25,16.3,66,0,392,37584.8,OK,,,,,
2026-05-01 17:37:41,16.4,66,0.1,392,36590.1,OK,,,,,
2026-05-01 17:37:57,16.4,66,0.6,392,34638.4,OK,,,,,
2026-05-01 17:38:13,16.4,66,0.3,392,32924.5,OK,,,,,
2026-05-01 17:38:29,16.4,66,1,392,32089.3,OK,,,,,
2026-05-01 17:38:45,16.4,66,0.4,392,31413.6,OK,,,,,
2026-05-01 17:39:01,16.4,66,0,392,31747.1,OK,,,,,
2026-05-01 17:39:17,16.4,66,0.3,392,33008.6,OK,,,,,
2026-05-01 17:39:33,16.4,66,1,392,33484.2,OK,,,,,
2026-05-01 17:39:49,16.4,66,0.8,392,34449.9,OK,,,,,
2026-05-01 17:40:05,16.3,66,0.4,392,35781,OK,,,,,
2026-05-01 17:40:21,16.3,66,0.1,392,37352.8,OK,,,,,
2026-05-01 17:40:37,16.4,66,0.3,392,37805.2,OK,,,,,
2026-05-01 17:40:53,16.4,66,0.3,392,37454.3,OK,,,,,
2026-05-01 17:41:09,16.4,65,1.1,392,35395.3,OK,,,,,
2026-05-01 17:41:25,16.3,65,0.8,392,33281.2,OK,,,,,
2026-05-01 17:41:41,16.2,66,1.3,392,31784.8,OK,,,,,
2026-05-01 17:41:57,16.1,66,0.8,392,30610.3,OK,,,,,
2026-05-01 17:42:13,16,67,0.1,392,30097,OK,,,,,
2026-05-01 17:42:29,-40,0,0,0,0,OK,,,,,
2026-05-01 17:42:45,16.1,67,0,392,24204.2,OK,,,,,
2026-05-01 17:43:01,16.1,67,0.4,392,21118.6,OK,,,,,
2026-05-01 17:43:17,16.1,67,0.6,392,19416.3,OK,,,,,
2026-05-01 17:43:33,16,67,0.6,392,18099.7,OK,,,,,
2026-05-01 17:43:49,16,67,0.1,392,19068.3,OK,,,,,
2026-05-01 17:44:05,15.9,67,0.3,392,18117.1,OK,,,,,
2026-05-01 17:44:21,16,67,0.7,392,16638.1,OK,,,,,
2026-05-01 17:44:37,15.9,66,0.8,392,17151.4,OK,,,,,
2026-05-01 17:44:53,15.8,67,0.8,392,16293,OK,,,,,
2026-05-01 17:45:09,15.7,67,1,392,23139.9,OK,,,,,
2026-05-01 17:45:25,15.7,67,1.1,392,19996.3,OK,,,,,
2026-05-01 17:45:41,15.6,67,0.4,392,24998.8,OK,,,,,
2026-05-01 17:45:57,15.6,67,1.1,392,27904.6,OK,,,,,
2026-05-01 17:46:13,15.5,68,1,392,23949,OK,,,,,
2026-05-01 17:46:29,-40,0,0,0,0,OK,,,,,
2026-05-01 17:46:45,15.5,68,1.1,392,29267.6,OK,,,,,
2026-05-01 17:47:01,15.5,69,1.1,392,33614.7,OK,,,,,
2026-05-01 17:47:17,15.5,69,0.8,392,29670.7,OK,,,,,
2026-05-01 17:47:33,15.4,69,1.1,392,29287.9,OK,,,,,
2026-05-01 17:47:49,15.4,69,0.6,392,18183.8,OK,,,,,
2026-05-01 17:48:05,15.4,69,0.3,392,22609.2,OK,,,,,
2026-05-01 17:48:21,15.5,69,0.6,392,22429.4,OK,,,,,
2026-05-01 17:48:37,15.5,68,1.3,392,19517.8,OK,,,,,
2026-05-01 17:48:53,15.4,68,0.1,392,24038.9,OK,,,,,
2026-05-01 17:49:09,15.5,68,0,392,19442.4,OK,,,,,
2026-05-01 17:49:25,15.6,68,0,392,17189.1,OK,,,,,
2026-05-01 17:49:41,15.7,68,0.6,392,16962.9,OK,,,,,
2026-05-01 17:49:57,15.7,68,0.6,392,16580.1,OK,,,,,
2026-05-01 17:50:13,15.7,69,0.6,392,15959.5,OK,,,,,
2026-05-01 17:50:29,15.7,69,0.3,392,15394,OK,,,,,
2026-05-01 17:50:45,15.6,69,0.4,392,15188.1,OK,,,,,
2026-05-01 17:51:01,15.7,69,0.8,392,15289.6,OK,,,,,
2026-05-01 17:51:17,15.6,69,1.4,392,14993.8,OK,,,,,
2026-05-01 17:51:33,15.5,69,2.5,392,14735.7,OK,,,,,
2026-05-01 17:51:49,15.4,70,0.6,392,14521.1,OK,,,,,
2026-05-01 17:52:05,15.4,70,0.1,392,14439.9,OK,,,,,
2026-05-01 17:52:21,15.4,70,0.7,392,14190.5,OK,,,,,
2026-05-01 17:52:37,15.4,69,4.2,392,14091.9,OK,,,,,
2026-05-01 17:52:53,15.3,70,2,392,14048.4,OK,,,,,
2026-05-01 17:53:09,-40,0,0,0,0,OK,,,,,
2026-05-01 17:53:25,15.3,70,0.3,392,14010.7,OK,,,,,
2026-05-01 17:53:41,15.4,70,0.1,392,14016.5,OK,,,,,
2026-05-01 17:53:57,15.3,69,0.7,392,14066.3,OK,,,,,
2026-05-01 17:54:13,15.2,69,1,392,14228.2,OK,,,,,
2026-05-01 17:54:29,15.2,70,0.7,392,19097.5,OK,,,,,
2026-05-01 17:54:45,15.2,70,1.5,408,14413.8,OK,,,,,
2026-05-01 17:55:01,15.1,71,0.1,392,14587.8,OK,,,,,
2026-05-01 17:55:17,15.1,71,0.3,392,14329.7,OK,,,,,
2026-05-01 17:55:33,15.2,71,0.1,392,15353.4,OK,,,,,
2026-05-01 17:55:49,15.2,71,0.8,392,17151.4,OK,,,,,
2026-05-01 17:56:05,15.2,71,0,392,19541,OK,,,,,
2026-05-01 17:56:21,15.3,71,1.1,392,17018,OK,,,,,
2026-05-01 17:56:37,15.3,71,0.6,392,834356.6,OK,,,,,
2026-05-01 17:56:53,15.3,71,0.3,392,20164.5,OK,,,,,
2026-05-01 17:57:57,15.5,70,0.6,392,17879.3,OK,,,,,
2026-05-01 17:58:13,15.4,70,0.8,392,16324.9,OK,,,,,
2026-05-01 17:58:29,15.4,70,0.6,392,16861.4,OK,,,,,
2026-05-01 17:58:45,15.3,71,0.8,392,15251.9,OK,,,,,
2026-05-01 17:59:01,15.3,71,0.4,392,15106.9,OK,,,,,
2026-05-01 17:59:17,15.4,71,0.1,392,14840.1,OK,,,,,
2026-05-01 17:59:33,15.3,70,0.6,392,14802.4,OK,,,,,
2026-05-01 17:59:49,15.2,71,0.1,392,14851.7,OK,,,,,
2026-05-01 18:00:05,15.2,71,1.4,392,14825.6,OK,,,,,
2026-05-01 18:00:21,15.1,71,1,392,15495.5,OK,,,,,
2026-05-01 18:00:37,15,71,1.3,392,17113.7,OK,,,,,
2026-05-01 18:00:53,15,72,1,392,18088.1,OK,,,,,
2026-05-01 18:01:09,15,72,1,392,18383.9,OK,,,,,
2026-05-01 18:01:25,15.1,71,0.1,392,21115.7,OK,,,,,
2026-05-01 18:01:41,15.1,71,0.8,392,20390.7,OK,,,,,
2026-05-01 18:01:57,15.1,71,0.8,392,22130.7,OK,,,,,
2026-05-01 18:02:13,15,71,0.1,392,23392.2,OK,,,,,
2026-05-01 18:02:29,15,72,0.7,392,22661.4,OK,,,,,
2026-05-01 18:02:45,15,72,1,392,23427,OK,,,,,
2026-05-01 18:03:01,15,72,0.4,392,23224,OK,,,,,
2026-05-01 18:03:17,15,72,0.4,392,21498.5,OK,,,,,
2026-05-01 18:03:33,15.1,72,0.1,392,19462.7,OK,,,,,
2026-05-01 18:03:49,15.1,72,0.3,392,17702.4,OK,,,,,
2026-05-01 18:04:21,15.2,71,0,392,15556.4,OK,,,,,
2026-05-01 18:04:37,15.3,71,0,392,15353.4,OK,,,,,
2026-05-01 18:04:53,34.5,71,0.8,392,15159.1,OK,,,,,
2026-05-01 18:05:09,15.3,71,0.4,392,15478.1,OK,,,,,
2026-05-01 18:05:25,15.2,72,0.3,392,17354.4,OK,,,,,
2026-05-01 18:05:41,15.2,72,0.3,408,17395,OK,,,,,
2026-05-01 18:05:57,15.1,72,0.1,392,18308.5,OK,,,,,
2026-05-01 18:06:13,15.1,72,0.4,392,19094.4,OK,,,,,
2026-05-01 18:06:29,15.1,72,0,392,20457.4,OK,,,,,
2026-05-01 18:06:45,15.2,72,0,392,21626.1,OK,,,,,
2026-05-01 18:07:01,15.2,71,1.1,392,17972.1,OK,,,,,
2026-05-01 18:07:17,15.2,71,0.7,392,19506.2,OK,,,,,
2026-05-01 18:07:33,-40,0,0,0,0,OK,,,,,
2026-05-01 18:07:49,15.1,71,0.8,392,20503.8,OK,,,,,
2026-05-01 18:08:05,15.1,71,0.7,392,18401.3,OK,,,,,
2026-05-01 18:08:21,15.1,71,0.1,392,19514.9,OK,,,,,
2026-05-01 18:08:37,15.1,71,0.8,392,13071.1,OK,,,,,
2026-05-01 18:08:53,15.1,71,1.8,392,19625.1,OK,,,,,
2026-05-01 18:09:09,15,71,1.5,392,17206.5,OK,,,,,
2026-05-01 18:09:25,15,72,1.1,392,15675.3,OK,,,,,
2026-05-01 18:09:41,14.9,72,0.3,392,14950.3,OK,,,,,
2026-05-01 18:09:57,15,72,0,392,15405.6,OK,,,,,
2026-05-01 18:10:13,15,72,0.4,392,12175,OK,,,,,
2026-05-01 18:10:29,14.9,72,0.7,392,12230.1,OK,,,,,
2026-05-01 18:10:45,15,72,0.3,392,12061.9,OK,,,,,
2026-05-01 18:11:01,-40,0,0,0,0,OK,,,,,
2026-05-01 18:11:17,14.9,72,1.3,392,11626.9,OK,,,,,
2026-05-01 18:11:33,14.8,72,1.8,392,11493.5,OK,,,,,
2026-05-01 18:11:49,14.8,72,1.4,392,11566,OK,,,,,
2026-05-01 18:12:05,14.7,72,0.8,392,11406.5,OK,,,,,
2026-05-01 18:12:21,117.1,73,0.7,392,11258.6,OK,,,,,
2026-05-01 18:12:37,14.7,73,0.7,392,11815.4,OK,,,,,
2026-05-01 18:12:53,14.7,79,1.1,392,11235.4,OK,,,,,
2026-05-01 18:13:09,14.7,73,0.7,392,11084.6,OK,,,,,
2026-05-01 18:13:25,14.7,73,1.4,392,11136.8,OK,,,,,
2026-05-01 18:13:41,14.7,73,1.4,392,11136.8,OK,,,,,
2026-05-01 18:13:57,-40,0,0,0,0,OK,,,,,
2026-05-01 18:14:13,14.8,73,0,392,11084.6,OK,,,,,
2026-05-01 18:14:29,14.8,73,0.3,392,11081.7,OK,,,,,
2026-05-01 18:14:45,14.8,74,0,392,11081.7,OK,,,,,
2026-05-01 18:15:01,14.8,74,0.1,392,11110.7,OK,,,,,
2026-05-01 18:15:17,14.8,74,0.3,392,11075.9,OK,,,,,
2026-05-01 18:15:33,-40,0,0,0,0,OK,,,,,
2026-05-01 18:15:49,14.8,74,0.1,392,11049.8,OK,,,,,
2026-05-01 18:16:05,14.9,74,0,392,11003.4,OK,,,,,
2026-05-01 18:16:21,14.9,74,0,392,10907.7,OK,,,,,
2026-05-01 18:16:37,14.9,74,0,392,10542.3,OK,,,,,
2026-05-01 18:16:53,14.9,74,0,392,9784.8,OK,,,,,
2026-05-01 18:17:09,14.9,74,0.1,392,9303.8,OK,,,,,
2026-05-01 18:17:25,34.1,165,0.1,392,9610.9,OK,,,,,
2026-05-01 18:17:41,14.9,74,0.1,392,10159.5,OK,,,,,
2026-05-01 18:18:45,21.3,74,0,392,10597.4,OK,,,,,
2026-05-01 18:19:01,14.9,74,0,392,10858.4,OK,,,,,
2026-05-01 18:19:17,14.9,74,0.3,392,10762.7,OK,,,,,
2026-05-01 18:19:33,14.9,74,0,392,12331,OK,,,,,
2026-05-01 18:19:49,14.8,75,0,392,10481.4,OK,,,,,
2026-05-01 18:20:05,14.9,74,0.3,392,10382.8,OK,,,,,
2026-05-01 18:20:21,14.8,74,0.3,392,10179.8,OK,,,,,
2026-05-01 18:20:37,14.9,74,0.1,392,10078.3,OK,,,,,
2026-05-01 18:20:53,-40,0,0,0,0,OK,,,,,
2026-05-01 18:21:09,14.9,74,0.3,392,9799.6,OK,,,,,
2026-05-01 18:21:25,14.9,74,0.4,392,9677.5,OK,,,,,
2026-05-01 18:21:41,14.9,74,0.1,392,9474,OK,,,,,
2026-05-01 18:21:57,14.8,74,0.3,392,9340.8,OK,,,,,
2026-05-01 18:22:13,14.8,74,0,392,9244.6,OK,,,,,
2026-05-01 18:22:29,14.8,74,1.1,392,8944.9,OK,,,,,
2026-05-01 18:22:45,14.7,74,0.8,392,8519.4,OK,,,,,
2026-05-01 18:23:01,-40,0,0,0,0,OK,,,,,
2026-05-01 18:23:17,-40,0,0,0,0,OK,,,,,
2026-05-01 18:23:33,-40,0,0,0,0,OK,,,,,
2026-05-01 18:23:49,14.7,75,0.4,392,8808,OK,,,,,
2026-05-01 18:24:05,14.6,75,0.8,392,8830.2,OK,,,,,
2026-05-01 18:24:21,14.6,75,0.4,392,9200.2,OK,,,,,
2026-05-01 18:24:37,14.6,75,0.1,392,8693.3,OK,,,,,
2026-05-01 18:24:53,14.6,75,0.1,392,8804.3,OK,,,,,
2026-05-01 18:25:09,-40,0,0,0,0,OK,,,,,
2026-05-01 18:25:25,-40,0,0,0,0,OK,,,,,
2026-05-01 18:25:41,14.7,75,0,392,8556.4,OK,,,,,
2026-05-01 18:25:57,14.7,75,0.1,392,8386.2,OK,,,,,
2026-05-01 18:26:13,123.6,58,49.3,392,8108.7,OK,,,,,
2026-05-01 18:26:29,14.6,75,0.1,392,8138.3,OK,,,,,
2026-05-01 18:26:45,14.6,75,0,392,8023.6,OK,,,,,
2026-05-01 18:27:01,14.6,75,0,392,7638.8,OK,,,,,
2026-05-01 18:27:17,14.6,75,0,511,7242.9,OK,,,,,
2026-05-01 18:27:33,14.7,75,0,392,7098.6,OK,,,,,
2026-05-01 18:27:49,14.7,203,17.9,392,7087.5,OK,,,,,
2026-05-01 18:28:05,14.7,75,1.1,392,6921,OK,,,,,
2026-05-01 18:28:21,-40,0,0,0,0,OK,,,,,
2026-05-01 18:28:37,14.7,75,0,392,6987.6,OK,,,,,
2026-05-01 18:28:53,14.7,75,0,392,7061.6,OK,,,,,
2026-05-01 18:29:09,14.7,75,0,392,7032,OK,,,,,
2026-05-01 18:29:25,14.7,75,0,392,7083.8,OK,,,,,
2026-05-01 18:29:41,14.7,75,0.1,392,7091.2,OK,,,,,
2026-05-01 18:29:57,-40,0,0,0,0,OK,,,,,
2026-05-01 18:30:13,14.7,75,0,392,6895.1,OK,,,,,
2026-05-01 18:30:29,-40,0,0,0,0,OK,,,,,
2026-05-01 18:32:21,14.6,75,0.6,392,6303.1,OK,,,,,
2026-05-01 18:32:37,14.6,79,0,392,6258.7,OK,,,,,
2026-05-01 18:33:09,14.6,75,0,392,6491.8,OK,,,,,
2026-05-01 18:33:25,14.6,75,0.1,392,6558.4,OK,,,,,
2026-05-01 18:33:41,14.6,75,0.3,392,6554.7,OK,,,,,
2026-05-01 18:33:57,14.5,76,0.7,392,6543.6,OK,,,,,
2026-05-01 18:34:13,-40,0,0,0,0,OK,,,,,
2026-05-01 18:34:29,-40,0,0,0,0,OK,,,,,
2026-05-01 18:34:45,14.5,76,0,392,6443.7,OK,,,,,
2026-05-01 18:35:01,14.5,76,0.3,392,6395.6,OK,,,,,
2026-05-01 18:35:17,14.5,76,0.1,392,6343.8,OK,,,,,
2026-05-01 18:35:33,14.5,76,0,392,6299.4,OK,,,,,
2026-05-01 18:35:49,14.5,76,0,392,6247.6,OK,,,,,
2026-05-01 18:36:05,14.5,76,0,392,6210.6,OK,,,,,
2026-05-01 18:36:21,14.5,76,0.4,392,6166.2,OK,,,,,
2026-05-01 18:36:37,14.5,76,0.4,392,6129.2,OK,,,,,
2026-05-01 18:37:41,14.4,77,0,392,6055.2,OK,,,,,
2026-05-01 18:37:57,14.3,77,0,392,6010.8,OK,,,,,
2026-05-01 18:38:13,14.3,77,0,392,5944.2,OK,,,,,
2026-05-01 18:38:29,14.3,77,0,392,5862.8,OK,,,,,
2026-05-01 18:38:45,14.3,77,0.1,392,5718.5,OK,,,,,
2026-05-01 18:39:01,14.2,77,0,392,5533.5,OK,,,,,
2026-05-01 18:39:17,14.2,77,0,392,5400.3,OK,,,,,
2026-05-01 18:39:33,14.2,77,0,392,5404,OK,,,,,
2026-05-01 18:39:49,14.3,77,0,392,5374.4,OK,,,,,
2026-05-01 18:40:05,14.3,77,0,392,5289.3,OK,,,,,
2026-05-01 18:40:21,14.3,77,0.4,392,5222.7,OK,,,,,
2026-05-01 18:40:37,-40,0,0,0,0,OK,,,,,
2026-05-01 18:40:53,14.2,77,0.3,392,4974.8,OK,,,,,
2026-05-01 18:41:09,14.2,77,0.1,392,4871.2,OK,,,,,
2026-05-01 18:41:25,14.2,77,0.4,392,4841.6,OK,,,,,
2026-05-01 18:41:41,14.2,77,0.1,392,4830.5,OK,,,,,
2026-05-01 18:41:57,14.2,77,0,392,4771.3,OK,,,,,
2026-05-01 18:42:13,14.2,77,0,392,4675.1,OK,,,,,
2026-05-01 18:42:29,134,166,36.3,392,4586.3,OK,,,,,
2026-05-01 18:42:45,14.1,78,0.1,392,4516,OK,,,,,
2026-05-01 18:43:01,14.1,78,0,392,4471.6,OK,,,,,
2026-05-01 18:43:17,14.1,78,0,392,4445.7,OK,,,,,
2026-05-01 18:43:33,14.1,78,0.3,392,4401.3,OK,,,,,
2026-05-01 18:43:49,14.1,78,0,392,4360.6,OK,,,,,
2026-05-01 18:44:05,14.1,78,0,392,4308.8,OK,,,,,
2026-05-01 18:44:21,14.1,78,0.1,392,4275.5,OK,,,,,
2026-05-01 18:44:37,14.1,78,0.1,392,4234.8,OK,,,,,
2026-05-01 18:44:53,57.6,227,10.9,1,530857.9,OK,,,,,
2026-05-01 18:45:09,14,78,0.1,392,4157.1,OK,,,,,
2026-05-01 18:45:25,14,78,0.1,392,4134.9,OK,,,,,
2026-05-01 18:45:41,14,78,0,392,4097.9,OK,,,,,
2026-05-01 18:45:57,14,78,0,392,4049.8,OK,,,,,
2026-05-01 18:46:13,14,78,0,392,4016.5,OK,,,,,
2026-05-01 18:46:29,14,78,0,392,3975.8,OK,,,,,
2026-05-01 18:46:45,14,78,0,392,3931.4,OK,,,,,
2026-05-01 18:47:02,14,78,0.1,392,3887,OK,,,,,
2026-05-01 18:47:17,14,78,0,392,3846.3,OK,,,,,
2026-05-01 18:47:33,14,78,0,392,3809.3,OK,,,,,
2026-05-01 18:47:49,14,78,0.6,392,3772.3,OK,,,,,
2026-05-01 18:48:05,14,78,0,392,3724.2,OK,,,,,
2026-05-01 18:48:21,14,78,0,392,3672.4,OK,,,,,
2026-05-01 18:48:37,14,78,0,392,3631.7,OK,,,,,
2026-05-01 18:48:53,14,78,0,392,3587.3,OK,,,,,
2026-05-01 18:49:09,14,78,0,392,3542.9,OK,,,,,
2026-05-01 18:49:25,14,78,0,392,3498.5,OK,,,,,
2026-05-01 18:49:41,14,78,0,392,3450.4,OK,,,,,
2026-05-01 18:49:57,14,78,0,392,3398.6,OK,,,,,
2026-05-01 18:50:13,14,78,0,392,3346.8,OK,,,,,
2026-05-01 18:50:29,14,78,0,392,3291.3,OK,,,,,
2026-05-01 18:50:45,14,78,0,392,3239.5,OK,,,,,
2026-05-01 18:51:01,14,78,0.1,392,3180.3,OK,,,,,
2026-05-01 18:51:17,14,78,0.4,392,3128.5,OK,,,,,
2026-05-01 18:51:33,14,78,0,392,3073,OK,,,,,
2026-05-01 18:51:49,14,78,0,392,3024.9,OK,,,,,
2026-05-01 18:52:05,14,78,0,392,2980.5,OK,,,,,
2026-05-01 18:52:21,14,78,0,392,2932.4,OK,,,,,
2026-05-01 18:52:37,14,78,0,392,2880.6,OK,,,,,
2026-05-01 18:53:41,14,78,0.3,392,2680.8,OK,,,,,
2026-05-01 18:53:57,14,78,0.1,392,2625.3,OK,,,,,
2026-05-01 18:54:13,14,78,0.3,392,2562.4,OK,,,,,
2026-05-01 18:54:29,14,78,0.6,392,2495.8,OK,,,,,
2026-05-01 18:54:45,14,78,0.3,392,2429.2,OK,,,,,
2026-05-01 18:55:01,14,78,0,392,2366.3,OK,,,,,
2026-05-01 18:55:17,14,78,0,392,2303.4,OK,,,,,
2026-05-01 18:55:33,14,78,0,392,2247.9,OK,,,,,
2026-05-01 18:55:49,13.9,78,0,392,2192.4,OK,,,,,
2026-05-01 18:56:05,-40,0,0,0,0,OK,,,,,
2026-05-01 18:56:21,13.9,78,0.3,392,2081.4,OK,,,,,
2026-05-01 18:56:37,13.9,78,0.3,392,2029.6,OK,,,,,
2026-05-01 18:56:53,13.9,78,0,392,1731.6,OK,,,,,
2026-05-01 18:57:09,-40,0,0,0,0,OK,,,,,
2026-05-01 18:57:25,13.9,78,0.1,392,1639.1,OK,,,,,
2026-05-01 18:57:41,13.9,78,0,392,1789.8,OK,,,,,
2026-05-01 18:57:57,13.9,78,0,392,1731.6,OK,,,,,
2026-05-01 18:58:13,13.9,78,0,392,1677.4,OK,,,,,
2026-05-01 18:58:29,13.9,78,0.1,392,1627.5,OK,,,,,
2026-05-01 18:58:45,13.9,78,0,392,1573.4,OK,,,,,
2026-05-01 18:59:01,13.9,78,0.1,392,1523.4,OK,,,,,
2026-05-01 18:59:17,13.8,78,0.1,392,1473.5,OK,,,,,
2026-05-01 18:59:33,13.9,78,0.1,392,1427.7,OK,,,,,
2026-05-01 18:59:49,13.9,79,0,392,1381.9,OK,,,,,
2026-05-01 19:00:05,13.8,79,0,392,1336.1,OK,,,,,
2026-05-01 19:00:21,13.9,79,0.1,392,1294.5,OK,,,,,
2026-05-01 19:00:37,13.9,79,0.1,392,1252.9,OK,,,,,
2026-05-01 19:00:53,-40,0,0,0,0,OK,,,,,
2026-05-01 19:01:09,13.9,79,0,392,1173.8,OK,,,,,
2026-05-01 19:01:25,116.3,79,71.7,392,1136.3,OK,,,,,
2026-05-01 19:01:41,-40,0,0,0,0,OK,,,,,
2026-05-01 19:01:57,-40,0,0,0,0,OK,,,,,
2026-05-01 19:02:29,-40,0,0,0,0,OK,,,,,
2026-05-01 19:02:45,13.9,78,0,392,982.3,OK,,,,,
2026-05-01 19:03:01,13.9,78,0,392,953.2,OK,,,,,
2026-05-01 19:03:17,13.9,78,0,392,924,OK,,,,,
2026-05-01 19:03:33,13.9,78,0,392,899.1,OK,,,,,
2026-05-01 19:03:49,13.9,78,0.1,392,869.9,OK,,,,,
2026-05-01 19:04:05,13.9,78,0.3,392,844.9,OK,,,,,
2026-05-01 19:04:21,13.9,78,0.1,392,820,OK,,,,,
2026-05-01 19:04:37,13.9,78,0,392,795,OK,,,,,
2026-05-01 19:04:53,13.9,78,1,392,774.2,OK,,,,,
2026-05-01 19:05:09,13.9,78,0.8,392,745,OK,,,,,
2026-05-01 19:06:13,-40,0,0,0,0,OK,,,,,
2026-05-01 19:07:17,13.8,78,0.1,392,619.7,OK,,,,,
2026-05-01 19:07:33,13.8,78,0,392,592,OK,,,,,
2026-05-01 19:07:49,-40,0,0,0,0,OK,,,,,
2026-05-01 19:08:05,13.8,78,0.3,392,545.7,OK,,,,,
2026-05-01 19:08:21,13.8,78,0.1,392,522.6,OK,,,,,
2026-05-01 19:08:37,13.8,78,0,392,494.8,OK,,,,,
2026-05-01 19:08:53,13.8,78,0,392,471.7,OK,,,,,
2026-05-01 19:09:25,13.8,78,0,392,425.5,OK,,,,,
2026-05-01 19:09:41,-40,0,0,0,0,OK,,,,,
2026-05-01 19:10:13,13.8,77,0.7,392,360.7,OK,,,,,
2026-05-01 19:10:45,13.8,78,0.1,392,319.1,OK,,,,,
2026-05-01 19:11:17,-40,0,0,0,0,OK,,,,,
2026-05-01 19:11:33,116.2,78,36,392,259,OK,,,,,
2026-05-01 19:11:49,13.8,78,0.6,392,240.5,OK,,,,,
2026-05-01 19:12:05,13.8,77,0.1,392,217.3,OK,,,,,
2026-05-01 19:12:21,13.7,77,0.3,392,198.8,OK,,,,,
2026-05-01 19:12:37,13.7,78,0,392,180.3,OK,,,,,
2026-05-01 19:12:53,13.7,77,0.1,392,161.8,OK,,,,,
2026-05-01 19:13:09,13.7,77,0.8,392,143.3,OK,,,,,
2026-05-01 19:13:25,13.7,77,0.3,392,129.5,OK,,,,,
2026-05-01 19:13:41,13.7,77,0.1,392,111,OK,,,,,
2026-05-01 19:13:57,13.7,77,0,392,87.8,OK,,,,,
2026-05-01 19:14:13,13.7,77,0,392,74,OK,,,,,
2026-05-01 19:14:29,13.7,77,0,392,55.5,OK,,,,,
2026-05-01 19:15:17,13.8,77,0,392,13.8,OK,,,,,
2026-05-01 19:15:33,-40,0,0,0,0,OK,,,,,
2026-05-01 19:15:49,13.8,77,0,392,0,OK,,,,,
2026-05-01 19:16:05,13.8,77,0,392,0,OK,,,,,
2026-05-01 19:17:09,-40,0,0,0,0,OK,,,,,
2026-05-01 19:17:25,-40,0,0,0,0,OK,,,,,
2026-05-01 19:17:41,13.8,76,0,392,0,OK,,,,,
2026-05-01 19:17:57,13.8,76,0.4,392,0,OK,,,,,
2026-05-01 19:18:13,13.8,76,0.7,392,0,OK,,,,,
2026-05-01 19:19:17,13.8,76,0.3,392,0,OK,,,,,
2026-05-01 19:19:33,13.8,76,0.1,392,0,OK,,,,,
2026-05-01 19:19:49,-40,0,0,0,0,OK,,,,,
2026-05-01 19:20:05,13.8,76,0,392,0,OK,,,,,
2026-05-01 19:20:21,13.8,76,0,392,0,OK,,,,,
2026-05-01 19:20:37,13.8,76,0.1,392,0,OK,,,,,
2026-05-01 19:21:41,-40,0,0,0,0,OK,,,,,
2026-05-01 19:22:45,-40,0,0,0,0,OK,,,,,
2026-05-01 19:23:01,-40,0,0,0,0,OK,,,,,
2026-05-01 19:23:17,13.7,77,0,392,0,OK,,,,,
2026-05-01 19:23:33,13.7,77,0,392,0,OK,,,,,
2026-05-01 19:23:49,13.7,77,0,392,0,OK,,,,,
2026-05-01 19:24:05,-40,0,0,0,0,OK,,,,,
2026-05-01 19:24:21,13.7,77,0,392,0,OK,,,,,
2026-05-01 19:24:37,13.7,77,0,392,0,OK,,,,,
2026-05-01 19:24:53,13.7,77,0,392,0,OK,,,,,
2026-05-01 19:25:09,13.7,77,0,392,0,OK,,,,,
2026-05-01 19:25:25,13.7,77,0,392,0,OK,,,,,
2026-05-01 19:25:41,13.7,77,0,452,0,OK,,,,,
2026-05-01 19:25:57,13.7,77,0,392,0,OK,,,,,
2026-05-01 19:26:13,13.7,77,0,392,0,OK,,,,,
2026-05-01 19:26:29,-40,0,0,0,0,OK,,,,,
2026-05-01 19:26:45,-40,0,0,0,0,OK,,,,,
2026-05-01 19:27:01,13.7,77,0,392,0,OK,,,,,
2026-05-01 19:27:17,13.7,77,0,392,0,OK,,,,,
2026-05-01 19:27:33,13.7,77,0,392,0,OK,,,,,
2026-05-01 19:27:49,13.7,77,0,392,0,OK,,,,,
2026-05-01 19:28:05,13.7,77,0,392,0,OK,,,,,
2026-05-01 19:28:21,-40,0,0,0,0,OK,,,,,
2026-05-01 19:28:37,-40,0,0,0,0,OK,,,,,
2026-05-01 19:28:53,13.7,77,0,392,0,OK,,,,,
2026-05-01 19:29:09,13.7,77,0,392,0,OK,,,,,
2026-05-01 19:29:25,13.7,77,0,392,0,OK,,,,,
2026-05-01 19:29:41,13.7,77,0,392,0,OK,,,,,
2026-05-01 19:29:57,13.7,77,0,392,0,OK,,,,,
2026-05-01 19:30:13,13.7,77,0,392,0,OK,,,,,
2026-05-01 19:30:29,13.7,77,0,392,0,OK,,,,,
2026-05-01 19:30:45,13.7,77,0,392,0,OK,,,,,
2026-05-01 19:31:01,-40,0,0,0,0,OK,,,,,
2026-05-01 19:31:17,13.7,77,0,392,0,OK,,,,,
2026-05-01 19:31:33,13.7,77,0,392,0,OK,,,,,
2026-05-01 19:31:49,13.7,77,0,392,0,OK,,,,,
2026-05-01 19:32:05,13.8,77,0,392,0,OK,,,,,
2026-05-01 19:32:21,13.7,76,0,392,0,OK,,,,,
2026-05-01 19:32:37,13.7,77,0,392,0,OK,,,,,
2026-05-01 19:32:53,13.7,77,0,392,0,OK,,,,,
2026-05-01 19:33:09,-40,0,0,0,0,OK,,,,,
2026-05-01 19:33:25,13.7,77,0,392,0,OK,,,,,
2026-05-01 19:33:41,13.7,77,0.4,392,0,OK,,,,,
2026-05-01 19:33:57,13.7,77,0,392,0,OK,,,,,
2026-05-01 19:34:13,13.7,77,0,392,0,OK,,,,,
2026-05-01 19:34:29,-40,0,0,0,0,OK,,,,,
2026-05-01 19:34:45,13.6,77,0,392,0,OK,,,,,
2026-05-01 19:35:01,13.6,77,0,392,0,OK,,,,,
2026-05-01 19:35:17,13.6,77,0,392,0,OK,,,,,
2026-05-01 19:35:33,13.6,77,0,392,0,OK,,,,,
2026-05-01 19:35:49,13.6,77,0,392,0,OK,,,,,
2026-05-01 19:36:05,13.6,77,0,392,0,OK,,,,,
2026-05-01 19:36:21,-40,0,0,0,0,OK,,,,,
2026-05-01 19:36:37,-40,0,0,0,0,OK,,,,,
2026-05-01 19:36:53,13.6,77,0,392,0,OK,,,,,
2026-05-01 19:37:09,13.6,77,0,392,0,OK,,,,,
2026-05-01 19:37:25,13.6,79,0,32648,0,OK,,,,,
2026-05-01 19:37:41,13.6,77,0,392,0,OK,,,,,
2026-05-01 19:37:57,-40,0,0,0,0,OK,,,,,
2026-05-01 19:38:13,13.6,77,0,392,0,OK,,,,,
2026-05-01 19:38:29,13.6,77,0,392,3276.8,OK,,,,,
2026-05-01 19:38:45,13.6,77,0,408,0,OK,,,,,
2026-05-01 19:39:01,13.7,77,0,392,12.8,OK,,,,,
2026-05-01 19:39:17,-40,0,0,0,0,OK,,,,,
2026-05-01 19:39:33,-40,0,0,0,0,OK,,,,,
2026-05-01 19:39:49,-40,0,0,0,0,OK,,,,,
2026-05-01 19:40:05,-40,0,0,0,0,OK,,,,,
2026-05-01 19:40:21,13.7,77,0.1,392,0,OK,,,,,
2026-05-01 19:40:37,-40,0,0,0,0,OK,,,,,
2026-05-01 19:40:53,-40,0,0,0,0,OK,,,,,
2026-05-01 19:41:09,13.7,77,0,392,0,OK,,,,,
2026-05-01 19:41:25,-40,0,0,0,0,OK,,,,,
2026-05-01 19:41:41,13.6,77,0,392,0,OK,,,,,
2026-05-01 19:41:57,-40,0,0,0,0,OK,,,,,
2026-05-01 19:42:13,13.6,77,17.9,392,0,OK,,,,,
2026-05-01 19:42:29,-40,0,0,0,0,OK,,,,,
2026-05-01 19:42:45,-40,0,0,0,0,OK,,,,,
2026-05-01 19:43:01,13.6,77,0,408,4915.2,OK,,,,,
2026-05-01 19:43:17,-40,0,0,0,0,OK,,,,,
2026-05-01 19:43:33,-40,0,0,0,0,OK,,,,,
2026-05-01 19:44:05,-40,0,0,0,0,OK,,,,,
2026-05-01 19:44:21,-40,0,0,0,0,OK,,,,,
2026-05-01 19:44:37,-40,0,0,0,0,OK,,,,,
2026-05-01 19:44:53,-40,0,0,0,0,OK,,,,,
2026-05-01 19:45:09,-40,0,0,0,0,OK,,,,,
2026-05-01 19:45:25,-40,0,0,0,0,OK,,,,,
2026-05-01 19:45:41,-40,0,0,0,0,OK,,,,,
2026-05-01 19:45:57,-40,0,0,0,0,OK,,,,,
2026-05-01 19:46:13,-40,0,0,0,0,OK,,,,,
2026-05-01 19:46:29,-40,0,0,0,0,OK,,,,,
2026-05-01 19:46:45,-40,0,0,0,0,OK,,,,,
2026-05-01 19:47:01,-40,0,0,0,0,OK,,,,,
2026-05-01 19:47:17,13.6,77,0,1928,0,OK,,,,,
2026-05-01 19:47:33,13.6,93,0,392,0,OK,,,,,
2026-05-01 19:47:49,-40,0,0,0,0,OK,,,,,
2026-05-01 19:48:05,13.6,253,17.9,392,0,OK,,,,,
2026-05-01 19:48:21,-40,0,0,0,0,OK,,,,,
2026-05-01 19:48:37,-40,0,0,0,0,OK,,,,,
2026-05-01 19:48:53,-40,0,0,0,0,OK,,,,,
2026-05-01 19:49:09,13.6,77,0,504,0,OK,,,,,
2026-05-01 19:49:25,-40,0,0,0,0,OK,,,,,
2026-05-01 19:49:41,-40,0,0,0,0,OK,,,,,
2026-05-01 19:49:57,127.6,77,35.8,392,0,OK,,,,,
2026-05-01 19:50:13,-40,0,0,0,0,OK,,,,,
2026-05-01 19:50:29,-40,0,0,0,0,OK,,,,,
2026-05-01 19:50:45,-40,0,0,0,0,OK,,,,,
2026-05-01 19:51:01,13.6,243,0,392,0,OK,,,,,
2026-05-01 19:51:17,-40,0,0,0,0,OK,,,,,
2026-05-01 19:51:49,-40,0,0,0,0,OK,,,,,
2026-05-01 19:52:05,-40,0,0,0,0,OK,,,,,
2026-05-01 19:52:21,-40,0,0,0,0,OK,,,,,
2026-05-01 19:52:37,-40,0,0,0,0,OK,,,,,
2026-05-01 19:52:53,-40,0,0,0,0,OK,,,,,
2026-05-01 19:53:09,-40,0,0,0,0,OK,,,,,
2026-05-01 19:53:25,-40,0,0,0,0,OK,,,,,
2026-05-01 19:53:41,-40,0,0,0,0,OK,,,,,
2026-05-01 19:53:57,-40,0,0,0,0,OK,,,,,
2026-05-01 19:54:13,-40,0,0,0,0,OK,,,,,
2026-05-01 19:54:29,-40,0,0,0,0,OK,,,,,
2026-05-01 19:54:45,-40,0,0,0,0,OK,,,,,
2026-05-01 19:55:01,-40,0,0,0,0,OK,,,,,
2026-05-01 19:55:17,-40,0,0,0,0,OK,,,,,
2026-05-01 19:55:33,17.5,77,0,408,0,OK,,,,,
2026-05-01 19:55:49,-40,0,0,0,0,OK,,,,,
2026-05-01 19:56:05,-40,0,0,0,0,OK,,,,,
2026-05-01 19:56:21,-40,0,0,0,0,OK,,,,,
2026-05-01 19:56:37,-40,0,0,0,0,OK,,,,,
2026-05-01 19:56:53,-40,0,0,0,0,OK,,,,,
2026-05-01 19:57:09,-40,0,0,0,0,OK,,,,,
2026-05-01 19:57:25,-40,0,0,0,0,OK,,,,,
2026-05-01 19:57:41,-40,0,0,0,0,OK,,,,,
2026-05-01 19:57:57,13.6,77,0,392,19.2,OK,,,,,
2026-05-01 19:58:13,-40,0,0,0,0,OK,,,,,
2026-05-01 19:58:29,-40,0,0,0,0,OK,,,,,
2026-05-01 19:58:45,13.6,127,0,392,0,OK,,,,,
2026-05-01 19:59:01,-40,0,0,0,0,OK,,,,,
2026-05-01 19:59:17,-40,0,0,0,0,OK,,,,,
2026-05-01 19:59:33,64.8,77,0,392,4915.2,OK,,,,,
2026-05-01 19:59:49,13.6,77,0,392,0,OK,,,,,
2026-05-01 20:00:05,-40,0,0,0,0,OK,,,,,
2026-05-01 20:00:21,-40,0,0,0,0,OK,,,,,
2026-05-01 20:00:37,-40,0,0,0,0,OK,,,,,
2026-05-01 20:00:53,-40,0,0,0,0,OK,,,,,
2026-05-01 20:01:09,-40,0,0,0,0,OK,,,,,
2026-05-01 20:01:25,-40,0,0,0,0,OK,,,,,
2026-05-01 20:01:41,-40,0,0,0,0,OK,,,,,
2026-05-01 20:01:57,13.6,76,0,392,0,OK,,,,,
2026-05-01 20:02:13,-40,0,0,0,0,OK,,,,,
2026-05-01 20:02:29,13.7,76,0,408,0,OK,,,,,
2026-05-01 20:02:45,-40,0,0,0,0,OK,,,,,
2026-05-01 20:03:01,13.7,76,0,392,0,OK,,,,,
2026-05-01 20:03:17,-40,0,0,0,0,OK,,,,,
2026-05-01 20:03:33,-40,0,0,0,0,OK,,,,,
2026-05-01 20:03:49,13.7,76,0,440,0,OK,,,,,
2026-05-01 20:04:21,-40,0,0,0,0,OK,,,,,
2026-05-01 20:04:37,-40,0,0,0,0,OK,,,,,
2026-05-01 20:04:53,-40,0,0,0,0,OK,,,,,
2026-05-01 20:05:09,-40,0,0,0,0,OK,,,,,
2026-05-01 20:05:25,-40,0,0,0,0,OK,,,,,
2026-05-01 20:05:41,-40,0,0,0,0,OK,,,,,
2026-05-01 20:06:13,-40,0,0,0,0,OK,,,,,
2026-05-01 20:06:29,13.7,76,17.9,392,0,OK,,,,,
2026-05-01 20:07:01,-40,0,0,0,0,OK,,,,,
2026-05-01 20:07:17,-40,0,0,0,0,OK,,,,,
2026-05-01 20:07:33,-40,0,0,0,0,OK,,,,,
2026-05-01 20:07:49,-40,0,0,0,0,OK,,,,,
2026-05-01 20:08:21,-40,0,0,0,0,OK,,,,,
2026-05-01 20:08:37,13.6,76,0,32648,0,OK,,,,,
2026-05-01 20:08:53,-40,0,0,0,0,OK,,,,,
2026-05-01 20:09:25,-40,0,0,0,0,OK,,,,,
2026-05-01 20:09:41,-40,0,0,0,0,OK,,,,,
2026-05-01 20:09:57,116,204,35.8,392,0,OK,,,,,
2026-05-01 20:10:13,13.6,76,0,392,0,OK,,,,,
2026-05-01 20:11:17,13.6,75,0,392,0,OK,,,,,
2026-05-01 20:12:53,13.6,75,0,392,0,OK,,,,,
2026-05-01 20:13:09,-40,0,0,0,0,OK,,,,,
2026-05-01 20:13:25,-40,0,0,0,0,OK,,,,,
2026-05-01 20:14:29,13.6,75,0,392,0,OK,,,,,
2026-05-01 20:15:01,13.6,74,0,904,0,OK,,,,,
2026-05-01 20:15:33,13.7,74,0.1,392,4940.7,OK,,,,,
2026-05-01 20:16:05,-40,0,0,0,0,OK,,,,,
2026-05-01 20:16:21,-40,0,0,0,0,OK,,,,,
2026-05-01 20:16:53,64.9,74,71.7,392,0,OK,,,,,
2026-05-01 20:17:25,116.1,73,35.8,392,0,OK,,,,,
2026-05-01 20:17:57,-40,0,0,0,0,OK,,,,,
2026-05-01 20:18:13,13.7,73,0,392,17.6,OK,,,,,
2026-05-01 20:18:29,-40,0,0,0,0,OK,,,,,
2026-05-01 20:18:45,-40,0,0,0,0,OK,,,,,
2026-05-01 20:19:01,-40,0,0,0,0,OK,,,,,
2026-05-01 20:19:17,-40,0,0,0,0,OK,,,,,
2026-05-01 20:19:33,13.7,73,0,392,0,OK,,,,,
2026-05-01 20:19:49,116.1,72,35.8,8072,0,OK,,,,,
2026-05-01 20:20:05,-40,0,0,0,0,OK,,,,,
2026-05-01 20:20:37,-40,0,0,0,0,OK,,,,,
2026-05-01 20:21:09,-40,0,0,0,0,OK,,,,,
2026-05-01 20:21:25,-40,0,0,0,0,OK,,,,,
2026-05-01 20:21:41,13.8,72,0,392,0,OK,,,,,
2026-05-01 20:21:57,23.8,164,0,392,0,OK,,,,,
2026-05-01 20:22:13,13.8,72,0,392,0,OK,,,,,
2026-05-01 20:22:29,14.2,72,0,392,0,OK,,,,,
2026-05-01 20:22:45,-40,0,0,0,0,OK,,,,,
2026-05-01 20:23:01,-40,0,0,0,0,OK,,,,,
2026-05-01 20:24:21,-40,0,0,0,0,OK,,,,,
2026-05-01 20:24:37,-40,0,0,0,0,OK,,,,,
2026-05-01 20:24:53,13.9,72,0,392,0,OK,,,,,
2026-05-01 20:26:13,13.9,72,0,392,0,OK,,,,,
2026-05-01 20:26:29,17.5,72,0,3976,0,OK,,,,,
2026-05-01 20:26:45,-40,0,0,0,0,OK,,,,,
2026-05-01 20:28:05,13.9,72,0,904,0,OK,,,,,
2026-05-01 20:28:21,116.3,89,71.7,392,0,OK,,,,,
2026-05-01 20:28:53,-40,0,0,0,0,OK,,,,,
2026-05-01 20:29:57,-40,0,0,0,0,OK,,,,,
2026-05-01 20:30:29,-40,0,0,0,0,OK,,,,,
2026-05-01 20:30:45,-40,0,0,0,0,OK,,,,,
2026-05-01 20:31:01,-40,0,0,0,0,OK,,,,,
2026-05-01 20:31:17,-40,0,0,0,0,OK,,,,,
2026-05-01 20:31:49,-40,0,0,0,0,OK,,,,,
2026-05-01 20:32:21,-40,0,0,0,0,OK,,,,,
2026-05-01 20:32:37,13.9,74,0,904,0,OK,,,,,
2026-05-01 20:32:53,13.8,74,0,392,0,OK,,,,,
2026-05-01 20:33:41,-40,0,0,0,0,OK,,,,,
2026-05-01 20:33:57,-40,0,0,0,0,OK,,,,,
2026-05-01 20:34:13,-40,0,0,0,0,OK,,,,,
2026-05-01 20:34:45,-40,0,0,0,0,OK,,,,,
2026-05-01 20:35:33,-40,0,0,0,0,OK,,,,,
2026-05-01 20:35:49,-40,0,0,0,0,OK,,,,,
2026-05-01 20:37:09,13.8,73,0,392,0,OK,,,,,
2026-05-01 20:37:25,13.8,73,0,392,0,OK,,,,,
2026-05-01 20:37:41,13.8,73,0,392,0,OK,,,,,
2026-05-01 20:37:57,13.8,121,0.4,482,838860.8,OK,,,,,
2026-05-01 20:38:13,-40,0,0,0,0,OK,,,,,
2026-05-01 20:39:17,13.9,72,0.1,392,0,OK,,,,,
2026-05-01 20:40:37,-40,0,0,0,0,OK,,,,,
2026-05-01 20:40:53,14,72,0,392,0,OK,,,,,
2026-05-01 20:41:25,-40,0,0,0,0,OK,,,,,
2026-05-01 20:41:41,-40,0,0,0,0,OK,,,,,
2026-05-01 20:41:57,-40,0,0,0,0,OK,,,,,
2026-05-01 20:42:13,14,72,17.9,392,0,OK,,,,,
2026-05-01 20:42:45,-40,0,0,0,0,OK,,,,,
2026-05-01 20:43:49,-40,0,0,0,0,OK,,,,,
2026-05-01 20:44:05,14,72,0,392,9.6,OK,,,,,
2026-05-01 20:44:21,14,72,0,504,0,OK,,,,,
2026-05-01 20:44:37,14,72,13.4,392,0,OK,,,,,
2026-05-01 20:46:29,14,72,0.1,392,0,OK,,,,,
2026-05-01 20:47:33,-40,0,0,0,0,OK,,,,,
2026-05-01 20:47:49,-40,0,0,0,0,OK,,,,,
2026-05-01 20:48:53,14,72,0.8,392,0,OK,,,,,
2026-05-01 20:49:09,-40,0,0,0,0,OK,,,,,
2026-05-01 20:49:41,14,72,0.4,392,4915.2,OK,,,,,
2026-05-01 20:50:13,14.1,71,0.3,392,0,OK,,,,,
2026-05-01 20:50:29,-40,0,0,0,0,OK,,,,,
2026-05-01 20:50:45,-40,0,0,0,0,OK,,,,,
2026-05-01 20:51:01,14.1,71,0,392,12.8,OK,,,,,
2026-05-01 20:51:17,-40,0,0,0,0,OK,,,,,
2026-05-01 20:51:33,14.1,127,0.3,392,0,OK,,,,,
2026-05-01 20:52:53,-40,0,0,0,0,OK,,,,,
2026-05-01 20:53:09,-11.5,71,35.8,392,0,OK,,,,,
2026-05-01 20:53:57,-40,0,0,0,0,OK,,,,,
2026-05-01 20:54:13,17.5,71,0,392,0,OK,,,,,
2026-05-01 20:54:29,-40,0,0,0,0,OK,,,,,
2026-05-01 20:55:33,-40,0,0,0,0,OK,,,,,
2026-05-01 20:56:05,-40,0,0,0,0,OK,,,,,
2026-05-01 20:56:21,14.1,72,0,392,0,OK,,,,,
2026-05-01 20:56:37,-40,0,0,0,0,OK,,,,,
2026-05-01 20:56:53,14.3,72,0,392,12.8,OK,,,,,
2026-05-01 20:57:09,14.1,72,0,392,0,OK,,,,,
2026-05-01 20:58:13,-40,0,0,0,0,OK,,,,,
2026-05-01 20:58:45,-40,0,0,0,0,OK,,,,,
2026-05-01 20:59:01,-40,0,0,0,0,OK,,,,,
2026-05-01 20:59:17,14.1,72,0,392,0,OK,,,,,
2026-05-01 20:59:33,-40,0,0,0,0,OK,,,,,
2026-05-01 20:59:49,-40,0,0,0,0,OK,,,,,
2026-05-01 21:00:37,-40,0,0,0,0,OK,,,,,
2026-05-01 21:00:53,14.1,72,0,392,3276.8,OK,,,,,
2026-05-01 21:01:09,14.1,72,17.9,392,0,OK,,,,,
2026-05-01 21:01:25,-40,0,0,0,0,OK,,,,,
2026-05-01 21:01:57,-40,0,0,0,0,OK,,,,,
2026-05-01 21:02:13,-40,0,0,0,0,OK,,,,,
2026-05-01 21:02:29,14.1,71,0.4,440,12.8,OK,,,,,
2026-05-01 21:03:33,-40,0,0,0,0,OK,,,,,
2026-05-01 21:03:49,-40,0,0,0,0,OK,,,,,
2026-05-01 21:04:05,14.1,72,0,392,12.8,OK,,,,,
2026-05-01 21:04:21,-40,0,0,0,0,OK,,,,,
2026-05-01 21:04:37,14,72,0.1,392,0,OK,,,,,
2026-05-01 21:04:53,-40,0,0,0,0,OK,,,,,
2026-05-01 21:05:09,14.1,72,0.1,392,0,OK,,,,,
2026-05-01 21:05:25,95.2,2,36,47104,24.3,OK,,,,,
2026-05-01 21:05:41,-40,0,0,0,0,OK,,,,,
2026-05-01 21:07:01,-40,0,0,0,0,OK,,,,,
2026-05-01 21:07:33,-40,0,0,0,0,OK,,,,,
2026-05-01 21:07:49,-40,0,0,0,0,OK,,,,,
2026-05-01 21:08:05,-40,0,0,0,0,OK,,,,,
2026-05-01 21:08:21,-40,0,0,0,0,OK,,,,,
2026-05-01 21:08:37,14.1,73,0.1,452,12.8,OK,,,,,
2026-05-01 21:08:53,14.1,73,0.1,392,9.6,OK,,,,,
2026-05-01 21:10:13,-40,0,0,0,0,OK,,,,,
2026-05-01 21:11:33,-40,0,0,0,0,OK,,,,,
2026-05-01 21:11:49,-40,0,0,0,0,OK,,,,,
2026-05-01 21:12:05,-40,0,0,0,0,OK,,,,,
2026-05-01 21:12:21,-11.4,200,49.3,392,9.6,OK,,,,,
2026-05-01 21:12:37,-40,0,0,0,0,OK,,,,,
2026-05-01 21:13:41,-40,0,0,0,0,OK,,,,,
2026-05-01 21:14:13,-40,0,0,0,0,OK,,,,,
2026-05-01 21:14:29,-40,0,0,0,0,OK,,,,,
2026-05-01 21:14:45,-40,0,0,0,0,OK,,,,,
2026-05-01 21:15:33,-40,0,0,0,0,OK,,,,,
2026-05-01 21:16:53,-40,0,0,0,0,OK,,,,,
2026-05-01 21:17:09,-40,0,0,0,0,OK,,,,,
2026-05-01 21:17:25,-40,0,0,0,0,OK,,,,,
2026-05-01 21:17:41,-40,0,0,0,0,OK,,,,,
2026-05-01 21:17:57,-40,0,0,0,0,OK,,,,,
2026-05-01 21:18:13,14.2,89,0,392,4915.2,OK,,,,,
2026-05-01 21:18:29,-40,0,0,0,0,OK,,,,,
2026-05-01 21:18:45,-40,0,0,0,0,OK,,,,,
2026-05-01 21:19:49,-40,0,0,0,0,OK,,,,,
2026-05-01 21:20:05,-40,0,0,0,0,OK,,,,,
2026-05-01 21:20:21,-40,0,0,0,0,OK,,,,,
2026-05-01 21:20:53,-40,0,0,0,0,OK,,,,,
2026-05-01 21:21:25,-40,0,0,0,0,OK,,,,,
2026-05-01 21:21:41,-40,0,0,0,0,OK,,,,,
2026-05-01 21:21:57,-40,0,0,0,0,OK,,,,,
2026-05-01 21:23:01,-40,0,0,0,0,OK,,,,,
2026-05-01 21:24:05,-40,0,0,0,0,OK,,,,,
2026-05-01 21:24:21,14.2,94,0,392,0,OK,,,,,
2026-05-01 21:24:37,-40,0,0,0,0,OK,,,,,
2026-05-01 21:24:53,-40,0,0,0,0,OK,,,,,
2026-05-01 21:25:09,14.2,74,0,392,0,OK,,,,,
2026-05-01 21:25:25,-40,0,0,0,0,OK,,,,,
2026-05-01 21:25:41,-40,0,0,0,0,OK,,,,,
2026-05-01 21:26:13,-40,0,0,0,0,OK,,,,,
2026-05-01 21:26:29,-40,0,0,0,0,OK,,,,,
2026-05-01 21:26:45,-40,0,0,0,0,OK,,,,,
2026-05-01 21:27:01,-40,0,0,0,0,OK,,,,,
2026-05-01 21:27:49,-40,0,0,0,0,OK,,,,,
2026-05-01 21:28:05,-40,0,0,0,0,OK,,,,,
2026-05-01 21:28:21,-40,0,0,0,0,OK,,,,,
2026-05-01 21:28:37,-11.4,74,35.8,392,12.8,OK,,,,,
2026-05-01 21:28:53,-40,0,0,0,0,OK,,,,,
2026-05-01 21:29:09,-40,0,0,0,0,OK,,,,,
2026-05-01 21:29:25,-40,0,0,0,0,OK,,,,,
2026-05-01 21:29:41,-40,0,0,0,0,OK,,,,,
2026-05-01 21:29:57,-40,0,0,0,0,OK,,,,,
2026-05-01 21:31:49,14.2,75,0,392,0,OK,,,,,
2026-05-01 21:32:05,-11.4,203,53.8,392,9.6,OK,,,,,
2026-05-01 21:32:21,-40,0,0,0,0,OK,,,,,
2026-05-01 21:32:37,-40,0,0,0,0,OK,,,,,
2026-05-01 21:32:53,-40,0,0,0,0,OK,,,,,
2026-05-01 21:33:09,-40,0,0,0,0,OK,,,,,
2026-05-01 21:33:57,14.2,74,0,904,0,OK,,,,,
2026-05-01 21:34:13,14.2,126,0,408,8.8,OK,,,,,
2026-05-01 21:35:33,-40,0,0,0,0,OK,,,,,
2026-05-01 21:36:37,14.2,74,0,7996,11.3,OK,,,,,
2026-05-01 21:36:53,-11.3,251,107.5,392,0,OK,,,,,
2026-05-01 21:37:09,-40,0,0,0,0,OK,,,,,
2026-05-01 21:37:25,-40,0,0,0,0,OK,,,,,
2026-05-01 21:37:41,-40,0,0,0,0,OK,,,,,
2026-05-01 21:37:57,-40,0,0,0,0,OK,,,,,
2026-05-01 21:38:13,-40,0,0,0,0,OK,,,,,
2026-05-01 21:38:29,-40,0,0,0,0,OK,,,,,
2026-05-01 21:39:33,-40,0,0,0,0,OK,,,,,
2026-05-01 21:39:49,-40,0,0,0,0,OK,,,,,
2026-05-01 21:40:21,-40,0,0,0,0,OK,,,,,
2026-05-01 21:40:37,-40,0,0,0,0,OK,,,,,
2026-05-01 21:40:53,-40,0,0,0,0,OK,,,,,
2026-05-01 21:41:09,-40,0,0,0,0,OK,,,,,
2026-05-01 21:41:41,14.1,74,0,510,838860.8,OK,,,,,
2026-05-01 21:41:57,14.1,165,0,392,0,OK,,,,,
2026-05-01 21:42:13,116.5,74,0,392,0,OK,,,,,
2026-05-01 21:42:29,-40,0,0,0,0,OK,,,,,
2026-05-01 21:42:45,14.1,74,0,408,4928,OK,,,,,
2026-05-01 21:43:01,14.1,74,0,392,0,OK,,,,,
2026-05-01 21:43:17,-40,0,0,0,0,OK,,,,,
2026-05-01 21:43:33,-40,0,0,0,0,OK,,,,,
2026-05-01 21:44:05,-40,0,0,0,0,OK,,,,,
2026-05-01 21:44:21,14.1,74,0,65416,22.4,OK,,,,,
2026-05-01 21:44:37,-40,0,0,0,0,OK,,,,,
2026-05-01 21:44:53,-40,0,0,0,0,OK,,,,,
2026-05-01 21:45:09,-40,0,0,0,0,OK,,,,,
2026-05-01 21:46:13,-40,0,0,0,0,OK,,,,,
2026-05-01 21:46:29,-40,0,0,0,0,OK,,,,,
2026-05-01 21:46:45,-40,0,0,0,0,OK,,,,,
2026-05-01 21:47:17,-40,0,0,0,0,OK,,,,,
2026-05-01 21:47:33,-40,0,0,0,0,OK,,,,,
2026-05-01 21:47:49,23.7,75,0,504,8.3,OK,,,,,
2026-05-01 21:48:05,-40,0,0,0,0,OK,,,,,
2026-05-01 21:48:37,17.5,74,0.3,392,0,OK,,,,,
2026-05-01 21:48:53,-40,0,0,0,0,OK,,,,,
2026-05-01 21:49:09,14.1,126,0.1,392,12.8,OK,,,,,
2026-05-01 21:49:25,-40,0,0,0,0,OK,,,,,
2026-05-01 21:49:41,-40,0,0,0,0,OK,,,,,
2026-05-01 21:49:57,-40,0,0,0,0,OK,,,,,
2026-05-01 21:50:29,-40,0,0,0,0,OK,,,,,
2026-05-01 21:50:45,-40,0,0,0,0,OK,,,,,
2026-05-01 21:51:01,-40,0,0,0,0,OK,,,,,
2026-05-01 21:51:17,-40,0,0,0,0,OK,,,,,
2026-05-01 21:51:49,-40,0,0,0,0,OK,,,,,
2026-05-01 21:52:21,-40,0,0,0,0,OK,,,,,
2026-05-01 21:52:37,-40,0,0,0,0,OK,,,,,
2026-05-01 21:53:09,14.1,73,0,392,0,OK,,,,,
2026-05-01 21:53:25,-40,0,0,0,0,OK,,,,,
2026-05-01 21:53:41,-40,0,0,0,0,OK,,,,,
2026-05-01 21:53:57,-40,0,0,0,0,OK,,,,,
2026-05-01 21:54:13,-40,0,0,0,0,OK,,,,,
2026-05-01 21:54:29,-40,0,0,0,0,OK,,,,,
2026-05-01 21:55:01,-40,0,0,0,0,OK,,,,,
2026-05-01 21:55:17,-11.4,73,35.8,392,0,OK,,,,,
2026-05-01 21:55:33,-40,0,0,0,0,OK,,,,,
2026-05-01 21:56:05,-40,0,0,0,0,OK,,,,,
2026-05-01 21:56:21,-40,0,0,0,0,OK,,,,,
2026-05-01 21:56:37,-40,0,0,0,0,OK,,,,,
2026-05-01 21:57:09,-40,0,0,0,0,OK,,,,,
2026-05-01 21:57:25,-40,0,0,0,0,OK,,,,,
2026-05-01 21:57:41,-40,0,0,0,0,OK,,,,,
2026-05-01 21:58:13,-40,0,0,0,0,OK,,,,,
2026-05-01 21:58:45,-40,0,0,0,0,OK,,,,,
2026-05-01 22:00:05,14.3,72,0,392,4928,OK,,,,,
2026-05-01 22:00:21,-40,0,0,0,0,OK,,,,,
2026-05-01 22:00:37,116.7,73,0.1,392,0,OK,,,,,
2026-05-01 22:00:53,-40,0,0,0,0,OK,,,,,
2026-05-01 22:01:09,-40,0,0,0,0,OK,,,,,
2026-05-01 22:01:25,-40,0,0,0,0,OK,,,,,
2026-05-01 22:01:41,-40,0,0,0,0,OK,,,,,
2026-05-01 22:01:57,-40,0,0,0,0,OK,,,,,
2026-05-01 22:02:13,-40,0,0,0,0,OK,,,,,
2026-05-01 22:02:29,-40,0,0,0,0,OK,,,,,
2026-05-01 22:02:45,-40,0,0,0,0,OK,,,,,
2026-05-01 22:03:01,-40,0,0,0,0,OK,,,,,
2026-05-01 22:03:17,-40,0,0,0,0,OK,,,,,
2026-05-01 22:03:33,-40,0,0,0,0,OK,,,,,
2026-05-01 22:04:21,-40,0,0,0,0,OK,,,,,
2026-05-01 22:04:37,-40,0,0,0,0,OK,,,,,
2026-05-01 22:05:25,-40,0,0,0,0,OK,,,,,
2026-05-01 22:05:41,-40,0,0,0,0,OK,,,,,
2026-05-01 22:05:57,-40,0,0,0,0,OK,,,,,
2026-05-01 22:06:13,-40,0,0,0,0,OK,,,,,
2026-05-01 22:06:29,116.6,72,13.4,440,3276.8,OK,,,,,
2026-05-01 22:06:45,116.6,200,35.8,452,0,OK,,,,,
2026-05-01 22:07:01,-40,0,0,0,0,OK,,,,,
2026-05-01 22:07:33,-40,0,0,0,0,OK,,,,,
2026-05-01 22:07:49,-40,0,0,0,0,OK,,,,,
2026-05-01 22:08:05,-40,0,0,0,0,OK,,,,,
2026-05-01 22:08:21,-40,0,0,0,0,OK,,,,,
2026-05-01 22:08:53,-40,0,0,0,0,OK,,,,,
2026-05-01 22:09:09,-40,0,0,0,0,OK,,,,,
2026-05-01 22:09:57,-40,0,0,0,0,OK,,,,,
2026-05-01 22:10:29,-40,0,0,0,0,OK,,,,,
2026-05-01 22:10:45,-40,0,0,0,0,OK,,,,,
2026-05-01 22:11:01,-40,0,0,0,0,OK,,,,,
2026-05-01 22:11:33,-40,0,0,0,0,OK,,,,,
2026-05-01 22:11:49,17.4,73,0,452,0,OK,,,,,
2026-05-01 22:12:05,-40,0,0,0,0,OK,,,,,
2026-05-01 22:12:21,-40,0,0,0,0,OK,,,,,
2026-05-01 22:12:37,-40,0,0,0,0,OK,,,,,
2026-05-01 22:12:53,14.2,73,0,452,0,OK,,,,,
2026-05-01 22:13:09,-40,0,0,0,0,OK,,,,,
2026-05-01 22:13:25,-40,0,0,0,0,OK,,,,,
2026-05-01 22:13:57,14.2,74,2.1,504,0,OK,,,,,
2026-05-01 22:14:29,-40,0,0,0,0,OK,,,,,
2026-05-01 22:14:45,14.2,74,0,49348,3289.6,OK,,,,,
2026-05-01 22:15:01,-40,0,0,0,0,OK,,,,,
2026-05-01 22:15:17,-40,0,0,0,0,OK,,,,,
2026-05-01 22:15:49,-40,0,0,0,0,OK,,,,,
2026-05-01 22:16:05,-40,0,0,0,0,OK,,,,,
2026-05-01 22:16:21,-40,0,0,0,0,OK,,,,,
2026-05-01 22:16:53,-40,0,0,0,0,OK,,,,,
2026-05-01 22:17:25,-40,0,0,0,0,OK,,,,,
2026-05-01 22:17:41,-40,0,0,0,0,OK,,,,,
2026-05-01 22:17:57,-40,0,0,0,0,OK,,,,,
2026-05-01 22:18:13,-40,0,0,0,0,OK,,,,,
2026-05-01 22:18:29,-40,0,0,0,0,OK,,,,,
2026-05-01 22:19:01,-40,0,0,0,0,OK,,,,,
2026-05-01 22:19:17,-40,0,0,0,0,OK,,,,,
2026-05-01 22:19:33,-40,0,0,0,0,OK,,,,,
2026-05-01 22:20:21,-40,0,0,0,0,OK,,,,,
2026-05-01 22:20:37,-40,0,0,0,0,OK,,,,,
2026-05-01 22:20:53,-40,0,0,0,0,OK,,,,,
2026-05-01 22:21:09,-40,0,0,0,0,OK,,,,,
2026-05-01 22:21:57,-40,0,0,0,0,OK,,,,,
2026-05-01 22:22:13,-40,0,0,0,0,OK,,,,,
2026-05-01 22:23:01,-40,0,0,0,0,OK,,,,,
2026-05-01 22:23:17,-40,0,0,0,0,OK,,,,,
2026-05-01 22:23:33,-40,0,0,0,0,OK,,,,,
2026-05-01 22:23:49,164.7,127,36.8,392,0,OK,,,,,
2026-05-01 22:24:05,-40,0,0,0,0,OK,,,,,
2026-05-01 22:24:37,-40,0,0,0,0,OK,,,,,
2026-05-01 22:24:53,-40,0,0,0,0,OK,,,,,
2026-05-01 22:25:09,-40,0,0,0,0,OK,,,,,
2026-05-01 22:25:25,116.5,207,0,392,0,OK,,,,,
2026-05-01 22:25:41,-40,0,0,0,0,OK,,,,,
2026-05-01 22:25:57,-40,0,0,0,0,OK,,,,,
2026-05-01 22:26:13,-40,0,0,0,0,OK,,,,,
2026-05-01 22:26:29,-40,0,0,0,0,OK,,,,,
2026-05-01 22:26:45,-40,0,0,0,0,OK,,,,,
2026-05-01 22:27:17,-40,0,0,0,0,OK,,,,,
2026-05-01 22:27:33,-40,0,0,0,0,OK,,,,,
2026-05-01 22:28:05,-40,0,0,0,0,OK,,,,,
2026-05-01 22:28:21,-40,0,0,0,0,OK,,,,,
2026-05-01 22:28:37,-40,0,0,0,0,OK,,,,,
2026-05-01 22:28:53,-40,0,0,0,0,OK,,,,,
2026-05-01 22:29:09,14.3,204,0,452,25.4,OK,,,,,
2026-05-01 22:29:25,-40,0,0,0,0,OK,,,,,
2026-05-01 22:29:41,-40,0,0,0,0,OK,,,,,
2026-05-01 22:29:57,-40,0,0,0,0,OK,,,,,
2026-05-01 22:30:13,-40,0,0,0,0,OK,,,,,
2026-05-01 22:30:29,-40,0,0,0,0,OK,,,,,
2026-05-01 22:30:45,-40,0,0,0,0,OK,,,,,
2026-05-01 22:31:01,-40,0,0,0,0,OK,,,,,
2026-05-01 22:31:17,-40,0,0,0,0,OK,,,,,
2026-05-01 22:31:33,-40,0,0,0,0,OK,,,,,
2026-05-01 22:31:49,-40,0,0,0,0,OK,,,,,
2026-05-01 22:32:05,-40,0,0,0,0,OK,,,,,
2026-05-01 22:32:21,-40,0,0,0,0,OK,,,,,
2026-05-01 22:32:37,-40,0,0,0,0,OK,,,,,
2026-05-01 22:32:53,-40,0,0,0,0,OK,,,,,
2026-05-01 22:33:09,14,204,13.4,3976,0,OK,,,,,
2026-05-01 22:33:25,-40,0,0,0,0,OK,,,,,
2026-05-01 22:33:41,-40,0,0,0,0,OK,,,,,
2026-05-01 22:33:57,-40,0,0,0,0,OK,,,,,
2026-05-01 22:34:13,-40,0,0,0,0,OK,,,,,
2026-05-01 22:34:29,-40,0,0,0,0,OK,,,,,
2026-05-01 22:34:45,-40,0,0,0,0,OK,,,,,
2026-05-01 22:35:01,-40,0,0,0,0,OK,,,,,
2026-05-01 22:35:17,-40,0,0,0,0,OK,,,,,
2026-05-01 22:35:33,-40,0,0,0,0,OK,,,,,
2026-05-01 22:35:49,-40,0,0,0,0,OK,,,,,
2026-05-01 22:36:05,36.4,76,0.1,504,3276.8,OK,,,,,
2026-05-01 22:36:21,116.4,76,36,392,24,OK,,,,,
2026-05-01 22:36:37,-40,0,0,0,0,OK,,,,,
2026-05-01 22:36:53,153.4,76,35.8,392,12.8,OK,,,,,
2026-05-01 22:37:09,-40,0,0,0,0,OK,,,,,
2026-05-01 22:37:25,-40,0,0,0,0,OK,,,,,
2026-05-01 22:37:41,-40,0,0,0,0,OK,,,,,
2026-05-01 22:37:57,-40,0,0,0,0,OK,,,,,
2026-05-01 22:38:13,-40,0,0,0,0,OK,,,,,
2026-05-01 22:38:29,116.4,76,72.1,392,0,OK,,,,,
2026-05-01 22:38:45,-40,0,0,0,0,OK,,,,,
2026-05-01 22:39:01,-40,0,0,0,0,OK,,,,,
2026-05-01 22:39:17,-40,0,0,0,0,OK,,,,,
2026-05-01 22:39:33,-40,0,0,0,0,OK,,,,,
2026-05-01 22:39:49,-40,0,0,0,0,OK,,,,,
2026-05-01 22:40:05,-40,0,0,0,0,OK,,,,,
2026-05-01 22:40:21,-40,0,0,0,0,OK,,,,,
2026-05-01 22:40:37,-40,0,0,0,0,OK,,,,,
2026-05-01 22:40:53,-40,0,0,0,0,OK,,,,,
2026-05-01 22:41:09,-40,0,0,0,0,OK,,,,,
2026-05-01 22:41:25,-40,0,0,0,0,OK,,,,,
2026-05-01 22:41:41,-40,0,0,0,0,OK,,,,,
2026-05-01 22:41:57,-40,0,0,0,0,OK,,,,,
2026-05-01 22:42:13,-40,0,0,0,0,OK,,,,,
2026-05-01 22:42:45,-40,0,0,0,0,OK,,,,,
2026-05-01 22:43:17,-40,0,0,0,0,OK,,,,,
2026-05-01 22:43:33,-40,0,0,0,0,OK,,,,,
2026-05-01 22:44:37,-40,0,0,0,0,OK,,,,,
2026-05-01 22:44:53,-40,0,0,0,0,OK,,,,,
2026-05-01 22:45:09,-40,0,0,0,0,OK,,,,,
2026-05-01 22:45:25,-40,0,0,0,0,OK,,,,,
2026-05-01 22:45:57,-40,0,0,0,0,OK,,,,,
2026-05-01 22:46:13,-40,0,0,0,0,OK,,,,,
2026-05-01 22:46:45,-40,0,0,0,0,OK,,,,,
2026-05-01 22:47:01,-40,0,0,0,0,OK,,,,,
2026-05-01 22:47:17,39.7,75,35.8,452,4937.6,OK,,,,,
2026-05-01 22:47:33,-40,0,0,0,0,OK,,,,,
2026-05-01 22:47:49,-40,0,0,0,0,OK,,,,,
2026-05-01 22:48:21,-40,0,0,0,0,OK,,,,,
2026-05-01 22:48:37,-40,0,0,0,0,OK,,,,,
2026-05-01 22:48:53,-40,0,0,0,0,OK,,,,,
2026-05-01 22:49:09,-40,0,0,0,0,OK,,,,,
2026-05-01 22:49:25,-40,0,0,0,0,OK,,,,,
2026-05-01 22:49:41,-40,0,0,0,0,OK,,,,,
2026-05-01 22:49:57,-40,0,0,0,0,OK,,,,,
2026-05-01 22:50:13,-40,0,0,0,0,OK,,,,,
2026-05-01 22:50:45,-40,0,0,0,0,OK,,,,,
2026-05-01 22:51:01,-40,0,0,0,0,OK,,,,,
2026-05-01 22:51:17,-40,0,0,0,0,OK,,,,,
2026-05-01 22:51:33,-40,0,0,0,0,OK,,,,,
2026-05-01 22:51:49,-40,0,0,0,0,OK,,,,,
2026-05-01 22:52:05,-40,0,0,0,0,OK,,,,,
2026-05-01 22:52:21,-40,0,0,0,0,OK,,,,,
2026-05-01 22:52:37,-40,0,0,0,0,OK,,,,,
2026-05-01 22:52:53,-40,0,0,0,0,OK,,,,,
2026-05-01 22:53:25,-40,0,0,0,0,OK,,,,,
2026-05-01 22:53:41,-40,0,0,0,0,OK,,,,,
2026-05-01 22:54:13,-40,0,0,0,0,OK,,,,,
2026-05-01 22:54:29,-40,0,0,0,0,OK,,,,,
2026-05-01 22:54:45,-40,0,0,0,0,OK,,,,,
2026-05-01 22:55:01,-40,0,0,0,0,OK,,,,,
2026-05-01 22:55:33,-40,0,0,0,0,OK,,,,,
2026-05-01 22:55:49,-40,0,0,0,0,OK,,,,,
2026-05-01 22:56:05,-40,0,0,0,0,OK,,,,,
2026-05-01 22:56:21,-40,0,0,0,0,OK,,,,,
2026-05-01 22:56:37,-40,0,0,0,0,OK,,,,,
2026-05-01 22:56:53,-40,0,0,0,0,OK,,,,,
2026-05-01 22:57:09,-40,0,0,0,0,OK,,,,,
2026-05-01 22:57:25,-40,0,0,0,0,OK,,,,,
2026-05-01 22:57:41,-40,0,0,0,0,OK,,,,,
2026-05-01 22:57:57,-40,0,0,0,0,OK,,,,,
2026-05-01 22:58:13,-40,0,0,0,0,OK,,,,,
2026-05-01 22:58:29,-40,0,0,0,0,OK,,,,,
2026-05-01 22:59:01,-40,0,0,0,0,OK,,,,,
2026-05-01 22:59:17,-40,0,0,0,0,OK,,,,,
2026-05-01 22:59:33,-40,0,0,0,0,OK,,,,,
2026-05-01 22:59:49,-40,0,0,0,0,OK,,,,,
2026-05-01 23:00:05,-40,0,0,0,0,OK,,,,,
2026-05-01 23:00:21,-40,0,0,0,0,OK,,,,,
2026-05-01 23:00:37,-40,0,0,0,0,OK,,,,,
2026-05-01 23:00:53,-40,0,0,0,0,OK,,,,,
2026-05-01 23:01:09,-40,0,0,0,0,OK,,,,,
2026-05-01 23:01:25,-40,0,0,0,0,OK,,,,,
2026-05-01 23:01:41,-40,0,0,0,0,OK,,,,,
2026-05-01 23:01:57,-40,0,0,0,0,OK,,,,,
2026-05-01 23:02:13,-40,0,0,0,0,OK,,,,,
2026-05-01 23:02:45,-40,0,0,0,0,OK,,,,,
2026-05-01 23:03:01,-40,0,0,0,0,OK,,,,,
2026-05-01 23:03:17,-40,0,0,0,0,OK,,,,,
2026-05-01 23:03:33,-40,0,0,0,0,OK,,,,,
2026-05-01 23:03:49,-40,0,0,0,0,OK,,,,,
2026-05-01 23:04:05,-40,0,0,0,0,OK,,,,,
2026-05-01 23:04:21,-40,0,0,0,0,OK,,,,,
2026-05-01 23:05:09,13.9,252,17.9,2018,0,OK,,,,,
2026-05-01 23:05:25,-40,0,0,0,0,OK,,,,,
2026-05-01 23:05:41,-40,0,0,0,0,OK,,,,,
2026-05-01 23:05:57,-40,0,0,0,0,OK,,,,,
2026-05-01 23:06:13,-40,0,0,0,0,OK,,,,,
2026-05-01 23:06:45,-40,0,0,0,0,OK,,,,,
2026-05-01 23:07:01,-40,0,0,0,0,OK,,,,,
2026-05-01 23:07:17,-40,0,0,0,0,OK,,,,,
2026-05-01 23:07:33,-40,0,0,0,0,OK,,,,,
2026-05-01 23:07:49,-40,0,0,0,0,OK,,,,,
2026-05-01 23:08:05,-40,0,0,0,0,OK,,,,,
2026-05-01 23:08:53,-40,0,0,0,0,OK,,,,,
2026-05-01 23:09:09,-40,0,0,0,0,OK,,,,,
2026-05-01 23:09:25,-40,0,0,0,0,OK,,,,,
2026-05-01 23:09:41,36.3,75,0.3,452,0,OK,,,,,
2026-05-01 23:09:57,-40,0,0,0,0,OK,,,,,
2026-05-01 23:10:13,-40,0,0,0,0,OK,,,,,
2026-05-01 23:10:29,-40,0,0,0,0,OK,,,,,
2026-05-01 23:11:01,-40,0,0,0,0,OK,,,,,
2026-05-01 23:11:17,-40,0,0,0,0,OK,,,,,
2026-05-01 23:11:33,-40,0,0,0,0,OK,,,,,
2026-05-01 23:11:49,-40,0,0,0,0,OK,,,,,
2026-05-01 23:12:05,-40,0,0,0,0,OK,,,,,
2026-05-01 23:12:21,-40,0,0,0,0,OK,,,,,
2026-05-01 23:12:37,-40,0,0,0,0,OK,,,,,
2026-05-01 23:12:53,-40,0,0,0,0,OK,,,,,
2026-05-01 23:13:09,-40,0,0,0,0,OK,,,,,
2026-05-01 23:13:25,-40,0,0,0,0,OK,,,,,
2026-05-01 23:13:41,-40,0,0,0,0,OK,,,,,
2026-05-01 23:13:57,-40,0,0,0,0,OK,,,,,
2026-05-01 23:14:13,-40,0,0,0,0,OK,,,,,
2026-05-01 23:14:29,-40,0,0,0,0,OK,,,,,
2026-05-01 23:14:45,-40,0,0,0,0,OK,,,,,
2026-05-01 23:15:01,-40,0,0,0,0,OK,,,,,
2026-05-01 23:15:33,-40,0,0,0,0,OK,,,,,
2026-05-01 23:16:05,-40,0,0,0,0,OK,,,,,
2026-05-01 23:16:21,-40,0,0,0,0,OK,,,,,
2026-05-01 23:16:37,-40,0,0,0,0,OK,,,,,
2026-05-01 23:16:53,-40,0,0,0,0,OK,,,,,
2026-05-01 23:17:09,-40,0,0,0,0,OK,,,,,
2026-05-01 23:17:25,-40,0,0,0,0,OK,,,,,
2026-05-01 23:17:41,-40,0,0,0,0,OK,,,,,
2026-05-01 23:17:57,-40,0,0,0,0,OK,,,,,
2026-05-01 23:18:13,-40,0,0,0,0,OK,,,,,
2026-05-01 23:18:29,-40,0,0,0,0,OK,,,,,
2026-05-01 23:19:01,-40,0,0,0,0,OK,,,,,
2026-05-01 23:19:17,-40,0,0,0,0,OK,,,,,
2026-05-01 23:19:33,-40,0,0,0,0,OK,,,,,
2026-05-01 23:19:49,-40,0,0,0,0,OK,,,,,
2026-05-01 23:20:05,-40,0,0,0,0,OK,,,,,
2026-05-01 23:20:53,-40,0,0,0,0,OK,,,,,
2026-05-01 23:21:09,-40,0,0,0,0,OK,,,,,
2026-05-01 23:21:25,164.7,76,44,392,0,OK,,,,,
2026-05-01 23:21:41,-40,0,0,0,0,OK,,,,,
2026-05-01 23:21:57,-40,0,0,0,0,OK,,,,,
2026-05-01 23:22:13,-40,0,0,0,0,OK,,,,,
2026-05-01 23:22:45,-40,0,0,0,0,OK,,,,,
2026-05-01 23:23:17,-40,0,0,0,0,OK,,,,,
2026-05-01 23:23:33,-40,0,0,0,0,OK,,,,,
2026-05-01 23:23:49,-40,0,0,0,0,OK,,,,,
2026-05-01 23:24:05,-40,0,0,0,0,OK,,,,,
2026-05-01 23:24:21,-40,0,0,0,0,OK,,,,,
2026-05-01 23:24:37,-40,0,0,0,0,OK,,,,,
2026-05-01 23:24:53,-40,0,0,0,0,OK,,,,,
2026-05-01 23:25:09,-40,0,0,0,0,OK,,,,,
2026-05-01 23:25:25,-40,0,0,0,0,OK,,,,,
2026-05-01 23:25:41,-40,0,0,0,0,OK,,,,,
2026-05-01 23:25:57,-40,0,0,0,0,OK,,,,,
2026-05-01 23:26:13,-40,0,0,0,0,OK,,,,,
2026-05-01 23:26:45,-40,0,0,0,0,OK,,,,,
2026-05-01 23:27:01,-40,0,0,0,0,OK,,,,,
2026-05-01 23:27:17,-40,0,0,0,0,OK,,,,,
2026-05-01 23:27:33,-40,0,0,0,0,OK,,,,,
2026-05-01 23:28:05,116.5,203,35.8,452,838860.8,OK,,,,,
2026-05-01 23:28:37,-40,0,0,0,0,OK,,,,,
2026-05-01 23:28:53,-40,0,0,0,0,OK,,,,,
2026-05-01 23:29:09,-40,0,0,0,0,OK,,,,,
2026-05-01 23:29:25,-40,0,0,0,0,OK,,,,,
2026-05-01 23:29:41,-40,0,0,0,0,OK,,,,,
2026-05-01 23:29:57,-40,0,0,0,0,OK,,,,,
2026-05-01 23:30:13,-40,0,0,0,0,OK,,,,,
2026-05-01 23:30:29,14.1,91,17.9,504,0,OK,,,,,
2026-05-01 23:30:45,116.6,223,0,1988,0,OK,,,,,
2026-05-01 23:31:01,-40,0,0,0,0,OK,,,,,
2026-05-01 23:31:17,-40,0,0,0,0,OK,,,,,
2026-05-01 23:31:33,-40,0,0,0,0,OK,,,,,
2026-05-01 23:31:49,-40,0,0,0,0,OK,,,,,
2026-05-01 23:32:05,-40,0,0,0,0,OK,,,,,
2026-05-01 23:32:21,-40,0,0,0,0,OK,,,,,
2026-05-01 23:32:37,-40,0,0,0,0,OK,,,,,
2026-05-01 23:32:53,-40,0,0,0,0,OK,,,,,
2026-05-01 23:33:09,-40,0,0,0,0,OK,,,,,
2026-05-01 23:33:25,-40,0,0,0,0,OK,,,,,
2026-05-01 23:33:41,-40,0,0,0,0,OK,,,,,
2026-05-01 23:33:57,-40,0,0,0,0,OK,,,,,
2026-05-01 23:34:13,-40,0,0,0,0,OK,,,,,
2026-05-01 23:34:29,-40,0,0,0,0,OK,,,,,
2026-05-01 23:34:45,-40,0,0,0,0,OK,,,,,
2026-05-01 23:35:01,-40,0,0,0,0,OK,,,,,
2026-05-01 23:35:17,-40,0,0,0,0,OK,,,,,
2026-05-01 23:35:49,-40,0,0,0,0,OK,,,,,
2026-05-01 23:36:05,-40,0,0,0,0,OK,,,,,
2026-05-01 23:36:21,-40,0,0,0,0,OK,,,,,
2026-05-01 23:36:37,-40,0,0,0,0,OK,,,,,
2026-05-01 23:36:53,-40,0,0,0,0,OK,,,,,
2026-05-01 23:37:09,-40,0,0,0,0,OK,,,,,
2026-05-01 23:37:25,-40,0,0,0,0,OK,,,,,
2026-05-01 23:37:41,-40,0,0,0,0,OK,,,,,
2026-05-01 23:37:57,-40,0,0,0,0,OK,,,,,
2026-05-01 23:38:13,-40,0,0,0,0,OK,,,,,
2026-05-01 23:38:45,-40,0,0,0,0,OK,,,,,
2026-05-01 23:39:01,-40,0,0,0,0,OK,,,,,
2026-05-01 23:39:17,-40,0,0,0,0,OK,,,,,
2026-05-01 23:39:49,-40,0,0,0,0,OK,,,,,
2026-05-01 23:40:05,-40,0,0,0,0,OK,,,,,
2026-05-01 23:40:21,-40,0,0,0,0,OK,,,,,
2026-05-01 23:40:37,-40,0,0,0,0,OK,,,,,
2026-05-01 23:41:09,-40,0,0,0,0,OK,,,,,
2026-05-01 23:41:25,-40,0,0,0,0,OK,,,,,
2026-05-01 23:41:57,-40,0,0,0,0,OK,,,,,
2026-05-01 23:42:13,-40,0,0,0,0,OK,,,,,
2026-05-01 23:42:29,-40,0,0,0,0,OK,,,,,
2026-05-01 23:42:45,-40,0,0,0,0,OK,,,,,
2026-05-01 23:43:01,-40,0,0,0,0,OK,,,,,
2026-05-01 23:43:17,-40,0,0,0,0,OK,,,,,
2026-05-01 23:43:33,-40,0,0,0,0,OK,,,,,
2026-05-01 23:43:49,-40,0,0,0,0,OK,,,,,
2026-05-01 23:44:05,-40,0,0,0,0,OK,,,,,
2026-05-01 23:44:21,-40,0,0,0,0,OK,,,,,
2026-05-01 23:44:37,-40,0,0,0,0,OK,,,,,
2026-05-01 23:44:53,-40,0,0,0,0,OK,,,,,
2026-05-01 23:45:09,-40,0,0,0,0,OK,,,,,
2026-05-01 23:45:25,-40,0,0,0,0,OK,,,,,
2026-05-01 23:45:41,-40,0,0,0,0,OK,,,,,
2026-05-01 23:45:57,-40,0,0,0,0,OK,,,,,
2026-05-01 23:46:13,-40,0,0,0,0,OK,,,,,
2026-05-01 23:46:29,-40,0,0,0,0,OK,,,,,
2026-05-01 23:46:45,-40,0,0,0,0,OK,,,,,
2026-05-01 23:47:01,-40,0,0,0,0,OK,,,,,
2026-05-01 23:47:17,-40,0,0,0,0,OK,,,,,
2026-05-01 23:47:33,14,76,0,392,4934.4,OK,,,,,
2026-05-01 23:47:49,-40,0,0,0,0,OK,,,,,
2026-05-01 23:48:05,-40,0,0,0,0,OK,,,,,
2026-05-01 23:48:21,-40,0,0,0,0,OK,,,,,
2026-05-01 23:48:37,-40,0,0,0,0,OK,,,,,
2026-05-01 23:48:53,-40,0,0,0,0,OK,,,,,
2026-05-01 23:49:09,-40,0,0,0,0,OK,,,,,
2026-05-01 23:49:25,-40,0,0,0,0,OK,,,,,
2026-05-01 23:49:41,-40,0,0,0,0,OK,,,,,
2026-05-01 23:49:57,-40,0,0,0,0,OK,,,,,
2026-05-01 23:50:13,-40,0,0,0,0,OK,,,,,
2026-05-01 23:50:29,-40,0,0,0,0,OK,,,,,
2026-05-01 23:50:45,-40,0,0,0,0,OK,,,,,
2026-05-01 23:51:01,127.8,76,36,8072,0,OK,,,,,
2026-05-01 23:51:49,-40,0,0,0,0,OK,,,,,
2026-05-01 23:52:05,-40,0,0,0,0,OK,,,,,
2026-05-01 23:52:21,-40,0,0,0,0,OK,,,,,
2026-05-01 23:52:37,-40,0,0,0,0,OK,,,,,
2026-05-01 23:52:53,-40,0,0,0,0,OK,,,,,
2026-05-01 23:53:25,-40,0,0,0,0,OK,,,,,
2026-05-01 23:54:13,-40,0,0,0,0,OK,,,,,
2026-05-01 23:54:29,-40,0,0,0,0,OK,,,,,
2026-05-01 23:54:45,-40,0,0,0,0,OK,,,,,
2026-05-01 23:55:01,-40,0,0,0,0,OK,,,,,
2026-05-01 23:55:17,-40,0,0,0,0,OK,,,,,
2026-05-01 23:55:33,-40,0,0,0,0,OK,,,,,
2026-05-01 23:55:49,-40,0,0,0,0,OK,,,,,
2026-05-01 23:56:05,-40,0,0,0,0,OK,,,,,
2026-05-01 23:56:21,-40,0,0,0,0,OK,,,,,
2026-05-01 23:56:53,-40,0,0,0,0,OK,,,,,
2026-05-01 23:57:09,-40,0,0,0,0,OK,,,,,
2026-05-01 23:57:25,-40,0,0,0,0,OK,,,,,
2026-05-01 23:57:41,-40,0,0,0,0,OK,,,,,
2026-05-01 23:57:57,-40,0,0,0,0,OK,,,,,
2026-05-01 23:58:13,10.8,142,12.7,1,3276.8,OK,,,,,
2026-05-01 23:58:29,-40,0,0,0,0,OK,,,,,
2026-05-01 23:58:45,-40,0,0,0,0,OK,,,,,
2026-05-01 23:59:01,-40,0,0,0,0,OK,,,,,
2026-05-01 23:59:17,-40,0,0,0,0,OK,,,,,
2026-05-01 23:59:33,-40,0,0,0,0,OK,,,,,
2026-05-02 0:00:05,-40,0,0,0,0,OK,,,,,
2026-05-02 0:00:21,-40,0,0,0,0,OK,,,,,
2026-05-02 0:00:37,-40,0,0,0,0,OK,,,,,
2026-05-02 0:00:53,-40,0,0,0,0,OK,,,,,
2026-05-02 0:01:09,-40,0,0,0,0,OK,,,,,
2026-05-02 0:01:25,-40,0,0,0,0,OK,,,,,
2026-05-02 0:01:41,-40,0,0,0,0,OK,,,,,
2026-05-02 0:01:57,-40,0,0,0,0,OK,,,,,
2026-05-02 0:02:13,-40,0,0,0,0,OK,,,,,
2026-05-02 0:02:45,14,91,0,904,0,OK,,,,,
2026-05-02 0:03:01,116.5,75,0,392,0,OK,,,,,
2026-05-02 0:03:17,-40,0,0,0,0,OK,,,,,
2026-05-02 0:03:33,-40,0,0,0,0,OK,,,,,
2026-05-02 0:04:05,-40,0,0,0,0,OK,,,,,
2026-05-02 0:04:21,-40,0,0,0,0,OK,,,,,
2026-05-02 0:04:37,-40,0,0,0,0,OK,,,,,
2026-05-02 0:04:53,-40,0,0,0,0,OK,,,,,
2026-05-02 0:05:09,-40,0,0,0,0,OK,,,,,
2026-05-02 0:05:25,-40,0,0,0,0,OK,,,,,
2026-05-02 0:05:41,-40,0,0,0,0,OK,,,,,
2026-05-02 0:05:57,-40,0,0,0,0,OK,,,,,
2026-05-02 0:06:13,-40,0,0,0,0,OK,,,,,
2026-05-02 0:06:29,-40,0,0,0,0,OK,,,,,
2026-05-02 0:06:45,-40,0,0,0,0,OK,,,,,
2026-05-02 0:07:01,-40,0,0,0,0,OK,,,,,
2026-05-02 0:07:17,-40,0,0,0,0,OK,,,,,
2026-05-02 0:07:33,-40,0,0,0,0,OK,,,,,
2026-05-02 0:07:49,-40,0,0,0,0,OK,,,,,
2026-05-02 0:08:05,-40,0,0,0,0,OK,,,,,
2026-05-02 0:08:37,-40,0,0,0,0,OK,,,,,
2026-05-02 0:08:53,-40,0,0,0,0,OK,,,,,
2026-05-02 0:09:09,-40,0,0,0,0,OK,,,,,
2026-05-02 0:09:25,-40,0,0,0,0,OK,,,,,
2026-05-02 0:09:41,-40,0,0,0,0,OK,,,,,
2026-05-02 0:09:57,-40,0,0,0,0,OK,,,,,
2026-05-02 0:10:13,-40,0,0,0,0,OK,,,,,
2026-05-02 0:10:29,-40,0,0,0,0,OK,,,,,
2026-05-02 0:10:45,-40,0,0,0,0,OK,,,,,
2026-05-02 0:11:01,-40,0,0,0,0,OK,,,,,
2026-05-02 0:11:17,-40,0,0,0,0,OK,,,,,
2026-05-02 0:11:33,-40,0,0,0,0,OK,,,,,
2026-05-02 0:11:49,-40,0,0,0,0,OK,,,,,
2026-05-02 0:12:05,-40,0,0,0,0,OK,,,,,
2026-05-02 0:12:21,-40,0,0,0,0,OK,,,,,
2026-05-02 0:12:37,-40,0,0,0,0,OK,,,,,
2026-05-02 0:12:53,-40,0,0,0,0,OK,,,,,
2026-05-02 0:13:09,-40,0,0,0,0,OK,,,,,
2026-05-02 0:13:41,-40,0,0,0,0,OK,,,,,
2026-05-02 0:13:57,-40,0,0,0,0,OK,,,,,
2026-05-02 0:14:13,-40,0,0,0,0,OK,,,,,
2026-05-02 0:14:29,-40,0,0,0,0,OK,,,,,
2026-05-02 0:14:45,-40,0,0,0,0,OK,,,,,
2026-05-02 0:15:01,-40,0,0,0,0,OK,,,,,
2026-05-02 0:15:17,-40,0,0,0,0,OK,,,,,
2026-05-02 0:15:33,-40,0,0,0,0,OK,,,,,
2026-05-02 0:15:49,-40,0,0,0,0,OK,,,,,
2026-05-02 0:16:37,116.4,76,35.8,392,0,OK,,,,,
2026-05-02 0:16:53,-40,0,0,0,0,OK,,,,,
2026-05-02 0:17:09,-40,0,0,0,0,OK,,,,,
2026-05-02 0:17:25,-40,0,0,0,0,OK,,,,,
2026-05-02 0:17:41,-40,0,0,0,0,OK,,,,,
2026-05-02 0:17:57,-40,0,0,0,0,OK,,,,,
2026-05-02 0:18:45,-40,0,0,0,0,OK,,,,,
2026-05-02 0:19:01,-40,0,0,0,0,OK,,,,,
2026-05-02 0:19:33,-40,0,0,0,0,OK,,,,,
2026-05-02 0:19:49,-40,0,0,0,0,OK,,,,,
2026-05-02 0:20:05,-40,0,0,0,0,OK,,,,,
2026-05-02 0:20:21,-40,0,0,0,0,OK,,,,,
2026-05-02 0:20:53,-40,0,0,0,0,OK,,,,,
2026-05-02 0:21:09,-40,0,0,0,0,OK,,,,,
2026-05-02 0:21:25,-40,0,0,0,0,OK,,,,,
2026-05-02 0:21:41,-40,0,0,0,0,OK,,,,,
2026-05-02 0:21:57,-40,0,0,0,0,OK,,,,,
2026-05-02 0:22:13,-40,0,0,0,0,OK,,,,,
2026-05-02 0:22:29,-40,0,0,0,0,OK,,,,,
2026-05-02 0:23:01,-40,0,0,0,0,OK,,,,,
2026-05-02 0:23:17,-40,0,0,0,0,OK,,,,,
2026-05-02 0:23:49,-40,0,0,0,0,OK,,,,,
2026-05-02 0:24:21,-40,0,0,0,0,OK,,,,,
2026-05-02 0:24:53,-40,0,0,0,0,OK,,,,,
2026-05-02 0:25:09,-40,0,0,0,0,OK,,,,,
2026-05-02 0:25:25,-40,0,0,0,0,OK,,,,,
2026-05-02 0:25:41,17.2,211,0,8072,0,OK,,,,,
2026-05-02 0:26:13,-40,0,0,0,0,OK,,,,,
2026-05-02 0:26:29,-40,0,0,0,0,OK,,,,,
2026-05-02 0:26:45,-40,0,0,0,0,OK,,,,,
2026-05-02 0:27:01,-40,0,0,0,0,OK,,,,,
2026-05-02 0:27:17,-40,0,0,0,0,OK,,,,,
2026-05-02 0:27:33,-40,0,0,0,0,OK,,,,,
2026-05-02 0:27:49,-40,0,0,0,0,OK,,,,,
2026-05-02 0:28:05,-40,0,0,0,0,OK,,,,,
2026-05-02 0:28:37,14,205,0,392,0,OK,,,,,
2026-05-02 0:28:53,-40,0,0,0,0,OK,,,,,
2026-05-02 0:29:25,-40,0,0,0,0,OK,,,,,
2026-05-02 0:29:57,-40,0,0,0,0,OK,,,,,
2026-05-02 0:30:13,-40,0,0,0,0,OK,,,,,
2026-05-02 0:30:29,17.2,243,0,3976,0,OK,,,,,
2026-05-02 0:30:45,-40,0,0,0,0,OK,,,,,
2026-05-02 0:31:01,-40,0,0,0,0,OK,,,,,
2026-05-02 0:31:17,-40,0,0,0,0,OK,,,,,
2026-05-02 0:31:33,-40,0,0,0,0,OK,,,,,
2026-05-02 0:31:49,-40,0,0,0,0,OK,,,,,
2026-05-02 0:32:05,123.5,243,53.8,904,0,OK,,,,,
2026-05-02 0:32:21,-40,0,0,0,0,OK,,,,,
2026-05-02 0:32:37,-40,0,0,0,0,OK,,,,,
2026-05-02 0:33:09,-40,0,0,0,0,OK,,,,,
2026-05-02 0:33:25,-40,0,0,0,0,OK,,,,,
2026-05-02 0:33:41,-40,0,0,0,0,OK,,,,,
2026-05-02 0:33:57,-40,0,0,0,0,OK,,,,,
2026-05-02 0:34:13,-40,0,0,0,0,OK,,,,,
2026-05-02 0:34:29,13.9,79,17.9,904,0,OK,,,,,
2026-05-02 0:34:45,-40,0,0,0,0,OK,,,,,
2026-05-02 0:35:01,-40,0,0,0,0,OK,,,,,
2026-05-02 0:35:17,-40,0,0,0,0,OK,,,,,
2026-05-02 0:35:33,-40,0,0,0,0,OK,,,,,
2026-05-02 0:35:49,-40,0,0,0,0,OK,,,,,
2026-05-02 0:36:05,-40,0,0,0,0,OK,,,,,
2026-05-02 0:36:21,-40,0,0,0,0,OK,,,,,
2026-05-02 0:36:37,-40,0,0,0,0,OK,,,,,
2026-05-02 0:36:53,-40,0,0,0,0,OK,,,,,
2026-05-02 0:37:09,-40,0,0,0,0,OK,,,,,
2026-05-02 0:37:25,-40,0,0,0,0,OK,,,,,
2026-05-02 0:37:57,-40,0,0,0,0,OK,,,,,
2026-05-02 0:38:13,-40,0,0,0,0,OK,,,,,
2026-05-02 0:38:29,-40,0,0,0,0,OK,,,,,
2026-05-02 0:38:45,-40,0,0,0,0,OK,,,,,
2026-05-02 0:39:01,-40,0,0,0,0,OK,,,,,
2026-05-02 0:39:33,-40,0,0,0,0,OK,,,,,
2026-05-02 0:39:49,-40,0,0,0,0,OK,,,,,
2026-05-02 0:40:05,-40,0,0,0,0,OK,,,,,
2026-05-02 0:40:21,-40,0,0,0,0,OK,,,,,
2026-05-02 0:40:37,-40,0,0,0,0,OK,,,,,
2026-05-02 0:40:53,-40,0,0,0,0,OK,,,,,
2026-05-02 0:41:09,-40,0,0,0,0,OK,,,,,
2026-05-02 0:41:25,-40,0,0,0,0,OK,,,,,
2026-05-02 0:41:41,-40,0,0,0,0,OK,,,,,
2026-05-02 0:41:57,-40,0,0,0,0,OK,,,,,
2026-05-02 0:42:13,-40,0,0,0,0,OK,,,,,
2026-05-02 0:42:29,-40,0,0,0,0,OK,,,,,
2026-05-02 0:42:45,-40,0,0,0,0,OK,,,,,
2026-05-02 0:43:01,-40,0,0,0,0,OK,,,,,
2026-05-02 0:43:17,-40,0,0,0,0,OK,,,,,
2026-05-02 0:43:33,-40,0,0,0,0,OK,,,,,
2026-05-02 0:43:49,-40,0,0,0,0,OK,,,,,
2026-05-02 0:44:05,-40,0,0,0,0,OK,,,,,
2026-05-02 0:44:21,-40,0,0,0,0,OK,,,,,
2026-05-02 0:44:37,-40,0,0,0,0,OK,,,,,
2026-05-02 0:44:53,-40,0,0,0,0,OK,,,,,
2026-05-02 0:45:25,-40,0,0,0,0,OK,,,,,
2026-05-02 0:45:41,-40,0,0,0,0,OK,,,,,
2026-05-02 0:45:57,-40,0,0,0,0,OK,,,,,
2026-05-02 0:46:13,-40,0,0,0,0,OK,,,,,
2026-05-02 0:46:29,-40,0,0,0,0,OK,,,,,
2026-05-02 0:46:45,-40,0,0,0,0,OK,,,,,
2026-05-02 0:47:17,-40,0,0,0,0,OK,,,,,
2026-05-02 0:47:33,-40,0,0,0,0,OK,,,,,
2026-05-02 0:47:49,-40,0,0,0,0,OK,,,,,
2026-05-02 0:48:05,-40,0,0,0,0,OK,,,,,
2026-05-02 0:48:21,-40,0,0,0,0,OK,,,,,
2026-05-02 0:48:37,-40,0,0,0,0,OK,,,,,
2026-05-02 0:49:25,-40,0,0,0,0,OK,,,,,
2026-05-02 0:49:57,-40,0,0,0,0,OK,,,,,
2026-05-02 0:50:13,-40,0,0,0,0,OK,,,,,
2026-05-02 0:50:29,-40,0,0,0,0,OK,,,,,
2026-05-02 0:50:45,-40,0,0,0,0,OK,,,,,
2026-05-02 0:51:01,-40,0,0,0,0,OK,,,,,
2026-05-02 0:51:17,-40,0,0,0,0,OK,,,,,
2026-05-02 0:51:33,-40,0,0,0,0,OK,,,,,
2026-05-02 0:51:49,-40,0,0,0,0,OK,,,,,
2026-05-02 0:52:05,-40,0,0,0,0,OK,,,,,
2026-05-02 0:52:21,-40,0,0,0,0,OK,,,,,
2026-05-02 0:52:37,-40,0,0,0,0,OK,,,,,
2026-05-02 0:53:09,-40,0,0,0,0,OK,,,,,
2026-05-02 0:53:25,-40,0,0,0,0,OK,,,,,
2026-05-02 0:53:41,-40,0,0,0,0,OK,,,,,
2026-05-02 0:53:57,-40,0,0,0,0,OK,,,,,
2026-05-02 0:54:13,23.5,78,0,408,838860.8,OK,,,,,
2026-05-02 0:54:29,-40,0,0,0,0,OK,,,,,
2026-05-02 0:54:45,-40,0,0,0,0,OK,,,,,
2026-05-02 0:55:01,-40,0,0,0,0,OK,,,,,
2026-05-02 0:55:17,-40,0,0,0,0,OK,,,,,
2026-05-02 0:55:33,-40,0,0,0,0,OK,,,,,
2026-05-02 0:56:05,-40,0,0,0,0,OK,,,,,
2026-05-02 0:56:21,-40,0,0,0,0,OK,,,,,
2026-05-02 0:56:37,-40,0,0,0,0,OK,,,,,
2026-05-02 0:56:53,-40,0,0,0,0,OK,,,,,
2026-05-02 0:57:09,-40,0,0,0,0,OK,,,,,
2026-05-02 0:57:25,-40,0,0,0,0,OK,,,,,
2026-05-02 0:57:41,-40,0,0,0,0,OK,,,,,
2026-05-02 0:57:57,-40,0,0,0,0,OK,,,,,
2026-05-02 0:58:13,-40,0,0,0,0,OK,,,,,
2026-05-02 0:58:29,-40,0,0,0,0,OK,,,,,
2026-05-02 0:58:45,-40,0,0,0,0,OK,,,,,
2026-05-02 0:59:01,-40,0,0,0,0,OK,,,,,
2026-05-02 0:59:17,-40,0,0,0,0,OK,,,,,
2026-05-02 0:59:49,-40,0,0,0,0,OK,,,,,
2026-05-02 1:00:05,-40,0,0,0,0,OK,,,,,
2026-05-02 1:00:21,-40,0,0,0,0,OK,,,,,
2026-05-02 1:00:37,-40,0,0,0,0,OK,,,,,
2026-05-02 1:00:53,-40,0,0,0,0,OK,,,,,
2026-05-02 1:01:09,-40,0,0,0,0,OK,,,,,
2026-05-02 1:01:25,-40,0,0,0,0,OK,,,,,
2026-05-02 1:01:41,-40,0,0,0,0,OK,,,,,
2026-05-02 1:01:57,-40,0,0,0,0,OK,,,,,
2026-05-02 1:02:29,-40,0,0,0,0,OK,,,,,
2026-05-02 1:02:45,-40,0,0,0,0,OK,,,,,
2026-05-02 1:03:01,-40,0,0,0,0,OK,,,,,
2026-05-02 1:04:05,-40,0,0,0,0,OK,,,,,
2026-05-02 1:04:21,-40,0,0,0,0,OK,,,,,
2026-05-02 1:04:37,-40,0,0,0,0,OK,,,,,
2026-05-02 1:04:53,-40,0,0,0,0,OK,,,,,
2026-05-02 1:05:25,-40,0,0,0,0,OK,,,,,
2026-05-02 1:05:57,-40,0,0,0,0,OK,,,,,
2026-05-02 1:06:13,-40,0,0,0,0,OK,,,,,
2026-05-02 1:06:29,-40,0,0,0,0,OK,,,,,
2026-05-02 1:06:45,-40,0,0,0,0,OK,,,,,
2026-05-02 1:07:01,-40,0,0,0,0,OK,,,,,
2026-05-02 1:07:17,-40,0,0,0,0,OK,,,,,
2026-05-02 1:07:49,57.4,0,53.8,34816,7.9,OK,,,,,
2026-05-02 1:08:21,-40,0,0,0,0,OK,,,,,
2026-05-02 1:08:37,-40,0,0,0,0,OK,,,,,
2026-05-02 1:08:53,-40,0,0,0,0,OK,,,,,
2026-05-02 1:09:09,-40,0,0,0,0,OK,,,,,
2026-05-02 1:09:25,-40,0,0,0,0,OK,,,,,
2026-05-02 1:09:41,-40,0,0,0,0,OK,,,,,
2026-05-02 1:09:57,-40,0,0,0,0,OK,,,,,
2026-05-02 1:10:13,-40,0,0,0,0,OK,,,,,
2026-05-02 1:10:29,14,93,8.7,8184,8.8,OK,,,,,
2026-05-02 1:10:45,-40,0,0,0,0,OK,,,,,
2026-05-02 1:11:01,-40,0,0,0,0,OK,,,,,
2026-05-02 1:11:33,-40,0,0,0,0,OK,,,,,
2026-05-02 1:11:49,-40,0,0,0,0,OK,,,,,
2026-05-02 1:12:05,-40,0,0,0,0,OK,,,,,
2026-05-02 1:12:21,14,211,0,65416,5744,OK,,,,,
2026-05-02 1:12:37,-40,0,0,0,0,OK,,,,,
2026-05-02 1:13:09,-40,0,0,0,0,OK,,,,,
2026-05-02 1:13:25,-40,0,0,0,0,OK,,,,,
2026-05-02 1:13:57,-40,0,0,0,0,OK,,,,,
2026-05-02 1:14:29,-40,0,0,0,0,OK,,,,,
2026-05-02 1:14:45,-40,0,0,0,0,OK,,,,,
2026-05-02 1:15:01,-40,0,0,0,0,OK,,,,,
2026-05-02 1:15:17,-40,0,0,0,0,OK,,,,,
2026-05-02 1:15:33,-40,0,0,0,0,OK,,,,,
2026-05-02 1:15:49,-40,0,0,0,0,OK,,,,,
2026-05-02 1:16:05,-40,0,0,0,0,OK,,,,,
2026-05-02 1:16:37,-40,0,0,0,0,OK,,,,,
2026-05-02 1:16:53,-40,0,0,0,0,OK,,,,,
2026-05-02 1:17:09,-40,0,0,0,0,OK,,,,,
2026-05-02 1:17:25,-40,0,0,0,0,OK,,,,,
2026-05-02 1:17:41,-40,0,0,0,0,OK,,,,,
2026-05-02 1:17:57,-40,0,0,0,0,OK,,,,,
2026-05-02 1:18:13,-40,0,0,0,0,OK,,,,,
2026-05-02 1:18:29,-40,0,0,0,0,OK,,,,,
2026-05-02 1:18:45,-40,0,0,0,0,OK,,,,,
2026-05-02 1:19:01,-40,0,0,0,0,OK,,,,,
2026-05-02 1:19:18,-40,0,0,0,0,OK,,,,,
2026-05-02 1:19:33,-40,0,0,0,0,OK,,,,,
2026-05-02 1:19:49,-40,0,0,0,0,OK,,,,,
2026-05-02 1:20:05,-40,0,0,0,0,OK,,,,,
2026-05-02 1:20:37,-40,0,0,0,0,OK,,,,,
2026-05-02 1:20:53,-40,0,0,0,0,OK,,,,,
2026-05-02 1:21:41,-40,0,0,0,0,OK,,,,,
2026-05-02 1:21:57,-40,0,0,0,0,OK,,,,,
2026-05-02 1:22:13,-40,0,0,0,0,OK,,,,,
2026-05-02 1:22:45,-40,0,0,0,0,OK,,,,,
2026-05-02 1:23:01,-40,0,0,0,0,OK,,,,,
2026-05-02 1:23:17,-40,0,0,0,0,OK,,,,,
2026-05-02 1:23:33,-40,0,0,0,0,OK,,,,,
2026-05-02 1:23:49,-40,0,0,0,0,OK,,,,,
2026-05-02 1:24:05,-40,0,0,0,0,OK,,,,,
2026-05-02 1:24:21,-40,0,0,0,0,OK,,,,,
2026-05-02 1:24:37,-40,0,0,0,0,OK,,,,,
2026-05-02 1:24:53,-40,0,0,0,0,OK,,,,,
2026-05-02 1:25:25,-40,0,0,0,0,OK,,,,,
2026-05-02 1:25:41,-40,0,0,0,0,OK,,,,,
2026-05-02 1:25:57,-40,0,0,0,0,OK,,,,,
2026-05-02 1:26:13,-40,0,0,0,0,OK,,,,,
2026-05-02 1:26:29,-40,0,0,0,0,OK,,,,,
2026-05-02 1:26:45,-40,0,0,0,0,OK,,,,,
2026-05-02 1:27:01,-40,0,0,0,0,OK,,,,,
2026-05-02 1:27:17,-40,0,0,0,0,OK,,,,,
2026-05-02 1:27:33,-40,0,0,0,0,OK,,,,,
2026-05-02 1:28:05,-40,0,0,0,0,OK,,,,,
2026-05-02 1:28:37,-40,0,0,0,0,OK,,,,,
2026-05-02 1:28:53,-40,0,0,0,0,OK,,,,,
2026-05-02 1:29:09,-40,0,0,0,0,OK,,,,,
2026-05-02 1:29:41,-40,0,0,0,0,OK,,,,,
2026-05-02 1:29:57,13.6,77,0,440,0,OK,,,,,
2026-05-02 1:30:13,23.2,252,0,1928,0,OK,,,,,
2026-05-02 1:30:29,-40,0,0,0,0,OK,,,,,
2026-05-02 1:30:45,-40,0,0,0,0,OK,,,,,
2026-05-02 1:31:01,-40,0,0,0,0,OK,,,,,
2026-05-02 1:31:17,-40,0,0,0,0,OK,,,,,
2026-05-02 1:31:33,-40,0,0,0,0,OK,,,,,
2026-05-02 1:31:49,115.8,124,0,392,0,OK,,,,,
2026-05-02 1:32:05,-40,0,0,0,0,OK,,,,,
2026-05-02 1:32:21,-40,0,0,0,0,OK,,,,,
2026-05-02 1:32:37,-40,0,0,0,0,OK,,,,,
2026-05-02 1:32:53,-40,0,0,0,0,OK,,,,,
2026-05-02 1:33:09,-40,0,0,0,0,OK,,,,,
2026-05-02 1:33:25,-40,0,0,0,0,OK,,,,,
2026-05-02 1:33:41,-40,0,0,0,0,OK,,,,,
2026-05-02 1:33:57,-40,0,0,0,0,OK,,,,,
2026-05-02 1:34:13,-40,0,0,0,0,OK,,,,,
2026-05-02 1:34:29,-40,0,0,0,0,OK,,,,,
2026-05-02 1:35:01,-40,0,0,0,0,OK,,,,,
2026-05-02 1:35:17,-40,0,0,0,0,OK,,,,,
2026-05-02 1:35:33,-40,0,0,0,0,OK,,,,,
2026-05-02 1:35:49,-40,0,0,0,0,OK,,,,,
2026-05-02 1:36:05,-40,0,0,0,0,OK,,,,,
2026-05-02 1:36:21,-40,0,0,0,0,OK,,,,,
2026-05-02 1:36:37,-40,0,0,0,0,OK,,,,,
2026-05-02 1:36:53,-40,0,0,0,0,OK,,,,,
2026-05-02 1:37:09,-40,0,0,0,0,OK,,,,,
2026-05-02 1:37:41,-40,0,0,0,0,OK,,,,,
2026-05-02 1:37:57,-40,0,0,0,0,OK,,,,,
2026-05-02 1:38:13,-40,0,0,0,0,OK,,,,,
2026-05-02 1:38:29,-40,0,0,0,0,OK,,,,,
2026-05-02 1:38:45,-40,0,0,0,0,OK,,,,,
2026-05-02 1:39:01,-40,0,0,0,0,OK,,,,,
2026-05-02 1:39:17,-40,0,0,0,0,OK,,,,,
2026-05-02 1:39:49,-40,0,0,0,0,OK,,,,,
2026-05-02 1:40:05,-40,0,0,0,0,OK,,,,,
2026-05-02 1:40:37,-40,0,0,0,0,OK,,,,,
2026-05-02 1:40:53,-40,0,0,0,0,OK,,,,,
2026-05-02 1:41:25,-40,0,0,0,0,OK,,,,,
2026-05-02 1:41:41,-40,0,0,0,0,OK,,,,,
2026-05-02 1:41:57,-40,0,0,0,0,OK,,,,,
2026-05-02 1:42:29,75.9,76,35.8,392,9.6,OK,,,,,
2026-05-02 1:42:45,-40,0,0,0,0,OK,,,,,
2026-05-02 1:43:01,-40,0,0,0,0,OK,,,,,
2026-05-02 1:43:17,-40,0,0,0,0,OK,,,,,
2026-05-02 1:43:33,-40,0,0,0,0,OK,,,,,
2026-05-02 1:43:49,-40,0,0,0,0,OK,,,,,
2026-05-02 1:44:05,-40,0,0,0,0,OK,,,,,
2026-05-02 1:44:21,-40,0,0,0,0,OK,,,,,
2026-05-02 1:44:53,114.9,92,35.8,392,0,OK,,,,,
2026-05-02 1:45:09,-40,0,0,0,0,OK,,,,,
2026-05-02 1:45:25,-40,0,0,0,0,OK,,,,,
2026-05-02 1:45:41,-40,0,0,0,0,OK,,,,,
2026-05-02 1:45:57,-40,0,0,0,0,OK,,,,,
2026-05-02 1:46:29,-40,0,0,0,0,OK,,,,,
2026-05-02 1:46:45,-40,0,0,0,0,OK,,,,,
2026-05-02 1:47:17,-40,0,0,0,0,OK,,,,,
2026-05-02 1:47:33,-40,0,0,0,0,OK,,,,,
2026-05-02 1:47:49,-40,0,0,0,0,OK,,,,,
2026-05-02 1:48:05,-40,0,0,0,0,OK,,,,,
2026-05-02 1:48:21,-40,0,0,0,0,OK,,,,,
2026-05-02 1:48:37,-40,0,0,0,0,OK,,,,,
2026-05-02 1:48:53,36.5,211,0,8072,0,OK,,,,,
2026-05-02 1:49:09,-40,0,0,0,0,OK,,,,,
2026-05-02 1:49:25,-40,0,0,0,0,OK,,,,,
2026-05-02 1:49:41,-40,0,0,0,0,OK,,,,,
2026-05-02 1:49:57,-40,0,0,0,0,OK,,,,,
2026-05-02 1:50:13,-40,0,0,0,0,OK,,,,,
2026-05-02 1:50:29,-40,0,0,0,0,OK,,,,,
2026-05-02 1:50:45,-40,0,0,0,0,OK,,,,,
2026-05-02 1:51:01,-40,0,0,0,0,OK,,,,,
2026-05-02 1:51:17,-40,0,0,0,0,OK,,,,,
2026-05-02 1:51:33,-40,0,0,0,0,OK,,,,,
2026-05-02 1:51:49,-40,0,0,0,0,OK,,,,,
2026-05-02 1:52:05,-40,0,0,0,0,OK,,,,,
2026-05-02 1:52:21,-40,0,0,0,0,OK,,,,,
2026-05-02 1:52:37,-40,0,0,0,0,OK,,,,,
2026-05-02 1:52:53,-40,0,0,0,0,OK,,,,,
2026-05-02 1:53:09,-40,0,0,0,0,OK,,,,,
2026-05-02 1:53:25,-40,0,0,0,0,OK,,,,,
2026-05-02 1:53:41,-40,0,0,0,0,OK,,,,,
2026-05-02 1:54:13,-40,0,0,0,0,OK,,,,,
2026-05-02 1:54:29,-40,0,0,0,0,OK,,,,,
2026-05-02 1:54:45,-40,0,0,0,0,OK,,,,,
2026-05-02 1:55:01,-40,0,0,0,0,OK,,,,,
2026-05-02 1:55:33,-40,0,0,0,0,OK,,,,,
2026-05-02 1:55:49,-40,0,0,0,0,OK,,,,,
2026-05-02 1:56:05,-40,0,0,0,0,OK,,,,,
2026-05-02 1:56:21,-40,0,0,0,0,OK,,,,,
2026-05-02 1:56:37,-40,0,0,0,0,OK,,,,,
2026-05-02 1:56:53,-40,0,0,0,0,OK,,,,,
2026-05-02 1:57:09,-40,0,0,0,0,OK,,,,,
2026-05-02 1:57:25,-40,0,0,0,0,OK,,,,,
2026-05-02 1:57:41,-40,0,0,0,0,OK,,,,,
2026-05-02 1:57:57,-40,0,0,0,0,OK,,,,,
2026-05-02 1:58:13,-40,0,0,0,0,OK,,,,,
2026-05-02 1:58:45,11.1,211,35.8,392,0,OK,,,,,
2026-05-02 1:59:01,-40,0,0,0,0,OK,,,,,
2026-05-02 1:59:17,-40,0,0,0,0,OK,,,,,
2026-05-02 1:59:33,-40,0,0,0,0,OK,,,,,
2026-05-02 1:59:49,-40,0,0,0,0,OK,,,,,
2026-05-02 2:00:05,-40,0,0,0,0,OK,,,,,
2026-05-02 2:00:21,-40,0,0,0,0,OK,,,,,
2026-05-02 2:00:37,-40,0,0,0,0,OK,,,,,
2026-05-02 2:00:53,-40,0,0,0,0,OK,,,,,
2026-05-02 2:01:09,-40,0,0,0,0,OK,,,,,
2026-05-02 2:01:25,-40,0,0,0,0,OK,,,,,
2026-05-02 2:01:41,-40,0,0,0,0,OK,,,,,
2026-05-02 2:01:57,-40,0,0,0,0,OK,,,,,
2026-05-02 2:02:13,-40,0,0,0,0,OK,,,,,
2026-05-02 2:02:29,-40,0,0,0,0,OK,,,,,
2026-05-02 2:02:45,-40,0,0,0,0,OK,,,,,
2026-05-02 2:03:01,-40,0,0,0,0,OK,,,,,
2026-05-02 2:03:17,-40,0,0,0,0,OK,,,,,
2026-05-02 2:04:05,-40,0,0,0,0,OK,,,,,
2026-05-02 2:04:21,-40,0,0,0,0,OK,,,,,
2026-05-02 2:04:37,-40,0,0,0,0,OK,,,,,
2026-05-02 2:04:53,-40,0,0,0,0,OK,,,,,
2026-05-02 2:05:09,-40,0,0,0,0,OK,,,,,
2026-05-02 2:05:41,-40,0,0,0,0,OK,,,,,
2026-05-02 2:05:57,-40,0,0,0,0,OK,,,,,
2026-05-02 2:06:13,-40,0,0,0,0,OK,,,,,
2026-05-02 2:06:29,-40,0,0,0,0,OK,,,,,
2026-05-02 2:06:45,-40,0,0,0,0,OK,,,,,
2026-05-02 2:07:01,-40,0,0,0,0,OK,,,,,
2026-05-02 2:07:49,-40,0,0,0,0,OK,,,,,
2026-05-02 2:08:05,-40,0,0,0,0,OK,,,,,
2026-05-02 2:08:21,-40,0,0,0,0,OK,,,,,
2026-05-02 2:08:37,-40,0,0,0,0,OK,,,,,
2026-05-02 2:08:53,-40,0,0,0,0,OK,,,,,
2026-05-02 2:09:25,17.2,124,0,392,4915.2,OK,,,,,
2026-05-02 2:09:57,-40,0,0,0,0,OK,,,,,
2026-05-02 2:10:13,-40,0,0,0,0,OK,,,,,
2026-05-02 2:10:29,-40,0,0,0,0,OK,,,,,
2026-05-02 2:10:45,-40,0,0,0,0,OK,,,,,
2026-05-02 2:11:01,-40,0,0,0,0,OK,,,,,
2026-05-02 2:11:17,-40,0,0,0,0,OK,,,,,
2026-05-02 2:11:33,-40,0,0,0,0,OK,,,,,
2026-05-02 2:11:49,-40,0,0,0,0,OK,,,,,
2026-05-02 2:12:05,-40,0,0,0,0,OK,,,,,
2026-05-02 2:12:37,-40,0,0,0,0,OK,,,,,
2026-05-02 2:12:53,-40,0,0,0,0,OK,,,,,
2026-05-02 2:13:25,-40,0,0,0,0,OK,,,,,
2026-05-02 2:13:41,-40,0,0,0,0,OK,,,,,
2026-05-02 2:13:57,-40,0,0,0,0,OK,,,,,
2026-05-02 2:14:29,-40,0,0,0,0,OK,,,,,
2026-05-02 2:14:45,-40,0,0,0,0,OK,,,,,
2026-05-02 2:15:49,-40,0,0,0,0,OK,,,,,
2026-05-02 2:16:05,-40,0,0,0,0,OK,,,,,
2026-05-02 2:17:09,-40,0,0,0,0,OK,,,,,
2026-05-02 2:17:25,-40,0,0,0,0,OK,,,,,
2026-05-02 2:17:57,-40,0,0,0,0,OK,,,,,
2026-05-02 2:18:13,-40,0,0,0,0,OK,,,,,
2026-05-02 2:18:29,-40,0,0,0,0,OK,,,,,
2026-05-02 2:19:01,-40,0,0,0,0,OK,,,,,
2026-05-02 2:19:17,-40,0,0,0,0,OK,,,,,
2026-05-02 2:19:49,-40,0,0,0,0,OK,,,,,
2026-05-02 2:20:05,-40,0,0,0,0,OK,,,,,
2026-05-02 2:20:21,-40,0,0,0,0,OK,,,,,
2026-05-02 2:20:37,-40,0,0,0,0,OK,,,,,
2026-05-02 2:21:57,-40,0,0,0,0,OK,,,,,
2026-05-02 2:22:13,-40,0,0,0,0,OK,,,,,
2026-05-02 2:22:45,-40,0,0,0,0,OK,,,,,
2026-05-02 2:23:33,-40,0,0,0,0,OK,,,,,
2026-05-02 2:23:49,164.7,79,35.8,408,0,OK,,,,,
2026-05-02 2:24:21,-40,0,0,0,0,OK,,,,,
2026-05-02 2:24:37,-40,0,0,0,0,OK,,,,,
2026-05-02 2:25:09,12.3,95,0.1,452,0,OK,,,,,
2026-05-02 2:25:25,-40,0,0,0,0,OK,,,,,
2026-05-02 2:25:41,-40,0,0,0,0,OK,,,,,
2026-05-02 2:26:29,-40,0,0,0,0,OK,,,,,
2026-05-02 2:26:45,-40,0,0,0,0,OK,,,,,
2026-05-02 2:27:17,-40,0,0,0,0,OK,,,,,
2026-05-02 2:27:33,-40,0,0,0,0,OK,,,,,
2026-05-02 2:28:05,-40,0,0,0,0,OK,,,,,
2026-05-02 2:28:53,-40,0,0,0,0,OK,,,,,
2026-05-02 2:29:09,-40,0,0,0,0,OK,,,,,
2026-05-02 2:30:29,-40,0,0,0,0,OK,,,,,
2026-05-02 2:30:45,-40,0,0,0,0,OK,,,,,
2026-05-02 2:31:01,-40,0,0,0,0,OK,,,,,
2026-05-02 2:31:17,-40,0,0,0,0,OK,,,,,
2026-05-02 2:31:33,-40,0,0,0,0,OK,,,,,
2026-05-02 2:32:05,-40,0,0,0,0,OK,,,,,
2026-05-02 2:32:21,-40,0,0,0,0,OK,,,,,
2026-05-02 2:32:53,-40,0,0,0,0,OK,,,,,
2026-05-02 2:34:13,-40,0,0,0,0,OK,,,,,
2026-05-02 2:34:45,-40,0,0,0,0,OK,,,,,
2026-05-02 2:35:01,-40,0,0,0,0,OK,,,,,
2026-05-02 2:36:21,-40,0,0,0,0,OK,,,,,
2026-05-02 2:36:53,-40,0,0,0,0,OK,,,,,
2026-05-02 2:37:09,-40,0,0,0,0,OK,,,,,
2026-05-02 2:37:25,-40,0,0,0,0,OK,,,,,
2026-05-02 2:37:57,-40,0,0,0,0,OK,,,,,
2026-05-02 2:38:13,-40,0,0,0,0,OK,,,,,
2026-05-02 2:38:29,-40,0,0,0,0,OK,,,,,
2026-05-02 2:39:17,-40,0,0,0,0,OK,,,,,
2026-05-02 2:39:33,-40,0,0,0,0,OK,,,,,
2026-05-02 2:39:49,-40,0,0,0,0,OK,,,,,
2026-05-02 2:40:21,-40,0,0,0,0,OK,,,,,
2026-05-02 2:41:09,163.2,0,35.8,39040,639.9,OK,,,,,
2026-05-02 2:41:25,-40,0,0,0,0,OK,,,,,
2026-05-02 2:41:57,24.3,76,0,440,0,OK,,,,,
2026-05-02 2:42:45,-40,0,0,0,0,OK,,,,,
2026-05-02 2:43:33,-40,0,0,0,0,OK,,,,,
2026-05-02 2:43:49,-40,0,0,0,0,OK,,,,,
2026-05-02 2:44:21,-40,0,0,0,0,OK,,,,,
2026-05-02 2:44:37,-40,0,0,0,0,OK,,,,,
2026-05-02 2:44:53,-40,0,0,0,0,OK,,,,,
2026-05-02 2:45:09,-40,0,0,0,0,OK,,,,,
2026-05-02 2:45:41,-40,0,0,0,0,OK,,,,,
2026-05-02 2:46:13,-40,0,0,0,0,OK,,,,,
2026-05-02 2:46:45,-40,0,0,0,0,OK,,,,,
2026-05-02 2:47:17,-40,0,0,0,0,OK,,,,,
2026-05-02 2:47:49,-40,0,0,0,0,OK,,,,,
2026-05-02 2:48:05,-40,0,0,0,0,OK,,,,,
2026-05-02 2:48:37,-40,0,0,0,0,OK,,,,,
2026-05-02 2:48:53,-40,0,0,0,0,OK,,,,,
2026-05-02 2:49:09,-40,0,0,0,0,OK,,,,,
2026-05-02 2:49:25,11.4,77,0,3976,0,OK,,,,,
2026-05-02 2:49:41,-40,0,0,0,0,OK,,,,,
2026-05-02 2:49:57,-40,0,0,0,0,OK,,,,,
2026-05-02 2:50:13,-40,0,0,0,0,OK,,,,,
2026-05-02 2:50:29,-40,0,0,0,0,OK,,,,,
2026-05-02 2:51:17,-40,0,0,0,0,OK,,,,,
2026-05-02 2:51:49,-40,0,0,0,0,OK,,,,,
2026-05-02 2:52:21,-40,0,0,0,0,OK,,,,,
2026-05-02 2:53:25,113.9,243,35.8,392,0,OK,,,,,
2026-05-02 2:53:57,-40,0,0,0,0,OK,,,,,
2026-05-02 2:54:45,-40,0,0,0,0,OK,,,,,
2026-05-02 2:55:17,-40,0,0,0,0,OK,,,,,
2026-05-02 2:55:33,-40,0,0,0,0,OK,,,,,
2026-05-02 2:56:05,-40,0,0,0,0,OK,,,,,
2026-05-02 2:56:21,-40,0,0,0,0,OK,,,,,
2026-05-02 2:56:53,-40,0,0,0,0,OK,,,,,
2026-05-02 2:57:09,-40,0,0,0,0,OK,,,,,
2026-05-02 2:57:25,-40,0,0,0,0,OK,,,,,
2026-05-02 2:57:41,-40,0,0,0,0,OK,,,,,
2026-05-02 2:57:57,-40,0,0,0,0,OK,,,,,
2026-05-02 2:58:13,-40,0,0,0,0,OK,,,,,
2026-05-02 2:58:29,-40,0,0,0,0,OK,,,,,
2026-05-02 2:58:45,-40,0,0,0,0,OK,,,,,
2026-05-02 2:59:33,-40,0,0,0,0,OK,,,,,
2026-05-02 2:59:49,-40,0,0,0,0,OK,,,,,
2026-05-02 3:00:37,11.1,78,0,392,0,OK,,,,,
2026-05-02 3:00:53,-40,0,0,0,0,OK,,,,,
2026-05-02 3:01:25,-40,0,0,0,0,OK,,,,,
2026-05-02 3:01:41,-40,0,0,0,0,OK,,,,,
2026-05-02 3:02:13,-40,0,0,0,0,OK,,,,,
2026-05-02 3:03:17,62.2,78,0,8072,0,OK,,,,,
2026-05-02 3:03:49,-40,0,0,0,0,OK,,,,,
2026-05-02 3:04:21,-40,0,0,0,0,OK,,,,,
2026-05-02 3:05:09,-40,0,0,0,0,OK,,,,,
2026-05-02 3:05:25,-40,0,0,0,0,OK,,,,,
2026-05-02 3:05:41,-40,0,0,0,0,OK,,,,,
2026-05-02 3:06:13,-40,0,0,0,0,OK,,,,,
2026-05-02 3:07:17,-40,0,0,0,0,OK,,,,,
2026-05-02 3:07:33,-40,0,0,0,0,OK,,,,,
2026-05-02 3:07:49,-40,0,0,0,0,OK,,,,,
2026-05-02 3:08:21,-40,0,0,0,0,OK,,,,,
2026-05-02 3:09:25,-40,0,0,0,0,OK,,,,,
2026-05-02 3:09:41,-40,0,0,0,0,OK,,,,,
2026-05-02 3:10:13,-40,0,0,0,0,OK,,,,,
2026-05-02 3:10:29,-40,0,0,0,0,OK,,,,,
2026-05-02 3:10:45,-40,0,0,0,0,OK,,,,,
2026-05-02 3:11:33,-40,0,0,0,0,OK,,,,,
2026-05-02 3:11:49,-40,0,0,0,0,OK,,,,,
2026-05-02 3:12:05,-40,0,0,0,0,OK,,,,,
2026-05-02 3:12:53,-40,0,0,0,0,OK,,,,,
2026-05-02 3:13:25,-40,0,0,0,0,OK,,,,,
2026-05-02 3:13:41,-40,0,0,0,0,OK,,,,,
2026-05-02 3:14:13,-40,0,0,0,0,OK,,,,,
2026-05-02 3:15:01,-40,0,0,0,0,OK,,,,,
2026-05-02 3:15:33,11.3,77,0,392,0,OK,,,,,
2026-05-02 3:16:53,-40,0,0,0,0,OK,,,,,
2026-05-02 3:17:25,-40,0,0,0,0,OK,,,,,
2026-05-02 3:17:41,11.2,77,0,392,0,OK,,,,,
2026-05-02 3:18:13,-40,0,0,0,0,OK,,,,,
2026-05-02 3:19:01,-40,0,0,0,0,OK,,,,,
2026-05-02 3:19:49,-40,0,0,0,0,OK,,,,,
2026-05-02 3:20:21,-40,0,0,0,0,OK,,,,,
2026-05-02 3:20:53,-40,0,0,0,0,OK,,,,,
2026-05-02 3:21:25,-40,0,0,0,0,OK,,,,,
2026-05-02 3:22:29,-40,0,0,0,0,OK,,,,,
2026-05-02 3:22:45,-40,0,0,0,0,OK,,,,,
2026-05-02 3:23:01,-40,0,0,0,0,OK,,,,,
2026-05-02 3:23:17,-40,0,0,0,0,OK,,,,,
2026-05-02 3:23:33,-40,0,0,0,0,OK,,,,,
2026-05-02 3:24:05,-40,0,0,0,0,OK,,,,,
2026-05-02 3:24:21,-40,0,0,0,0,OK,,,,,
2026-05-02 3:24:37,-40,0,0,0,0,OK,,,,,
2026-05-02 3:25:09,-40,0,0,0,0,OK,,,,,
2026-05-02 3:25:41,-40,0,0,0,0,OK,,,,,
2026-05-02 3:25:57,10.9,94,0,392,0,OK,,,,,
2026-05-02 3:26:29,-40,0,0,0,0,OK,,,,,
2026-05-02 3:26:45,-40,0,0,0,0,OK,,,,,
2026-05-02 3:27:01,-40,0,0,0,0,OK,,,,,
2026-05-02 3:27:17,-40,0,0,0,0,OK,,,,,
2026-05-02 3:27:49,-40,0,0,0,0,OK,,,,,
2026-05-02 3:28:21,-40,0,0,0,0,OK,,,,,
2026-05-02 3:28:53,-40,0,0,0,0,OK,,,,,
2026-05-02 3:30:29,-40,0,0,0,0,OK,,,,,
2026-05-02 3:31:17,-40,0,0,0,0,OK,,,,,
2026-05-02 3:31:33,-40,0,0,0,0,OK,,,,,
2026-05-02 3:32:53,11.1,167,0,408,0,OK,,,,,
2026-05-02 3:33:41,-40,0,0,0,0,OK,,,,,
2026-05-02 3:34:45,10.8,78,0,392,9.6,OK,,,,,
2026-05-02 3:35:17,-40,0,0,0,0,OK,,,,,
2026-05-02 3:35:33,10.7,78,0,392,0,OK,,,,,
2026-05-02 3:35:49,10.7,78,0,392,0,OK,,,,,
2026-05-02 3:36:05,10.7,79,0,1928,0,OK,,,,,
2026-05-02 3:36:21,-40,0,0,0,0,OK,,,,,
2026-05-02 3:36:37,11.1,79,0,392,9.6,OK,,,,,
2026-05-02 3:36:53,-40,0,0,0,0,OK,,,,,
2026-05-02 3:37:25,-40,0,0,0,0,OK,,,,,
2026-05-02 3:37:41,-40,0,0,0,0,OK,,,,,
2026-05-02 3:37:57,11.1,127,17.1,392,0,OK,,,,,
2026-05-02 3:38:13,-40,0,0,0,0,OK,,,,,
2026-05-02 3:38:29,10.8,78,0,392,0,OK,,,,,
2026-05-02 3:38:45,-40,0,0,0,0,OK,,,,,
2026-05-02 3:39:49,-40,0,0,0,0,OK,,,,,
2026-05-02 3:40:05,-40,0,0,0,0,OK,,,,,
2026-05-02 3:40:21,-40,0,0,0,0,OK,,,,,
2026-05-02 3:40:53,10.9,78,0,408,0,OK,,,,,
2026-05-02 3:41:09,-40,0,0,0,0,OK,,,,,
2026-05-02 3:41:25,-40,0,0,0,0,OK,,,,,
2026-05-02 3:41:41,10.9,126,0,392,0,OK,,,,,
2026-05-02 3:41:57,62.1,78,0,392,0,OK,,,,,
2026-05-02 3:43:01,-40,0,0,0,0,OK,,,,,
2026-05-02 3:43:33,-40,0,0,0,0,OK,,,,,
2026-05-02 3:43:49,10.9,78,0,392,0,OK,,,,,
2026-05-02 3:44:05,-40,0,0,0,0,OK,,,,,
2026-05-02 3:44:21,10.9,78,0,392,0,OK,,,,,
2026-05-02 3:44:37,-40,0,0,0,0,OK,,,,,
2026-05-02 3:45:09,-40,0,0,0,0,OK,,,,,
2026-05-02 3:45:25,-40,0,0,0,0,OK,,,,,
2026-05-02 3:45:41,10.9,78,0,392,838860.8,OK,,,,,
2026-05-02 3:45:57,-40,0,0,0,0,OK,,,,,
2026-05-02 3:46:13,10.9,78,0,392,0,OK,,,,,
2026-05-02 3:47:17,62.1,126,0,8072,9.6,OK,,,,,
2026-05-02 3:47:33,-40,0,0,0,0,OK,,,,,
2026-05-02 3:47:49,-40,0,0,0,0,OK,,,,,
2026-05-02 3:48:21,62,78,0,504,0,OK,,,,,
2026-05-02 3:48:37,-40,0,0,0,0,OK,,,,,
2026-05-02 3:48:53,-40,0,0,0,0,OK,,,,,
2026-05-02 3:49:09,-40,0,0,0,0,OK,,,,,
2026-05-02 3:49:41,-40,0,0,0,0,OK,,,,,
2026-05-02 3:50:45,-40,0,0,0,0,OK,,,,,
2026-05-02 3:51:01,87.8,0,35.8,34816,0.1,OK,,,,,
2026-05-02 3:51:17,-40,0,0,0,0,OK,,,,,
2026-05-02 3:51:33,-40,0,0,0,0,OK,,,,,
2026-05-02 3:51:49,11,78,0,392,0,OK,,,,,
2026-05-02 3:52:05,-40,0,0,0,0,OK,,,,,
2026-05-02 3:52:21,-40,0,0,0,0,OK,,,,,
2026-05-02 3:52:37,-40,0,0,0,0,OK,,,,,
2026-05-02 3:52:53,-40,0,0,0,0,OK,,,,,
2026-05-02 3:53:09,-40,0,0,0,0,OK,,,,,
2026-05-02 3:53:25,-40,0,0,0,0,OK,,,,,
2026-05-02 3:53:41,-40,0,0,0,0,OK,,,,,
2026-05-02 3:53:57,-40,0,0,0,0,OK,,,,,
2026-05-02 3:54:13,10.8,78,0,408,0,OK,,,,,
2026-05-02 3:54:45,-40,0,0,0,0,OK,,,,,
2026-05-02 3:55:01,164.3,78,0,392,0,OK,,,,,
2026-05-02 3:55:17,-40,0,0,0,0,OK,,,,,
2026-05-02 3:55:49,-40,0,0,0,0,OK,,,,,
2026-05-02 3:56:05,10.7,206,0,392,0,OK,,,,,
2026-05-02 3:56:21,-40,0,0,0,0,OK,,,,,
2026-05-02 3:56:37,-40,0,0,0,0,OK,,,,,
2026-05-02 3:56:53,-40,0,0,0,0,OK,,,,,
2026-05-02 3:57:09,-40,0,0,0,0,OK,,,,,
2026-05-02 3:57:25,-40,0,0,0,0,OK,,,,,
2026-05-02 3:57:57,-40,0,0,0,0,OK,,,,,
2026-05-02 3:58:29,-40,0,0,0,0,OK,,,,,
2026-05-02 3:58:45,-40,0,0,0,0,OK,,,,,
2026-05-02 3:59:17,10.7,78,0,392,0,OK,,,,,
2026-05-02 3:59:33,-14.9,78,35.8,392,0,OK,,,,,
2026-05-02 3:59:49,10.8,78,0,392,0,OK,,,,,
2026-05-02 4:00:05,-40,0,0,0,0,OK,,,,,
2026-05-02 4:00:21,-40,0,0,0,0,OK,,,,,
2026-05-02 4:00:53,-40,0,0,0,0,OK,,,,,
2026-05-02 4:01:09,-40,0,0,0,0,OK,,,,,
2026-05-02 4:01:25,-40,0,0,0,0,OK,,,,,
2026-05-02 4:01:41,-40,0,0,0,0,OK,,,,,
2026-05-02 4:01:57,-14.7,78,35.8,392,0,OK,,,,,
2026-05-02 4:02:13,62.1,78,0,392,3276.8,OK,,,,,
2026-05-02 4:02:29,10.9,78,0,452,0,OK,,,,,
2026-05-02 4:02:45,-40,0,0,0,0,OK,,,,,
2026-05-02 4:03:01,-40,0,0,0,0,OK,,,,,
2026-05-02 4:03:17,-40,0,0,0,0,OK,,,,,
2026-05-02 4:03:33,-40,0,0,0,0,OK,,,,,
2026-05-02 4:03:49,-40,0,0,0,0,OK,,,,,
2026-05-02 4:04:05,-40,0,0,0,0,OK,,,,,
2026-05-02 4:04:21,10.8,78,0,392,4915.2,OK,,,,,
2026-05-02 4:04:37,-40,0,0,0,0,OK,,,,,
2026-05-02 4:04:53,10.7,78,0,392,4.8,OK,,,,,
2026-05-02 4:05:25,10.7,78,0,392,0,OK,,,,,
2026-05-02 4:05:41,-40,0,0,0,0,OK,,,,,
2026-05-02 4:05:57,-40,0,0,0,0,OK,,,,,
2026-05-02 4:06:13,-40,0,0,0,0,OK,,,,,
2026-05-02 4:06:45,10.7,78,0,392,0,OK,,,,,
2026-05-02 4:07:01,-40,0,0,0,0,OK,,,,,
2026-05-02 4:07:17,56.7,78,0,392,0,OK,,,,,
2026-05-02 4:07:33,-40,0,0,0,0,OK,,,,,
2026-05-02 4:07:49,-40,0,0,0,0,OK,,,,,
2026-05-02 4:08:05,10.7,78,0,392,0,OK,,,,,
2026-05-02 4:08:21,-40,0,0,0,0,OK,,,,,
2026-05-02 4:08:37,10.7,126,0,392,0,OK,,,,,
2026-05-02 4:09:09,-40,0,0,0,0,OK,,,,,
2026-05-02 4:09:25,-40,0,0,0,0,OK,,,,,
2026-05-02 4:09:41,-40,0,0,0,0,OK,,,,,
2026-05-02 4:09:57,-15,79,35.8,452,2.4,OK,,,,,
2026-05-02 4:10:13,-40,0,0,0,0,OK,,,,,
2026-05-02 4:10:29,-40,0,0,0,0,OK,,,,,
2026-05-02 4:11:01,-40,0,0,0,0,OK,,,,,
2026-05-02 4:11:17,-40,0,0,0,0,OK,,,,,
2026-05-02 4:11:33,-40,0,0,0,0,OK,,,,,
2026-05-02 4:11:49,164.1,79,35.8,392,0,OK,,,,,
2026-05-02 4:12:05,-40,0,0,0,0,OK,,,,,
2026-05-02 4:12:21,-40,0,0,0,0,OK,,,,,
2026-05-02 4:12:37,-40,0,0,0,0,OK,,,,,
2026-05-02 4:12:53,10.9,79,0,482,0,OK,,,,,
2026-05-02 4:13:09,-40,0,0,0,0,OK,,,,,
2026-05-02 4:13:25,-40,0,0,0,0,OK,,,,,
2026-05-02 4:13:41,-40,0,0,0,0,OK,,,,,
2026-05-02 4:13:57,-40,0,0,0,0,OK,,,,,
2026-05-02 4:14:29,-40,0,0,0,0,OK,,,,,
2026-05-02 4:14:45,-40,0,0,0,0,OK,,,,,
2026-05-02 4:15:17,10.8,77,0,392,0,OK,,,,,
2026-05-02 4:15:33,-40,0,0,0,0,OK,,,,,
2026-05-02 4:15:49,-40,0,0,0,0,OK,,,,,
2026-05-02 4:16:05,-40,0,0,0,0,OK,,,,,
2026-05-02 4:16:21,10.9,77,17.9,392,9.6,OK,,,,,
2026-05-02 4:16:37,-40,0,0,0,0,OK,,,,,
2026-05-02 4:16:53,-40,0,0,0,0,OK,,,,,
2026-05-02 4:17:09,-40,0,0,0,0,OK,,,,,
2026-05-02 4:17:25,-40,0,0,0,0,OK,,,,,
2026-05-02 4:17:57,-40,0,0,0,0,OK,,,,,
2026-05-02 4:18:13,164.4,77,35.8,392,0,OK,,,,,
2026-05-02 4:18:45,-40,0,0,0,0,OK,,,,,
2026-05-02 4:19:17,-40,0,0,0,0,OK,,,,,
2026-05-02 4:19:33,-40,0,0,0,0,OK,,,,,
2026-05-02 4:19:49,-40,0,0,0,0,OK,,,,,
2026-05-02 4:20:05,-40,0,0,0,0,OK,,,,,
2026-05-02 4:20:21,-40,0,0,0,0,OK,,,,,
2026-05-02 4:20:37,-40,0,0,0,0,OK,,,,,
2026-05-02 4:20:53,-40,0,0,0,0,OK,,,,,
2026-05-02 4:21:09,-40,0,0,0,0,OK,,,,,
2026-05-02 4:21:25,-40,0,0,0,0,OK,,,,,
2026-05-02 4:21:41,-40,0,0,0,0,OK,,,,,
2026-05-02 4:23:01,-40,0,0,0,0,OK,,,,,
2026-05-02 4:23:17,10.8,92,0,392,0,OK,,,,,
2026-05-02 4:23:33,-40,0,0,0,0,OK,,,,,
2026-05-02 4:23:49,-40,0,0,0,0,OK,,,,,
2026-05-02 4:24:05,-40,0,0,0,0,OK,,,,,
2026-05-02 4:24:21,10.8,204,0,452,0,OK,,,,,
2026-05-02 4:24:37,-40,0,0,0,0,OK,,,,,
2026-05-02 4:25:25,-40,0,0,0,0,OK,,,,,
2026-05-02 4:25:57,-40,0,0,0,0,OK,,,,,
2026-05-02 4:26:13,-40,0,0,0,0,OK,,,,,
2026-05-02 4:26:29,10.9,77,0,392,0,OK,,,,,
2026-05-02 4:26:45,-40,0,0,0,0,OK,,,,,
2026-05-02 4:27:01,-40,0,0,0,0,OK,,,,,
2026-05-02 4:27:17,-40,0,0,0,0,OK,,,,,
2026-05-02 4:27:33,-40,0,0,0,0,OK,,,,,
2026-05-02 4:27:49,-40,0,0,0,0,OK,,,,,
2026-05-02 4:28:21,10.5,95,0,408,0,OK,,,,,
2026-05-02 4:28:37,-40,0,0,0,0,OK,,,,,
2026-05-02 4:29:09,-40,0,0,0,0,OK,,,,,
2026-05-02 4:29:25,-40,0,0,0,0,OK,,,,,
2026-05-02 4:29:41,-40,0,0,0,0,OK,,,,,
2026-05-02 4:29:57,-40,0,0,0,0,OK,,,,,
2026-05-02 4:30:13,-40,0,0,0,0,OK,,,,,
2026-05-02 4:30:29,10.6,77,0,392,0,OK,,,,,
2026-05-02 4:30:45,10.6,77,0,392,0,OK,,,,,
2026-05-02 4:31:01,-40,0,0,0,0,OK,,,,,
2026-05-02 4:31:17,-40,0,0,0,0,OK,,,,,
2026-05-02 4:31:33,-40,0,0,0,0,OK,,,,,
2026-05-02 4:32:37,-40,0,0,0,0,OK,,,,,
2026-05-02 4:32:53,10.4,78,0,8072,0,OK,,,,,
2026-05-02 4:33:09,-40,0,0,0,0,OK,,,,,
2026-05-02 4:34:13,-40,0,0,0,0,OK,,,,,
2026-05-02 4:34:29,-40,0,0,0,0,OK,,,,,
2026-05-02 4:34:45,-40,0,0,0,0,OK,,,,,
2026-05-02 4:35:01,-40,0,0,0,0,OK,,,,,
2026-05-02 4:35:17,-40,0,0,0,0,OK,,,,,
2026-05-02 4:35:33,-40,0,0,0,0,OK,,,,,
2026-05-02 4:35:49,-40,0,0,0,0,OK,,,,,
2026-05-02 4:36:05,10.4,94,0,392,0,OK,,,,,
2026-05-02 4:36:37,-40,0,0,0,0,OK,,,,,
2026-05-02 4:36:53,-40,0,0,0,0,OK,,,,,
2026-05-02 4:37:09,10.4,167,0,392,0,OK,,,,,
2026-05-02 4:37:25,10.4,206,0,392,0,OK,,,,,
2026-05-02 4:37:41,-40,0,0,0,0,OK,,,,,
2026-05-02 4:38:45,-40,0,0,0,0,OK,,,,,
2026-05-02 4:39:01,-40,0,0,0,0,OK,,,,,
2026-05-02 4:39:17,-40,0,0,0,0,OK,,,,,
2026-05-02 4:39:33,10.3,94,0,452,0,OK,,,,,
2026-05-02 4:39:49,-40,0,0,0,0,OK,,,,,
2026-05-02 4:40:05,-40,0,0,0,0,OK,,,,,
2026-05-02 4:40:21,-40,0,0,0,0,OK,,,,,
2026-05-02 4:40:37,-40,0,0,0,0,OK,,,,,
2026-05-02 4:40:53,-40,0,0,0,0,OK,,,,,
2026-05-02 4:41:09,-40,0,0,0,0,OK,,,,,
2026-05-02 4:41:25,-40,0,0,0,0,OK,,,,,
2026-05-02 4:41:41,-40,0,0,0,0,OK,,,,,
2026-05-02 4:42:13,-40,0,0,0,0,OK,,,,,
2026-05-02 4:42:29,-40,0,0,0,0,OK,,,,,
2026-05-02 4:43:01,-40,0,0,0,0,OK,,,,,
2026-05-02 4:43:17,-40,0,0,0,0,OK,,,,,
2026-05-02 4:43:33,-1.7,166,0,452,0,OK,,,,,
2026-05-02 4:43:49,-40,0,0,0,0,OK,,,,,
2026-05-02 4:44:05,10.7,76,0,392,0,OK,,,,,
2026-05-02 4:44:21,-40,0,0,0,0,OK,,,,,
2026-05-02 4:44:37,-40,0,0,0,0,OK,,,,,
2026-05-02 4:44:53,10.7,76,0,452,0,OK,,,,,
2026-05-02 4:45:09,11,76,0,392,838860.8,OK,,,,,
2026-05-02 4:45:25,-40,0,0,0,0,OK,,,,,
2026-05-02 4:45:41,-40,0,0,0,0,OK,,,,,
2026-05-02 4:45:57,-40,0,0,0,0,OK,,,,,
2026-05-02 4:46:29,-40,0,0,0,0,OK,,,,,
2026-05-02 4:46:45,10.6,76,0,392,0,OK,,,,,
2026-05-02 4:47:01,-40,0,0,0,0,OK,,,,,
2026-05-02 4:47:17,-40,0,0,0,0,OK,,,,,
2026-05-02 4:47:33,10.6,205,0,65416,3276.8,OK,,,,,
2026-05-02 4:47:49,-40,0,0,0,0,OK,,,,,
2026-05-02 4:48:05,-40,0,0,0,0,OK,,,,,
2026-05-02 4:48:37,-40,0,0,0,0,OK,,,,,
2026-05-02 4:48:53,-40,0,0,0,0,OK,,,,,
2026-05-02 4:49:09,-40,0,0,0,0,OK,,,,,
2026-05-02 4:49:25,-40,0,0,0,0,OK,,,,,
2026-05-02 4:49:41,10.6,77,0,392,0,OK,,,,,
2026-05-02 4:51:01,-40,0,0,0,0,OK,,,,,
2026-05-02 4:51:17,-40,0,0,0,0,OK,,,,,
2026-05-02 4:51:33,-40,0,0,0,0,OK,,,,,
2026-05-02 4:51:49,-40,0,0,0,0,OK,,,,,
2026-05-02 4:52:05,-40,0,0,0,0,OK,,,,,
2026-05-02 4:52:37,-40,0,0,0,0,OK,,,,,
2026-05-02 4:52:53,-40,0,0,0,0,OK,,,,,
2026-05-02 4:53:09,-40,0,0,0,0,OK,,,,,
2026-05-02 4:53:25,-40,0,0,0,0,OK,,,,,
2026-05-02 4:54:29,164.7,75,0,392,838860.8,OK,,,,,
2026-05-02 4:54:45,11.1,79,0,392,17.6,OK,,,,,
2026-05-02 4:55:01,-40,0,0,0,0,OK,,,,,
2026-05-02 4:55:17,-40,0,0,0,0,OK,,,,,
2026-05-02 4:55:33,11.2,74,0,8072,14,OK,,,,,
2026-05-02 4:56:05,-40,0,0,0,0,OK,,,,,
2026-05-02 4:56:21,11.2,74,0,392,17.6,OK,,,,,
2026-05-02 4:56:37,-40,0,0,0,0,OK,,,,,
2026-05-02 4:57:09,-40,0,0,0,0,OK,,,,,
2026-05-02 4:57:25,11.3,74,0,392,0,OK,,,,,
2026-05-02 4:58:13,-40,0,0,0,0,OK,,,,,
2026-05-02 4:58:29,-40,0,0,0,0,OK,,,,,
2026-05-02 4:58:45,-40,0,0,0,0,OK,,,,,
2026-05-02 4:59:01,-40,0,0,0,0,OK,,,,,
2026-05-02 4:59:33,11.3,58,13.4,392,0,OK,,,,,
2026-05-02 4:59:49,11.3,73,1.1,1928,0,OK,,,,,
2026-05-02 5:00:21,11.3,73,0,392,0,OK,,,,,
2026-05-02 5:00:37,-40,0,0,0,0,OK,,,,,
2026-05-02 5:00:53,-40,0,0,0,0,OK,,,,,
2026-05-02 5:01:09,-40,0,0,0,0,OK,,,,,
2026-05-02 5:02:13,-40,0,0,0,0,OK,,,,,
2026-05-02 5:02:29,-40,0,0,0,0,OK,,,,,
2026-05-02 5:02:45,-40,0,0,0,0,OK,,,,,
2026-05-02 5:03:49,-40,0,0,0,0,OK,,,,,
2026-05-02 5:04:21,-40,0,0,0,0,OK,,,,,
2026-05-02 5:04:37,-40,0,0,0,0,OK,,,,,
2026-05-02 5:04:53,-40,0,0,0,0,OK,,,,,
2026-05-02 5:05:09,-40,0,0,0,0,OK,,,,,
2026-05-02 5:05:41,-40,0,0,0,0,OK,,,,,
2026-05-02 5:05:57,-40,0,0,0,0,OK,,,,,
2026-05-02 5:06:13,-40,0,0,0,0,OK,,,,,
2026-05-02 5:06:29,11.2,73,0.3,392,0,OK,,,,,
2026-05-02 5:07:01,11.2,73,0,392,0,OK,,,,,
2026-05-02 5:07:33,-40,0,0,0,0,OK,,,,,
2026-05-02 5:07:49,11.1,73,0,392,0,OK,,,,,
2026-05-02 5:08:05,11.2,73,0,392,0,OK,,,,,
2026-05-02 5:08:37,-40,0,0,0,0,OK,,,,,
2026-05-02 5:09:41,11.1,73,0,392,0,OK,,,,,
2026-05-02 5:09:57,11,73,0,392,0,OK,,,,,
2026-05-02 5:10:13,-40,0,0,0,0,OK,,,,,
2026-05-02 5:10:29,-40,0,0,0,0,OK,,,,,
2026-05-02 5:10:45,-40,0,0,0,0,OK,,,,,
2026-05-02 5:11:01,-40,0,0,0,0,OK,,,,,
2026-05-02 5:12:21,11,73,0,392,0,OK,,,,,
2026-05-02 5:13:25,-40,0,0,0,0,OK,,,,,
2026-05-02 5:13:41,-40,0,0,0,0,OK,,,,,
2026-05-02 5:13:57,-40,0,0,0,0,OK,,,,,
2026-05-02 5:14:13,11,73,0,392,0,OK,,,,,
2026-05-02 5:14:29,-40,0,0,0,0,OK,,,,,
2026-05-02 5:14:45,-40,0,0,0,0,OK,,,,,
2026-05-02 5:15:33,-40,0,0,0,0,OK,,,,,
2026-05-02 5:15:49,-40,0,0,0,0,OK,,,,,
2026-05-02 5:16:21,-40,0,0,0,0,OK,,,,,
2026-05-02 5:16:37,-40,0,0,0,0,OK,,,,,
2026-05-02 5:16:53,-40,0,0,0,0,OK,,,,,
2026-05-02 5:17:41,10.9,72,0,392,0,OK,,,,,
2026-05-02 5:17:57,-40,0,0,0,0,OK,,,,,
2026-05-02 5:18:13,11,72,0.6,440,0,OK,,,,,
2026-05-02 5:18:29,164.6,72,37.5,392,838860.8,OK,,,,,
2026-05-02 5:18:45,-40,0,0,0,0,OK,,,,,
2026-05-02 5:19:01,-40,0,0,0,0,OK,,,,,
2026-05-02 5:20:05,-40,0,0,0,0,OK,,,,,
2026-05-02 5:20:37,-40,0,0,0,0,OK,,,,,
2026-05-02 5:20:53,-40,0,0,0,0,OK,,,,,
2026-05-02 5:21:09,-40,0,0,0,0,OK,,,,,
2026-05-02 5:21:25,-40,0,0,0,0,OK,,,,,
2026-05-02 5:21:41,-40,0,0,0,0,OK,,,,,
2026-05-02 5:22:13,11,72,0.8,392,0,OK,,,,,
2026-05-02 5:22:29,-40,0,0,0,0,OK,,,,,
2026-05-02 5:22:45,-40,0,0,0,0,OK,,,,,
2026-05-02 5:23:01,-40,0,0,0,0,OK,,,,,
2026-05-02 5:23:17,-40,0,0,0,0,OK,,,,,
2026-05-02 5:23:49,-40,0,0,0,0,OK,,,,,
2026-05-02 5:24:05,-40,0,0,0,0,OK,,,,,
2026-05-02 5:24:21,-40,0,0,0,0,OK,,,,,
2026-05-02 5:24:37,-40,0,0,0,0,OK,,,,,
2026-05-02 5:24:53,-40,0,0,0,0,OK,,,,,
2026-05-02 5:26:13,-40,0,0,0,0,OK,,,,,
2026-05-02 5:26:29,-40,0,0,0,0,OK,,,,,
2026-05-02 5:27:01,11.1,71,0,392,0,OK,,,,,
2026-05-02 5:27:17,11.1,71,0,392,12.8,OK,,,,,
2026-05-02 5:28:05,-14.6,72,35.8,392,0,OK,,,,,
2026-05-02 5:28:21,-40,0,0,0,0,OK,,,,,
2026-05-02 5:29:25,-14.6,72,35.8,452,0,OK,,,,,
2026-05-02 5:29:41,10.9,210,0,392,0,OK,,,,,
2026-05-02 5:30:13,-40,0,0,0,0,OK,,,,,
2026-05-02 5:30:29,11,72,0,392,0,OK,,,,,
2026-05-02 5:30:45,11,88,0,408,0,OK,,,,,
2026-05-02 5:31:01,-40,0,0,0,0,OK,,,,,
2026-05-02 5:31:17,11,72,0,392,0,OK,,,,,
2026-05-02 5:32:05,-40,0,0,0,0,OK,,,,,
2026-05-02 5:32:21,10.9,72,17.9,408,7.6,OK,,,,,
2026-05-02 5:32:53,-40,0,0,0,0,OK,,,,,
2026-05-02 5:33:09,-40,0,0,0,0,OK,,,,,
2026-05-02 5:33:25,-40,0,0,0,0,OK,,,,,
2026-05-02 5:35:01,10.8,72,0,392,0,OK,,,,,
2026-05-02 5:35:17,10.8,210,0,392,0,OK,,,,,
2026-05-02 5:35:33,-40,0,0,0,0,OK,,,,,
2026-05-02 5:36:05,-40,0,0,0,0,OK,,,,,
2026-05-02 5:36:21,10.8,120,0,392,3276.8,OK,,,,,
2026-05-02 5:36:37,-40,0,0,0,0,OK,,,,,
2026-05-02 5:36:53,-40,0,0,0,0,OK,,,,,
2026-05-02 5:37:09,-40,0,0,0,0,OK,,,,,
2026-05-02 5:37:25,-40,0,0,0,0,OK,,,,,
2026-05-02 5:38:13,-40,0,0,0,0,OK,,,,,
2026-05-02 5:38:29,2,0,0,34816,22.7,OK,,,,,
2026-05-02 5:38:45,11,72,0,904,0,OK,,,,,
2026-05-02 5:39:01,-40,0,0,0,0,OK,,,,,
2026-05-02 5:39:17,-40,0,0,0,0,OK,,,,,
2026-05-02 5:39:33,-40,0,0,0,0,OK,,,,,
2026-05-02 5:39:49,-40,0,0,0,0,OK,,,,,
2026-05-02 5:40:53,-40,0,0,0,0,OK,,,,,
2026-05-02 5:41:09,-40,0,0,0,0,OK,,,,,
2026-05-02 5:41:41,-40,0,0,0,0,OK,,,,,
2026-05-02 5:41:57,11.1,72,0,392,0,OK,,,,,
2026-05-02 5:43:17,11.1,72,0,392,0,OK,,,,,
2026-05-02 5:43:33,-40,0,0,0,0,OK,,,,,
2026-05-02 5:43:49,-40,0,0,0,0,OK,,,,,
2026-05-02 5:44:21,-40,0,0,0,0,OK,,,,,
2026-05-02 5:44:53,-40,0,0,0,0,OK,,,,,
2026-05-02 5:45:09,11.1,72,0,3976,0,OK,,,,,
2026-05-02 5:45:57,-40,0,0,0,0,OK,,,,,
2026-05-02 5:46:13,-40,0,0,0,0,OK,,,,,
2026-05-02 5:46:45,11.1,72,0,392,0,OK,,,,,
2026-05-02 5:47:01,-40,0,0,0,0,OK,,,,,
2026-05-02 5:48:21,-40,0,0,0,0,OK,,,,,
2026-05-02 5:48:37,-40,0,0,0,0,OK,,,,,
2026-05-02 5:49:41,-40,0,0,0,0,OK,,,,,
2026-05-02 5:50:13,-40,0,0,0,0,OK,,,,,
2026-05-02 5:50:29,-40,0,0,0,0,OK,,,,,
2026-05-02 5:51:01,-40,0,0,0,0,OK,,,,,
2026-05-02 5:51:17,-40,0,0,0,0,OK,,,,,
2026-05-02 5:51:33,11,72,0,392,282.1,OK,,,,,
2026-05-02 5:51:49,-40,0,0,0,0,OK,,,,,
2026-05-02 5:52:21,11.1,72,0,392,351.5,OK,,,,,
2026-05-02 5:52:37,-40,0,0,0,0,OK,,,,,
2026-05-02 5:52:53,164.6,72,0,392,402.3,OK,,,,,
2026-05-02 5:53:25,11,88,0,1928,3999.2,OK,,,,,
2026-05-02 5:53:41,-40,0,0,0,0,OK,,,,,
2026-05-02 5:53:57,-40,0,0,0,0,OK,,,,,
2026-05-02 5:54:13,-40,0,0,0,0,OK,,,,,
2026-05-02 5:54:29,62.2,72,0,904,550.3,OK,,,,,
2026-05-02 5:54:45,-40,0,0,0,0,OK,,,,,
2026-05-02 5:55:49,11,72,0,392,616,OK,,,,,
2026-05-02 5:56:05,-40,0,0,0,0,OK,,,,,
2026-05-02 5:56:21,-40,0,0,0,0,OK,,,,,
2026-05-02 5:56:37,11,72,0,1928,699.3,OK,,,,,
2026-05-02 5:56:53,11,200,0,392,728.4,OK,,,,,
2026-05-02 5:57:09,-40,0,0,0,0,OK,,,,,
2026-05-02 5:58:13,-40,0,0,0,0,OK,,,,,
2026-05-02 5:58:29,-40,0,0,0,0,OK,,,,,
2026-05-02 5:59:49,-40,0,0,0,0,OK,,,,,
2026-05-02 6:00:05,11,72,0,392,1161.3,OK,,,,,
2026-05-02 6:00:21,-40,0,0,0,0,OK,,,,,
2026-05-02 6:00:37,-40,0,0,0,0,OK,,,,,
2026-05-02 6:00:53,-40,0,0,0,0,OK,,,,,
2026-05-02 6:01:09,-40,0,0,0,0,OK,,,,,
2026-05-02 6:01:25,-40,0,0,0,0,OK,,,,,
2026-05-02 6:01:41,11,72,0,392,1348.6,OK,,,,,
2026-05-02 6:01:57,-40,0,0,0,0,OK,,,,,
2026-05-02 6:02:13,-40,0,0,0,0,OK,,,,,
2026-05-02 6:03:33,-40,0,0,0,0,OK,,,,,
2026-05-02 6:03:49,-40,0,0,0,0,OK,,,,,
2026-05-02 6:04:05,-40,0,0,0,0,OK,,,,,
2026-05-02 6:04:21,-40,0,0,0,0,OK,,,,,
2026-05-02 6:04:53,11,72,0,392,1777.3,OK,,,,,
2026-05-02 6:05:09,11.1,72,0,392,1613.2,OK,,,,,
2026-05-02 6:06:13,11.1,72,0,392,1727.9,OK,,,,,
2026-05-02 6:06:29,-40,0,0,0,0,OK,,,,,
2026-05-02 6:07:49,11.1,72,0,392,2148,OK,,,,,
2026-05-02 6:08:05,11.1,72,0,392,2185,OK,,,,,
2026-05-02 6:08:21,-40,0,0,0,0,OK,,,,,
2026-05-02 6:08:37,11.1,72,0,392,2262.7,OK,,,,,
2026-05-02 6:08:53,11.1,200,0,65416,2303.4,OK,,,,,
2026-05-02 6:09:09,-40,0,0,0,0,OK,,,,,
2026-05-02 6:09:41,-40,0,0,0,0,OK,,,,,
2026-05-02 6:09:57,11.1,72,0,392,2484.7,OK,,,,,
2026-05-02 6:10:13,-40,0,0,0,0,OK,,,,,
2026-05-02 6:10:29,-40,0,0,0,0,OK,,,,,
2026-05-02 6:10:45,11.2,72,0,65416,2632.7,OK,,,,,
2026-05-02 6:11:01,-40,0,0,0,0,OK,,,,,
2026-05-02 6:11:17,11.2,72,0,392,2706.7,OK,,,,,
2026-05-02 6:11:33,-40,0,0,0,0,OK,,,,,
2026-05-02 6:11:49,152,72,35.8,392,2762.2,OK,,,,,
2026-05-02 6:12:05,-40,0,0,0,0,OK,,,,,
2026-05-02 6:13:25,-40,0,0,0,0,OK,,,,,
2026-05-02 6:13:41,11.3,72,0,392,2847.3,OK,,,,,
2026-05-02 6:13:57,-40,0,0,0,0,OK,,,,,
2026-05-02 6:14:13,11.4,72,0,392,6123.3,OK,,,,,
2026-05-02 6:14:29,62.5,72,71.7,32648,2832.5,OK,,,,,
2026-05-02 6:15:01,-40,0,0,0,0,OK,,,,,
2026-05-02 6:15:17,11.4,210,0,504,2788.1,OK,,,,,
2026-05-02 6:15:33,-40,0,0,0,0,OK,,,,,
2026-05-02 6:16:05,-40,0,0,0,0,OK,,,,,
2026-05-02 6:16:37,-40,0,0,0,0,OK,,,,,
2026-05-02 6:16:53,-40,0,0,0,0,OK,,,,,
2026-05-02 6:17:09,-40,0,0,0,0,OK,,,,,
2026-05-02 6:17:41,-40,0,0,0,0,OK,,,,,
2026-05-02 6:17:57,-40,0,0,0,0,OK,,,,,
2026-05-02 6:18:13,-40,0,0,0,0,OK,,,,,
2026-05-02 6:18:29,-40,0,0,0,0,OK,,,,,
2026-05-02 6:18:45,11.5,72,0,392,2566.1,OK,,,,,
2026-05-02 6:19:17,-40,0,0,0,0,OK,,,,,
2026-05-02 6:19:33,-40,0,0,0,0,OK,,,,,
2026-05-02 6:19:49,11.5,72,0,392,2566.1,OK,,,,,
2026-05-02 6:20:05,11.5,72,0,392,2580.9,OK,,,,,
2026-05-02 6:20:21,-40,0,0,0,0,OK,,,,,
2026-05-02 6:21:25,-40,0,0,0,0,OK,,,,,
2026-05-02 6:21:41,-40,0,0,0,0,OK,,,,,
2026-05-02 6:21:57,11.6,72,0,392,2817.7,OK,,,,,
2026-05-02 6:22:13,-40,0,0,0,0,OK,,,,,
2026-05-02 6:22:29,-40,0,0,0,0,OK,,,,,
2026-05-02 6:22:45,-40,0,0,0,0,OK,,,,,
2026-05-02 6:23:01,-40,0,0,0,0,OK,,,,,
2026-05-02 6:23:17,-40,0,0,0,0,OK,,,,,
2026-05-02 6:23:33,-40,0,0,0,0,OK,,,,,
2026-05-02 6:24:05,11.7,72,0,392,3073,OK,,,,,
2026-05-02 6:24:37,-40,0,0,0,0,OK,,,,,
2026-05-02 6:24:53,11.7,72,0,392,3174.3,OK,,,,,
2026-05-02 6:25:25,-40,0,0,0,0,OK,,,,,
2026-05-02 6:26:13,11.8,89,0,904,3270.2,OK,,,,,
2026-05-02 6:26:45,11.8,73,0,392,3295.8,OK,,,,,
2026-05-02 6:27:01,-40,0,0,0,0,OK,,,,,
2026-05-02 6:27:17,-40,0,0,0,0,OK,,,,,
2026-05-02 6:27:33,-40,0,0,0,0,OK,,,,,
2026-05-02 6:27:49,-40,0,0,0,0,OK,,,,,
2026-05-02 6:28:05,-40,0,0,0,0,OK,,,,,
2026-05-02 6:28:21,-40,0,0,0,0,OK,,,,,
2026-05-02 6:28:37,-40,0,0,0,0,OK,,,,,
2026-05-02 6:28:53,-40,0,0,0,0,OK,,,,,
2026-05-02 6:29:09,11.9,249,0,452,3276.4,OK,,,,,
2026-05-02 6:29:25,-40,0,0,0,0,OK,,,,,
2026-05-02 6:29:41,-40,0,0,0,0,OK,,,,,
2026-05-02 6:30:13,-40,0,0,0,0,OK,,,,,
2026-05-02 6:30:29,11.9,72,0,392,3191.4,OK,,,,,
2026-05-02 6:31:01,-40,0,0,0,0,OK,,,,,
2026-05-02 6:31:17,-40,0,0,0,0,OK,,,,,
2026-05-02 6:31:33,-40,0,0,0,0,OK,,,,,
2026-05-02 6:31:49,11.9,72,0,392,3180.3,OK,,,,,
2026-05-02 6:32:21,-40,0,0,0,0,OK,,,,,
2026-05-02 6:32:53,-40,0,0,0,0,OK,,,,,
2026-05-02 6:33:09,11.8,73,0,392,609.1,OK,,,,,
2026-05-02 6:33:41,-40,0,0,0,0,OK,,,,,
2026-05-02 6:33:57,-40,0,0,0,0,OK,,,,,
2026-05-02 6:34:13,11.9,73,0,392,3317.2,OK,,,,,
2026-05-02 6:34:29,-40,0,0,0,0,OK,,,,,
2026-05-02 6:34:45,-40,0,0,0,0,OK,,,,,
2026-05-02 6:35:01,11.9,73,0,392,3380.3,OK,,,,,
2026-05-02 6:35:17,-40,0,0,0,0,OK,,,,,
2026-05-02 6:35:33,11.9,73,0,504,3090.1,OK,,,,,
2026-05-02 6:36:53,11.8,73,0,452,3491.1,OK,,,,,
2026-05-02 6:37:09,-40,0,0,0,0,OK,,,,,
2026-05-02 6:37:25,11.8,73,0,392,502896.3,OK,,,,,
2026-05-02 6:37:41,-40,0,0,0,0,OK,,,,,
2026-05-02 6:38:13,114.2,75,0,392,5833.3,OK,,,,,
2026-05-02 6:38:29,-40,0,0,0,0,OK,,,,,
2026-05-02 6:39:17,-40,0,0,0,0,OK,,,,,
2026-05-02 6:40:21,-40,0,0,0,0,OK,,,,,
2026-05-02 6:40:37,11.8,73,0,392,4086.8,OK,,,,,
2026-05-02 6:40:53,-40,0,0,0,0,OK,,,,,
2026-05-02 6:42:13,-40,0,0,0,0,OK,,,,,
2026-05-02 6:42:29,-40,0,0,0,0,OK,,,,,
2026-05-02 6:43:49,-40,0,0,0,0,OK,,,,,
2026-05-02 6:44:21,-40,0,0,0,0,OK,,,,,
2026-05-02 6:44:37,-40,0,0,0,0,OK,,,,,
2026-05-02 6:45:09,-40,0,0,0,0,OK,,,,,
2026-05-02 6:45:25,11.9,74,0,904,4823.1,OK,,,,,
2026-05-02 6:45:41,11.9,74,0,392,4882.3,OK,,,,,
2026-05-02 6:45:57,-40,0,0,0,0,OK,,,,,
2026-05-02 6:46:13,-40,0,0,0,0,OK,,,,,
2026-05-02 6:47:33,-40,0,0,0,0,OK,,,,,
2026-05-02 6:47:49,-40,0,0,0,0,OK,,,,,
2026-05-02 6:48:05,23.3,75,0,65416,5478,OK,,,,,
2026-05-02 6:48:37,36.2,75,0.1,904,5633.4,OK,,,,,
2026-05-02 6:48:53,17.4,75,0,392,5729.6,OK,,,,,
2026-05-02 6:49:41,-40,0,0,0,0,OK,,,,,
2026-05-02 6:50:45,-40,0,0,0,0,OK,,,,,
2026-05-02 6:51:01,-40,0,0,0,0,OK,,,,,
2026-05-02 6:51:17,12.2,74,0,392,6521.4,OK,,,,,
2026-05-02 6:52:53,-40,0,0,0,0,OK,,,,,
2026-05-02 6:53:09,-40,0,0,0,0,OK,,,,,
2026-05-02 6:53:25,-40,0,0,0,0,OK,,,,,
2026-05-02 6:55:01,-40,0,0,0,0,OK,,,,,
2026-05-02 6:55:17,-40,0,0,0,0,OK,,,,,
2026-05-02 6:56:37,23.8,74,0,392,8822.8,OK,,,,,
2026-05-02 6:56:53,17.4,74,0,392,8973.3,OK,,,,,
2026-05-02 6:57:09,-40,0,0,0,0,OK,,,,,
2026-05-02 6:57:25,-40,0,0,0,0,OK,,,,,
2026-05-02 6:57:41,-40,0,0,0,0,OK,,,,,
2026-05-02 6:58:13,-40,0,0,0,0,OK,,,,,
2026-05-02 6:58:29,-40,0,0,0,0,OK,,,,,
2026-05-02 6:59:01,-40,0,0,0,0,OK,,,,,
2026-05-02 6:59:17,12.8,74,0,392,8697,OK,,,,,
2026-05-02 6:59:33,-40,0,0,0,0,OK,,,,,
2026-05-02 6:59:49,-40,0,0,0,0,OK,,,,,
2026-05-02 7:00:05,-40,0,0,0,0,OK,,,,,
2026-05-02 7:00:21,-40,0,0,0,0,OK,,,,,
2026-05-02 7:00:37,-40,0,0,0,0,OK,,,,,
2026-05-02 7:00:53,-40,0,0,0,0,OK,,,,,
2026-05-02 7:01:09,-40,0,0,0,0,OK,,,,,
2026-05-02 7:01:25,-40,0,0,0,0,OK,,,,,
2026-05-02 7:01:41,-40,0,0,0,0,OK,,,,,
2026-05-02 7:01:57,-40,0,0,0,0,OK,,,,,
2026-05-02 7:02:13,12.9,201,17.9,392,8822.8,OK,,,,,
2026-05-02 7:02:29,-40,0,0,0,0,OK,,,,,
2026-05-02 7:02:45,-40,0,0,0,0,OK,,,,,
2026-05-02 7:03:01,-40,0,0,0,0,OK,,,,,
2026-05-02 7:03:17,-40,0,0,0,0,OK,,,,,
2026-05-02 7:03:33,-40,0,0,0,0,OK,,,,,
2026-05-02 7:04:37,-40,0,0,0,0,OK,,,,,
2026-05-02 7:04:53,12.9,164,0,904,9753.4,OK,,,,,
2026-05-02 7:05:09,22.5,72,0,482,9832.9,OK,,,,,
2026-05-02 7:05:25,-40,0,0,0,0,OK,,,,,
2026-05-02 7:05:57,-40,0,0,0,0,OK,,,,,
2026-05-02 7:06:13,13,88,0,392,10188.5,OK,,,,,
2026-05-02 7:06:45,-40,0,0,0,0,OK,,,,,
2026-05-02 7:07:01,-40,0,0,0,0,OK,,,,,
2026-05-02 7:07:17,22.6,72,0,392,10478.5,OK,,,,,
2026-05-02 7:07:33,-40,0,0,0,0,OK,,,,,
2026-05-02 7:07:49,-40,0,0,0,0,OK,,,,,
2026-05-02 7:08:05,-40,0,0,0,0,OK,,,,,
2026-05-02 7:08:21,13.1,71,0,1928,10817.8,OK,,,,,
2026-05-02 7:09:25,-40,0,0,0,0,OK,,,,,
2026-05-02 7:09:41,-40,0,0,0,0,OK,,,,,
2026-05-02 7:09:57,-40,0,0,0,0,OK,,,,,
2026-05-02 7:10:13,-40,0,0,0,0,OK,,,,,
2026-05-02 7:10:29,-40,0,0,0,0,OK,,,,,
2026-05-02 7:10:45,-40,0,0,0,0,OK,,,,,
2026-05-02 7:11:01,-40,0,0,0,0,OK,,,,,
2026-05-02 7:11:17,-40,0,0,0,0,OK,,,,,
2026-05-02 7:11:33,-40,0,0,0,0,OK,,,,,
2026-05-02 7:11:49,13.1,71,0,408,11252.7,OK,,,,,
2026-05-02 7:12:05,-40,0,0,0,0,OK,,,,,
2026-05-02 7:12:21,-40,0,0,0,0,OK,,,,,
2026-05-02 7:12:37,-40,0,0,0,0,OK,,,,,
2026-05-02 7:12:53,13.2,71,0,392,24278.8,OK,,,,,
2026-05-02 7:13:09,-40,0,0,0,0,OK,,,,,
2026-05-02 7:13:41,13.1,71,0,392,11360.1,OK,,,,,
2026-05-02 7:13:57,-40,0,0,0,0,OK,,,,,
2026-05-02 7:14:13,-40,0,0,0,0,OK,,,,,
2026-05-02 7:14:29,13.2,71,0,1928,11653,OK,,,,,
2026-05-02 7:14:45,-40,0,0,0,0,OK,,,,,
2026-05-02 7:15:01,-40,0,0,0,0,OK,,,,,
2026-05-02 7:15:17,-40,0,0,0,0,OK,,,,,
2026-05-02 7:15:33,-40,0,0,0,0,OK,,,,,
2026-05-02 7:15:49,-40,0,0,0,0,OK,,,,,
2026-05-02 7:16:05,13.2,71,0,392,12085.1,OK,,,,,
2026-05-02 7:16:21,-40,0,0,0,0,OK,,,,,
2026-05-02 7:16:37,-40,0,0,0,0,OK,,,,,
2026-05-02 7:17:57,-40,0,0,0,0,OK,,,,,
2026-05-02 7:18:29,13.3,71,0,392,12437.6,OK,,,,,
2026-05-02 7:18:45,13.3,71,0,904,12485.3,OK,,,,,
2026-05-02 7:19:17,-40,0,0,0,0,OK,,,,,
2026-05-02 7:19:33,-40,0,0,0,0,OK,,,,,
2026-05-02 7:19:49,-40,0,0,0,0,OK,,,,,
2026-05-02 7:20:05,-40,0,0,0,0,OK,,,,,
2026-05-02 7:20:21,115.8,71,35.8,392,25957.9,OK,,,,,
2026-05-02 7:20:53,13.4,71,0,392,10858.4,OK,,,,,
2026-05-02 7:21:25,13.5,71,0,392,12859.4,OK,,,,,
2026-05-02 7:21:41,13.5,71,0,392,12859.4,OK,,,,,
2026-05-02 7:21:57,13.5,71,0,392,632418.2,OK,,,,,
2026-05-02 7:22:13,13.6,71,0,408,12856.5,OK,,,,,
2026-05-02 7:22:45,-40,0,0,0,0,OK,,,,,
2026-05-02 7:23:01,13.6,71,0,392,12876.8,OK,,,,,
2026-05-02 7:23:17,-40,0,0,0,0,OK,,,,,
2026-05-02 7:23:33,-40,0,0,0,0,OK,,,,,
2026-05-02 7:24:53,13.8,71,0,392,12990.6,OK,,,,,
2026-05-02 7:25:09,-40,0,0,0,0,OK,,,,,
2026-05-02 7:25:25,13.8,71,0,392,12282.3,OK,,,,,
2026-05-02 7:25:41,-40,0,0,0,0,OK,,,,,
2026-05-02 7:26:45,-40,0,0,0,0,OK,,,,,
2026-05-02 7:28:05,-40,0,0,0,0,OK,,,,,
2026-05-02 7:28:21,13.9,71,0,392,11423.9,OK,,,,,
2026-05-02 7:28:37,-40,0,0,0,0,OK,,,,,
2026-05-02 7:28:53,14,70,0,392,13084,OK,,,,,
2026-05-02 7:29:09,-40,0,0,0,0,OK,,,,,
2026-05-02 7:29:25,-40,0,0,0,0,OK,,,,,
2026-05-02 7:29:41,-40,0,0,0,0,OK,,,,,
2026-05-02 7:29:57,14,198,0,392,12911.5,OK,,,,,
2026-05-02 7:30:13,-40,0,0,0,0,OK,,,,,
2026-05-02 7:30:29,-40,0,0,0,0,OK,,,,,
2026-05-02 7:30:45,13.9,71,0,392,11258.6,OK,,,,,
2026-05-02 7:31:01,-40,0,0,0,0,OK,,,,,
2026-05-02 7:31:17,-40,0,0,0,0,OK,,,,,
2026-05-02 7:31:33,13.9,71,0.3,392,11296.3,OK,,,,,
2026-05-02 7:31:49,-40,0,0,0,0,OK,,,,,
2026-05-02 7:32:05,-40,0,0,0,0,OK,,,,,
2026-05-02 7:32:21,-40,0,0,0,0,OK,,,,,
2026-05-02 7:32:37,-40,0,0,0,0,OK,,,,,
2026-05-02 7:32:53,-40,0,0,0,0,OK,,,,,
2026-05-02 7:33:25,-40,0,0,0,0,OK,,,,,
2026-05-02 7:33:41,-40,0,0,0,0,OK,,,,,
2026-05-02 7:34:13,-40,0,0,0,0,OK,,,,,
2026-05-02 7:34:29,-40,0,0,0,0,OK,,,,,
2026-05-02 7:34:45,-40,0,0,0,0,OK,,,,,
2026-05-02 7:35:17,-40,0,0,0,0,OK,,,,,
2026-05-02 7:35:33,-40,0,0,0,0,OK,,,,,
2026-05-02 7:35:49,14.3,71,0,392,11273.1,OK,,,,,
2026-05-02 7:36:05,-40,0,0,0,0,OK,,,,,
2026-05-02 7:36:21,-40,0,0,0,0,OK,,,,,
2026-05-02 7:36:37,-40,0,0,0,0,OK,,,,,
2026-05-02 7:36:53,-40,0,0,0,0,OK,,,,,
2026-05-02 7:37:09,-40,0,0,0,0,OK,,,,,
2026-05-02 7:37:25,-40,0,0,0,0,OK,,,,,
2026-05-02 7:37:41,-40,0,0,0,0,OK,,,,,
2026-05-02 7:37:57,14,72,0,504,11339.8,OK,,,,,
2026-05-02 7:39:17,-40,0,0,0,0,OK,,,,,
2026-05-02 7:39:33,14,72,0,392,11568.9,OK,,,,,
2026-05-02 7:40:05,142.1,248,53.8,408,11655.9,OK,,,,,
2026-05-02 7:40:37,-40,0,0,0,0,OK,,,,,
2026-05-02 7:41:25,-40,0,0,0,0,OK,,,,,
2026-05-02 7:41:57,-40,0,0,0,0,OK,,,,,
2026-05-02 7:42:13,-40,0,0,0,0,OK,,,,,
2026-05-02 7:42:29,-40,0,0,0,0,OK,,,,,
2026-05-02 7:42:45,14.2,72,0,392,12053.2,OK,,,,,
2026-05-02 7:43:17,-11.4,72,35.8,392,12131.5,OK,,,,,
2026-05-02 7:44:37,14.3,71,0,392,12346.1,OK,,,,,
2026-05-02 7:44:53,-40,0,0,0,0,OK,,,,,
2026-05-02 7:45:09,-40,0,0,0,0,OK,,,,,
2026-05-02 7:45:57,-40,0,0,0,0,OK,,,,,
2026-05-02 7:46:29,-40,0,0,0,0,OK,,,,,
2026-05-02 7:47:49,-40,0,0,0,0,OK,,,,,
2026-05-02 7:48:21,-40,0,0,0,0,OK,,,,,
2026-05-02 7:50:45,-40,0,0,0,0,OK,,,,,
2026-05-02 7:51:01,-40,0,0,0,0,OK,,,,,
2026-05-02 7:52:05,116.6,71,0,452,12972.7,OK,,,,,
2026-05-02 7:52:21,-40,0,0,0,0,OK,,,,,
2026-05-02 7:52:37,-40,0,0,0,0,OK,,,,,
2026-05-02 7:52:53,-40,0,0,0,0,OK,,,,,
2026-05-02 7:53:25,-40,0,0,0,0,OK,,,,,
2026-05-02 7:53:41,-40,0,0,0,0,OK,,,,,
2026-05-02 7:53:57,-40,0,0,0,0,OK,,,,,
2026-05-02 7:54:13,-40,0,0,0,0,OK,,,,,
2026-05-02 7:54:29,-40,0,0,0,0,OK,,,,,
2026-05-02 7:54:45,-40,0,0,0,0,OK,,,,,
2026-05-02 7:55:01,-40,0,0,0,0,OK,,,,,
2026-05-02 7:56:05,116.6,71,0,392,12718,OK,,,,,
2026-05-02 7:56:37,-40,0,0,0,0,OK,,,,,
2026-05-02 7:56:53,-40,0,0,0,0,OK,,,,,
2026-05-02 7:57:41,14.2,71,0,392,12339.1,OK,,,,,
2026-05-02 7:57:57,-40,0,0,0,0,OK,,,,,
2026-05-02 8:00:37,-40,0,0,0,0,OK,,,,,
2026-05-02 8:01:57,-40,0,0,0,0,OK,,,,,
2026-05-02 8:02:29,-40,0,0,0,0,OK,,,,,
2026-05-02 8:03:01,-40,0,0,0,0,OK,,,,,
2026-05-02 8:03:17,-40,0,0,0,0,OK,,,,,
2026-05-02 8:03:49,-40,0,0,0,0,OK,,,,,
2026-05-02 8:04:37,-40,0,0,0,0,OK,,,,,
2026-05-02 8:05:09,-40,0,0,0,0,OK,,,,,
2026-05-02 8:06:13,-40,0,0,0,0,OK,,,,,
2026-05-02 8:06:29,-40,0,0,0,0,OK,,,,,
2026-05-02 8:06:45,-40,0,0,0,0,OK,,,,,
2026-05-02 8:07:33,-40,0,0,0,0,OK,,,,,
2026-05-02 8:08:21,-40,0,0,0,0,OK,,,,,
2026-05-02 8:08:53,-40,0,0,0,0,OK,,,,,
2026-05-02 8:09:09,-40,0,0,0,0,OK,,,,,
2026-05-02 8:09:25,-40,0,0,0,0,OK,,,,,
2026-05-02 8:09:57,-40,0,0,0,0,OK,,,,,
2026-05-02 8:10:13,-40,0,0,0,0,OK,,,,,
2026-05-02 8:13:41,-40,0,0,0,0,OK,,,,,
2026-05-02 8:16:05,-40,0,0,0,0,OK,,,,,
2026-05-02 8:16:21,-40,0,0,0,0,OK,,,,,
2026-05-02 8:17:25,-40,0,0,0,0,OK,,,,,
2026-05-02 8:18:13,-40,0,0,0,0,OK,,,,,
2026-05-02 8:18:29,-40,0,0,0,0,OK,,,,,
2026-05-02 8:18:45,-40,0,0,0,0,OK,,,,,
2026-05-02 8:19:17,-40,0,0,0,0,OK,,,,,
2026-05-02 8:20:05,-40,0,0,0,0,OK,,,,,
2026-05-02 8:20:21,-40,0,0,0,0,OK,,,,,
2026-05-02 8:20:37,-40,0,0,0,0,OK,,,,,
2026-05-02 8:20:53,15.8,70,0,392,17754.6,OK,,,,,
2026-05-02 8:21:09,-40,0,0,0,0,OK,,,,,
2026-05-02 8:22:29,-40,0,0,0,0,OK,,,,,
2026-05-02 8:22:45,-40,0,0,0,0,OK,,,,,
2026-05-02 8:23:01,-40,0,0,0,0,OK,,,,,
2026-05-02 8:23:17,-40,0,0,0,0,OK,,,,,
2026-05-02 8:23:33,-40,0,0,0,0,OK,,,,,
2026-05-02 8:24:37,-40,0,0,0,0,OK,,,,,
2026-05-02 8:25:09,-40,0,0,0,0,OK,,,,,
2026-05-02 8:25:25,-40,0,0,0,0,OK,,,,,
2026-05-02 8:25:57,-40,0,0,0,0,OK,,,,,
2026-05-02 8:26:13,-40,0,0,0,0,OK,,,,,
2026-05-02 8:26:29,-40,0,0,0,0,OK,,,,,
2026-05-02 8:27:01,-40,0,0,0,0,OK,,,,,
2026-05-02 8:27:17,-40,0,0,0,0,OK,,,,,
2026-05-02 8:27:33,-40,0,0,0,0,OK,,,,,
2026-05-02 8:27:49,-40,0,0,0,0,OK,,,,,
2026-05-02 8:28:05,-40,0,0,0,0,OK,,,,,
2026-05-02 8:28:21,-40,0,0,0,0,OK,,,,,
2026-05-02 8:28:37,-40,0,0,0,0,OK,,,,,
2026-05-02 8:28:53,-40,0,0,0,0,OK,,,,,
2026-05-02 8:29:09,-40,0,0,0,0,OK,,,,,
2026-05-02 8:29:25,-40,0,0,0,0,OK,,,,,
2026-05-02 8:29:41,-40,0,0,0,0,OK,,,,,
2026-05-02 8:30:45,-40,0,0,0,0,OK,,,,,
2026-05-02 8:31:01,-40,0,0,0,0,OK,,,,,
2026-05-02 8:31:17,-40,0,0,0,0,OK,,,,,
2026-05-02 8:31:33,-40,0,0,0,0,OK,,,,,
2026-05-02 8:31:49,-40,0,0,0,0,OK,,,,,
2026-05-02 8:32:21,-40,0,0,0,0,OK,,,,,
2026-05-02 8:32:37,-40,0,0,0,0,OK,,,,,
2026-05-02 8:33:09,-40,0,0,0,0,OK,,,,,
2026-05-02 8:33:25,-40,0,0,0,0,OK,,,,,
2026-05-02 8:33:41,-40,0,0,0,0,OK,,,,,
2026-05-02 8:33:57,-40,0,0,0,0,OK,,,,,
2026-05-02 8:34:13,-40,0,0,0,0,OK,,,,,
2026-05-02 8:34:29,15.9,69,0,452,204665.8,OK,,,,,
2026-05-02 8:34:45,-40,0,0,0,0,OK,,,,,
2026-05-02 8:35:01,-40,0,0,0,0,OK,,,,,
2026-05-02 8:35:17,-40,0,0,0,0,OK,,,,,
2026-05-02 8:35:33,-40,0,0,0,0,OK,,,,,
2026-05-02 8:35:49,-40,0,0,0,0,OK,,,,,
2026-05-02 8:36:05,-40,0,0,0,0,OK,,,,,
2026-05-02 8:36:37,-40,0,0,0,0,OK,,,,,
2026-05-02 8:36:53,-40,0,0,0,0,OK,,,,,
2026-05-02 8:37:09,-40,0,0,0,0,OK,,,,,
2026-05-02 8:37:25,-40,0,0,0,0,OK,,,,,
2026-05-02 8:37:57,-40,0,0,0,0,OK,,,,,
2026-05-02 8:38:13,-40,0,0,0,0,OK,,,,,
2026-05-02 8:38:29,-40,0,0,0,0,OK,,,,,
2026-05-02 8:38:45,-40,0,0,0,0,OK,,,,,
2026-05-02 8:39:01,-40,0,0,0,0,OK,,,,,
2026-05-02 8:39:17,-40,0,0,0,0,OK,,,,,
2026-05-02 8:39:33,-40,0,0,0,0,OK,,,,,
2026-05-02 8:39:49,-40,0,0,0,0,OK,,,,,
2026-05-02 8:40:05,-40,0,0,0,0,OK,,,,,
2026-05-02 8:40:21,-40,0,0,0,0,OK,,,,,
2026-05-02 8:40:37,-40,0,0,0,0,OK,,,,,
2026-05-02 8:41:09,-40,0,0,0,0,OK,,,,,
2026-05-02 8:41:25,-40,0,0,0,0,OK,,,,,
2026-05-02 8:41:41,-40,0,0,0,0,OK,,,,,
2026-05-02 8:41:57,-40,0,0,0,0,OK,,,,,
2026-05-02 8:42:13,-40,0,0,0,0,OK,,,,,
2026-05-02 8:42:29,-40,0,0,0,0,OK,,,,,
2026-05-02 8:43:01,-40,0,0,0,0,OK,,,,,
2026-05-02 8:43:17,-40,0,0,0,0,OK,,,,,
2026-05-02 8:43:49,-40,0,0,0,0,OK,,,,,
2026-05-02 8:44:05,-40,0,0,0,0,OK,,,,,
2026-05-02 8:44:21,-40,0,0,0,0,OK,,,,,
2026-05-02 8:44:37,-40,0,0,0,0,OK,,,,,
2026-05-02 8:44:53,-40,0,0,0,0,OK,,,,,
2026-05-02 8:45:09,-40,0,0,0,0,OK,,,,,
2026-05-02 8:45:25,-40,0,0,0,0,OK,,,,,
2026-05-02 8:45:41,-40,0,0,0,0,OK,,,,,
2026-05-02 8:46:13,-40,0,0,0,0,OK,,,,,
2026-05-02 8:46:29,16.3,226,0,440,26156.3,OK,,,,,
2026-05-02 8:46:45,16.3,196,17.9,392,25687.1,OK,,,,,
2026-05-02 8:47:01,-40,0,0,0,0,OK,,,,,
2026-05-02 8:47:17,-40,0,0,0,0,OK,,,,,
2026-05-02 8:47:33,143.5,7,71.8,38914,513457.5,OK,,,,,
2026-05-02 8:47:49,-40,0,0,0,0,OK,,,,,
2026-05-02 8:48:05,-40,0,0,0,0,OK,,,,,
2026-05-02 8:48:21,-40,0,0,0,0,OK,,,,,
2026-05-02 8:48:37,-40,0,0,0,0,OK,,,,,
2026-05-02 8:48:53,-40,0,0,0,0,OK,,,,,
2026-05-02 8:49:09,-40,0,0,0,0,OK,,,,,
2026-05-02 8:49:41,16.4,197,13.4,392,22185.8,OK,,,,,
2026-05-02 8:49:57,23.6,69,0,392,22296,OK,,,,,
2026-05-02 8:50:13,-40,0,0,0,0,OK,,,,,
2026-05-02 8:50:29,-40,0,0,0,0,OK,,,,,
2026-05-02 8:51:33,-40,0,0,0,0,OK,,,,,
2026-05-02 8:51:49,-40,0,0,0,0,OK,,,,,
2026-05-02 8:52:05,-40,0,0,0,0,OK,,,,,
2026-05-02 8:52:37,-40,0,0,0,0,OK,,,,,
2026-05-02 8:52:53,-40,0,0,0,0,OK,,,,,
2026-05-02 8:54:13,-40,0,0,0,0,OK,,,,,
2026-05-02 8:54:29,-40,0,0,0,0,OK,,,,,
2026-05-02 8:54:45,17.5,69,17.6,904,22548.3,OK,,,,,
2026-05-02 8:55:17,16.5,69,0.1,3976,22892.1,OK,,,,,
2026-05-02 8:55:33,16.5,69,0,392,23232.7,OK,,,,,
2026-05-02 8:56:53,16.6,69,0.1,452,25799.2,OK,,,,,
2026-05-02 8:57:09,-40,0,0,0,0,OK,,,,,
2026-05-02 8:57:25,-40,0,0,0,0,OK,,,,,
2026-05-02 8:57:41,16.6,70,0,392,28786.2,OK,,,,,
2026-05-02 8:57:57,-40,0,0,0,0,OK,,,,,
2026-05-02 8:58:13,-40,0,0,0,0,OK,,,,,
2026-05-02 8:58:29,16.7,69,0.1,392,30592.9,OK,,,,,
2026-05-02 8:58:45,-40,0,0,0,0,OK,,,,,
2026-05-02 8:59:01,-40,0,0,0,0,OK,,,,,
2026-05-02 9:00:05,-40,0,0,0,0,OK,,,,,
2026-05-02 9:00:37,-40,0,0,0,0,OK,,,,,
2026-05-02 9:01:09,17.1,68,0,504,32651.9,OK,,,,,
2026-05-02 9:01:25,-40,0,0,0,0,OK,,,,,
2026-05-02 9:01:41,-40,0,0,0,0,OK,,,,,
2026-05-02 9:01:57,-40,0,0,0,0,OK,,,,,
2026-05-02 9:02:13,-40,0,0,0,0,OK,,,,,
2026-05-02 9:03:49,-40,0,0,0,0,OK,,,,,
2026-05-02 9:04:21,-40,0,0,0,0,OK,,,,,
2026-05-02 9:05:09,-40,0,0,0,0,OK,,,,,
2026-05-02 9:05:25,-40,0,0,0,0,OK,,,,,
2026-05-02 9:05:41,17.8,66,0,452,320230,OK,,,,,
2026-05-02 9:07:49,17.8,65,0,504,35717.2,OK,,,,,
2026-05-02 9:08:05,-40,0,0,0,0,OK,,,,,
2026-05-02 9:08:21,-40,0,0,0,0,OK,,,,,
2026-05-02 9:08:37,-40,0,0,0,0,OK,,,,,
2026-05-02 9:09:09,18.1,65,0.3,392,40534.1,OK,,,,,
2026-05-02 9:09:25,18.1,64,0,392,39756.9,OK,,,,,
2026-05-02 9:09:41,18.1,64,0,392,91965.3,OK,,,,,
2026-05-02 9:09:57,-40,0,0,0,0,OK,,,,,
2026-05-02 9:10:45,-40,0,0,0,0,OK,,,,,
2026-05-02 9:11:01,-40,0,0,0,0,OK,,,,,
2026-05-02 9:11:17,-40,0,0,0,0,OK,,,,,
2026-05-02 9:12:21,-40,0,0,0,0,OK,,,,,
2026-05-02 9:12:37,-40,0,0,0,0,OK,,,,,
2026-05-02 9:12:53,18.4,127,0,392,38773.8,OK,,,,,
2026-05-02 9:13:25,-40,0,0,0,0,OK,,,,,
2026-05-02 9:13:41,-40,0,0,0,0,OK,,,,,
2026-05-02 9:13:57,-40,0,0,0,0,OK,,,,,
2026-05-02 9:15:01,18.9,62,0.1,392,419301.7,OK,,,,,
2026-05-02 9:15:17,-6.7,62,107.8,392,37715.3,OK,,,,,
2026-05-02 9:15:33,-40,0,0,0,0,OK,,,,,
2026-05-02 9:15:49,-40,0,0,0,0,OK,,,,,
2026-05-02 9:16:05,18.8,62,0,392,50851.5,OK,,,,,
2026-05-02 9:16:21,-40,0,0,0,0,OK,,,,,
2026-05-02 9:16:37,-40,0,0,0,0,OK,,,,,
2026-05-02 9:16:53,19.1,62,0.6,392,317006.3,OK,,,,,
2026-05-02 9:17:09,-40,0,0,0,0,OK,,,,,
2026-05-02 9:17:25,19.1,62,0,392,38127.1,OK,,,,,
2026-05-02 9:17:41,-40,0,0,0,0,OK,,,,,
2026-05-02 9:17:57,-40,0,0,0,0,OK,,,,,
2026-05-02 9:18:13,19.1,62,0.4,392,38495.4,OK,,,,,
2026-05-02 9:18:29,31.9,159,0,392,39061.5,OK,,,,,
2026-05-02 9:18:45,-40,0,0,0,0,OK,,,,,
2026-05-02 9:19:01,121.5,62,36.3,1009,40860.7,OK,,,,,
2026-05-02 9:19:17,-40,0,0,0,0,OK,,,,,
2026-05-02 9:19:33,18.9,61,1.7,392,42076.9,OK,,,,,
2026-05-02 9:19:49,31.5,254,1.5,392,42265.4,OK,,,,,
2026-05-02 9:20:21,-40,0,0,0,0,OK,,,,,
2026-05-02 9:20:37,21.7,207,0.4,482,41366.4,OK,,,,,
2026-05-02 9:20:53,-40,0,0,0,0,OK,,,,,
2026-05-02 9:21:25,-40,0,0,0,0,OK,,,,,
2026-05-02 9:21:41,-40,0,0,0,0,OK,,,,,
2026-05-02 9:21:57,18.7,61,0.8,504,43988,OK,,,,,
2026-05-02 9:22:13,18.8,61,0.6,392,43051.3,OK,,,,,
2026-05-02 9:22:29,-40,0,0,0,0,OK,,,,,
2026-05-02 9:22:45,-40,0,0,0,0,OK,,,,,
2026-05-02 9:23:01,19,60,0.6,392,42659.8,OK,,,,,
2026-05-02 9:23:17,-40,0,0,0,0,OK,,,,,
2026-05-02 9:23:49,-40,0,0,0,0,OK,,,,,
2026-05-02 9:24:05,18.9,60,0.3,392,42804.8,OK,,,,,
2026-05-02 9:24:21,19,60,0,508,43335.5,OK,,,,,
2026-05-02 9:24:37,-40,0,0,0,0,OK,,,,,
2026-05-02 9:24:53,-40,0,0,0,0,OK,,,,,
2026-05-02 9:25:57,-40,0,0,0,0,OK,,,,,
2026-05-02 9:26:13,-40,0,0,0,0,OK,,,,,
2026-05-02 9:26:29,-40,0,0,0,0,OK,,,,,
2026-05-02 9:26:45,-40,0,0,0,0,OK,,,,,
2026-05-02 9:27:01,-40,0,0,0,0,OK,,,,,
2026-05-02 9:27:17,19,63,0.4,392,52421.6,OK,,,,,
2026-05-02 9:27:33,-40,0,0,0,0,OK,,,,,
2026-05-02 9:27:49,-40,0,0,0,0,OK,,,,,
2026-05-02 9:28:05,-40,0,0,0,0,OK,,,,,
2026-05-02 9:28:21,-40,0,0,0,0,OK,,,,,
2026-05-02 9:28:37,-40,0,0,0,0,OK,,,,,
2026-05-02 9:28:53,-40,0,0,0,0,OK,,,,,
2026-05-02 9:29:09,-40,0,0,0,0,OK,,,,,
2026-05-02 9:29:25,-40,0,0,0,0,OK,,,,,
2026-05-02 9:29:41,19.3,59,0.7,392,58972.9,OK,,,,,
2026-05-02 9:29:57,-40,0,0,0,0,OK,,,,,
2026-05-02 9:30:13,-40,0,0,0,0,OK,,,,,
2026-05-02 9:30:29,19.4,59,0.1,392,101932.6,OK,,,,,
2026-05-02 9:30:45,19.3,59,1,392,46651.9,OK,,,,,
2026-05-02 9:31:01,-40,0,0,0,0,OK,,,,,
2026-05-02 9:31:17,19.3,59,0.3,392,51489.5,OK,,,,,
2026-05-02 9:31:33,-40,0,0,0,0,OK,,,,,
2026-05-02 9:31:49,-6.3,59,36.5,392,38837.6,OK,,,,,
2026-05-02 9:32:05,19.3,59,0.4,452,43451.5,OK,,,,,
2026-05-02 9:32:21,-40,0,0,0,0,OK,,,,,
2026-05-02 9:32:37,20.7,59,0.3,392,1159084.7,OK,,,,,
2026-05-02 9:32:53,-40,0,0,0,0,OK,,,,,
2026-05-02 9:33:09,-40,0,0,0,0,OK,,,,,
2026-05-02 9:33:25,19.1,59,0.8,392,44988.5,OK,,,,,
2026-05-02 9:33:41,19,60,0.8,392,44498.7,OK,,,,,
2026-05-02 9:33:57,-40,0,0,0,0,OK,,,,,
2026-05-02 9:34:13,19.1,60,0,392,42784.5,OK,,,,,
2026-05-02 9:34:29,19.2,60,0.1,408,44644.9,OK,,,,,
2026-05-02 9:34:45,19.2,59,7.8,392,828829.3,OK,,,,,
2026-05-02 9:35:01,-40,0,0,0,0,OK,,,,,
2026-05-02 9:35:17,19.1,59,0.4,392,37625.4,OK,,,,,
2026-05-02 9:35:33,-40,0,0,0,0,OK,,,,,
2026-05-02 9:35:49,19,60,0.4,392,35807.1,OK,,,,,
2026-05-02 9:36:05,-40,0,0,0,0,OK,,,,,
2026-05-02 9:36:21,19,60,0,3976,34201.1,OK,,,,,
2026-05-02 9:36:37,-40,0,0,0,0,OK,,,,,
2026-05-02 9:36:53,19,60,0.6,392,401126.7,OK,,,,,
2026-05-02 9:37:09,-40,0,0,0,0,OK,,,,,
2026-05-02 9:37:25,-40,0,0,0,0,OK,,,,,
2026-05-02 9:37:41,-40,0,0,0,0,OK,,,,,
2026-05-02 9:37:57,-40,0,0,0,0,OK,,,,,
2026-05-02 9:38:13,35.2,60,0.6,392,36147,OK,,,,,
2026-05-02 9:38:29,19.2,59,0.7,392,418733,OK,,,,,
2026-05-02 9:38:45,-40,0,0,0,0,OK,,,,,
2026-05-02 9:39:01,-40,0,0,0,0,OK,,,,,
2026-05-02 9:39:17,-40,0,0,0,0,OK,,,,,
2026-05-02 9:39:33,-40,0,0,0,0,OK,,,,,
2026-05-02 9:39:49,68.4,6,0.3,34820,319352.9,OK,,,,,
2026-05-02 9:40:05,-40,0,0,0,0,OK,,,,,
2026-05-02 9:40:21,18.9,60,0.4,392,44553.5,OK,,,,,
2026-05-02 9:40:37,18.9,60,0.6,392,43863.3,OK,,,,,
2026-05-02 9:40:53,18.8,60,0.6,392,42987.5,OK,,,,,
2026-05-02 9:41:09,-40,0,0,0,0,OK,,,,,
2026-05-02 9:41:25,18.9,60,0.7,392,43350,OK,,,,,
2026-05-02 9:41:41,-40,0,0,0,0,OK,,,,,
2026-05-02 9:41:57,36.5,60,0.1,392,42977.1,OK,,,,,
2026-05-02 9:42:13,18.9,60,1.1,392,42796.1,OK,,,,,
2026-05-02 9:42:29,18.9,60,1.1,392,41520.1,OK,,,,,
2026-05-02 9:42:45,18.9,60,1,392,40824.1,OK,,,,,
2026-05-02 9:43:01,18.8,60,1.4,392,41164,OK,,,,,
2026-05-02 9:43:17,18.7,61,1.1,392,41206.9,OK,,,,,
2026-05-02 9:43:33,18.7,61,0.6,392,42163.9,OK,,,,,
2026-05-02 9:43:49,121.2,61,0.7,392,42239.3,OK,,,,,
2026-05-02 9:44:05,18.8,61,0.6,392,42796.1,OK,,,,,
2026-05-02 9:44:21,18.8,61,0.4,392,42439.4,OK,,,,,
2026-05-02 9:44:37,18.7,61,0.3,392,41752.1,OK,,,,,
2026-05-02 9:44:53,36.4,207,0,392,39640.9,OK,,,,,
2026-05-02 9:45:57,19.2,60,0.4,392,34739.9,OK,,,,,
2026-05-02 9:46:13,19.2,60,0.3,392,34415.1,OK,,,,,
2026-05-02 9:46:29,19.2,60,0.6,392,33347.9,OK,,,,,
2026-05-02 9:46:45,19.1,59,1,392,32205.3,OK,,,,,
2026-05-02 9:47:49,19.2,60,0.1,392,30601.6,OK,,,,,
2026-05-02 9:48:21,19.1,60,0.4,392,33182.6,OK,,,,,
2026-05-02 9:48:37,19,60,1.4,392,34911,OK,,,,,
2026-05-02 9:48:53,18.9,60,0.1,392,36216,OK,,,,,
2026-05-02 9:49:09,18.9,60,0.7,392,37120.8,OK,,,,,
2026-05-02 9:49:25,18.8,61,0.6,392,37938.5,OK,,,,,
2026-05-02 9:49:41,18.9,61,0.4,392,38982.6,OK,,,,,
2026-05-02 9:49:57,18.9,60,0.7,392,40249.9,OK,,,,,
2026-05-02 9:51:01,18.8,61,0.3,392,39835.2,OK,,,,,
2026-05-02 9:51:17,18.8,61,0.1,392,43776.3,OK,,,,,
2026-05-02 9:51:33,18.8,61,0,392,42578.6,OK,,,,,
2026-05-02 9:51:49,18.9,61,0,392,45240.8,OK,,,,,
2026-05-02 9:52:21,19,61,0.4,392,47128.7,OK,,,,,
2026-05-02 9:52:37,19,60,1.1,392,49434.2,OK,,,,,
2026-05-02 9:52:53,19,60,0.6,392,48949.9,OK,,,,,
2026-05-02 9:53:57,18.7,61,1.4,392,52226.9,OK,,,,,
2026-05-02 9:54:13,-40,0,0,0,0,OK,,,,,
2026-05-02 9:54:29,18.6,61,1.5,392,158025.5,OK,,,,,
2026-05-02 9:54:45,-40,0,0,0,0,OK,,,,,
2026-05-02 9:55:01,18.4,62,1.1,392,865699.8,OK,,,,,
2026-05-02 9:55:17,18.5,62,1,392,54259.8,OK,,,,,
2026-05-02 9:55:33,23.3,62,2.1,392,53998.8,OK,,,,,
2026-05-02 9:55:49,18.5,62,0.1,392,53105.6,OK,,,,,
2026-05-02 9:56:05,-40,0,0,0,0,OK,,,,,
2026-05-02 9:56:21,-40,0,0,0,0,OK,,,,,
2026-05-02 9:56:37,18.7,61,1.3,392,52351.6,OK,,,,,
2026-05-02 9:56:53,18.7,61,1.1,392,52305.2,OK,,,,,
2026-05-02 9:57:09,18.8,61,0.3,392,51513.5,OK,,,,,
2026-05-02 9:57:25,18.8,61,0.3,392,47584,OK,,,,,
2026-05-02 9:57:41,18.9,60,1.5,392,48349.6,OK,,,,,
2026-05-02 9:57:57,18.8,61,1.8,392,48792.9,OK,,,,,
2026-05-02 9:58:13,18.7,61,1.7,392,50054.8,OK,,,,,
2026-05-02 9:58:29,124.1,207,36.7,392,48164,OK,,,,,
2026-05-02 9:58:45,18.6,61,2.1,392,47154.8,OK,,,,,
2026-05-02 9:59:01,18.5,61,2.7,392,46853.2,OK,,,,,
2026-05-02 9:59:17,-40,0,0,0,0,OK,,,,,
2026-05-02 9:59:33,18.4,62,0.1,392,46774.9,OK,,,,,
2026-05-02 9:59:49,-40,0,0,0,0,OK,,,,,
2026-05-02 10:00:05,18.6,61,1.7,392,47905.9,OK,,,,,
2026-05-02 10:00:21,18.7,61,0.6,392,48651.2,OK,,,,,
2026-05-02 10:00:37,-40,0,0,0,0,OK,,,,,
2026-05-02 10:00:53,18.7,61,1.7,392,48799.1,OK,,,,,
2026-05-02 10:01:09,-40,0,0,0,0,OK,,,,,
2026-05-02 10:01:25,-40,0,0,0,0,OK,,,,,
2026-05-02 10:01:41,-40,0,0,0,0,OK,,,,,
2026-05-02 10:01:57,18.7,63,0.8,392,48221,OK,,,,,
2026-05-02 10:02:13,18.8,60,0.7,392,48549.7,OK,,,,,
2026-05-02 10:02:29,20.4,60,1,392,49451.6,OK,,,,,
2026-05-02 10:02:45,18.9,60,0.4,392,50565.2,OK,,,,,
2026-05-02 10:03:01,18.9,60,0.3,392,50756.6,OK,,,,,
2026-05-02 10:03:17,-40,0,0,0,0,OK,,,,,
2026-05-02 10:03:33,19.1,60,0.4,392,49843.1,OK,,,,,
2026-05-02 10:03:49,-40,0,0,0,0,OK,,,,,
2026-05-02 10:04:05,19.1,60,0.3,392,47946.5,OK,,,,,
2026-05-02 10:04:21,19.2,63,0.1,392,45936.8,OK,,,,,
2026-05-02 10:04:37,19.1,60,0.6,392,44791.3,OK,,,,,
2026-05-02 10:04:53,19.2,60,0.1,392,44974,OK,,,,,
2026-05-02 10:05:09,19.2,60,0,392,45864.6,OK,,,,,
2026-05-02 10:05:25,19.2,60,1.3,392,44263.5,OK,,,,,
2026-05-02 10:05:41,19.2,59,1.5,392,43782.1,OK,,,,,
2026-05-02 10:05:57,-40,0,0,0,0,OK,,,,,
2026-05-02 10:06:13,19.4,59,1.4,392,43428.3,OK,,,,,
2026-05-02 10:06:29,19.4,59,0.6,392,44481,OK,,,,,
2026-05-02 10:06:45,19.4,59,0.6,392,44437.5,OK,,,,,
2026-05-02 10:07:01,19.4,59,0.4,392,43524,OK,,,,,
2026-05-02 10:07:17,19.3,59,0.7,392,44008.3,OK,,,,,
2026-05-02 10:07:33,19.3,59,0.6,392,44289.6,OK,,,,,
2026-05-02 10:07:49,19.3,59,1.3,392,44965.3,OK,,,,,
2026-05-02 10:08:05,19.3,59,1.3,392,45899.1,OK,,,,,
2026-05-02 10:08:21,-40,0,0,0,0,OK,,,,,
2026-05-02 10:08:37,19.2,60,0.7,392,50837.8,OK,,,,,
2026-05-02 10:08:53,19.3,59,1.3,392,51670.1,OK,,,,,
2026-05-02 10:09:09,19.4,59,0.3,392,51876,OK,,,,,
2026-05-02 10:09:25,19.4,59,0.3,392,51235.1,OK,,,,,
2026-05-02 10:09:41,19.4,59,0.6,392,50962.5,OK,,,,,
2026-05-02 10:09:57,19.6,59,0.4,392,49788,OK,,,,,
2026-05-02 10:10:13,19.7,59,0.4,392,47743.5,OK,,,,,
2026-05-02 10:10:29,19.6,58,1.5,504,48862.9,OK,,,,,
2026-05-02 10:10:45,19.5,59,0.6,392,48407.6,OK,,,,,
2026-05-02 10:11:01,-40,0,0,0,0,OK,,,,,
2026-05-02 10:11:17,19.5,59,0.7,392,46977.9,OK,,,,,
2026-05-02 10:11:33,19.6,59,0.3,392,46885.1,OK,,,,,
2026-05-02 10:11:49,19.6,59,0.7,504,1156345.1,OK,,,,,
2026-05-02 10:12:05,19.7,58,0.8,392,51025.5,OK,,,,,
2026-05-02 10:12:21,19.7,58,1.1,392,46496.5,OK,,,,,
2026-05-02 10:12:37,19.7,58,0.3,392,1671200.6,OK,,,,,
2026-05-02 10:12:53,19.6,58,0.8,392,45345.2,OK,,,,,
2026-05-02 10:13:09,19.5,59,0,392,45339.4,OK,,,,,
2026-05-02 10:13:25,19.6,59,0.1,65476,44887,OK,,,,,
2026-05-02 10:13:41,19.6,59,0.7,392,44292.5,OK,,,,,
2026-05-02 10:13:57,19.7,59,1,408,42285.7,OK,,,,,
2026-05-02 10:14:13,-40,0,0,0,0,OK,,,,,
2026-05-02 10:14:45,-40,0,0,0,0,OK,,,,,
2026-05-02 10:15:01,19.6,58,0.4,392,40748.7,OK,,,,,
2026-05-02 10:15:17,-40,0,0,0,0,OK,,,,,
2026-05-02 10:15:33,19.5,58,0,392,41528.8,OK,,,,,
2026-05-02 10:15:49,19.6,59,1,392,42746.8,OK,,,,,
2026-05-02 10:16:05,19.6,59,0,392,42578.6,OK,,,,,
2026-05-02 10:16:21,19.6,59,0,392,43019.4,OK,,,,,
2026-05-02 10:16:53,19.7,58,0,392,46038.3,OK,,,,,
2026-05-02 10:17:09,19.6,58,0.3,392,46557.4,OK,,,,,
2026-05-02 10:17:25,-40,0,0,0,0,OK,,,,,
2026-05-02 10:17:41,-40,0,0,0,0,OK,,,,,
2026-05-02 10:17:57,19.7,58,0.1,392,47468,OK,,,,,
2026-05-02 10:18:13,122.1,58,0.1,392,47740.6,OK,,,,,
2026-05-02 10:18:29,19.7,58,0.1,392,47366.5,OK,,,,,
2026-05-02 10:18:45,19.7,59,0.6,392,47874,OK,,,,,
2026-05-02 10:19:01,19.8,58,0.4,392,47610.1,OK,,,,,
2026-05-02 10:19:17,19.8,58,1.3,392,46940.2,OK,,,,,
2026-05-02 10:19:33,19.8,58,0.6,392,46342.8,OK,,,,,
2026-05-02 10:19:49,19.7,58,0.7,392,46026.7,OK,,,,,
2026-05-02 10:20:05,19.7,58,0.4,392,45887.5,OK,,,,,
2026-05-02 10:20:21,19.7,58,0.1,392,46018,OK,,,,,
2026-05-02 10:20:37,19.7,58,0,392,46192,OK,,,,,
2026-05-02 10:20:53,-40,0,0,0,0,OK,,,,,
2026-05-02 10:21:09,-40,0,0,0,0,OK,,,,,
2026-05-02 10:21:25,19.6,58,0.6,392,44875.4,OK,,,,,
2026-05-02 10:21:41,19.6,58,0.3,392,43956.1,OK,,,,,
2026-05-02 10:21:57,19.5,59,0.6,392,43039.7,OK,,,,,
2026-05-02 10:22:13,19.5,59,0.1,392,42807.7,OK,,,,,
2026-05-02 10:22:29,19.5,59,0.4,392,42549.6,OK,,,,,
2026-05-02 10:22:45,-40,0,0,0,0,OK,,,,,
2026-05-02 10:23:01,19.5,59,0.1,392,42607.6,OK,,,,,
2026-05-02 10:23:17,19.5,59,0.1,392,40818.3,OK,,,,,
2026-05-02 10:23:33,19.5,59,0.6,392,41583.9,OK,,,,,
2026-05-02 10:23:49,19.4,59,0.7,392,41027.1,OK,,,,,
2026-05-02 10:24:05,-40,0,0,0,0,OK,,,,,
2026-05-02 10:24:21,19.4,59,0,392,40400.7,OK,,,,,
2026-05-02 10:24:37,19.5,59,0,392,40751.6,OK,,,,,
2026-05-02 10:24:53,19.5,58,0.1,392,41053.2,OK,,,,,
2026-05-02 10:25:09,19.5,58,0.3,392,41311.3,OK,,,,,
2026-05-02 10:25:25,19.5,58,0,392,1156439,OK,,,,,
2026-05-02 10:25:41,19.6,126,0,392,41775.3,OK,,,,,
2026-05-02 10:25:57,19.5,58,0.3,392,42242.2,OK,,,,,
2026-05-02 10:26:13,19.5,58,0,392,42172.6,OK,,,,,
2026-05-02 10:26:29,19.5,58,0.1,392,42445.2,OK,,,,,
2026-05-02 10:26:45,19.4,58,0.1,392,42610.5,OK,,,,,
2026-05-02 10:27:01,-40,0,0,0,0,OK,,,,,
2026-05-02 10:27:17,19.5,58,1,392,43608.1,OK,,,,,
2026-05-02 10:27:33,19.5,58,1,392,44083.7,OK,,,,,
2026-05-02 10:27:49,19.5,58,0.6,392,45487.3,OK,,,,,
2026-05-02 10:28:05,19.5,58,0.4,392,46337,OK,,,,,
2026-05-02 10:28:21,19.5,58,0.3,392,46464.6,OK,,,,,
2026-05-02 10:28:37,19.4,58,0.6,392,46870.6,OK,,,,,
2026-05-02 10:28:53,19.5,58,0.3,392,47207,OK,,,,,
2026-05-02 10:29:09,19.5,58,0.6,392,47882.7,OK,,,,,
2026-05-02 10:29:25,19.5,58,0.3,392,48300.3,OK,,,,,
2026-05-02 10:29:41,19.6,58,0,392,48477.2,OK,,,,,
2026-05-02 10:29:57,18.5,57,0,392,317647.9,OK,,,,,
2026-05-02 10:30:13,19.7,57,0,392,47413.8,OK,,,,,
2026-05-02 10:30:29,19.7,57,0.6,392,50225.9,OK,,,,,
2026-05-02 10:30:45,19.6,57,0,392,50212.4,OK,,,,,
2026-05-02 10:31:01,19.8,57,0,392,50469.5,OK,,,,,
2026-05-02 10:31:17,19.8,57,0,392,50797.2,OK,,,,,
2026-05-02 10:31:33,19.9,57,0,392,50312.9,OK,,,,,
2026-05-02 10:31:49,19.9,57,0.1,392,51072.7,OK,,,,,
2026-05-02 10:32:05,20,57,0.1,392,51174.2,OK,,,,,
2026-05-02 10:32:21,19.9,56,0.1,392,51915.5,OK,,,,,
2026-05-02 10:32:37,-40,0,0,0,0,OK,,,,,
2026-05-02 10:32:53,20.1,56,0,392,50739.2,OK,,,,,
2026-05-02 10:33:09,20.1,56,0.1,392,51098.8,OK,,,,,
2026-05-02 10:33:25,20.2,56,0,392,50811.7,OK,,,,,
2026-05-02 10:33:41,20.2,55,0.1,392,50817.5,OK,,,,,
2026-05-02 10:33:57,20.2,63,0.3,392,51229.3,OK,,,,,
2026-05-02 10:34:13,-40,0,0,0,0,OK,,,,,
2026-05-02 10:34:29,20.2,55,0,392,51507.7,OK,,,,,
2026-05-02 10:34:45,20.3,55,0,392,51652.7,OK,,,,,
2026-05-02 10:35:01,20.4,55,0,392,52328.4,OK,,,,,
2026-05-02 10:35:17,20.5,55,0.3,392,53018.6,OK,,,,,
2026-05-02 10:35:33,20.4,55,0.3,452,54027.8,OK,,,,,
2026-05-02 10:35:49,20.3,55,0,392,54294.6,OK,,,,,
2026-05-02 10:36:05,20.2,55,0,392,52769.2,OK,,,,,
2026-05-02 10:36:21,20.2,55,0.4,392,52334.2,OK,,,,,
2026-05-02 10:36:37,20.1,55,0,392,157998,OK,,,,,
2026-05-02 10:36:53,-40,0,0,0,0,OK,,,,,
2026-05-02 10:37:09,130.9,55,35.8,392,52389.3,OK,,,,,
2026-05-02 10:37:25,-40,0,0,0,0,OK,,,,,
2026-05-02 10:37:41,20.1,56,0.1,392,53117.2,OK,,,,,
2026-05-02 10:37:57,20.1,56,0.1,392,52598.1,OK,,,,,
2026-05-02 10:38:13,20.1,56,0,392,52719.9,OK,,,,,
2026-05-02 10:38:29,20,56,0.1,392,53204.2,OK,,,,,
2026-05-02 10:38:45,20.1,56,0.1,392,53456.7,OK,,,,,
2026-05-02 10:39:01,20.1,56,0,392,53421.7,OK,,,,,
2026-05-02 10:39:17,-5.5,56,36.1,392,53500,OK,,,,,
2026-05-02 10:39:33,20.3,56,0.7,392,54370,OK,,,,,
2026-05-02 10:39:49,-40,0,0,0,0,OK,,,,,
2026-05-02 10:40:05,20.3,56,0,392,54784.7,OK,,,,,
2026-05-02 10:40:21,-40,0,0,0,0,OK,,,,,
2026-05-02 10:40:37,20.4,56,1.5,392,52688,OK,,,,,
2026-05-02 10:40:53,20.3,56,1.8,392,51699.1,OK,,,,,
2026-05-02 10:41:09,-40,0,0,0,0,OK,,,,,
2026-05-02 10:41:25,20.2,56,1,392,51385.9,OK,,,,,
2026-05-02 10:41:41,20.1,57,0.7,392,51177.1,OK,,,,,
2026-05-02 10:41:57,20.2,56,0.7,392,50791.4,OK,,,,,
2026-05-02 10:42:13,20.2,56,0.6,392,51174.2,OK,,,,,
2026-05-02 10:42:29,20.1,56,1,392,52181.4,OK,,,,,
2026-05-02 10:42:45,20,57,0.6,392,52461.8,OK,,,,,
2026-05-02 10:43:01,20,57,0.4,392,53152,OK,,,,,
2026-05-02 10:43:17,-40,0,0,0,0,OK,,,,,
2026-05-02 10:43:33,20.1,56,1,482,53546.4,OK,,,,,
2026-05-02 10:43:49,20,57,0.8,392,55596.7,OK,,,,,
2026-05-02 10:44:05,20,58,0.7,392,58881.9,OK,,,,,
2026-05-02 10:44:21,20,57,0.3,392,57806.5,OK,,,,,
2026-05-02 10:44:37,20.1,58,0.6,392,58531.5,OK,,,,,
2026-05-02 10:44:53,20.1,58,0.3,392,58563.4,OK,,,,,
2026-05-02 10:45:09,20.2,58,0,392,57789.1,OK,,,,,
2026-05-02 10:45:25,20.2,58,0.3,392,57641.2,OK,,,,,
2026-05-02 10:45:41,20.2,57,0.7,392,58438.7,OK,,,,,
2026-05-02 10:45:57,20.3,57,0.3,392,58444.5,OK,,,,,
2026-05-02 10:46:13,20.3,57,0.1,392,59639.3,OK,,,,,
2026-05-02 10:46:29,20.3,57,0.1,392,59868.4,OK,,,,,
2026-05-02 10:46:45,20.2,57,0,392,60912.4,OK,,,,,
2026-05-02 10:47:01,20.2,57,0.3,392,62481.3,OK,,,,,
2026-05-02 10:47:17,20.3,57,0.1,392,62405.9,OK,,,,,
2026-05-02 10:47:33,20.4,122,0,392,62901.8,OK,,,,,
2026-05-02 10:47:49,20.4,58,0.4,392,61796.9,OK,,,,,
2026-05-02 10:48:05,20.4,58,0.6,392,60607.9,OK,,,,,
2026-05-02 10:48:21,20.4,58,0.7,392,60761.6,OK,,,,,
2026-05-02 10:48:37,20.5,58,0.1,392,60506.4,OK,,,,,
2026-05-02 10:48:53,-40,0,0,0,0,OK,,,,,
2026-05-02 10:49:09,36.7,58,0.3,392,59311.6,OK,,,,,
2026-05-02 10:49:25,20.5,58,0.1,392,58177.7,OK,,,,,
2026-05-02 10:49:41,122.9,58,0.1,392,58659.1,OK,,,,,
2026-05-02 10:49:57,20.5,58,0.1,392,58386.5,OK,,,,,
2026-05-02 10:50:13,20.4,58,4.3,392,57006.1,OK,,,,,
2026-05-02 10:50:29,20.4,58,0,392,55811.3,OK,,,,,
2026-05-02 10:50:45,20.4,58,0.4,392,55820,OK,,,,,
2026-05-02 10:51:01,20.4,58,1.7,392,54390.3,OK,,,,,
2026-05-02 10:51:17,20.4,58,1.3,392,54645.5,OK,,,,,
2026-05-02 10:51:33,20.5,58,0.8,392,55399.5,OK,,,,,
2026-05-02 10:51:49,20.3,58,0.7,392,54642.9,OK,,,,,
2026-05-02 10:52:05,20.2,59,0.4,392,54210.5,OK,,,,,
2026-05-02 10:52:21,20.1,59,0.6,392,52052.9,OK,,,,,
2026-05-02 10:52:37,20,59,0.8,392,53317.3,OK,,,,,
2026-05-02 10:52:53,20.1,59,0.3,392,53427.5,OK,,,,,
2026-05-02 10:53:09,20.1,59,0.1,392,53297,OK,,,,,
2026-05-02 10:53:25,20.2,59,0,392,53497.1,OK,,,,,
2026-05-02 10:53:41,20.2,58,13.4,392,52946.1,OK,,,,,
2026-05-02 10:53:57,20.2,59,0.3,392,52586.5,OK,,,,,
2026-05-02 10:54:13,20.3,59,0.4,392,52447.3,OK,,,,,
2026-05-02 10:54:29,20.3,58,0.6,392,52746,OK,,,,,
2026-05-02 10:54:45,20.4,58,0.7,392,54111.9,OK,,,,,
2026-05-02 10:55:01,20.4,58,0.6,392,53833.5,OK,,,,,
2026-05-02 10:55:17,-40,0,0,0,0,OK,,,,,
2026-05-02 10:55:33,20.4,58,1,392,55880.9,OK,,,,,
2026-05-02 10:55:49,20.3,58,0.6,392,638732.1,OK,,,,,
2026-05-02 10:56:05,20.3,58,0.1,392,55677.9,OK,,,,,
2026-05-02 10:56:21,20.4,58,0.4,392,55941.8,OK,,,,,
2026-05-02 10:56:37,122.8,58,0.3,392,56208.6,OK,,,,,
2026-05-02 10:56:53,20.4,58,0.1,3976,56617.5,OK,,,,,
2026-05-02 10:57:09,20.4,58,0.7,392,56289.8,OK,,,,,
2026-05-02 10:57:25,20.5,57,2,392,56211.5,OK,,,,,
2026-05-02 10:57:41,20.4,57,1,392,57536.8,OK,,,,,
2026-05-02 10:57:57,20.4,57,0.4,392,56617.5,OK,,,,,
2026-05-02 10:58:13,20.3,57,0.8,392,56861.1,OK,,,,,
2026-05-02 10:58:29,20.3,57,0.6,392,56611.7,OK,,,,,
2026-05-02 10:58:45,20.3,57,0,1928,55202.3,OK,,,,,
2026-05-02 10:59:49,20.3,57,0.6,392,54448.3,OK,,,,,
2026-05-02 11:00:05,20.3,57,0.4,392,54999.3,OK,,,,,
2026-05-02 11:00:21,20.3,58,0.6,392,53711.7,OK,,,,,
2026-05-02 11:00:37,-40,0,0,0,0,OK,,,,,
2026-05-02 11:00:53,-40,0,0,0,0,OK,,,,,
2026-05-02 11:01:09,20.4,57,0.1,392,49039.8,OK,,,,,
2026-05-02 11:01:25,20.4,57,0.8,392,47398.4,OK,,,,,
2026-05-02 11:01:41,20.4,57,1.1,392,45374.2,OK,,,,,
2026-05-02 11:01:57,20.3,57,0.1,392,44362.1,OK,,,,,
2026-05-02 11:02:13,20.3,57,0.7,504,43753.1,OK,,,,,
2026-05-02 11:02:29,20.3,57,0.3,392,43613.9,OK,,,,,
2026-05-02 11:02:45,20.3,57,1.1,392,43854.6,OK,,,,,
2026-05-02 11:03:01,-40,0,0,0,0,OK,,,,,
2026-05-02 11:03:17,20.3,57,0.6,392,44692.7,OK,,,,,
2026-05-02 11:03:33,-40,0,0,0,0,OK,,,,,
2026-05-02 11:03:49,20.2,57,1,392,45449.6,OK,,,,,
2026-05-02 11:04:05,20.1,58,1,392,45777.3,OK,,,,,
2026-05-02 11:04:21,20,58,0.3,392,45377.1,OK,,,,,
2026-05-02 11:04:37,20,58,0.1,392,44031.5,OK,,,,,
2026-05-02 11:04:53,20,58,0.3,392,44553.5,OK,,,,,
2026-05-02 11:05:57,20.1,58,0.8,392,43877.8,OK,,,,,
2026-05-02 11:06:29,20,58,0.7,392,45011.7,OK,,,,,
2026-05-02 11:06:45,20,58,0.6,392,46015.1,OK,,,,,
2026-05-02 11:07:01,20,58,0.6,392,46751.7,OK,,,,,
2026-05-02 11:07:17,20,58,0.8,392,47404.2,OK,,,,,
2026-05-02 11:07:33,122.4,58,0.1,392,47250.5,OK,,,,,
2026-05-02 11:07:49,20,58,0.3,392,46963.4,OK,,,,,
2026-05-02 11:08:05,20,58,0.1,452,45945.5,OK,,,,,
2026-05-02 11:08:21,20.1,58,0.7,392,44910.2,OK,,,,,
2026-05-02 11:08:37,20,58,0.1,392,43686.4,OK,,,,,
2026-05-02 11:08:53,20.1,58,0,392,42967.2,OK,,,,,
2026-05-02 11:09:09,20.1,57,0.3,392,42024.7,OK,,,,,
2026-05-02 11:09:25,20.1,57,0.3,392,40969.1,OK,,,,,
2026-05-02 11:09:41,20,58,0.1,392,40568.9,OK,,,,,
2026-05-02 11:09:57,20,58,0.1,392,39751.1,OK,,,,,
2026-05-02 11:10:13,-40,0,0,0,0,OK,,,,,
2026-05-02 11:10:29,-40,0,0,0,0,OK,,,,,
2026-05-02 11:10:45,19.9,58,0.1,392,37277.4,OK,,,,,
2026-05-02 11:11:01,20,58,0,392,36482.8,OK,,,,,
2026-05-02 11:11:17,20.1,58,0,392,35975.3,OK,,,,,
2026-05-02 11:11:49,20,58,0,392,35134.3,OK,,,,,
2026-05-02 11:12:05,20.1,58,0,392,34800.8,OK,,,,,
2026-05-02 11:12:21,20.1,58,0.1,392,34525.3,OK,,,,,
2026-05-02 11:12:37,20,58,0.7,392,34629.7,OK,,,,,
2026-05-02 11:12:53,20,58,0.4,392,34829.8,OK,,,,,
2026-05-02 11:13:09,20,58,0.3,392,35058.9,OK,,,,,
2026-05-02 11:13:25,19.9,58,0,392,35230,OK,,,,,
2026-05-02 11:13:41,19.9,59,0.3,392,35488.1,OK,,,,,
2026-05-02 11:13:57,20,58,0.4,392,35859.3,OK,,,,,
2026-05-02 11:14:13,19.8,59,0.6,392,36189.9,OK,,,,,
2026-05-02 11:14:29,19.7,59,0.7,392,36561.1,OK,,,,,
2026-05-02 11:14:45,19.6,60,0.1,392,37016.4,OK,,,,,
2026-05-02 11:15:01,19.6,60,0.4,392,37657.3,OK,,,,,
2026-05-02 11:15:17,19.6,60,0.7,392,38396.8,OK,,,,,
2026-05-02 11:15:33,19.6,60,0.7,392,38988.4,OK,,,,,
2026-05-02 11:15:49,19.5,59,0.4,392,39377,OK,,,,,
2026-05-02 11:16:05,19.5,60,0.1,392,39843.9,OK,,,,,
2026-05-02 11:16:21,19.5,60,0.7,392,40220.9,OK,,,,,
2026-05-02 11:16:37,19.5,59,0.3,392,40676.2,OK,,,,,
2026-05-02 11:17:09,19.6,59,0,392,41059,OK,,,,,
2026-05-02 11:17:25,19.6,59,0.4,392,41430.2,OK,,,,,
2026-05-02 11:17:41,19.7,59,0.1,392,828198.6,OK,,,,,
2026-05-02 11:17:57,19.7,59,0,392,41955.1,OK,,,,,
2026-05-02 11:18:13,19.7,59,0.1,392,41885.5,OK,,,,,
2026-05-02 11:18:29,19.7,59,0.1,392,42068.2,OK,,,,,
2026-05-02 11:18:45,19.8,59,0.7,392,42239.3,OK,,,,,
2026-05-02 11:19:01,19.8,59,0.6,392,41175,OK,,,,,
2026-05-02 11:19:17,-40,0,0,0,0,OK,,,,,
2026-05-02 11:19:33,19.8,59,0.4,392,41349,OK,,,,,
2026-05-02 11:19:49,20.7,59,1.1,392,1155271.1,OK,,,,,
2026-05-02 11:20:05,19.7,59,0.3,392,40626.9,OK,,,,,
2026-05-02 11:20:21,-40,0,0,0,0,OK,,,,,
2026-05-02 11:20:37,19.6,59,0.3,392,40586.3,OK,,,,,
2026-05-02 11:20:53,19.6,59,0.1,392,40342.7,OK,,,,,
2026-05-02 11:21:09,19.6,59,0,392,40261.5,OK,,,,,
2026-05-02 11:21:25,19.7,58,0,392,40244.1,OK,,,,,
2026-05-02 11:21:41,19.7,59,0,392,40592.1,OK,,,,,
2026-05-02 11:21:57,19.7,59,0.3,392,41024.2,OK,,,,,
2026-05-02 11:22:13,19.6,59,0.6,392,41488.2,OK,,,,,
2026-05-02 11:22:29,19.7,59,0,392,42149.4,OK,,,,,
2026-05-02 11:22:45,19.7,59,0,392,42796.1,OK,,,,,
2026-05-02 11:23:01,22.9,58,0.7,392,43727,OK,,,,,
2026-05-02 11:23:17,19.7,58,0.4,392,44191,OK,,,,,
2026-05-02 11:23:33,19.7,58,0,392,43944.5,OK,,,,,
2026-05-02 11:23:49,19.7,58,0.1,392,43068.7,OK,,,,,
2026-05-02 11:24:05,19.8,58,0.4,392,45835.3,OK,,,,,
2026-05-02 11:24:21,19.7,59,0.6,392,41291,OK,,,,,
2026-05-02 11:24:37,19.8,59,0.1,392,41108.3,OK,,,,,
2026-05-02 11:24:53,19.7,59,0.1,392,41296.8,OK,,,,,
2026-05-02 11:25:09,19.8,59,0,392,41673.8,OK,,,,,
2026-05-02 11:25:25,-40,0,0,0,0,OK,,,,,
2026-05-02 11:25:41,19.9,58,0.6,392,1669278.6,OK,,,,,
2026-05-02 11:25:57,-40,0,0,0,0,OK,,,,,
2026-05-02 11:26:13,32.8,206,34.4,392,43100.6,OK,,,,,
2026-05-02 11:26:29,19.9,57,0.4,392,43518.8,OK,,,,,
2026-05-02 11:26:45,19.9,57,1,392,44330.2,OK,,,,,
2026-05-02 11:27:01,19.9,57,1.4,392,45090,OK,,,,,
2026-05-02 11:27:17,19.9,58,0.6,392,45910.7,OK,,,,,
2026-05-02 11:27:33,19.9,58,0.6,392,46856.1,OK,,,,,
2026-05-02 11:27:49,19.9,58,0.3,392,47850.8,OK,,,,,
2026-05-02 11:28:05,19.9,58,0.3,392,48564.2,OK,,,,,
2026-05-02 11:28:21,20,58,0.1,392,50292.6,OK,,,,,
2026-05-02 11:28:37,20,58,0,392,51675.9,OK,,,,,
2026-05-02 11:28:53,20,58,0.7,392,52801.1,OK,,,,,
2026-05-02 11:29:09,20,58,0.1,392,52398,OK,,,,,
2026-05-02 11:29:25,20,58,0.3,392,51992,OK,,,,,
2026-05-02 11:29:41,20.1,58,0.3,392,52467.6,OK,,,,,
2026-05-02 11:29:57,20.1,58,0,392,52357.4,OK,,,,,
2026-05-02 11:30:13,20.2,58,0,392,52380.6,OK,,,,,
2026-05-02 11:30:29,20.3,57,0.1,392,52978,OK,,,,,
2026-05-02 11:30:45,-40,0,0,0,0,OK,,,,,
2026-05-02 11:31:01,20.3,57,0,392,53166.5,OK,,,,,
2026-05-02 11:31:17,20.3,57,0,392,53853.8,OK,,,,,
2026-05-02 11:31:33,20.3,57,0.3,392,54517.9,OK,,,,,
2026-05-02 11:31:49,20.2,56,0,392,54868.8,OK,,,,,
2026-05-02 11:32:05,20.2,56,0.3,392,55269,OK,,,,,
2026-05-02 11:32:21,20.2,56,0,392,55701.1,OK,,,,,
2026-05-02 11:32:37,20.3,56,0,392,57429.5,OK,,,,,
2026-05-02 11:32:53,20.3,55,0,392,58589.5,OK,,,,,
2026-05-02 11:33:09,20.3,56,0,392,59079.6,OK,,,,,
2026-05-02 11:33:25,20.3,56,0.7,392,58673.6,OK,,,,,
2026-05-02 11:33:41,20.3,55,0.1,392,58551.8,OK,,,,,
2026-05-02 11:33:57,20.2,55,0.4,392,57687.6,OK,,,,,
2026-05-02 11:34:13,20.2,56,0.1,392,57310.6,OK,,,,,
2026-05-02 11:34:29,20.3,56,0,392,57467.2,OK,,,,,
2026-05-02 11:34:45,20.4,56,0,392,56495.7,OK,,,,,
2026-05-02 11:35:01,20.5,55,0.1,392,55205.2,OK,,,,,
2026-05-02 11:36:05,20.5,55,0.3,392,53537.7,OK,,,,,
2026-05-02 11:36:21,20.5,55,0.7,392,54509.2,OK,,,,,
2026-05-02 11:36:37,20.4,55,0.1,392,55753.3,OK,,,,,
2026-05-02 11:36:53,23.7,55,0,392,56344.9,OK,,,,,
2026-05-02 11:37:09,20.5,54,0.3,392,55721.4,OK,,,,,
2026-05-02 11:37:25,20.5,55,0.4,392,55121.1,OK,,,,,
2026-05-02 11:37:41,20.5,55,0.6,392,54807.5,OK,,,,,
2026-05-02 11:37:57,20.5,56,1,392,53027.3,OK,,,,,
2026-05-02 11:38:13,-40,0,0,0,0,OK,,,,,
2026-05-02 11:38:29,20.6,56,0.7,392,45337.4,OK,,,,,
2026-05-02 11:38:45,20.6,55,0.4,392,43758.9,OK,,,,,
2026-05-02 11:39:01,20.6,56,0.1,392,42604.7,OK,,,,,
2026-05-02 11:39:17,20.5,56,0,392,41578.1,OK,,,,,
2026-05-02 11:39:33,20.6,120,0.4,392,41224.3,OK,,,,,
2026-05-02 11:39:49,20.5,56,0,392,41137.3,OK,,,,,
2026-05-02 11:40:05,20.6,56,0.3,392,93635.7,OK,,,,,
2026-05-02 11:40:21,20.6,56,0.1,392,41378,OK,,,,,
2026-05-02 11:40:37,20.5,56,0.1,392,41035.8,OK,,,,,
2026-05-02 11:40:53,20.5,56,0,392,40171.6,OK,,,,,
2026-05-02 11:41:09,20.6,56,0.3,392,38878.2,OK,,,,,
2026-05-02 11:41:25,20.6,57,0,392,37738.5,OK,,,,,
2026-05-02 11:41:42,20.5,57,0.3,392,36798.9,OK,,,,,
2026-05-02 11:41:57,20.5,57,0.3,392,36050.7,OK,,,,,
2026-05-02 11:42:13,20.5,57,0,392,35470.7,OK,,,,,
2026-05-02 11:42:29,20.5,57,0,392,35021.2,OK,,,,,
2026-05-02 11:42:45,20.4,57,0,392,34719.6,OK,,,,,
2026-05-02 11:43:01,-40,0,0,0,0,OK,,,,,
2026-05-02 11:43:17,20.5,57,0,392,34400.6,OK,,,,,
2026-05-02 11:43:33,20.6,57,0.3,392,34476,OK,,,,,
2026-05-02 11:43:49,20.6,57,0,392,34592,OK,,,,,
2026-05-02 11:44:05,20.5,57,0,392,34655.8,OK,,,,,
2026-05-02 11:44:21,20.5,57,0.8,392,34626.8,OK,,,,,
2026-05-02 11:44:37,20.4,57,0,392,34647.1,OK,,,,,
2026-05-02 11:44:53,20.4,57,0,392,34716.7,OK,,,,,
2026-05-02 11:45:09,23.6,57,0,392,34748.6,OK,,,,,
2026-05-02 11:45:25,-40,0,0,0,0,OK,,,,,
2026-05-02 11:45:41,20.3,57,0.1,392,35041.5,OK,,,,,
2026-05-02 11:45:57,20.2,57,0.3,392,35041.5,OK,,,,,
2026-05-02 11:46:13,20.1,58,0.4,392,35000.9,OK,,,,,
2026-05-02 11:46:29,20.1,58,0.6,392,35311.2,OK,,,,,
2026-05-02 11:46:45,20.1,58,0,392,35850.6,OK,,,,,
2026-05-02 11:47:01,20.1,58,0,392,35940.5,OK,,,,,
2026-05-02 11:47:17,20.1,58,0.4,392,35749.1,OK,,,,,
2026-05-02 11:47:33,20,58,0,392,35438.8,OK,,,,,
2026-05-02 11:47:49,20,58,0.3,392,34890.7,OK,,,,,
2026-05-02 11:48:05,20,58,0,392,33965.6,OK,,,,,
2026-05-02 11:48:21,19.9,59,0.3,392,32915.8,OK,,,,,
2026-05-02 11:48:37,19.8,59,0.3,392,31938.5,OK,,,,,
2026-05-02 11:48:53,19.6,60,0,392,30984.4,OK,,,,,
2026-05-02 11:49:09,-40,0,0,0,0,OK,,,,,
2026-05-02 11:49:25,19.7,60,0.3,392,29557.6,OK,,,,,
2026-05-02 11:50:13,19.8,59,0,392,28067,OK,,,,,
2026-05-02 11:50:29,19.8,59,0.3,392,27808.9,OK,,,,,
2026-05-02 11:50:45,19.7,59,0.1,392,27579.8,OK,,,,,
2026-05-02 11:51:01,19.7,59,0,392,27388.4,OK,,,,,
2026-05-02 11:51:17,19.8,59,1.1,392,27255,OK,,,,,
2026-05-02 11:51:33,19.8,59,1.1,392,27121.6,OK,,,,,
2026-05-02 11:51:49,19.7,59,1,392,27040.4,OK,,,,,
2026-05-02 11:52:05,19.6,59,0.3,392,26967.9,OK,,,,,
2026-05-02 11:52:21,19.6,59,0.3,392,26921.5,OK,,,,,
2026-05-02 11:52:37,19.6,59,0,392,26909.9,OK,,,,,
2026-05-02 11:52:53,19.6,60,0,392,26933.1,OK,,,,,
2026-05-02 11:53:09,19.6,60,0.3,392,26962.1,OK,,,,,
2026-05-02 11:53:25,19.6,60,0.1,392,27025.9,OK,,,,,
2026-05-02 11:53:41,19.6,60,0.6,392,27086.8,OK,,,,,
2026-05-02 11:53:57,19.6,60,0.8,392,579638.3,OK,,,,,
2026-05-02 11:54:13,19.6,60,0.7,392,27307.2,OK,,,,,
2026-05-02 11:54:29,19.6,60,0.4,392,27469.6,OK,,,,,
2026-05-02 11:54:45,19.6,60,0,392,27669.7,OK,,,,,
2026-05-02 11:55:01,19.6,60,0,392,27916.2,OK,,,,,
2026-05-02 11:55:17,19.5,61,0,392,28148.2,OK,,,,,
2026-05-02 11:55:33,19.5,61,0,392,28490.4,OK,,,,,
2026-05-02 11:55:49,-40,0,0,0,0,OK,,,,,
2026-05-02 11:56:05,19.4,61,0.1,392,29113.9,OK,,,,,
2026-05-02 11:56:21,19.5,61,0.3,392,29435.8,OK,,,,,
2026-05-02 11:56:37,19.5,61,0,392,29751.9,OK,,,,,
2026-05-02 11:56:53,19.4,61,0,392,30099.9,OK,,,,,
2026-05-02 11:57:09,19.4,62,0,392,30479.8,OK,,,,,
2026-05-02 11:57:25,-40,0,0,0,0,OK,,,,,
2026-05-02 11:57:41,19.4,61,0.4,392,31190.3,OK,,,,,
2026-05-02 11:57:57,19.3,62,0.4,392,31248.3,OK,,,,,
2026-05-02 11:58:13,19.3,61,0.4,392,31187.4,OK,,,,,
2026-05-02 11:58:29,19.3,62,0.1,392,31080.1,OK,,,,,
2026-05-02 11:58:45,19.3,61,0,392,30929.3,OK,,,,,
2026-05-02 11:59:01,19.3,61,0,392,30691.5,OK,,,,,
2026-05-02 11:59:17,19.3,61,0.3,392,30621.9,OK,,,,,
2026-05-02 11:59:33,19.2,61,0.1,392,30549.4,OK,,,,,
2026-05-02 11:59:49,-40,0,0,0,0,OK,,,,,
2026-05-02 12:00:05,-40,0,0,0,0,OK,,,,,
2026-05-02 12:00:21,19.3,61,0,392,30360.9,OK,,,,,
2026-05-02 12:00:37,-40,0,0,0,0,OK,,,,,
2026-05-02 12:00:53,19.4,61,0,392,30059.3,OK,,,,,
2026-05-02 12:01:09,-40,0,0,0,0,OK,,,,,
2026-05-02 12:01:25,19.4,61,0,392,29841.8,OK,,,,,
2026-05-02 12:01:41,19.4,61,0.1,392,29746.1,OK,,,,,
2026-05-02 12:01:57,19.4,61,0,392,29662,OK,,,,,
2026-05-02 12:02:13,19.4,61,0.3,392,29586.6,OK,,,,,
2026-05-02 12:02:29,19.4,62,0,392,29496.7,OK,,,,,
2026-05-02 12:02:45,19.4,62,0,392,29398.1,OK,,,,,
2026-05-02 12:03:01,19.4,62,0,392,29334.3,OK,,,,,
2026-05-02 12:03:17,19.4,62,0.3,392,29432.9,OK,,,,,
2026-05-02 12:03:33,19.4,62,0,392,29534.4,OK,,,,,
2026-05-02 12:03:49,-40,0,0,0,0,OK,,,,,
2026-05-02 12:04:05,19.4,61,0.1,392,29334.3,OK,,,,,
2026-05-02 12:04:21,-40,0,0,0,0,OK,,,,,
2026-05-02 12:04:37,19.4,61,0.4,392,28519.4,OK,,,,,
2026-05-02 12:04:53,19.4,61,0.1,392,28130.8,OK,,,,,
2026-05-02 12:05:09,19.5,61,0,392,27849.5,OK,,,,,
2026-05-02 12:05:25,19.4,61,0.1,392,27588.5,OK,,,,,
2026-05-02 12:05:41,19.4,61,0.4,392,27408.7,OK,,,,,
2026-05-02 12:05:57,19.4,61,0.1,392,27202.8,OK,,,,,
2026-05-02 12:06:13,-40,0,0,0,0,OK,,,,,
2026-05-02 12:06:29,19.4,61,0.3,392,26988.2,OK,,,,,
2026-05-02 12:06:45,19.3,62,0.4,392,26904.1,OK,,,,,
2026-05-02 12:07:01,19.3,62,0.3,392,26753.3,OK,,,,,
2026-05-02 12:08:05,19.3,62,0.4,392,26582.2,OK,,,,,
2026-05-02 12:08:21,19.2,62,35.3,392,26651.8,OK,,,,,
2026-05-02 12:08:37,19.2,62,0,392,26770.7,OK,,,,,
2026-05-02 12:08:53,121.6,62,0,392,26947.6,OK,,,,,
2026-05-02 12:09:09,19.2,62,0.1,392,27159.3,OK,,,,,
2026-05-02 12:09:25,19.1,62,0.4,392,27405.8,OK,,,,,
2026-05-02 12:09:41,19.1,62,0.6,392,27695.8,OK,,,,,
2026-05-02 12:09:57,19.1,62,0,392,28046.7,OK,,,,,
2026-05-02 12:10:13,19.1,62,0,392,28455.6,OK,,,,,
2026-05-02 12:10:29,19.1,62,0.4,392,28734,OK,,,,,
2026-05-02 12:10:45,19,62,0.1,392,29000.8,OK,,,,,
2026-05-02 12:11:01,19.1,62,0.1,392,29148.7,OK,,,,,
2026-05-02 12:11:17,19.1,62,0.1,392,396286.6,OK,,,,,
2026-05-02 12:11:33,19.2,62,0,392,29421.3,OK,,,,,
2026-05-02 12:11:49,19.2,62,0.1,392,29577.9,OK,,,,,
2026-05-02 12:12:05,19.2,62,0,392,29757.7,OK,,,,,
2026-05-02 12:13:09,-40,0,0,0,0,OK,,,,,
2026-05-02 12:13:25,-40,0,0,0,0,OK,,,,,
2026-05-02 12:13:41,19.2,62,0.3,392,31779,OK,,,,,
2026-05-02 12:13:57,19.2,62,0.4,392,32361.9,OK,,,,,
2026-05-02 12:14:13,-40,0,0,0,0,OK,,,,,
2026-05-02 12:14:29,19.3,62,0,392,33724.9,OK,,,,,
2026-05-02 12:14:45,19.3,62,13.4,392,34766,OK,,,,,
2026-05-02 12:15:01,-40,0,0,0,0,OK,,,,,
2026-05-02 12:15:17,19.3,61,0.7,392,38019.8,OK,,,,,
2026-05-02 12:15:33,19.3,62,0.7,392,40180.3,OK,,,,,
2026-05-02 12:15:49,-40,0,0,0,0,OK,,,,,
2026-05-02 12:16:05,19.3,62,0.3,392,45179.8,OK,,,,,
2026-05-02 12:16:21,19.4,61,0,392,44657.9,OK,,,,,
2026-05-02 12:16:37,-40,0,0,0,0,OK,,,,,
2026-05-02 12:16:53,19.3,61,0.7,392,44628.9,OK,,,,,
2026-05-02 12:17:09,19.4,61,0.4,392,44077.9,OK,,,,,
2026-05-02 12:17:25,19.4,61,0.1,392,43944.5,OK,,,,,
2026-05-02 12:17:41,19.5,61,0,392,44628.9,OK,,,,,
2026-05-02 12:17:57,19.5,61,0.1,392,45075.5,OK,,,,,
2026-05-02 12:18:13,19.5,61,0.3,392,45591.7,OK,,,,,
2026-05-02 12:18:29,19.5,60,0.3,392,45264,OK,,,,,
2026-05-02 12:18:45,-40,0,0,0,0,OK,,,,,
2026-05-02 12:19:01,19.5,59,0.4,392,44617.3,OK,,,,,
2026-05-02 12:19:17,19.4,59,1.1,392,44663.7,OK,,,,,
2026-05-02 12:19:33,19.4,60,0.1,392,45020.4,OK,,,,,
2026-05-02 12:19:49,19.5,60,0.1,392,45243.7,OK,,,,,
2026-05-02 12:20:05,-40,0,0,0,0,OK,,,,,
2026-05-02 12:20:21,19.9,60,1.3,392,46078.9,OK,,,,,
2026-05-02 12:20:37,19.7,60,0.1,392,46337,OK,,,,,
2026-05-02 12:20:53,19.8,60,0.6,392,46223.9,OK,,,,,
2026-05-02 12:21:09,19.8,60,0.7,392,45893.3,OK,,,,,
2026-05-02 12:21:25,19.8,252,13.4,392,45646.8,OK,,,,,
2026-05-02 12:21:41,19.7,60,0.4,392,45069.7,OK,,,,,
2026-05-02 12:21:57,19.8,60,0.3,392,44710.1,OK,,,,,
2026-05-02 12:22:13,19.8,60,0,392,44927.6,OK,,,,,
2026-05-02 12:22:29,19.9,60,0.1,392,45139.3,OK,,,,,
2026-05-02 12:22:45,-40,0,0,0,0,OK,,,,,
2026-05-02 12:23:01,19.8,60,0.1,392,44776.8,OK,,,,,
2026-05-02 12:23:17,19.9,60,0.1,392,44753.6,OK,,,,,
2026-05-02 12:23:33,19.9,59,0.6,392,44283.8,OK,,,,,
2026-05-02 12:23:49,19.9,60,0.1,392,42781.6,OK,,,,,
2026-05-02 12:24:05,19.9,60,0,392,41317.1,OK,,,,,
2026-05-02 12:24:21,19.9,60,0,392,39901.9,OK,,,,,
2026-05-02 12:24:37,130.8,60,36,392,38918.8,OK,,,,,
2026-05-02 12:24:53,20,60,18.2,392,38459.3,OK,,,,,
2026-05-02 12:25:09,19.9,59,8.8,392,36775.7,OK,,,,,
2026-05-02 12:25:25,20,59,0.6,392,35235.8,OK,,,,,
2026-05-02 12:25:41,19.8,58,0.1,392,33742.3,OK,,,,,
2026-05-02 12:25:57,19.8,58,0,392,32622.9,OK,,,,,
2026-05-02 12:26:13,19.8,58,0.1,392,31726.8,OK,,,,,
2026-05-02 12:26:29,19.7,59,0.1,392,30949.6,OK,,,,,
2026-05-02 12:26:45,-40,0,0,0,0,OK,,,,,
2026-05-02 12:27:01,19.7,59,0.3,392,29618.5,OK,,,,,
2026-05-02 12:27:17,19.6,59,0.6,392,29053,OK,,,,,
2026-05-02 12:27:33,19.6,59,0.7,392,28542.6,OK,,,,,
2026-05-02 12:27:49,122.1,59,0.1,392,28081.5,OK,,,,,
2026-05-02 12:28:21,19.6,59,0.1,392,27359.4,OK,,,,,
2026-05-02 12:28:37,-6,60,35.8,392,27033.5,OK,,,,,
2026-05-02 12:28:53,19.6,60,0.1,392,26770.7,OK,,,,,
2026-05-02 12:29:09,19.6,60,0.4,392,26515.5,OK,,,,,
2026-05-02 12:29:25,19.6,60,0.7,392,26335.7,OK,,,,,
2026-05-02 12:29:41,19.7,60,0.3,392,26155.9,OK,,,,,
2026-05-02 12:29:57,19.7,59,1,392,26074.7,OK,,,,,
2026-05-02 12:30:13,19.6,59,1.8,392,26002.2,OK,,,,,
2026-05-02 12:30:29,19.5,59,1.4,392,25964.5,OK,,,,,
2026-05-02 12:30:45,19.4,59,1.4,392,25961.6,OK,,,,,
2026-05-02 12:31:01,19.3,60,0.8,392,25987.7,OK,,,,,
2026-05-02 12:31:17,19.3,60,1.3,392,26039.9,OK,,,,,
2026-05-02 12:31:33,19.2,59,1.7,392,26141.4,OK,,,,,
2026-05-02 12:31:49,19.1,60,1.1,392,26274.8,OK,,,,,
2026-05-02 12:32:05,-6.5,60,109.6,392,26437.2,OK,,,,,
2026-05-02 12:32:21,18.9,60,1.8,392,26643.1,OK,,,,,
2026-05-02 12:32:37,18.8,60,1.8,392,26880.9,OK,,,,,
2026-05-02 12:32:53,-40,0,0,0,0,OK,,,,,
2026-05-02 12:33:09,18.8,61,0.6,392,27530.5,OK,,,,,
2026-05-02 12:33:25,-40,0,0,0,0,OK,,,,,
2026-05-02 12:33:41,18.9,60,0.3,392,28383.1,OK,,,,,
2026-05-02 12:33:57,-40,0,0,0,0,OK,,,,,
2026-05-02 12:34:13,18.8,60,1.8,392,29467.7,OK,,,,,
2026-05-02 12:34:29,18.8,61,0.7,392,30097,OK,,,,,
2026-05-02 12:34:45,18.8,61,1.4,392,30784.3,OK,,,,,
2026-05-02 12:35:01,18.8,61,1.5,392,31480.3,OK,,,,,
2026-05-02 12:35:17,18.7,61,1.8,392,32283.6,OK,,,,,
2026-05-02 12:35:33,18.7,61,1,8072,33124.6,OK,,,,,
2026-05-02 12:35:49,18.7,61,1.4,392,33994.6,OK,,,,,
2026-05-02 12:36:05,18.8,61,1,392,34676.1,OK,,,,,
2026-05-02 12:36:21,18.8,61,0.3,392,35412.7,OK,,,,,
2026-05-02 12:36:37,-40,0,0,0,0,OK,,,,,
2026-05-02 12:36:53,18.8,61,2,392,36221.8,OK,,,,,
2026-05-02 12:37:09,-40,0,0,0,0,OK,,,,,
2026-05-02 12:37:25,-40,0,0,0,0,OK,,,,,
2026-05-02 12:37:41,-40,0,0,0,0,OK,,,,,
2026-05-02 12:37:57,18.9,61,1,392,37700.8,OK,,,,,
2026-05-02 12:38:13,18.9,61,1,392,37961.8,OK,,,,,
2026-05-02 12:38:29,19,61,0.1,392,38312.7,OK,,,,,
2026-05-02 12:38:45,19,61,0.4,392,38884,OK,,,,,
2026-05-02 12:39:01,19,61,0.6,392,39429.2,OK,,,,,
2026-05-02 12:40:05,19.3,61,0.6,392,41929,OK,,,,,
2026-05-02 12:40:21,19.4,61,0.1,392,43550.1,OK,,,,,
2026-05-02 12:40:37,19.4,60,0.3,392,43837.2,OK,,,,,
2026-05-02 12:40:53,19.5,60,0.4,392,44655,OK,,,,,
2026-05-02 12:41:09,19.4,59,0.7,392,45835.3,OK,,,,,
2026-05-02 12:41:25,19.3,60,1.1,392,46864.8,OK,,,,,
2026-05-02 12:41:41,19.3,60,0.3,392,49576.3,OK,,,,,
2026-05-02 12:41:57,19.4,60,1.3,392,50080.9,OK,,,,,
2026-05-02 12:42:13,19.3,60,1.8,392,50420.2,OK,,,,,
2026-05-02 12:42:29,19.3,60,0.6,392,50660.9,OK,,,,,
2026-05-02 12:42:45,19.3,60,0.3,392,51646.9,OK,,,,,
2026-05-02 12:43:01,19.4,60,0.7,392,54387.4,OK,,,,,
2026-05-02 12:43:17,19.4,59,0.8,392,54877.5,OK,,,,,
2026-05-02 12:43:33,-40,0,0,0,0,OK,,,,,
2026-05-02 12:43:49,19.4,59,1.5,392,53096.9,OK,,,,,
2026-05-02 12:44:05,19.3,59,1.3,392,52279.1,OK,,,,,
2026-05-02 12:44:21,-40,0,0,0,0,OK,,,,,
2026-05-02 12:44:37,19.4,59,0.3,392,41560.7,OK,,,,,
2026-05-02 12:44:53,-40,0,0,0,0,OK,,,,,
2026-05-02 12:45:09,19.5,59,0,392,36523.4,OK,,,,,
2026-05-02 12:45:25,19.6,59,0.4,392,35470.7,OK,,,,,
2026-05-02 12:45:41,19.6,59,0.8,392,34800.8,OK,,,,,
2026-05-02 12:45:57,19.6,59,2.1,392,34393.5,OK,,,,,
2026-05-02 12:46:13,19.4,59,3.1,392,34078.7,OK,,,,,
2026-05-02 12:46:29,19.3,59,2.8,392,33849.6,OK,,,,,
2026-05-02 12:46:45,19.1,59,2.9,392,33716.2,OK,,,,,
2026-05-02 12:47:01,19,60,3.1,392,33597.3,OK,,,,,
2026-05-02 12:47:17,18.9,61,3.1,392,33446.5,OK,,,,,
2026-05-02 12:47:33,18.8,61,2.4,392,33437.8,OK,,,,,
2026-05-02 12:47:49,-40,0,0,0,0,OK,,,,,
2026-05-02 12:48:05,18.9,207,0.1,392,33588.6,OK,,,,,
2026-05-02 12:48:21,19,60,0.3,392,33730.7,OK,,,,,
2026-05-02 12:48:37,19,60,0.3,392,33942.4,OK,,,,,
2026-05-02 12:48:53,19.1,60,0.3,392,34386.1,OK,,,,,
2026-05-02 12:49:09,19.1,60,0.6,392,34974.8,OK,,,,,
2026-05-02 12:49:25,19.1,60,0.8,392,35653.4,OK,,,,,
2026-05-02 12:49:41,19.1,60,1,392,36189.9,OK,,,,,
2026-05-02 12:49:57,19.1,60,0.4,392,36735.1,OK,,,,,
2026-05-02 12:50:29,19.2,60,0.6,392,38518.6,OK,,,,,
2026-05-02 12:50:45,19.2,60,0.1,392,39429.2,OK,,,,,
2026-05-02 12:51:01,19.3,60,0.1,392,40339.8,OK,,,,,
2026-05-02 12:51:17,19.4,60,0,392,41056.1,OK,,,,,
2026-05-02 12:51:33,19.4,60,0,392,41784,OK,,,,,
2026-05-02 12:51:49,19.5,60,0,392,42938.2,OK,,,,,
2026-05-02 12:52:05,19.6,59,0,392,44660.8,OK,,,,,
2026-05-02 12:52:21,19.7,59,0,392,44771,OK,,,,,
2026-05-02 12:52:37,19.8,59,0,392,47315,OK,,,,,
2026-05-02 12:52:53,19.9,59,0,392,47328.8,OK,,,,,
2026-05-02 12:53:09,20.1,59,0,392,46661.8,OK,,,,,
2026-05-02 12:53:25,20.1,59,0,392,1418577.8,OK,,,,,
2026-05-02 12:53:41,20.2,59,0.1,392,48900.6,OK,,,,,
2026-05-02 12:53:57,20.2,58,0,392,50379.6,OK,,,,,
2026-05-02 12:54:13,20.3,58,0.7,392,51200.3,OK,,,,,
2026-05-02 12:54:29,20.3,57,0.7,392,51551.2,OK,,,,,
2026-05-02 12:54:45,20.2,57,1.4,392,51522.2,OK,,,,,
2026-05-02 12:55:01,20.2,57,0.1,392,51313.4,OK,,,,,
2026-05-02 12:55:17,20.2,57,0.1,392,50107,OK,,,,,
2026-05-02 12:55:33,20.2,57,0.8,392,49292.1,OK,,,,,
2026-05-02 12:55:49,20.2,57,0.1,392,48894.8,OK,,,,,
2026-05-02 12:56:05,20.3,57,0.4,392,48277.1,OK,,,,,
2026-05-02 12:56:21,-40,0,0,0,0,OK,,,,,
2026-05-02 12:56:37,20.3,57,0.4,392,49666.2,OK,,,,,
2026-05-02 12:56:53,20.3,56,0.4,392,50037.4,OK,,,,,
2026-05-02 12:57:09,20.3,56,0.1,392,50083.8,OK,,,,,
2026-05-02 12:57:25,20.4,57,0.4,392,50182.4,OK,,,,,
2026-05-02 12:57:41,-40,0,0,0,0,OK,,,,,
2026-05-02 12:57:57,20.4,57,0.1,392,49672,OK,,,,,
2026-05-02 12:58:13,-40,0,0,0,0,OK,,,,,
2026-05-02 12:58:29,20.4,57,0.3,392,46937.3,OK,,,,,
2026-05-02 12:58:45,-40,0,0,0,0,OK,,,,,
2026-05-02 12:59:01,20.4,57,0.1,392,44715.9,OK,,,,,
2026-05-02 12:59:17,20.4,57,0.7,392,45156.7,OK,,,,,
2026-05-02 12:59:33,20.4,57,0.1,392,43576.2,OK,,,,,
2026-05-02 12:59:49,-40,0,0,0,0,OK,,,,,
2026-05-02 13:00:05,20.4,57,0.4,392,43083.2,OK,,,,,
2026-05-02 13:00:21,20.4,56,1.5,392,42248,OK,,,,,
2026-05-02 13:00:37,20.3,56,1.5,392,42161,OK,,,,,
2026-05-02 13:00:53,20.3,57,0.3,392,41873.9,OK,,,,,
2026-05-02 13:01:09,20.3,56,0.6,392,41740.5,OK,,,,,
2026-05-02 13:01:25,-40,0,0,0,0,OK,,,,,
2026-05-02 13:01:41,36.6,57,0,392,40983.6,OK,,,,,
2026-05-02 13:01:57,20.2,57,0.3,392,40148.4,OK,,,,,
2026-05-02 13:02:13,20.3,57,1.1,392,42912.1,OK,,,,,
2026-05-02 13:02:29,20.2,57,0.4,392,39904.8,OK,,,,,
2026-05-02 13:02:45,20.2,57,0,392,39948.3,OK,,,,,
2026-05-02 13:03:01,-40,0,0,0,0,OK,,,,,
2026-05-02 13:03:17,20.3,57,0.3,392,40737.1,OK,,,,,
2026-05-02 13:03:33,20.3,57,0,392,41876.8,OK,,,,,
2026-05-02 13:03:49,20.4,57,0.1,392,42018.9,OK,,,,,
2026-05-02 13:04:05,20.4,57,0,392,41279.4,OK,,,,,
2026-05-02 13:04:21,20.5,57,0.1,392,40882.1,OK,,,,,
2026-05-02 13:04:37,-40,0,0,0,0,OK,,,,,
2026-05-02 13:04:53,20.3,57,0.6,392,39258.1,OK,,,,,
2026-05-02 13:05:09,20.2,57,0.8,392,39092.8,OK,,,,,
2026-05-02 13:05:25,20.1,57,0.4,392,39072.5,OK,,,,,
2026-05-02 13:05:41,20.1,57,0.6,392,39203,OK,,,,,
2026-05-02 13:05:57,20.1,57,1.1,392,39437.9,OK,,,,,
2026-05-02 13:06:13,19.9,57,1,392,39838.1,OK,,,,,
2026-05-02 13:06:29,-40,0,0,0,0,OK,,,,,
2026-05-02 13:06:45,19.7,58,0.7,392,41154.7,OK,,,,,
2026-05-02 13:07:01,19.7,58,1,392,41784,OK,,,,,
2026-05-02 13:07:17,19.8,58,0.8,392,42433.6,OK,,,,,
2026-05-02 13:07:33,19.8,58,0.4,392,43308.4,OK,,,,,
2026-05-02 13:07:49,19.9,57,0.3,392,43990.9,OK,,,,,
2026-05-02 13:08:21,20.1,206,0.4,392,45301.7,OK,,,,,
2026-05-02 13:08:37,20.1,57,0.1,392,45530.8,OK,,,,,
2026-05-02 13:08:53,20.2,57,1,392,46163,OK,,,,,
2026-05-02 13:09:09,20.2,56,0.6,392,47752.2,OK,,,,,
2026-05-02 13:09:25,-40,0,0,0,0,OK,,,,,
2026-05-02 13:09:41,20.4,56,0,392,50547.8,OK,,,,,
2026-05-02 13:09:57,20.5,56,0,392,52212.4,OK,,,,,
2026-05-02 13:10:13,-40,0,0,0,0,OK,,,,,
2026-05-02 13:10:29,-40,0,0,0,0,OK,,,,,
2026-05-02 13:10:45,20.6,56,0.3,392,55953.4,OK,,,,,
2026-05-02 13:11:01,20.5,56,1,392,54251.1,OK,,,,,
2026-05-02 13:11:17,20.4,56,0.4,392,55940.3,OK,,,,,
2026-05-02 13:11:33,20.4,56,0.8,392,53189.7,OK,,,,,
2026-05-02 13:12:37,20.5,56,0,392,57687.6,OK,,,,,
2026-05-02 13:12:53,20.5,56,0.7,392,58021.1,OK,,,,,
2026-05-02 13:13:09,20.4,56,0.3,392,57032.2,OK,,,,,
2026-05-02 13:13:25,-40,0,0,0,0,OK,,,,,
2026-05-02 13:13:41,20.6,56,0.4,392,53845.1,OK,,,,,
2026-05-02 13:13:57,20.7,56,0.4,392,56980,OK,,,,,
2026-05-02 13:14:13,20.7,56,0,392,57780.4,OK,,,,,
2026-05-02 13:14:29,20.7,56,0.3,392,58679.4,OK,,,,,
2026-05-02 13:14:45,20.7,56,0.3,392,59314.5,OK,,,,,
2026-05-02 13:15:01,20.7,56,0.1,392,58102.3,OK,,,,,
2026-05-02 13:15:17,20.7,56,0.3,392,60222.2,OK,,,,,
2026-05-02 13:15:33,20.8,56,0.6,392,58925.9,OK,,,,,
2026-05-02 13:15:49,20.8,56,0.1,392,63328.1,OK,,,,,
2026-05-02 13:16:05,20.9,56,0.3,392,69203.5,OK,,,,,
2026-05-02 13:16:21,20.9,56,0.4,392,75740.1,OK,,,,,
2026-05-02 13:16:37,21,55,0.4,392,104103.4,OK,,,,,
2026-05-02 13:16:53,20.9,55,0.8,392,78680.7,OK,,,,,
2026-05-02 13:17:09,20.8,54,1.5,392,72033.9,OK,,,,,
2026-05-02 13:17:25,20.7,54,1.8,392,75644.4,OK,,,,,
2026-05-02 13:17:41,20.5,55,1.1,392,78921.4,OK,,,,,
2026-05-02 13:17:57,20.5,56,0.4,392,79205.6,OK,,,,,
2026-05-02 13:18:13,20.5,55,0.1,392,72874.9,OK,,,,,
2026-05-02 13:18:29,20.5,55,0,392,71514.8,OK,,,,,
2026-05-02 13:18:45,20.5,55,1.3,392,71862.8,OK,,,,,
2026-05-02 13:19:01,-40,0,0,0,0,OK,,,,,
2026-05-02 13:19:17,20.4,56,0,392,65178.3,OK,,,,,
2026-05-02 13:19:33,20.5,56,0,392,65706.1,OK,,,,,
2026-05-02 13:19:49,20.6,156,0,392,65416.1,OK,,,,,
2026-05-02 13:20:05,20.7,56,0,392,62182.6,OK,,,,,
2026-05-02 13:20:21,20.8,55,0.3,392,60233.8,OK,,,,,
2026-05-02 13:20:37,21,55,1,392,59027.4,OK,,,,,
2026-05-02 13:20:53,20.9,55,0.6,392,59671.2,OK,,,,,
2026-05-02 13:21:09,-40,0,0,0,0,OK,,,,,
2026-05-02 13:21:25,21.1,55,0,392,59650.9,OK,,,,,
2026-05-02 13:21:41,21.2,54,0.6,392,59674.1,OK,,,,,
2026-05-02 13:21:57,21.2,54,0.1,392,60903.7,OK,,,,,
2026-05-02 13:22:13,21.2,54,0.4,392,57618,OK,,,,,
2026-05-02 13:22:29,21.2,54,0.8,392,55396.6,OK,,,,,
2026-05-02 13:22:45,21.1,53,1.3,392,53645,OK,,,,,
2026-05-02 13:23:01,-40,0,0,0,0,OK,,,,,
2026-05-02 13:23:17,20.9,53,1.5,392,50173.7,OK,,,,,
2026-05-02 13:23:33,-40,0,0,0,0,OK,,,,,
2026-05-02 13:23:49,20.7,55,0.1,392,49321.1,OK,,,,,
2026-05-02 13:24:05,20.8,54,0,392,49843.1,OK,,,,,
2026-05-02 13:24:21,20.8,54,0,392,50170.8,OK,,,,,
2026-05-02 13:24:37,-40,0,0,0,0,OK,,,,,
2026-05-02 13:24:53,33.5,55,0.3,392,54143.8,OK,,,,,
2026-05-02 13:25:09,20.6,55,0,392,54251.1,OK,,,,,
2026-05-02 13:25:25,-40,0,0,0,0,OK,,,,,
2026-05-02 13:25:41,20.5,56,0.7,392,867178.8,OK,,,,,
2026-05-02 13:25:57,-40,0,0,0,0,OK,,,,,
2026-05-02 13:26:13,20.8,55,0.3,392,56521.8,OK,,,,,
2026-05-02 13:26:29,21,54,0.3,392,57722.4,OK,,,,,
2026-05-02 13:26:45,21.1,54,0,392,57728.2,OK,,,,,
2026-05-02 13:27:01,21.2,54,0.1,392,57760.1,OK,,,,,
2026-05-02 13:27:17,21.2,54,0.1,392,59030.3,OK,,,,,
2026-05-02 13:27:33,-40,0,0,0,0,OK,,,,,
2026-05-02 13:27:49,21.3,53,0.4,392,58435.8,OK,,,,,
2026-05-02 13:28:05,21.4,53,0.7,392,56933.6,OK,,,,,
2026-05-02 13:28:21,21.5,53,1.3,392,57661.5,OK,,,,,
2026-05-02 13:28:37,21.4,52,0.6,392,54564.3,OK,,,,,
2026-05-02 13:28:53,21.5,53,0.4,392,52490.8,OK,,,,,
2026-05-02 13:29:09,-40,0,0,0,0,OK,,,,,
2026-05-02 13:29:25,21.4,53,0.4,392,59552.3,OK,,,,,
2026-05-02 13:29:41,21.5,53,0.3,392,65775.7,OK,,,,,
2026-05-02 13:29:57,21.5,53,1.3,392,66242.6,OK,,,,,
2026-05-02 13:30:13,21.6,53,0.8,392,62803.2,OK,,,,,
2026-05-02 13:30:29,22.3,53,0.4,392,61274.9,OK,,,,,
2026-05-02 13:30:45,21.6,53,0.6,392,67530.2,OK,,,,,
2026-05-02 13:31:17,21.6,53,0.7,392,73515.8,OK,,,,,
2026-05-02 13:31:33,-40,0,0,0,0,OK,,,,,
2026-05-02 13:31:49,21.8,54,0.6,392,78492.2,OK,,,,,
2026-05-02 13:32:05,21.8,54,1,392,76705.8,OK,,,,,
2026-05-02 13:32:21,21.8,55,1.3,392,83703.5,OK,,,,,
2026-05-02 13:32:37,21.7,55,0.3,392,73846.4,OK,,,,,
2026-05-02 13:32:53,21.7,55,0.7,392,61248.8,OK,,,,,
2026-05-02 13:33:09,21.7,55,0.7,392,74513.4,OK,,,,,
2026-05-02 13:33:25,21.7,55,0.7,392,77074.1,OK,,,,,
2026-05-02 13:33:41,21.8,55,0.8,392,67243.1,OK,,,,,
2026-05-02 13:33:57,21.7,55,1.1,392,76560.8,OK,,,,,
2026-05-02 13:34:13,21.7,55,0.7,392,80762.9,OK,,,,,
2026-05-02 13:34:29,23.3,56,1.1,392,160963.9,OK,,,,,
2026-05-02 13:34:45,21.7,56,0.3,392,54865.9,OK,,,,,
2026-05-02 13:35:01,-40,0,0,0,0,OK,,,,,
2026-05-02 13:35:17,21.5,55,1.5,392,51203.2,OK,,,,,
2026-05-02 13:35:33,21.4,56,1.4,392,47273.7,OK,,,,,
2026-05-02 13:35:49,21.1,56,0.8,392,46229.7,OK,,,,,
2026-05-02 13:36:05,21,57,0.1,392,45266.9,OK,,,,,
2026-05-02 13:36:21,21.1,57,0,392,44802.9,OK,,,,,
2026-05-02 13:36:37,-40,0,0,0,0,OK,,,,,
2026-05-02 13:37:41,21,57,0.4,392,43825.6,OK,,,,,
2026-05-02 13:37:57,20.9,56,0.1,392,43671.9,OK,,,,,
2026-05-02 13:38:13,20.8,56,0.7,392,43789.7,OK,,,,,
2026-05-02 13:38:29,20.8,57,0.6,392,43651.6,OK,,,,,
2026-05-02 13:38:45,-40,0,0,0,0,OK,,,,,
2026-05-02 13:39:01,-40,0,0,0,0,OK,,,,,
2026-05-02 13:39:17,20.8,57,0,392,44779.7,OK,,,,,
2026-05-02 13:39:33,-40,0,0,0,0,OK,,,,,
2026-05-02 13:39:49,20.9,55,0,392,47308.5,OK,,,,,
2026-05-02 13:40:05,20.9,54,0,1928,47717.4,OK,,,,,
2026-05-02 13:40:21,20.9,55,0,392,47050.4,OK,,,,,
2026-05-02 13:40:37,20.9,55,0.4,392,47253.4,OK,,,,,
2026-05-02 13:40:53,20.9,55,0.3,392,47244.7,OK,,,,,
2026-05-02 13:41:09,20.9,55,0.3,392,47401.3,OK,,,,,
2026-05-02 13:41:25,20.9,55,0.1,392,47389.7,OK,,,,,
2026-05-02 13:41:41,21,55,0,392,47984.2,OK,,,,,
2026-05-02 13:41:57,21,54,0.7,392,48427.9,OK,,,,,
2026-05-02 13:42:13,20.9,55,0.7,392,48938.3,OK,,,,,
2026-05-02 13:42:29,-40,0,0,0,0,OK,,,,,
2026-05-02 13:42:45,-40,0,0,0,0,OK,,,,,
2026-05-02 13:43:01,20.9,55,0.7,392,51693.3,OK,,,,,
2026-05-02 13:43:17,21,55,0.3,392,52859.1,OK,,,,,
2026-05-02 13:43:33,21,54,1,392,53917.6,OK,,,,,
2026-05-02 13:43:49,21,54,1.1,392,52748.9,OK,,,,,
2026-05-02 13:44:53,21.1,54,0.3,392,50205.6,OK,,,,,
2026-05-02 13:45:09,21.1,54,0.1,392,49860.5,OK,,,,,
2026-05-02 13:45:25,21.1,54,0.6,392,49927.2,OK,,,,,
2026-05-02 13:45:41,21,54,0.4,392,49216.7,OK,,,,,
2026-05-02 13:45:57,20.9,55,0.3,392,47859.5,OK,,,,,
2026-05-02 13:46:13,20.8,247,0.1,392,46545.8,OK,,,,,
2026-05-02 13:46:29,20.8,55,0.3,392,44028.6,OK,,,,,
2026-05-02 13:46:45,28.8,55,0.1,392,42581.5,OK,,,,,
2026-05-02 13:47:01,20.8,56,0.1,392,41673.8,OK,,,,,
2026-05-02 13:47:17,20.7,56,0.3,392,41125.7,OK,,,,,
2026-05-02 13:47:33,20.7,56,0.8,392,40943,OK,,,,,
2026-05-02 13:47:49,-40,0,0,0,0,OK,,,,,
2026-05-02 13:48:05,20.8,56,0.1,392,40455.8,OK,,,,,
2026-05-02 13:48:21,20.8,56,0.3,392,40096.2,OK,,,,,
2026-05-02 13:48:37,20.9,57,0.4,392,39823.6,OK,,,,,
2026-05-02 13:48:53,20.9,56,1.5,392,39472.7,OK,,,,,
2026-05-02 13:49:09,20.8,56,1,392,39130.5,OK,,,,,
2026-05-02 13:49:25,-40,0,0,0,0,OK,,,,,
2026-05-02 13:49:57,20.7,57,0.4,392,38008.2,OK,,,,,
2026-05-02 13:50:13,20.7,57,0.3,392,37622.5,OK,,,,,
2026-05-02 13:50:29,20.7,127,0,392,37260,OK,,,,,
2026-05-02 13:50:45,20.7,57,0,392,36929.4,OK,,,,,
2026-05-02 13:51:01,20.6,57,0.1,392,36648.1,OK,,,,,
2026-05-02 13:51:17,20.5,57,0.1,392,36448,OK,,,,,
2026-05-02 13:51:33,20.4,57,0.1,392,36334.9,OK,,,,,
2026-05-02 13:51:49,20.4,58,0.3,392,36308.8,OK,,,,,
2026-05-02 13:52:05,20.3,58,0.7,392,36349.4,OK,,,,,
2026-05-02 13:52:21,20.3,58,0.4,392,36508.9,OK,,,,,
2026-05-02 13:52:37,20.3,58,0.4,392,36752.5,OK,,,,,
2026-05-02 13:52:53,20.4,58,0.8,392,37123.7,OK,,,,,
2026-05-02 13:53:09,20.4,58,0.3,392,37503.6,OK,,,,,
2026-05-02 13:53:25,20.4,58,0,392,37903.8,OK,,,,,
2026-05-02 13:53:41,20.5,58,0.3,392,38283.7,OK,,,,,
2026-05-02 13:53:57,159.1,77,82.6,392,38620.1,OK,,,,,
2026-05-02 13:54:13,20.4,58,0.6,392,38886.9,OK,,,,,
2026-05-02 13:54:29,20.3,58,0.1,392,38957.7,OK,,,,,
2026-05-02 13:54:45,-40,0,0,0,0,OK,,,,,
2026-05-02 13:55:01,20.2,58,0.6,392,38826,OK,,,,,
2026-05-02 13:55:17,20.2,58,1,392,38730.3,OK,,,,,
2026-05-02 13:55:33,20.2,58,0.7,392,38567.9,OK,,,,,
2026-05-02 13:55:49,20.3,58,0.1,392,38225.7,OK,,,,,
2026-05-02 13:56:05,20.3,58,0,392,37915.4,OK,,,,,
2026-05-02 13:56:21,20.3,58,0.3,392,37637,OK,,,,,
2026-05-02 13:56:37,20.3,58,0.6,392,37465.9,OK,,,,,
2026-05-02 13:56:53,20.3,58,0.3,392,37271.6,OK,,,,,
2026-05-02 13:57:09,20.2,58,0,392,37213.6,OK,,,,,
2026-05-02 13:57:25,20.2,58,0,392,37245.5,OK,,,,,
2026-05-02 13:57:41,20.1,59,0.4,392,37320.9,OK,,,,,
2026-05-02 13:57:57,20.1,59,0.1,392,37460.1,OK,,,,,
2026-05-02 13:58:13,20.2,59,0.1,392,37599.3,OK,,,,,
2026-05-02 13:58:29,-40,0,0,0,0,OK,,,,,
2026-05-02 13:58:45,20.2,59,0,392,37643.3,OK,,,,,
2026-05-02 13:59:01,20.2,59,0,392,38234.4,OK,,,,,
2026-05-02 13:59:17,20.2,59,0,392,38576.6,OK,,,,,
2026-05-02 13:59:33,20.3,59,0,392,38994.2,OK,,,,,
2026-05-02 13:59:49,20.4,58,0.1,392,39548.1,OK,,,,,
2026-05-02 14:00:05,20.3,58,0.3,392,40154.2,OK,,,,,
2026-05-02 14:00:21,20.3,58,0,392,40902.4,OK,,,,,
2026-05-02 14:00:37,20.4,58,0,392,41917.4,OK,,,,,
2026-05-02 14:00:53,20.4,58,0.4,392,43216.6,OK,,,,,
2026-05-02 14:01:09,20.4,59,0.4,392,44820.3,OK,,,,,
2026-05-02 14:01:25,20.5,59,0.3,392,49132.6,OK,,,,,
2026-05-02 14:01:41,20.5,58,0.4,392,51678.8,OK,,,,,
2026-05-02 14:01:57,20.6,58,0.3,392,53494.2,OK,,,,,
2026-05-02 14:02:13,-40,0,0,0,0,OK,,,,,
2026-05-02 14:02:29,20.6,59,0.7,392,50930.6,OK,,,,,
2026-05-02 14:02:45,20.7,59,0,392,50742.1,OK,,,,,
2026-05-02 14:03:01,-40,0,0,0,0,OK,,,,,
2026-05-02 14:03:17,20.8,58,0.1,392,45826.6,OK,,,,,
2026-05-02 14:03:33,-40,0,0,0,0,OK,,,,,
2026-05-02 14:03:49,20.9,58,0.6,392,43399.3,OK,,,,,
2026-05-02 14:04:05,-40,0,0,0,0,OK,,,,,
2026-05-02 14:04:21,20.9,57,0.1,392,41665.1,OK,,,,,
2026-05-02 14:04:37,21,57,0.1,392,40783.5,OK,,,,,
2026-05-02 14:04:53,21,56,0.8,392,39986,OK,,,,,
2026-05-02 14:05:09,21,56,0.4,392,39420.5,OK,,,,,
2026-05-02 14:05:25,-40,0,0,0,0,OK,,,,,
2026-05-02 14:05:41,-40,0,0,0,0,OK,,,,,
2026-05-02 14:05:57,-40,0,0,0,0,OK,,,,,
2026-05-02 14:06:13,20.9,57,0.1,392,37729.8,OK,,,,,
2026-05-02 14:06:29,-40,0,0,0,0,OK,,,,,
2026-05-02 14:06:45,20.8,57,0,392,37117.9,OK,,,,,
2026-05-02 14:07:01,20.8,57,0,392,36836.6,OK,,,,,
2026-05-02 14:07:17,20.8,206,0,392,36546.6,OK,,,,,
2026-05-02 14:07:33,20.8,57,0,392,36253.7,OK,,,,,
2026-05-02 14:07:49,20.7,57,0.6,392,35955,OK,,,,,
2026-05-02 14:08:05,-40,0,0,0,0,OK,,,,,
2026-05-02 14:08:21,-40,0,0,0,0,OK,,,,,
2026-05-02 14:08:37,-40,0,0,0,0,OK,,,,,
2026-05-02 14:08:53,20.6,57,0,392,34583.3,OK,,,,,
2026-05-02 14:09:09,20.7,57,0,392,34168.6,OK,,,,,
2026-05-02 14:09:25,20.7,57,0,392,33774.2,OK,,,,,
2026-05-02 14:09:41,-40,0,0,0,0,OK,,,,,
2026-05-02 14:09:57,20.7,57,0,392,33170.9,OK,,,,,
2026-05-02 14:10:13,20.8,57,0,392,32669.3,OK,,,,,
2026-05-02 14:10:45,-40,0,0,0,0,OK,,,,,
2026-05-02 14:11:01,20.9,56,0.3,392,31993.6,OK,,,,,
2026-05-02 14:11:17,20.8,56,0.3,392,31886.3,OK,,,,,
2026-05-02 14:11:33,20.8,56,0.1,392,31857.3,OK,,,,,
2026-05-02 14:11:49,20.8,56,0.1,392,31860.2,OK,,,,,
2026-05-02 14:12:05,20.8,56,0,392,31906.6,OK,,,,,
2026-05-02 14:12:21,20.7,56,0.3,392,31967.5,OK,,,,,
2026-05-02 14:12:37,20.7,56,0,392,31996.5,OK,,,,,
2026-05-02 14:12:53,20.7,56,0,392,32040,OK,,,,,
2026-05-02 14:13:09,20.7,56,0.3,392,32069,OK,,,,,
2026-05-02 14:13:25,20.7,56,0.3,392,32077.7,OK,,,,,
2026-05-02 14:13:41,20.7,57,0,392,31990.7,OK,,,,,
2026-05-02 14:13:57,-40,0,0,0,0,OK,,,,,
2026-05-02 14:14:13,-40,0,0,0,0,OK,,,,,
2026-05-02 14:14:29,20.8,56,0.3,392,31657.2,OK,,,,,
2026-05-02 14:14:45,20.7,55,0.1,392,31460,OK,,,,,
2026-05-02 14:15:01,20.6,55,0.3,16264,31251.2,OK,,,,,
2026-05-02 14:15:17,20.6,55,0,392,30972.8,OK,,,,,
2026-05-02 14:15:33,20.5,55,0.3,392,30787.2,OK,,,,,
2026-05-02 14:15:49,20.5,55,0,392,30558.1,OK,,,,,
2026-05-02 14:16:05,20.5,55,0.1,392,30349.3,OK,,,,,
2026-05-02 14:16:21,20.5,55,0.1,392,30076.7,OK,,,,,
2026-05-02 14:16:37,-40,0,0,0,0,OK,,,,,
2026-05-02 14:16:53,20.6,55,0,392,29896.9,OK,,,,,
2026-05-02 14:17:09,20.6,56,0,392,29844.7,OK,,,,,
2026-05-02 14:17:25,20.6,55,0.1,392,29844.7,OK,,,,,
2026-05-02 14:17:41,20.5,56,0.4,392,29879.5,OK,,,,,
2026-05-02 14:17:57,20.5,56,0.4,392,29969.4,OK,,,,,
2026-05-02 14:18:13,20.5,56,0.1,392,30108.6,OK,,,,,
2026-05-02 14:18:29,20.5,56,0,392,30236.2,OK,,,,,
2026-05-02 14:18:45,20.6,56,0,392,30494.3,OK,,,,,
2026-05-02 14:19:01,20.5,55,1,392,30871.3,OK,,,,,
2026-05-02 14:19:17,-40,0,0,0,0,OK,,,,,
2026-05-02 14:19:33,20.5,56,0.1,392,31172.9,OK,,,,,
2026-05-02 14:19:49,33.3,56,0.6,408,31315,OK,,,,,
2026-05-02 14:20:05,20.5,56,0.4,392,31506.4,OK,,,,,
2026-05-02 14:20:21,20.5,56,0.4,392,31697.8,OK,,,,,
2026-05-02 14:20:37,20.4,56,1.3,392,31793.5,OK,,,,,
2026-05-02 14:20:53,20.4,56,1,392,31839.9,OK,,,,,
2026-05-02 14:21:09,20.4,56,0.3,392,31828.3,OK,,,,,
2026-05-02 14:21:25,20.4,56,0.1,392,31747.1,OK,,,,,
2026-05-02 14:21:41,20.4,56,0.6,392,31703.6,OK,,,,,
2026-05-02 14:21:57,-40,0,0,0,0,OK,,,,,
2026-05-02 14:22:13,20.4,57,0.3,392,31694.9,OK,,,,,
2026-05-02 14:22:29,20.4,57,0.1,392,31475.1,OK,,,,,
2026-05-02 14:22:45,20.5,56,0,392,31288.9,OK,,,,,
2026-05-02 14:23:01,20.6,56,0,392,31048.2,OK,,,,,
2026-05-02 14:23:17,-40,0,0,0,0,OK,,,,,
2026-05-02 14:23:33,20.6,57,0,392,30688.6,OK,,,,,
2026-05-02 14:23:49,-40,0,0,0,0,OK,,,,,
2026-05-02 14:24:05,20.6,57,0,392,30250.7,OK,,,,,
2026-05-02 14:24:21,-40,0,0,0,0,OK,,,,,
2026-05-02 14:24:37,20.5,58,0.3,392,29856.3,OK,,,,,
2026-05-02 14:24:53,20.4,59,0.1,392,29691,OK,,,,,
2026-05-02 14:25:09,20.4,59,0,392,29572.1,OK,,,,,
2026-05-02 14:25:25,20.5,59,0,1928,29525.7,OK,,,,,
2026-05-02 14:25:41,-40,0,0,0,0,OK,,,,,
2026-05-02 14:25:57,20.5,59,0,392,29691,OK,,,,,
2026-05-02 14:26:13,20.5,58,0.1,33160,30010,OK,,,,,
2026-05-02 14:26:29,20.5,58,0.1,392,30694.4,OK,,,,,
2026-05-02 14:26:45,-40,0,0,0,0,OK,,,,,
2026-05-02 14:27:01,20.5,58,0.1,392,32338.7,OK,,,,,
2026-05-02 14:27:17,20.5,58,0,392,31744.2,OK,,,,,
2026-05-02 14:27:33,20.4,58,0.4,392,31442.6,OK,,,,,
2026-05-02 14:27:49,20.4,58,0,392,31375.9,OK,,,,,
2026-05-02 14:28:05,20.4,58,0.3,392,31416.5,OK,,,,,
2026-05-02 14:28:21,20.3,59,0.1,392,31544.1,OK,,,,,
2026-05-02 14:28:37,20.3,59,0.3,392,31494.8,OK,,,,,
2026-05-02 14:28:53,20.3,59,0,392,31422.3,OK,,,,,
2026-05-02 14:29:09,20.4,59,0.1,392,31341.1,OK,,,,,
2026-05-02 14:29:25,20.4,59,0.4,392,31326.6,OK,,,,,
2026-05-02 14:29:41,20.3,59,0.1,392,31297.6,OK,,,,,
2026-05-02 14:29:57,20.3,59,0,392,31315,OK,,,,,
2026-05-02 14:30:13,20.3,59,0.1,392,31425.2,OK,,,,,
2026-05-02 14:30:29,20.2,59,0.1,392,31573.1,OK,,,,,
2026-05-02 14:30:45,20.2,59,0,392,31871.8,OK,,,,,
2026-05-02 14:31:01,-40,0,0,0,0,OK,,,,,
2026-05-02 14:31:17,-40,0,0,0,0,OK,,,,,
2026-05-02 14:31:33,20.2,59,0,392,32428.6,OK,,,,,
2026-05-02 14:31:49,20.2,59,0.1,392,32767.9,OK,,,,,
2026-05-02 14:32:05,-40,0,0,0,0,OK,,,,,
2026-05-02 14:32:21,20.3,59,0.7,392,33521.9,OK,,,,,
2026-05-02 14:32:37,20.3,59,0.6,392,33959.8,OK,,,,,
2026-05-02 14:32:53,20.2,58,0.4,392,34406.3,OK,,,,,
2026-05-02 14:33:09,20.1,58,1.4,392,34858.8,OK,,,,,
2026-05-02 14:33:25,19.9,58,1.4,392,35392.4,OK,,,,,
2026-05-02 14:33:41,19.9,59,0.4,392,35882.5,OK,,,,,
2026-05-02 14:33:57,-40,0,0,0,0,OK,,,,,
2026-05-02 14:34:13,20,58,0.1,392,36700.3,OK,,,,,
2026-05-02 14:34:29,20,58,0.6,392,36952.6,OK,,,,,
2026-05-02 14:34:45,20,58,0.1,392,37083.1,OK,,,,,
2026-05-02 14:35:01,20,58,0.3,392,37220.9,OK,,,,,
2026-05-02 14:35:17,20,58,0.3,392,37265.8,OK,,,,,
2026-05-02 14:35:33,20,58,0.4,392,37286.1,OK,,,,,
2026-05-02 14:35:49,20,58,0.7,392,37260,OK,,,,,
2026-05-02 14:36:05,20,58,0,392,37210.7,OK,,,,,
2026-05-02 14:36:21,20.1,58,0.4,392,37245.5,OK,,,,,
2026-05-02 14:36:37,20.1,57,0.7,392,37396.3,OK,,,,,
2026-05-02 14:36:53,20.1,57,0.4,392,37526.8,OK,,,,,
2026-05-02 14:37:09,-40,0,0,0,0,OK,,,,,
2026-05-02 14:37:25,20.1,58,1,392,38779.6,OK,,,,,
2026-05-02 14:37:41,20,58,1.7,392,38594,OK,,,,,
2026-05-02 14:37:57,19.9,58,0.6,392,38472.2,OK,,,,,
2026-05-02 14:38:13,-40,0,0,0,0,OK,,,,,
2026-05-02 14:38:29,19.9,58,0.6,392,38324.3,OK,,,,,
2026-05-02 14:38:45,19.9,58,0,392,38681,OK,,,,,
2026-05-02 14:39:01,19.9,58,0.7,392,38498.3,OK,,,,,
2026-05-02 14:39:17,19.9,58,0.6,392,38476.3,OK,,,,,
2026-05-02 14:39:33,19.9,58,0.7,392,38573.7,OK,,,,,
2026-05-02 14:39:49,19.9,58,0.6,392,38231.5,OK,,,,,
2026-05-02 14:40:05,19.9,58,0.1,392,38521.5,OK,,,,,
2026-05-02 14:40:21,20,58,0.1,392,39258.8,OK,,,,,
2026-05-02 14:40:37,20.1,58,0.1,440,39804.5,OK,,,,,
2026-05-02 14:40:53,20.1,58,0.3,392,41169.2,OK,,,,,
2026-05-02 14:41:09,20.1,58,0.1,392,41865.2,OK,,,,,
2026-05-02 14:41:25,-40,0,0,0,0,OK,,,,,
2026-05-02 14:41:41,-40,0,0,0,0,OK,,,,,
2026-05-02 14:41:57,20.1,57,0.6,392,41218.5,OK,,,,,
2026-05-02 14:42:13,20,57,0.3,392,40995.2,OK,,,,,
2026-05-02 14:42:29,20.1,57,0.6,392,39246.5,OK,,,,,
2026-05-02 14:42:45,20.1,57,0.8,392,38422.9,OK,,,,,
2026-05-02 14:43:01,20.1,57,1.3,392,38115.5,OK,,,,,
2026-05-02 14:43:17,20.1,58,0.3,392,37982.1,OK,,,,,
2026-05-02 14:43:33,20.2,57,0.1,392,37666,OK,,,,,
2026-05-02 14:43:49,-40,0,0,0,0,OK,,,,,
2026-05-02 14:44:05,20.2,57,0,392,36987.4,OK,,,,,
2026-05-02 14:44:21,20.2,57,0.4,392,36685.8,OK,,,,,
2026-05-02 14:44:37,20.2,57,0.4,392,36424.8,OK,,,,,
2026-05-02 14:44:53,20.2,57,0.3,392,36276.9,OK,,,,,
2026-05-02 14:45:09,-40,0,0,0,0,OK,,,,,
2026-05-02 14:45:25,20.2,57,0,392,36250.8,OK,,,,,
2026-05-02 14:45:41,20.2,57,0,392,36271.1,OK,,,,,
2026-05-02 14:45:57,-40,0,0,0,0,OK,,,,,
2026-05-02 14:46:13,20.2,58,0,392,35967.8,OK,,,,,
2026-05-02 14:46:45,20.1,57,0,392,35711.4,OK,,,,,
2026-05-02 14:47:01,20.1,57,0,392,35731.7,OK,,,,,
2026-05-02 14:47:17,20.2,57,0,392,36564,OK,,,,,
2026-05-02 14:47:33,20.2,57,0.1,392,36121.5,OK,,,,,
2026-05-02 14:47:49,20.3,57,0,392,35673.7,OK,,,,,
2026-05-02 14:48:05,20.3,206,0,392,35566.4,OK,,,,,
2026-05-02 14:48:21,20.3,57,0,392,35557.7,OK,,,,,
2026-05-02 14:48:37,20.4,57,0,392,35543.2,OK,,,,,
2026-05-02 14:48:53,20.4,57,0,392,402553.5,OK,,,,,
2026-05-02 14:49:09,20.4,57,0,392,35505.5,OK,,,,,
2026-05-02 14:49:25,20.4,57,0,392,35520,OK,,,,,
2026-05-02 14:49:41,20.4,57,0.3,392,35566.4,OK,,,,,
2026-05-02 14:49:57,20.3,58,0.3,392,35624.4,OK,,,,,
2026-05-02 14:50:13,20.2,58,0.3,392,35624.4,OK,,,,,
2026-05-02 14:50:29,20.2,58,0.4,392,35665,OK,,,,,
2026-05-02 14:50:45,20.3,57,0.1,392,35714.3,OK,,,,,
2026-05-02 14:51:01,20.4,56,0.1,392,35812.9,OK,,,,,
2026-05-02 14:51:17,20.3,56,0,392,35940.5,OK,,,,,
2026-05-02 14:51:33,20.3,56,0,392,36198.6,OK,,,,,
2026-05-02 14:51:49,20.4,56,0,392,36361,OK,,,,,
2026-05-02 14:52:05,20.5,56,0,392,36503.1,OK,,,,,
2026-05-02 14:52:21,20.5,56,0.4,392,36439.3,OK,,,,,
2026-05-02 14:52:37,-40,0,0,0,0,OK,,,,,
2026-05-02 14:52:53,20.5,56,0,392,36981.6,OK,,,,,
2026-05-02 14:53:09,20.5,56,0,392,37587.7,OK,,,,,
2026-05-02 14:53:25,20.5,56,0,392,38654.9,OK,,,,,
2026-05-02 14:53:41,20.6,56,0,392,39388.6,OK,,,,,
2026-05-02 14:53:57,-40,0,0,0,0,OK,,,,,
2026-05-02 14:54:13,20.5,56,0,392,38907.2,OK,,,,,
2026-05-02 14:54:29,20.6,56,0.4,392,38678.1,OK,,,,,
2026-05-02 14:54:45,20.6,56,0.6,392,38512.8,OK,,,,,
2026-05-02 14:55:01,20.6,56,0.3,392,38347.5,OK,,,,,
2026-05-02 14:55:17,20.6,56,0.4,392,38176.4,OK,,,,,
2026-05-02 14:55:33,20.6,56,0,392,38005.3,OK,,,,,
2026-05-02 14:55:49,20.6,56,0.4,392,37990.8,OK,,,,,
2026-05-02 14:56:05,123,56,36.8,392,38292.4,OK,,,,,
2026-05-02 14:56:21,20.6,57,0.7,392,38248.9,OK,,,,,
2026-05-02 14:56:37,23.8,56,0.7,392,39029,OK,,,,,
2026-05-02 14:56:53,36.6,57,0.8,392,38849.2,OK,,,,,
2026-05-02 14:57:57,20.5,56,1,392,36192.8,OK,,,,,
2026-05-02 14:58:13,20.5,56,1.1,392,36271.1,OK,,,,,
2026-05-02 14:58:29,20.4,57,0.6,392,35734.6,OK,,,,,
2026-05-02 14:58:45,-40,0,0,0,0,OK,,,,,
2026-05-02 14:59:01,20.4,57,0.8,392,47232.3,OK,,,,,
2026-05-02 14:59:17,20.3,57,0.6,392,33394.3,OK,,,,,
2026-05-02 14:59:33,20.3,57,0.3,392,32724.4,OK,,,,,
2026-05-02 14:59:49,20.4,57,0,392,32187.9,OK,,,,,
2026-05-02 15:00:05,20.4,57,0,392,31703.6,OK,,,,,
2026-05-02 15:00:21,20.4,57,0,392,31280.2,OK,,,,,
2026-05-02 15:00:37,20.5,57,0,392,30868.4,OK,,,,,
2026-05-02 15:00:53,20.4,57,0.6,392,30555.2,OK,,,,,
2026-05-02 15:01:09,-40,0,0,0,0,OK,,,,,
2026-05-02 15:01:25,-40,0,0,0,0,OK,,,,,
2026-05-02 15:01:41,20.2,58,0.3,392,29772.2,OK,,,,,
2026-05-02 15:01:57,20.2,58,0.4,392,29604,OK,,,,,
2026-05-02 15:02:13,20.2,58,0.1,392,29427.1,OK,,,,,
2026-05-02 15:02:29,20.2,58,0.4,392,29316.9,OK,,,,,
2026-05-02 15:02:45,20.2,58,0.3,392,29241.5,OK,,,,,
2026-05-02 15:03:01,20.2,57,0.6,392,29411.5,OK,,,,,
2026-05-02 15:03:17,28.5,58,0.1,392,29273.4,OK,,,,,
2026-05-02 15:03:33,20.2,58,1,392,29348.8,OK,,,,,
2026-05-02 15:03:49,20.2,58,0.7,392,29218.3,OK,,,,,
2026-05-02 15:04:05,20.2,58,0.6,392,29041.4,OK,,,,,
2026-05-02 15:04:21,20.1,58,0.6,392,28887.7,OK,,,,,
2026-05-02 15:04:37,20.1,58,0.7,392,28789.1,OK,,,,,
2026-05-02 15:04:53,20,58,0.4,392,28754.3,OK,,,,,
2026-05-02 15:05:09,20,58,0.1,392,28763,OK,,,,,
2026-05-02 15:05:25,20,58,0.1,392,28826.8,OK,,,,,
2026-05-02 15:05:41,-40,0,0,0,0,OK,,,,,
2026-05-02 15:05:57,-40,0,0,0,0,OK,,,,,
2026-05-02 15:06:13,20.1,58,0,392,29699.7,OK,,,,,
2026-05-02 15:06:29,20.1,58,0.1,392,30346.4,OK,,,,,
2026-05-02 15:06:45,20.2,57,0,392,31274.4,OK,,,,,
2026-05-02 15:07:01,20.2,57,0.1,392,32367.7,OK,,,,,
2026-05-02 15:07:17,20.3,57,0.1,392,33701.7,OK,,,,,
2026-05-02 15:07:33,-40,0,0,0,0,OK,,,,,
2026-05-02 15:07:49,20.3,57,1.3,392,36883,OK,,,,,
2026-05-02 15:08:05,20.3,56,0.3,392,37799.4,OK,,,,,
2026-05-02 15:08:21,20.3,56,0.4,392,38675.2,OK,,,,,
2026-05-02 15:08:37,20.3,56,0.6,392,38820.2,OK,,,,,
2026-05-02 15:08:53,20.3,56,1.1,392,39185.6,OK,,,,,
2026-05-02 15:09:09,20.2,56,0.1,392,39058,OK,,,,,
2026-05-02 15:09:25,-40,0,0,0,0,OK,,,,,
2026-05-02 15:09:57,20.2,56,0.3,392,39725,OK,,,,,
2026-05-02 15:10:13,20.3,57,0,392,39936.7,OK,,,,,
2026-05-02 15:10:29,-40,0,0,0,0,OK,,,,,
2026-05-02 15:10:45,20.3,57,0,392,39852.6,OK,,,,,
2026-05-02 15:11:01,20.4,57,0.3,392,40238.3,OK,,,,,
2026-05-02 15:11:17,-40,0,0,0,0,OK,,,,,
2026-05-02 15:11:33,20.4,56,0.4,392,39710.5,OK,,,,,
2026-05-02 15:11:49,20.4,56,0.3,392,38814.4,OK,,,,,
2026-05-02 15:12:05,20.4,56,0.3,392,38103.9,OK,,,,,
2026-05-02 15:12:21,20.4,55,0,392,37700.8,OK,,,,,
2026-05-02 15:12:37,20.4,55,0.4,392,38292.4,OK,,,,,
2026-05-02 15:12:53,20.4,55,0.4,392,38312.7,OK,,,,,
2026-05-02 15:13:09,20.4,55,0.3,392,40133.9,OK,,,,,
2026-05-02 15:13:25,20.4,54,0.7,392,39926,OK,,,,,
2026-05-02 15:13:41,20.4,55,0.7,392,39400.2,OK,,,,,
2026-05-02 15:13:57,-40,0,0,0,0,OK,,,,,
2026-05-02 15:14:13,20.4,54,0.7,392,40935.4,OK,,,,,
2026-05-02 15:14:29,20.4,54,0.7,392,39139.2,OK,,,,,
2026-05-02 15:14:45,20.4,55,0,392,39275.5,OK,,,,,
2026-05-02 15:15:01,20.4,55,0.1,392,39423.4,OK,,,,,
2026-05-02 15:15:17,20.4,54,0,392,38643.3,OK,,,,,
2026-05-02 15:15:33,20.5,54,0,392,39696.9,OK,,,,,
2026-05-02 15:15:49,20.6,54,0,392,39542.3,OK,,,,,
2026-05-02 15:16:05,20.6,53,0.4,392,40125.2,OK,,,,,
2026-05-02 15:16:21,-40,0,0,0,0,OK,,,,,
2026-05-02 15:16:37,20.6,54,0.4,392,41438.9,OK,,,,,
2026-05-02 15:16:53,20.6,54,0.4,392,43210.8,OK,,,,,
2026-05-02 15:17:09,20.6,54,0,392,42169.7,OK,,,,,
2026-05-02 15:17:25,20.7,53,0,392,40128.1,OK,,,,,
2026-05-02 15:17:41,20.7,53,0.4,392,39034.8,OK,,,,,
2026-05-02 15:17:57,20.8,53,0.3,392,37648.6,OK,,,,,
2026-05-02 15:18:13,20.8,53,1.1,392,37042.5,OK,,,,,
2026-05-02 15:18:29,20.8,53,1.1,392,36674.2,OK,,,,,
2026-05-02 15:18:45,20.8,53,0.8,392,36282.7,OK,,,,,
2026-05-02 15:19:01,20.8,53,1,392,36978.7,OK,,,,,
2026-05-02 15:19:17,20.8,53,0.4,392,36213.1,OK,,,,,
2026-05-02 15:19:33,20.8,53,0.1,392,36134.8,OK,,,,,
2026-05-02 15:19:49,20.8,53,0.7,392,37068.6,OK,,,,,
2026-05-02 15:20:05,-40,0,0,0,0,OK,,,,,
2026-05-02 15:20:21,20.8,53,0.4,392,37239.7,OK,,,,,
2026-05-02 15:20:37,20.7,53,1,392,38190.9,OK,,,,,
2026-05-02 15:20:53,20.7,53,1.8,392,38463.5,OK,,,,,
2026-05-02 15:21:09,-40,0,0,0,0,OK,,,,,
2026-05-02 15:21:25,20.6,53,0.4,392,43007.8,OK,,,,,
2026-05-02 15:21:41,20.6,54,0.6,392,36972.9,OK,,,,,
2026-05-02 15:21:57,20.6,54,0.7,392,36227.6,OK,,,,,
2026-05-02 15:22:13,20.6,54,0.3,392,36529.2,OK,,,,,
2026-05-02 15:22:29,20.6,54,1,392,34046.8,OK,,,,,
2026-05-02 15:22:45,20.6,54,0.8,392,32982.5,OK,,,,,
2026-05-02 15:23:01,20.6,54,0.8,392,32098,OK,,,,,
2026-05-02 15:23:17,20.6,53,0.4,392,31309.2,OK,,,,,
2026-05-02 15:23:33,20.6,53,0.1,392,30668.3,OK,,,,,
2026-05-02 15:23:49,-40,0,0,0,0,OK,,,,,
2026-05-02 15:24:05,20.6,53,0.1,392,29798.3,OK,,,,,
2026-05-02 15:24:21,20.6,53,0.3,392,29493.8,OK,,,,,
2026-05-02 15:24:37,-5,53,36,392,29235.7,OK,,,,,
2026-05-02 15:24:53,20.6,53,0.1,392,29009.5,OK,,,,,
2026-05-02 15:25:09,20.6,53,0,392,28850,OK,,,,,
2026-05-02 15:25:25,20.6,53,0.3,392,28754.3,OK,,,,,
2026-05-02 15:25:41,20.5,54,0.4,392,28658.6,OK,,,,,
2026-05-02 15:25:57,20.5,54,0,392,28649.9,OK,,,,,
2026-05-02 15:26:13,20.5,54,0.1,392,28658.6,OK,,,,,
2026-05-02 15:26:29,20.6,53,0.6,392,28716.6,OK,,,,,
2026-05-02 15:26:45,20.6,53,1.1,392,28928.3,OK,,,,,
2026-05-02 15:27:01,20.6,53,0.6,392,29308.2,OK,,,,,
2026-05-02 15:27:17,20.5,54,0,392,316110.2,OK,,,,,
2026-05-02 15:27:33,-40,0,0,0,0,OK,,,,,
2026-05-02 15:27:49,20.6,53,1.1,392,29766.4,OK,,,,,
2026-05-02 15:28:05,20.6,53,0.1,392,30062.2,OK,,,,,
2026-05-02 15:29:09,33.6,205,0,392,36120.3,OK,,,,,
2026-05-02 15:29:25,20.9,53,0.3,392,35624.4,OK,,,,,
2026-05-02 15:29:41,20.9,53,0,392,31941.4,OK,,,,,
2026-05-02 15:29:57,20.9,53,0,392,31929.8,OK,,,,,
2026-05-02 15:30:13,20.9,53,0,504,1155876.6,OK,,,,,
2026-05-02 15:30:29,20.9,53,0,392,31845.7,OK,,,,,
2026-05-02 15:30:45,-40,0,0,0,0,OK,,,,,
2026-05-02 15:31:01,21,53,0,392,32408.3,OK,,,,,
2026-05-02 15:31:17,21,53,0,392,32495.3,OK,,,,,
2026-05-02 15:31:33,21,52,0.3,392,32933.2,OK,,,,,
2026-05-02 15:31:49,21,52,0,392,32666.4,OK,,,,,
2026-05-02 15:32:05,21,52,0,392,32727.3,OK,,,,,
2026-05-02 15:32:21,21,53,0,392,32796.9,OK,,,,,
2026-05-02 15:32:37,21,52,0.1,392,32686.7,OK,,,,,
2026-05-02 15:32:53,21,53,0,408,32509.8,OK,,,,,
2026-05-02 15:33:09,21,53,0,392,32350.3,OK,,,,,
2026-05-02 15:33:25,21,53,0,392,32216.9,OK,,,,,
2026-05-02 15:33:41,21,53,0,392,32095.1,OK,,,,,
2026-05-02 15:33:57,21.1,53,0,504,31979.1,OK,,,,,
2026-05-02 15:34:13,21.1,53,0,392,32289.4,OK,,,,,
2026-05-02 15:34:29,21.1,53,0,392,32686.7,OK,,,,,
2026-05-02 15:35:33,-40,0,0,0,0,OK,,,,,
2026-05-02 15:35:49,21.2,52,0.1,392,33362.4,OK,,,,,
2026-05-02 15:36:05,21.2,52,0,408,33055,OK,,,,,
2026-05-02 15:36:21,21.2,52,0,392,33347.9,OK,,,,,
2026-05-02 15:36:37,21.2,52,0,392,32219.8,OK,,,,,
2026-05-02 15:36:53,21.2,53,0,392,31709.4,OK,,,,,
2026-05-02 15:37:09,21.2,53,0,392,31213.5,OK,,,,,
2026-05-02 15:37:25,21.2,53,0,392,30758.2,OK,,,,,
2026-05-02 15:37:41,21.2,53,0,392,30271,OK,,,,,
2026-05-02 15:37:57,21.2,53,0,392,29780.9,OK,,,,,
2026-05-02 15:38:13,21.2,53,0,392,29319.8,OK,,,,,
2026-05-02 15:38:29,21.3,53,0,392,28902.2,OK,,,,,
2026-05-02 15:38:45,21.3,52,0,392,28542.6,OK,,,,,
2026-05-02 15:39:01,21.3,52,0,392,28226.5,OK,,,,,
2026-05-02 15:39:17,21.3,52,0.1,392,27971.3,OK,,,,,
2026-05-02 15:39:33,21.3,52,0.7,392,27800.2,OK,,,,,
2026-05-02 15:39:49,21.1,52,1.7,392,27669.7,OK,,,,,
2026-05-02 15:40:05,21,52,1.4,392,27571.1,OK,,,,,
2026-05-02 15:40:21,20.9,53,0.4,392,27571.1,OK,,,,,
2026-05-02 15:40:37,20.9,53,0,392,27605.9,OK,,,,,
2026-05-02 15:40:53,20.8,53,0.8,392,27684.2,OK,,,,,
2026-05-02 15:41:09,20.7,54,1.1,1928,27759.6,OK,,,,,
2026-05-02 15:41:41,20.7,54,0,392,28000.3,OK,,,,,
2026-05-02 15:41:57,20.6,254,0.6,392,28142.4,OK,,,,,
2026-05-02 15:42:13,20.6,54,0.7,392,28313.5,OK,,,,,
2026-05-02 15:42:29,20.7,54,0.1,392,28606.4,OK,,,,,
2026-05-02 15:42:45,20.7,53,0,392,29024,OK,,,,,
2026-05-02 15:43:01,20.7,53,0.3,392,28992.1,OK,,,,,
2026-05-02 15:43:17,20.6,53,1.1,392,29305.3,OK,,,,,
2026-05-02 15:43:33,20.5,54,0.1,392,30053.5,OK,,,,,
2026-05-02 15:43:49,20.7,54,0,392,30993.1,OK,,,,,
2026-05-02 15:44:05,20.7,54,0,392,31561.5,OK,,,,,
2026-05-02 15:44:21,20.7,53,0,392,31854.4,OK,,,,,
2026-05-02 15:44:37,20.8,53,0,392,32153.1,OK,,,,,
2026-05-02 15:44:53,20.8,53,0,392,32524.3,OK,,,,,
2026-05-02 15:45:09,20.9,53,0,392,32802.7,OK,,,,,
2026-05-02 15:45:25,21,53,0.1,392,32823,OK,,,,,
2026-05-02 15:45:41,21,52,0.1,392,32579.4,OK,,,,,
2026-05-02 15:45:57,21,52,0,392,32219.8,OK,,,,,
2026-05-02 15:46:13,21.1,52,0,392,31741.3,OK,,,,,
2026-05-02 15:46:29,21.2,52,0,392,31230.9,OK,,,,,
2026-05-02 15:46:45,21.3,51,0,392,30700.2,OK,,,,,
2026-05-02 15:47:17,21.4,51,0,392,29647.5,OK,,,,,
2026-05-02 15:47:33,21.4,51,0,392,29189.3,OK,,,,,
2026-05-02 15:47:49,21.4,51,0,392,28792,OK,,,,,
2026-05-02 15:48:05,21.5,51,0.3,392,28461.4,OK,,,,,
2026-05-02 15:48:21,21.4,51,0.6,392,28165.6,OK,,,,,
2026-05-02 15:48:37,21.4,51,0.1,392,27927.8,OK,,,,,
2026-05-02 15:48:53,21.4,51,0.6,392,27721.9,OK,,,,,
2026-05-02 15:49:09,21.3,51,1.3,392,27513.1,OK,,,,,
2026-05-02 15:49:25,21.1,51,1,392,27260.8,OK,,,,,
2026-05-02 15:49:41,21,124,0.3,392,26967.9,OK,,,,,
2026-05-02 15:49:57,21,52,0.3,392,26640.2,OK,,,,,
2026-05-02 15:50:13,21,52,1,392,26318.3,OK,,,,,
2026-05-02 15:50:29,21,52,0,392,26028.3,OK,,,,,
2026-05-02 15:50:45,21.1,52,0.1,392,25764.4,OK,,,,,
2026-05-02 15:51:01,21.1,52,0.3,392,25544,OK,,,,,
2026-05-02 15:51:17,21.1,52,1.1,392,25488.9,OK,,,,,
2026-05-02 15:51:33,21,52,0.4,392,25413.5,OK,,,,,
2026-05-02 15:51:49,21,52,0.1,392,25370,OK,,,,,
2026-05-02 15:52:05,21.1,52,0.7,392,25338.1,OK,,,,,
2026-05-02 15:52:21,21.1,51,1.5,392,25312,OK,,,,,
2026-05-02 15:52:37,21,52,1.8,392,25248.2,OK,,,,,
2026-05-02 15:52:53,20.9,52,1,392,25233.7,OK,,,,,
2026-05-02 15:53:09,20.8,52,3.1,392,25251.1,OK,,,,,
2026-05-02 15:53:25,20.6,52,2.2,392,25288.8,OK,,,,,
2026-05-02 15:53:41,20.5,52,2.7,392,25375.8,OK,,,,,
2026-05-02 15:53:57,-40,0,0,0,0,OK,,,,,
2026-05-02 15:54:13,20.3,53,3.2,392,25712.2,OK,,,,,
2026-05-02 15:54:29,20.1,53,2.2,392,25912.3,OK,,,,,
2026-05-02 15:54:45,20,54,2.5,392,26079.6,OK,,,,,
2026-05-02 15:55:01,131.1,55,38.4,392,26184.9,OK,,,,,
2026-05-02 15:55:17,19.6,55,3.4,392,26216.8,OK,,,,,
2026-05-02 15:55:33,19.5,56,2.9,392,26129.8,OK,,,,,
2026-05-02 15:55:49,19.4,56,2.5,392,25984.8,OK,,,,,
2026-05-02 15:56:05,19.3,56,1.5,392,25903.6,OK,,,,,
2026-05-02 15:56:21,19.3,56,1.7,392,25764.4,OK,,,,,
2026-05-02 15:56:37,19.2,56,1.8,392,25662.9,OK,,,,,
2026-05-02 15:56:53,19.3,56,0.8,392,25526.6,OK,,,,,
2026-05-02 15:57:09,19.3,56,2.2,392,25355.5,OK,,,,,
2026-05-02 15:57:25,19.3,56,2.2,392,25143.8,OK,,,,,
2026-05-02 15:57:41,19.2,57,1.8,392,635369.4,OK,,,,,
2026-05-02 15:58:45,19.1,57,1.5,392,24088.2,OK,,,,,
2026-05-02 15:59:01,19,58,1.7,392,668864.3,OK,,,,,
2026-05-02 15:59:17,19,58,2,392,23830.1,OK,,,,,
2026-05-02 15:59:33,19,58,1.8,392,23676.4,OK,,,,,
2026-05-02 15:59:49,19,58,1.4,392,23505.3,OK,,,,,
2026-05-02 16:00:05,19,57,1.5,392,23334.2,OK,,,,,
2026-05-02 16:00:21,19,58,1.5,392,23177.6,OK,,,,,
2026-05-02 16:00:37,19,58,1.1,392,23006.5,OK,,,,,
2026-05-02 16:00:53,19.1,58,0.1,392,22881.8,OK,,,,,
2026-05-02 16:01:09,19.2,58,1.1,392,22791.9,OK,,,,,
2026-05-02 16:01:25,19.1,58,2.2,392,22745.5,OK,,,,,
2026-05-02 16:01:41,19,58,1.3,392,48954.1,OK,,,,,
2026-05-02 16:01:57,19,58,1,392,25348.5,OK,,,,,
2026-05-02 16:02:13,19,58,0.4,392,22858.6,OK,,,,,
2026-05-02 16:02:29,19,58,1.4,392,22983.3,OK,,,,,
2026-05-02 16:02:45,19,58,2,392,23572.7,OK,,,,,
2026-05-02 16:03:01,18.8,58,2.8,392,23360.3,OK,,,,,
2026-05-02 16:03:17,18.8,59,2.2,392,23606.8,OK,,,,,
2026-05-02 16:03:33,18.7,59,1.8,392,23859.1,OK,,,,,
2026-05-02 16:03:49,18.7,59,1.8,392,24140.4,OK,,,,,
2026-05-02 16:04:05,18.8,59,0.6,392,24459.4,OK,,,,,
2026-05-02 16:04:21,18.8,59,2.7,392,1673638,OK,,,,,
2026-05-02 16:04:37,18.8,59,2.7,392,25013.3,OK,,,,,
2026-05-02 16:04:53,18.7,59,1.3,392,25280.1,OK,,,,,
2026-05-02 16:05:09,18.8,59,2,392,25500.5,OK,,,,,
2026-05-02 16:05:25,18.8,58,1.8,392,25657.1,OK,,,,,
2026-05-02 16:05:41,18.8,58,0.6,392,25793.4,OK,,,,,
2026-05-02 16:05:57,18.9,58,1.3,392,25918.1,OK,,,,,
2026-05-02 16:06:13,19,58,0.3,392,26042.8,OK,,,,,
2026-05-02 16:06:29,19,58,0.6,392,26103.7,OK,,,,,
2026-05-02 16:06:45,19,58,1.7,392,25947.1,OK,,,,,
2026-05-02 16:07:01,19,58,2.1,392,24560.7,OK,,,,,
2026-05-02 16:07:17,18.9,58,1.4,392,25457,OK,,,,,
2026-05-02 16:07:33,-40,0,0,0,0,OK,,,,,
2026-05-02 16:07:49,18.9,59,1.3,392,25196,OK,,,,,
2026-05-02 16:08:05,18.9,59,1.5,392,25033.6,OK,,,,,
2026-05-02 16:08:21,18.8,59,1.1,392,25126.4,OK,,,,,
2026-05-02 16:08:37,18.8,59,1.5,392,25219.2,OK,,,,,
2026-05-02 16:08:53,18.8,59,1.7,392,25375.8,OK,,,,,
2026-05-02 16:09:09,18.8,59,1.4,392,25625.2,OK,,,,,
2026-05-02 16:09:25,18.7,59,1.4,392,25897.8,OK,,,,,
2026-05-02 16:09:41,-40,0,0,0,0,OK,,,,,
2026-05-02 16:09:57,18.8,59,0.8,392,26912.8,OK,,,,,
2026-05-02 16:10:13,18.9,59,0,392,27481.2,OK,,,,,
2026-05-02 16:10:29,18.9,59,1.3,392,28183,OK,,,,,
2026-05-02 16:10:45,18.8,59,2.4,392,28067,OK,,,,,
2026-05-02 16:11:01,-40,0,0,0,0,OK,,,,,
2026-05-02 16:11:17,-40,0,0,0,0,OK,,,,,
2026-05-02 16:11:33,18.8,60,1.5,392,27539.2,OK,,,,,
2026-05-02 16:11:49,18.8,60,1.7,392,27376.8,OK,,,,,
2026-05-02 16:12:05,-40,0,0,0,0,OK,,,,,
2026-05-02 16:12:21,18.7,59,2.9,392,27069.4,OK,,,,,
2026-05-02 16:12:37,18.7,59,1.8,392,26907,OK,,,,,
2026-05-02 16:12:53,18.7,59,2.4,392,26733,OK,,,,,
2026-05-02 16:13:09,18.6,59,3.1,392,26561.9,OK,,,,,
2026-05-02 16:13:25,18.6,60,1.5,392,26611.2,OK,,,,,
2026-05-02 16:13:41,18.6,59,2.8,392,26596.7,OK,,,,,
2026-05-02 16:13:57,18.6,59,2.5,392,26547.4,OK,,,,,
2026-05-02 16:15:01,18.6,58,3.6,392,25816.6,OK,,,,,
2026-05-02 16:15:17,-40,0,0,0,0,OK,,,,,
2026-05-02 16:15:33,18.6,58,2.1,392,25668.7,OK,,,,,
2026-05-02 16:15:49,18.6,58,2.7,392,25338.1,OK,,,,,
2026-05-02 16:16:05,18.6,58,2.2,392,25222.1,OK,,,,,
2026-05-02 16:16:21,18.6,58,1.8,392,24807.4,OK,,,,,
2026-05-02 16:16:37,18.6,58,1.4,392,23870.7,OK,,,,,
2026-05-02 16:16:53,19,58,2.7,392,23864.9,OK,,,,,
2026-05-02 16:17:09,18.7,58,1,392,23276.2,OK,,,,,
2026-05-02 16:17:25,-40,0,0,0,0,OK,,,,,
2026-05-02 16:17:41,18.7,58,1.5,392,22455.5,OK,,,,,
2026-05-02 16:17:57,18.7,58,0.7,392,22394.6,OK,,,,,
2026-05-02 16:18:13,18.8,58,2,392,21834.9,OK,,,,,
2026-05-02 16:18:29,18.8,58,1,392,21805.9,OK,,,,,
2026-05-02 16:18:45,-40,0,0,0,0,OK,,,,,
2026-05-02 16:19:01,18.8,58,0.7,392,21273.5,OK,,,,,
2026-05-02 16:19:17,18.8,58,1.4,392,20730,OK,,,,,
2026-05-02 16:19:33,18.8,58,2.5,392,20471.9,OK,,,,,
2026-05-02 16:19:49,-40,0,0,0,0,OK,,,,,
2026-05-02 16:20:05,18.7,58,1.7,392,19868.7,OK,,,,,
2026-05-02 16:20:21,18.6,58,3.1,392,19581.6,OK,,,,,
2026-05-02 16:20:37,18.6,58,1.5,392,19378.6,OK,,,,,
2026-05-02 16:20:53,18.5,58,2.1,392,19120.5,OK,,,,,
2026-05-02 16:21:09,18.5,58,1.8,392,18908.8,OK,,,,,
2026-05-02 16:21:25,-40,0,0,0,0,OK,,,,,
2026-05-02 16:21:41,18.5,58,1.7,392,18557.9,OK,,,,,
2026-05-02 16:21:57,18.5,58,1.8,392,18291.1,OK,,,,,
2026-05-02 16:22:13,18.5,58,2.4,392,18117.1,OK,,,,,
2026-05-02 16:22:29,18.4,58,2.9,392,17977.9,OK,,,,,
2026-05-02 16:22:45,18.5,58,0.7,392,17853.2,OK,,,,,
2026-05-02 16:23:01,18.5,58,1.3,392,17748.8,OK,,,,,
2026-05-02 16:23:17,18.5,58,0.8,392,17656,OK,,,,,
2026-05-02 16:23:33,18.6,58,1.3,392,17603.8,OK,,,,,
2026-05-02 16:23:49,18.5,58,1.4,392,17545.8,OK,,,,,
2026-05-02 16:24:05,18.5,58,1,392,17534.2,OK,,,,,
2026-05-02 16:24:21,18.5,58,2.8,392,17493.6,OK,,,,,
2026-05-02 16:24:37,18.5,59,2,392,17534.2,OK,,,,,
2026-05-02 16:24:53,18.4,59,1.3,392,17574.8,OK,,,,,
2026-05-02 16:25:09,-40,0,0,0,0,OK,,,,,
2026-05-02 16:25:25,18.4,59,0.8,392,17656,OK,,,,,
2026-05-02 16:25:41,18.4,58,2.5,392,17705.3,OK,,,,,
2026-05-02 16:25:57,-40,0,0,0,0,OK,,,,,
2026-05-02 16:26:13,18.3,59,1.5,392,17737.2,OK,,,,,
2026-05-02 16:26:29,18.4,59,1,392,17711.1,OK,,,,,
2026-05-02 16:26:45,18.3,58,1.1,392,17667.6,OK,,,,,
2026-05-02 16:27:01,18.4,59,1.7,392,17603.8,OK,,,,,
2026-05-02 16:27:17,18.4,59,1.4,392,17525.5,OK,,,,,
2026-05-02 16:27:33,18.3,59,2.1,392,17432.7,OK,,,,,
2026-05-02 16:27:49,18.3,59,2.5,392,17316.7,OK,,,,,
2026-05-02 16:28:05,18.3,59,0.6,392,17218.1,OK,,,,,
2026-05-02 16:28:21,18.3,59,1.1,392,17116.6,OK,,,,,
2026-05-02 16:28:37,18.4,59,0.7,392,17012.2,OK,,,,,
2026-05-02 16:28:53,18.4,58,0.6,392,16907.8,OK,,,,,
2026-05-02 16:29:09,18.4,58,0.6,392,16817.9,OK,,,,,
2026-05-02 16:29:25,18.5,58,0.7,392,16722.2,OK,,,,,
2026-05-02 16:29:41,18.5,58,0.4,392,16643.9,OK,,,,,
2026-05-02 16:29:57,18.6,58,0.3,392,16565.6,OK,,,,,
2026-05-02 16:30:13,18.6,58,1.8,392,16496,OK,,,,,
2026-05-02 16:30:29,18.5,58,0.6,392,16426.4,OK,,,,,
2026-05-02 16:30:45,18.5,58,0.8,392,16385.8,OK,,,,,
2026-05-02 16:31:01,-40,0,0,0,0,OK,,,,,
2026-05-02 16:31:17,18.6,58,0.3,392,16368.4,OK,,,,,
2026-05-02 16:31:33,-40,0,0,0,0,OK,,,,,
2026-05-02 16:31:49,18.7,58,0.3,392,16438,OK,,,,,
2026-05-02 16:32:05,18.6,57,0.8,392,16533.7,OK,,,,,
2026-05-02 16:32:21,18.6,57,1.5,392,16612,OK,,,,,
2026-05-02 16:32:37,-40,0,0,0,0,OK,,,,,
2026-05-02 16:32:53,18.6,58,0.7,392,849052.6,OK,,,,,
2026-05-02 16:33:57,18.6,57,0.1,392,16849.8,OK,,,,,
2026-05-02 16:34:13,18.7,57,0.3,392,16823.7,OK,,,,,
2026-05-02 16:34:29,18.7,57,0.8,392,16783.1,OK,,,,,
2026-05-02 16:34:45,18.7,57,0.6,392,16716.4,OK,,,,,
2026-05-02 16:35:01,18.8,57,0.8,392,16612,OK,,,,,
2026-05-02 16:35:17,18.8,57,1.3,392,16510.5,OK,,,,,
2026-05-02 16:35:33,18.8,57,0.3,392,16382.9,OK,,,,,
2026-05-02 16:35:49,18.8,57,0,392,16237.9,OK,,,,,
2026-05-02 16:36:05,18.9,57,0,392,16090,OK,,,,,
2026-05-02 16:36:21,18.9,57,0.1,392,15950.8,OK,,,,,
2026-05-02 16:36:37,18.9,57,0.1,392,15829,OK,,,,,
2026-05-02 16:36:53,18.9,57,0.1,392,15730.4,OK,,,,,
2026-05-02 16:37:09,-40,0,0,0,0,OK,,,,,
2026-05-02 16:37:25,-40,0,0,0,0,OK,,,,,
2026-05-02 16:37:41,18.8,57,0,392,15608.6,OK,,,,,
2026-05-02 16:37:57,18.8,57,0,392,15713,OK,,,,,
2026-05-02 16:38:13,-40,0,0,0,0,OK,,,,,
2026-05-02 16:38:29,121.2,57,1,392,16032,OK,,,,,
2026-05-02 16:38:45,18.8,57,0.4,392,16272.7,OK,,,,,
2026-05-02 16:39:01,18.8,57,1.3,392,16577.2,OK,,,,,
2026-05-02 16:39:17,18.8,57,0.4,392,16928.1,OK,,,,,
2026-05-02 16:39:33,18.8,57,0,392,17319.6,OK,,,,,
2026-05-02 16:39:49,18.8,57,1,392,17777.8,OK,,,,,
2026-05-02 16:40:05,18.8,57,0.6,392,18262.1,OK,,,,,
2026-05-02 16:40:21,18.7,57,0.4,392,18778.3,OK,,,,,
2026-05-02 16:40:37,18.7,57,1.1,392,19329.3,OK,,,,,
2026-05-02 16:40:53,18.7,58,0.8,392,19868.7,OK,,,,,
2026-05-02 16:41:09,-40,0,0,0,0,OK,,,,,
2026-05-02 16:41:25,-40,0,0,0,0,OK,,,,,
2026-05-02 16:41:41,-40,0,0,0,0,OK,,,,,
2026-05-02 16:41:57,18.8,57,0.8,392,21440.5,OK,,,,,
2026-05-02 16:42:13,18.7,58,0.1,392,21521.7,OK,,,,,
2026-05-02 16:42:29,18.8,58,0.1,392,21513,OK,,,,,
2026-05-02 16:42:45,18.8,58,0.7,392,21484,OK,,,,,
2026-05-02 16:43:01,18.7,58,1.8,392,21324.5,OK,,,,,
2026-05-02 16:43:17,18.7,58,0.6,392,23130.4,OK,,,,,
2026-05-02 16:43:33,18.7,58,0.1,392,579651,OK,,,,,
2026-05-02 16:43:49,-40,0,0,0,0,OK,,,,,
2026-05-02 16:44:05,18.8,57,0,392,19700.5,OK,,,,,
2026-05-02 16:44:21,18.9,57,0,392,19152.4,OK,,,,,
2026-05-02 16:44:37,18.9,57,1.3,392,18650.7,OK,,,,,
2026-05-02 16:44:53,18.8,57,2.1,392,18093.9,OK,,,,,
2026-05-02 16:45:09,18.8,57,0.6,392,17534.2,OK,,,,,
2026-05-02 16:45:25,18.8,57,0,392,17000.6,OK,,,,,
2026-05-02 16:45:41,18.8,57,0.6,392,16530.8,OK,,,,,
2026-05-02 16:45:57,18.8,57,0.8,392,16116.1,OK,,,,,
2026-05-02 16:46:13,18.8,57,0.4,392,15776.8,OK,,,,,
2026-05-02 16:46:29,121.2,57,0,392,15483.9,OK,,,,,
2026-05-02 16:46:45,18.8,57,0,392,15266.4,OK,,,,,
2026-05-02 16:47:01,18.9,57,0,392,15063.4,OK,,,,,
2026-05-02 16:47:17,-40,0,0,0,0,OK,,,,,
2026-05-02 16:47:33,18.9,58,0.7,392,14732.8,OK,,,,,
2026-05-02 16:47:49,18.8,58,0,392,14616.8,OK,,,,,
2026-05-02 16:48:05,18.8,58,0,392,14547.2,OK,,,,,
2026-05-02 16:48:21,18.8,58,0.6,392,14524,OK,,,,,
2026-05-02 16:48:37,18.7,58,2.2,392,14526.9,OK,,,,,
2026-05-02 16:48:53,18.6,58,1,392,14564.6,OK,,,,,
2026-05-02 16:49:09,18.6,58,1.4,392,14637.1,OK,,,,,
2026-05-02 16:49:25,18.5,58,0,392,14721.2,OK,,,,,
2026-05-02 16:49:41,18.5,58,0.1,392,14799.5,OK,,,,,
2026-05-02 16:49:57,18.6,58,0,392,14880.7,OK,,,,,
2026-05-02 16:50:13,-40,0,0,0,0,OK,,,,,
2026-05-02 16:50:29,18.7,58,0.7,392,15118.5,OK,,,,,
2026-05-02 16:50:45,18.7,58,0.6,392,15208.4,OK,,,,,
2026-05-02 16:51:01,18.6,58,1,392,15283.8,OK,,,,,
2026-05-02 16:51:17,18.6,58,1.3,392,15347.6,OK,,,,,
2026-05-02 16:51:33,18.6,58,0.8,392,15396.9,OK,,,,,
2026-05-02 16:51:49,18.5,62,1.7,392,15411.4,OK,,,,,
2026-05-02 16:52:05,120.9,59,1.3,392,15408.5,OK,,,,,
2026-05-02 16:52:21,-40,0,0,0,0,OK,,,,,
2026-05-02 16:52:37,18.4,59,0.7,392,15344.7,OK,,,,,
2026-05-02 16:52:53,18.4,59,0.6,392,15272.2,OK,,,,,
2026-05-02 16:53:09,18.4,59,0.3,392,15176.5,OK,,,,,
2026-05-02 16:53:25,18.4,59,1.1,392,15063.4,OK,,,,,
2026-05-02 16:53:41,18.4,59,2.5,392,14941.6,OK,,,,,
2026-05-02 16:53:57,18.3,59,1.7,392,14822.7,OK,,,,,
2026-05-02 16:54:13,18.3,59,0.4,392,14654.5,OK,,,,,
2026-05-02 16:54:29,18.3,59,0.6,392,14466,OK,,,,,
2026-05-02 16:54:45,18.3,59,0.3,392,14257.2,OK,,,,,
2026-05-02 16:55:01,18.3,59,0.3,392,14022.3,OK,,,,,
2026-05-02 16:55:17,18.4,59,0.1,392,13775.8,OK,,,,,
2026-05-02 16:55:33,18.4,59,0.1,392,13538,OK,,,,,
2026-05-02 16:55:49,18.3,59,0,392,13320.5,OK,,,,,
2026-05-02 16:56:05,18.3,60,0,392,13108.8,OK,,,,,
2026-05-02 16:56:21,18.4,59,2.5,392,12914.5,OK,,,,,
2026-05-02 16:56:37,18.2,59,2.4,392,12728.9,OK,,,,,
2026-05-02 16:56:53,18.2,60,0.6,392,12572.3,OK,,,,,
2026-05-02 16:57:09,18.2,60,0,392,12441.8,OK,,,,,
2026-05-02 16:57:25,30.9,158,0,392,12337.4,OK,,,,,
2026-05-02 16:57:41,18.2,60,0.7,392,12253.3,OK,,,,,
2026-05-02 16:57:57,18.1,60,0,392,12180.8,OK,,,,,
2026-05-02 16:58:13,18.1,60,0,392,12122.8,OK,,,,,
2026-05-02 16:58:29,18.1,60,0,392,12079.3,OK,,,,,
2026-05-02 16:58:45,18.2,60,0,392,12050.3,OK,,,,,
2026-05-02 16:59:49,18.2,60,1.4,392,12076.4,OK,,,,,
2026-05-02 17:00:05,18.1,61,1,392,12125.7,OK,,,,,
2026-05-02 17:00:21,18,61,0.4,392,12195.3,OK,,,,,
2026-05-02 17:00:37,18,61,0.7,392,12282.3,OK,,,,,
2026-05-02 17:00:53,18,61,0.6,392,12383.8,OK,,,,,
2026-05-02 17:01:09,18,61,0.6,392,12494,OK,,,,,
2026-05-02 17:01:25,18,61,0.3,392,12607.1,OK,,,,,
2026-05-02 17:01:41,-40,0,0,0,0,OK,,,,,
2026-05-02 17:01:57,18,61,1,392,12868.1,OK,,,,,
2026-05-02 17:02:13,18,61,0.7,392,13021.8,OK,,,,,
2026-05-02 17:02:29,18,61,0.8,392,13161,OK,,,,,
2026-05-02 17:02:45,18,61,0.1,392,13303.1,OK,,,,,
2026-05-02 17:03:01,18,61,0.4,392,13404.6,OK,,,,,
2026-05-02 17:03:17,18,62,1.1,392,13500.3,OK,,,,,
2026-05-02 17:03:33,18,62,0,392,13549.6,OK,,,,,
2026-05-02 17:03:49,18,61,0,392,13590.2,OK,,,,,
2026-05-02 17:04:53,18.1,60,1.4,392,13642.4,OK,,,,,
2026-05-02 17:05:09,18.1,60,2.1,392,13633.7,OK,,,,,
2026-05-02 17:05:25,18,60,0.8,392,13619.2,OK,,,,,
2026-05-02 17:05:41,18,60,1.1,392,13610.5,OK,,,,,
2026-05-02 17:05:57,18.1,60,0.6,392,13587.3,OK,,,,,
2026-05-02 17:06:13,18.1,60,1.5,392,13555.4,OK,,,,,
2026-05-02 17:06:29,18.1,60,1.3,392,13494.5,OK,,,,,
2026-05-02 17:06:45,-40,0,0,0,0,OK,,,,,
2026-05-02 17:07:01,18.1,60,0.6,392,13317.6,OK,,,,,
2026-05-02 17:07:17,18.1,60,0.7,392,13207.4,OK,,,,,
2026-05-02 17:07:33,18.1,60,0.8,392,13082.7,OK,,,,,
2026-05-02 17:07:49,18.1,60,0.6,392,52273.8,OK,,,,,
2026-05-02 17:08:05,18.1,60,0.6,392,12818.8,OK,,,,,
2026-05-02 17:08:21,18.1,59,0.6,392,52007,OK,,,,,
2026-05-02 17:08:37,18.2,59,1.8,392,12549.1,OK,,,,,
2026-05-02 17:08:53,18.1,59,0.4,392,12386.7,OK,,,,,
2026-05-02 17:09:09,-40,0,0,0,0,OK,,,,,
2026-05-02 17:09:25,18.2,59,0,392,12137.3,OK,,,,,
2026-05-02 17:09:41,18.3,59,0.6,392,12006.8,OK,,,,,
2026-05-02 17:09:57,18.2,59,1.7,511,11887.9,OK,,,,,
2026-05-02 17:10:13,18.2,59,1,392,11771.9,OK,,,,,
2026-05-02 17:10:29,18.1,59,2.4,392,11658.8,OK,,,,,
2026-05-02 17:10:45,18,59,1.1,392,11542.8,OK,,,,,
2026-05-02 17:11:01,18,60,0.4,392,11438.4,OK,,,,,
2026-05-02 17:11:17,18,60,0.6,392,11339.8,OK,,,,,
2026-05-02 17:11:33,18,60,0.7,392,11241.2,OK,,,,,
2026-05-02 17:11:49,18,60,0.1,392,11151.3,OK,,,,,
2026-05-02 17:12:05,18,60,0.7,392,11073,OK,,,,,
2026-05-02 17:12:21,18,60,0.4,392,10994.7,OK,,,,,
2026-05-02 17:12:37,18,60,0,392,10922.2,OK,,,,,
2026-05-02 17:12:53,18,60,0.3,392,10849.7,OK,,,,,
2026-05-02 17:13:09,18,60,0.7,392,10788.8,OK,,,,,
2026-05-02 17:13:25,18,60,0,392,10730.8,OK,,,,,
2026-05-02 17:13:41,120.4,60,0,392,10675.7,OK,,,,,
2026-05-02 17:13:57,18,60,0,392,10620.6,OK,,,,,
2026-05-02 17:14:13,18.1,60,0,392,10580,OK,,,,,
2026-05-02 17:14:29,18.1,60,0,392,10539.4,OK,,,,,
2026-05-02 17:14:45,18.1,60,0.7,392,10501.7,OK,,,,,
2026-05-02 17:15:01,18.1,59,1.8,392,10466.9,OK,,,,,
2026-05-02 17:15:17,18.1,60,1.5,392,10432.1,OK,,,,,
2026-05-02 17:15:33,18,60,1.8,392,10394.4,OK,,,,,
2026-05-02 17:15:49,18,60,1,392,10356.7,OK,,,,,
2026-05-02 17:16:05,18,60,0.4,392,10310.3,OK,,,,,
2026-05-02 17:16:21,18,60,1.1,392,10281.3,OK,,,,,
2026-05-02 17:16:37,18,60,1.7,392,10237.8,OK,,,,,
2026-05-02 17:16:53,18,60,1.4,392,10188.5,OK,,,,,
2026-05-02 17:17:09,18,60,0.3,392,10142.1,OK,,,,,
2026-05-02 17:17:25,18,60,0,392,10095.7,OK,,,,,
2026-05-02 17:17:41,18.1,60,0.7,392,10046.4,OK,,,,,
2026-05-02 17:17:57,18.1,59,0.6,392,9906.9,OK,,,,,
2026-05-02 17:18:13,18.1,59,0.1,392,9851.4,OK,,,,,
2026-05-02 17:18:29,18.1,59,0,392,9781.1,OK,,,,,
2026-05-02 17:18:45,18.2,59,0.6,392,9699.7,OK,,,,,
2026-05-02 17:19:01,18.1,59,1.1,392,9607.2,OK,,,,,
2026-05-02 17:19:17,18.1,59,0,392,9518.4,OK,,,,,
2026-05-02 17:19:33,18.1,59,0.4,392,9429.6,OK,,,,,
2026-05-02 17:19:49,18.1,59,0.1,392,9333.4,OK,,,,,
2026-05-02 17:20:05,18.1,59,0,392,9226.1,OK,,,,,
2026-05-02 17:20:21,18.1,59,0.1,392,9122.5,OK,,,,,
2026-05-02 17:20:37,-40,0,0,0,0,OK,,,,,
2026-05-02 17:20:53,18,59,0.3,392,8915.3,OK,,,,,
2026-05-02 17:21:09,18,59,0.3,392,8815.4,OK,,,,,
2026-05-02 17:21:25,18,59,0.1,392,8722.9,OK,,,,,
2026-05-02 17:21:41,18,59,0,392,8630.4,OK,,,,,
2026-05-02 17:21:57,18,59,0.6,392,8556.4,OK,,,,,
2026-05-02 17:22:13,18,59,0.3,392,8482.4,OK,,,,,
2026-05-02 17:22:29,18,60,0,392,8404.7,OK,,,,,
2026-05-02 17:22:45,18,60,0.1,392,8364,OK,,,,,
2026-05-02 17:23:01,18,60,0.4,392,8319.6,OK,,,,,
2026-05-02 17:23:17,18,60,0.4,392,8282.6,OK,,,,,
2026-05-02 17:23:33,18,60,0.7,392,8260.4,OK,,,,,
2026-05-02 17:23:49,17.9,60,0.4,392,8245.6,OK,,,,,
2026-05-02 17:24:05,18,60,0.1,392,8230.8,OK,,,,,
2026-05-02 17:24:21,18,60,0.1,392,8238.2,OK,,,,,
2026-05-02 17:24:37,18,60,0.1,392,8241.9,OK,,,,,
2026-05-02 17:24:53,17.9,60,2,392,8253,OK,,,,,
2026-05-02 17:25:09,17.9,60,1.8,392,8275.2,OK,,,,,
2026-05-02 17:25:25,17.9,60,1,392,8304.8,OK,,,,,
2026-05-02 17:25:41,17.8,60,0.4,392,8352.9,OK,,,,,
2026-05-02 17:25:57,17.9,61,0,392,8412.1,OK,,,,,
2026-05-02 17:26:29,17.8,61,0.1,392,8567.5,OK,,,,,
2026-05-02 17:26:45,17.9,61,0.3,392,8667.4,OK,,,,,
2026-05-02 17:27:01,17.8,61,0.6,392,8778.4,OK,,,,,
2026-05-02 17:27:17,17.8,61,1.8,392,8900.5,OK,,,,,
2026-05-02 17:27:33,17.7,61,0.8,392,9048.5,OK,,,,,
2026-05-02 17:27:49,-40,0,0,0,0,OK,,,,,
2026-05-02 17:28:05,-8,61,37.2,392,9366.7,OK,,,,,
2026-05-02 17:28:21,17.6,61,1.1,392,9548,OK,,,,,
2026-05-02 17:28:37,17.6,62,2.4,392,9751.5,OK,,,,,
2026-05-02 17:28:53,17.6,62,2,392,10005.8,OK,,,,,
2026-05-02 17:29:09,17.6,62,0.7,392,10153.7,OK,,,,,
2026-05-02 17:29:25,17.6,62,1.1,392,10295.8,OK,,,,,
2026-05-02 17:29:41,17.6,62,1.3,392,10440.8,OK,,,,,
2026-05-02 17:29:57,17.5,62,0.7,392,10556.8,OK,,,,,
2026-05-02 17:30:13,17.6,62,0.7,392,10678.6,OK,,,,,
2026-05-02 17:30:29,17.6,62,1,392,10762.7,OK,,,,,
2026-05-02 17:30:45,17.6,62,0,392,10852.6,OK,,,,,
2026-05-02 17:31:01,17.6,63,0.8,392,10922.2,OK,,,,,
2026-05-02 17:31:17,17.6,63,0,392,10968.6,OK,,,,,
2026-05-02 17:31:33,17.6,63,0.3,392,10988.9,OK,,,,,
2026-05-02 17:31:49,17.6,63,1.3,392,10997.6,OK,,,,,
2026-05-02 17:32:05,17.6,63,0.6,392,10980.2,OK,,,,,
2026-05-02 17:32:21,17.6,63,0.7,392,10948.3,OK,,,,,
2026-05-02 17:32:37,17.5,63,1.3,392,10884.5,OK,,,,,
2026-05-02 17:32:53,17.5,63,0.8,392,10817.8,OK,,,,,
2026-05-02 17:33:09,17.5,63,0.8,392,10730.8,OK,,,,,
2026-05-02 17:33:25,17.5,63,0.8,392,10626.4,OK,,,,,
2026-05-02 17:33:41,17.5,63,0.7,392,10513.3,OK,,,,,
2026-05-02 17:33:57,17.5,63,0.8,392,10382.8,OK,,,,,
2026-05-02 17:34:13,17.5,64,1.4,392,10255.2,OK,,,,,
2026-05-02 17:34:29,17.5,64,1.3,392,10098.6,OK,,,,,
2026-05-02 17:34:45,17.5,64,0.4,392,9910.6,OK,,,,,
2026-05-02 17:35:01,17.5,63,1.1,392,9733,OK,,,,,
2026-05-02 17:35:17,17.5,63,1.3,392,9559.1,OK,,,,,
2026-05-02 17:35:33,-40,0,0,0,0,OK,,,,,
2026-05-02 17:35:49,17.5,64,1.5,392,9233.5,OK,,,,,
2026-05-02 17:36:05,17.4,64,1.1,392,9081.8,OK,,,,,
2026-05-02 17:36:21,17.4,64,1.5,392,8959.7,OK,,,,,
2026-05-02 17:36:37,17.4,64,0.3,392,8852.4,OK,,,,,
2026-05-02 17:36:53,17.4,64,1.4,392,8756.2,OK,,,,,
2026-05-02 17:37:09,17.4,64,0.6,392,8674.8,OK,,,,,
2026-05-02 17:37:25,17.5,64,1,392,8611.9,OK,,,,,
2026-05-02 17:37:41,17.4,64,2,392,8556.4,OK,,,,,
2026-05-02 17:37:57,17.4,64,0.6,392,8504.6,OK,,,,,
2026-05-02 17:38:13,-40,0,0,0,0,OK,,,,,
2026-05-02 17:38:29,17.4,64,1.5,392,8408.4,OK,,,,,
2026-05-02 17:38:45,17.4,64,2.9,392,8371.4,OK,,,,,
2026-05-02 17:39:01,17.3,64,1.5,392,8297.4,OK,,,,,
2026-05-02 17:39:17,17.3,64,0.8,392,8256.7,OK,,,,,
2026-05-02 17:39:33,17.3,64,1.3,392,8204.9,OK,,,,,
2026-05-02 17:39:49,17.3,64,1.1,392,8142,OK,,,,,
2026-05-02 17:40:05,17.3,64,0.6,392,8056.9,OK,,,,,
2026-05-02 17:40:21,17.3,64,1.3,392,8012.5,OK,,,,,
2026-05-02 17:40:37,17.2,64,1.7,392,7960.8,OK,,,,,
2026-05-02 17:40:53,17.2,64,2.2,408,7883,OK,,,,,
2026-05-02 17:41:09,17.2,64,2.2,392,7827.5,OK,,,,,
2026-05-02 17:41:25,17.2,64,1.8,392,7779.4,OK,,,,,
2026-05-02 17:41:41,17.2,64,1.3,392,7735,OK,,,,,
2026-05-02 17:41:57,-40,0,0,0,0,OK,,,,,
2026-05-02 17:42:13,-40,0,0,0,0,OK,,,,,
2026-05-02 17:42:29,17.2,65,1.7,392,7642.5,OK,,,,,
2026-05-02 17:42:45,17.1,65,1.3,392,7624,OK,,,,,
2026-05-02 17:43:01,17.2,65,0.3,392,7609.2,OK,,,,,
2026-05-02 17:43:17,17.2,65,1,392,7587,OK,,,,,
2026-05-02 17:43:33,17.2,95,0.8,392,7572.2,OK,,,,,
2026-05-02 17:43:49,17.1,65,1.3,392,7546.3,OK,,,,,
2026-05-02 17:44:05,17.1,65,2,392,7516.7,OK,,,,,
2026-05-02 17:44:21,17.1,65,1.1,392,7494.5,OK,,,,,
2026-05-02 17:44:37,17.1,65,0.4,392,7468.6,OK,,,,,
2026-05-02 17:44:53,17.1,65,0.8,392,7442.7,OK,,,,,
2026-05-02 17:45:09,17.1,65,1.1,392,7423.9,OK,,,,,
2026-05-02 17:45:25,17,65,1.5,392,7398.3,OK,,,,,
2026-05-02 17:45:41,17.1,65,0.1,392,7372.4,OK,,,,,
2026-05-02 17:45:57,17.1,65,0.8,392,7342.8,OK,,,,,
2026-05-02 17:46:13,17,66,0,392,7320.6,OK,,,,,
2026-05-02 17:46:29,17.1,65,0.3,392,7298.4,OK,,,,,
2026-05-02 17:46:45,17.1,65,0.7,392,7282.9,OK,,,,,
2026-05-02 17:47:01,119.5,65,0.3,392,7246.6,OK,,,,,
2026-05-02 17:47:17,17.1,65,0.8,392,7244.4,OK,,,,,
2026-05-02 17:47:33,17.1,65,0.6,392,7202.2,OK,,,,,
2026-05-02 17:47:49,17.1,66,0.6,392,7172.6,OK,,,,,
2026-05-02 17:48:05,-40,0,0,0,0,OK,,,,,
2026-05-02 17:48:21,17,65,1.1,392,7109.7,OK,,,,,
2026-05-02 17:48:37,17,65,1.5,392,7072.7,OK,,,,,
2026-05-02 17:48:53,23.9,208,1,392,7020.9,OK,,,,,
2026-05-02 17:49:09,17.1,65,0.6,392,6976.5,OK,,,,,
2026-05-02 17:49:25,17,65,1.4,392,6917.3,OK,,,,,
2026-05-02 17:49:41,17.1,65,0.8,408,6854.4,OK,,,,,
2026-05-02 17:49:57,17.1,65,0.7,392,6787.8,OK,,,,,
2026-05-02 17:50:13,17,66,2.2,392,6721.2,OK,,,,,
2026-05-02 17:50:29,17,66,1.5,392,6643.5,OK,,,,,
2026-05-02 17:50:45,-40,0,0,0,0,OK,,,,,
2026-05-02 17:51:01,-40,0,0,0,0,OK,,,,,
2026-05-02 17:51:17,17,65,0.3,392,6388.2,OK,,,,,
2026-05-02 17:51:33,17.1,65,0.4,392,6295.7,OK,,,,,
2026-05-02 17:51:49,17.1,65,0.7,392,6192.1,OK,,,,,
2026-05-02 17:52:05,-40,0,0,0,0,OK,,,,,
2026-05-02 17:52:21,17.1,65,0.3,392,5955.3,OK,,,,,
2026-05-02 17:52:37,17.1,65,0.4,392,5836.9,OK,,,,,
2026-05-02 17:52:53,17,65,0.1,392,5703.7,OK,,,,,
2026-05-02 17:53:09,17.1,65,0.1,392,5577.9,OK,,,,,
2026-05-02 17:53:25,17.1,65,0.6,392,5444.7,OK,,,,,
2026-05-02 17:53:41,17.1,65,0,392,5311,OK,,,,,
2026-05-02 17:53:57,17.1,65,0.4,392,5174.6,OK,,,,,
2026-05-02 17:54:13,17.1,65,1.1,392,5041.4,OK,,,,,
2026-05-02 17:54:29,17.1,65,0.7,392,4915.6,OK,,,,,
2026-05-02 17:54:45,17.1,65,2,392,4786.1,OK,,,,,
2026-05-02 17:55:01,17.1,65,1.3,392,4675.1,OK,,,,,
2026-05-02 17:55:17,-40,0,0,0,0,OK,,,,,
2026-05-02 17:55:33,17.1,65,1.5,392,4453.1,OK,,,,,
2026-05-02 17:55:49,17,65,0.8,392,4349.5,OK,,,,,
2026-05-02 17:56:05,17.1,65,1.3,392,4249.6,OK,,,,,
2026-05-02 17:56:21,17.1,65,0.7,392,4160.8,OK,,,,,
2026-05-02 17:56:37,17.1,65,0.3,392,4075.7,OK,,,,,
2026-05-02 17:56:53,17.1,64,1.1,392,3994.3,OK,,,,,
2026-05-02 17:57:09,17.1,64,1.3,392,3924,OK,,,,,
2026-05-02 17:57:25,17.2,64,0.1,392,3853.7,OK,,,,,
2026-05-02 17:57:41,17.2,64,1.1,392,3794.5,OK,,,,,
2026-05-02 17:57:57,-40,0,0,0,0,OK,,,,,
2026-05-02 17:58:13,17.2,64,0.7,392,3679.8,OK,,,,,
2026-05-02 17:58:29,17.2,64,0.6,392,3628,OK,,,,,
2026-05-02 17:58:45,17.2,64,1,392,3572.5,OK,,,,,
2026-05-02 17:59:01,17.2,64,1.8,392,3528.1,OK,,,,,
2026-05-02 17:59:17,17.2,64,1.3,392,3483.7,OK,,,,,
2026-05-02 17:59:33,17.1,64,0.6,392,3443,OK,,,,,
2026-05-02 17:59:49,17.1,64,0.8,392,3394.9,OK,,,,,
2026-05-02 18:00:05,17.1,64,0.1,392,3346.8,OK,,,,,
2026-05-02 18:00:21,-40,0,0,0,0,OK,,,,,
2026-05-02 18:00:37,17.2,64,0.1,392,3246.9,OK,,,,,
2026-05-02 18:00:53,17.2,64,0.4,392,3198.8,OK,,,,,
2026-05-02 18:01:09,17.2,64,0.3,392,3143.3,OK,,,,,
2026-05-02 18:01:25,17.2,64,0.7,392,3091.5,OK,,,,,
2026-05-02 18:01:41,17.2,64,0.6,392,3036,OK,,,,,
2026-05-02 18:01:57,17.2,64,1,392,2980.5,OK,,,,,
2026-05-02 18:02:13,17.2,64,0.7,392,2921.3,OK,,,,,
2026-05-02 18:02:29,17.2,64,0.1,392,2862.1,OK,,,,,
2026-05-02 18:02:45,17.2,64,0.4,392,2806.6,OK,,,,,
2026-05-02 18:03:01,17.2,64,0,392,2751.1,OK,,,,,
2026-05-02 18:03:17,17.3,63,0.7,392,2688.2,OK,,,,,
2026-05-02 18:03:33,-40,0,0,0,0,OK,,,,,
2026-05-02 18:03:49,17.2,63,0.1,392,2580.9,OK,,,,,
2026-05-02 18:04:05,-40,0,0,0,0,OK,,,,,
2026-05-02 18:04:21,17.3,63,0,392,2477.3,OK,,,,,
2026-05-02 18:04:37,17.3,63,0.1,392,2432.9,OK,,,,,
2026-05-02 18:04:53,17.3,63,0.8,392,2392.2,OK,,,,,
2026-05-02 18:05:09,17.3,63,1.4,392,2355.2,OK,,,,,
2026-05-02 18:05:25,17.2,63,1.3,392,2325.6,OK,,,,,
2026-05-02 18:05:41,17.2,63,1,392,2292.3,OK,,,,,
2026-05-02 18:05:57,17.2,63,0.4,392,2270.1,OK,,,,,
2026-05-02 18:06:13,17.2,63,1,392,2255.3,OK,,,,,
2026-05-02 18:06:29,17.1,63,0.8,392,2240.5,OK,,,,,
2026-05-02 18:06:45,17.1,63,1.3,392,2233.1,OK,,,,,
2026-05-02 18:07:01,17.1,63,1.3,392,2225.7,OK,,,,,
2026-05-02 18:07:17,17.1,63,0.6,392,2229.4,OK,,,,,
2026-05-02 18:07:33,17.1,63,0.3,392,2233.1,OK,,,,,
2026-05-02 18:07:49,17,64,1.3,392,2240.5,OK,,,,,
2026-05-02 18:08:05,17,64,1.4,392,2255.3,OK,,,,,
2026-05-02 18:08:21,17,64,0.7,392,6366.1,OK,,,,,
2026-05-02 18:08:37,17,64,0.7,392,2288.6,OK,,,,,
2026-05-02 18:08:53,17,64,1,392,2307.1,OK,,,,,
2026-05-02 18:09:09,17,64,1,392,2329.3,OK,,,,,
2026-05-02 18:09:25,16.9,64,0.3,392,2351.5,OK,,,,,
2026-05-02 18:09:41,17,64,0.1,392,2370,OK,,,,,
2026-05-02 18:09:57,17,64,0.4,392,2392.2,OK,,,,,
2026-05-02 18:10:13,17,64,0.8,392,2410.7,OK,,,,,
2026-05-02 18:10:29,17,64,0,392,2432.9,OK,,,,,
2026-05-02 18:10:45,17,64,0,392,2458.8,OK,,,,,
2026-05-02 18:11:01,17,64,0.1,392,2481,OK,,,,,
2026-05-02 18:11:17,17,64,0.1,392,2499.5,OK,,,,,
2026-05-02 18:11:33,17,64,1.4,392,2525.4,OK,,,,,
2026-05-02 18:11:49,16.9,64,0.1,392,2547.6,OK,,,,,
2026-05-02 18:12:05,17,64,0,392,2573.5,OK,,,,,
2026-05-02 18:12:21,17,64,0.4,392,2599.4,OK,,,,,
2026-05-02 18:12:37,17,64,0.3,392,2625.3,OK,,,,,
2026-05-02 18:12:53,17,64,0,392,2654.9,OK,,,,,
2026-05-02 18:13:09,17,64,0,392,2684.5,OK,,,,,
2026-05-02 18:13:25,17,64,0.7,392,2717.8,OK,,,,,
2026-05-02 18:13:41,17,64,0.8,392,2751.1,OK,,,,,
2026-05-02 18:13:57,16.9,64,1.1,392,2788.1,OK,,,,,
2026-05-02 18:14:13,16.9,64,0.7,392,2821.4,OK,,,,,
2026-05-02 18:14:29,16.9,64,0.6,392,2865.8,OK,,,,,
2026-05-02 18:14:45,16.9,65,0.4,392,2906.5,OK,,,,,
2026-05-02 18:15:01,16.9,65,0.3,392,2947.2,OK,,,,,
2026-05-02 18:15:17,16.9,65,0,392,2984.2,OK,,,,,
2026-05-02 18:15:33,16.9,65,0,392,3028.6,OK,,,,,
2026-05-02 18:15:49,17,65,0,392,3069.3,OK,,,,,
2026-05-02 18:16:05,16.9,65,0,392,3106.3,OK,,,,,
2026-05-02 18:16:21,16.9,65,0,392,3147,OK,,,,,
2026-05-02 18:16:37,17,65,0,392,3180.3,OK,,,,,
2026-05-02 18:16:53,17,65,0,392,3213.6,OK,,,,,
2026-05-02 18:17:09,17,65,0,392,3250.6,OK,,,,,
2026-05-02 18:17:25,17,64,0,392,3280.2,OK,,,,,
2026-05-02 18:17:41,17,64,0,392,3313.5,OK,,,,,
2026-05-02 18:17:57,17.1,64,0,392,3346.8,OK,,,,,
2026-05-02 18:18:13,17.1,64,0,392,3380.1,OK,,,,,
2026-05-02 18:18:29,17.1,64,0,392,3409.7,OK,,,,,
2026-05-02 18:18:45,17.1,64,0,392,3433.4,OK,,,,,
2026-05-02 18:19:01,17.1,64,0,392,3468.6,OK,,,,,
2026-05-02 18:19:17,17.1,64,0,392,3509.6,OK,,,,,
2026-05-02 18:19:33,17.2,64,0,392,3539.2,OK,,,,,
2026-05-02 18:19:49,17.2,64,0,392,3572.5,OK,,,,,
2026-05-02 18:20:05,17.1,64,0,392,3609.5,OK,,,,,
2026-05-02 18:20:21,17.2,64,0,392,3653.9,OK,,,,,
2026-05-02 18:20:37,-40,0,0,0,0,OK,,,,,
2026-05-02 18:20:53,17.2,63,0,392,3716.8,OK,,,,,
2026-05-02 18:21:09,17.2,63,0,392,3735.3,OK,,,,,
2026-05-02 18:21:25,17.2,63,0,392,3757.5,OK,,,,,
2026-05-02 18:21:41,-40,0,0,0,0,OK,,,,,
2026-05-02 18:21:57,17.2,63,0,392,3772.3,OK,,,,,
2026-05-02 18:22:13,17.1,64,0,392,3768.6,OK,,,,,
2026-05-02 18:22:29,17.2,64,0,392,3757.5,OK,,,,,
2026-05-02 18:22:45,17.2,64,0,392,3739,OK,,,,,
2026-05-02 18:23:01,-40,0,0,0,0,OK,,,,,
2026-05-02 18:23:17,-40,0,0,0,0,OK,,,,,
2026-05-02 18:23:33,17.2,64,0,392,3646.5,OK,,,,,
2026-05-02 18:23:49,17.2,64,0.7,392,3598.4,OK,,,,,
2026-05-02 18:24:05,17.2,64,0.6,392,3542.9,OK,,,,,
2026-05-02 18:24:21,17.2,64,0,392,3480,OK,,,,,
2026-05-02 18:24:37,17.2,64,0.1,392,3402.3,OK,,,,,
2026-05-02 18:24:53,17.1,64,0.4,392,3324.6,OK,,,,,
2026-05-02 18:25:09,17.2,64,0.4,392,3239.5,OK,,,,,
2026-05-02 18:25:25,17.2,64,0.1,392,3150.7,OK,,,,,
2026-05-02 18:25:41,17.1,64,0,392,3061.9,OK,,,,,
2026-05-02 18:25:57,17.2,64,0,3976,2973.1,OK,,,,,
2026-05-02 18:26:13,17.2,64,0,392,2884.3,OK,,,,,
2026-05-02 18:26:29,145.1,64,35.8,392,2843,OK,,,,,
2026-05-02 18:26:45,17.2,192,0,392,2699.3,OK,,,,,
2026-05-02 18:27:01,17.2,64,0,392,2614.2,OK,,,,,
2026-05-02 18:27:17,17.2,64,0,392,2529.1,OK,,,,,
2026-05-02 18:27:33,17.2,64,0,392,2447.7,OK,,,,,
2026-05-02 18:27:49,-40,0,0,0,0,OK,,,,,
2026-05-02 18:28:05,17.2,64,0,392,2299.7,OK,,,,,
2026-05-02 18:28:37,17.1,64,0,392,2181.3,OK,,,,,
2026-05-02 18:28:53,17.2,64,0,392,2129.5,OK,,,,,
2026-05-02 18:29:09,17.2,64,0,392,5447.7,OK,,,,,
2026-05-02 18:29:25,17.2,64,0,392,2040.7,OK,,,,,
2026-05-02 18:29:41,17.2,64,0,392,2000,OK,,,,,
2026-05-02 18:29:57,17.2,64,0,392,1716.8,OK,,,,,
2026-05-02 18:30:13,17.3,64,0,392,1690.9,OK,,,,,
2026-05-02 18:30:29,17.3,64,0,392,1665,OK,,,,,
2026-05-02 18:30:45,17.3,64,0,392,1639.1,OK,,,,,
2026-05-02 18:31:01,17.3,64,0,392,1616.9,OK,,,,,
2026-05-02 18:31:17,17.2,63,0,392,1798.2,OK,,,,,
2026-05-02 18:31:33,17.3,64,0,392,1773.2,OK,,,,,
2026-05-02 18:31:49,17.3,64,0,392,1748.2,OK,,,,,
2026-05-02 18:32:05,17.3,63,0,392,1727.4,OK,,,,,
2026-05-02 18:32:21,17.3,63,0,392,1702.4,OK,,,,,
2026-05-02 18:32:37,17.3,63,0,392,1677.4,OK,,,,,
2026-05-02 18:32:53,17.3,63,0,392,1656.6,OK,,,,,
2026-05-02 18:33:09,17.3,63,0,392,1640,OK,,,,,
2026-05-02 18:33:25,17.3,63,0,392,1619.2,OK,,,,,
2026-05-02 18:33:41,17.3,63,0,392,1598.4,OK,,,,,
2026-05-02 18:33:57,17.3,63,0,392,1581.7,OK,,,,,
2026-05-02 18:34:13,17.3,63,0,392,1565.1,OK,,,,,
2026-05-02 18:34:29,17.3,63,0,392,1548.4,OK,,,,,
2026-05-02 18:34:45,17.3,63,0,392,1531.8,OK,,,,,
2026-05-02 18:35:01,17.3,63,0,392,1519.3,OK,,,,,
2026-05-02 18:35:17,17.3,63,0,392,1506.8,OK,,,,,
2026-05-02 18:35:33,17.3,63,0,392,1498.5,OK,,,,,
2026-05-02 18:35:49,17.3,63,0,392,1494.3,OK,,,,,
2026-05-02 18:36:05,17.4,63,0,392,1490.1,OK,,,,,
2026-05-02 18:36:21,17.4,63,0,392,1490.1,OK,,,,,
2026-05-02 18:36:37,17.4,63,0,392,1494.3,OK,,,,,
2026-05-02 18:36:53,17.4,63,0,392,1498.5,OK,,,,,
2026-05-02 18:37:09,17.3,63,0,392,1506.8,OK,,,,,
2026-05-02 18:37:25,17.3,63,0,392,1510.9,OK,,,,,
2026-05-02 18:37:41,17.4,63,0,392,1519.3,OK,,,,,
2026-05-02 18:37:57,17.3,63,0,392,1531.8,OK,,,,,
2026-05-02 18:38:13,17.3,63,0,392,1540.1,OK,,,,,
2026-05-02 18:38:29,17.3,63,0.8,392,1552.6,OK,,,,,
2026-05-02 18:38:45,17.3,63,0.3,392,1565.1,OK,,,,,
2026-05-02 18:39:01,17.3,63,0.8,392,1577.5,OK,,,,,
2026-05-02 18:39:17,17.3,63,0.4,392,1594.2,OK,,,,,
2026-05-02 18:39:33,17.3,63,0.3,392,1606.7,OK,,,,,
2026-05-02 18:39:49,17.3,63,0.1,392,1623.3,OK,,,,,
2026-05-02 18:40:05,17.3,63,0.6,392,1640,OK,,,,,
2026-05-02 18:40:21,17.3,63,0.6,392,1660.8,OK,,,,,
2026-05-02 18:40:37,17.4,63,0,392,1681.6,OK,,,,,
2026-05-02 18:40:53,17.3,63,0.3,8072,1702.4,OK,,,,,
2026-05-02 18:41:09,17.4,63,0.4,392,1727.4,OK,,,,,
2026-05-02 18:41:25,17.4,63,0.3,392,1748.2,OK,,,,,
2026-05-02 18:41:41,17.4,63,1.1,392,1773.2,OK,,,,,
2026-05-02 18:41:57,17.4,63,0.6,392,1794,OK,,,,,
2026-05-02 18:42:13,17.4,63,0.1,392,1609.5,OK,,,,,
2026-05-02 18:42:29,17.4,63,0.3,392,1624.3,OK,,,,,
2026-05-02 18:42:45,17.4,63,0.4,392,1631.7,OK,,,,,
2026-05-02 18:43:01,17.4,63,0.3,392,1631.7,OK,,,,,
2026-05-02 18:43:17,17.4,62,0.1,392,1631.7,OK,,,,,
2026-05-02 18:43:33,17.4,62,0.8,392,1624.3,OK,,,,,
2026-05-02 18:43:49,17.4,62,0.3,392,1609.5,OK,,,,,
2026-05-02 18:44:05,17.5,62,0.3,392,1789.8,OK,,,,,
2026-05-02 18:44:21,17.4,62,0,392,1764.9,OK,,,,,
2026-05-02 18:44:37,17.5,62,0,392,1735.7,OK,,,,,
2026-05-02 18:44:53,17.5,62,0.3,392,1706.6,OK,,,,,
2026-05-02 18:45:09,17.5,62,0.1,392,1673.3,OK,,,,,
2026-05-02 18:45:25,17.4,62,0.3,392,1640,OK,,,,,
2026-05-02 18:45:41,17.5,62,0.1,392,1610.8,OK,,,,,
2026-05-02 18:45:57,17.5,62,0,392,1581.7,OK,,,,,
2026-05-02 18:46:13,17.5,62,0,392,1556.7,OK,,,,,
2026-05-02 18:46:29,17.5,62,0,392,1535.9,OK,,,,,
2026-05-02 18:46:45,17.5,62,0,392,1515.1,OK,,,,,
2026-05-02 18:47:01,17.5,63,0.1,392,1498.5,OK,,,,,
2026-05-02 18:47:17,17.5,63,0,392,1481.8,OK,,,,,
2026-05-02 18:47:33,17.5,63,0,392,1469.3,OK,,,,,
2026-05-02 18:47:49,17.5,63,0,392,1456.8,OK,,,,,
2026-05-02 18:48:05,17.5,63,0,392,1444.3,OK,,,,,
2026-05-02 18:48:21,17.4,63,0,392,1427.7,OK,,,,,
2026-05-02 18:48:37,17.4,63,0.1,392,1411,OK,,,,,
2026-05-02 18:48:53,17.4,63,0.1,392,1394.4,OK,,,,,
2026-05-02 18:49:09,17.4,63,0,392,1373.6,OK,,,,,
2026-05-02 18:49:25,17.4,63,0,392,1352.8,OK,,,,,
2026-05-02 18:49:41,17.4,63,0,392,1332,OK,,,,,
2026-05-02 18:49:57,17.4,63,0,392,1307,OK,,,,,
2026-05-02 18:50:13,17.4,63,0,392,1282,OK,,,,,
2026-05-02 18:50:29,17.4,63,0,392,1257,OK,,,,,
2026-05-02 18:50:45,17.4,63,0,392,1227.9,OK,,,,,
2026-05-02 18:51:01,17.4,63,0,392,1198.8,OK,,,,,
2026-05-02 18:51:17,17.4,63,0,392,1169.6,OK,,,,,
2026-05-02 18:51:33,17.4,63,0,392,1140.5,OK,,,,,
2026-05-02 18:51:49,-40,0,0,0,0,OK,,,,,
2026-05-02 18:52:05,17.4,63,0,392,1078,OK,,,,,
2026-05-02 18:52:21,17.4,63,0,392,1048.9,OK,,,,,
2026-05-02 18:52:37,17.4,63,0,392,1023.9,OK,,,,,
2026-05-02 18:52:53,17.4,63,0.1,392,990.6,OK,,,,,
2026-05-02 18:53:09,17.4,63,0.3,392,965.7,OK,,,,,
2026-05-02 18:53:25,17.5,63,0.6,392,940.7,OK,,,,,
2026-05-02 18:53:41,17.5,63,0.8,392,915.7,OK,,,,,
2026-05-02 18:53:57,17.5,63,0.7,392,886.6,OK,,,,,
2026-05-02 18:54:13,17.6,63,0.6,392,861.6,OK,,,,,
2026-05-02 18:54:29,17.6,63,1.8,392,832.5,OK,,,,,
2026-05-02 18:54:45,17.6,63,2.4,392,803.3,OK,,,,,
2026-05-02 18:55:01,17.6,64,1,392,770,OK,,,,,
2026-05-02 18:55:17,17.6,64,2.1,392,740.9,OK,,,,,
2026-05-02 18:55:33,17.5,65,2.1,392,715.9,OK,,,,,
2026-05-02 18:55:49,17.4,66,1.4,392,690.9,OK,,,,,
2026-05-02 18:56:05,17.3,66,0.8,392,670.1,OK,,,,,
2026-05-02 18:56:21,17.3,67,1.1,392,649.3,OK,,,,,
2026-05-02 18:56:37,17.2,67,0.3,392,628.5,OK,,,,,
2026-05-02 18:56:53,17.2,67,0,392,607.7,OK,,,,,
2026-05-02 18:57:09,17.1,67,0.8,392,586.9,OK,,,,,
2026-05-02 18:57:25,17,67,1,392,566.1,OK,,,,,
2026-05-02 18:57:41,17,67,1,392,601.2,OK,,,,,
2026-05-02 18:57:57,16.9,67,1.4,392,578.1,OK,,,,,
2026-05-02 18:58:13,16.9,67,1.4,392,550.3,OK,,,,,
2026-05-02 18:58:29,16.8,79,0.4,392,522.6,OK,,,,,
2026-05-02 18:58:45,16.8,67,0.3,392,494.8,OK,,,,,
2026-05-02 18:59:01,16.8,67,1.3,392,471.7,OK,,,,,
2026-05-02 18:59:17,16.7,67,0.3,392,448.6,OK,,,,,
2026-05-02 18:59:33,16.7,67,0.1,392,420.8,OK,,,,,
2026-05-02 18:59:49,-40,0,0,0,0,OK,,,,,
2026-05-02 19:00:05,16.7,68,3.1,392,370,OK,,,,,
2026-05-02 19:00:21,16.6,69,2.5,392,346.8,OK,,,,,
2026-05-02 19:00:37,16.5,70,1.7,392,323.7,OK,,,,,
2026-05-02 19:00:53,16.4,70,0.7,392,300.6,OK,,,,,
2026-05-02 19:01:09,16.4,70,0.8,392,282.1,OK,,,,,
2026-05-02 19:01:25,16.3,71,0,392,259,OK,,,,,
2026-05-02 19:01:41,16.3,71,0.1,392,240.5,OK,,,,,
2026-05-02 19:01:57,16.3,71,0.8,392,217.3,OK,,,,,
2026-05-02 19:02:13,16.2,71,0.3,392,198.8,OK,,,,,
2026-05-02 19:02:29,16.2,70,1.1,392,180.3,OK,,,,,
2026-05-02 19:02:45,16.1,70,1.1,392,161.8,OK,,,,,
2026-05-02 19:03:01,16.1,70,0.6,392,138.7,OK,,,,,
2026-05-02 19:03:17,16.1,70,0.1,392,120.2,OK,,,,,
2026-05-02 19:03:33,16.1,70,0,392,101.7,OK,,,,,
2026-05-02 19:03:49,16.1,70,0,392,78.6,OK,,,,,
2026-05-02 19:04:05,16.2,70,0,392,55.5,OK,,,,,
2026-05-02 19:04:21,16.1,70,0,392,41.6,OK,,,,,
2026-05-02 19:04:37,16.2,69,0,392,18.5,OK,,,,,
2026-05-02 19:04:53,16.2,69,0,392,0,OK,,,,,
2026-05-02 19:05:09,16.2,70,0,392,0,OK,,,,,
2026-05-02 19:05:25,16.2,70,0,392,0,OK,,,,,
2026-05-02 19:05:41,16.2,70,0,392,0,OK,,,,,
2026-05-02 19:05:57,16.2,70,0,392,0,OK,,,,,
2026-05-02 19:06:13,16.2,70,0,392,0,OK,,,,,
2026-05-02 19:06:29,16.2,70,0,392,0,OK,,,,,
2026-05-02 19:06:45,16.3,70,0,392,0,OK,,,,,
2026-05-02 19:07:01,16.3,70,0,392,0,OK,,,,,
2026-05-02 19:07:17,16.3,70,0,392,0,OK,,,,,
2026-05-02 19:07:33,16.3,70,0,392,0,OK,,,,,
2026-05-02 19:07:49,16.3,70,0,392,0,OK,,,,,
2026-05-02 19:08:05,16.3,70,0,392,0,OK,,,,,
2026-05-02 19:08:21,16.3,70,0,392,0,OK,,,,,
2026-05-02 19:08:37,16.3,70,0,392,0,OK,,,,,
2026-05-02 19:08:53,16.2,70,0,392,0,OK,,,,,
2026-05-02 19:09:09,16.2,70,0,392,0,OK,,,,,
2026-05-02 19:09:25,16.2,70,0.3,392,0,OK,,,,,
2026-05-02 19:09:41,16.2,70,0,392,0,OK,,,,,
2026-05-02 19:09:57,16.2,70,0,392,0,OK,,,,,
2026-05-02 19:10:13,16.2,70,0,392,0,OK,,,,,
2026-05-02 19:10:29,16.2,70,0,392,0,OK,,,,,
2026-05-02 19:10:45,16.2,70,0,392,0,OK,,,,,
2026-05-02 19:11:01,16.2,70,0,392,0,OK,,,,,
2026-05-02 19:11:17,16.2,70,0,392,0,OK,,,,,
2026-05-02 19:11:33,16.2,70,0,392,0,OK,,,,,
2026-05-02 19:11:49,16.2,70,0,392,0,OK,,,,,
2026-05-02 19:12:05,16.2,70,0,392,0,OK,,,,,
2026-05-02 19:12:21,16.2,70,0,392,0,OK,,,,,
2026-05-02 19:12:37,16.2,70,0,392,0,OK,,,,,
2026-05-02 19:12:53,16.2,70,0,392,0,OK,,,,,
2026-05-02 19:13:09,16.1,70,0,392,0,OK,,,,,
2026-05-02 19:13:25,16.2,70,0,392,0,OK,,,,,
2026-05-02 19:13:41,16.2,70,0,392,0,OK,,,,,
2026-05-02 19:13:57,16.2,70,0.4,392,0,OK,,,,,
2026-05-02 19:14:13,16.2,70,0.7,392,0,OK,,,,,
2026-05-02 19:14:29,16.2,70,0,392,0,OK,,,,,
2026-05-02 19:14:45,16.2,70,0.1,392,0,OK,,,,,
2026-05-02 19:15:01,16.2,70,0,392,0,OK,,,,,
2026-05-02 19:15:17,16.2,70,0,392,0,OK,,,,,
2026-05-02 19:15:33,16.2,70,0,392,0,OK,,,,,
2026-05-02 19:15:49,16.2,70,0,392,0,OK,,,,,
2026-05-02 19:16:05,16.2,70,0,392,0,OK,,,,,
2026-05-02 19:16:21,16.2,70,0,392,0,OK,,,,,
2026-05-02 19:16:37,16.2,70,0,392,0,OK,,,,,
2026-05-02 19:16:53,16.2,70,0,392,0,OK,,,,,
2026-05-02 19:17:09,16.2,69,0,392,0,OK,,,,,
2026-05-02 19:17:25,16.3,69,0,392,0,OK,,,,,
2026-05-02 19:17:41,16.3,69,0,392,0,OK,,,,,
2026-05-02 19:17:57,16.3,69,0,392,0,OK,,,,,
2026-05-02 19:18:13,16.3,69,0,392,0,OK,,,,,
2026-05-02 19:18:29,16.3,69,0,392,0,OK,,,,,
2026-05-02 19:18:45,16.4,69,0,392,0,OK,,,,,
2026-05-02 19:19:01,16.4,69,0,392,0,OK,,,,,
2026-05-02 19:19:17,16.4,68,0,392,0,OK,,,,,
2026-05-02 19:19:33,16.4,68,0,392,0,OK,,,,,
2026-05-02 19:19:49,16.4,68,0,392,0,OK,,,,,
2026-05-02 19:20:05,16.4,68,0,392,0,OK,,,,,
2026-05-02 19:20:21,16.4,68,0,392,0,OK,,,,,
2026-05-02 19:20:37,16.4,68,0,392,0,OK,,,,,
2026-05-02 19:20:53,16.4,68,0,392,0,OK,,,,,
2026-05-02 19:21:09,16.4,69,0,392,0,OK,,,,,
2026-05-02 19:21:25,16.4,68,0,392,0,OK,,,,,
2026-05-02 19:21:41,16.4,68,0,392,0,OK,,,,,
2026-05-02 19:21:57,16.4,68,0,392,0,OK,,,,,
2026-05-02 19:22:13,16.4,68,0,392,0,OK,,,,,
2026-05-02 19:22:29,16.4,68,0,392,0,OK,,,,,
2026-05-02 19:22:45,16.4,68,0,392,0,OK,,,,,
2026-05-02 19:23:01,16.4,68,0,392,0,OK,,,,,
2026-05-02 19:23:17,16.4,68,0,392,0,OK,,,,,
2026-05-02 19:23:33,16.4,68,0,392,0,OK,,,,,
2026-05-02 19:23:49,16.4,68,0,392,0,OK,,,,,
2026-05-02 19:24:05,16.4,68,0,392,0,OK,,,,,
2026-05-02 19:24:21,16.5,68,0,392,0,OK,,,,,
2026-05-02 19:24:37,16.5,68,0.8,392,0,OK,,,,,
2026-05-02 19:24:53,16.4,68,0.4,392,0,OK,,,,,
2026-05-02 19:25:09,16.4,68,0.8,392,0,OK,,,,,
2026-05-02 19:25:25,16.4,68,0.1,392,0,OK,,,,,
2026-05-02 19:25:41,16.4,68,0.4,392,0,OK,,,,,
2026-05-02 19:25:57,16.4,68,0,392,0,OK,,,,,
2026-05-02 19:26:13,16.4,68,0,392,0,OK,,,,,
2026-05-02 19:26:29,16.4,68,0,392,0,OK,,,,,
2026-05-02 19:26:45,16.4,68,0,392,0,OK,,,,,
2026-05-02 19:27:01,16.4,68,0,392,0,OK,,,,,
2026-05-02 19:27:17,16.4,68,0,392,0,OK,,,,,
2026-05-02 19:27:33,16.4,68,0,392,0,OK,,,,,
2026-05-02 19:27:49,16.4,68,0,392,0,OK,,,,,
2026-05-02 19:28:05,16.3,68,0,392,0,OK,,,,,
2026-05-02 19:28:21,16.3,68,0,392,0,OK,,,,,
2026-05-02 19:28:37,16.3,68,0,392,0,OK,,,,,
2026-05-02 19:28:53,16.3,68,0,392,0,OK,,,,,
2026-05-02 19:29:09,16.3,68,0,392,0,OK,,,,,
2026-05-02 19:29:25,16.3,68,0,392,0,OK,,,,,
2026-05-02 19:29:41,16.3,68,0,392,0,OK,,,,,
2026-05-02 19:29:57,16.2,68,0,392,0,OK,,,,,
2026-05-02 19:30:13,16.2,68,0,392,0,OK,,,,,
2026-05-02 19:30:29,16.2,68,0,392,0,OK,,,,,
2026-05-02 19:30:45,16.2,68,0,392,0,OK,,,,,
2026-05-02 19:31:01,16.2,68,0,392,0,OK,,,,,
2026-05-02 19:31:17,16.2,68,0,392,0,OK,,,,,
2026-05-02 19:31:33,16.2,68,0,392,0,OK,,,,,
2026-05-02 19:31:49,16.2,68,0,392,0,OK,,,,,
2026-05-02 19:32:05,16.2,68,0,392,0,OK,,,,,
2026-05-02 19:32:21,16.2,68,0,392,0,OK,,,,,
2026-05-02 19:32:37,16.2,68,0,392,0,OK,,,,,
2026-05-02 19:32:53,16.2,68,0,392,0,OK,,,,,
2026-05-02 19:33:09,16.2,68,0,392,0,OK,,,,,
2026-05-02 19:33:25,16.2,68,0,392,0,OK,,,,,
2026-05-02 19:33:41,16.2,68,0,392,0,OK,,,,,
2026-05-02 19:33:57,16.2,68,0,392,0,OK,,,,,
2026-05-02 19:34:13,16.2,68,0,392,0,OK,,,,,
2026-05-02 19:34:29,16.2,68,0,392,0,OK,,,,,
2026-05-02 19:34:45,16.2,68,0,392,0,OK,,,,,
2026-05-02 19:35:01,16.2,68,0,392,0,OK,,,,,
2026-05-02 19:35:17,16.2,68,0,392,0,OK,,,,,
2026-05-02 19:35:33,16.1,68,0,392,0,OK,,,,,
2026-05-02 19:35:49,16.2,68,0,392,0,OK,,,,,
2026-05-02 19:36:05,16.1,68,0,392,0,OK,,,,,
2026-05-02 19:36:21,16.1,68,0,392,0,OK,,,,,
2026-05-02 19:36:37,16.1,68,0,392,0,OK,,,,,
2026-05-02 19:36:53,16.2,68,0,392,0,OK,,,,,
2026-05-02 19:37:09,16.2,68,0.1,392,0,OK,,,,,
2026-05-02 19:37:25,16.2,68,0,392,0,OK,,,,,
2026-05-02 19:37:41,16.2,68,0.7,392,0,OK,,,,,
2026-05-02 19:37:57,16.2,68,0,392,0,OK,,,,,
2026-05-02 19:38:13,16.2,68,0,392,0,OK,,,,,
2026-05-02 19:38:29,16.2,68,0.1,392,0,OK,,,,,
2026-05-02 19:38:45,16.2,68,0.1,392,0,OK,,,,,
2026-05-02 19:39:01,16.2,68,0,392,0,OK,,,,,
2026-05-02 19:39:17,16.2,68,0,392,0,OK,,,,,
2026-05-02 19:39:33,16.2,68,0.3,392,0,OK,,,,,
2026-05-02 19:39:49,16.2,68,0,392,0,OK,,,,,
2026-05-02 19:40:05,16.2,68,0,392,0,OK,,,,,
2026-05-02 19:40:21,16.2,68,0,392,0,OK,,,,,
2026-05-02 19:40:37,16.2,68,0,392,0,OK,,,,,
2026-05-02 19:40:53,16.2,68,0,392,0,OK,,,,,
2026-05-02 19:41:09,16.2,68,0,392,0,OK,,,,,
2026-05-02 19:41:25,16.2,68,0,392,0,OK,,,,,
2026-05-02 19:41:41,16.2,68,0,392,0,OK,,,,,
2026-05-02 19:41:57,-40,0,0,0,0,OK,,,,,
2026-05-02 19:42:13,16.1,68,0,392,0,OK,,,,,
2026-05-02 19:42:29,16.2,68,0,392,0,OK,,,,,
2026-05-02 19:42:45,16.1,68,0,392,0,OK,,,,,
2026-05-02 19:43:01,16.1,68,0,392,0,OK,,,,,
2026-05-02 19:43:17,16.1,68,0,392,0,OK,,,,,
2026-05-02 19:43:33,16.1,68,0,392,0,OK,,,,,
2026-05-02 19:43:49,16.1,68,0,392,0,OK,,,,,
2026-05-02 19:44:05,16.1,68,0,392,0,OK,,,,,
2026-05-02 19:44:21,16.1,68,0,392,0,OK,,,,,
2026-05-02 19:44:37,16.1,68,0,392,0,OK,,,,,
2026-05-02 19:44:53,16.1,68,0,392,0,OK,,,,,
2026-05-02 19:45:09,16.1,68,0,392,0,OK,,,,,
2026-05-02 19:45:25,16.1,68,0,392,0,OK,,,,,
2026-05-02 19:45:41,16.1,68,0,392,0,OK,,,,,
2026-05-02 19:45:57,16.1,68,0,392,0,OK,,,,,
2026-05-02 19:46:13,16.1,68,0,392,0,OK,,,,,
2026-05-02 19:46:29,16.1,68,0,392,0,OK,,,,,
2026-05-02 19:46:45,16.1,68,0,392,0,OK,,,,,
2026-05-02 19:47:01,16.1,68,0,392,0,OK,,,,,
2026-05-02 19:47:17,16.1,67,0.1,392,0,OK,,,,,
2026-05-02 19:47:33,16.1,67,0,392,0,OK,,,,,
2026-05-02 19:47:49,16.1,67,0,392,0,OK,,,,,
2026-05-02 19:48:05,16.1,67,0,392,0,OK,,,,,
2026-05-02 19:48:21,16.1,67,0,392,0,OK,,,,,
2026-05-02 19:48:37,16.1,67,0,392,0,OK,,,,,
2026-05-02 19:48:53,16.1,67,0,392,0,OK,,,,,
2026-05-02 19:49:09,16.1,67,0,392,0,OK,,,,,
2026-05-02 19:49:25,16.1,67,0,392,0,OK,,,,,
2026-05-02 19:49:41,16,67,0,392,0,OK,,,,,
2026-05-02 19:49:57,16.1,67,0.1,392,0,OK,,,,,
2026-05-02 19:50:13,16.1,67,0.1,392,0,OK,,,,,
2026-05-02 19:50:29,16.1,67,0,392,0,OK,,,,,
2026-05-02 19:50:45,16.1,67,0,392,0,OK,,,,,
2026-05-02 19:51:01,16.1,67,0,392,0,OK,,,,,
2026-05-02 19:51:17,16,67,0,392,0,OK,,,,,
2026-05-02 19:51:33,16,67,0,392,0,OK,,,,,
2026-05-02 19:51:49,16.1,67,0,392,0,OK,,,,,
2026-05-02 19:52:05,16,67,0.1,392,0,OK,,,,,
2026-05-02 19:52:21,16,67,0.3,392,0,OK,,,,,
2026-05-02 19:52:37,16.1,67,0,392,0,OK,,,,,
2026-05-02 19:52:53,16.1,67,0,392,0,OK,,,,,
2026-05-02 19:53:09,16.1,67,0,392,0,OK,,,,,
2026-05-02 19:53:25,16,67,0,392,0,OK,,,,,
2026-05-02 19:53:41,16,67,0.4,392,0,OK,,,,,
2026-05-02 19:53:57,16,66,0.1,392,0,OK,,,,,
2026-05-02 19:54:13,16,67,0,392,0,OK,,,,,
2026-05-02 19:54:29,16.1,66,0,392,0,OK,,,,,
2026-05-02 19:54:45,16.1,66,0,392,0,OK,,,,,
2026-05-02 19:55:01,16,66,0,392,0,OK,,,,,
2026-05-02 19:55:17,16,66,0,392,0,OK,,,,,
2026-05-02 19:55:33,16.1,66,0.1,392,0,OK,,,,,
2026-05-02 19:55:49,16,67,0.1,392,0,OK,,,,,
2026-05-02 19:56:05,16.1,67,0,392,0,OK,,,,,
2026-05-02 19:56:21,16.1,67,0.1,392,0,OK,,,,,
2026-05-02 19:56:37,16.1,67,0,392,0,OK,,,,,
2026-05-02 19:56:53,16.1,67,0,392,0,OK,,,,,
2026-05-02 19:57:09,16.1,67,0,392,0,OK,,,,,
2026-05-02 19:57:25,16,67,0,392,0,OK,,,,,
2026-05-02 19:57:41,16,67,0,392,0,OK,,,,,
2026-05-02 19:57:57,16,67,0,392,0,OK,,,,,
2026-05-02 19:58:13,16,67,0,392,0,OK,,,,,
2026-05-02 19:58:29,16,67,0,392,0,OK,,,,,
2026-05-02 19:58:45,16,67,0,392,0,OK,,,,,
2026-05-02 19:59:01,16,67,0,392,0,OK,,,,,
2026-05-02 19:59:17,16,67,0,392,0,OK,,,,,
2026-05-02 19:59:33,16,66,0,392,0,OK,,,,,
2026-05-02 19:59:49,16.1,66,0,392,0,OK,,,,,
2026-05-02 20:00:05,16.1,66,0,392,0,OK,,,,,
2026-05-02 20:00:21,16.1,65,0,392,0,OK,,,,,
2026-05-02 20:00:37,16.1,65,0,392,0,OK,,,,,
2026-05-02 20:00:53,16.1,65,0,392,0,OK,,,,,
2026-05-02 20:01:09,-40,0,0,0,0,OK,,,,,
2026-05-02 20:01:25,16.1,65,0,392,0,OK,,,,,
2026-05-02 20:01:41,16.1,65,0,392,0,OK,,,,,
2026-05-02 20:01:57,16.1,65,0,392,0,OK,,,,,
2026-05-02 20:02:13,16.1,65,0,392,0,OK,,,,,
2026-05-02 20:02:29,35.4,208,0,392,0,OK,,,,,
2026-05-02 20:02:45,16.1,65,0.1,392,0,OK,,,,,
2026-05-02 20:03:01,16.1,65,0.1,392,0,OK,,,,,
2026-05-02 20:03:17,16.1,65,0,392,0,OK,,,,,
2026-05-02 20:03:33,16.1,65,0,392,0,OK,,,,,
2026-05-02 20:03:49,16.1,65,0.4,392,0,OK,,,,,
2026-05-02 20:04:05,16.1,65,0.3,392,0,OK,,,,,
2026-05-02 20:04:21,16.1,66,0,392,0,OK,,,,,
2026-05-02 20:04:37,-40,0,0,0,0,OK,,,,,
2026-05-02 20:04:53,16.1,65,0,392,0,OK,,,,,
2026-05-02 20:05:09,16.2,65,0,392,0,OK,,,,,
2026-05-02 20:05:25,16.1,65,0,392,0,OK,,,,,
2026-05-02 20:05:41,-40,0,0,0,0,OK,,,,,
2026-05-02 20:05:57,16.1,65,0,392,0,OK,,,,,
2026-05-02 20:06:13,16.1,66,0,392,0,OK,,,,,
2026-05-02 20:06:29,16.1,66,0,392,0,OK,,,,,
2026-05-02 20:06:45,16.1,66,0,392,0,OK,,,,,
2026-05-02 20:07:01,16.1,66,0,392,0,OK,,,,,
2026-05-02 20:07:17,16.1,66,0,392,0,OK,,,,,
2026-05-02 20:07:33,16.1,66,0,392,0,OK,,,,,
2026-05-02 20:07:49,16.1,66,0,392,0,OK,,,,,
2026-05-02 20:08:05,16.1,66,0,392,0,OK,,,,,
2026-05-02 20:08:21,16.1,66,0,392,0,OK,,,,,
2026-05-02 20:08:37,16.1,66,0,392,0,OK,,,,,
2026-05-02 20:08:53,16.1,66,0,392,0,OK,,,,,
2026-05-02 20:09:09,16.1,66,0,392,0,OK,,,,,
2026-05-02 20:09:25,16.1,66,0,392,0,OK,,,,,
2026-05-02 20:09:41,16.1,66,0,392,0,OK,,,,,
2026-05-02 20:09:57,16.1,66,0,1928,0,OK,,,,,
2026-05-02 20:10:13,16.1,66,0,392,0,OK,,,,,
2026-05-02 20:10:29,16.1,66,0,392,0,OK,,,,,
2026-05-02 20:10:45,16.1,66,0,392,0,OK,,,,,
2026-05-02 20:11:01,16.1,66,0,392,0,OK,,,,,
2026-05-02 20:11:17,16.1,66,0,392,0,OK,,,,,
2026-05-02 20:11:33,-40,0,0,0,0,OK,,,,,
2026-05-02 20:11:49,-40,0,0,0,0,OK,,,,,
2026-05-02 20:12:21,16,66,0,392,0,OK,,,,,
2026-05-02 20:13:25,16,66,0,392,0,OK,,,,,
2026-05-02 20:13:41,16,66,0,392,0,OK,,,,,
2026-05-02 20:13:57,16,66,0,392,0,OK,,,,,
2026-05-02 20:14:13,16,66,0,392,12.8,OK,,,,,
2026-05-02 20:14:29,16,66,0,392,0,OK,,,,,
2026-05-02 20:14:45,16,66,0,392,0,OK,,,,,
2026-05-02 20:15:01,-40,0,0,0,0,OK,,,,,
2026-05-02 20:15:17,16.1,65,0,392,0,OK,,,,,
2026-05-02 20:15:33,16,65,0,392,0,OK,,,,,
2026-05-02 20:15:49,16,65,0,392,0,OK,,,,,
2026-05-02 20:16:05,16,65,0,392,0,OK,,,,,
2026-05-02 20:16:21,16,65,0,392,0,OK,,,,,
2026-05-02 20:17:25,16,65,0,392,0,OK,,,,,
2026-05-02 20:17:41,16,65,0,392,0,OK,,,,,
2026-05-02 20:17:57,21.4,208,0,392,0,OK,,,,,
2026-05-02 20:18:29,16,65,0,392,0,OK,,,,,
2026-05-02 20:18:45,16,65,0,392,0,OK,,,,,
2026-05-02 20:19:49,16,65,0,392,0,OK,,,,,
2026-05-02 20:20:05,-9.6,65,35.8,392,0,OK,,,,,
2026-05-02 20:21:57,16,65,0,392,0,OK,,,,,
2026-05-02 20:22:13,16.1,64,0.4,392,0,OK,,,,,
2026-05-02 20:22:45,16.1,63,0.3,392,0,OK,,,,,
2026-05-02 20:23:01,16.1,63,0,392,0,OK,,,,,
2026-05-02 20:24:21,16.1,64,0,392,0,OK,,,,,
2026-05-02 20:24:37,16.1,64,0,392,0,OK,,,,,
2026-05-02 20:24:53,16.1,64,0,392,0,OK,,,,,
2026-05-02 20:25:09,16.1,64,0,392,0,OK,,,,,
2026-05-02 20:25:25,-40,0,0,0,0,OK,,,,,
2026-05-02 20:25:41,-40,0,0,0,0,OK,,,,,
2026-05-02 20:25:57,16.1,63,0,392,0,OK,,,,,
2026-05-02 20:26:13,-9.5,63,107.5,392,0,OK,,,,,
2026-05-02 20:26:29,-40,0,0,0,0,OK,,,,,
2026-05-02 20:26:45,16.1,63,0,392,0,OK,,,,,
2026-05-02 20:27:01,16.1,63,0,392,0,OK,,,,,
2026-05-02 20:27:17,-40,0,0,0,0,OK,,,,,
2026-05-02 20:27:33,16.1,63,0,392,0,OK,,,,,
2026-05-02 20:27:49,16.1,63,0,392,0,OK,,,,,
2026-05-02 20:28:05,-40,0,0,0,0,OK,,,,,
2026-05-02 20:28:21,16,63,1.7,392,0,OK,,,,,
2026-05-02 20:28:37,16,64,1.3,392,0,OK,,,,,
2026-05-02 20:28:53,15.9,64,0,392,0,OK,,,,,
2026-05-02 20:29:09,15.9,64,0,392,0,OK,,,,,
2026-05-02 20:29:25,15.9,64,0,392,0,OK,,,,,
2026-05-02 20:29:41,-40,0,0,0,0,OK,,,,,
2026-05-02 20:29:57,16,64,0,392,0,OK,,,,,
2026-05-02 20:30:13,15.9,64,0,392,0,OK,,,,,
2026-05-02 20:30:29,15.9,64,0,392,0,OK,,,,,
2026-05-02 20:30:45,16,64,0,392,0,OK,,,,,
2026-05-02 20:31:01,16,64,0,392,0,OK,,,,,
2026-05-02 20:31:17,-40,0,0,0,0,OK,,,,,
2026-05-02 20:31:33,15.9,64,0,392,0,OK,,,,,
2026-05-02 20:31:49,15.9,64,0,392,0,OK,,,,,
2026-05-02 20:32:05,15.9,64,0,392,0,OK,,,,,
2026-05-02 20:32:21,15.9,64,0,392,0,OK,,,,,
2026-05-02 20:32:53,-40,0,0,0,0,OK,,,,,
2026-05-02 20:33:09,15.9,64,0,392,0,OK,,,,,
2026-05-02 20:33:25,15.9,64,0,392,0,OK,,,,,
2026-05-02 20:33:41,15.9,64,0,392,0,OK,,,,,
2026-05-02 20:33:57,15.9,64,0,392,0,OK,,,,,
2026-05-02 20:34:13,35.1,160,0,392,0,OK,,,,,
2026-05-02 20:34:29,15.9,64,0,392,0,OK,,,,,
2026-05-02 20:34:45,15.9,64,0,392,0,OK,,,,,
2026-05-02 20:35:01,-40,0,0,0,0,OK,,,,,
2026-05-02 20:35:17,15.9,64,0,392,0,OK,,,,,
2026-05-02 20:35:33,15.9,64,0,392,0,OK,,,,,
2026-05-02 20:35:49,15.9,64,0,392,0,OK,,,,,
2026-05-02 20:36:53,15.8,65,0,392,0,OK,,,,,
2026-05-02 20:37:09,15.8,65,0,392,0,OK,,,,,
2026-05-02 20:37:41,15.8,64,0,392,0,OK,,,,,
2026-05-02 20:37:57,-40,0,0,0,0,OK,,,,,
2026-05-02 20:39:01,15.9,63,0,392,0,OK,,,,,
2026-05-02 20:39:17,15.8,63,0,392,0,OK,,,,,
2026-05-02 20:39:33,-40,0,0,0,0,OK,,,,,
2026-05-02 20:39:49,15.8,63,0,392,0,OK,,,,,
2026-05-02 20:40:05,15.8,63,0.1,392,0,OK,,,,,
2026-05-02 20:40:21,-40,0,0,0,0,OK,,,,,
2026-05-02 20:41:25,15.8,63,0,392,0,OK,,,,,
2026-05-02 20:41:57,-40,0,0,0,0,OK,,,,,
2026-05-02 20:42:13,15.8,63,0,392,0,OK,,,,,
2026-05-02 20:42:29,15.8,63,0,392,0,OK,,,,,
2026-05-02 20:42:45,15.8,63,0,392,0,OK,,,,,
2026-05-02 20:43:01,15.8,64,0,392,0,OK,,,,,
2026-05-02 20:43:17,15.8,64,0,392,0,OK,,,,,
2026-05-02 20:43:33,15.8,64,0,392,0,OK,,,,,
2026-05-02 20:43:49,15.8,64,0,392,0,OK,,,,,
2026-05-02 20:44:05,15.8,64,0,392,0,OK,,,,,
2026-05-02 20:44:21,15.7,64,0,392,0,OK,,,,,
2026-05-02 20:44:37,15.7,64,0,392,0,OK,,,,,
2026-05-02 20:45:41,15.7,64,0,392,0,OK,,,,,
2026-05-02 20:45:57,-40,0,0,0,0,OK,,,,,
2026-05-02 20:46:13,15.7,64,0,392,0,OK,,,,,
2026-05-02 20:46:29,15.7,64,0,392,0,OK,,,,,
2026-05-02 20:46:45,15.7,64,0,392,0,OK,,,,,
2026-05-02 20:47:01,15.7,65,0,392,0,OK,,,,,
2026-05-02 20:47:33,15.7,64,0,392,0,OK,,,,,
2026-05-02 20:47:49,-40,0,0,0,0,OK,,,,,
2026-05-02 20:48:05,15.7,64,0,392,0,OK,,,,,
2026-05-02 20:48:21,15.7,64,0,392,0,OK,,,,,
2026-05-02 20:48:37,15.7,64,0,392,0,OK,,,,,
2026-05-02 20:49:41,15.7,64,0,392,0,OK,,,,,
2026-05-02 20:49:57,-40,0,0,0,0,OK,,,,,
2026-05-02 20:50:13,15.8,64,0,392,0,OK,,,,,
2026-05-02 20:50:29,118.2,64,0,392,0,OK,,,,,
2026-05-02 20:50:45,15.8,64,0,392,0,OK,,,,,
2026-05-02 20:51:01,15.8,64,0,392,0,OK,,,,,
2026-05-02 20:51:17,15.8,64,0,392,0,OK,,,,,
2026-05-02 20:51:33,15.8,64,0,392,0,OK,,,,,
2026-05-02 20:51:49,-40,0,0,0,0,OK,,,,,
2026-05-02 20:52:05,15.8,64,0,392,0,OK,,,,,
2026-05-02 20:52:21,-40,0,0,0,0,OK,,,,,
2026-05-02 20:52:37,15.8,64,0,392,0,OK,,,,,
2026-05-02 20:52:53,-40,0,0,0,0,OK,,,,,
2026-05-02 20:53:09,15.8,63,0,392,0,OK,,,,,
2026-05-02 20:53:57,15.8,63,0,392,0,OK,,,,,
2026-05-02 20:54:13,15.8,63,0,392,0,OK,,,,,
2026-05-02 20:54:29,15.9,63,0,392,0,OK,,,,,
2026-05-02 20:54:45,-40,0,0,0,0,OK,,,,,
2026-05-02 20:55:01,15.9,63,0,3976,0,OK,,,,,
2026-05-02 20:55:17,15.8,63,0,392,0,OK,,,,,
2026-05-02 20:55:33,15.9,63,0,392,0,OK,,,,,
2026-05-02 20:55:49,15.9,63,0,392,0,OK,,,,,
2026-05-02 20:56:05,15.9,63,0,392,0,OK,,,,,
2026-05-02 20:56:21,15.9,63,0,392,0,OK,,,,,
2026-05-02 20:56:37,15.9,63,0,392,0,OK,,,,,
2026-05-02 20:56:53,15.9,62,0,392,0,OK,,,,,
2026-05-02 20:57:09,15.9,62,0,392,0,OK,,,,,
2026-05-02 20:57:25,15.9,62,0,392,0,OK,,,,,
2026-05-02 20:57:41,15.9,63,0,392,0,OK,,,,,
2026-05-02 20:57:57,-40,0,0,0,0,OK,,,,,
2026-05-02 20:58:13,15.9,63,0,392,0,OK,,,,,
2026-05-02 20:58:29,-40,0,0,0,0,OK,,,,,
2026-05-02 20:58:45,-40,0,0,0,0,OK,,,,,
2026-05-02 20:59:01,15.9,62,0,392,0,OK,,,,,
2026-05-02 20:59:17,15.9,62,0,392,0,OK,,,,,
2026-05-02 20:59:33,15.9,62,0,392,0,OK,,,,,
2026-05-02 20:59:49,15.9,63,0,392,0,OK,,,,,
2026-05-02 21:00:05,15.9,63,0,392,0,OK,,,,,
2026-05-02 21:00:21,15.9,63,0,392,0,OK,,,,,
2026-05-02 21:00:37,15.9,63,0,392,0,OK,,,,,
2026-05-02 21:00:53,15.8,63,0,1928,0,OK,,,,,
2026-05-02 21:01:09,15.8,63,0,392,0,OK,,,,,
2026-05-02 21:01:25,15.8,63,0,392,0,OK,,,,,
2026-05-02 21:01:41,15.8,63,0,392,0,OK,,,,,
2026-05-02 21:01:57,15.8,63,0,392,0,OK,,,,,
2026-05-02 21:02:13,15.8,63,0,392,0,OK,,,,,
2026-05-02 21:02:29,15.9,63,0,392,0,OK,,,,,
2026-05-02 21:02:45,15.9,63,0,392,0,OK,,,,,
2026-05-02 21:03:01,15.9,62,0,392,0,OK,,,,,
2026-05-02 21:03:17,15.9,62,0,392,0,OK,,,,,
2026-05-02 21:03:33,15.9,62,0,392,0,OK,,,,,
2026-05-02 21:03:49,15.9,62,0,392,0,OK,,,,,
2026-05-02 21:04:05,-40,0,0,0,0,OK,,,,,
2026-05-02 21:04:21,15.9,62,0,392,0,OK,,,,,
2026-05-02 21:04:37,-40,0,0,0,0,OK,,,,,
2026-05-02 21:04:53,15.9,62,0,392,0,OK,,,,,
2026-05-02 21:05:09,16,62,0,392,0,OK,,,,,
2026-05-02 21:05:25,-40,0,0,0,0,OK,,,,,
2026-05-02 21:05:41,-40,0,0,0,0,OK,,,,,
2026-05-02 21:05:57,16,62,0,392,0,OK,,,,,
2026-05-02 21:06:13,16,62,0,392,0,OK,,,,,
2026-05-02 21:06:29,16,62,0,392,0,OK,,,,,
2026-05-02 21:06:45,16,62,0,392,0,OK,,,,,
2026-05-02 21:07:01,16,62,0,392,0,OK,,,,,
2026-05-02 21:07:17,15.9,62,0,392,0,OK,,,,,
2026-05-02 21:07:33,15.9,62,0,392,0,OK,,,,,
2026-05-02 21:07:49,15.9,62,0,392,0,OK,,,,,
2026-05-02 21:08:05,15.9,62,0,392,0,OK,,,,,
2026-05-02 21:08:21,15.9,62,0,392,0,OK,,,,,
2026-05-02 21:08:37,15.9,62,0,452,0,OK,,,,,
2026-05-02 21:08:53,15.9,62,0,392,0,OK,,,,,
2026-05-02 21:09:09,-40,0,0,0,0,OK,,,,,
2026-05-02 21:09:25,15.9,63,0,392,0,OK,,,,,
2026-05-02 21:09:41,15.8,63,0,392,0,OK,,,,,
2026-05-02 21:09:57,15.8,63,0,392,0,OK,,,,,
2026-05-02 21:10:13,15.8,63,0,392,0,OK,,,,,
2026-05-02 21:10:29,15.8,63,0,392,0,OK,,,,,
2026-05-02 21:10:45,15.8,63,0,392,0,OK,,,,,
2026-05-02 21:11:01,-40,0,0,0,0,OK,,,,,
2026-05-02 21:11:17,15.8,63,0,392,0,OK,,,,,
2026-05-02 21:11:33,15.8,63,0,392,0,OK,,,,,
2026-05-02 21:11:49,15.8,63,0,392,0,OK,,,,,
2026-05-02 21:12:05,15.8,63,0,392,0,OK,,,,,
2026-05-02 21:12:21,15.8,62,0,392,0,OK,,,,,
2026-05-02 21:12:37,15.8,62,0,392,0,OK,,,,,
2026-05-02 21:12:53,15.8,62,0,392,0,OK,,,,,
2026-05-02 21:13:09,15.8,62,0,392,0,OK,,,,,
2026-05-02 21:13:25,-40,0,0,0,0,OK,,,,,
2026-05-02 21:13:41,15.8,62,0,392,0,OK,,,,,
2026-05-02 21:13:57,15.9,62,0,392,0,OK,,,,,
2026-05-02 21:14:13,15.9,62,0,392,0,OK,,,,,
2026-05-02 21:14:29,15.9,62,0,392,0,OK,,,,,
2026-05-02 21:14:45,-40,0,0,0,0,OK,,,,,
2026-05-02 21:15:01,-40,0,0,0,0,OK,,,,,
2026-05-02 21:15:17,15.9,62,0,392,0,OK,,,,,
2026-05-02 21:15:33,-40,0,0,0,0,OK,,,,,
2026-05-02 21:15:49,16,62,0,392,0,OK,,,,,
2026-05-02 21:16:05,15.9,62,0,392,0,OK,,,,,
2026-05-02 21:16:21,15.9,62,0,392,0,OK,,,,,
2026-05-02 21:16:37,15.9,62,0,392,0,OK,,,,,
2026-05-02 21:16:53,15.9,62,0,392,0,OK,,,,,
2026-05-02 21:17:09,-40,0,0,0,0,OK,,,,,
2026-05-02 21:17:25,-40,0,0,0,0,OK,,,,,
2026-05-02 21:17:41,15.9,62,0,392,0,OK,,,,,
2026-05-02 21:17:57,15.9,62,0,392,0,OK,,,,,
2026-05-02 21:18:13,15.8,62,0,392,0,OK,,,,,
2026-05-02 21:18:29,15.9,62,0,392,0,OK,,,,,
2026-05-02 21:19:01,15.9,62,0,392,0,OK,,,,,
2026-05-02 21:19:17,15.9,62,0,392,0,OK,,,,,
2026-05-02 21:19:33,15.8,62,0,392,0,OK,,,,,
2026-05-02 21:19:49,15.9,62,0,392,0,OK,,,,,
2026-05-02 21:20:05,15.9,62,0,392,4915.2,OK,,,,,
2026-05-02 21:20:21,15.9,62,0,392,0,OK,,,,,
2026-05-02 21:20:37,-40,0,0,0,0,OK,,,,,
2026-05-02 21:20:53,15.9,62,0,392,0,OK,,,,,
2026-05-02 21:21:09,15.9,62,0,392,0,OK,,,,,
2026-05-02 21:21:25,-40,0,0,0,0,OK,,,,,
2026-05-02 21:21:41,-40,0,0,0,0,OK,,,,,
2026-05-02 21:21:57,15.9,62,0,392,0,OK,,,,,
2026-05-02 21:22:13,-40,0,0,0,0,OK,,,,,
2026-05-02 21:22:29,15.9,62,0,392,838860.8,OK,,,,,
2026-05-02 21:22:45,-40,0,0,0,0,OK,,,,,
2026-05-02 21:23:01,15.9,62,0,392,0,OK,,,,,
2026-05-02 21:23:17,-40,0,0,0,0,OK,,,,,
2026-05-02 21:23:33,-40,0,0,0,0,OK,,,,,
2026-05-02 21:23:49,15.9,62,0,392,0,OK,,,,,
2026-05-02 21:24:05,15.9,62,0,392,0,OK,,,,,
2026-05-02 21:24:21,15.9,63,0,392,0,OK,,,,,
2026-05-02 21:24:37,-40,0,0,0,0,OK,,,,,
2026-05-02 21:24:53,-40,0,0,0,0,OK,,,,,
2026-05-02 21:25:09,15.8,63,0,392,0,OK,,,,,
2026-05-02 21:25:25,15.8,63,0,482,0,OK,,,,,
2026-05-02 21:25:41,15.8,63,0,392,12.8,OK,,,,,
2026-05-02 21:25:57,15.8,63,0,392,0,OK,,,,,
2026-05-02 21:26:13,15.8,63,0,392,0,OK,,,,,
2026-05-02 21:26:29,15.8,63,0,392,0,OK,,,,,
2026-05-02 21:26:45,-40,0,0,0,0,OK,,,,,
2026-05-02 21:27:01,15.8,63,0,392,0,OK,,,,,
2026-05-02 21:27:17,15.8,63,0,452,0,OK,,,,,
2026-05-02 21:27:33,15.8,63,0,392,0,OK,,,,,
2026-05-02 21:27:49,15.9,63,0,392,0,OK,,,,,
2026-05-02 21:28:05,15.9,63,0,392,0,OK,,,,,
2026-05-02 21:28:21,-40,0,0,0,0,OK,,,,,
2026-05-02 21:28:37,-40,0,0,0,0,OK,,,,,
2026-05-02 21:28:53,15.9,63,0,392,0,OK,,,,,
2026-05-02 21:29:09,15.9,63,0,392,0,OK,,,,,
2026-05-02 21:29:25,15.9,63,0,392,0,OK,,,,,
2026-05-02 21:29:41,-40,0,0,0,0,OK,,,,,
2026-05-02 21:29:57,-40,0,0,0,0,OK,,,,,
2026-05-02 21:30:13,-40,0,0,0,0,OK,,,,,
2026-05-02 21:30:29,-40,0,0,0,0,OK,,,,,
2026-05-02 21:30:45,-40,0,0,0,0,OK,,,,,
2026-05-02 21:31:01,-40,0,0,0,0,OK,,,,,
2026-05-02 21:31:17,15.9,65,0,392,0,OK,,,,,
2026-05-02 21:31:33,15.8,65,0,392,0,OK,,,,,
2026-05-02 21:31:49,-40,0,0,0,0,OK,,,,,
2026-05-02 21:32:05,15.8,65,0,392,0,OK,,,,,
2026-05-02 21:32:21,15.8,65,0,440,0,OK,,,,,
2026-05-02 21:32:37,-40,0,0,0,0,OK,,,,,
2026-05-02 21:32:53,15.8,66,0,452,0,OK,,,,,
2026-05-02 21:33:09,-40,0,0,0,0,OK,,,,,
2026-05-02 21:33:25,-40,0,0,0,0,OK,,,,,
2026-05-02 21:33:41,-40,0,0,0,0,OK,,,,,
2026-05-02 21:33:57,-40,0,0,0,0,OK,,,,,
2026-05-02 21:34:13,15.8,66,0,392,0,OK,,,,,
2026-05-02 21:34:29,15.8,66,0,8072,0,OK,,,,,
2026-05-02 21:34:45,-40,0,0,0,0,OK,,,,,
2026-05-02 21:35:01,15.8,66,0,408,3276.8,OK,,,,,
2026-05-02 21:35:17,15.8,66,0,392,0,OK,,,,,
2026-05-02 21:35:33,15.8,66,0,392,0,OK,,,,,
2026-05-02 21:35:49,15.8,66,0,392,0,OK,,,,,
2026-05-02 21:36:05,-40,0,0,0,0,OK,,,,,
2026-05-02 21:36:21,15.8,66,0,392,0,OK,,,,,
2026-05-02 21:36:37,15.7,66,0,392,0,OK,,,,,
2026-05-02 21:36:53,-40,0,0,0,0,OK,,,,,
2026-05-02 21:37:09,15.7,66,0,392,0,OK,,,,,
2026-05-02 21:37:25,-40,0,0,0,0,OK,,,,,
2026-05-02 21:37:41,-40,0,0,0,0,OK,,,,,
2026-05-02 21:37:57,15.7,65,0,408,4915.2,OK,,,,,
2026-05-02 21:38:13,15.7,65,0,482,0,OK,,,,,
2026-05-02 21:38:29,-40,0,0,0,0,OK,,,,,
2026-05-02 21:38:45,15.7,66,0,408,12.8,OK,,,,,
2026-05-02 21:39:01,15.7,65,0,392,0,OK,,,,,
2026-05-02 21:39:17,15.7,208,0,392,0,OK,,,,,
2026-05-02 21:39:33,-40,0,0,0,0,OK,,,,,
2026-05-02 21:39:49,-40,0,0,0,0,OK,,,,,
2026-05-02 21:40:05,-40,0,0,0,0,OK,,,,,
2026-05-02 21:40:21,-40,0,0,0,0,OK,,,,,
2026-05-02 21:40:37,-40,0,0,0,0,OK,,,,,
2026-05-02 21:40:53,-40,0,0,0,0,OK,,,,,
2026-05-02 21:41:09,15.7,64,0,392,838860.8,OK,,,,,
2026-05-02 21:41:25,15.7,192,17.9,392,0,OK,,,,,
2026-05-02 21:41:41,-40,0,0,0,0,OK,,,,,
2026-05-02 21:41:57,-40,0,0,0,0,OK,,,,,
2026-05-02 21:42:13,-40,0,0,0,0,OK,,,,,
2026-05-02 21:42:29,34.9,64,0,392,0,OK,,,,,
2026-05-02 21:42:45,15.6,64,0,392,0,OK,,,,,
2026-05-02 21:43:01,15.6,64,0,392,0,OK,,,,,
2026-05-02 21:43:17,-40,0,0,0,0,OK,,,,,
2026-05-02 21:43:33,-40,0,0,0,0,OK,,,,,
2026-05-02 21:43:49,-40,0,0,0,0,OK,,,,,
2026-05-02 21:44:05,-40,0,0,0,0,OK,,,,,
2026-05-02 21:44:21,-40,0,0,0,0,OK,,,,,
2026-05-02 21:44:37,15.6,64,0,392,0,OK,,,,,
2026-05-02 21:44:53,-40,0,0,0,0,OK,,,,,
2026-05-02 21:45:09,15.6,64,0,392,0,OK,,,,,
2026-05-02 21:45:25,-40,0,0,0,0,OK,,,,,
2026-05-02 21:45:41,15.6,63,0,392,0,OK,,,,,
2026-05-02 21:45:57,15.6,63,0,392,0,OK,,,,,
2026-05-02 21:46:13,-40,0,0,0,0,OK,,,,,
2026-05-02 21:46:29,-40,0,0,0,0,OK,,,,,
2026-05-02 21:46:45,15.6,63,0,408,0,OK,,,,,
2026-05-02 21:47:01,-40,0,0,0,0,OK,,,,,
2026-05-02 21:47:17,15.6,63,0,392,0,OK,,,,,
2026-05-02 21:47:33,-40,0,0,0,0,OK,,,,,
2026-05-02 21:47:49,15.6,63,0,392,838860.8,OK,,,,,
2026-05-02 21:48:05,15.6,63,0,65506,0,OK,,,,,
2026-05-02 21:48:37,-40,0,0,0,0,OK,,,,,
2026-05-02 21:48:53,-40,0,0,0,0,OK,,,,,
2026-05-02 21:49:09,-40,0,0,0,0,OK,,,,,
2026-05-02 21:49:25,-40,0,0,0,0,OK,,,,,
2026-05-02 21:49:41,-40,0,0,0,0,OK,,,,,
2026-05-02 21:49:57,-40,0,0,0,0,OK,,,,,
2026-05-02 21:50:13,-40,0,0,0,0,OK,,,,,
2026-05-02 21:50:29,-40,0,0,0,0,OK,,,,,
2026-05-02 21:50:45,-40,0,0,0,0,OK,,,,,
2026-05-02 21:51:01,-40,0,0,0,0,OK,,,,,
2026-05-02 21:51:17,15.7,62,0,392,4915.2,OK,,,,,
2026-05-02 21:51:33,15.7,62,0,504,0,OK,,,,,
2026-05-02 21:51:49,-40,0,0,0,0,OK,,,,,
2026-05-02 21:52:05,-40,0,0,0,0,OK,,,,,
2026-05-02 21:52:21,-40,0,0,0,0,OK,,,,,
2026-05-02 21:52:37,-40,0,0,0,0,OK,,,,,
2026-05-02 21:52:53,-40,0,0,0,0,OK,,,,,
2026-05-02 21:53:09,15.7,63,0,392,0,OK,,,,,
2026-05-02 21:53:25,-40,0,0,0,0,OK,,,,,
2026-05-02 21:53:41,-40,0,0,0,0,OK,,,,,
2026-05-02 21:53:57,-40,0,0,0,0,OK,,,,,
2026-05-02 21:54:13,-40,0,0,0,0,OK,,,,,
2026-05-02 21:54:29,-40,0,0,0,0,OK,,,,,
2026-05-02 21:55:01,15.7,64,0,3976,9.6,OK,,,,,
2026-05-02 21:55:17,-40,0,0,0,0,OK,,,,,
2026-05-02 21:55:49,15.9,64,0,392,12.8,OK,,,,,
2026-05-02 21:56:05,-40,0,0,0,0,OK,,,,,
2026-05-02 21:56:21,-40,0,0,0,0,OK,,,,,
2026-05-02 21:56:37,-40,0,0,0,0,OK,,,,,
2026-05-02 21:56:53,-40,0,0,0,0,OK,,,,,
2026-05-02 21:57:09,15.7,64,0,392,12.8,OK,,,,,
2026-05-02 21:57:25,15.7,64,0,392,0,OK,,,,,
2026-05-02 21:57:41,-40,0,0,0,0,OK,,,,,
2026-05-02 21:57:57,-40,0,0,0,0,OK,,,,,
2026-05-02 21:58:13,-40,0,0,0,0,OK,,,,,
2026-05-02 21:58:29,-40,0,0,0,0,OK,,,,,
2026-05-02 21:58:45,15.7,64,0,392,0,OK,,,,,
2026-05-02 21:59:01,-40,0,0,0,0,OK,,,,,
2026-05-02 21:59:17,23.8,64,0,392,0,OK,,,,,
2026-05-02 21:59:33,15.8,64,0,392,0,OK,,,,,
2026-05-02 21:59:49,15.8,64,0,392,0,OK,,,,,
2026-05-02 22:00:05,-40,0,0,0,0,OK,,,,,
2026-05-02 22:00:21,-40,0,0,0,0,OK,,,,,
2026-05-02 22:00:37,15.7,64,0,452,0,OK,,,,,
2026-05-02 22:00:53,-40,0,0,0,0,OK,,,,,
2026-05-02 22:01:09,-40,0,0,0,0,OK,,,,,
2026-05-02 22:01:25,-40,0,0,0,0,OK,,,,,
2026-05-02 22:01:41,23.7,64,0,392,0,OK,,,,,
2026-05-02 22:01:57,-40,0,0,0,0,OK,,,,,
2026-05-02 22:02:13,-40,0,0,0,0,OK,,,,,
2026-05-02 22:02:29,-9.9,64,35.8,408,0,OK,,,,,
2026-05-02 22:02:45,-40,0,0,0,0,OK,,,,,
2026-05-02 22:03:01,15.7,208,0,392,0,OK,,,,,
2026-05-02 22:03:17,-40,0,0,0,0,OK,,,,,
2026-05-02 22:03:33,-40,0,0,0,0,OK,,,,,
2026-05-02 22:03:49,-40,0,0,0,0,OK,,,,,
2026-05-02 22:04:05,-40,0,0,0,0,OK,,,,,
2026-05-02 22:04:21,15.6,64,0,392,0,OK,,,,,
2026-05-02 22:04:37,-40,0,0,0,0,OK,,,,,
2026-05-02 22:04:53,-40,0,0,0,0,OK,,,,,
2026-05-02 22:05:09,-40,0,0,0,0,OK,,,,,
2026-05-02 22:05:25,-40,0,0,0,0,OK,,,,,
2026-05-02 22:05:41,-40,0,0,0,0,OK,,,,,
2026-05-02 22:05:57,-40,0,0,0,0,OK,,,,,
2026-05-02 22:06:13,-40,0,0,0,0,OK,,,,,
2026-05-02 22:06:29,-40,0,0,0,0,OK,,,,,
2026-05-02 22:06:45,-40,0,0,0,0,OK,,,,,
2026-05-02 22:07:01,-40,0,0,0,0,OK,,,,,
2026-05-02 22:07:17,-40,0,0,0,0,OK,,,,,
2026-05-02 22:07:33,118,64,0,392,0,OK,,,,,
2026-05-02 22:07:49,15.5,64,0,392,0,OK,,,,,
2026-05-02 22:08:05,21.9,65,0,392,0,OK,,,,,
2026-05-02 22:08:21,-40,0,0,0,0,OK,,,,,
2026-05-02 22:08:37,-40,0,0,0,0,OK,,,,,
2026-05-02 22:08:53,-40,0,0,0,0,OK,,,,,
2026-05-02 22:09:09,15.5,193,0,392,4915.2,OK,,,,,
2026-05-02 22:09:25,15.5,65,0,392,0,OK,,,,,
2026-05-02 22:09:41,15.5,65,0,452,0,OK,,,,,
2026-05-02 22:09:57,-40,0,0,0,0,OK,,,,,
2026-05-02 22:10:13,-40,0,0,0,0,OK,,,,,
2026-05-02 22:10:29,15.5,65,0,392,0,OK,,,,,
2026-05-02 22:10:45,-40,0,0,0,0,OK,,,,,
2026-05-02 22:11:01,-40,0,0,0,0,OK,,,,,
2026-05-02 22:11:17,36.3,208,0,392,0,OK,,,,,
2026-05-02 22:11:33,34.7,65,0,392,0,OK,,,,,
2026-05-02 22:11:49,-40,0,0,0,0,OK,,,,,
2026-05-02 22:12:05,15.5,65,17.9,392,24.6,OK,,,,,
2026-05-02 22:12:21,-40,0,0,0,0,OK,,,,,
2026-05-02 22:12:37,15.4,65,17.9,392,0,OK,,,,,
2026-05-02 22:12:53,15.4,67,0,392,0,OK,,,,,
2026-05-02 22:13:09,-40,0,0,0,0,OK,,,,,
2026-05-02 22:13:25,-40,0,0,0,0,OK,,,,,
2026-05-02 22:13:41,-40,0,0,0,0,OK,,,,,
2026-05-02 22:13:57,-40,0,0,0,0,OK,,,,,
2026-05-02 22:14:13,-40,0,0,0,0,OK,,,,,
2026-05-02 22:14:29,-40,0,0,0,0,OK,,,,,
2026-05-02 22:14:45,-10.2,66,35.8,904,0,OK,,,,,
2026-05-02 22:15:01,15.4,66,0,392,0,OK,,,,,
2026-05-02 22:15:17,15.5,66,0,392,9.6,OK,,,,,
2026-05-02 22:15:33,15.5,66,17.9,392,0,OK,,,,,
2026-05-02 22:15:49,-40,0,0,0,0,OK,,,,,
2026-05-02 22:16:05,15.5,66,0,392,0,OK,,,,,
2026-05-02 22:16:21,21.9,66,0,392,0,OK,,,,,
2026-05-02 22:16:37,15.4,66,0,392,0,OK,,,,,
2026-05-02 22:16:53,-40,0,0,0,0,OK,,,,,
2026-05-02 22:17:09,-40,0,0,0,0,OK,,,,,
2026-05-02 22:17:25,15.4,66,0,408,838860.8,OK,,,,,
2026-05-02 22:17:41,15.4,66,0,3976,0,OK,,,,,
2026-05-02 22:17:57,-40,0,0,0,0,OK,,,,,
2026-05-02 22:18:13,-40,0,0,0,0,OK,,,,,
2026-05-02 22:18:29,-40,0,0,0,0,OK,,,,,
2026-05-02 22:18:45,-40,0,0,0,0,OK,,,,,
2026-05-02 22:19:01,-40,0,0,0,0,OK,,,,,
2026-05-02 22:19:17,15.4,66,0,482,0,OK,,,,,
2026-05-02 22:19:33,-40,0,0,0,0,OK,,,,,
2026-05-02 22:19:49,-40,0,0,0,0,OK,,,,,
2026-05-02 22:20:05,117.8,66,35.8,392,0,OK,,,,,
2026-05-02 22:20:21,-40,0,0,0,0,OK,,,,,
2026-05-02 22:20:37,21.9,163,0,392,0,OK,,,,,
2026-05-02 22:20:53,-40,0,0,0,0,OK,,,,,
2026-05-02 22:21:09,-40,0,0,0,0,OK,,,,,
2026-05-02 22:21:25,-40,0,0,0,0,OK,,,,,
2026-05-02 22:21:41,-40,0,0,0,0,OK,,,,,
2026-05-02 22:21:57,-40,0,0,0,0,OK,,,,,
2026-05-02 22:22:13,15.4,66,0,392,0,OK,,,,,
2026-05-02 22:22:29,-40,0,0,0,0,OK,,,,,
2026-05-02 22:22:45,-40,0,0,0,0,OK,,,,,
2026-05-02 22:23:01,-40,0,0,0,0,OK,,,,,
2026-05-02 22:23:17,-40,0,0,0,0,OK,,,,,
2026-05-02 22:23:33,-40,0,0,0,0,OK,,,,,
2026-05-02 22:23:49,-40,0,0,0,0,OK,,,,,
2026-05-02 22:24:05,-40,0,0,0,0,OK,,,,,
2026-05-02 22:24:21,-40,0,0,0,0,OK,,,,,
2026-05-02 22:24:37,-40,0,0,0,0,OK,,,,,
2026-05-02 22:24:53,-40,0,0,0,0,OK,,,,,
2026-05-02 22:25:09,-40,0,0,0,0,OK,,,,,
2026-05-02 22:25:25,-40,0,0,0,0,OK,,,,,
2026-05-02 22:25:41,21.8,67,0,392,24,OK,,,,,
2026-05-02 22:25:57,-40,0,0,0,0,OK,,,,,
2026-05-02 22:26:13,-10.2,67,35.8,392,0,OK,,,,,
2026-05-02 22:26:29,-40,0,0,0,0,OK,,,,,
2026-05-02 22:26:45,-40,0,0,0,0,OK,,,,,
2026-05-02 22:27:01,23.4,67,0,392,0,OK,,,,,
2026-05-02 22:27:33,-40,0,0,0,0,OK,,,,,
2026-05-02 22:27:49,-40,0,0,0,0,OK,,,,,
2026-05-02 22:28:05,-40,0,0,0,0,OK,,,,,
2026-05-02 22:28:21,-10.2,67,35.8,392,0,OK,,,,,
2026-05-02 22:28:37,-40,0,0,0,0,OK,,,,,
2026-05-02 22:28:53,-40,0,0,0,0,OK,,,,,
2026-05-02 22:29:25,-40,0,0,0,0,OK,,,,,
2026-05-02 22:29:41,-40,0,0,0,0,OK,,,,,
2026-05-02 22:29:57,15.3,67,0,392,0,OK,,,,,
2026-05-02 22:30:13,-40,0,0,0,0,OK,,,,,
2026-05-02 22:30:29,-40,0,0,0,0,OK,,,,,
2026-05-02 22:30:45,15.4,67,0,392,0,OK,,,,,
2026-05-02 22:31:01,-40,0,0,0,0,OK,,,,,
2026-05-02 22:31:17,-40,0,0,0,0,OK,,,,,
2026-05-02 22:31:33,15.5,66,0,904,22.3,OK,,,,,
2026-05-02 22:31:49,-40,0,0,0,0,OK,,,,,
2026-05-02 22:32:05,-40,0,0,0,0,OK,,,,,
2026-05-02 22:32:21,-40,0,0,0,0,OK,,,,,
2026-05-02 22:32:37,-40,0,0,0,0,OK,,,,,
2026-05-02 22:32:53,-40,0,0,0,0,OK,,,,,
2026-05-02 22:33:25,15.6,66,0,392,0,OK,,,,,
2026-05-02 22:33:41,-40,0,0,0,0,OK,,,,,
2026-05-02 22:33:57,-40,0,0,0,0,OK,,,,,
2026-05-02 22:34:13,-40,0,0,0,0,OK,,,,,
2026-05-02 22:34:29,-40,0,0,0,0,OK,,,,,
2026-05-02 22:34:45,-40,0,0,0,0,OK,,,,,
2026-05-02 22:35:01,15.6,66,0,32648,0,OK,,,,,
2026-05-02 22:35:17,164.7,44,45.1,1,0,OK,,,,,
2026-05-02 22:35:33,-40,0,0,0,0,OK,,,,,
2026-05-02 22:35:49,-40,0,0,0,0,OK,,,,,
2026-05-02 22:36:05,-40,0,0,0,0,OK,,,,,
2026-05-02 22:36:21,-40,0,0,0,0,OK,,,,,
2026-05-02 22:36:53,-40,0,0,0,0,OK,,,,,
2026-05-02 22:37:09,-40,0,0,0,0,OK,,,,,
2026-05-02 22:37:41,-40,0,0,0,0,OK,,,,,
2026-05-02 22:37:57,-40,0,0,0,0,OK,,,,,
2026-05-02 22:38:13,15.5,71,0,508,0,OK,,,,,
2026-05-02 22:38:29,-40,0,0,0,0,OK,,,,,
2026-05-02 22:38:45,-40,0,0,0,0,OK,,,,,
2026-05-02 22:39:01,15.5,67,0,392,0,OK,,,,,
2026-05-02 22:39:17,-40,0,0,0,0,OK,,,,,
2026-05-02 22:39:33,-40,0,0,0,0,OK,,,,,
2026-05-02 22:39:49,15.5,67,0,392,0,OK,,,,,
2026-05-02 22:40:05,-40,0,0,0,0,OK,,,,,
2026-05-02 22:40:21,-40,0,0,0,0,OK,,,,,
2026-05-02 22:40:37,-40,0,0,0,0,OK,,,,,
2026-05-02 22:40:53,-40,0,0,0,0,OK,,,,,
2026-05-02 22:41:09,-40,0,0,0,0,OK,,,,,
2026-05-02 22:41:25,-40,0,0,0,0,OK,,,,,
2026-05-02 22:41:41,-40,0,0,0,0,OK,,,,,
2026-05-02 22:41:57,-40,0,0,0,0,OK,,,,,
2026-05-02 22:42:13,-40,0,0,0,0,OK,,,,,
2026-05-02 22:42:29,-40,0,0,0,0,OK,,,,,
2026-05-02 22:43:33,15.6,67,0,392,0,OK,,,,,
2026-05-02 22:43:49,15.6,67,0,392,0,OK,,,,,
2026-05-02 22:44:05,-40,0,0,0,0,OK,,,,,
2026-05-02 22:44:21,-40,0,0,0,0,OK,,,,,
2026-05-02 22:44:37,-40,0,0,0,0,OK,,,,,
2026-05-02 22:44:53,15.6,67,0,392,4915.2,OK,,,,,
2026-05-02 22:45:09,-40,0,0,0,0,OK,,,,,
2026-05-02 22:45:25,-40,0,0,0,0,OK,,,,,
2026-05-02 22:45:41,-40,0,0,0,0,OK,,,,,
2026-05-02 22:46:45,-40,0,0,0,0,OK,,,,,
2026-05-02 22:47:01,-40,0,0,0,0,OK,,,,,
2026-05-02 22:47:17,-40,0,0,0,0,OK,,,,,
2026-05-02 22:47:33,-40,0,0,0,0,OK,,,,,
2026-05-02 22:47:49,15.6,67,0,392,0,OK,,,,,
2026-05-02 22:48:05,-40,0,0,0,0,OK,,,,,
2026-05-02 22:48:21,-40,0,0,0,0,OK,,,,,
2026-05-02 22:48:37,-40,0,0,0,0,OK,,,,,
2026-05-02 22:48:53,-40,0,0,0,0,OK,,,,,
2026-05-02 22:49:09,15.5,67,0,16264,0,OK,,,,,
2026-05-02 22:49:25,-40,0,0,0,0,OK,,,,,
2026-05-02 22:49:41,15.5,67,0,904,0,OK,,,,,
2026-05-02 22:49:57,15.5,67,0,392,0,OK,,,,,
2026-05-02 22:50:13,-40,0,0,0,0,OK,,,,,
2026-05-02 22:50:29,-40,0,0,0,0,OK,,,,,
2026-05-02 22:50:45,-40,0,0,0,0,OK,,,,,
2026-05-02 22:51:01,-40,0,0,0,0,OK,,,,,
2026-05-02 22:51:17,-40,0,0,0,0,OK,,,,,
2026-05-02 22:51:33,-40,0,0,0,0,OK,,,,,
2026-05-02 22:51:49,-40,0,0,0,0,OK,,,,,
2026-05-02 22:52:05,15.5,66,0,408,0,OK,,,,,
2026-05-02 22:52:21,-40,0,0,0,0,OK,,,,,
2026-05-02 22:52:37,-40,0,0,0,0,OK,,,,,
2026-05-02 22:52:53,-40,0,0,0,0,OK,,,,,
2026-05-02 22:53:09,-40,0,0,0,0,OK,,,,,
2026-05-02 22:53:25,-40,0,0,0,0,OK,,,,,
2026-05-02 22:53:41,-40,0,0,0,0,OK,,,,,
2026-05-02 22:53:57,15.6,66,0,408,0,OK,,,,,
2026-05-02 22:54:13,-40,0,0,0,0,OK,,,,,
2026-05-02 22:54:29,15.6,254,0,392,0,OK,,,,,
2026-05-02 22:54:45,15.7,66,0,392,2.4,OK,,,,,
2026-05-02 22:55:01,15.6,66,0,392,0,OK,,,,,
2026-05-02 22:55:17,-40,0,0,0,0,OK,,,,,
2026-05-02 22:55:33,-40,0,0,0,0,OK,,,,,
2026-05-02 22:55:49,15.6,66,0,392,0,OK,,,,,
2026-05-02 22:56:05,-40,0,0,0,0,OK,,,,,
2026-05-02 22:56:21,-40,0,0,0,0,OK,,,,,
2026-05-02 22:56:37,-40,0,0,0,0,OK,,,,,
2026-05-02 22:56:53,15.6,66,0,392,0,OK,,,,,
2026-05-02 22:57:09,-40,0,0,0,0,OK,,,,,
2026-05-02 22:57:25,-40,0,0,0,0,OK,,,,,
2026-05-02 22:57:41,15.6,66,0,504,0,OK,,,,,
2026-05-02 22:57:57,-10,66,35.8,32708,0,OK,,,,,
2026-05-02 22:58:13,-40,0,0,0,0,OK,,,,,
2026-05-02 22:58:29,15.6,66,0,392,4915.2,OK,,,,,
2026-05-02 22:58:45,-40,0,0,0,0,OK,,,,,
2026-05-02 22:59:01,15.6,66,0,392,0,OK,,,,,
2026-05-02 22:59:17,-40,0,0,0,0,OK,,,,,
2026-05-02 22:59:33,-40,0,0,0,0,OK,,,,,
2026-05-02 22:59:49,-40,0,0,0,0,OK,,,,,
2026-05-02 23:00:21,-40,0,0,0,0,OK,,,,,
2026-05-02 23:00:37,-40,0,0,0,0,OK,,,,,
2026-05-02 23:00:53,-40,0,0,0,0,OK,,,,,
2026-05-02 23:01:09,-40,0,0,0,0,OK,,,,,
2026-05-02 23:01:25,-40,0,0,0,0,OK,,,,,
2026-05-02 23:01:41,-40,0,0,0,0,OK,,,,,
2026-05-02 23:01:57,-40,0,0,0,0,OK,,,,,
2026-05-02 23:02:13,-40,0,0,0,0,OK,,,,,
2026-05-02 23:02:29,-40,0,0,0,0,OK,,,,,
2026-05-02 23:02:45,-40,0,0,0,0,OK,,,,,
2026-05-02 23:03:01,-40,0,0,0,0,OK,,,,,
2026-05-02 23:03:17,-40,0,0,0,0,OK,,,,,
2026-05-02 23:03:33,-40,0,0,0,0,OK,,,,,
2026-05-02 23:03:49,15.8,65,0,392,838860.8,OK,,,,,
2026-05-02 23:04:05,-40,0,0,0,0,OK,,,,,
2026-05-02 23:04:21,-40,0,0,0,0,OK,,,,,
2026-05-02 23:04:37,15.8,64,0,392,0,OK,,,,,
2026-05-02 23:04:53,-40,0,0,0,0,OK,,,,,
2026-05-02 23:05:09,15.8,64,0.4,392,0,OK,,,,,
2026-05-02 23:05:25,-40,0,0,0,0,OK,,,,,
2026-05-02 23:05:41,-40,0,0,0,0,OK,,,,,
2026-05-02 23:05:57,-40,0,0,0,0,OK,,,,,
2026-05-02 23:06:13,-40,0,0,0,0,OK,,,,,
2026-05-02 23:07:17,15.9,192,0,392,0,OK,,,,,
2026-05-02 23:07:33,-40,0,0,0,0,OK,,,,,
2026-05-02 23:07:49,-40,0,0,0,0,OK,,,,,
2026-05-02 23:08:05,15.9,64,0,392,0,OK,,,,,
2026-05-02 23:08:21,-40,0,0,0,0,OK,,,,,
2026-05-02 23:08:37,-40,0,0,0,0,OK,,,,,
2026-05-02 23:08:53,-40,0,0,0,0,OK,,,,,
2026-05-02 23:09:09,-40,0,0,0,0,OK,,,,,
2026-05-02 23:09:25,-40,0,0,0,0,OK,,,,,
2026-05-02 23:09:41,15.9,64,0,392,0,OK,,,,,
2026-05-02 23:09:57,-40,0,0,0,0,OK,,,,,
2026-05-02 23:10:29,-40,0,0,0,0,OK,,,,,
2026-05-02 23:10:45,-40,0,0,0,0,OK,,,,,
2026-05-02 23:11:01,-40,0,0,0,0,OK,,,,,
2026-05-02 23:11:17,-40,0,0,0,0,OK,,,,,
2026-05-02 23:11:33,-40,0,0,0,0,OK,,,,,
2026-05-02 23:11:49,-40,0,0,0,0,OK,,,,,
2026-05-02 23:12:05,-40,0,0,0,0,OK,,,,,
2026-05-02 23:12:21,15.9,64,0,392,0,OK,,,,,
2026-05-02 23:12:37,41.5,64,35.8,392,0,OK,,,,,
2026-05-02 23:12:53,-40,0,0,0,0,OK,,,,,
2026-05-02 23:13:09,15.9,64,0,408,0,OK,,,,,
2026-05-02 23:13:25,-40,0,0,0,0,OK,,,,,
2026-05-02 23:13:41,-40,0,0,0,0,OK,,,,,
2026-05-02 23:13:57,15.9,208,0,392,0,OK,,,,,
2026-05-02 23:14:13,-40,0,0,0,0,OK,,,,,
2026-05-02 23:14:29,-40,0,0,0,0,OK,,,,,
2026-05-02 23:14:45,-40,0,0,0,0,OK,,,,,
2026-05-02 23:15:01,-40,0,0,0,0,OK,,,,,
2026-05-02 23:15:17,-40,0,0,0,0,OK,,,,,
2026-05-02 23:15:33,-40,0,0,0,0,OK,,,,,
2026-05-02 23:15:49,15.8,193,17.9,392,0,OK,,,,,
2026-05-02 23:16:05,-40,0,0,0,0,OK,,,,,
2026-05-02 23:16:21,-40,0,0,0,0,OK,,,,,
2026-05-02 23:16:37,15.8,65,0,392,838860.8,OK,,,,,
2026-05-02 23:16:53,-40,0,0,0,0,OK,,,,,
2026-05-02 23:17:09,15.8,65,0,392,0,OK,,,,,
2026-05-02 23:17:41,-40,0,0,0,0,OK,,,,,
2026-05-02 23:17:57,15.8,65,0,32648,0,OK,,,,,
2026-05-02 23:18:13,-40,0,0,0,0,OK,,,,,
2026-05-02 23:18:29,-40,0,0,0,0,OK,,,,,
2026-05-02 23:18:45,15.8,78,0,392,0,OK,,,,,
2026-05-02 23:19:01,-40,0,0,0,0,OK,,,,,
2026-05-02 23:19:17,-40,0,0,0,0,OK,,,,,
2026-05-02 23:19:33,15.8,66,0,392,0,OK,,,,,
2026-05-02 23:19:49,-40,0,0,0,0,OK,,,,,
2026-05-02 23:20:05,15.8,66,0,392,0,OK,,,,,
2026-05-02 23:20:21,15.8,66,0,392,0,OK,,,,,
2026-05-02 23:20:37,-40,0,0,0,0,OK,,,,,
2026-05-02 23:20:53,-40,0,0,0,0,OK,,,,,
2026-05-02 23:21:09,15.8,67,0,65535,0,OK,,,,,
2026-05-02 23:21:25,161.8,46,45.2,1,0,OK,,,,,
2026-05-02 23:21:41,-40,0,0,0,0,OK,,,,,
2026-05-02 23:21:57,15.8,67,0,3976,0,OK,,,,,
2026-05-02 23:22:13,-40,0,0,0,0,OK,,,,,
2026-05-02 23:22:45,15.8,196,17.9,511,0,OK,,,,,
2026-05-02 23:23:01,-40,0,0,0,0,OK,,,,,
2026-05-02 23:23:17,-9.9,67,35.8,392,0,OK,,,,,
2026-05-02 23:23:33,-40,0,0,0,0,OK,,,,,
2026-05-02 23:23:49,-40,0,0,0,0,OK,,,,,
2026-05-02 23:24:05,-40,0,0,0,0,OK,,,,,
2026-05-02 23:24:21,15.7,195,17.9,392,4.8,OK,,,,,
2026-05-02 23:24:37,-40,0,0,0,0,OK,,,,,
2026-05-02 23:24:53,-40,0,0,0,0,OK,,,,,
2026-05-02 23:25:09,-40,0,0,0,0,OK,,,,,
2026-05-02 23:25:25,-40,0,0,0,0,OK,,,,,
2026-05-02 23:25:41,-40,0,0,0,0,OK,,,,,
2026-05-02 23:25:57,-40,0,0,0,0,OK,,,,,
2026-05-02 23:26:13,-40,0,0,0,0,OK,,,,,
2026-05-02 23:26:29,15.7,67,0,392,0,OK,,,,,
2026-05-02 23:26:45,15.8,195,17.9,392,0,OK,,,,,
2026-05-02 23:27:01,-40,0,0,0,0,OK,,,,,
2026-05-02 23:27:17,15.8,67,0,392,0,OK,,,,,
2026-05-02 23:27:33,-40,0,0,0,0,OK,,,,,
2026-05-02 23:27:49,-40,0,0,0,0,OK,,,,,
2026-05-02 23:28:05,-40,0,0,0,0,OK,,,,,
2026-05-02 23:28:21,-40,0,0,0,0,OK,,,,,
2026-05-02 23:28:37,41.4,67,35.8,392,0,OK,,,,,
2026-05-02 23:28:53,-40,0,0,0,0,OK,,,,,
2026-05-02 23:29:09,-40,0,0,0,0,OK,,,,,
2026-05-02 23:29:25,-40,0,0,0,0,OK,,,,,
2026-05-02 23:29:41,15.8,67,0,392,0,OK,,,,,
2026-05-02 23:29:57,15.8,67,0,392,0,OK,,,,,
2026-05-02 23:30:13,-40,0,0,0,0,OK,,,,,
2026-05-02 23:30:29,-40,0,0,0,0,OK,,,,,
2026-05-02 23:30:45,-40,0,0,0,0,OK,,,,,
2026-05-02 23:31:01,-40,0,0,0,0,OK,,,,,
2026-05-02 23:31:17,-40,0,0,0,0,OK,,,,,
2026-05-02 23:31:33,-40,0,0,0,0,OK,,,,,
2026-05-02 23:31:49,-40,0,0,0,0,OK,,,,,
2026-05-02 23:32:05,15.8,95,0,392,0,OK,,,,,
2026-05-02 23:33:25,35,69,0,392,0,OK,,,,,
2026-05-02 23:33:41,-40,0,0,0,0,OK,,,,,
2026-05-02 23:33:57,-40,0,0,0,0,OK,,,,,
2026-05-02 23:34:13,-40,0,0,0,0,OK,,,,,
2026-05-02 23:34:29,15.8,69,0,392,0,OK,,,,,
2026-05-02 23:34:45,-40,0,0,0,0,OK,,,,,
2026-05-02 23:35:17,-40,0,0,0,0,OK,,,,,
2026-05-02 23:35:33,-40,0,0,0,0,OK,,,,,
2026-05-02 23:36:05,15.7,241,17.9,392,0,OK,,,,,
2026-05-02 23:36:21,-40,0,0,0,0,OK,,,,,
2026-05-02 23:36:37,-40,0,0,0,0,OK,,,,,
2026-05-02 23:36:53,-40,0,0,0,0,OK,,,,,
2026-05-02 23:37:09,-40,0,0,0,0,OK,,,,,
2026-05-02 23:37:25,-40,0,0,0,0,OK,,,,,
2026-05-02 23:37:41,-40,0,0,0,0,OK,,,,,
2026-05-02 23:37:57,-40,0,0,0,0,OK,,,,,
2026-05-02 23:38:13,-40,0,0,0,0,OK,,,,,
2026-05-02 23:38:29,-40,0,0,0,0,OK,,,,,
2026-05-02 23:38:45,15.8,70,0,392,0,OK,,,,,
2026-05-02 23:39:49,-40,0,0,0,0,OK,,,,,
2026-05-02 23:40:05,-40,0,0,0,0,OK,,,,,
2026-05-02 23:40:21,-40,0,0,0,0,OK,,,,,
2026-05-02 23:40:37,-40,0,0,0,0,OK,,,,,
2026-05-02 23:41:41,15.7,67,0,392,0,OK,,,,,
2026-05-02 23:41:57,-40,0,0,0,0,OK,,,,,
2026-05-02 23:42:13,-40,0,0,0,0,OK,,,,,
2026-05-02 23:42:29,-40,0,0,0,0,OK,,,,,
2026-05-02 23:42:45,-40,0,0,0,0,OK,,,,,
2026-05-02 23:43:01,-40,0,0,0,0,OK,,,,,
2026-05-02 23:43:33,-40,0,0,0,0,OK,,,,,
2026-05-02 23:43:49,-40,0,0,0,0,OK,,,,,
2026-05-02 23:44:05,-40,0,0,0,0,OK,,,,,
2026-05-02 23:44:21,-40,0,0,0,0,OK,,,,,
2026-05-02 23:44:37,-40,0,0,0,0,OK,,,,,
2026-05-02 23:44:53,-40,0,0,0,0,OK,,,,,
2026-05-02 23:45:09,-40,0,0,0,0,OK,,,,,
2026-05-02 23:45:25,15.6,71,0,392,0,OK,,,,,
2026-05-02 23:45:41,-40,0,0,0,0,OK,,,,,
2026-05-02 23:45:57,-40,0,0,0,0,OK,,,,,
2026-05-02 23:46:13,-40,0,0,0,0,OK,,,,,
2026-05-02 23:47:17,-40,0,0,0,0,OK,,,,,
2026-05-02 23:47:33,15.5,71,35.8,392,0,OK,,,,,
2026-05-02 23:47:49,66.7,72,107.5,392,0,OK,,,,,
2026-05-02 23:48:05,-40,0,0,0,0,OK,,,,,
2026-05-02 23:48:21,-40,0,0,0,0,OK,,,,,
2026-05-02 23:48:37,-40,0,0,0,0,OK,,,,,
2026-05-02 23:48:53,26.3,72,0,392,0,OK,,,,,
2026-05-02 23:49:09,-40,0,0,0,0,OK,,,,,
2026-05-02 23:49:25,15.5,70,0,392,0,OK,,,,,
2026-05-02 23:49:41,-40,0,0,0,0,OK,,,,,
2026-05-02 23:49:57,-40,0,0,0,0,OK,,,,,
2026-05-02 23:50:13,-40,0,0,0,0,OK,,,,,
2026-05-02 23:50:29,-40,0,0,0,0,OK,,,,,
2026-05-02 23:50:45,-40,0,0,0,0,OK,,,,,
2026-05-02 23:51:01,15.5,72,0,392,0,OK,,,,,
2026-05-02 23:51:17,15.5,71,0,392,4928,OK,,,,,
2026-05-02 23:51:49,-40,0,0,0,0,OK,,,,,
2026-05-02 23:52:05,21.8,71,0,452,0,OK,,,,,
2026-05-02 23:52:21,-40,0,0,0,0,OK,,,,,
2026-05-02 23:52:37,-40,0,0,0,0,OK,,,,,
2026-05-02 23:52:53,15.4,72,0,392,0,OK,,,,,
2026-05-02 23:53:09,-40,0,0,0,0,OK,,,,,
2026-05-02 23:53:25,-40,0,0,0,0,OK,,,,,
2026-05-02 23:53:41,-40,0,0,0,0,OK,,,,,
2026-05-02 23:53:57,-40,0,0,0,0,OK,,,,,
2026-05-02 23:54:13,-40,0,0,0,0,OK,,,,,
2026-05-02 23:54:29,15.3,72,0,392,0,OK,,,,,
2026-05-02 23:54:45,-40,0,0,0,0,OK,,,,,
2026-05-02 23:55:01,-40,0,0,0,0,OK,,,,,
2026-05-02 23:55:17,-40,0,0,0,0,OK,,,,,
2026-05-02 23:55:33,-40,0,0,0,0,OK,,,,,
2026-05-02 23:55:49,-40,0,0,0,0,OK,,,,,
2026-05-02 23:56:05,-40,0,0,0,0,OK,,,,,
2026-05-02 23:56:21,15.2,71,0,392,0,OK,,,,,
2026-05-02 23:56:37,-40,0,0,0,0,OK,,,,,
2026-05-02 23:56:53,-40,0,0,0,0,OK,,,,,
2026-05-02 23:57:09,-40,0,0,0,0,OK,,,,,
2026-05-02 23:57:25,-40,0,0,0,0,OK,,,,,
2026-05-02 23:57:41,15.2,71,0,392,0,OK,,,,,
2026-05-02 23:57:57,15.2,120,0,511,0,OK,,,,,
2026-05-02 23:58:13,-40,0,0,0,0,OK,,,,,
2026-05-02 23:58:29,-40,0,0,0,0,OK,,,,,
2026-05-02 23:58:45,-40,0,0,0,0,OK,,,,,
2026-05-02 23:59:01,15.2,72,0,392,0,OK,,,,,
2026-05-02 23:59:17,-40,0,0,0,0,OK,,,,,
2026-05-02 23:59:33,-40,0,0,0,0,OK,,,,,
2026-05-03 0:00:05,15.2,73,0,392,0,OK,,,,,
2026-05-03 0:00:21,-40,0,0,0,0,OK,,,,,
2026-05-03 0:00:37,-40,0,0,0,0,OK,,,,,
2026-05-03 0:00:53,-40,0,0,0,0,OK,,,,,
2026-05-03 0:01:25,-40,0,0,0,0,OK,,,,,
2026-05-03 0:02:29,15.1,71,0,392,0,OK,,,,,
2026-05-03 0:02:45,-40,0,0,0,0,OK,,,,,
2026-05-03 0:03:01,-40,0,0,0,0,OK,,,,,
2026-05-03 0:03:17,16.8,72,0,392,3276.8,OK,,,,,
2026-05-03 0:03:49,-40,0,0,0,0,OK,,,,,
2026-05-03 0:04:05,-40,0,0,0,0,OK,,,,,
2026-05-03 0:05:09,-40,0,0,0,0,OK,,,,,
2026-05-03 0:05:25,15.2,75,0,392,838860.8,OK,,,,,
2026-05-03 0:05:41,15.2,75,0,392,0,OK,,,,,
2026-05-03 0:06:13,15.1,74,0,392,4915.2,OK,,,,,
2026-05-03 0:06:45,-40,0,0,0,0,OK,,,,,
2026-05-03 0:07:01,-40,0,0,0,0,OK,,,,,
2026-05-03 0:07:33,-40,0,0,0,0,OK,,,,,
2026-05-03 0:08:05,-40,0,0,0,0,OK,,,,,
2026-05-03 0:08:21,-40,0,0,0,0,OK,,,,,
2026-05-03 0:08:37,15.1,73,0,408,0,OK,,,,,
2026-05-03 0:08:53,-40,0,0,0,0,OK,,,,,
2026-05-03 0:09:41,-40,0,0,0,0,OK,,,,,
2026-05-03 0:09:57,-40,0,0,0,0,OK,,,,,
2026-05-03 0:10:13,-40,0,0,0,0,OK,,,,,
2026-05-03 0:10:29,-40,0,0,0,0,OK,,,,,
2026-05-03 0:10:45,-40,0,0,0,0,OK,,,,,
2026-05-03 0:11:01,-40,0,0,0,0,OK,,,,,
2026-05-03 0:11:17,-40,0,0,0,0,OK,,,,,
2026-05-03 0:11:33,136.6,222,0,504,0,OK,,,,,
2026-05-03 0:12:05,-40,0,0,0,0,OK,,,,,
2026-05-03 0:12:21,-40,0,0,0,0,OK,,,,,
2026-05-03 0:12:53,15,75,0,393,0,OK,,,,,
2026-05-03 0:13:09,-40,0,0,0,0,OK,,,,,
2026-05-03 0:13:25,-40,0,0,0,0,OK,,,,,
2026-05-03 0:13:41,14.9,75,0,393,0,OK,,,,,
2026-05-03 0:13:57,-40,0,0,0,0,OK,,,,,
2026-05-03 0:14:13,-40,0,0,0,0,OK,,,,,
2026-05-03 0:14:29,-40,0,0,0,0,OK,,,,,
2026-05-03 0:14:45,-40,0,0,0,0,OK,,,,,
2026-05-03 0:14:59,-40,0,0,0,0,OK,,,,,
2026-05-03 0:15:15,-40,0,0,0,0,OK,,,,,
2026-05-03 0:15:31,14.8,75,0,393,0,OK,,,,,
2026-05-03 0:15:47,14.8,75,0,393,0,OK,,,,,
2026-05-03 0:16:51,-40,0,0,0,0,OK,,,,,
2026-05-03 0:17:07,-40,0,0,0,0,OK,,,,,
2026-05-03 0:17:23,-40,0,0,0,0,OK,,,,,
2026-05-03 0:17:39,-40,0,0,0,0,OK,,,,,
2026-05-03 0:18:11,-40,0,0,0,0,OK,,,,,
2026-05-03 0:18:27,-40,0,0,0,0,OK,,,,,
2026-05-03 0:19:31,-40,0,0,0,0,OK,,,,,
2026-05-03 0:19:47,-40,0,0,0,0,OK,,,,,
2026-05-03 0:20:03,-40,0,0,0,0,OK,,,,,
2026-05-03 0:20:51,-40,0,0,0,0,OK,,,,,
2026-05-03 0:21:07,-40,0,0,0,0,OK,,,,,
2026-05-03 0:21:23,14.7,76,0,393,0,OK,,,,,
2026-05-03 0:21:39,-40,0,0,0,0,OK,,,,,
2026-05-03 0:21:55,-40,0,0,0,0,OK,,,,,
2026-05-03 0:22:11,14.7,76,0,393,0,OK,,,,,
2026-05-03 0:22:27,-40,0,0,0,0,OK,,,,,
2026-05-03 0:22:43,14.7,75,0,393,0,OK,,,,,
2026-05-03 0:22:59,14.7,76,0,24772,0,OK,,,,,
2026-05-03 0:23:15,-40,0,0,0,0,OK,,,,,
2026-05-03 0:23:47,-40,0,0,0,0,OK,,,,,
2026-05-03 0:24:51,14.7,77,0,393,0,OK,,,,,
2026-05-03 0:25:23,-40,0,0,0,0,OK,,,,,
2026-05-03 0:25:39,-10.9,77,107.5,393,0,OK,,,,,
2026-05-03 0:25:55,-40,0,0,0,0,OK,,,,,
2026-05-03 0:26:11,14.7,76,0,399,0,OK,,,,,
2026-05-03 0:26:43,14.7,76,0,393,0,OK,,,,,
2026-05-03 0:26:59,-40,0,0,0,0,OK,,,,,
2026-05-03 0:27:15,-40,0,0,0,0,OK,,,,,
2026-05-03 0:27:31,-40,0,0,0,0,OK,,,,,
2026-05-03 0:27:47,14.7,77,0,8073,0,OK,,,,,
2026-05-03 0:28:03,14.7,211,0,393,0,OK,,,,,
2026-05-03 0:28:19,117.2,77,0,393,0,OK,,,,,
2026-05-03 0:28:35,14.8,77,0,393,0,OK,,,,,
2026-05-03 0:29:07,14.7,77,0,393,0,OK,,,,,
2026-05-03 0:29:23,-40,0,0,0,0,OK,,,,,
2026-05-03 0:29:39,-40,0,0,0,0,OK,,,,,
2026-05-03 0:30:11,-40,0,0,0,0,OK,,,,,
2026-05-03 0:30:27,14.7,77,0,393,0,OK,,,,,
2026-05-03 0:30:43,-40,0,0,0,0,OK,,,,,
2026-05-03 0:30:59,117.1,77,35.8,393,4915.2,OK,,,,,
2026-05-03 0:31:15,-40,0,0,0,0,OK,,,,,
2026-05-03 0:31:47,117.1,77,0,393,0,OK,,,,,
2026-05-03 0:32:03,-40,0,0,0,0,OK,,,,,
2026-05-03 0:32:19,-40,0,0,0,0,OK,,,,,
2026-05-03 0:32:35,-40,0,0,0,0,OK,,,,,
2026-05-03 0:32:51,-40,0,0,0,0,OK,,,,,
2026-05-03 0:33:07,14.7,78,0,409,0,OK,,,,,
2026-05-03 0:33:39,-10.9,78,107.5,393,0,OK,,,,,
2026-05-03 0:33:55,-40,0,0,0,0,OK,,,,,
2026-05-03 0:34:11,-40,0,0,0,0,OK,,,,,
2026-05-03 0:34:27,-40,0,0,0,0,OK,,,,,
2026-05-03 0:34:43,-40,0,0,0,0,OK,,,,,
2026-05-03 0:34:59,14.6,78,0,393,0,OK,,,,,
2026-05-03 0:35:15,-40,0,0,0,0,OK,,,,,
2026-05-03 0:35:47,14.6,78,0,393,0,OK,,,,,
2026-05-03 0:36:03,14.6,78,0,393,0,OK,,,,,
2026-05-03 0:36:19,-40,0,0,0,0,OK,,,,,
2026-05-03 0:36:35,-40,0,0,0,0,OK,,,,,
2026-05-03 0:36:51,-40,0,0,0,0,OK,,,,,
2026-05-03 0:37:55,-40,0,0,0,0,OK,,,,,
2026-05-03 0:38:11,-40,0,0,0,0,OK,,,,,
2026-05-03 0:38:27,-40,0,0,0,0,OK,,,,,
2026-05-03 0:38:43,14.5,79,0,393,0,OK,,,,,
2026-05-03 0:38:59,14.5,78,0,393,0,OK,,,,,
2026-05-03 0:39:15,-40,0,0,0,0,OK,,,,,
2026-05-03 0:39:31,-40,0,0,0,0,OK,,,,,
2026-05-03 0:39:47,14.5,79,0,393,0,OK,,,,,
2026-05-03 0:40:19,14.5,95,0,65535,0,OK,,,,,
2026-05-03 0:40:35,-40,0,0,0,0,OK,,,,,
2026-05-03 0:40:51,14.5,79,0,409,0,OK,,,,,
2026-05-03 0:41:07,-40,0,0,0,0,OK,,,,,
2026-05-03 0:41:23,-40,0,0,0,0,OK,,,,,
2026-05-03 0:41:39,14.5,80,0,393,0,OK,,,,,
2026-05-03 0:41:55,-40,0,0,0,0,OK,,,,,
2026-05-03 0:42:11,15.1,112,0,505,0,OK,,,,,
2026-05-03 0:42:27,-40,0,0,0,0,OK,,,,,
2026-05-03 0:42:43,21.2,212,0,393,3276.8,OK,,,,,
2026-05-03 0:42:59,14.5,81,0,393,0,OK,,,,,
2026-05-03 0:43:15,-40,0,0,0,0,OK,,,,,
2026-05-03 0:43:31,14.5,81,0,482,0,OK,,,,,
2026-05-03 0:43:47,14.4,81,0,393,0,OK,,,,,
2026-05-03 0:44:03,-40,0,0,0,0,OK,,,,,
2026-05-03 0:44:19,-40,0,0,0,0,OK,,,,,
2026-05-03 0:45:23,-40,0,0,0,0,OK,,,,,
2026-05-03 0:45:55,14.5,82,0,393,0,OK,,,,,
2026-05-03 0:46:11,-40,0,0,0,0,OK,,,,,
2026-05-03 0:46:27,-40,0,0,0,0,OK,,,,,
2026-05-03 0:46:43,-40,0,0,0,0,OK,,,,,
2026-05-03 0:46:59,-40,0,0,0,0,OK,,,,,
2026-05-03 0:47:15,-40,0,0,0,0,OK,,,,,
2026-05-03 0:47:31,-40,0,0,0,0,OK,,,,,
2026-05-03 0:48:19,116.9,81,0,393,0,OK,,,,,
2026-05-03 0:48:35,-40,0,0,0,0,OK,,,,,
2026-05-03 0:48:51,-40,0,0,0,0,OK,,,,,
2026-05-03 0:49:07,-40,0,0,0,0,OK,,,,,
2026-05-03 0:49:23,14.5,80,0,393,0,OK,,,,,
2026-05-03 0:49:39,14.5,80,17.9,393,0,OK,,,,,
2026-05-03 0:50:27,-40,0,0,0,0,OK,,,,,
2026-05-03 0:50:59,-40,0,0,0,0,OK,,,,,
2026-05-03 0:51:31,-40,0,0,0,0,OK,,,,,
2026-05-03 0:51:47,66,77,36.3,393,0,OK,,,,,
2026-05-03 0:52:03,-40,0,0,0,0,OK,,,,,
2026-05-03 0:52:19,-40,0,0,0,0,OK,,,,,
2026-05-03 0:52:35,14.8,78,0,393,0,OK,,,,,
2026-05-03 0:52:51,17.3,78,0.1,393,3276.8,OK,,,,,
2026-05-03 0:53:07,-36.4,78,107.8,394,0,OK,,,,,
2026-05-03 0:53:39,-40,0,0,0,0,OK,,,,,
2026-05-03 0:53:55,14.8,79,0,394,0,OK,,,,,
2026-05-03 0:54:27,-40,0,0,0,0,OK,,,,,
2026-05-03 0:54:43,-40,0,0,0,0,OK,,,,,
2026-05-03 0:54:59,-40,0,0,0,0,OK,,,,,
2026-05-03 0:56:19,-40,0,0,0,0,OK,,,,,
2026-05-03 0:56:35,-40,0,0,0,0,OK,,,,,
2026-05-03 0:57:39,-40,0,0,0,0,OK,,,,,
2026-05-03 0:58:11,-40,0,0,0,0,OK,,,,,
2026-05-03 0:58:27,-40,0,0,0,0,OK,,,,,
2026-05-03 0:58:43,14.7,83,0,394,3276.8,OK,,,,,
2026-05-03 0:58:59,14.7,83,0.4,394,0,OK,,,,,
2026-05-03 0:59:15,-40,0,0,0,0,OK,,,,,
2026-05-03 0:59:31,14.6,82,0.3,394,0,OK,,,,,
2026-05-03 1:00:35,-40,0,0,0,0,OK,,,,,
2026-05-03 1:00:51,-40,0,0,0,0,OK,,,,,
2026-05-03 1:01:23,14.5,82,0.1,446,0,OK,,,,,
2026-05-03 1:01:39,14.5,82,0,446,0,OK,,,,,
2026-05-03 1:01:55,-40,0,0,0,0,OK,,,,,
2026-05-03 1:02:11,14.5,83,0,394,0,OK,,,,,
2026-05-03 1:02:27,-40,0,0,0,0,OK,,,,,
2026-05-03 1:02:43,-40,0,0,0,0,OK,,,,,
2026-05-03 1:02:59,-40,0,0,0,0,OK,,,,,
2026-05-03 1:03:15,-40,0,0,0,0,OK,,,,,
2026-05-03 1:03:31,-40,0,0,0,0,OK,,,,,
2026-05-03 1:03:47,14.4,83,0,394,0,OK,,,,,
2026-05-03 1:04:03,14.4,83,0,394,0,OK,,,,,
2026-05-03 1:05:07,14.3,82,1,394,0,OK,,,,,
2026-05-03 1:05:23,-40,0,0,0,0,OK,,,,,
2026-05-03 1:05:39,-40,0,0,0,0,OK,,,,,
2026-05-03 1:05:55,-40,0,0,0,0,OK,,,,,
2026-05-03 1:06:11,-40,0,0,0,0,OK,,,,,
2026-05-03 1:06:27,-40,0,0,0,0,OK,,,,,
2026-05-03 1:06:43,-40,0,0,0,0,OK,,,,,
2026-05-03 1:06:59,-40,0,0,0,0,OK,,,,,
2026-05-03 1:07:15,-40,0,0,0,0,OK,,,,,
2026-05-03 1:07:31,-40,0,0,0,0,OK,,,,,
2026-05-03 1:07:47,-11.4,82,107.7,395,0,OK,,,,,
2026-05-03 1:08:19,76.7,36,58.5,513,0,OK,,,,,
2026-05-03 1:09:23,-40,0,0,0,0,OK,,,,,
2026-05-03 1:09:39,14,80,1.1,395,0,OK,,,,,
2026-05-03 1:09:55,-40,0,0,0,0,OK,,,,,
2026-05-03 1:10:11,-40,0,0,0,0,OK,,,,,
2026-05-03 1:10:27,-40,0,0,0,0,OK,,,,,
2026-05-03 1:10:43,-40,0,0,0,0,OK,,,,,
2026-05-03 1:11:47,-40,0,0,0,0,OK,,,,,
2026-05-03 1:12:03,-40,0,0,0,0,OK,,,,,
2026-05-03 1:12:19,-40,0,0,0,0,OK,,,,,
2026-05-03 1:12:35,13.8,81,0,395,0,OK,,,,,
2026-05-03 1:12:51,13.8,241,0,395,0,OK,,,,,
2026-05-03 1:13:07,-40,0,0,0,0,OK,,,,,
2026-05-03 1:13:23,-40,0,0,0,0,OK,,,,,
2026-05-03 1:13:39,-40,0,0,0,0,OK,,,,,
2026-05-03 1:14:11,-40,0,0,0,0,OK,,,,,
2026-05-03 1:14:27,-40,0,0,0,0,OK,,,,,
2026-05-03 1:15:31,13.7,82,0,454,0,OK,,,,,
2026-05-03 1:15:47,-40,0,0,0,0,OK,,,,,
2026-05-03 1:16:19,-40,0,0,0,0,OK,,,,,
2026-05-03 1:16:35,13.5,125,13.4,396,0,OK,,,,,
2026-05-03 1:16:51,-40,0,0,0,0,OK,,,,,
2026-05-03 1:17:07,-40,0,0,0,0,OK,,,,,
2026-05-03 1:17:23,-40,0,0,0,0,OK,,,,,
2026-05-03 1:18:43,13.4,82,1.3,397,0,OK,,,,,
2026-05-03 1:18:59,-40,0,0,0,0,OK,,,,,
2026-05-03 1:20:03,-40,0,0,0,0,OK,,,,,
2026-05-03 1:20:19,-40,0,0,0,0,OK,,,,,
2026-05-03 1:20:35,13.2,82,0.1,397,0,OK,,,,,
2026-05-03 1:20:51,-40,0,0,0,0,OK,,,,,
2026-05-03 1:21:23,-40,0,0,0,0,OK,,,,,
2026-05-03 1:21:39,13.1,81,0.7,397,0,OK,,,,,
2026-05-03 1:21:55,-40,0,0,0,0,OK,,,,,
2026-05-03 1:23:47,13.1,81,0.3,397,0,OK,,,,,
2026-05-03 1:24:03,-12.5,81,108.5,397,0,OK,,,,,
2026-05-03 1:24:19,-12.5,81,36.1,397,0,OK,,,,,
2026-05-03 1:24:35,13.1,81,0.8,397,12.8,OK,,,,,
2026-05-03 1:24:51,13.1,81,0.8,397,0,OK,,,,,
2026-05-03 1:25:07,13.1,82,1,397,0,OK,,,,,
2026-05-03 1:25:55,-40,0,0,0,0,OK,,,,,
2026-05-03 1:26:27,-40,0,0,0,0,OK,,,,,
2026-05-03 1:26:43,-40,0,0,0,0,OK,,,,,
2026-05-03 1:26:59,-40,0,0,0,0,OK,,,,,
2026-05-03 1:27:15,-40,0,0,0,0,OK,,,,,
2026-05-03 1:27:31,13,82,0.4,398,0,OK,,,,,
2026-05-03 1:27:47,-40,0,0,0,0,OK,,,,,
2026-05-03 1:28:03,13,82,0,398,0,OK,,,,,
2026-05-03 1:28:35,-40,0,0,0,0,OK,,,,,
2026-05-03 1:28:51,13,83,0.1,398,0,OK,,,,,
2026-05-03 1:29:07,-40,0,0,0,0,OK,,,,,
2026-05-03 1:29:23,-40,0,0,0,0,OK,,,,,
2026-05-03 1:29:39,-40,0,0,0,0,OK,,,,,
2026-05-03 1:29:55,-40,0,0,0,0,OK,,,,,
2026-05-03 1:30:27,-40,0,0,0,0,OK,,,,,
2026-05-03 1:30:59,13,83,0.1,398,3276.8,OK,,,,,
2026-05-03 1:32:19,-40,0,0,0,0,OK,,,,,
2026-05-03 1:32:51,-40,0,0,0,0,OK,,,,,
2026-05-03 1:33:07,-40,0,0,0,0,OK,,,,,
2026-05-03 1:33:39,-40,0,0,0,0,OK,,,,,
2026-05-03 1:33:55,-40,0,0,0,0,OK,,,,,
2026-05-03 1:34:59,-40,0,0,0,0,OK,,,,,
2026-05-03 1:36:03,13,84,0,399,0,OK,,,,,
2026-05-03 1:36:19,-40,0,0,0,0,OK,,,,,
2026-05-03 1:36:35,-40,0,0,0,0,OK,,,,,
2026-05-03 1:37:07,-40,0,0,0,0,OK,,,,,
2026-05-03 1:38:27,13,84,0,399,0,OK,,,,,
2026-05-03 1:38:43,-40,0,0,0,0,OK,,,,,
2026-05-03 1:38:59,13,84,0,399,4915.2,OK,,,,,
2026-05-03 1:39:15,14.2,84,0,399,0,OK,,,,,
2026-05-03 1:39:31,-40,0,0,0,0,OK,,,,,
2026-05-03 1:39:47,-40,0,0,0,0,OK,,,,,
2026-05-03 1:40:03,-40,0,0,0,0,OK,,,,,
2026-05-03 1:40:19,13,83,0,399,0,OK,,,,,
2026-05-03 1:40:35,-40,0,0,0,0,OK,,,,,
2026-05-03 1:42:11,12.9,84,0,399,0,OK,,,,,
2026-05-03 1:43:15,-40,0,0,0,0,OK,,,,,
2026-05-03 1:43:31,-40,0,0,0,0,OK,,,,,
2026-05-03 1:43:47,-40,0,0,0,0,OK,,,,,
2026-05-03 1:44:03,-40,0,0,0,0,OK,,,,,
2026-05-03 1:44:19,-40,0,0,0,0,OK,,,,,
2026-05-03 1:44:35,12.9,84,0,399,0,OK,,,,,
2026-05-03 1:45:07,-40,0,0,0,0,OK,,,,,
2026-05-03 1:45:23,13,84,0,399,12.8,OK,,,,,
2026-05-03 1:46:27,35.2,83,0,399,0,OK,,,,,
2026-05-03 1:46:43,12.8,83,0,400,4915.2,OK,,,,,
2026-05-03 1:46:59,-40,0,0,0,0,OK,,,,,
2026-05-03 1:47:31,-40,0,0,0,0,OK,,,,,
2026-05-03 1:47:47,12.8,83,0,400,0,OK,,,,,
2026-05-03 1:48:03,-40,0,0,0,0,OK,,,,,
2026-05-03 1:48:35,-40,0,0,0,0,OK,,,,,
2026-05-03 1:48:51,12.8,84,0,400,0,OK,,,,,
2026-05-03 1:50:11,-40,0,0,0,0,OK,,,,,
2026-05-03 1:50:27,-40,0,0,0,0,OK,,,,,
2026-05-03 1:50:59,12.8,84,0,400,9.6,OK,,,,,
2026-05-03 1:51:15,-40,0,0,0,0,OK,,,,,
2026-05-03 1:51:31,-40,0,0,0,0,OK,,,,,
2026-05-03 1:52:03,-40,0,0,0,0,OK,,,,,
2026-05-03 1:52:35,-40,0,0,0,0,OK,,,,,
2026-05-03 1:52:51,-40,0,0,0,0,OK,,,,,
2026-05-03 1:53:07,-40,0,0,0,0,OK,,,,,
2026-05-03 1:53:39,24.8,84,0,400,0,OK,,,,,
2026-05-03 1:53:55,12.8,84,0,484,0,OK,,,,,
2026-05-03 1:54:59,-40,0,0,0,0,OK,,,,,
2026-05-03 1:55:15,-40,0,0,0,0,OK,,,,,
2026-05-03 1:55:31,-40,0,0,0,0,OK,,,,,
2026-05-03 1:55:47,16,95,0,400,12.8,OK,,,,,
2026-05-03 1:56:03,-40,0,0,0,0,OK,,,,,
2026-05-03 1:56:19,-40,0,0,0,0,OK,,,,,
2026-05-03 1:56:35,-40,0,0,0,0,OK,,,,,
2026-05-03 1:56:51,-40,0,0,0,0,OK,,,,,
2026-05-03 1:57:23,-40,0,0,0,0,OK,,,,,
2026-05-03 1:57:39,-40,0,0,0,0,OK,,,,,
2026-05-03 1:58:43,-40,0,0,0,0,OK,,,,,
2026-05-03 1:58:59,12.8,86,0,401,838860.8,OK,,,,,
2026-05-03 1:59:15,-40,0,0,0,0,OK,,,,,
2026-05-03 1:59:47,-40,0,0,0,0,OK,,,,,
2026-05-03 2:00:03,-40,0,0,0,0,OK,,,,,
2026-05-03 2:00:19,16,85,0.1,401,0,OK,,,,,
2026-05-03 2:00:35,-40,0,0,0,0,OK,,,,,
2026-05-03 2:00:51,-40,0,0,0,0,OK,,,,,
2026-05-03 2:01:23,-40,0,0,0,0,OK,,,,,
2026-05-03 2:02:27,-40,0,0,0,0,OK,,,,,
2026-05-03 2:03:31,-40,0,0,0,0,OK,,,,,
2026-05-03 2:03:47,-40,0,0,0,0,OK,,,,,
2026-05-03 2:04:35,12.9,86,0,401,0,OK,,,,,
2026-05-03 2:05:07,-40,0,0,0,0,OK,,,,,
2026-05-03 2:05:23,-40,0,0,0,0,OK,,,,,
2026-05-03 2:05:39,-40,0,0,0,0,OK,,,,,
2026-05-03 2:05:55,12.9,86,0,484,0,OK,,,,,
2026-05-03 2:06:59,12.9,86,0,401,0,OK,,,,,
2026-05-03 2:07:31,-40,0,0,0,0,OK,,,,,
2026-05-03 2:08:19,-40,0,0,0,0,OK,,,,,
2026-05-03 2:08:35,115.2,86,35.8,402,0,OK,,,,,
2026-05-03 2:08:51,12.8,86,0.7,402,0,OK,,,,,
2026-05-03 2:09:07,-40,0,0,0,0,OK,,,,,
2026-05-03 2:09:39,-40,0,0,0,0,OK,,,,,
2026-05-03 2:10:11,-40,0,0,0,0,OK,,,,,
2026-05-03 2:10:27,-40,0,0,0,0,OK,,,,,
2026-05-03 2:11:15,-40,0,0,0,0,OK,,,,,
2026-05-03 2:11:31,-40,0,0,0,0,OK,,,,,
2026-05-03 2:11:47,-40,0,0,0,0,OK,,,,,
2026-05-03 2:12:03,-40,0,0,0,0,OK,,,,,
2026-05-03 2:12:35,-40,0,0,0,0,OK,,,,,
2026-05-03 2:12:51,-40,0,0,0,0,OK,,,,,
2026-05-03 2:13:07,-40,0,0,0,0,OK,,,,,
2026-05-03 2:13:23,-40,0,0,0,0,OK,,,,,
2026-05-03 2:13:55,-40,0,0,0,0,OK,,,,,
2026-05-03 2:14:11,12.8,171,0,914,0,OK,,,,,
2026-05-03 2:14:27,35.2,86,0,3986,0,OK,,,,,
2026-05-03 2:14:43,-40,0,0,0,0,OK,,,,,
2026-05-03 2:14:59,12.8,86,0,32658,0,OK,,,,,
2026-05-03 2:15:15,12.8,246,0,915,0,OK,,,,,
2026-05-03 2:15:31,12.8,86,0,403,838860.8,OK,,,,,
2026-05-03 2:16:03,-40,0,0,0,0,OK,,,,,
2026-05-03 2:16:19,12.8,127,0,511,0,OK,,,,,
2026-05-03 2:17:07,-40,0,0,0,0,OK,,,,,
2026-05-03 2:17:23,-40,0,0,0,0,OK,,,,,
2026-05-03 2:17:39,-40,0,0,0,0,OK,,,,,
2026-05-03 2:17:55,-40,0,0,0,0,OK,,,,,
2026-05-03 2:18:11,12.8,87,0,403,12.8,OK,,,,,
2026-05-03 2:18:27,-40,0,0,0,0,OK,,,,,
2026-05-03 2:18:59,-40,0,0,0,0,OK,,,,,
2026-05-03 2:19:15,-40,0,0,0,0,OK,,,,,
2026-05-03 2:19:31,-40,0,0,0,0,OK,,,,,
2026-05-03 2:19:47,-40,0,0,0,0,OK,,,,,
2026-05-03 2:20:03,12.7,94,0,403,12.8,OK,,,,,
2026-05-03 2:20:19,26.4,119,13.4,403,0,OK,,,,,
2026-05-03 2:20:35,12.7,86,0,403,3276.8,OK,,,,,
2026-05-03 2:20:51,-40,0,0,0,0,OK,,,,,
2026-05-03 2:21:07,-40,0,0,0,0,OK,,,,,
2026-05-03 2:21:23,-40,0,0,0,0,OK,,,,,
2026-05-03 2:21:39,12.7,86,0,403,0,OK,,,,,
2026-05-03 2:22:11,12.7,86,0,65427,0,OK,,,,,
2026-05-03 2:22:43,-40,0,0,0,0,OK,,,,,
2026-05-03 2:23:15,-40,0,0,0,0,OK,,,,,
2026-05-03 2:23:31,-40,0,0,0,0,OK,,,,,
2026-05-03 2:23:47,36.6,85,0.3,436,0,OK,,,,,
2026-05-03 2:24:03,-40,0,0,0,0,OK,,,,,
2026-05-03 2:24:19,-40,0,0,0,0,OK,,,,,
2026-05-03 2:24:35,-40,0,0,0,0,OK,,,,,
2026-05-03 2:24:51,-40,0,0,0,0,OK,,,,,
2026-05-03 2:25:23,-40,0,0,0,0,OK,,,,,
2026-05-03 2:25:39,12.6,86,0,458,0,OK,,,,,
2026-05-03 2:25:55,-40,0,0,0,0,OK,,,,,
2026-05-03 2:26:11,-40,0,0,0,0,OK,,,,,
2026-05-03 2:26:27,-40,0,0,0,0,OK,,,,,
2026-05-03 2:26:43,-40,0,0,0,0,OK,,,,,
2026-05-03 2:26:59,-40,0,0,0,0,OK,,,,,
2026-05-03 2:27:15,-40,0,0,0,0,OK,,,,,
2026-05-03 2:27:31,-40,0,0,0,0,OK,,,,,
2026-05-03 2:28:03,-40,0,0,0,0,OK,,,,,
2026-05-03 2:28:19,-40,0,0,0,0,OK,,,,,
2026-05-03 2:29:23,-13,86,35.8,404,0,OK,,,,,
2026-05-03 2:29:39,-40,0,0,0,0,OK,,,,,
2026-05-03 2:29:55,-40,0,0,0,0,OK,,,,,
2026-05-03 2:30:11,-40,0,0,0,0,OK,,,,,
2026-05-03 2:30:27,-40,0,0,0,0,OK,,,,,
2026-05-03 2:30:43,-40,0,0,0,0,OK,,,,,
2026-05-03 2:31:15,-40,0,0,0,0,OK,,,,,
2026-05-03 2:31:31,-40,0,0,0,0,OK,,,,,
2026-05-03 2:31:47,-40,0,0,0,0,OK,,,,,
2026-05-03 2:32:03,-40,0,0,0,0,OK,,,,,
2026-05-03 2:32:19,-40,0,0,0,0,OK,,,,,
2026-05-03 2:32:51,-40,0,0,0,0,OK,,,,,
2026-05-03 2:33:07,-40,0,0,0,0,OK,,,,,
2026-05-03 2:34:11,-40,0,0,0,0,OK,,,,,
2026-05-03 2:34:27,-40,0,0,0,0,OK,,,,,
2026-05-03 2:34:43,26.4,170,0,32660,838860.8,OK,,,,,
2026-05-03 2:34:59,-40,0,0,0,0,OK,,,,,
2026-05-03 2:35:15,-40,0,0,0,0,OK,,,,,
2026-05-03 2:35:31,-40,0,0,0,0,OK,,,,,
2026-05-03 2:36:03,-40,0,0,0,0,OK,,,,,
2026-05-03 2:36:19,-40,0,0,0,0,OK,,,,,
2026-05-03 2:36:35,-40,0,0,0,0,OK,,,,,
2026-05-03 2:36:51,-40,0,0,0,0,OK,,,,,
2026-05-03 2:37:07,-40,0,0,0,0,OK,,,,,
2026-05-03 2:37:23,-40,0,0,0,0,OK,,,,,
2026-05-03 2:37:39,-40,0,0,0,0,OK,,,,,
2026-05-03 2:37:55,-40,0,0,0,0,OK,,,,,
2026-05-03 2:38:11,-40,0,0,0,0,OK,,,,,
2026-05-03 2:38:27,-40,0,0,0,0,OK,,,,,
2026-05-03 2:38:43,-40,0,0,0,0,OK,,,,,
2026-05-03 2:38:59,-40,0,0,0,0,OK,,,,,
2026-05-03 2:39:15,-40,0,0,0,0,OK,,,,,
2026-05-03 2:39:31,-40,0,0,0,0,OK,,,,,
2026-05-03 2:40:03,-40,0,0,0,0,OK,,,,,
2026-05-03 2:40:19,-40,0,0,0,0,OK,,,,,
2026-05-03 2:40:35,12.6,87,0,508,0,OK,,,,,
2026-05-03 2:40:51,-40,0,0,0,0,OK,,,,,
2026-05-03 2:41:07,-40,0,0,0,0,OK,,,,,
2026-05-03 2:41:23,-40,0,0,0,0,OK,,,,,
2026-05-03 2:41:39,-40,0,0,0,0,OK,,,,,
2026-05-03 2:41:55,-40,0,0,0,0,OK,,,,,
2026-05-03 2:42:11,-40,0,0,0,0,OK,,,,,
2026-05-03 2:42:27,-40,0,0,0,0,OK,,,,,
2026-05-03 2:42:59,-40,0,0,0,0,OK,,,,,
2026-05-03 2:43:15,-40,0,0,0,0,OK,,,,,
2026-05-03 2:43:31,30.3,87,0,404,0,OK,,,,,
2026-05-03 2:43:47,-40,0,0,0,0,OK,,,,,
2026-05-03 2:44:19,127.1,87,0,412,4915.2,OK,,,,,
2026-05-03 2:44:35,-40,0,0,0,0,OK,,,,,
2026-05-03 2:44:51,-40,0,0,0,0,OK,,,,,
2026-05-03 2:45:07,-40,0,0,0,0,OK,,,,,
2026-05-03 2:45:23,-40,0,0,0,0,OK,,,,,
2026-05-03 2:45:39,-40,0,0,0,0,OK,,,,,
2026-05-03 2:45:55,-40,0,0,0,0,OK,,,,,
2026-05-03 2:46:11,-40,0,0,0,0,OK,,,,,
2026-05-03 2:46:27,-40,0,0,0,0,OK,,,,,
2026-05-03 2:46:43,-40,0,0,0,0,OK,,,,,
2026-05-03 2:46:59,12.5,86,17.9,404,3276.8,OK,,,,,
2026-05-03 2:47:15,-40,0,0,0,0,OK,,,,,
2026-05-03 2:47:31,-40,0,0,0,0,OK,,,,,
2026-05-03 2:47:47,-40,0,0,0,0,OK,,,,,
2026-05-03 2:48:03,-40,0,0,0,0,OK,,,,,
2026-05-03 2:48:19,-40,0,0,0,0,OK,,,,,
2026-05-03 2:48:35,-40,0,0,0,0,OK,,,,,
2026-05-03 2:48:51,-40,0,0,0,0,OK,,,,,
2026-05-03 2:49:07,-40,0,0,0,0,OK,,,,,
2026-05-03 2:49:23,-40,0,0,0,0,OK,,,,,
2026-05-03 2:49:39,-40,0,0,0,0,OK,,,,,
2026-05-03 2:49:55,-40,0,0,0,0,OK,,,,,
2026-05-03 2:50:11,-40,0,0,0,0,OK,,,,,
2026-05-03 2:50:27,-40,0,0,0,0,OK,,,,,
2026-05-03 2:50:43,14.1,86,0,404,0,OK,,,,,
2026-05-03 2:50:59,12.5,85,0.1,404,0,OK,,,,,
2026-05-03 2:51:15,-40,0,0,0,0,OK,,,,,
2026-05-03 2:51:31,-40,0,0,0,0,OK,,,,,
2026-05-03 2:51:47,-40,0,0,0,0,OK,,,,,
2026-05-03 2:52:03,-40,0,0,0,0,OK,,,,,
2026-05-03 2:52:19,-40,0,0,0,0,OK,,,,,
2026-05-03 2:52:35,-40,0,0,0,0,OK,,,,,
2026-05-03 2:53:07,-40,0,0,0,0,OK,,,,,
2026-05-03 2:53:23,-40,0,0,0,0,OK,,,,,
2026-05-03 2:53:39,-40,0,0,0,0,OK,,,,,
2026-05-03 2:53:55,-40,0,0,0,0,OK,,,,,
2026-05-03 2:54:11,-40,0,0,0,0,OK,,,,,
2026-05-03 2:54:27,-40,0,0,0,0,OK,,,,,
2026-05-03 2:54:43,-40,0,0,0,0,OK,,,,,
2026-05-03 2:55:15,-40,0,0,0,0,OK,,,,,
2026-05-03 2:55:47,-40,0,0,0,0,OK,,,,,
2026-05-03 2:56:03,-40,0,0,0,0,OK,,,,,
2026-05-03 2:56:19,-40,0,0,0,0,OK,,,,,
2026-05-03 2:56:35,-40,0,0,0,0,OK,,,,,
2026-05-03 2:56:51,-40,0,0,0,0,OK,,,,,
2026-05-03 2:57:07,-40,0,0,0,0,OK,,,,,
2026-05-03 2:57:23,-40,0,0,0,0,OK,,,,,
2026-05-03 2:57:55,-40,0,0,0,0,OK,,,,,
2026-05-03 2:58:11,-40,0,0,0,0,OK,,,,,
2026-05-03 2:58:27,-40,0,0,0,0,OK,,,,,
2026-05-03 2:58:43,-40,0,0,0,0,OK,,,,,
2026-05-03 2:58:59,-40,0,0,0,0,OK,,,,,
2026-05-03 2:59:15,-40,0,0,0,0,OK,,,,,
2026-05-03 2:59:31,-40,0,0,0,0,OK,,,,,
2026-05-03 2:59:47,-40,0,0,0,0,OK,,,,,
2026-05-03 3:00:03,-40,0,0,0,0,OK,,,,,
2026-05-03 3:00:19,-40,0,0,0,0,OK,,,,,
2026-05-03 3:00:35,-40,0,0,0,0,OK,,,,,
2026-05-03 3:00:51,-40,0,0,0,0,OK,,,,,
2026-05-03 3:01:07,-40,0,0,0,0,OK,,,,,
2026-05-03 3:01:23,-40,0,0,0,0,OK,,,,,
2026-05-03 3:01:39,-40,0,0,0,0,OK,,,,,
2026-05-03 3:01:55,-40,0,0,0,0,OK,,,,,
2026-05-03 3:02:11,-40,0,0,0,0,OK,,,,,
2026-05-03 3:02:27,114.9,87,0,407,12.8,OK,,,,,
2026-05-03 3:02:43,-40,0,0,0,0,OK,,,,,
2026-05-03 3:02:59,-40,0,0,0,0,OK,,,,,
2026-05-03 3:03:15,-40,0,0,0,0,OK,,,,,
2026-05-03 3:03:31,-40,0,0,0,0,OK,,,,,
2026-05-03 3:03:47,-40,0,0,0,0,OK,,,,,
2026-05-03 3:04:03,-40,0,0,0,0,OK,,,,,
2026-05-03 3:04:19,-40,0,0,0,0,OK,,,,,
2026-05-03 3:04:35,-40,0,0,0,0,OK,,,,,
2026-05-03 3:04:51,-40,0,0,0,0,OK,,,,,
2026-05-03 3:05:07,-40,0,0,0,0,OK,,,,,
2026-05-03 3:05:23,-40,0,0,0,0,OK,,,,,
2026-05-03 3:05:39,-40,0,0,0,0,OK,,,,,
2026-05-03 3:05:55,-40,0,0,0,0,OK,,,,,
2026-05-03 3:06:11,-40,0,0,0,0,OK,,,,,
2026-05-03 3:06:27,-40,0,0,0,0,OK,,,,,
2026-05-03 3:06:43,-40,0,0,0,0,OK,,,,,
2026-05-03 3:06:59,-40,0,0,0,0,OK,,,,,
2026-05-03 3:07:15,-40,0,0,0,0,OK,,,,,
2026-05-03 3:07:31,-40,0,0,0,0,OK,,,,,
2026-05-03 3:08:03,-40,0,0,0,0,OK,,,,,
2026-05-03 3:08:19,-40,0,0,0,0,OK,,,,,
2026-05-03 3:08:35,-40,0,0,0,0,OK,,,,,
2026-05-03 3:08:51,-40,0,0,0,0,OK,,,,,
2026-05-03 3:09:07,-40,0,0,0,0,OK,,,,,
2026-05-03 3:09:23,-40,0,0,0,0,OK,,,,,
2026-05-03 3:09:39,-40,0,0,0,0,OK,,,,,
2026-05-03 3:09:55,-40,0,0,0,0,OK,,,,,
2026-05-03 3:10:11,-40,0,0,0,0,OK,,,,,
2026-05-03 3:10:27,-40,0,0,0,0,OK,,,,,
2026-05-03 3:10:43,-40,0,0,0,0,OK,,,,,
2026-05-03 3:10:59,-40,0,0,0,0,OK,,,,,
2026-05-03 3:11:15,-40,0,0,0,0,OK,,,,,
2026-05-03 3:11:31,-40,0,0,0,0,OK,,,,,
2026-05-03 3:11:47,-40,0,0,0,0,OK,,,,,
2026-05-03 3:12:03,-40,0,0,0,0,OK,,,,,
2026-05-03 3:12:19,-40,0,0,0,0,OK,,,,,
2026-05-03 3:12:51,-40,0,0,0,0,OK,,,,,
2026-05-03 3:13:07,-40,0,0,0,0,OK,,,,,
2026-05-03 3:13:23,-40,0,0,0,0,OK,,,,,
2026-05-03 3:14:11,-40,0,0,0,0,OK,,,,,
2026-05-03 3:14:59,-40,0,0,0,0,OK,,,,,
2026-05-03 3:15:15,-40,0,0,0,0,OK,,,,,
2026-05-03 3:15:31,-40,0,0,0,0,OK,,,,,
2026-05-03 3:15:47,-13.1,87,107.5,406,0,OK,,,,,
2026-05-03 3:16:03,-40,0,0,0,0,OK,,,,,
2026-05-03 3:16:19,-40,0,0,0,0,OK,,,,,
2026-05-03 3:16:35,-40,0,0,0,0,OK,,,,,
2026-05-03 3:16:51,-40,0,0,0,0,OK,,,,,
2026-05-03 3:17:07,-40,0,0,0,0,OK,,,,,
2026-05-03 3:17:23,-40,0,0,0,0,OK,,,,,
2026-05-03 3:17:55,-40,0,0,0,0,OK,,,,,
2026-05-03 3:18:11,-40,0,0,0,0,OK,,,,,
2026-05-03 3:18:27,-40,0,0,0,0,OK,,,,,
2026-05-03 3:18:43,-40,0,0,0,0,OK,,,,,
2026-05-03 3:18:59,-40,0,0,0,0,OK,,,,,
2026-05-03 3:19:15,-40,0,0,0,0,OK,,,,,
2026-05-03 3:19:31,-40,0,0,0,0,OK,,,,,
2026-05-03 3:19:47,-40,0,0,0,0,OK,,,,,
2026-05-03 3:20:03,-40,0,0,0,0,OK,,,,,
2026-05-03 3:20:35,-40,0,0,0,0,OK,,,,,
2026-05-03 3:20:51,-40,0,0,0,0,OK,,,,,
2026-05-03 3:21:07,-40,0,0,0,0,OK,,,,,
2026-05-03 3:21:23,-40,0,0,0,0,OK,,,,,
2026-05-03 3:21:39,-40,0,0,0,0,OK,,,,,
2026-05-03 3:22:11,12.4,88,0,406,0,OK,,,,,
2026-05-03 3:22:27,-40,0,0,0,0,OK,,,,,
2026-05-03 3:22:43,-40,0,0,0,0,OK,,,,,
2026-05-03 3:22:59,12.4,120,0,406,0,OK,,,,,
2026-05-03 3:23:15,-40,0,0,0,0,OK,,,,,
2026-05-03 3:23:31,-40,0,0,0,0,OK,,,,,
2026-05-03 3:23:47,-40,0,0,0,0,OK,,,,,
2026-05-03 3:24:03,-40,0,0,0,0,OK,,,,,
2026-05-03 3:24:19,-40,0,0,0,0,OK,,,,,
2026-05-03 3:24:35,-40,0,0,0,0,OK,,,,,
2026-05-03 3:24:51,-40,0,0,0,0,OK,,,,,
2026-05-03 3:25:07,-40,0,0,0,0,OK,,,,,
2026-05-03 3:25:23,-40,0,0,0,0,OK,,,,,
2026-05-03 3:25:55,-40,0,0,0,0,OK,,,,,
2026-05-03 3:26:11,-40,0,0,0,0,OK,,,,,
2026-05-03 3:26:27,-40,0,0,0,0,OK,,,,,
2026-05-03 3:26:43,-40,0,0,0,0,OK,,,,,
2026-05-03 3:26:59,-40,0,0,0,0,OK,,,,,
2026-05-03 3:27:15,-40,0,0,0,0,OK,,,,,
2026-05-03 3:27:31,-40,0,0,0,0,OK,,,,,
2026-05-03 3:28:35,-40,0,0,0,0,OK,,,,,
2026-05-03 3:29:07,-40,0,0,0,0,OK,,,,,
2026-05-03 3:29:23,-40,0,0,0,0,OK,,,,,
2026-05-03 3:29:39,-40,0,0,0,0,OK,,,,,
2026-05-03 3:29:55,-40,0,0,0,0,OK,,,,,
2026-05-03 3:30:11,-40,0,0,0,0,OK,,,,,
2026-05-03 3:30:27,-40,0,0,0,0,OK,,,,,
2026-05-03 3:30:43,-40,0,0,0,0,OK,,,,,
2026-05-03 3:30:59,-40,0,0,0,0,OK,,,,,
2026-05-03 3:31:15,-40,0,0,0,0,OK,,,,,
2026-05-03 3:31:31,-40,0,0,0,0,OK,,,,,
2026-05-03 3:31:47,-40,0,0,0,0,OK,,,,,
2026-05-03 3:32:03,-40,0,0,0,0,OK,,,,,
2026-05-03 3:32:19,-40,0,0,0,0,OK,,,,,
2026-05-03 3:32:35,-40,0,0,0,0,OK,,,,,
2026-05-03 3:32:51,-40,0,0,0,0,OK,,,,,
2026-05-03 3:33:23,-40,0,0,0,0,OK,,,,,
2026-05-03 3:33:39,-40,0,0,0,0,OK,,,,,
2026-05-03 3:33:55,-40,0,0,0,0,OK,,,,,
2026-05-03 3:34:11,-40,0,0,0,0,OK,,,,,
2026-05-03 3:34:27,-40,0,0,0,0,OK,,,,,
2026-05-03 3:34:43,-40,0,0,0,0,OK,,,,,
2026-05-03 3:34:59,-40,0,0,0,0,OK,,,,,
2026-05-03 3:35:15,-40,0,0,0,0,OK,,,,,
2026-05-03 3:35:31,-40,0,0,0,0,OK,,,,,
2026-05-03 3:35:47,-40,0,0,0,0,OK,,,,,
2026-05-03 3:36:03,-40,0,0,0,0,OK,,,,,
2026-05-03 3:36:19,72.1,214,35.8,406,0,OK,,,,,
2026-05-03 3:36:35,-40,0,0,0,0,OK,,,,,
2026-05-03 3:36:51,-40,0,0,0,0,OK,,,,,
2026-05-03 3:37:23,-40,0,0,0,0,OK,,,,,
2026-05-03 3:37:55,-40,0,0,0,0,OK,,,,,
2026-05-03 3:38:11,-40,0,0,0,0,OK,,,,,
2026-05-03 3:38:43,24.6,72,8.8,918,4935.6,OK,,,,,
2026-05-03 3:38:59,-40,0,0,0,0,OK,,,,,
2026-05-03 3:39:15,-40,0,0,0,0,OK,,,,,
2026-05-03 3:39:31,-40,0,0,0,0,OK,,,,,
2026-05-03 3:40:03,-40,0,0,0,0,OK,,,,,
2026-05-03 3:40:19,-40,0,0,0,0,OK,,,,,
2026-05-03 3:40:35,-40,0,0,0,0,OK,,,,,
2026-05-03 3:40:51,-40,0,0,0,0,OK,,,,,
2026-05-03 3:41:07,-40,0,0,0,0,OK,,,,,
2026-05-03 3:41:23,-40,0,0,0,0,OK,,,,,
2026-05-03 3:41:39,-40,0,0,0,0,OK,,,,,
2026-05-03 3:41:55,-40,0,0,0,0,OK,,,,,
2026-05-03 3:42:11,-40,0,0,0,0,OK,,,,,
2026-05-03 3:42:27,12.4,122,0,511,0,OK,,,,,
2026-05-03 3:42:43,-40,0,0,0,0,OK,,,,,
2026-05-03 3:42:59,-40,0,0,0,0,OK,,,,,
2026-05-03 3:43:15,-40,0,0,0,0,OK,,,,,
2026-05-03 3:43:47,-40,0,0,0,0,OK,,,,,
2026-05-03 3:44:03,-40,0,0,0,0,OK,,,,,
2026-05-03 3:44:19,-40,0,0,0,0,OK,,,,,
2026-05-03 3:44:35,-40,0,0,0,0,OK,,,,,
2026-05-03 3:44:51,-40,0,0,0,0,OK,,,,,
2026-05-03 3:45:23,-40,0,0,0,0,OK,,,,,
2026-05-03 3:45:39,-40,0,0,0,0,OK,,,,,
2026-05-03 3:45:55,-40,0,0,0,0,OK,,,,,
2026-05-03 3:46:11,-40,0,0,0,0,OK,,,,,
2026-05-03 3:47:15,-40,0,0,0,0,OK,,,,,
2026-05-03 3:47:31,-40,0,0,0,0,OK,,,,,
2026-05-03 3:47:47,-40,0,0,0,0,OK,,,,,
2026-05-03 3:48:03,-40,0,0,0,0,OK,,,,,
2026-05-03 3:48:19,130.2,170,35.8,503,0,OK,,,,,
2026-05-03 3:48:35,-40,0,0,0,0,OK,,,,,
2026-05-03 3:48:51,-40,0,0,0,0,OK,,,,,
2026-05-03 3:49:07,-40,0,0,0,0,OK,,,,,
2026-05-03 3:49:39,-40,0,0,0,0,OK,,,,,
2026-05-03 3:49:55,-40,0,0,0,0,OK,,,,,
2026-05-03 3:50:11,-40,0,0,0,0,OK,,,,,
2026-05-03 3:50:59,-40,0,0,0,0,OK,,,,,
2026-05-03 3:51:15,-40,0,0,0,0,OK,,,,,
2026-05-03 3:51:47,75.8,191,53.8,407,0,OK,,,,,
2026-05-03 3:52:03,-40,0,0,0,0,OK,,,,,
2026-05-03 3:52:19,-40,0,0,0,0,OK,,,,,
2026-05-03 3:52:35,-40,0,0,0,0,OK,,,,,
2026-05-03 3:52:51,-40,0,0,0,0,OK,,,,,
2026-05-03 3:53:07,-40,0,0,0,0,OK,,,,,
2026-05-03 3:53:55,-40,0,0,0,0,OK,,,,,
2026-05-03 3:54:11,-40,0,0,0,0,OK,,,,,
2026-05-03 3:54:27,-40,0,0,0,0,OK,,,,,
2026-05-03 3:54:43,-40,0,0,0,0,OK,,,,,
2026-05-03 3:54:59,-40,0,0,0,0,OK,,,,,
2026-05-03 3:55:15,-40,0,0,0,0,OK,,,,,
2026-05-03 3:55:31,-40,0,0,0,0,OK,,,,,
2026-05-03 3:56:19,-40,0,0,0,0,OK,,,,,
2026-05-03 3:56:35,-40,0,0,0,0,OK,,,,,
2026-05-03 3:56:51,12.2,94,26.9,407,0,OK,,,,,
2026-05-03 3:57:39,-40,0,0,0,0,OK,,,,,
2026-05-03 3:57:55,-13.4,90,36,920,0,OK,,,,,
2026-05-03 3:58:11,-40,0,0,0,0,OK,,,,,
2026-05-03 3:58:27,-40,0,0,0,0,OK,,,,,
2026-05-03 3:58:43,-40,0,0,0,0,OK,,,,,
2026-05-03 3:58:59,12.2,91,0,408,0,OK,,,,,
2026-05-03 3:59:15,-40,0,0,0,0,OK,,,,,
2026-05-03 3:59:31,-40,0,0,0,0,OK,,,,,
2026-05-03 3:59:47,-40,0,0,0,0,OK,,,,,
2026-05-03 4:00:03,-40,0,0,0,0,OK,,,,,
2026-05-03 4:00:35,12.1,91,0.7,505,0,OK,,,,,
2026-05-03 4:00:51,-40,0,0,0,0,OK,,,,,
2026-05-03 4:01:07,-40,0,0,0,0,OK,,,,,
2026-05-03 4:01:23,-40,0,0,0,0,OK,,,,,
2026-05-03 4:02:27,-40,0,0,0,0,OK,,,,,
2026-05-03 4:02:43,-40,0,0,0,0,OK,,,,,
2026-05-03 4:02:59,-40,0,0,0,0,OK,,,,,
2026-05-03 4:03:15,-40,0,0,0,0,OK,,,,,
2026-05-03 4:03:31,-40,0,0,0,0,OK,,,,,
2026-05-03 4:03:47,-40,0,0,0,0,OK,,,,,
2026-05-03 4:04:03,-40,0,0,0,0,OK,,,,,
2026-05-03 4:04:19,-40,0,0,0,0,OK,,,,,
2026-05-03 4:04:35,-40,0,0,0,0,OK,,,,,
2026-05-03 4:04:51,-40,0,0,0,0,OK,,,,,
2026-05-03 4:05:07,-40,0,0,0,0,OK,,,,,
2026-05-03 4:05:23,-40,0,0,0,0,OK,,,,,
2026-05-03 4:05:39,-40,0,0,0,0,OK,,,,,
2026-05-03 4:05:55,-40,0,0,0,0,OK,,,,,
2026-05-03 4:06:11,-40,0,0,0,0,OK,,,,,
2026-05-03 4:06:27,11.9,123,0.3,410,9.6,OK,,,,,
2026-05-03 4:06:43,-40,0,0,0,0,OK,,,,,
2026-05-03 4:06:59,-40,0,0,0,0,OK,,,,,
2026-05-03 4:07:15,-40,0,0,0,0,OK,,,,,
2026-05-03 4:07:31,-40,0,0,0,0,OK,,,,,
2026-05-03 4:07:47,-40,0,0,0,0,OK,,,,,
2026-05-03 4:08:03,-40,0,0,0,0,OK,,,,,
2026-05-03 4:08:19,-40,0,0,0,0,OK,,,,,
2026-05-03 4:08:35,-40,0,0,0,0,OK,,,,,
2026-05-03 4:08:51,-40,0,0,0,0,OK,,,,,
2026-05-03 4:09:07,-40,0,0,0,0,OK,,,,,
2026-05-03 4:09:39,-40,0,0,0,0,OK,,,,,
2026-05-03 4:09:55,-40,0,0,0,0,OK,,,,,
2026-05-03 4:10:11,-40,0,0,0,0,OK,,,,,
2026-05-03 4:10:43,-40,0,0,0,0,OK,,,,,
2026-05-03 4:10:59,-40,0,0,0,0,OK,,,,,
2026-05-03 4:11:15,-40,0,0,0,0,OK,,,,,
2026-05-03 4:12:19,-40,0,0,0,0,OK,,,,,
2026-05-03 4:12:35,-40,0,0,0,0,OK,,,,,
2026-05-03 4:13:39,-40,0,0,0,0,OK,,,,,
2026-05-03 4:13:55,-40,0,0,0,0,OK,,,,,
2026-05-03 4:14:11,-40,0,0,0,0,OK,,,,,
2026-05-03 4:14:27,-40,0,0,0,0,OK,,,,,
2026-05-03 4:14:43,-40,0,0,0,0,OK,,,,,
2026-05-03 4:14:59,-40,0,0,0,0,OK,,,,,
2026-05-03 4:16:03,-40,0,0,0,0,OK,,,,,
2026-05-03 4:16:19,11.9,92,0.1,447,0,OK,,,,,
2026-05-03 4:16:35,-40,0,0,0,0,OK,,,,,
2026-05-03 4:17:07,-40,0,0,0,0,OK,,,,,
2026-05-03 4:17:39,-40,0,0,0,0,OK,,,,,
2026-05-03 4:17:55,-40,0,0,0,0,OK,,,,,
2026-05-03 4:18:43,-40,0,0,0,0,OK,,,,,
2026-05-03 4:19:15,-40,0,0,0,0,OK,,,,,
2026-05-03 4:19:31,-40,0,0,0,0,OK,,,,,
2026-05-03 4:19:47,-40,0,0,0,0,OK,,,,,
2026-05-03 4:20:51,-40,0,0,0,0,OK,,,,,
2026-05-03 4:21:07,-40,0,0,0,0,OK,,,,,
2026-05-03 4:21:23,-40,0,0,0,0,OK,,,,,
2026-05-03 4:21:39,-40,0,0,0,0,OK,,,,,
2026-05-03 4:22:11,-40,0,0,0,0,OK,,,,,
2026-05-03 4:22:27,-40,0,0,0,0,OK,,,,,
2026-05-03 4:22:59,-40,0,0,0,0,OK,,,,,
2026-05-03 4:23:31,-40,0,0,0,0,OK,,,,,
2026-05-03 4:23:47,-40,0,0,0,0,OK,,,,,
2026-05-03 4:24:03,-40,0,0,0,0,OK,,,,,
2026-05-03 4:24:19,-40,0,0,0,0,OK,,,,,
2026-05-03 4:24:51,-40,0,0,0,0,OK,,,,,
2026-05-03 4:25:07,-40,0,0,0,0,OK,,,,,
2026-05-03 4:26:27,-40,0,0,0,0,OK,,,,,
2026-05-03 4:26:59,-40,0,0,0,0,OK,,,,,
2026-05-03 4:27:15,-40,0,0,0,0,OK,,,,,
2026-05-03 4:28:19,-40,0,0,0,0,OK,,,,,
2026-05-03 4:28:51,-40,0,0,0,0,OK,,,,,
2026-05-03 4:29:07,-40,0,0,0,0,OK,,,,,
2026-05-03 4:29:39,-40,0,0,0,0,OK,,,,,
2026-05-03 4:29:55,-40,0,0,0,0,OK,,,,,
2026-05-03 4:30:11,-40,0,0,0,0,OK,,,,,
2026-05-03 4:30:59,-40,0,0,0,0,OK,,,,,
2026-05-03 4:31:15,-40,0,0,0,0,OK,,,,,
2026-05-03 4:31:47,11.7,92,0.1,416,0,OK,,,,,
2026-05-03 4:32:19,-40,0,0,0,0,OK,,,,,
2026-05-03 4:32:35,-40,0,0,0,0,OK,,,,,
2026-05-03 4:32:51,-40,0,0,0,0,OK,,,,,
2026-05-03 4:33:07,-40,0,0,0,0,OK,,,,,
2026-05-03 4:33:23,-40,0,0,0,0,OK,,,,,
2026-05-03 4:33:39,-40,0,0,0,0,OK,,,,,
2026-05-03 4:33:55,-40,0,0,0,0,OK,,,,,
2026-05-03 4:34:11,-40,0,0,0,0,OK,,,,,
2026-05-03 4:34:27,-40,0,0,0,0,OK,,,,,
2026-05-03 4:34:43,-40,0,0,0,0,OK,,,,,
2026-05-03 4:35:15,-40,0,0,0,0,OK,,,,,
2026-05-03 4:36:03,-40,0,0,0,0,OK,,,,,
2026-05-03 4:36:19,-40,0,0,0,0,OK,,,,,
2026-05-03 4:36:51,11.7,92,35.7,418,0,OK,,,,,
2026-05-03 4:37:23,-40,0,0,0,0,OK,,,,,
2026-05-03 4:37:55,37.3,253,42,41472,838886.1,OK,,,,,
2026-05-03 4:38:27,-40,0,0,0,0,OK,,,,,
2026-05-03 4:38:43,-40,0,0,0,0,OK,,,,,
2026-05-03 4:38:59,-40,0,0,0,0,OK,,,,,
2026-05-03 4:39:31,-40,0,0,0,0,OK,,,,,
2026-05-03 4:39:47,11.6,92,34.9,419,0,OK,,,,,
2026-05-03 4:40:19,-40,0,0,0,0,OK,,,,,
2026-05-03 4:41:23,-40,0,0,0,0,OK,,,,,
2026-05-03 4:42:43,-40,0,0,0,0,OK,,,,,
2026-05-03 4:42:59,-40,0,0,0,0,OK,,,,,
2026-05-03 4:43:31,-40,0,0,0,0,OK,,,,,
2026-05-03 4:45:07,138.8,220,53.2,420,0,OK,,,,,
2026-05-03 4:45:39,-40,0,0,0,0,OK,,,,,
2026-05-03 4:45:55,-40,0,0,0,0,OK,,,,,
2026-05-03 4:46:59,-40,0,0,0,0,OK,,,,,
2026-05-03 4:47:31,-40,0,0,0,0,OK,,,,,
2026-05-03 4:48:19,-40,0,0,0,0,OK,,,,,
2026-05-03 4:48:51,11.6,92,17.6,423,0,OK,,,,,
2026-05-03 4:49:07,-40,0,0,0,0,OK,,,,,
2026-05-03 4:50:27,-40,0,0,0,0,OK,,,,,
2026-05-03 4:51:15,-40,0,0,0,0,OK,,,,,
2026-05-03 4:51:31,-40,0,0,0,0,OK,,,,,
2026-05-03 4:52:03,-40,0,0,0,0,OK,,,,,
2026-05-03 4:53:39,-40,0,0,0,0,OK,,,,,
2026-05-03 4:53:55,-40,0,0,0,0,OK,,,,,
2026-05-03 4:54:11,-40,0,0,0,0,OK,,,,,
2026-05-03 4:54:43,-40,0,0,0,0,OK,,,,,
2026-05-03 4:55:47,-40,0,0,0,0,OK,,,,,
2026-05-03 4:56:03,-40,0,0,0,0,OK,,,,,
2026-05-03 4:56:35,139.6,92,55.9,423,24,OK,,,,,
2026-05-03 4:56:51,-40,0,0,0,0,OK,,,,,
2026-05-03 4:57:23,-40,0,0,0,0,OK,,,,,
2026-05-03 4:58:11,11.7,92,0.3,423,0,OK,,,,,
2026-05-03 4:58:43,-40,0,0,0,0,OK,,,,,
2026-05-03 4:59:31,-40,0,0,0,0,OK,,,,,
2026-05-03 5:00:03,-40,0,0,0,0,OK,,,,,
2026-05-03 5:01:23,-40,0,0,0,0,OK,,,,,
2026-05-03 5:02:11,-40,0,0,0,0,OK,,,,,
2026-05-03 5:02:43,-40,0,0,0,0,OK,,,,,
2026-05-03 5:04:19,-40,0,0,0,0,OK,,,,,
2026-05-03 5:04:51,-40,0,0,0,0,OK,,,,,
2026-05-03 5:05:39,-40,0,0,0,0,OK,,,,,
2026-05-03 5:05:55,-40,0,0,0,0,OK,,,,,
2026-05-03 5:06:43,122.8,1,35.7,24830,838860.8,OK,,,,,
2026-05-03 5:07:31,-40,0,0,0,0,OK,,,,,
2026-05-03 5:08:03,-40,0,0,0,0,OK,,,,,
2026-05-03 5:08:19,-40,0,0,0,0,OK,,,,,
2026-05-03 5:08:51,-40,0,0,0,0,OK,,,,,
2026-05-03 5:09:07,-40,0,0,0,0,OK,,,,,
2026-05-03 5:09:39,-40,0,0,0,0,OK,,,,,
2026-05-03 5:09:55,-40,0,0,0,0,OK,,,,,
2026-05-03 5:10:27,-40,0,0,0,0,OK,,,,,
2026-05-03 5:11:47,-40,0,0,0,0,OK,,,,,
2026-05-03 5:12:35,-40,0,0,0,0,OK,,,,,
2026-05-03 5:12:51,-40,0,0,0,0,OK,,,,,
2026-05-03 5:13:39,-40,0,0,0,0,OK,,,,,
2026-05-03 5:14:11,-40,0,0,0,0,OK,,,,,
2026-05-03 5:14:43,-40,0,0,0,0,OK,,,,,
2026-05-03 5:16:35,-40,0,0,0,0,OK,,,,,
2026-05-03 5:17:07,-40,0,0,0,0,OK,,,,,
2026-05-03 5:17:23,-40,0,0,0,0,OK,,,,,
2026-05-03 5:17:39,-40,0,0,0,0,OK,,,,,
2026-05-03 5:18:43,-40,0,0,0,0,OK,,,,,
2026-05-03 5:19:47,-40,0,0,0,0,OK,,,,,
2026-05-03 5:20:03,-40,0,0,0,0,OK,,,,,
2026-05-03 5:20:19,-40,0,0,0,0,OK,,,,,
2026-05-03 5:21:07,-40,0,0,0,0,OK,,,,,
2026-05-03 5:22:11,-40,0,0,0,0,OK,,,,,
2026-05-03 5:23:31,-40,0,0,0,0,OK,,,,,
2026-05-03 5:23:47,-40,0,0,0,0,OK,,,,,
2026-05-03 5:24:51,-40,0,0,0,0,OK,,,,,
2026-05-03 5:25:07,-40,0,0,0,0,OK,,,,,
2026-05-03 5:25:23,-40,0,0,0,0,OK,,,,,
2026-05-03 5:25:39,-40,0,0,0,0,OK,,,,,
2026-05-03 5:25:55,-40,0,0,0,0,OK,,,,,
2026-05-03 5:26:27,-40,0,0,0,0,OK,,,,,
2026-05-03 5:26:43,-40,0,0,0,0,OK,,,,,
2026-05-03 5:26:59,-40,0,0,0,0,OK,,,,,
2026-05-03 5:27:15,-40,0,0,0,0,OK,,,,,
2026-05-03 5:27:47,-40,0,0,0,0,OK,,,,,
2026-05-03 5:28:03,-40,0,0,0,0,OK,,,,,
2026-05-03 5:28:19,-40,0,0,0,0,OK,,,,,
2026-05-03 5:29:39,-40,0,0,0,0,OK,,,,,
2026-05-03 5:29:55,-40,0,0,0,0,OK,,,,,
2026-05-03 5:30:43,-40,0,0,0,0,OK,,,,,
2026-05-03 5:31:31,-40,0,0,0,0,OK,,,,,
2026-05-03 5:31:47,-40,0,0,0,0,OK,,,,,
2026-05-03 5:32:35,-40,0,0,0,0,OK,,,,,
2026-05-03 5:32:51,-40,0,0,0,0,OK,,,,,
2026-05-03 5:33:07,-40,0,0,0,0,OK,,,,,
2026-05-03 5:35:47,-40,0,0,0,0,OK,,,,,
2026-05-03 5:36:03,-40,0,0,0,0,OK,,,,,
2026-05-03 5:36:19,-40,0,0,0,0,OK,,,,,
2026-05-03 5:36:51,-40,0,0,0,0,OK,,,,,
2026-05-03 5:37:55,-40,0,0,0,0,OK,,,,,
2026-05-03 5:38:11,-40,0,0,0,0,OK,,,,,
2026-05-03 5:38:27,-40,0,0,0,0,OK,,,,,
2026-05-03 5:38:43,-40,0,0,0,0,OK,,,,,
2026-05-03 5:38:59,-40,0,0,0,0,OK,,,,,
2026-05-03 5:39:15,-40,0,0,0,0,OK,,,,,
2026-05-03 5:40:19,-40,0,0,0,0,OK,,,,,
2026-05-03 5:40:35,-40,0,0,0,0,OK,,,,,
2026-05-03 5:40:51,-40,0,0,0,0,OK,,,,,
2026-05-03 5:41:07,-40,0,0,0,0,OK,,,,,
2026-05-03 5:41:23,-40,0,0,0,0,OK,,,,,
2026-05-03 5:41:55,-40,0,0,0,0,OK,,,,,
2026-05-03 5:42:27,-40,0,0,0,0,OK,,,,,
2026-05-03 5:42:43,-40,0,0,0,0,OK,,,,,
2026-05-03 5:44:19,-40,0,0,0,0,OK,,,,,
2026-05-03 5:45:07,-40,0,0,0,0,OK,,,,,
2026-05-03 5:45:39,-40,0,0,0,0,OK,,,,,
2026-05-03 5:45:55,-40,0,0,0,0,OK,,,,,
2026-05-03 5:46:27,-40,0,0,0,0,OK,,,,,
2026-05-03 5:46:59,-40,0,0,0,0,OK,,,,,
2026-05-03 5:47:31,-40,0,0,0,0,OK,,,,,
2026-05-03 5:48:51,-40,0,0,0,0,OK,,,,,
2026-05-03 5:49:23,-40,0,0,0,0,OK,,,,,
2026-05-03 5:50:43,-40,0,0,0,0,OK,,,,,
2026-05-03 5:50:59,-40,0,0,0,0,OK,,,,,
2026-05-03 5:51:15,-40,0,0,0,0,OK,,,,,
2026-05-03 5:51:31,-40,0,0,0,0,OK,,,,,
2026-05-03 5:51:47,-40,0,0,0,0,OK,,,,,
2026-05-03 5:52:03,11.8,92,0,431,0,OK,,,,,
2026-05-03 5:52:19,-40,0,0,0,0,OK,,,,,
2026-05-03 5:53:07,-40,0,0,0,0,OK,,,,,
2026-05-03 5:53:39,-40,0,0,0,0,OK,,,,,
2026-05-03 5:54:59,-40,0,0,0,0,OK,,,,,
2026-05-03 5:55:31,-40,0,0,0,0,OK,,,,,
2026-05-03 5:56:19,-40,0,0,0,0,OK,,,,,
2026-05-03 5:57:07,11.8,92,0,432,0,OK,,,,,
2026-05-03 5:57:39,-40,0,0,0,0,OK,,,,,
2026-05-03 5:58:11,-40,0,0,0,0,OK,,,,,
2026-05-03 5:58:27,-40,0,0,0,0,OK,,,,,
2026-05-03 5:58:43,11.8,92,0.1,944,0,OK,,,,,
2026-05-03 6:00:19,-40,0,0,0,0,OK,,,,,
2026-05-03 6:00:35,11.8,92,0,432,0,OK,,,,,
2026-05-03 6:01:07,-40,0,0,0,0,OK,,,,,
2026-05-03 6:01:23,-40,0,0,0,0,OK,,,,,
2026-05-03 6:01:39,-40,0,0,0,0,OK,,,,,
2026-05-03 6:02:11,-40,0,0,0,0,OK,,,,,
2026-05-03 6:02:59,-40,0,0,0,0,OK,,,,,
2026-05-03 6:03:15,-40,0,0,0,0,OK,,,,,
2026-05-03 6:03:31,11.8,92,0,432,0,OK,,,,,
2026-05-03 6:04:19,-40,0,0,0,0,OK,,,,,
2026-05-03 6:04:51,-40,0,0,0,0,OK,,,,,
2026-05-03 6:06:11,-40,0,0,0,0,OK,,,,,
2026-05-03 6:06:27,-40,0,0,0,0,OK,,,,,
2026-05-03 6:07:47,11.9,92,26.5,472,0,OK,,,,,
2026-05-03 6:08:03,-40,0,0,0,0,OK,,,,,
2026-05-03 6:09:07,-40,0,0,0,0,OK,,,,,
2026-05-03 6:09:55,-40,0,0,0,0,OK,,,,,
2026-05-03 6:10:11,-40,0,0,0,0,OK,,,,,
2026-05-03 6:10:27,-40,0,0,0,0,OK,,,,,
2026-05-03 6:10:43,-40,0,0,0,0,OK,,,,,
2026-05-03 6:11:15,-40,0,0,0,0,OK,,,,,
2026-05-03 6:11:31,-40,0,0,0,0,OK,,,,,
2026-05-03 6:12:03,-40,0,0,0,0,OK,,,,,
2026-05-03 6:12:19,-40,0,0,0,0,OK,,,,,
2026-05-03 6:12:51,-40,0,0,0,0,OK,,,,,
2026-05-03 6:13:23,-40,0,0,0,0,OK,,,,,
2026-05-03 6:13:55,11.9,92,0,438,0,OK,,,,,
2026-05-03 6:14:11,-40,0,0,0,0,OK,,,,,
2026-05-03 6:14:27,-40,0,0,0,0,OK,,,,,
2026-05-03 6:14:43,-40,0,0,0,0,OK,,,,,
2026-05-03 6:14:59,-40,0,0,0,0,OK,,,,,
2026-05-03 6:15:15,-40,0,0,0,0,OK,,,,,
2026-05-03 6:16:19,-40,0,0,0,0,OK,,,,,
2026-05-03 6:16:51,-40,0,0,0,0,OK,,,,,
2026-05-03 6:17:07,-40,0,0,0,0,OK,,,,,
2026-05-03 6:17:23,-40,0,0,0,0,OK,,,,,
2026-05-03 6:18:11,-40,0,0,0,0,OK,,,,,
2026-05-03 6:18:27,11.9,92,0.1,434,0,OK,,,,,
2026-05-03 6:18:43,-40,0,0,0,0,OK,,,,,
2026-05-03 6:19:15,-40,0,0,0,0,OK,,,,,
2026-05-03 6:19:31,-40,0,0,0,0,OK,,,,,
2026-05-03 6:19:47,-40,0,0,0,0,OK,,,,,
2026-05-03 6:20:03,114.3,92,35.8,435,32.3,OK,,,,,
2026-05-03 6:20:19,-40,0,0,0,0,OK,,,,,
2026-05-03 6:21:39,11.9,92,0,435,111,OK,,,,,
2026-05-03 6:22:27,-40,0,0,0,0,OK,,,,,
2026-05-03 6:23:31,-40,0,0,0,0,OK,,,,,
2026-05-03 6:24:19,11.9,92,0,435,807.6,OK,,,,,
2026-05-03 6:25:07,11.9,92,0,435,425.5,OK,,,,,
2026-05-03 6:25:23,-40,0,0,0,0,OK,,,,,
2026-05-03 6:25:55,-40,0,0,0,0,OK,,,,,
2026-05-03 6:26:59,11.9,92,0,435,620.2,OK,,,,,
2026-05-03 6:27:15,-40,0,0,0,0,OK,,,,,
2026-05-03 6:28:03,140,92,36.4,435,818.4,OK,,,,,
2026-05-03 6:28:19,-40,0,0,0,0,OK,,,,,
2026-05-03 6:28:51,-40,0,0,0,0,OK,,,,,
2026-05-03 6:29:23,-40,0,0,0,0,OK,,,,,
2026-05-03 6:30:11,-40,0,0,0,0,OK,,,,,
2026-05-03 6:31:31,12,92,0,435,1553.4,OK,,,,,
2026-05-03 6:31:47,-40,0,0,0,0,OK,,,,,
2026-05-03 6:32:03,13.6,92,0,948,1365.3,OK,,,,,
2026-05-03 6:32:19,-40,0,0,0,0,OK,,,,,
2026-05-03 6:32:51,12.1,124,0,436,1286.2,OK,,,,,
2026-05-03 6:33:07,-40,0,0,0,0,OK,,,,,
2026-05-03 6:33:23,-40,0,0,0,0,OK,,,,,
2026-05-03 6:34:27,-40,0,0,0,0,OK,,,,,
2026-05-03 6:35:15,-40,0,0,0,0,OK,,,,,
2026-05-03 6:35:31,-40,0,0,0,0,OK,,,,,
2026-05-03 6:36:51,12.1,92,0,437,803.3,OK,,,,,
2026-05-03 6:37:55,-40,0,0,0,0,OK,,,,,
2026-05-03 6:38:27,-40,0,0,0,0,OK,,,,,
2026-05-03 6:38:43,-40,0,0,0,0,OK,,,,,
2026-05-03 6:38:59,-40,0,0,0,0,OK,,,,,
2026-05-03 6:39:47,-40,0,0,0,0,OK,,,,,
2026-05-03 6:40:03,-40,0,0,0,0,OK,,,,,
2026-05-03 6:40:19,-40,0,0,0,0,OK,,,,,
2026-05-03 6:40:35,-40,0,0,0,0,OK,,,,,
2026-05-03 6:40:51,-40,0,0,0,0,OK,,,,,
2026-05-03 6:41:23,-40,0,0,0,0,OK,,,,,
2026-05-03 6:42:27,-40,0,0,0,0,OK,,,,,
2026-05-03 6:44:19,-40,0,0,0,0,OK,,,,,
2026-05-03 6:44:35,-40,0,0,0,0,OK,,,,,
2026-05-03 6:45:39,127.1,92,107.9,438,840435,OK,,,,,
2026-05-03 6:45:55,37.6,92,108.5,438,840221.9,OK,,,,,
2026-05-03 6:46:27,-40,0,0,0,0,OK,,,,,
2026-05-03 6:46:43,-40,0,0,0,0,OK,,,,,
2026-05-03 6:46:59,-40,0,0,0,0,OK,,,,,
2026-05-03 6:47:15,-13.6,91,107.7,438,1290.3,OK,,,,,
2026-05-03 6:47:31,-40,0,0,0,0,OK,,,,,
2026-05-03 6:47:47,-40,0,0,0,0,OK,,,,,
2026-05-03 6:48:03,12.1,92,0.1,438,3943.2,OK,,,,,
2026-05-03 6:48:35,-40,0,0,0,0,OK,,,,,
2026-05-03 6:49:55,-40,0,0,0,0,OK,,,,,
2026-05-03 6:50:11,-40,0,0,0,0,OK,,,,,
2026-05-03 6:50:27,-13.6,91,107.7,510,1631.7,OK,,,,,
2026-05-03 6:50:59,-40,0,0,0,0,OK,,,,,
2026-05-03 6:51:15,-40,0,0,0,0,OK,,,,,
2026-05-03 6:51:31,12,91,0,438,1452.7,OK,,,,,
2026-05-03 6:52:19,12,91,0.1,438,1269.5,OK,,,,,
2026-05-03 6:52:51,12,91,0.4,438,5218.6,OK,,,,,
2026-05-03 6:53:07,16.8,91,0.4,438,1132.2,OK,,,,,
2026-05-03 6:53:23,-40,0,0,0,0,OK,,,,,
2026-05-03 6:55:31,-40,0,0,0,0,OK,,,,,
2026-05-03 6:56:19,-13.5,91,35.8,438,1132.2,OK,,,,,
2026-05-03 6:56:35,-40,0,0,0,0,OK,,,,,
2026-05-03 6:56:51,12.1,91,0,438,1211.2,OK,,,,,
2026-05-03 6:57:07,10.4,91,36,438,1249.5,OK,,,,,
2026-05-03 6:57:23,-40,0,0,0,0,OK,,,,,
2026-05-03 6:58:11,-40,0,0,0,0,OK,,,,,
2026-05-03 6:58:27,12,91,0,438,1490.1,OK,,,,,
2026-05-03 6:58:43,-40,0,0,0,0,OK,,,,,
2026-05-03 6:58:59,-40,0,0,0,0,OK,,,,,
2026-05-03 6:59:15,-40,0,0,0,0,OK,,,,,
2026-05-03 7:00:03,-40,0,0,0,0,OK,,,,,
2026-05-03 7:00:19,-40,0,0,0,0,OK,,,,,
2026-05-03 7:00:35,-40,0,0,0,0,OK,,,,,
2026-05-03 7:00:51,-40,0,0,0,0,OK,,,,,
2026-05-03 7:01:23,-40,0,0,0,0,OK,,,,,
2026-05-03 7:01:39,-40,0,0,0,0,OK,,,,,
2026-05-03 7:01:55,12.1,92,0,439,2085.1,OK,,,,,
2026-05-03 7:02:11,-40,0,0,0,0,OK,,,,,
2026-05-03 7:03:31,12,92,0,511,2192.4,OK,,,,,
2026-05-03 7:03:47,-40,0,0,0,0,OK,,,,,
2026-05-03 7:04:19,-40,0,0,0,0,OK,,,,,
2026-05-03 7:04:35,-40,0,0,0,0,OK,,,,,
2026-05-03 7:05:39,-40,0,0,0,0,OK,,,,,
2026-05-03 7:05:55,-40,0,0,0,0,OK,,,,,
2026-05-03 7:06:27,12.1,92,0,439,2606.8,OK,,,,,
2026-05-03 7:06:43,-40,0,0,0,0,OK,,,,,
2026-05-03 7:07:47,12.1,92,0,439,2976.8,OK,,,,,
2026-05-03 7:08:03,-40,0,0,0,0,OK,,,,,
2026-05-03 7:08:35,12.1,92,0,439,3087.8,OK,,,,,
2026-05-03 7:09:23,-40,0,0,0,0,OK,,,,,
2026-05-03 7:09:39,-40,0,0,0,0,OK,,,,,
2026-05-03 7:09:55,12.1,92,0,439,2895.4,OK,,,,,
2026-05-03 7:10:27,-40,0,0,0,0,OK,,,,,
2026-05-03 7:10:43,12.1,92,0,439,2595.7,OK,,,,,
2026-05-03 7:12:03,-40,0,0,0,0,OK,,,,,
2026-05-03 7:12:19,-40,0,0,0,0,OK,,,,,
2026-05-03 7:12:35,12.1,92,0,439,1698.3,OK,,,,,
2026-05-03 7:13:55,-40,0,0,0,0,OK,,,,,
2026-05-03 7:14:11,-40,0,0,0,0,OK,,,,,
2026-05-03 7:14:27,-40,0,0,0,0,OK,,,,,
2026-05-03 7:14:59,-40,0,0,0,0,OK,,,,,
2026-05-03 7:15:31,-40,0,0,0,0,OK,,,,,
2026-05-03 7:15:47,-40,0,0,0,0,OK,,,,,
2026-05-03 7:17:07,12.2,220,0,504,2005.5,OK,,,,,
2026-05-03 7:17:23,-40,0,0,0,0,OK,,,,,
2026-05-03 7:17:39,12.2,92,0,440,1598.4,OK,,,,,
2026-05-03 7:17:55,-40,0,0,0,0,OK,,,,,
2026-05-03 7:18:11,-40,0,0,0,0,OK,,,,,
2026-05-03 7:18:59,12.2,92,0.6,440,5759.9,OK,,,,,
2026-05-03 7:19:15,14.2,92,0.1,440,2518,OK,,,,,
2026-05-03 7:19:31,-40,0,0,0,0,OK,,,,,
2026-05-03 7:19:47,-40,0,0,0,0,OK,,,,,
2026-05-03 7:21:07,-40,0,0,0,0,OK,,,,,
2026-05-03 7:21:23,12.2,92,0,440,2603.1,OK,,,,,
2026-05-03 7:21:55,-40,0,0,0,0,OK,,,,,
2026-05-03 7:22:11,-40,0,0,0,0,OK,,,,,
2026-05-03 7:22:27,-40,0,0,0,0,OK,,,,,
2026-05-03 7:22:43,-40,0,0,0,0,OK,,,,,
2026-05-03 7:22:59,-40,0,0,0,0,OK,,,,,
2026-05-03 7:23:15,-40,0,0,0,0,OK,,,,,
2026-05-03 7:23:47,-40,0,0,0,0,OK,,,,,
2026-05-03 7:24:03,-40,0,0,0,0,OK,,,,,
2026-05-03 7:24:19,-40,0,0,0,0,OK,,,,,
2026-05-03 7:25:07,12.1,92,0,494,2366.3,OK,,,,,
2026-05-03 7:26:27,-40,0,0,0,0,OK,,,,,
2026-05-03 7:26:43,-40,0,0,0,0,OK,,,,,
2026-05-03 7:28:03,-40,0,0,0,0,OK,,,,,
2026-05-03 7:28:19,-40,0,0,0,0,OK,,,,,
2026-05-03 7:28:51,-40,0,0,0,0,OK,,,,,
2026-05-03 7:29:39,-40,0,0,0,0,OK,,,,,
2026-05-03 7:29:55,-40,0,0,0,0,OK,,,,,
2026-05-03 7:31:15,12.2,92,0,441,2384.8,OK,,,,,
2026-05-03 7:31:31,-40,0,0,0,0,OK,,,,,
2026-05-03 7:32:03,12.2,92,0,441,2499.5,OK,,,,,
2026-05-03 7:33:07,-40,0,0,0,0,OK,,,,,
2026-05-03 7:33:23,-40,0,0,0,0,OK,,,,,
2026-05-03 7:33:39,-40,0,0,0,0,OK,,,,,
2026-05-03 7:33:55,-40,0,0,0,0,OK,,,,,
2026-05-03 7:35:47,-40,0,0,0,0,OK,,,,,
2026-05-03 7:36:03,-40,0,0,0,0,OK,,,,,
2026-05-03 7:36:35,-40,0,0,0,0,OK,,,,,
2026-05-03 7:37:07,-40,0,0,0,0,OK,,,,,
2026-05-03 7:37:55,12.2,92,0,441,3369,OK,,,,,
2026-05-03 7:40:51,-40,0,0,0,0,OK,,,,,
2026-05-03 7:41:23,-40,0,0,0,0,OK,,,,,
2026-05-03 7:42:11,12.2,92,0,442,3050.8,OK,,,,,
2026-05-03 7:42:27,-40,0,0,0,0,OK,,,,,
2026-05-03 7:42:59,12.2,252,17.9,442,2869.5,OK,,,,,
2026-05-03 7:43:15,-40,0,0,0,0,OK,,,,,
2026-05-03 7:43:47,114.6,220,49.3,442,2710.4,OK,,,,,
2026-05-03 7:44:03,-40,0,0,0,0,OK,,,,,
2026-05-03 7:44:35,-40,0,0,0,0,OK,,,,,
2026-05-03 7:44:51,-40,0,0,0,0,OK,,,,,
2026-05-03 7:45:07,-40,0,0,0,0,OK,,,,,
2026-05-03 7:46:27,-40,0,0,0,0,OK,,,,,
2026-05-03 7:47:15,-40,0,0,0,0,OK,,,,,
2026-05-03 7:47:31,12.2,92,0.6,446,2066.6,OK,,,,,
2026-05-03 7:47:47,23.8,92,0,442,2055.5,OK,,,,,
2026-05-03 7:48:03,-40,0,0,0,0,OK,,,,,
2026-05-03 7:48:19,-40,0,0,0,0,OK,,,,,
2026-05-03 7:48:35,-40,0,0,0,0,OK,,,,,
2026-05-03 7:48:51,-40,0,0,0,0,OK,,,,,
2026-05-03 7:49:55,114.6,92,0,442,2747.4,OK,,,,,
2026-05-03 7:50:11,-40,0,0,0,0,OK,,,,,
2026-05-03 7:51:31,-40,0,0,0,0,OK,,,,,
2026-05-03 7:52:03,12.2,92,0,442,6530.4,OK,,,,,
2026-05-03 7:52:19,-40,0,0,0,0,OK,,,,,
2026-05-03 7:52:35,-40,0,0,0,0,OK,,,,,
2026-05-03 7:52:51,-40,0,0,0,0,OK,,,,,
2026-05-03 7:53:23,-40,0,0,0,0,OK,,,,,
2026-05-03 7:55:31,-40,0,0,0,0,OK,,,,,
2026-05-03 7:56:19,-40,0,0,0,0,OK,,,,,
2026-05-03 7:56:35,63.5,92,0,507,4697.3,OK,,,,,
2026-05-03 7:57:39,-40,0,0,0,0,OK,,,,,
2026-05-03 7:57:55,-40,0,0,0,0,OK,,,,,
2026-05-03 7:58:27,-40,0,0,0,0,OK,,,,,
2026-05-03 7:58:43,12.3,92,0,955,4793.4,OK,,,,,
2026-05-03 7:59:15,12.3,92,0,443,4671.4,OK,,,,,
2026-05-03 8:00:03,-13.3,92,107.8,443,4527.1,OK,,,,,
2026-05-03 8:00:19,-40,0,0,0,0,OK,,,,,
2026-05-03 8:00:35,12.3,92,0.1,443,4564.1,OK,,,,,
2026-05-03 8:00:51,-40,0,0,0,0,OK,,,,,
2026-05-03 8:01:23,12.3,92,1,443,6487.1,OK,,,,,
2026-05-03 8:01:39,-40,0,0,0,0,OK,,,,,
2026-05-03 8:01:55,-40,0,0,0,0,OK,,,,,
2026-05-03 8:02:43,-40,0,0,0,0,OK,,,,,
2026-05-03 8:02:59,-40,0,0,0,0,OK,,,,,
2026-05-03 8:04:51,-40,0,0,0,0,OK,,,,,
2026-05-03 8:05:07,-40,0,0,0,0,OK,,,,,
2026-05-03 8:05:39,-40,0,0,0,0,OK,,,,,
2026-05-03 8:06:11,11.1,92,36.1,444,4945.2,OK,,,,,
2026-05-03 8:06:27,-40,0,0,0,0,OK,,,,,
2026-05-03 8:06:43,-40,0,0,0,0,OK,,,,,
2026-05-03 8:06:59,12.3,91,0,8124,5496.5,OK,,,,,
2026-05-03 8:07:47,-40,0,0,0,0,OK,,,,,
2026-05-03 8:08:35,-40,0,0,0,0,OK,,,,,
2026-05-03 8:08:51,-40,0,0,0,0,OK,,,,,
2026-05-03 8:09:07,-40,0,0,0,0,OK,,,,,
2026-05-03 8:09:39,-40,0,0,0,0,OK,,,,,
2026-05-03 8:09:55,-40,0,0,0,0,OK,,,,,
2026-05-03 8:10:11,-40,0,0,0,0,OK,,,,,
2026-05-03 8:10:27,-40,0,0,0,0,OK,,,,,
2026-05-03 8:11:15,-40,0,0,0,0,OK,,,,,
2026-05-03 8:11:31,12.3,251,0.4,444,845082.5,OK,,,,,
2026-05-03 8:11:47,-40,0,0,0,0,OK,,,,,
2026-05-03 8:12:19,-40,0,0,0,0,OK,,,,,
2026-05-03 8:12:35,-40,0,0,0,0,OK,,,,,
2026-05-03 8:12:51,12.3,91,0.8,478,5629.7,OK,,,,,
2026-05-03 8:13:23,-40,0,0,0,0,OK,,,,,
2026-05-03 8:14:43,-40,0,0,0,0,OK,,,,,
2026-05-03 8:15:47,-40,0,0,0,0,OK,,,,,
2026-05-03 8:16:35,-40,0,0,0,0,OK,,,,,
2026-05-03 8:16:51,-40,0,0,0,0,OK,,,,,
2026-05-03 8:17:07,-40,0,0,0,0,OK,,,,,
2026-05-03 8:17:23,-40,0,0,0,0,OK,,,,,
2026-05-03 8:18:11,-40,0,0,0,0,OK,,,,,
2026-05-03 8:18:27,-40,0,0,0,0,OK,,,,,
2026-05-03 8:19:47,-40,0,0,0,0,OK,,,,,
2026-05-03 8:20:19,12.4,91,0.1,444,5052.5,OK,,,,,
2026-05-03 8:20:51,-40,0,0,0,0,OK,,,,,
2026-05-03 8:21:23,-40,0,0,0,0,OK,,,,,
2026-05-03 8:21:55,-40,0,0,0,0,OK,,,,,
2026-05-03 8:22:43,-40,0,0,0,0,OK,,,,,
2026-05-03 8:22:59,-40,0,0,0,0,OK,,,,,
2026-05-03 8:24:35,12.4,92,0,445,6458.5,OK,,,,,
2026-05-03 8:24:51,-40,0,0,0,0,OK,,,,,
2026-05-03 8:25:07,-40,0,0,0,0,OK,,,,,
2026-05-03 8:25:39,-40,0,0,0,0,OK,,,,,
2026-05-03 8:25:55,-40,0,0,0,0,OK,,,,,
2026-05-03 8:26:11,-40,0,0,0,0,OK,,,,,
2026-05-03 8:26:27,-40,0,0,0,0,OK,,,,,
2026-05-03 8:26:43,-40,0,0,0,0,OK,,,,,
2026-05-03 8:26:59,-40,0,0,0,0,OK,,,,,
2026-05-03 8:27:15,-40,0,0,0,0,OK,,,,,
2026-05-03 8:27:47,-40,0,0,0,0,OK,,,,,
2026-05-03 8:28:03,12.4,92,0,445,4930.4,OK,,,,,
2026-05-03 8:28:19,-40,0,0,0,0,OK,,,,,
2026-05-03 8:28:51,-40,0,0,0,0,OK,,,,,
2026-05-03 8:29:07,-40,0,0,0,0,OK,,,,,
2026-05-03 8:29:39,-40,0,0,0,0,OK,,,,,
2026-05-03 8:31:31,-40,0,0,0,0,OK,,,,,
2026-05-03 8:31:47,-40,0,0,0,0,OK,,,,,
2026-05-03 8:32:03,-40,0,0,0,0,OK,,,,,
2026-05-03 8:32:19,-40,0,0,0,0,OK,,,,,
2026-05-03 8:32:51,12.7,92,0,445,5144.5,OK,,,,,
2026-05-03 8:33:07,-40,0,0,0,0,OK,,,,,
2026-05-03 8:34:27,-40,0,0,0,0,OK,,,,,
2026-05-03 8:34:43,-40,0,0,0,0,OK,,,,,
2026-05-03 8:34:59,-40,0,0,0,0,OK,,,,,
2026-05-03 8:35:15,-40,0,0,0,0,OK,,,,,
2026-05-03 8:35:31,12.6,92,0,445,5848,OK,,,,,
2026-05-03 8:36:03,17.4,92,0.1,445,6003.4,OK,,,,,
2026-05-03 8:36:19,-40,0,0,0,0,OK,,,,,
2026-05-03 8:36:35,-40,0,0,0,0,OK,,,,,
2026-05-03 8:37:55,-40,0,0,0,0,OK,,,,,
2026-05-03 8:38:11,-40,0,0,0,0,OK,,,,,
2026-05-03 8:38:27,-40,0,0,0,0,OK,,,,,
2026-05-03 8:39:31,12.6,92,0,445,5881.3,OK,,,,,
2026-05-03 8:39:47,-40,0,0,0,0,OK,,,,,
2026-05-03 8:40:03,-40,0,0,0,0,OK,,,,,
2026-05-03 8:40:19,-40,0,0,0,0,OK,,,,,
2026-05-03 8:40:51,-40,0,0,0,0,OK,,,,,
2026-05-03 8:41:07,-40,0,0,0,0,OK,,,,,
2026-05-03 8:41:23,-40,0,0,0,0,OK,,,,,
2026-05-03 8:41:55,-40,0,0,0,0,OK,,,,,
2026-05-03 8:42:11,12.6,254,17.9,511,5862.8,OK,,,,,
2026-05-03 8:42:27,-40,0,0,0,0,OK,,,,,
2026-05-03 8:42:59,-40,0,0,0,0,OK,,,,,
2026-05-03 8:43:47,-40,0,0,0,0,OK,,,,,
2026-05-03 8:44:35,-40,0,0,0,0,OK,,,,,
2026-05-03 8:44:51,14.2,92,0,445,5048.8,OK,,,,,
2026-05-03 8:45:39,-40,0,0,0,0,OK,,,,,
2026-05-03 8:46:27,-40,0,0,0,0,OK,,,,,
2026-05-03 8:46:43,-40,0,0,0,0,OK,,,,,
2026-05-03 8:46:59,-40,0,0,0,0,OK,,,,,
2026-05-03 8:47:15,-40,0,0,0,0,OK,,,,,
2026-05-03 8:48:03,-40,0,0,0,0,OK,,,,,
2026-05-03 8:48:35,-40,0,0,0,0,OK,,,,,
2026-05-03 8:49:23,115.1,92,35.8,446,4989.6,OK,,,,,
2026-05-03 8:49:39,-40,0,0,0,0,OK,,,,,
2026-05-03 8:50:43,-40,0,0,0,0,OK,,,,,
2026-05-03 8:50:59,-40,0,0,0,0,OK,,,,,
2026-05-03 8:52:51,-40,0,0,0,0,OK,,,,,
2026-05-03 8:53:07,-40,0,0,0,0,OK,,,,,
2026-05-03 8:53:39,-40,0,0,0,0,OK,,,,,
2026-05-03 8:53:55,-40,0,0,0,0,OK,,,,,
2026-05-03 8:54:11,-40,0,0,0,0,OK,,,,,
2026-05-03 8:54:59,-40,0,0,0,0,OK,,,,,
2026-05-03 8:55:15,-40,0,0,0,0,OK,,,,,
2026-05-03 8:56:19,-40,0,0,0,0,OK,,,,,
2026-05-03 8:57:07,-40,0,0,0,0,OK,,,,,
2026-05-03 8:57:23,-40,0,0,0,0,OK,,,,,
2026-05-03 8:57:39,-40,0,0,0,0,OK,,,,,
2026-05-03 8:57:55,-40,0,0,0,0,OK,,,,,
2026-05-03 8:58:11,-40,0,0,0,0,OK,,,,,
2026-05-03 8:58:27,-40,0,0,0,0,OK,,,,,
2026-05-03 8:58:43,-40,0,0,0,0,OK,,,,,
2026-05-03 8:58:59,-40,0,0,0,0,OK,,,,,
2026-05-03 8:59:31,-40,0,0,0,0,OK,,,,,
2026-05-03 9:00:03,-40,0,0,0,0,OK,,,,,
2026-05-03 9:00:19,-40,0,0,0,0,OK,,,,,
2026-05-03 9:01:55,-40,0,0,0,0,OK,,,,,
2026-05-03 9:02:27,-40,0,0,0,0,OK,,,,,
2026-05-03 9:02:43,-40,0,0,0,0,OK,,,,,
2026-05-03 9:02:59,-40,0,0,0,0,OK,,,,,
2026-05-03 9:03:31,-12.9,92,35.8,446,5631.8,OK,,,,,
2026-05-03 9:03:47,-40,0,0,0,0,OK,,,,,
2026-05-03 9:04:51,-40,0,0,0,0,OK,,,,,
2026-05-03 9:05:55,-40,0,0,0,0,OK,,,,,
2026-05-03 9:06:27,-40,0,0,0,0,OK,,,,,
2026-05-03 9:06:43,-40,0,0,0,0,OK,,,,,
2026-05-03 9:06:59,-40,0,0,0,0,OK,,,,,
2026-05-03 9:07:47,-40,0,0,0,0,OK,,,,,
2026-05-03 9:08:03,-40,0,0,0,0,OK,,,,,
2026-05-03 9:08:51,-40,0,0,0,0,OK,,,,,
2026-05-03 9:09:07,-40,0,0,0,0,OK,,,,,
2026-05-03 9:09:23,-40,0,0,0,0,OK,,,,,
2026-05-03 9:09:39,-40,0,0,0,0,OK,,,,,
2026-05-03 9:10:11,-40,0,0,0,0,OK,,,,,
2026-05-03 9:10:27,-40,0,0,0,0,OK,,,,,
2026-05-03 9:10:43,-40,0,0,0,0,OK,,,,,
2026-05-03 9:10:59,-40,0,0,0,0,OK,,,,,
2026-05-03 9:11:31,-40,0,0,0,0,OK,,,,,
2026-05-03 9:12:19,-40,0,0,0,0,OK,,,,,
2026-05-03 9:12:35,-40,0,0,0,0,OK,,,,,
2026-05-03 9:12:51,-40,0,0,0,0,OK,,,,,
2026-05-03 9:13:07,-40,0,0,0,0,OK,,,,,
2026-05-03 9:13:55,-40,0,0,0,0,OK,,,,,
2026-05-03 9:14:11,-40,0,0,0,0,OK,,,,,
2026-05-03 9:14:27,-40,0,0,0,0,OK,,,,,
2026-05-03 9:14:43,-40,0,0,0,0,OK,,,,,
2026-05-03 9:15:15,-40,0,0,0,0,OK,,,,,
2026-05-03 9:16:19,-40,0,0,0,0,OK,,,,,
2026-05-03 9:17:07,-40,0,0,0,0,OK,,,,,
2026-05-03 9:17:55,-40,0,0,0,0,OK,,,,,
2026-05-03 9:18:27,-40,0,0,0,0,OK,,,,,
2026-05-03 9:18:43,-40,0,0,0,0,OK,,,,,
2026-05-03 9:18:59,-40,0,0,0,0,OK,,,,,
2026-05-03 9:19:15,-40,0,0,0,0,OK,,,,,
2026-05-03 9:19:47,-40,0,0,0,0,OK,,,,,
2026-05-03 9:21:39,-40,0,0,0,0,OK,,,,,
2026-05-03 9:22:11,-40,0,0,0,0,OK,,,,,
2026-05-03 9:22:27,-40,0,0,0,0,OK,,,,,
2026-05-03 9:22:59,-40,0,0,0,0,OK,,,,,
2026-05-03 9:23:31,-40,0,0,0,0,OK,,,,,
2026-05-03 9:24:35,-40,0,0,0,0,OK,,,,,
2026-05-03 9:24:51,-40,0,0,0,0,OK,,,,,
2026-05-03 9:25:23,-40,0,0,0,0,OK,,,,,
2026-05-03 9:26:11,-40,0,0,0,0,OK,,,,,
2026-05-03 9:27:31,-40,0,0,0,0,OK,,,,,
2026-05-03 9:28:03,-40,0,0,0,0,OK,,,,,
2026-05-03 9:28:35,-40,0,0,0,0,OK,,,,,
2026-05-03 9:29:39,-40,0,0,0,0,OK,,,,,
2026-05-03 9:29:55,-40,0,0,0,0,OK,,,,,
2026-05-03 9:30:11,-40,0,0,0,0,OK,,,,,
2026-05-03 9:30:27,-40,0,0,0,0,OK,,,,,
2026-05-03 9:30:43,-40,0,0,0,0,OK,,,,,
2026-05-03 9:31:31,-40,0,0,0,0,OK,,,,,
2026-05-03 9:32:03,-40,0,0,0,0,OK,,,,,
2026-05-03 9:32:35,164.4,189,110.6,48641,1670758.3,OK,,,,,
2026-05-03 9:33:07,-40,0,0,0,0,OK,,,,,
2026-05-03 9:33:39,-40,0,0,0,0,OK,,,,,
2026-05-03 9:33:55,-40,0,0,0,0,OK,,,,,
2026-05-03 9:34:11,-40,0,0,0,0,OK,,,,,
2026-05-03 9:34:43,-40,0,0,0,0,OK,,,,,
2026-05-03 9:36:03,-40,0,0,0,0,OK,,,,,
2026-05-03 9:36:19,-40,0,0,0,0,OK,,,,,
2026-05-03 9:38:11,-40,0,0,0,0,OK,,,,,
2026-05-03 9:39:15,-40,0,0,0,0,OK,,,,,
2026-05-03 9:39:31,-40,0,0,0,0,OK,,,,,
2026-05-03 9:41:39,-40,0,0,0,0,OK,,,,,
2026-05-03 9:41:55,-40,0,0,0,0,OK,,,,,
2026-05-03 9:42:11,-40,0,0,0,0,OK,,,,,
2026-05-03 9:42:43,-40,0,0,0,0,OK,,,,,
2026-05-03 9:42:59,-40,0,0,0,0,OK,,,,,
2026-05-03 9:44:35,-40,0,0,0,0,OK,,,,,
2026-05-03 9:44:51,-40,0,0,0,0,OK,,,,,
2026-05-03 9:45:39,-40,0,0,0,0,OK,,,,,
2026-05-03 9:46:11,-40,0,0,0,0,OK,,,,,
2026-05-03 9:47:31,-40,0,0,0,0,OK,,,,,
2026-05-03 9:48:19,-40,0,0,0,0,OK,,,,,
2026-05-03 9:48:35,-40,0,0,0,0,OK,,,,,
2026-05-03 9:48:51,-40,0,0,0,0,OK,,,,,
2026-05-03 9:49:23,-40,0,0,0,0,OK,,,,,
2026-05-03 9:50:11,-40,0,0,0,0,OK,,,,,
2026-05-03 9:50:43,-40,0,0,0,0,OK,,,,,
2026-05-03 9:51:31,-40,0,0,0,0,OK,,,,,
2026-05-03 9:51:47,-40,0,0,0,0,OK,,,,,
2026-05-03 9:52:03,-40,0,0,0,0,OK,,,,,
2026-05-03 9:52:35,-40,0,0,0,0,OK,,,,,
2026-05-03 9:53:07,-40,0,0,0,0,OK,,,,,
2026-05-03 9:54:43,-40,0,0,0,0,OK,,,,,
2026-05-03 9:54:59,-40,0,0,0,0,OK,,,,,
2026-05-03 9:55:15,-40,0,0,0,0,OK,,,,,
2026-05-03 9:55:31,-40,0,0,0,0,OK,,,,,
2026-05-03 9:55:47,-40,0,0,0,0,OK,,,,,
2026-05-03 9:56:03,-40,0,0,0,0,OK,,,,,
2026-05-03 9:56:19,-40,0,0,0,0,OK,,,,,
2026-05-03 9:57:23,-40,0,0,0,0,OK,,,,,
2026-05-03 9:57:55,-40,0,0,0,0,OK,,,,,
2026-05-03 9:58:11,-40,0,0,0,0,OK,,,,,
2026-05-03 9:59:31,-40,0,0,0,0,OK,,,,,
2026-05-03 9:59:47,-40,0,0,0,0,OK,,,,,
2026-05-03 10:01:07,-40,0,0,0,0,OK,,,,,
2026-05-03 10:01:23,-40,0,0,0,0,OK,,,,,
2026-05-03 10:01:55,-40,0,0,0,0,OK,,,,,
2026-05-03 10:03:31,-40,0,0,0,0,OK,,,,,
2026-05-03 10:03:47,-40,0,0,0,0,OK,,,,,
2026-05-03 10:04:19,-40,0,0,0,0,OK,,,,,
2026-05-03 10:04:35,-40,0,0,0,0,OK,,,,,
2026-05-03 10:04:51,-40,0,0,0,0,OK,,,,,
2026-05-03 10:05:07,-40,0,0,0,0,OK,,,,,
2026-05-03 10:06:11,-40,0,0,0,0,OK,,,,,
2026-05-03 10:06:27,-40,0,0,0,0,OK,,,,,
2026-05-03 10:06:43,-40,0,0,0,0,OK,,,,,
2026-05-03 10:06:59,-40,0,0,0,0,OK,,,,,
2026-05-03 10:07:15,-40,0,0,0,0,OK,,,,,
2026-05-03 10:07:31,-40,0,0,0,0,OK,,,,,
2026-05-03 10:07:47,-40,0,0,0,0,OK,,,,,
2026-05-03 10:08:19,-40,0,0,0,0,OK,,,,,
2026-05-03 10:08:35,-40,0,0,0,0,OK,,,,,
2026-05-03 10:09:07,-40,0,0,0,0,OK,,,,,
2026-05-03 10:09:23,-40,0,0,0,0,OK,,,,,
2026-05-03 10:09:39,-40,0,0,0,0,OK,,,,,
2026-05-03 10:10:11,-40,0,0,0,0,OK,,,,,
2026-05-03 10:10:27,-40,0,0,0,0,OK,,,,,
2026-05-03 10:10:59,-40,0,0,0,0,OK,,,,,
2026-05-03 10:11:31,-40,0,0,0,0,OK,,,,,
2026-05-03 10:12:35,-40,0,0,0,0,OK,,,,,
2026-05-03 10:13:07,-40,0,0,0,0,OK,,,,,
2026-05-03 10:13:23,-40,0,0,0,0,OK,,,,,
2026-05-03 10:13:39,-40,0,0,0,0,OK,,,,,
2026-05-03 10:14:43,-40,0,0,0,0,OK,,,,,
2026-05-03 10:14:59,-40,0,0,0,0,OK,,,,,
2026-05-03 10:15:15,-40,0,0,0,0,OK,,,,,
2026-05-03 10:15:31,-40,0,0,0,0,OK,,,,,
2026-05-03 10:15:47,-40,0,0,0,0,OK,,,,,
2026-05-03 10:16:03,-40,0,0,0,0,OK,,,,,
2026-05-03 10:16:19,-40,0,0,0,0,OK,,,,,
2026-05-03 10:16:35,-40,0,0,0,0,OK,,,,,
2026-05-03 10:17:07,-40,0,0,0,0,OK,,,,,
2026-05-03 10:17:23,-40,0,0,0,0,OK,,,,,
2026-05-03 10:17:39,-40,0,0,0,0,OK,,,,,
2026-05-03 10:17:55,-40,0,0,0,0,OK,,,,,
2026-05-03 10:18:59,-40,0,0,0,0,OK,,,,,
2026-05-03 10:19:31,-40,0,0,0,0,OK,,,,,
2026-05-03 10:19:47,-40,0,0,0,0,OK,,,,,
2026-05-03 10:20:03,-40,0,0,0,0,OK,,,,,
2026-05-03 10:20:51,-40,0,0,0,0,OK,,,,,
2026-05-03 10:21:07,-40,0,0,0,0,OK,,,,,
2026-05-03 10:21:23,-40,0,0,0,0,OK,,,,,
2026-05-03 10:21:39,-40,0,0,0,0,OK,,,,,
2026-05-03 10:22:11,-40,0,0,0,0,OK,,,,,
2026-05-03 10:22:27,-40,0,0,0,0,OK,,,,,
2026-05-03 10:22:43,-40,0,0,0,0,OK,,,,,
2026-05-03 10:23:15,-40,0,0,0,0,OK,,,,,
2026-05-03 10:23:31,-40,0,0,0,0,OK,,,,,
2026-05-03 10:24:03,-40,0,0,0,0,OK,,,,,
2026-05-03 10:25:39,-40,0,0,0,0,OK,,,,,
2026-05-03 10:26:11,-40,0,0,0,0,OK,,,,,
2026-05-03 10:26:43,-40,0,0,0,0,OK,,,,,
2026-05-03 10:26:59,-40,0,0,0,0,OK,,,,,
2026-05-03 10:27:31,-40,0,0,0,0,OK,,,,,
2026-05-03 10:27:47,-40,0,0,0,0,OK,,,,,
2026-05-03 10:28:03,-40,0,0,0,0,OK,,,,,
2026-05-03 10:28:51,-40,0,0,0,0,OK,,,,,
2026-05-03 10:29:23,-40,0,0,0,0,OK,,,,,
2026-05-03 10:30:11,-40,0,0,0,0,OK,,,,,
2026-05-03 10:30:27,-40,0,0,0,0,OK,,,,,
2026-05-03 10:30:43,-40,0,0,0,0,OK,,,,,
2026-05-03 10:30:59,-40,0,0,0,0,OK,,,,,
2026-05-03 10:31:15,-40,0,0,0,0,OK,,,,,
2026-05-03 10:31:31,-40,0,0,0,0,OK,,,,,
2026-05-03 10:31:47,-40,0,0,0,0,OK,,,,,
2026-05-03 10:32:03,-40,0,0,0,0,OK,,,,,
2026-05-03 10:32:35,-40,0,0,0,0,OK,,,,,
2026-05-03 10:32:51,-40,0,0,0,0,OK,,,,,
2026-05-03 10:33:07,-40,0,0,0,0,OK,,,,,
2026-05-03 10:33:23,-40,0,0,0,0,OK,,,,,
2026-05-03 10:33:39,-40,0,0,0,0,OK,,,,,
2026-05-03 10:34:27,-40,0,0,0,0,OK,,,,,
2026-05-03 10:34:43,-40,0,0,0,0,OK,,,,,
2026-05-03 10:34:59,-40,0,0,0,0,OK,,,,,
2026-05-03 10:35:15,-40,0,0,0,0,OK,,,,,
2026-05-03 10:35:31,-40,0,0,0,0,OK,,,,,
2026-05-03 10:36:03,-40,0,0,0,0,OK,,,,,
2026-05-03 10:36:19,-40,0,0,0,0,OK,,,,,
2026-05-03 10:36:35,-40,0,0,0,0,OK,,,,,
2026-05-03 10:36:51,-40,0,0,0,0,OK,,,,,
2026-05-03 10:37:07,-40,0,0,0,0,OK,,,,,
2026-05-03 10:37:23,-40,0,0,0,0,OK,,,,,
2026-05-03 10:38:11,-40,0,0,0,0,OK,,,,,
2026-05-03 10:38:27,-40,0,0,0,0,OK,,,,,
2026-05-03 10:38:43,-40,0,0,0,0,OK,,,,,
2026-05-03 10:38:59,-40,0,0,0,0,OK,,,,,
2026-05-03 10:39:31,-40,0,0,0,0,OK,,,,,
2026-05-03 10:39:47,-40,0,0,0,0,OK,,,,,
2026-05-03 10:40:03,-40,0,0,0,0,OK,,,,,
2026-05-03 10:40:19,-40,0,0,0,0,OK,,,,,
2026-05-03 10:40:35,-40,0,0,0,0,OK,,,,,
2026-05-03 10:40:51,-40,0,0,0,0,OK,,,,,
2026-05-03 10:41:07,-40,0,0,0,0,OK,,,,,
2026-05-03 10:41:23,13.5,220,1.7,65376,9420.7,OK,,,,,
2026-05-03 10:41:39,-40,0,0,0,0,OK,,,,,
2026-05-03 10:41:55,-40,0,0,0,0,OK,,,,,
2026-05-03 10:42:11,13.1,124,0,511,11348.5,OK,,,,,
2026-05-03 10:42:27,13.1,220,17.9,447,11433.4,OK,,,,,
2026-05-03 10:42:43,-40,0,0,0,0,OK,,,,,
2026-05-03 10:43:31,-40,0,0,0,0,OK,,,,,
2026-05-03 10:43:47,-40,0,0,0,0,OK,,,,,
2026-05-03 10:44:03,-40,0,0,0,0,OK,,,,,
2026-05-03 10:44:35,-40,0,0,0,0,OK,,,,,
2026-05-03 10:44:51,-40,0,0,0,0,OK,,,,,
2026-05-03 10:45:23,-40,0,0,0,0,OK,,,,,
2026-05-03 10:45:39,-40,0,0,0,0,OK,,,,,
2026-05-03 10:46:11,-40,0,0,0,0,OK,,,,,
2026-05-03 10:46:27,-40,0,0,0,0,OK,,,,,
2026-05-03 10:46:43,-40,0,0,0,0,OK,,,,,
2026-05-03 10:46:59,-40,0,0,0,0,OK,,,,,
2026-05-03 10:47:15,-40,0,0,0,0,OK,,,,,
2026-05-03 10:47:31,-40,0,0,0,0,OK,,,,,
2026-05-03 10:48:19,-40,0,0,0,0,OK,,,,,
2026-05-03 10:48:35,-40,0,0,0,0,OK,,,,,
2026-05-03 10:49:07,-40,0,0,0,0,OK,,,,,
2026-05-03 10:50:27,-40,0,0,0,0,OK,,,,,
2026-05-03 10:50:43,35.7,174,0,1983,16153.7,OK,,,,,
2026-05-03 10:50:59,-40,0,0,0,0,OK,,,,,
2026-05-03 10:51:31,-40,0,0,0,0,OK,,,,,
2026-05-03 10:51:47,-40,0,0,0,0,OK,,,,,
2026-05-03 10:52:19,-40,0,0,0,0,OK,,,,,
2026-05-03 10:52:35,-40,0,0,0,0,OK,,,,,
2026-05-03 10:52:51,-40,0,0,0,0,OK,,,,,
2026-05-03 10:53:39,-40,0,0,0,0,OK,,,,,
2026-05-03 10:54:11,-40,0,0,0,0,OK,,,,,
2026-05-03 10:54:27,-40,0,0,0,0,OK,,,,,
2026-05-03 10:54:43,-40,0,0,0,0,OK,,,,,
2026-05-03 10:54:59,-40,0,0,0,0,OK,,,,,
2026-05-03 10:55:31,-40,0,0,0,0,OK,,,,,
2026-05-03 10:55:47,-40,0,0,0,0,OK,,,,,
2026-05-03 10:56:03,-40,0,0,0,0,OK,,,,,
2026-05-03 10:56:19,-40,0,0,0,0,OK,,,,,
2026-05-03 10:56:51,-40,0,0,0,0,OK,,,,,
2026-05-03 10:57:07,-40,0,0,0,0,OK,,,,,
2026-05-03 10:57:23,-40,0,0,0,0,OK,,,,,
2026-05-03 10:57:55,-40,0,0,0,0,OK,,,,,
2026-05-03 10:58:11,-40,0,0,0,0,OK,,,,,
2026-05-03 10:58:27,-40,0,0,0,0,OK,,,,,
2026-05-03 10:58:43,-40,0,0,0,0,OK,,,,,
2026-05-03 10:58:59,-40,0,0,0,0,OK,,,,,
2026-05-03 10:59:15,-40,0,0,0,0,OK,,,,,
2026-05-03 10:59:47,-40,0,0,0,0,OK,,,,,
2026-05-03 11:00:35,-40,0,0,0,0,OK,,,,,
2026-05-03 11:00:51,-40,0,0,0,0,OK,,,,,
2026-05-03 11:01:07,-40,0,0,0,0,OK,,,,,
2026-05-03 11:01:23,-40,0,0,0,0,OK,,,,,
2026-05-03 11:01:39,-40,0,0,0,0,OK,,,,,
2026-05-03 11:01:55,-40,0,0,0,0,OK,,,,,
2026-05-03 11:02:11,-40,0,0,0,0,OK,,,,,
2026-05-03 11:02:27,-40,0,0,0,0,OK,,,,,
2026-05-03 11:02:43,-40,0,0,0,0,OK,,,,,
2026-05-03 11:02:59,-40,0,0,0,0,OK,,,,,
2026-05-03 11:03:15,-40,0,0,0,0,OK,,,,,
2026-05-03 11:03:31,-40,0,0,0,0,OK,,,,,
2026-05-03 11:03:47,-40,0,0,0,0,OK,,,,,
2026-05-03 11:04:03,-40,0,0,0,0,OK,,,,,
2026-05-03 11:04:19,-40,0,0,0,0,OK,,,,,
2026-05-03 11:04:35,-40,0,0,0,0,OK,,,,,
2026-05-03 11:04:51,-40,0,0,0,0,OK,,,,,
2026-05-03 11:05:07,-40,0,0,0,0,OK,,,,,
2026-05-03 11:05:24,-40,0,0,0,0,OK,,,,,
2026-05-03 11:05:39,-40,0,0,0,0,OK,,,,,
2026-05-03 11:05:55,-40,0,0,0,0,OK,,,,,
2026-05-03 11:06:11,-40,0,0,0,0,OK,,,,,
2026-05-03 11:06:43,-40,0,0,0,0,OK,,,,,
2026-05-03 11:06:59,-40,0,0,0,0,OK,,,,,
2026-05-03 11:07:15,-40,0,0,0,0,OK,,,,,
2026-05-03 11:07:47,-40,0,0,0,0,OK,,,,,
2026-05-03 11:08:03,-40,0,0,0,0,OK,,,,,
2026-05-03 11:08:19,-40,0,0,0,0,OK,,,,,
2026-05-03 11:08:35,-40,0,0,0,0,OK,,,,,
2026-05-03 11:08:51,-40,0,0,0,0,OK,,,,,
2026-05-03 11:09:23,-40,0,0,0,0,OK,,,,,
2026-05-03 11:09:39,-40,0,0,0,0,OK,,,,,
2026-05-03 11:09:55,-40,0,0,0,0,OK,,,,,
2026-05-03 11:10:11,-40,0,0,0,0,OK,,,,,
2026-05-03 11:11:31,-40,0,0,0,0,OK,,,,,
2026-05-03 11:11:47,-40,0,0,0,0,OK,,,,,
2026-05-03 11:12:03,-40,0,0,0,0,OK,,,,,
2026-05-03 11:12:19,-40,0,0,0,0,OK,,,,,
2026-05-03 11:12:35,-40,0,0,0,0,OK,,,,,
2026-05-03 11:12:51,-40,0,0,0,0,OK,,,,,
2026-05-03 11:13:07,-40,0,0,0,0,OK,,,,,
2026-05-03 11:13:23,-40,0,0,0,0,OK,,,,,
2026-05-03 11:13:55,-40,0,0,0,0,OK,,,,,
2026-05-03 11:14:11,-40,0,0,0,0,OK,,,,,
2026-05-03 11:14:27,-40,0,0,0,0,OK,,,,,
2026-05-03 11:14:43,-40,0,0,0,0,OK,,,,,
2026-05-03 11:14:59,-40,0,0,0,0,OK,,,,,
2026-05-03 11:15:15,-40,0,0,0,0,OK,,,,,
2026-05-03 11:15:31,-40,0,0,0,0,OK,,,,,
2026-05-03 11:15:47,-40,0,0,0,0,OK,,,,,
2026-05-03 11:16:03,-40,0,0,0,0,OK,,,,,
2026-05-03 11:16:51,23.1,219,0,447,832116.4,OK,,,,,
2026-05-03 11:17:07,13.5,251,0.1,447,19647.8,OK,,,,,
2026-05-03 11:17:23,-40,0,0,0,0,OK,,,,,
2026-05-03 11:17:39,-40,0,0,0,0,OK,,,,,
2026-05-03 11:18:11,-40,0,0,0,0,OK,,,,,
2026-05-03 11:19:15,-40,0,0,0,0,OK,,,,,
2026-05-03 11:19:31,-40,0,0,0,0,OK,,,,,
2026-05-03 11:19:47,-40,0,0,0,0,OK,,,,,
2026-05-03 11:20:03,-40,0,0,0,0,OK,,,,,
2026-05-03 11:20:19,-40,0,0,0,0,OK,,,,,
2026-05-03 11:20:51,-40,0,0,0,0,OK,,,,,
2026-05-03 11:21:07,-40,0,0,0,0,OK,,,,,
2026-05-03 11:21:23,-40,0,0,0,0,OK,,,,,
2026-05-03 11:21:39,-40,0,0,0,0,OK,,,,,
2026-05-03 11:21:55,-40,0,0,0,0,OK,,,,,
2026-05-03 11:22:27,-40,0,0,0,0,OK,,,,,
2026-05-03 11:22:43,-40,0,0,0,0,OK,,,,,
2026-05-03 11:23:15,-40,0,0,0,0,OK,,,,,
2026-05-03 11:23:31,23.2,250,17.9,511,15490.9,OK,,,,,
2026-05-03 11:23:47,-40,0,0,0,0,OK,,,,,
2026-05-03 11:24:03,-40,0,0,0,0,OK,,,,,
2026-05-03 11:24:19,-40,0,0,0,0,OK,,,,,
2026-05-03 11:24:35,-40,0,0,0,0,OK,,,,,
2026-05-03 11:24:51,-40,0,0,0,0,OK,,,,,
2026-05-03 11:25:07,-40,0,0,0,0,OK,,,,,
2026-05-03 11:25:39,13.7,94,0,447,826152.5,OK,,,,,
2026-05-03 11:25:55,-40,0,0,0,0,OK,,,,,
2026-05-03 11:26:11,-40,0,0,0,0,OK,,,,,
2026-05-03 11:26:27,-40,0,0,0,0,OK,,,,,
2026-05-03 11:26:43,-40,0,0,0,0,OK,,,,,
2026-05-03 11:26:59,-40,0,0,0,0,OK,,,,,
2026-05-03 11:27:31,-40,0,0,0,0,OK,,,,,
2026-05-03 11:27:47,-40,0,0,0,0,OK,,,,,
2026-05-03 11:28:03,-40,0,0,0,0,OK,,,,,
2026-05-03 11:28:19,-40,0,0,0,0,OK,,,,,
2026-05-03 11:28:51,-40,0,0,0,0,OK,,,,,
2026-05-03 11:29:07,-40,0,0,0,0,OK,,,,,
2026-05-03 11:29:23,-40,0,0,0,0,OK,,,,,
2026-05-03 11:29:39,-40,0,0,0,0,OK,,,,,
2026-05-03 11:30:11,-40,0,0,0,0,OK,,,,,
2026-05-03 11:30:27,-40,0,0,0,0,OK,,,,,
2026-05-03 11:30:59,-40,0,0,0,0,OK,,,,,
2026-05-03 11:31:31,-40,0,0,0,0,OK,,,,,
2026-05-03 11:32:03,-40,0,0,0,0,OK,,,,,
2026-05-03 11:32:19,-40,0,0,0,0,OK,,,,,
2026-05-03 11:32:35,-40,0,0,0,0,OK,,,,,
2026-05-03 11:32:51,-40,0,0,0,0,OK,,,,,
2026-05-03 11:33:07,-40,0,0,0,0,OK,,,,,
2026-05-03 11:33:23,-40,0,0,0,0,OK,,,,,
2026-05-03 11:33:39,-40,0,0,0,0,OK,,,,,
2026-05-03 11:34:27,-11.9,250,53.8,16383,10466.9,OK,,,,,
2026-05-03 11:34:43,-40,0,0,0,0,OK,,,,,
2026-05-03 11:34:59,-40,0,0,0,0,OK,,,,,
2026-05-03 11:35:15,-40,0,0,0,0,OK,,,,,
2026-05-03 11:35:31,-40,0,0,0,0,OK,,,,,
2026-05-03 11:35:47,-40,0,0,0,0,OK,,,,,
2026-05-03 11:36:03,-40,0,0,0,0,OK,,,,,
2026-05-03 11:36:19,-40,0,0,0,0,OK,,,,,
2026-05-03 11:36:35,-40,0,0,0,0,OK,,,,,
2026-05-03 11:36:51,-40,0,0,0,0,OK,,,,,
2026-05-03 11:37:07,-40,0,0,0,0,OK,,,,,
2026-05-03 11:37:23,17,29,0,48897,1654723.1,OK,,,,,
2026-05-03 11:37:39,-40,0,0,0,0,OK,,,,,
2026-05-03 11:37:55,-40,0,0,0,0,OK,,,,,
2026-05-03 11:38:11,-40,0,0,0,0,OK,,,,,
2026-05-03 11:38:43,-40,0,0,0,0,OK,,,,,
2026-05-03 11:38:59,-40,0,0,0,0,OK,,,,,
2026-05-03 11:39:15,-40,0,0,0,0,OK,,,,,
2026-05-03 11:39:31,-40,0,0,0,0,OK,,,,,
2026-05-03 11:40:35,-40,0,0,0,0,OK,,,,,
2026-05-03 11:40:51,-40,0,0,0,0,OK,,,,,
2026-05-03 11:41:07,-40,0,0,0,0,OK,,,,,
2026-05-03 11:41:23,-40,0,0,0,0,OK,,,,,
2026-05-03 11:41:39,-40,0,0,0,0,OK,,,,,
2026-05-03 11:41:55,-40,0,0,0,0,OK,,,,,
2026-05-03 11:42:11,-40,0,0,0,0,OK,,,,,
2026-05-03 11:42:27,-40,0,0,0,0,OK,,,,,
2026-05-03 11:42:43,-40,0,0,0,0,OK,,,,,
2026-05-03 11:42:59,-40,0,0,0,0,OK,,,,,
2026-05-03 11:43:15,-40,0,0,0,0,OK,,,,,
2026-05-03 11:43:31,-40,0,0,0,0,OK,,,,,
2026-05-03 11:43:47,-40,0,0,0,0,OK,,,,,
2026-05-03 11:44:03,-40,0,0,0,0,OK,,,,,
2026-05-03 11:44:19,-40,0,0,0,0,OK,,,,,
2026-05-03 11:44:35,-40,0,0,0,0,OK,,,,,
2026-05-03 11:44:51,-40,0,0,0,0,OK,,,,,
2026-05-03 11:45:07,-40,0,0,0,0,OK,,,,,
2026-05-03 11:45:39,-40,0,0,0,0,OK,,,,,
2026-05-03 11:45:55,-40,0,0,0,0,OK,,,,,
2026-05-03 11:46:11,-40,0,0,0,0,OK,,,,,
2026-05-03 11:46:43,-40,0,0,0,0,OK,,,,,
2026-05-03 11:46:59,-40,0,0,0,0,OK,,,,,
2026-05-03 11:47:15,-40,0,0,0,0,OK,,,,,
2026-05-03 11:47:31,-40,0,0,0,0,OK,,,,,
2026-05-03 11:47:47,-40,0,0,0,0,OK,,,,,
2026-05-03 11:48:03,-40,0,0,0,0,OK,,,,,
2026-05-03 11:48:19,-40,0,0,0,0,OK,,,,,
2026-05-03 11:48:35,-40,0,0,0,0,OK,,,,,
2026-05-03 11:48:51,-40,0,0,0,0,OK,,,,,
2026-05-03 11:49:07,-40,0,0,0,0,OK,,,,,
2026-05-03 11:49:23,-40,0,0,0,0,OK,,,,,
2026-05-03 11:49:39,-40,0,0,0,0,OK,,,,,
2026-05-03 11:49:55,-40,0,0,0,0,OK,,,,,
2026-05-03 11:50:11,-40,0,0,0,0,OK,,,,,
2026-05-03 11:50:28,-40,0,0,0,0,OK,,,,,
2026-05-03 11:50:43,-40,0,0,0,0,OK,,,,,
2026-05-03 11:50:59,-40,0,0,0,0,OK,,,,,
2026-05-03 11:51:15,-40,0,0,0,0,OK,,,,,
2026-05-03 11:51:47,-40,0,0,0,0,OK,,,,,
2026-05-03 11:52:03,-11.8,90,35.8,8127,13104.8,OK,,,,,
2026-05-03 11:52:19,-40,0,0,0,0,OK,,,,,
2026-05-03 11:52:51,-40,0,0,0,0,OK,,,,,
2026-05-03 11:53:07,-40,0,0,0,0,OK,,,,,
2026-05-03 11:53:23,-40,0,0,0,0,OK,,,,,
2026-05-03 11:53:55,-40,0,0,0,0,OK,,,,,
2026-05-03 11:54:27,-40,0,0,0,0,OK,,,,,
2026-05-03 11:54:43,-40,0,0,0,0,OK,,,,,
2026-05-03 11:54:59,-40,0,0,0,0,OK,,,,,
2026-05-03 11:56:03,-40,0,0,0,0,OK,,,,,
2026-05-03 11:56:19,-40,0,0,0,0,OK,,,,,
2026-05-03 11:56:35,-40,0,0,0,0,OK,,,,,
2026-05-03 11:56:51,-40,0,0,0,0,OK,,,,,
2026-05-03 11:57:07,-40,0,0,0,0,OK,,,,,
2026-05-03 11:57:23,-40,0,0,0,0,OK,,,,,
2026-05-03 11:57:39,-40,0,0,0,0,OK,,,,,
2026-05-03 11:57:55,-40,0,0,0,0,OK,,,,,
2026-05-03 11:58:11,-40,0,0,0,0,OK,,,,,
2026-05-03 11:58:27,-40,0,0,0,0,OK,,,,,
2026-05-03 11:58:43,-40,0,0,0,0,OK,,,,,
2026-05-03 11:58:59,-40,0,0,0,0,OK,,,,,
2026-05-03 11:59:15,-40,0,0,0,0,OK,,,,,
2026-05-03 11:59:47,-40,0,0,0,0,OK,,,,,
2026-05-03 12:00:35,-40,0,0,0,0,OK,,,,,
2026-05-03 12:00:51,-40,0,0,0,0,OK,,,,,
2026-05-03 12:01:07,-40,0,0,0,0,OK,,,,,
2026-05-03 12:01:23,-40,0,0,0,0,OK,,,,,
2026-05-03 12:01:39,-40,0,0,0,0,OK,,,,,
2026-05-03 12:01:55,-40,0,0,0,0,OK,,,,,
2026-05-03 12:02:11,-40,0,0,0,0,OK,,,,,
2026-05-03 12:02:27,64.9,89,107.5,447,12261.8,OK,,,,,
2026-05-03 12:02:43,-40,0,0,0,0,OK,,,,,
2026-05-03 12:02:59,-40,0,0,0,0,OK,,,,,
2026-05-03 12:03:15,-40,0,0,0,0,OK,,,,,
2026-05-03 12:03:31,-40,0,0,0,0,OK,,,,,
2026-05-03 12:03:47,-40,0,0,0,0,OK,,,,,
2026-05-03 12:04:03,-40,0,0,0,0,OK,,,,,
2026-05-03 12:04:51,-40,0,0,0,0,OK,,,,,
2026-05-03 12:05:23,-40,0,0,0,0,OK,,,,,
2026-05-03 12:05:39,-40,0,0,0,0,OK,,,,,
2026-05-03 12:06:59,-40,0,0,0,0,OK,,,,,
2026-05-03 12:07:15,-40,0,0,0,0,OK,,,,,
2026-05-03 12:07:31,-40,0,0,0,0,OK,,,,,
2026-05-03 12:07:47,-40,0,0,0,0,OK,,,,,
2026-05-03 12:08:03,-40,0,0,0,0,OK,,,,,
2026-05-03 12:08:19,-40,0,0,0,0,OK,,,,,
2026-05-03 12:08:35,-40,0,0,0,0,OK,,,,,
2026-05-03 12:09:23,-40,0,0,0,0,OK,,,,,
2026-05-03 12:09:39,-40,0,0,0,0,OK,,,,,
2026-05-03 12:09:55,-40,0,0,0,0,OK,,,,,
2026-05-03 12:10:11,116.4,89,37.5,4031,13029.1,OK,,,,,
2026-05-03 12:10:27,-40,0,0,0,0,OK,,,,,
2026-05-03 12:10:59,36.3,254,0,447,12122.8,OK,,,,,
2026-05-03 12:11:47,-40,0,0,0,0,OK,,,,,
2026-05-03 12:12:19,138.7,172,0,447,11075.9,OK,,,,,
2026-05-03 12:12:35,-40,0,0,0,0,OK,,,,,
2026-05-03 12:12:51,-40,0,0,0,0,OK,,,,,
2026-05-03 12:13:07,-40,0,0,0,0,OK,,,,,
2026-05-03 12:13:23,14,89,0,447,10582.9,OK,,,,,
2026-05-03 12:13:39,-40,0,0,0,0,OK,,,,,
2026-05-03 12:13:55,-40,0,0,0,0,OK,,,,,
2026-05-03 12:14:27,-40,0,0,0,0,OK,,,,,
2026-05-03 12:14:59,-40,0,0,0,0,OK,,,,,
2026-05-03 12:15:15,-40,0,0,0,0,OK,,,,,
2026-05-03 12:15:31,-40,0,0,0,0,OK,,,,,
2026-05-03 12:16:03,-40,0,0,0,0,OK,,,,,
2026-05-03 12:17:07,14,217,0,447,10107.3,OK,,,,,
2026-05-03 12:17:23,14,127,0,959,10031.9,OK,,,,,
2026-05-03 12:17:39,-40,0,0,0,0,OK,,,,,
2026-05-03 12:18:27,-40,0,0,0,0,OK,,,,,
2026-05-03 12:19:31,-40,0,0,0,0,OK,,,,,
2026-05-03 12:19:47,-40,0,0,0,0,OK,,,,,
2026-05-03 12:20:03,-40,0,0,0,0,OK,,,,,
2026-05-03 12:20:19,-40,0,0,0,0,OK,,,,,
2026-05-03 12:20:35,14,91,0,511,10348,OK,,,,,
2026-05-03 12:20:51,-40,0,0,0,0,OK,,,,,
2026-05-03 12:21:07,-40,0,0,0,0,OK,,,,,
2026-05-03 12:21:23,-40,0,0,0,0,OK,,,,,
2026-05-03 12:21:39,-40,0,0,0,0,OK,,,,,
2026-05-03 12:21:55,-40,0,0,0,0,OK,,,,,
2026-05-03 12:22:11,-40,0,0,0,0,OK,,,,,
2026-05-03 12:22:27,-40,0,0,0,0,OK,,,,,
2026-05-03 12:22:43,-40,0,0,0,0,OK,,,,,
2026-05-03 12:23:15,-40,0,0,0,0,OK,,,,,
2026-05-03 12:23:47,13.9,88,0,447,10236.1,OK,,,,,
2026-05-03 12:24:03,-40,0,0,0,0,OK,,,,,
2026-05-03 12:24:19,-40,0,0,0,0,OK,,,,,
2026-05-03 12:24:35,-40,0,0,0,0,OK,,,,,
2026-05-03 12:25:07,-40,0,0,0,0,OK,,,,,
2026-05-03 12:25:39,-40,0,0,0,0,OK,,,,,
2026-05-03 12:25:55,-40,0,0,0,0,OK,,,,,
2026-05-03 12:26:11,-40,0,0,0,0,OK,,,,,
2026-05-03 12:26:43,-40,0,0,0,0,OK,,,,,
2026-05-03 12:26:59,-40,0,0,0,0,OK,,,,,
2026-05-03 12:28:35,-40,0,0,0,0,OK,,,,,
2026-05-03 12:28:51,-40,0,0,0,0,OK,,,,,
2026-05-03 12:29:07,-40,0,0,0,0,OK,,,,,
2026-05-03 12:29:55,-40,0,0,0,0,OK,,,,,
2026-05-03 12:30:27,14,88,0,511,12699.9,OK,,,,,
2026-05-03 12:30:43,-40,0,0,0,0,OK,,,,,
2026-05-03 12:30:59,-40,0,0,0,0,OK,,,,,
2026-05-03 12:31:15,-40,0,0,0,0,OK,,,,,
2026-05-03 12:31:31,-40,0,0,0,0,OK,,,,,
2026-05-03 12:32:03,-40,0,0,0,0,OK,,,,,
2026-05-03 12:33:07,-40,0,0,0,0,OK,,,,,
2026-05-03 12:33:55,116.5,89,0,959,11165.8,OK,,,,,
2026-05-03 12:34:11,-40,0,0,0,0,OK,,,,,
2026-05-03 12:34:27,-40,0,0,0,0,OK,,,,,
2026-05-03 12:34:43,-40,0,0,0,0,OK,,,,,
2026-05-03 12:34:59,-40,0,0,0,0,OK,,,,,
2026-05-03 12:35:15,-40,0,0,0,0,OK,,,,,
2026-05-03 12:35:31,-40,0,0,0,0,OK,,,,,
2026-05-03 12:36:03,-40,0,0,0,0,OK,,,,,
2026-05-03 12:36:19,-40,0,0,0,0,OK,,,,,
2026-05-03 12:36:35,-40,0,0,0,0,OK,,,,,
2026-05-03 12:36:51,-40,0,0,0,0,OK,,,,,
2026-05-03 12:37:07,-40,0,0,0,0,OK,,,,,
2026-05-03 12:37:23,-40,0,0,0,0,OK,,,,,
2026-05-03 12:37:39,14.3,89,0,447,8549,OK,,,,,
2026-05-03 12:38:11,14.3,89,0,2047,8648.9,OK,,,,,
2026-05-03 12:38:27,-40,0,0,0,0,OK,,,,,
2026-05-03 12:38:43,-40,0,0,0,0,OK,,,,,
2026-05-03 12:38:59,14.2,88,0,447,8944.9,OK,,,,,
2026-05-03 12:39:15,-40,0,0,0,0,OK,,,,,
2026-05-03 12:39:31,-40,0,0,0,0,OK,,,,,
2026-05-03 12:40:03,14.3,88,0.1,511,12543.9,OK,,,,,
2026-05-03 12:40:35,-40,0,0,0,0,OK,,,,,
2026-05-03 12:40:51,-40,0,0,0,0,OK,,,,,
2026-05-03 12:41:07,14.1,88,0,447,12963.6,OK,,,,,
2026-05-03 12:41:23,-40,0,0,0,0,OK,,,,,
2026-05-03 12:41:39,-40,0,0,0,0,OK,,,,,
2026-05-03 12:42:11,-40,0,0,0,0,OK,,,,,
2026-05-03 12:42:27,-40,0,0,0,0,OK,,,,,
2026-05-03 12:42:43,14.2,88,0,511,10008.7,OK,,,,,
2026-05-03 12:43:15,-40,0,0,0,0,OK,,,,,
2026-05-03 12:43:31,-40,0,0,0,0,OK,,,,,
2026-05-03 12:44:03,14.3,217,0,447,10577.1,OK,,,,,
2026-05-03 12:44:35,-40,0,0,0,0,OK,,,,,
2026-05-03 12:44:51,-40,0,0,0,0,OK,,,,,
2026-05-03 12:45:23,-40,0,0,0,0,OK,,,,,
2026-05-03 12:45:39,-40,0,0,0,0,OK,,,,,
2026-05-03 12:45:55,14.2,88,0,447,9744.1,OK,,,,,
2026-05-03 12:46:11,-40,0,0,0,0,OK,,,,,
2026-05-03 12:46:27,-40,0,0,0,0,OK,,,,,
2026-05-03 12:46:43,23.8,88,0,447,9137.3,OK,,,,,
2026-05-03 12:46:59,-40,0,0,0,0,OK,,,,,
2026-05-03 12:47:31,-40,0,0,0,0,OK,,,,,
2026-05-03 12:48:03,-40,0,0,0,0,OK,,,,,
2026-05-03 12:48:19,-40,0,0,0,0,OK,,,,,
2026-05-03 12:48:35,-40,0,0,0,0,OK,,,,,
2026-05-03 12:48:51,-40,0,0,0,0,OK,,,,,
2026-05-03 12:49:07,-40,0,0,0,0,OK,,,,,
2026-05-03 12:49:55,14.1,215,17.9,447,10252.3,OK,,,,,
2026-05-03 12:50:11,-40,0,0,0,0,OK,,,,,
2026-05-03 12:50:27,-40,0,0,0,0,OK,,,,,
2026-05-03 12:50:43,17.5,87,17.9,447,10646.7,OK,,,,,
2026-05-03 12:50:59,-40,0,0,0,0,OK,,,,,
2026-05-03 12:51:15,-40,0,0,0,0,OK,,,,,
2026-05-03 12:51:31,-40,0,0,0,0,OK,,,,,
2026-05-03 12:52:03,14.1,87,0,447,12866.6,OK,,,,,
2026-05-03 12:52:35,-40,0,0,0,0,OK,,,,,
2026-05-03 12:52:51,-40,0,0,0,0,OK,,,,,
2026-05-03 12:53:07,-40,0,0,0,0,OK,,,,,
2026-05-03 12:53:23,-40,0,0,0,0,OK,,,,,
2026-05-03 12:53:39,-40,0,0,0,0,OK,,,,,
2026-05-03 12:53:55,-40,0,0,0,0,OK,,,,,
2026-05-03 12:54:11,-40,0,0,0,0,OK,,,,,
2026-05-03 12:54:27,14.1,87,0,447,13485.8,OK,,,,,
2026-05-03 12:55:47,-40,0,0,0,0,OK,,,,,
2026-05-03 12:56:19,-40,0,0,0,0,OK,,,,,
2026-05-03 12:56:35,-40,0,0,0,0,OK,,,,,
2026-05-03 12:57:07,-40,0,0,0,0,OK,,,,,
2026-05-03 12:57:23,-40,0,0,0,0,OK,,,,,
2026-05-03 12:57:39,14,87,0.1,4031,11592.1,OK,,,,,
2026-05-03 12:57:55,-40,0,0,0,0,OK,,,,,
2026-05-03 12:58:27,14,88,0.8,4031,9396.3,OK,,,,,
2026-05-03 12:58:59,-40,0,0,0,0,OK,,,,,
2026-05-03 12:59:31,-40,0,0,0,0,OK,,,,,
2026-05-03 12:59:47,17.5,88,0,447,12023,OK,,,,,
2026-05-03 13:00:03,-40,0,0,0,0,OK,,,,,
2026-05-03 13:00:35,-40,0,0,0,0,OK,,,,,
2026-05-03 13:00:51,-40,0,0,0,0,OK,,,,,
2026-05-03 13:01:55,-40,0,0,0,0,OK,,,,,
2026-05-03 13:02:11,-40,0,0,0,0,OK,,,,,
2026-05-03 13:02:27,-40,0,0,0,0,OK,,,,,
2026-05-03 13:02:43,14,87,0,447,98906.3,OK,,,,,
2026-05-03 13:02:59,-40,0,0,0,0,OK,,,,,
2026-05-03 13:03:15,-40,0,0,0,0,OK,,,,,
2026-05-03 13:03:31,-40,0,0,0,0,OK,,,,,
2026-05-03 13:03:47,-40,0,0,0,0,OK,,,,,
2026-05-03 13:04:03,-40,0,0,0,0,OK,,,,,
2026-05-03 13:04:19,-40,0,0,0,0,OK,,,,,
2026-05-03 13:04:35,-40,0,0,0,0,OK,,,,,
2026-05-03 13:04:51,14.2,88,0,447,15634.7,OK,,,,,
2026-05-03 13:05:07,14.2,87,0,447,15506,OK,,,,,
2026-05-03 13:05:23,14.2,87,0,447,15573.8,OK,,,,,
2026-05-03 13:05:39,14.2,215,17.9,447,15800,OK,,,,,
2026-05-03 13:05:55,-40,0,0,0,0,OK,,,,,
2026-05-03 13:06:27,-40,0,0,0,0,OK,,,,,
2026-05-03 13:06:43,-40,0,0,0,0,OK,,,,,
2026-05-03 13:06:59,14.2,87,0,447,18866.9,OK,,,,,
2026-05-03 13:07:15,-40,0,0,0,0,OK,,,,,
2026-05-03 13:07:31,-40,0,0,0,0,OK,,,,,
2026-05-03 13:07:47,14.4,88,0,447,20857.6,OK,,,,,
2026-05-03 13:08:19,-40,0,0,0,0,OK,,,,,
2026-05-03 13:09:23,-40,0,0,0,0,OK,,,,,
2026-05-03 13:09:39,14.3,87,0,1983,20086.2,OK,,,,,
2026-05-03 13:09:55,-40,0,0,0,0,OK,,,,,
2026-05-03 13:10:11,39.9,215,53.8,447,19343.8,OK,,,,,
2026-05-03 13:10:43,14.4,87,0.3,447,18259.2,OK,,,,,
2026-05-03 13:10:59,14.4,87,0,511,17685,OK,,,,,
2026-05-03 13:11:15,-40,0,0,0,0,OK,,,,,
2026-05-03 13:12:03,-40,0,0,0,0,OK,,,,,
2026-05-03 13:12:19,-40,0,0,0,0,OK,,,,,
2026-05-03 13:12:35,14.4,86,0,447,15927.6,OK,,,,,
2026-05-03 13:12:51,-40,0,0,0,0,OK,,,,,
2026-05-03 13:13:55,14.5,87,0,447,199234.1,OK,,,,,
2026-05-03 13:14:11,-40,0,0,0,0,OK,,,,,
2026-05-03 13:15:15,-40,0,0,0,0,OK,,,,,
2026-05-03 13:15:31,33.7,87,0.1,447,14013.6,OK,,,,,
2026-05-03 13:15:47,-40,0,0,0,0,OK,,,,,
2026-05-03 13:16:03,-40,0,0,0,0,OK,,,,,
2026-05-03 13:16:19,-40,0,0,0,0,OK,,,,,
2026-05-03 13:16:35,14.5,215,17.9,1023,13951,OK,,,,,
2026-05-03 13:16:51,-40,0,0,0,0,OK,,,,,
2026-05-03 13:17:07,-40,0,0,0,0,OK,,,,,
2026-05-03 13:18:43,-40,0,0,0,0,OK,,,,,
2026-05-03 13:18:59,14.4,86,0,447,320836.3,OK,,,,,
2026-05-03 13:20:03,-40,0,0,0,0,OK,,,,,
2026-05-03 13:20:19,14.3,86,0,447,15922.4,OK,,,,,
2026-05-03 13:20:35,-40,0,0,0,0,OK,,,,,
2026-05-03 13:20:51,-40,0,0,0,0,OK,,,,,
2026-05-03 13:22:11,-40,0,0,0,0,OK,,,,,
2026-05-03 13:22:27,-40,0,0,0,0,OK,,,,,
2026-05-03 13:22:43,-40,0,0,0,0,OK,,,,,
2026-05-03 13:22:59,-40,0,0,0,0,OK,,,,,
2026-05-03 13:23:15,-40,0,0,0,0,OK,,,,,
2026-05-03 13:23:31,-40,0,0,0,0,OK,,,,,
2026-05-03 13:23:47,-40,0,0,0,0,OK,,,,,
2026-05-03 13:24:03,-40,0,0,0,0,OK,,,,,
2026-05-03 13:24:19,-40,0,0,0,0,OK,,,,,
2026-05-03 13:24:35,14.3,86,0.1,447,17911.2,OK,,,,,
2026-05-03 13:25:07,-40,0,0,0,0,OK,,,,,
2026-05-03 13:25:39,14.3,87,0.1,447,15194.3,OK,,,,,
2026-05-03 13:25:55,-40,0,0,0,0,OK,,,,,
2026-05-03 13:26:59,-40,0,0,0,0,OK,,,,,
2026-05-03 13:28:35,116.6,214,18.2,447,18022.3,OK,,,,,
2026-05-03 13:28:51,14.2,87,0.1,447,17635.7,OK,,,,,
2026-05-03 13:29:07,14.3,87,0.6,447,19082.7,OK,,,,,
2026-05-03 13:29:23,14.2,86,0.3,447,630725.9,OK,,,,,
2026-05-03 13:29:39,14.2,86,0,511,17664.7,OK,,,,,
2026-05-03 13:30:11,-40,0,0,0,0,OK,,,,,
2026-05-03 13:31:15,-40,0,0,0,0,OK,,,,,
2026-05-03 13:31:47,-40,0,0,0,0,OK,,,,,
2026-05-03 13:32:03,14.4,87,0,447,16568.5,OK,,,,,
2026-05-03 13:32:51,-40,0,0,0,0,OK,,,,,
2026-05-03 13:33:07,-40,0,0,0,0,OK,,,,,
2026-05-03 13:33:23,-40,0,0,0,0,OK,,,,,
2026-05-03 13:33:39,-40,0,0,0,0,OK,,,,,
2026-05-03 13:33:55,-40,0,0,0,0,OK,,,,,
2026-05-03 13:34:27,-40,0,0,0,0,OK,,,,,
2026-05-03 13:34:43,14.3,86,0.3,447,16272.7,OK,,,,,
2026-05-03 13:34:59,-40,0,0,0,0,OK,,,,,
2026-05-03 13:35:15,-40,0,0,0,0,OK,,,,,
2026-05-03 13:35:31,14.2,214,0.7,447,17351.5,OK,,,,,
2026-05-03 13:35:47,-40,0,0,0,0,OK,,,,,
2026-05-03 13:36:03,-40,0,0,0,0,OK,,,,,
2026-05-03 13:37:07,-40,0,0,0,0,OK,,,,,
2026-05-03 13:37:23,-40,0,0,0,0,OK,,,,,
2026-05-03 13:37:39,-40,0,0,0,0,OK,,,,,
2026-05-03 13:37:55,-40,0,0,0,0,OK,,,,,
2026-05-03 13:38:11,-40,0,0,0,0,OK,,,,,
2026-05-03 13:38:43,-40,0,0,0,0,OK,,,,,
2026-05-03 13:38:59,14.2,87,0,447,19352.5,OK,,,,,
2026-05-03 13:39:15,14.3,87,0.7,447,18894.3,OK,,,,,
2026-05-03 13:39:31,14.2,86,1.1,447,19627.9,OK,,,,,
2026-05-03 13:39:47,-40,0,0,0,0,OK,,,,,
2026-05-03 13:40:03,14.2,86,0.3,4031,850080.1,OK,,,,,
2026-05-03 13:40:19,-40,0,0,0,0,OK,,,,,
2026-05-03 13:40:35,-40,0,0,0,0,OK,,,,,
2026-05-03 13:40:51,14.2,86,0.1,447,19090.6,OK,,,,,
2026-05-03 13:41:07,-40,0,0,0,0,OK,,,,,
2026-05-03 13:41:23,-40,0,0,0,0,OK,,,,,
2026-05-03 13:41:39,14.1,86,1.3,447,17252.9,OK,,,,,
2026-05-03 13:42:11,-40,0,0,0,0,OK,,,,,
2026-05-03 13:42:27,25.5,87,0,447,15884.1,OK,,,,,
2026-05-03 13:42:43,14.2,87,0.3,447,15570.9,OK,,,,,
2026-05-03 13:42:59,-40,0,0,0,0,OK,,,,,
2026-05-03 13:43:15,14.1,86,1.3,447,847709.9,OK,,,,,
2026-05-03 13:43:31,-40,0,0,0,0,OK,,,,,
2026-05-03 13:44:19,-40,0,0,0,0,OK,,,,,
2026-05-03 13:44:35,-40,0,0,0,0,OK,,,,,
2026-05-03 13:45:07,-40,0,0,0,0,OK,,,,,
2026-05-03 13:45:23,-40,0,0,0,0,OK,,,,,
2026-05-03 13:45:39,-40,0,0,0,0,OK,,,,,
2026-05-03 13:45:55,-40,0,0,0,0,OK,,,,,
2026-05-03 13:46:11,14.1,95,0,447,17177.5,OK,,,,,
2026-05-03 13:46:27,14.1,94,0,447,17859,OK,,,,,
2026-05-03 13:46:59,14.1,86,0,447,13915.1,OK,,,,,
2026-05-03 13:47:15,-40,0,0,0,0,OK,,,,,
2026-05-03 13:47:31,14.2,87,0,8127,18871.1,OK,,,,,
2026-05-03 13:47:47,-40,0,0,0,0,OK,,,,,
2026-05-03 13:48:03,-40,0,0,0,0,OK,,,,,
2026-05-03 13:48:35,-40,0,0,0,0,OK,,,,,
2026-05-03 13:48:51,-40,0,0,0,0,OK,,,,,
2026-05-03 13:49:07,-40,0,0,0,0,OK,,,,,
2026-05-03 13:49:23,-40,0,0,0,0,OK,,,,,
2026-05-03 13:49:39,-40,0,0,0,0,OK,,,,,
2026-05-03 13:50:11,-40,0,0,0,0,OK,,,,,
2026-05-03 13:50:43,-40,0,0,0,0,OK,,,,,
2026-05-03 13:50:59,-40,0,0,0,0,OK,,,,,
2026-05-03 13:51:15,-40,0,0,0,0,OK,,,,,
2026-05-03 13:51:31,-40,0,0,0,0,OK,,,,,
2026-05-03 13:51:47,-40,0,0,0,0,OK,,,,,
2026-05-03 13:52:03,-40,0,0,0,0,OK,,,,,
2026-05-03 13:52:19,-40,0,0,0,0,OK,,,,,
2026-05-03 13:52:35,-40,0,0,0,0,OK,,,,,
2026-05-03 13:52:51,-40,0,0,0,0,OK,,,,,
2026-05-03 13:53:07,-40,0,0,0,0,OK,,,,,
2026-05-03 13:53:23,-40,0,0,0,0,OK,,,,,
2026-05-03 13:53:39,14.2,86,0.1,447,20640.1,OK,,,,,
2026-05-03 13:53:55,-40,0,0,0,0,OK,,,,,
2026-05-03 13:54:11,-40,0,0,0,0,OK,,,,,
2026-05-03 13:54:27,-40,0,0,0,0,OK,,,,,
2026-05-03 13:54:43,-40,0,0,0,0,OK,,,,,
2026-05-03 13:55:47,-11.2,171,35.8,447,634066.2,OK,,,,,
2026-05-03 13:56:03,-40,0,0,0,0,OK,,,,,
2026-05-03 13:56:19,-40,0,0,0,0,OK,,,,,
2026-05-03 13:56:35,-5.8,13,72.1,48898,1520421.1,OK,,,,,
2026-05-03 13:56:51,-40,0,0,0,0,OK,,,,,
2026-05-03 13:57:07,-40,0,0,0,0,OK,,,,,
2026-05-03 13:57:55,14.4,86,0.6,447,18064.9,OK,,,,,
2026-05-03 13:58:11,-40,0,0,0,0,OK,,,,,
2026-05-03 13:58:27,-40,0,0,0,0,OK,,,,,
2026-05-03 13:58:43,-40,0,0,0,0,OK,,,,,
2026-05-03 13:58:59,-40,0,0,0,0,OK,,,,,
2026-05-03 13:59:15,-40,0,0,0,0,OK,,,,,
2026-05-03 13:59:31,-40,0,0,0,0,OK,,,,,
2026-05-03 13:59:47,-40,0,0,0,0,OK,,,,,
2026-05-03 14:00:03,14.3,86,0,447,18792.8,OK,,,,,
2026-05-03 14:00:19,14.4,246,17.9,447,19126.3,OK,,,,,
2026-05-03 14:00:35,-40,0,0,0,0,OK,,,,,
2026-05-03 14:00:51,-40,0,0,0,0,OK,,,,,
2026-05-03 14:01:07,14.4,86,0,447,18769.6,OK,,,,,
2026-05-03 14:01:23,14.4,246,0,447,18627.5,OK,,,,,
2026-05-03 14:01:39,-40,0,0,0,0,OK,,,,,
2026-05-03 14:01:55,-40,0,0,0,0,OK,,,,,
2026-05-03 14:02:11,-40,0,0,0,0,OK,,,,,
2026-05-03 14:02:27,-40,0,0,0,0,OK,,,,,
2026-05-03 14:02:43,14.5,86,0.1,447,18615.9,OK,,,,,
2026-05-03 14:02:59,-40,0,0,0,0,OK,,,,,
2026-05-03 14:03:15,14.6,86,0,447,18821.8,OK,,,,,
2026-05-03 14:03:31,14.6,214,0,447,19117.6,OK,,,,,
2026-05-03 14:03:47,14.6,86,13.4,447,19207.5,OK,,,,,
2026-05-03 14:04:03,-40,0,0,0,0,OK,,,,,
2026-05-03 14:04:19,-10.9,86,36.1,447,18818.9,OK,,,,,
2026-05-03 14:04:35,-40,0,0,0,0,OK,,,,,
2026-05-03 14:04:51,-40,0,0,0,0,OK,,,,,
2026-05-03 14:05:07,-40,0,0,0,0,OK,,,,,
2026-05-03 14:05:23,116.9,84,4.2,447,19654.1,OK,,,,,
2026-05-03 14:05:39,-40,0,0,0,0,OK,,,,,
2026-05-03 14:05:55,-40,0,0,0,0,OK,,,,,
2026-05-03 14:06:11,-40,0,0,0,0,OK,,,,,
2026-05-03 14:06:27,14.4,85,18.6,447,20608.2,OK,,,,,
2026-05-03 14:06:43,-40,0,0,0,0,OK,,,,,
2026-05-03 14:07:15,-40,0,0,0,0,OK,,,,,
2026-05-03 14:07:31,17.4,86,0.7,447,1673646.8,OK,,,,,
2026-05-03 14:07:47,-40,0,0,0,0,OK,,,,,
2026-05-03 14:08:03,14.1,85,0.6,447,100385.3,OK,,,,,
2026-05-03 14:08:19,14.2,86,0.4,447,24653.5,OK,,,,,
2026-05-03 14:08:51,-40,0,0,0,0,OK,,,,,
2026-05-03 14:09:07,14.1,85,0.6,447,20982.3,OK,,,,,
2026-05-03 14:09:23,-40,0,0,0,0,OK,,,,,
2026-05-03 14:09:39,-40,0,0,0,0,OK,,,,,
2026-05-03 14:09:55,-40,0,0,0,0,OK,,,,,
2026-05-03 14:10:59,14.2,85,0.8,65471,18740.6,OK,,,,,
2026-05-03 14:11:15,14.1,85,0.3,447,18642,OK,,,,,
2026-05-03 14:11:31,-40,0,0,0,0,OK,,,,,
2026-05-03 14:11:47,-40,0,0,0,0,OK,,,,,
2026-05-03 14:12:03,-40,0,0,0,0,OK,,,,,
2026-05-03 14:12:19,-40,0,0,0,0,OK,,,,,
2026-05-03 14:12:35,14.2,86,35.6,447,20025.3,OK,,,,,
2026-05-03 14:12:51,14.2,246,26.9,447,26203.4,OK,,,,,
2026-05-03 14:13:07,-40,0,0,0,0,OK,,,,,
2026-05-03 14:13:23,-40,0,0,0,0,OK,,,,,
2026-05-03 14:13:39,-40,0,0,0,0,OK,,,,,
2026-05-03 14:13:55,14.2,86,1,447,22243.8,OK,,,,,
2026-05-03 14:14:11,-40,0,0,0,0,OK,,,,,
2026-05-03 14:14:27,-40,0,0,0,0,OK,,,,,
2026-05-03 14:14:43,25.5,86,0.4,447,22774.5,OK,,,,,
2026-05-03 14:14:59,-40,0,0,0,0,OK,,,,,
2026-05-03 14:15:15,-40,0,0,0,0,OK,,,,,
2026-05-03 14:15:31,-40,0,0,0,0,OK,,,,,
2026-05-03 14:15:47,-40,0,0,0,0,OK,,,,,
2026-05-03 14:16:03,-40,0,0,0,0,OK,,,,,
2026-05-03 14:16:19,14.3,86,0.3,511,21057.7,OK,,,,,
2026-05-03 14:16:35,14.3,86,0.3,447,20292.1,OK,,,,,
2026-05-03 14:16:51,14.3,85,1.1,447,19613.5,OK,,,,,
2026-05-03 14:17:07,-40,0,0,0,0,OK,,,,,
2026-05-03 14:17:23,-40,0,0,0,0,OK,,,,,
2026-05-03 14:17:39,-40,0,0,0,0,OK,,,,,
2026-05-03 14:18:11,-40,0,0,0,0,OK,,,,,
2026-05-03 14:18:27,-40,0,0,0,0,OK,,,,,
2026-05-03 14:18:43,-40,0,0,0,0,OK,,,,,
2026-05-03 14:18:59,-40,0,0,0,0,OK,,,,,
2026-05-03 14:19:15,-40,0,0,0,0,OK,,,,,
2026-05-03 14:19:31,-40,0,0,0,0,OK,,,,,
2026-05-03 14:19:47,14.2,213,0.4,447,19126.3,OK,,,,,
2026-05-03 14:20:03,14.2,85,0,447,19146.6,OK,,,,,
2026-05-03 14:20:19,14.2,253,17.9,447,202577.8,OK,,,,,
2026-05-03 14:20:35,-40,0,0,0,0,OK,,,,,
2026-05-03 14:20:51,-40,0,0,0,0,OK,,,,,
2026-05-03 14:21:07,-40,0,0,0,0,OK,,,,,
2026-05-03 14:21:23,14.1,85,0.6,447,18871.1,OK,,,,,
2026-05-03 14:21:39,14.2,85,0.7,447,18700,OK,,,,,
2026-05-03 14:21:55,14.2,85,18.5,447,18526,OK,,,,,
2026-05-03 14:22:27,14.2,213,13.4,447,18611.1,OK,,,,,
2026-05-03 14:22:43,-40,0,0,0,0,OK,,,,,
2026-05-03 14:22:59,-40,0,0,0,0,OK,,,,,
2026-05-03 14:23:15,14.2,86,0,447,18749.3,OK,,,,,
2026-05-03 14:23:31,-40,0,0,0,0,OK,,,,,
2026-05-03 14:23:47,-40,0,0,0,0,OK,,,,,
2026-05-03 14:24:03,14.2,86,0,447,18082.3,OK,,,,,
2026-05-03 14:24:19,-40,0,0,0,0,OK,,,,,
2026-05-03 14:24:35,14.2,254,13.4,447,19375.7,OK,,,,,
2026-05-03 14:24:51,-40,0,0,0,0,OK,,,,,
2026-05-03 14:25:07,-40,0,0,0,0,OK,,,,,
2026-05-03 14:25:23,14.3,254,18.1,447,316069.4,OK,,,,,
2026-05-03 14:25:39,-40,0,0,0,0,OK,,,,,
2026-05-03 14:26:11,14.3,213,35.7,447,21231.7,OK,,,,,
2026-05-03 14:26:27,14.3,85,1.4,447,21859.9,OK,,,,,
2026-05-03 14:26:59,-40,0,0,0,0,OK,,,,,
2026-05-03 14:27:31,-40,0,0,0,0,OK,,,,,
2026-05-03 14:27:47,14.4,85,0,447,23334.2,OK,,,,,
2026-05-03 14:28:03,14.5,87,0.4,447,22954.3,OK,,,,,
2026-05-03 14:28:19,-40,0,0,0,0,OK,,,,,
2026-05-03 14:28:35,-40,0,0,0,0,OK,,,,,
2026-05-03 14:28:51,-40,0,0,0,0,OK,,,,,
2026-05-03 14:29:07,-40,0,0,0,0,OK,,,,,
2026-05-03 14:29:23,14.5,85,0.6,447,25167,OK,,,,,
2026-05-03 14:29:39,-40,0,0,0,0,OK,,,,,
2026-05-03 14:29:55,-40,0,0,0,0,OK,,,,,
2026-05-03 14:30:11,14.5,85,0.8,447,23018.1,OK,,,,,
2026-05-03 14:30:27,-40,0,0,0,0,OK,,,,,
2026-05-03 14:30:43,-40,0,0,0,0,OK,,,,,
2026-05-03 14:30:59,19.8,165,0.8,447,22600.5,OK,,,,,
2026-05-03 14:31:15,-11.2,85,35.8,447,22484.5,OK,,,,,
2026-05-03 14:31:31,-40,0,0,0,0,OK,,,,,
2026-05-03 14:31:47,65.7,85,0.1,447,21878.4,OK,,,,,
2026-05-03 14:32:03,-40,0,0,0,0,OK,,,,,
2026-05-03 14:32:19,-40,0,0,0,0,OK,,,,,
2026-05-03 14:32:35,-40,0,0,0,0,OK,,,,,
2026-05-03 14:32:51,14.6,173,0.8,447,19430.8,OK,,,,,
2026-05-03 14:33:07,123.6,213,35.8,447,19543.4,OK,,,,,
2026-05-03 14:33:23,14.6,31,0.1,48898,634165,OK,,,,,
2026-05-03 14:33:39,-40,0,0,0,0,OK,,,,,
2026-05-03 14:33:55,123.6,213,36,447,21501.4,OK,,,,,
2026-05-03 14:34:11,14.6,85,0,447,21862.2,OK,,,,,
2026-05-03 14:34:27,-40,0,0,0,0,OK,,,,,
2026-05-03 14:34:43,-40,0,0,0,0,OK,,,,,
2026-05-03 14:34:59,14.7,85,0.1,447,46251.3,OK,,,,,
2026-05-03 14:35:15,-40,0,0,0,0,OK,,,,,
2026-05-03 14:35:31,-40,0,0,0,0,OK,,,,,
2026-05-03 14:35:47,14.7,245,0.6,447,22165.5,OK,,,,,
2026-05-03 14:36:03,-40,0,0,0,0,OK,,,,,
2026-05-03 14:36:19,14.6,84,0.8,511,23969.3,OK,,,,,
2026-05-03 14:36:35,-40,0,0,0,0,OK,,,,,
2026-05-03 14:36:51,-40,0,0,0,0,OK,,,,,
2026-05-03 14:37:07,-40,0,0,0,0,OK,,,,,
2026-05-03 14:37:23,14.6,85,35.7,447,24247.7,OK,,,,,
2026-05-03 14:37:55,-40,0,0,0,0,OK,,,,,
2026-05-03 14:38:11,14.5,85,0.1,447,630327.1,OK,,,,,
2026-05-03 14:38:27,-40,0,0,0,0,OK,,,,,
2026-05-03 14:38:43,116.8,84,0,447,632028.4,OK,,,,,
2026-05-03 14:38:59,14.5,85,0,447,20413.9,OK,,,,,
2026-05-03 14:39:15,-40,0,0,0,0,OK,,,,,
2026-05-03 14:40:19,-40,0,0,0,0,OK,,,,,
2026-05-03 14:40:35,14.5,253,0.1,447,21020,OK,,,,,
2026-05-03 14:40:51,-40,0,0,0,0,OK,,,,,
2026-05-03 14:41:07,-40,0,0,0,0,OK,,,,,
2026-05-03 14:41:23,14.7,86,2,447,23235.6,OK,,,,,
2026-05-03 14:41:39,14.6,85,1,447,23032.6,OK,,,,,
2026-05-03 14:41:55,-40,0,0,0,0,OK,,,,,
2026-05-03 14:42:11,-40,0,0,0,0,OK,,,,,
2026-05-03 14:42:27,14.5,84,1.3,447,22072.7,OK,,,,,
2026-05-03 14:42:43,14.4,84,0.6,511,21811.7,OK,,,,,
2026-05-03 14:42:59,-40,0,0,0,0,OK,,,,,
2026-05-03 14:43:15,-11.2,84,37.4,447,22311.1,OK,,,,,
2026-05-03 14:43:31,14.3,85,0.7,447,22310.5,OK,,,,,
2026-05-03 14:43:47,14.3,87,0.7,447,25195.8,OK,,,,,
2026-05-03 14:44:03,14.2,85,1.5,511,635681.1,OK,,,,,
2026-05-03 14:44:19,14.2,85,1,447,26192.2,OK,,,,,
2026-05-03 14:45:23,14.2,86,0.4,447,20913.6,OK,,,,,
2026-05-03 14:45:39,-40,0,0,0,0,OK,,,,,
2026-05-03 14:45:55,-40,0,0,0,0,OK,,,,,
2026-05-03 14:46:11,14.2,85,0.8,447,22339.5,OK,,,,,
2026-05-03 14:46:27,14.2,85,0.3,447,835223.7,OK,,,,,
2026-05-03 14:46:43,-40,0,0,0,0,OK,,,,,
2026-05-03 14:46:59,-40,0,0,0,0,OK,,,,,
2026-05-03 14:47:15,-40,0,0,0,0,OK,,,,,
2026-05-03 14:47:31,-40,0,0,0,0,OK,,,,,
2026-05-03 14:47:47,-40,0,0,0,0,OK,,,,,
2026-05-03 14:48:03,-40,0,0,0,0,OK,,,,,
2026-05-03 14:48:19,14.2,94,0.1,447,634629.9,OK,,,,,
2026-05-03 14:48:35,-40,0,0,0,0,OK,,,,,
2026-05-03 14:48:51,-40,0,0,0,0,OK,,,,,
2026-05-03 14:49:07,116.7,86,0.8,447,632355.8,OK,,,,,
2026-05-03 14:49:23,14.2,85,1.4,447,18050.4,OK,,,,,
2026-05-03 14:49:39,-40,0,0,0,0,OK,,,,,
2026-05-03 14:49:55,-40,0,0,0,0,OK,,,,,
2026-05-03 14:50:11,-40,0,0,0,0,OK,,,,,
2026-05-03 14:50:27,-40,0,0,0,0,OK,,,,,
2026-05-03 14:50:43,14.1,245,1.4,447,16005.9,OK,,,,,
2026-05-03 14:50:59,-40,0,0,0,0,OK,,,,,
2026-05-03 14:51:15,14,85,0.7,447,16898.4,OK,,,,,
2026-05-03 14:51:31,-40,0,0,0,0,OK,,,,,
2026-05-03 14:51:47,14.1,86,0,447,17728.5,OK,,,,,
2026-05-03 14:52:03,14.2,86,0,511,17395,OK,,,,,
2026-05-03 14:52:19,14.2,86,0,447,17023.8,OK,,,,,
2026-05-03 14:52:35,14.2,86,0,447,17000.6,OK,,,,,
2026-05-03 14:52:51,14.3,86,0,447,17261.6,OK,,,,,
2026-05-03 14:53:07,14.3,86,0,447,17328.3,OK,,,,,
2026-05-03 14:53:23,14.3,86,0.3,447,16933.9,OK,,,,,
2026-05-03 14:53:39,-40,0,0,0,0,OK,,,,,
2026-05-03 14:53:55,14.2,86,0.6,447,16806.3,OK,,,,,
2026-05-03 14:54:11,-40,0,0,0,0,OK,,,,,
2026-05-03 14:54:27,-11.4,85,71.4,447,17415.3,OK,,,,,
2026-05-03 14:54:43,-40,0,0,0,0,OK,,,,,
2026-05-03 14:54:59,-40,0,0,0,0,OK,,,,,
2026-05-03 14:55:15,-40,0,0,0,0,OK,,,,,
2026-05-03 14:55:31,-40,0,0,0,0,OK,,,,,
2026-05-03 14:55:47,-40,0,0,0,0,OK,,,,,
2026-05-03 14:56:03,-40,0,0,0,0,OK,,,,,
2026-05-03 14:56:19,-40,0,0,0,0,OK,,,,,
2026-05-03 14:56:35,14.1,87,0,447,21794.3,OK,,,,,
2026-05-03 14:56:51,14.1,87,0.1,447,22499,OK,,,,,
2026-05-03 14:57:07,14.2,87,0.4,447,21913.2,OK,,,,,
2026-05-03 14:57:23,14.1,94,0,447,26200.4,OK,,,,,
2026-05-03 14:57:39,14.1,86,0,447,634468.6,OK,,,,,
2026-05-03 14:57:55,-40,0,0,0,0,OK,,,,,
2026-05-03 14:58:11,-40,0,0,0,0,OK,,,,,
2026-05-03 14:58:27,14,86,1.3,511,18527.9,OK,,,,,
2026-05-03 14:58:43,-40,0,0,0,0,OK,,,,,
2026-05-03 14:58:59,-40,0,0,0,0,OK,,,,,
2026-05-03 14:59:15,13.9,86,0.7,447,18540.5,OK,,,,,
2026-05-03 14:59:31,-40,0,0,0,0,OK,,,,,
2026-05-03 14:59:47,13.8,86,0.4,447,17621.2,OK,,,,,
2026-05-03 15:00:03,13.8,86,0.8,447,17168.6,OK,,,,,
2026-05-03 15:00:19,-40,0,0,0,0,OK,,,,,
2026-05-03 15:00:35,13.8,86,1,447,17634,OK,,,,,
2026-05-03 15:00:51,13.8,86,0.4,447,18627.5,OK,,,,,
2026-05-03 15:01:07,-40,0,0,0,0,OK,,,,,
2026-05-03 15:01:23,-40,0,0,0,0,OK,,,,,
2026-05-03 15:01:39,13.8,87,1.4,447,25564.9,OK,,,,,
2026-05-03 15:01:55,-40,0,0,0,0,OK,,,,,
2026-05-03 15:02:11,-40,0,0,0,0,OK,,,,,
2026-05-03 15:02:27,-40,0,0,0,0,OK,,,,,
2026-05-03 15:02:43,13.6,87,0.4,447,21388.3,OK,,,,,
2026-05-03 15:02:59,-40,0,0,0,0,OK,,,,,
2026-05-03 15:03:15,13.7,87,0.1,447,21887.1,OK,,,,,
2026-05-03 15:03:31,-40,0,0,0,0,OK,,,,,
2026-05-03 15:03:47,13.7,87,2,447,23934.5,OK,,,,,
2026-05-03 15:04:03,-40,0,0,0,0,OK,,,,,
2026-05-03 15:04:19,13.8,87,0.1,447,26300.9,OK,,,,,
2026-05-03 15:04:35,14.2,87,0.1,511,852715.7,OK,,,,,
2026-05-03 15:04:51,-40,0,0,0,0,OK,,,,,
2026-05-03 15:05:07,13.8,87,1.3,447,26240,OK,,,,,
2026-05-03 15:05:23,13.8,87,1.1,447,26182,OK,,,,,
2026-05-03 15:05:39,13.8,86,1,447,25967.4,OK,,,,,
2026-05-03 15:05:55,36.2,86,0.8,447,26198.7,OK,,,,,
2026-05-03 15:06:11,13.8,86,1.3,447,1654892.8,OK,,,,,
2026-05-03 15:06:27,-40,0,0,0,0,OK,,,,,
2026-05-03 15:06:43,13.9,87,0.1,447,27733.5,OK,,,,,
2026-05-03 15:06:59,-40,0,0,0,0,OK,,,,,
2026-05-03 15:07:15,14,87,0,447,32745,OK,,,,,
2026-05-03 15:07:31,-40,0,0,0,0,OK,,,,,
2026-05-03 15:07:47,14.1,86,0.8,447,29461.9,OK,,,,,
2026-05-03 15:08:51,14.3,86,0,447,1577321.9,OK,,,,,
2026-05-03 15:09:07,-40,0,0,0,0,OK,,,,,
2026-05-03 15:09:23,-40,0,0,0,0,OK,,,,,
2026-05-03 15:09:39,-40,0,0,0,0,OK,,,,,
2026-05-03 15:09:55,-40,0,0,0,0,OK,,,,,
2026-05-03 15:10:11,-40,0,0,0,0,OK,,,,,
2026-05-03 15:10:27,14.3,85,0.8,447,26098.6,OK,,,,,
2026-05-03 15:10:43,116.6,85,1.1,511,26915.7,OK,,,,,
2026-05-03 15:10:59,-40,0,0,0,0,OK,,,,,
2026-05-03 15:11:15,25.5,85,0.8,447,29459,OK,,,,,
2026-05-03 15:12:19,14.3,213,0.3,447,29475.4,OK,,,,,
2026-05-03 15:12:35,14.4,85,0,511,28412.1,OK,,,,,
2026-05-03 15:12:51,-40,0,0,0,0,OK,,,,,
2026-05-03 15:13:07,-40,0,0,0,0,OK,,,,,
2026-05-03 15:13:23,-40,0,0,0,0,OK,,,,,
2026-05-03 15:13:39,-40,0,0,0,0,OK,,,,,
2026-05-03 15:13:55,117,85,36.3,447,25726.7,OK,,,,,
2026-05-03 15:14:11,-40,0,0,0,0,OK,,,,,
2026-05-03 15:14:27,-11.2,84,36,447,25803.1,OK,,,,,
2026-05-03 15:14:43,14.4,84,0.6,447,25680.3,OK,,,,,
2026-05-03 15:14:59,-40,0,0,0,0,OK,,,,,
2026-05-03 15:15:15,14.4,84,1.7,447,26706.9,OK,,,,,
2026-05-03 15:16:03,-40,0,0,0,0,OK,,,,,
2026-05-03 15:16:19,14.3,84,0.1,447,82934.7,OK,,,,,
2026-05-03 15:16:35,14.2,84,1.4,447,32074.8,OK,,,,,
2026-05-03 15:16:51,-40,0,0,0,0,OK,,,,,
2026-05-03 15:17:07,-40,0,0,0,0,OK,,,,,
2026-05-03 15:17:23,14.2,84,0.6,447,37370.2,OK,,,,,
2026-05-03 15:17:39,14.2,85,0,511,36706.1,OK,,,,,
2026-05-03 15:17:55,-40,0,0,0,0,OK,,,,,
2026-05-03 15:18:11,-40,0,0,0,0,OK,,,,,
2026-05-03 15:18:27,-40,0,0,0,0,OK,,,,,
2026-05-03 15:18:43,14.3,84,2.7,447,34403.5,OK,,,,,
2026-05-03 15:18:59,14.3,116,0.8,447,32817.2,OK,,,,,
2026-05-03 15:19:15,14.3,84,1.3,447,32408.3,OK,,,,,
2026-05-03 15:19:31,-40,0,0,0,0,OK,,,,,
2026-05-03 15:19:48,14.3,84,0,447,29380.6,OK,,,,,
2026-05-03 15:20:03,-40,0,0,0,0,OK,,,,,
2026-05-03 15:20:19,14.4,84,2.5,447,29299.5,OK,,,,,
2026-05-03 15:20:35,-40,0,0,0,0,OK,,,,,
2026-05-03 15:20:51,-11.2,84,36.8,447,30656.7,OK,,,,,
2026-05-03 15:21:07,14.4,84,1,447,31306.3,OK,,,,,
2026-05-03 15:21:23,-40,0,0,0,0,OK,,,,,
2026-05-03 15:21:39,14.3,84,1.3,447,29827.3,OK,,,,,
2026-05-03 15:21:55,14.3,83,0.6,447,29111,OK,,,,,
2026-05-03 15:22:11,14.3,83,16.9,447,28203.3,OK,,,,,
2026-05-03 15:22:27,14.3,84,0.7,447,27118.7,OK,,,,,
2026-05-03 15:22:43,-40,0,0,0,0,OK,,,,,
2026-05-03 15:22:59,14.1,84,17.2,447,24401.4,OK,,,,,
2026-05-03 15:23:15,14.1,84,1,447,635138.4,OK,,,,,
2026-05-03 15:23:31,14.1,84,1.4,447,50143.1,OK,,,,,
2026-05-03 15:23:47,-40,0,0,0,0,OK,,,,,
2026-05-03 15:24:03,-40,0,0,0,0,OK,,,,,
2026-05-03 15:24:19,14.1,85,1.5,447,782349.4,OK,,,,,
2026-05-03 15:24:35,14,84,1.4,447,21231.7,OK,,,,,
2026-05-03 15:24:51,-40,0,0,0,0,OK,,,,,
2026-05-03 15:25:55,-40,0,0,0,0,OK,,,,,
2026-05-03 15:26:11,-40,0,0,0,0,OK,,,,,
2026-05-03 15:26:27,14,85,1.8,447,18575.3,OK,,,,,
2026-05-03 15:26:43,13.9,84,2.2,447,18647.8,OK,,,,,
2026-05-03 15:26:59,13.9,85,0.3,447,18613,OK,,,,,
2026-05-03 15:27:15,14,86,0.8,447,18407.1,OK,,,,,
2026-05-03 15:27:31,-40,0,0,0,0,OK,,,,,
2026-05-03 15:27:47,14,85,0.8,447,17801,OK,,,,,
2026-05-03 15:28:03,-40,0,0,0,0,OK,,,,,
2026-05-03 15:28:19,-40,0,0,0,0,OK,,,,,
2026-05-03 15:28:35,13.9,85,0.4,447,14686.4,OK,,,,,
2026-05-03 15:28:51,13.9,85,0.4,511,14750.2,OK,,,,,
2026-05-03 15:29:07,-40,0,0,0,0,OK,,,,,
2026-05-03 15:29:23,13.8,85,1.7,447,16496,OK,,,,,
2026-05-03 15:29:55,13.7,85,0.8,447,632815.1,OK,,,,,
2026-05-03 15:30:11,13.7,85,2.4,447,19619.2,OK,,,,,
2026-05-03 15:30:27,13.6,85,0.3,447,16742.1,OK,,,,,
2026-05-03 15:30:43,-40,0,0,0,0,OK,,,,,
2026-05-03 15:30:59,13.7,85,1.1,447,16017.5,OK,,,,,
2026-05-03 15:31:15,-40,0,0,0,0,OK,,,,,
2026-05-03 15:31:31,13.7,85,1.4,447,16066.8,OK,,,,,
2026-05-03 15:31:47,-40,0,0,0,0,OK,,,,,
2026-05-03 15:32:03,13.7,85,0.8,447,17013.8,OK,,,,,
2026-05-03 15:32:19,13.6,85,1.3,447,997719.6,OK,,,,,
2026-05-03 15:32:35,13.6,85,4.1,447,18093.9,OK,,,,,
2026-05-03 15:32:51,-40,0,0,0,0,OK,,,,,
2026-05-03 15:33:07,-40,0,0,0,0,OK,,,,,
2026-05-03 15:33:23,-40,0,0,0,0,OK,,,,,
2026-05-03 15:33:39,-40,0,0,0,0,OK,,,,,
2026-05-03 15:33:55,13.6,85,1.5,447,20210.9,OK,,,,,
2026-05-03 15:34:11,13.6,85,2.7,447,20354.9,OK,,,,,
2026-05-03 15:34:27,-40,0,0,0,0,OK,,,,,
2026-05-03 15:34:43,13.6,86,0.4,447,20547.3,OK,,,,,
2026-05-03 15:34:59,-40,0,0,0,0,OK,,,,,
2026-05-03 15:35:15,13.6,86,2.2,447,22040.8,OK,,,,,
2026-05-03 15:35:31,13.6,85,1.3,447,22837.9,OK,,,,,
2026-05-03 15:35:47,13.6,85,0.7,447,22223.5,OK,,,,,
2026-05-03 15:36:03,13.5,85,1.8,447,22238,OK,,,,,
2026-05-03 15:36:19,-40,0,0,0,0,OK,,,,,
2026-05-03 15:36:35,13.5,253,0.6,447,821665.6,OK,,,,,
2026-05-03 15:36:51,13.6,85,0.6,447,23328.4,OK,,,,,
2026-05-03 15:37:07,-40,0,0,0,0,OK,,,,,
2026-05-03 15:37:23,-40,0,0,0,0,OK,,,,,
2026-05-03 15:37:39,13.6,86,0.1,447,22052.4,OK,,,,,
2026-05-03 15:37:55,13.6,86,0.3,447,21966.2,OK,,,,,
2026-05-03 15:38:11,-40,0,0,0,0,OK,,,,,
2026-05-03 15:38:43,-40,0,0,0,0,OK,,,,,
2026-05-03 15:38:59,36.1,85,2.2,447,24138.4,OK,,,,,
2026-05-03 15:39:15,-40,0,0,0,0,OK,,,,,
2026-05-03 15:39:31,13.6,85,1,447,24737.8,OK,,,,,
2026-05-03 15:40:35,-40,0,0,0,0,OK,,,,,
2026-05-03 15:40:51,13.5,253,18.3,447,22194.5,OK,,,,,
2026-05-03 15:41:07,-40,0,0,0,0,OK,,,,,
2026-05-03 15:41:23,-40,0,0,0,0,OK,,,,,
2026-05-03 15:41:39,-40,0,0,0,0,OK,,,,,
2026-05-03 15:42:11,-40,0,0,0,0,OK,,,,,
2026-05-03 15:42:27,-40,0,0,0,0,OK,,,,,
2026-05-03 15:42:43,13.7,85,0.4,511,23199.8,OK,,,,,
2026-05-03 15:42:59,-40,0,0,0,0,OK,,,,,
2026-05-03 15:43:15,-40,0,0,0,0,OK,,,,,
2026-05-03 15:43:31,-40,0,0,0,0,OK,,,,,
2026-05-03 15:43:47,13.8,117,0,447,21208.8,OK,,,,,
2026-05-03 15:44:03,13.9,85,0.3,447,21127.3,OK,,,,,
2026-05-03 15:44:19,-40,0,0,0,0,OK,,,,,
2026-05-03 15:44:35,-40,0,0,0,0,OK,,,,,
2026-05-03 15:44:51,13.7,84,0.3,447,22869.7,OK,,,,,
2026-05-03 15:45:07,-40,0,0,0,0,OK,,,,,
2026-05-03 15:45:23,13.8,245,0,447,20190.6,OK,,,,,
2026-05-03 15:45:39,13.9,85,0.7,447,20164.5,OK,,,,,
2026-05-03 15:45:55,13.9,85,1.3,447,20881.7,OK,,,,,
2026-05-03 15:46:11,13.9,84,0.4,447,21756.6,OK,,,,,
2026-05-03 15:46:27,-40,0,0,0,0,OK,,,,,
2026-05-03 15:46:43,-40,0,0,0,0,OK,,,,,
2026-05-03 15:46:59,-11.8,84,36.5,447,22768.7,OK,,,,,
2026-05-03 15:47:15,13.8,84,1.5,447,22873.8,OK,,,,,
2026-05-03 15:47:31,13.7,83,0.1,959,22491.2,OK,,,,,
2026-05-03 15:47:47,13.7,84,0,447,22673,OK,,,,,
2026-05-03 15:48:03,-40,0,0,0,0,OK,,,,,
2026-05-03 15:48:19,-40,0,0,0,0,OK,,,,,
2026-05-03 15:48:35,-40,0,0,0,0,OK,,,,,
2026-05-03 15:48:51,-40,0,0,0,0,OK,,,,,
2026-05-03 15:49:07,-40,0,0,0,0,OK,,,,,
2026-05-03 15:49:23,-40,0,0,0,0,OK,,,,,
2026-05-03 15:49:39,14.1,85,0.7,447,23641.6,OK,,,,,
2026-05-03 15:49:55,-40,0,0,0,0,OK,,,,,
2026-05-03 15:50:11,-40,0,0,0,0,OK,,,,,
2026-05-03 15:50:27,-40,0,0,0,0,OK,,,,,
2026-05-03 15:50:59,13.8,83,0.4,447,26178.4,OK,,,,,
2026-05-03 15:51:15,-40,0,0,0,0,OK,,,,,
2026-05-03 15:51:31,13.8,84,1.3,447,47834.7,OK,,,,,
2026-05-03 15:51:47,13.8,83,0.4,2047,362111.9,OK,,,,,
2026-05-03 15:52:03,-40,0,0,0,0,OK,,,,,
2026-05-03 15:52:19,13.8,84,0.1,447,23690.7,OK,,,,,
2026-05-03 15:52:35,13.9,212,0,447,20831.5,OK,,,,,
2026-05-03 15:52:51,-40,0,0,0,0,OK,,,,,
2026-05-03 15:53:07,13.9,84,0.4,447,19706.3,OK,,,,,
2026-05-03 15:53:23,-40,0,0,0,0,OK,,,,,
2026-05-03 15:53:39,14,84,0,447,19355.4,OK,,,,,
2026-05-03 15:53:55,-40,0,0,0,0,OK,,,,,
2026-05-03 15:54:11,-40,0,0,0,0,OK,,,,,
2026-05-03 15:54:27,-40,0,0,0,0,OK,,,,,
2026-05-03 15:54:43,14.2,83,0.4,447,18047.5,OK,,,,,
2026-05-03 15:54:59,-40,0,0,0,0,OK,,,,,
2026-05-03 15:55:15,-40,0,0,0,0,OK,,,,,
2026-05-03 15:55:31,14.1,83,0.6,447,17693.7,OK,,,,,
2026-05-03 15:55:47,-40,0,0,0,0,OK,,,,,
2026-05-03 15:56:03,14,83,0.3,511,17281.9,OK,,,,,
2026-05-03 15:56:19,-40,0,0,0,0,OK,,,,,
2026-05-03 15:56:35,14.1,83,1,447,16699,OK,,,,,
2026-05-03 15:56:51,-40,0,0,0,0,OK,,,,,
2026-05-03 15:57:07,13.9,82,1.3,447,16426.4,OK,,,,,
2026-05-03 15:57:23,13.8,82,2.2,447,16113.2,OK,,,,,
2026-05-03 15:57:39,-40,0,0,0,0,OK,,,,,
2026-05-03 15:57:55,13.7,83,3.6,447,15138.8,OK,,,,,
2026-05-03 15:58:11,13.7,83,1.1,447,14689.3,OK,,,,,
2026-05-03 15:58:27,13.6,83,1.8,447,14274.6,OK,,,,,
2026-05-03 15:58:43,116,84,36.5,447,15588.2,OK,,,,,
2026-05-03 15:58:59,-40,0,0,0,0,OK,,,,,
2026-05-03 15:59:15,-40,0,0,0,0,OK,,,,,
2026-05-03 15:59:31,13.6,92,0.4,447,12842,OK,,,,,
2026-05-03 15:59:47,-40,0,0,0,0,OK,,,,,
2026-05-03 16:00:03,-40,0,0,0,0,OK,,,,,
2026-05-03 16:00:19,13.6,84,0.6,447,315384.7,OK,,,,,
2026-05-03 16:00:35,13.6,84,0.6,32959,12134.4,OK,,,,,
2026-05-03 16:00:51,-40,0,0,0,0,OK,,,,,
2026-05-03 16:01:07,-40,0,0,0,0,OK,,,,,
2026-05-03 16:01:23,13.5,84,1,447,11908.2,OK,,,,,
2026-05-03 16:01:39,13.5,84,0.6,447,11711,OK,,,,,
2026-05-03 16:01:55,-40,0,0,0,0,OK,,,,,
2026-05-03 16:02:11,13.5,84,34.9,447,11650.1,OK,,,,,
2026-05-03 16:02:27,13.5,84,1.8,447,11705.2,OK,,,,,
2026-05-03 16:02:43,13.4,84,2.7,447,11728.4,OK,,,,,
2026-05-03 16:02:59,13.4,84,0.3,447,11798,OK,,,,,
2026-05-03 16:03:15,13.4,85,1.5,447,11948.8,OK,,,,,
2026-05-03 16:03:31,13.3,84,2,447,12233,OK,,,,,
2026-05-03 16:03:47,-40,0,0,0,0,OK,,,,,
2026-05-03 16:04:03,35.7,84,2.1,447,12719.7,OK,,,,,
2026-05-03 16:04:19,-40,0,0,0,0,OK,,,,,
2026-05-03 16:04:35,13.3,84,1.1,447,12665.5,OK,,,,,
2026-05-03 16:04:51,13.3,85,0.3,447,52108.5,OK,,,,,
2026-05-03 16:05:07,-40,0,0,0,0,OK,,,,,
2026-05-03 16:05:23,-40,0,0,0,0,OK,,,,,
2026-05-03 16:05:39,-12.3,85,37.7,447,13825.1,OK,,,,,
2026-05-03 16:05:55,16.4,84,0.6,447,14028.1,OK,,,,,
2026-05-03 16:06:11,-40,0,0,0,0,OK,,,,,
2026-05-03 16:06:27,-40,0,0,0,0,OK,,,,,
2026-05-03 16:06:43,13.2,85,1.5,447,13668.5,OK,,,,,
2026-05-03 16:06:59,-40,0,0,0,0,OK,,,,,
2026-05-03 16:07:15,-40,0,0,0,0,OK,,,,,
2026-05-03 16:07:31,13.2,85,37.8,447,13381.4,OK,,,,,
2026-05-03 16:07:47,-40,0,0,0,0,OK,,,,,
2026-05-03 16:08:03,-40,0,0,0,0,OK,,,,,
2026-05-03 16:08:19,13.2,85,0.4,511,13764.2,OK,,,,,
2026-05-03 16:08:35,115.7,85,2.2,447,13659.8,OK,,,,,
2026-05-03 16:08:51,13.2,85,0.7,447,13488.7,OK,,,,,
2026-05-03 16:09:07,13.2,85,0.6,447,633867.6,OK,,,,,
2026-05-03 16:09:23,-40,0,0,0,0,OK,,,,,
2026-05-03 16:09:39,13.2,85,1,447,13845.4,OK,,,,,
2026-05-03 16:09:55,13.3,117,0.3,447,846344,OK,,,,,
2026-05-03 16:10:27,115.6,85,37.7,447,14089,OK,,,,,
2026-05-03 16:10:43,13.2,85,1.1,447,634296.8,OK,,,,,
2026-05-03 16:10:59,13.2,85,1.5,447,14051.3,OK,,,,,
2026-05-03 16:11:15,-40,0,0,0,0,OK,,,,,
2026-05-03 16:11:31,-40,0,0,0,0,OK,,,,,
2026-05-03 16:11:47,13.2,85,1,447,13938.2,OK,,,,,
2026-05-03 16:12:03,-40,0,0,0,0,OK,,,,,
2026-05-03 16:12:19,-40,0,0,0,0,OK,,,,,
2026-05-03 16:12:35,13.1,84,2.5,447,14016.5,OK,,,,,
2026-05-03 16:12:51,-40,0,0,0,0,OK,,,,,
2026-05-03 16:13:07,13.1,85,0.4,447,13729.4,OK,,,,,
2026-05-03 16:13:23,13.1,85,0.4,447,846033.7,OK,,,,,
2026-05-03 16:13:39,13.1,85,1.3,447,13944,OK,,,,,
2026-05-03 16:13:55,-12.5,85,36.1,447,14323.9,OK,,,,,
2026-05-03 16:14:11,-40,0,0,0,0,OK,,,,,
2026-05-03 16:14:27,-40,0,0,0,0,OK,,,,,
2026-05-03 16:14:43,13.1,84,1,447,15759.4,OK,,,,,
2026-05-03 16:14:59,13.1,84,0.6,447,16197.3,OK,,,,,
2026-05-03 16:15:15,-40,0,0,0,0,OK,,,,,
2026-05-03 16:15:31,13.2,117,1,447,17192.7,OK,,,,,
2026-05-03 16:15:47,-40,0,0,0,0,OK,,,,,
2026-05-03 16:16:03,-40,0,0,0,0,OK,,,,,
2026-05-03 16:16:19,13.2,85,0.1,447,16806.3,OK,,,,,
2026-05-03 16:16:35,13.2,85,2.2,447,16936.8,OK,,,,,
2026-05-03 16:16:51,-40,0,0,0,0,OK,,,,,
2026-05-03 16:17:07,13.1,85,0.4,447,17263.6,OK,,,,,
2026-05-03 16:17:23,-40,0,0,0,0,OK,,,,,
2026-05-03 16:17:39,13.1,84,0.8,447,17397.9,OK,,,,,
2026-05-03 16:17:55,-40,0,0,0,0,OK,,,,,
2026-05-03 16:18:11,13.1,85,0.6,447,17305.1,OK,,,,,
2026-05-03 16:18:27,-40,0,0,0,0,OK,,,,,
2026-05-03 16:18:43,-40,0,0,0,0,OK,,,,,
2026-05-03 16:18:59,-40,0,0,0,0,OK,,,,,
2026-05-03 16:19:15,13.2,84,8.8,447,17769.1,OK,,,,,
2026-05-03 16:19:31,-40,0,0,0,0,OK,,,,,
2026-05-03 16:19:47,-40,0,0,0,0,OK,,,,,
2026-05-03 16:20:03,-40,0,0,0,0,OK,,,,,
2026-05-03 16:20:19,-40,0,0,0,0,OK,,,,,
2026-05-03 16:20:35,-40,0,0,0,0,OK,,,,,
2026-05-03 16:20:51,-40,0,0,0,0,OK,,,,,
2026-05-03 16:21:07,-40,0,0,0,0,OK,,,,,
2026-05-03 16:21:23,-40,0,0,0,0,OK,,,,,
2026-05-03 16:21:39,-40,0,0,0,0,OK,,,,,
2026-05-03 16:21:55,-40,0,0,0,0,OK,,,,,
2026-05-03 16:22:11,-40,0,0,0,0,OK,,,,,
2026-05-03 16:22:27,13.1,87,2.9,447,15075.6,OK,,,,,
2026-05-03 16:23:31,123.4,213,37.4,447,630641.3,OK,,,,,
2026-05-03 16:23:47,-40,0,0,0,0,OK,,,,,
2026-05-03 16:24:03,13.2,85,1.7,447,15176.5,OK,,,,,
2026-05-03 16:24:19,13.1,85,1.4,447,408456.3,OK,,,,,
2026-05-03 16:24:35,13.1,85,0.8,447,15141.7,OK,,,,,
2026-05-03 16:24:51,13.1,84,2.5,447,634497.3,OK,,,,,
2026-05-03 16:25:07,13.1,84,1.8,447,18380.4,OK,,,,,
2026-05-03 16:25:23,13.1,212,2.4,447,14057.1,OK,,,,,
2026-05-03 16:25:39,13.1,84,1.7,447,13764.2,OK,,,,,
2026-05-03 16:25:55,16.3,84,0.6,447,13651.1,OK,,,,,
2026-05-03 16:26:11,-40,0,0,0,0,OK,,,,,
2026-05-03 16:26:27,-40,0,0,0,0,OK,,,,,
2026-05-03 16:26:43,-40,0,0,0,0,OK,,,,,
2026-05-03 16:26:59,-40,0,0,0,0,OK,,,,,
2026-05-03 16:27:15,13,84,1.3,447,12969.6,OK,,,,,
2026-05-03 16:27:31,-40,0,0,0,0,OK,,,,,
2026-05-03 16:27:47,13.1,84,0,959,1551550.8,OK,,,,,
2026-05-03 16:28:03,-40,0,0,0,0,OK,,,,,
2026-05-03 16:28:19,13.2,85,0.4,447,12308.4,OK,,,,,
2026-05-03 16:28:35,13.2,85,0.3,447,12082.2,OK,,,,,
2026-05-03 16:28:51,-40,0,0,0,0,OK,,,,,
2026-05-03 16:29:07,-40,0,0,0,0,OK,,,,,
2026-05-03 16:29:23,-40,0,0,0,0,OK,,,,,
2026-05-03 16:29:39,-40,0,0,0,0,OK,,,,,
2026-05-03 16:29:55,13.2,85,0.1,447,13099.5,OK,,,,,
2026-05-03 16:30:11,-40,0,0,0,0,OK,,,,,
2026-05-03 16:30:27,-40,0,0,0,0,OK,,,,,
2026-05-03 16:30:43,13.2,85,0.4,447,12414.8,OK,,,,,
2026-05-03 16:30:59,-40,0,0,0,0,OK,,,,,
2026-05-03 16:31:15,13.3,84,0.8,447,10197.2,OK,,,,,
2026-05-03 16:31:31,36.4,84,1.5,447,10107.3,OK,,,,,
2026-05-03 16:31:47,16.4,84,0.4,447,9913.2,OK,,,,,
2026-05-03 16:32:03,-40,0,0,0,0,OK,,,,,
2026-05-03 16:32:19,17.5,84,1.7,447,9536.9,OK,,,,,
2026-05-03 16:32:51,-40,0,0,0,0,OK,,,,,
2026-05-03 16:33:23,13,252,0.6,447,12002.2,OK,,,,,
2026-05-03 16:33:39,-40,0,0,0,0,OK,,,,,
2026-05-03 16:33:55,115.3,84,1.3,447,8089.4,OK,,,,,
2026-05-03 16:34:11,-40,0,0,0,0,OK,,,,,
2026-05-03 16:35:15,13.1,84,2.7,511,8112.4,OK,,,,,
2026-05-03 16:35:31,-40,0,0,0,0,OK,,,,,
2026-05-03 16:35:47,12.8,85,2.1,511,8193.8,OK,,,,,
2026-05-03 16:36:03,12.8,170,0.7,447,8182.7,OK,,,,,
2026-05-03 16:36:19,-40,0,0,0,0,OK,,,,,
2026-05-03 16:36:35,12.7,245,2.2,447,7964.4,OK,,,,,
2026-05-03 16:36:51,12.7,117,0.6,447,7849.7,OK,,,,,
2026-05-03 16:37:07,-40,0,0,0,0,OK,,,,,
2026-05-03 16:37:23,-40,0,0,0,0,OK,,,,,
2026-05-03 16:37:39,-40,0,0,0,0,OK,,,,,
2026-05-03 16:37:55,-40,0,0,0,0,OK,,,,,
2026-05-03 16:38:11,-40,0,0,0,0,OK,,,,,
2026-05-03 16:38:27,12.7,85,1.5,447,7564.8,OK,,,,,
2026-05-03 16:38:43,-40,0,0,0,0,OK,,,,,
2026-05-03 16:38:59,-40,0,0,0,0,OK,,,,,
2026-05-03 16:39:15,12.7,85,4.1,447,7744.9,OK,,,,,
2026-05-03 16:39:31,-40,0,0,0,0,OK,,,,,
2026-05-03 16:39:47,12.7,85,8.7,447,8138.3,OK,,,,,
2026-05-03 16:40:03,-40,0,0,0,0,OK,,,,,
2026-05-03 16:40:19,12.7,253,0.8,447,8789.5,OK,,,,,
2026-05-03 16:40:35,-40,0,0,0,0,OK,,,,,
2026-05-03 16:41:07,-40,0,0,0,0,OK,,,,,
2026-05-03 16:41:39,-40,0,0,0,0,OK,,,,,
2026-05-03 16:41:55,12.7,117,0.3,447,1417119.1,OK,,,,,
2026-05-03 16:42:11,-40,0,0,0,0,OK,,,,,
2026-05-03 16:42:27,-12.9,117,36.1,447,10763.6,OK,,,,,
2026-05-03 16:42:43,-40,0,0,0,0,OK,,,,,
2026-05-03 16:42:59,12.7,85,0.3,447,1675913.6,OK,,,,,
2026-05-03 16:43:15,-40,0,0,0,0,OK,,,,,
2026-05-03 16:43:31,12.8,85,0,511,11725.5,OK,,,,,
2026-05-03 16:43:47,-40,0,0,0,0,OK,,,,,
2026-05-03 16:44:03,12.8,85,0.1,511,13107.1,OK,,,,,
2026-05-03 16:44:19,-40,0,0,0,0,OK,,,,,
2026-05-03 16:44:35,12.8,85,0,447,11858.9,OK,,,,,
2026-05-03 16:44:51,-40,0,0,0,0,OK,,,,,
2026-05-03 16:45:07,-40,0,0,0,0,OK,,,,,
2026-05-03 16:45:23,-40,0,0,0,0,OK,,,,,
2026-05-03 16:45:39,12.8,85,0.1,447,10655.4,OK,,,,,
2026-05-03 16:45:55,-40,0,0,0,0,OK,,,,,
2026-05-03 16:46:11,-40,0,0,0,0,OK,,,,,
2026-05-03 16:46:27,12.8,85,1.5,447,9793.4,OK,,,,,
2026-05-03 16:46:43,12.8,84,2.2,447,9521.6,OK,,,,,
2026-05-03 16:46:59,-40,0,0,0,0,OK,,,,,
2026-05-03 16:47:15,-40,0,0,0,0,OK,,,,,
2026-05-03 16:47:31,-40,0,0,0,0,OK,,,,,
2026-05-03 16:47:47,-40,0,0,0,0,OK,,,,,
2026-05-03 16:48:03,-40,0,0,0,0,OK,,,,,
2026-05-03 16:48:19,-40,0,0,0,0,OK,,,,,
2026-05-03 16:48:35,12.7,87,0.4,447,833910.4,OK,,,,,
2026-05-03 16:48:51,-40,0,0,0,0,OK,,,,,
2026-05-03 16:49:07,-40,0,0,0,0,OK,,,,,
2026-05-03 16:49:23,12.7,85,0.7,447,12036.5,OK,,,,,
2026-05-03 16:49:39,-40,0,0,0,0,OK,,,,,
2026-05-03 16:50:11,12.7,95,0,447,23385.6,OK,,,,,
2026-05-03 16:50:27,12.8,85,0.6,447,10690.2,OK,,,,,
2026-05-03 16:50:43,-40,0,0,0,0,OK,,,,,
2026-05-03 16:50:59,-40,0,0,0,0,OK,,,,,
2026-05-03 16:51:15,14.3,85,1,447,11835.7,OK,,,,,
2026-05-03 16:51:31,12.7,85,1.8,447,12230.1,OK,,,,,
2026-05-03 16:51:47,12.7,85,35.7,447,12624.5,OK,,,,,
2026-05-03 16:52:03,23.9,85,1.4,447,12966.7,OK,,,,,
2026-05-03 16:52:19,-40,0,0,0,0,OK,,,,,
2026-05-03 16:52:35,-40,0,0,0,0,OK,,,,,
2026-05-03 16:52:51,-40,0,0,0,0,OK,,,,,
2026-05-03 16:53:07,-40,0,0,0,0,OK,,,,,
2026-05-03 16:53:23,12.8,85,0.3,447,13201.6,OK,,,,,
2026-05-03 16:53:39,-40,0,0,0,0,OK,,,,,
2026-05-03 16:53:55,12.8,247,1,511,13195.8,OK,,,,,
2026-05-03 16:54:11,12.8,85,0.7,447,13253.8,OK,,,,,
2026-05-03 16:54:27,-40,0,0,0,0,OK,,,,,
2026-05-03 16:54:43,12.8,85,0.1,447,1666983,OK,,,,,
2026-05-03 16:54:59,-40,0,0,0,0,OK,,,,,
2026-05-03 16:55:15,16.1,85,0.1,447,13120.4,OK,,,,,
2026-05-03 16:55:31,12.9,85,0.1,447,12914.5,OK,,,,,
2026-05-03 16:55:47,115.3,85,36.4,447,12670.9,OK,,,,,
2026-05-03 16:56:03,-40,0,0,0,0,OK,,,,,
2026-05-03 16:56:19,-40,0,0,0,0,OK,,,,,
2026-05-03 16:56:35,12.9,174,0,447,12935,OK,,,,,
2026-05-03 16:56:51,115.3,85,0,447,11383.3,OK,,,,,
2026-05-03 16:57:07,-40,0,0,0,0,OK,,,,,
2026-05-03 16:57:23,13,84,0,447,11015,OK,,,,,
2026-05-03 16:57:39,-40,0,0,0,0,OK,,,,,
2026-05-03 16:57:55,-40,0,0,0,0,OK,,,,,
2026-05-03 16:58:11,-40,0,0,0,0,OK,,,,,
2026-05-03 16:58:27,13,84,0.8,447,11724.4,OK,,,,,
2026-05-03 16:58:43,-40,0,0,0,0,OK,,,,,
2026-05-03 16:58:59,-40,0,0,0,0,OK,,,,,
2026-05-03 16:59:15,13.4,84,0.8,447,12462.1,OK,,,,,
2026-05-03 16:59:31,-40,0,0,0,0,OK,,,,,
2026-05-03 16:59:47,13,84,1.4,447,12987,OK,,,,,
2026-05-03 17:00:03,-40,0,0,0,0,OK,,,,,
2026-05-03 17:00:19,-40,0,0,0,0,OK,,,,,
2026-05-03 17:00:35,-40,0,0,0,0,OK,,,,,
2026-05-03 17:00:51,12.9,83,0.8,447,14051.3,OK,,,,,
2026-05-03 17:01:07,-40,0,0,0,0,OK,,,,,
2026-05-03 17:01:23,12.9,84,1.4,447,14874.9,OK,,,,,
2026-05-03 17:01:39,-40,0,0,0,0,OK,,,,,
2026-05-03 17:01:55,13,84,0.7,447,16076.7,OK,,,,,
2026-05-03 17:02:11,-40,0,0,0,0,OK,,,,,
2026-05-03 17:02:27,-40,0,0,0,0,OK,,,,,
2026-05-03 17:02:43,13,83,0.3,447,17957.6,OK,,,,,
2026-05-03 17:02:59,-40,0,0,0,0,OK,,,,,
2026-05-03 17:03:47,-40,0,0,0,0,OK,,,,,
2026-05-03 17:04:03,13.1,83,1,447,19448.2,OK,,,,,
2026-05-03 17:04:19,115.5,83,0.6,447,19577.6,OK,,,,,
2026-05-03 17:04:35,13.1,83,0,447,19239.4,OK,,,,,
2026-05-03 17:04:51,-40,0,0,0,0,OK,,,,,
2026-05-03 17:05:07,-40,0,0,0,0,OK,,,,,
2026-05-03 17:06:11,-40,0,0,0,0,OK,,,,,
2026-05-03 17:06:27,-40,0,0,0,0,OK,,,,,
2026-05-03 17:06:43,13,83,1.1,447,16342.3,OK,,,,,
2026-05-03 17:06:59,-40,0,0,0,0,OK,,,,,
2026-05-03 17:07:15,-40,0,0,0,0,OK,,,,,
2026-05-03 17:07:31,13,83,19,447,14982.2,OK,,,,,
2026-05-03 17:07:47,-40,0,0,0,0,OK,,,,,
2026-05-03 17:08:03,-40,0,0,0,0,OK,,,,,
2026-05-03 17:08:19,-40,0,0,0,0,OK,,,,,
2026-05-03 17:08:35,13,83,2.4,447,13062.4,OK,,,,,
2026-05-03 17:08:51,-40,0,0,0,0,OK,,,,,
2026-05-03 17:09:07,-40,0,0,0,0,OK,,,,,
2026-05-03 17:09:23,-40,0,0,0,0,OK,,,,,
2026-05-03 17:09:39,12.9,82,1.8,447,209006.3,OK,,,,,
2026-05-03 17:09:55,-40,0,0,0,0,OK,,,,,
2026-05-03 17:10:27,-40,0,0,0,0,OK,,,,,
2026-05-03 17:10:43,-40,0,0,0,0,OK,,,,,
2026-05-03 17:10:59,-40,0,0,0,0,OK,,,,,
2026-05-03 17:11:15,13,83,3.4,447,51789.5,OK,,,,,
2026-05-03 17:11:31,-40,0,0,0,0,OK,,,,,
2026-05-03 17:11:47,-40,0,0,0,0,OK,,,,,
2026-05-03 17:12:19,12.9,83,4.2,447,11809.6,OK,,,,,
2026-05-03 17:12:35,12.9,83,0.3,447,13041.8,OK,,,,,
2026-05-03 17:13:07,-40,0,0,0,0,OK,,,,,
2026-05-03 17:13:39,-40,0,0,0,0,OK,,,,,
2026-05-03 17:13:55,-40,0,0,0,0,OK,,,,,
2026-05-03 17:14:11,12.9,83,0.8,447,9844,OK,,,,,
2026-05-03 17:14:27,-40,0,0,0,0,OK,,,,,
2026-05-03 17:15:31,-40,0,0,0,0,OK,,,,,
2026-05-03 17:15:47,-40,0,0,0,0,OK,,,,,
2026-05-03 17:16:03,12.9,83,0.8,447,8907.9,OK,,,,,
2026-05-03 17:16:19,-12.7,83,37.7,447,8260.4,OK,,,,,
2026-05-03 17:16:35,-40,0,0,0,0,OK,,,,,
2026-05-03 17:16:51,12.9,83,0.1,447,6813.7,OK,,,,,
2026-05-03 17:17:07,-40,0,0,0,0,OK,,,,,
2026-05-03 17:17:23,12.9,83,2,447,6132.9,OK,,,,,
2026-05-03 17:17:39,-40,0,0,0,0,OK,,,,,
2026-05-03 17:17:55,115.3,83,38.1,65376,6553.5,OK,,,,,
2026-05-03 17:18:11,12.9,83,1,1983,5903.5,OK,,,,,
2026-05-03 17:18:43,-40,0,0,0,0,OK,,,,,
2026-05-03 17:18:59,-40,0,0,0,0,OK,,,,,
2026-05-03 17:19:15,-40,0,0,0,0,OK,,,,,
2026-05-03 17:19:31,-40,0,0,0,0,OK,,,,,
2026-05-03 17:19:47,-40,0,0,0,0,OK,,,,,
2026-05-03 17:20:03,-40,0,0,0,0,OK,,,,,
2026-05-03 17:20:19,-40,0,0,0,0,OK,,,,,
2026-05-03 17:20:35,-40,0,0,0,0,OK,,,,,
2026-05-03 17:20:51,-40,0,0,0,0,OK,,,,,
2026-05-03 17:21:07,12.8,83,0.8,447,7080.1,OK,,,,,
2026-05-03 17:21:23,12.8,84,0.4,447,7316.9,OK,,,,,
2026-05-03 17:21:39,-40,0,0,0,0,OK,,,,,
2026-05-03 17:21:55,-12.8,84,36.5,447,12668.7,OK,,,,,
2026-05-03 17:22:11,12.8,84,0.8,447,7920,OK,,,,,
2026-05-03 17:22:27,-40,0,0,0,0,OK,,,,,
2026-05-03 17:22:43,-40,0,0,0,0,OK,,,,,
2026-05-03 17:22:59,-40,0,0,0,0,OK,,,,,
2026-05-03 17:23:15,-40,0,0,0,0,OK,,,,,
2026-05-03 17:23:31,12.8,83,17.4,447,7908.9,OK,,,,,
2026-05-03 17:23:47,-40,0,0,0,0,OK,,,,,
2026-05-03 17:24:03,12.9,84,0.7,447,20716.4,OK,,,,,
2026-05-03 17:24:19,-40,0,0,0,0,OK,,,,,
2026-05-03 17:24:35,-40,0,0,0,0,OK,,,,,
2026-05-03 17:24:51,12.9,84,0.3,447,418677.4,OK,,,,,
2026-05-03 17:25:23,-40,0,0,0,0,OK,,,,,
2026-05-03 17:25:55,-40,0,0,0,0,OK,,,,,
2026-05-03 17:26:11,-40,0,0,0,0,OK,,,,,
2026-05-03 17:26:27,12.9,84,1.1,447,13084.4,OK,,,,,
2026-05-03 17:26:43,-40,0,0,0,0,OK,,,,,
2026-05-03 17:27:47,-40,0,0,0,0,OK,,,,,
2026-05-03 17:28:03,-40,0,0,0,0,OK,,,,,
2026-05-03 17:28:19,-40,0,0,0,0,OK,,,,,
2026-05-03 17:29:23,12.8,84,0.1,447,7094.9,OK,,,,,
2026-05-03 17:29:39,-12.8,84,107.5,447,7039.4,OK,,,,,
2026-05-03 17:29:55,12.8,84,0.6,447,6917.3,OK,,,,,
2026-05-03 17:30:11,12.8,250,0.7,447,6795.2,OK,,,,,
2026-05-03 17:30:27,-40,0,0,0,0,OK,,,,,
2026-05-03 17:30:43,-40,0,0,0,0,OK,,,,,
2026-05-03 17:30:59,115.2,84,18.6,447,6765.6,OK,,,,,
2026-05-03 17:31:15,12.8,84,0.6,8127,632018.7,OK,,,,,
2026-05-03 17:31:31,-40,0,0,0,0,OK,,,,,
2026-05-03 17:31:47,-40,0,0,0,0,OK,,,,,
2026-05-03 17:32:03,-40,0,0,0,0,OK,,,,,
2026-05-03 17:32:19,-40,0,0,0,0,OK,,,,,
2026-05-03 17:32:51,-40,0,0,0,0,OK,,,,,
2026-05-03 17:33:39,-40,0,0,0,0,OK,,,,,
2026-05-03 17:33:55,-40,0,0,0,0,OK,,,,,
2026-05-03 17:34:11,12.7,116,0.4,447,7894.1,OK,,,,,
2026-05-03 17:34:27,12.6,84,0.4,447,7853.4,OK,,,,,
2026-05-03 17:34:43,12.7,84,0.6,511,7823.8,OK,,,,,
2026-05-03 17:34:59,-40,0,0,0,0,OK,,,,,
2026-05-03 17:35:15,-40,0,0,0,0,OK,,,,,
2026-05-03 17:35:31,-40,0,0,0,0,OK,,,,,
2026-05-03 17:35:47,-40,0,0,0,0,OK,,,,,
2026-05-03 17:36:19,12.7,84,0.8,447,7346.5,OK,,,,,
2026-05-03 17:36:35,-40,0,0,0,0,OK,,,,,
2026-05-03 17:36:51,-40,0,0,0,0,OK,,,,,
2026-05-03 17:37:07,12.7,84,0.8,447,6850.7,OK,,,,,
2026-05-03 17:37:23,-40,0,0,0,0,OK,,,,,
2026-05-03 17:37:39,-40,0,0,0,0,OK,,,,,
2026-05-03 17:37:55,-40,0,0,0,0,OK,,,,,
2026-05-03 17:38:11,-40,0,0,0,0,OK,,,,,
2026-05-03 17:38:27,-40,0,0,0,0,OK,,,,,
2026-05-03 17:38:43,-40,0,0,0,0,OK,,,,,
2026-05-03 17:39:15,-40,0,0,0,0,OK,,,,,
2026-05-03 17:39:47,-40,0,0,0,0,OK,,,,,
2026-05-03 17:40:03,-40,0,0,0,0,OK,,,,,
2026-05-03 17:40:19,-40,0,0,0,0,OK,,,,,
2026-05-03 17:40:51,-40,0,0,0,0,OK,,,,,
2026-05-03 17:41:07,-40,0,0,0,0,OK,,,,,
2026-05-03 17:41:23,-40,0,0,0,0,OK,,,,,
2026-05-03 17:41:39,-40,0,0,0,0,OK,,,,,
2026-05-03 17:41:55,-40,0,0,0,0,OK,,,,,
2026-05-03 17:42:11,-40,0,0,0,0,OK,,,,,
2026-05-03 17:42:43,-40,0,0,0,0,OK,,,,,
2026-05-03 17:43:15,-40,0,0,0,0,OK,,,,,
2026-05-03 17:43:31,-40,0,0,0,0,OK,,,,,
2026-05-03 17:43:47,12.3,85,1.8,447,4904.5,OK,,,,,
2026-05-03 17:44:03,-40,0,0,0,0,OK,,,,,
2026-05-03 17:44:19,-40,0,0,0,0,OK,,,,,
2026-05-03 17:44:35,12.3,86,1.7,447,4223.7,OK,,,,,
2026-05-03 17:44:52,-40,0,0,0,0,OK,,,,,
2026-05-03 17:45:07,-40,0,0,0,0,OK,,,,,
2026-05-03 17:45:23,-40,0,0,0,0,OK,,,,,
2026-05-03 17:45:39,12.3,86,2.5,447,3676.1,OK,,,,,
2026-05-03 17:46:11,-40,0,0,0,0,OK,,,,,
2026-05-03 17:46:27,-40,0,0,0,0,OK,,,,,
2026-05-03 17:46:43,-40,0,0,0,0,OK,,,,,
2026-05-03 17:47:47,12.2,247,13.4,447,4604.8,OK,,,,,
2026-05-03 17:48:03,-40,0,0,0,0,OK,,,,,
2026-05-03 17:49:07,-40,0,0,0,0,OK,,,,,
2026-05-03 17:49:23,12.2,87,0.7,447,5511.3,OK,,,,,
2026-05-03 17:49:55,12.3,88,1,447,5685.2,OK,,,,,
2026-05-03 17:50:11,12.2,88,2.1,511,5607.5,OK,,,,,
2026-05-03 17:50:43,-40,0,0,0,0,OK,,,,,
2026-05-03 17:50:59,12,88,0.3,511,6553.4,OK,,,,,
2026-05-03 17:51:15,-40,0,0,0,0,OK,,,,,
2026-05-03 17:51:31,12,88,2.1,447,5899.8,OK,,,,,
2026-05-03 17:51:47,-40,0,0,0,0,OK,,,,,
2026-05-03 17:52:19,-40,0,0,0,0,OK,,,,,
2026-05-03 17:52:35,-40,0,0,0,0,OK,,,,,
2026-05-03 17:52:51,12.1,88,0.4,447,6558.4,OK,,,,,
2026-05-03 17:53:07,114.5,88,0.4,447,9827.7,OK,,,,,
2026-05-03 17:53:23,-40,0,0,0,0,OK,,,,,
2026-05-03 17:53:39,-40,0,0,0,0,OK,,,,,
2026-05-03 17:53:55,-40,0,0,0,0,OK,,,,,
2026-05-03 17:54:27,-40,0,0,0,0,OK,,,,,
2026-05-03 17:55:15,-40,0,0,0,0,OK,,,,,
2026-05-03 17:55:31,-40,0,0,0,0,OK,,,,,
2026-05-03 17:55:47,-40,0,0,0,0,OK,,,,,
2026-05-03 17:56:19,-40,0,0,0,0,OK,,,,,
2026-05-03 17:56:51,-40,0,0,0,0,OK,,,,,
2026-05-03 17:57:07,12.1,88,0,447,4576.9,OK,,,,,
2026-05-03 17:57:23,12.1,88,0.6,447,6009.5,OK,,,,,
2026-05-03 17:57:55,12.1,88,0,447,4057.2,OK,,,,,
2026-05-03 17:58:11,-40,0,0,0,0,OK,,,,,
2026-05-03 17:58:27,-40,0,0,0,0,OK,,,,,
2026-05-03 17:58:43,-40,0,0,0,0,OK,,,,,
2026-05-03 17:58:59,12.6,88,0,447,3401.7,OK,,,,,
2026-05-03 17:59:15,12.2,88,0.1,447,3217.3,OK,,,,,
2026-05-03 17:59:31,-40,0,0,0,0,OK,,,,,
2026-05-03 17:59:47,-40,0,0,0,0,OK,,,,,
2026-05-03 18:00:03,-40,0,0,0,0,OK,,,,,
2026-05-03 18:00:19,12.2,216,17.9,447,3154.4,OK,,,,,
2026-05-03 18:00:35,-40,0,0,0,0,OK,,,,,
2026-05-03 18:00:51,-40,0,0,0,0,OK,,,,,
2026-05-03 18:01:07,-40,0,0,0,0,OK,,,,,
2026-05-03 18:01:23,-40,0,0,0,0,OK,,,,,
2026-05-03 18:01:55,-40,0,0,0,0,OK,,,,,
2026-05-03 18:02:11,63.4,88,0.1,447,2658.6,OK,,,,,
2026-05-03 18:03:15,-40,0,0,0,0,OK,,,,,
2026-05-03 18:03:31,-40,0,0,0,0,OK,,,,,
2026-05-03 18:04:19,-40,0,0,0,0,OK,,,,,
2026-05-03 18:05:23,-40,0,0,0,0,OK,,,,,
2026-05-03 18:05:39,13.9,87,1.3,447,2366.3,OK,,,,,
2026-05-03 18:06:11,-40,0,0,0,0,OK,,,,,
2026-05-03 18:06:27,-40,0,0,0,0,OK,,,,,
2026-05-03 18:06:43,114.7,87,35.8,447,2588.3,OK,,,,,
2026-05-03 18:06:59,-40,0,0,0,0,OK,,,,,
2026-05-03 18:07:31,12.4,119,0,447,5994.6,OK,,,,,
2026-05-03 18:07:47,-40,0,0,0,0,OK,,,,,
2026-05-03 18:08:03,12.4,87,0,447,2906.5,OK,,,,,
2026-05-03 18:08:19,-40,0,0,0,0,OK,,,,,
2026-05-03 18:08:51,-40,0,0,0,0,OK,,,,,
2026-05-03 18:09:23,12.3,127,0.3,959,842111.4,OK,,,,,
2026-05-03 18:09:39,-40,0,0,0,0,OK,,,,,
2026-05-03 18:10:27,63.6,95,74.8,48896,1069926.3,OK,,,,,
2026-05-03 18:10:59,12.3,87,0,447,843066,OK,,,,,
2026-05-03 18:11:15,-40,0,0,0,0,OK,,,,,
2026-05-03 18:12:03,12.4,87,0.1,447,4499.2,OK,,,,,
2026-05-03 18:12:19,-40,0,0,0,0,OK,,,,,
2026-05-03 18:12:35,-40,0,0,0,0,OK,,,,,
2026-05-03 18:13:07,-40,0,0,0,0,OK,,,,,
2026-05-03 18:13:23,-40,0,0,0,0,OK,,,,,
2026-05-03 18:13:55,-40,0,0,0,0,OK,,,,,
2026-05-03 18:14:11,12.4,87,1.3,447,3554,OK,,,,,
2026-05-03 18:14:27,-40,0,0,0,0,OK,,,,,
2026-05-03 18:14:43,-40,0,0,0,0,OK,,,,,
2026-05-03 18:14:59,-40,0,0,0,0,OK,,,,,
2026-05-03 18:15:47,-40,0,0,0,0,OK,,,,,
2026-05-03 18:16:03,-40,0,0,0,0,OK,,,,,
2026-05-03 18:16:19,-40,0,0,0,0,OK,,,,,
2026-05-03 18:16:35,-40,0,0,0,0,OK,,,,,
2026-05-03 18:17:07,-40,0,0,0,0,OK,,,,,
2026-05-03 18:17:23,-40,0,0,0,0,OK,,,,,
2026-05-03 18:17:39,12.4,119,0,447,6060.7,OK,,,,,
2026-05-03 18:17:55,-40,0,0,0,0,OK,,,,,
2026-05-03 18:18:11,-40,0,0,0,0,OK,,,,,
2026-05-03 18:18:27,-40,0,0,0,0,OK,,,,,
2026-05-03 18:18:43,-40,0,0,0,0,OK,,,,,
2026-05-03 18:19:47,-40,0,0,0,0,OK,,,,,
2026-05-03 18:20:03,17.5,87,0.6,447,3576.6,OK,,,,,
2026-05-03 18:20:19,12.5,87,0.6,511,3935.1,OK,,,,,
2026-05-03 18:20:35,-40,0,0,0,0,OK,,,,,
2026-05-03 18:20:51,12.5,87,1,447,4035,OK,,,,,
2026-05-03 18:21:07,-40,0,0,0,0,OK,,,,,
2026-05-03 18:21:23,-40,0,0,0,0,OK,,,,,
2026-05-03 18:21:39,12.4,86,0.7,4031,3787.1,OK,,,,,
2026-05-03 18:22:11,12.4,95,0,447,4046.1,OK,,,,,
2026-05-03 18:22:27,-40,0,0,0,0,OK,,,,,
2026-05-03 18:22:43,-40,0,0,0,0,OK,,,,,
2026-05-03 18:22:59,12.5,119,0,447,3788.5,OK,,,,,
2026-05-03 18:23:15,12.5,87,0,511,3593.4,OK,,,,,
2026-05-03 18:23:31,-40,0,0,0,0,OK,,,,,
2026-05-03 18:23:47,-40,0,0,0,0,OK,,,,,
2026-05-03 18:24:03,-40,0,0,0,0,OK,,,,,
2026-05-03 18:24:19,-40,0,0,0,0,OK,,,,,
2026-05-03 18:25:07,-40,0,0,0,0,OK,,,,,
2026-05-03 18:25:39,-40,0,0,0,0,OK,,,,,
2026-05-03 18:25:55,-40,0,0,0,0,OK,,,,,
2026-05-03 18:26:11,-40,0,0,0,0,OK,,,,,
2026-05-03 18:27:31,-40,0,0,0,0,OK,,,,,
2026-05-03 18:27:47,17.3,87,0,4031,5683.8,OK,,,,,
2026-05-03 18:28:03,12.5,119,2.1,447,634695.2,OK,,,,,
2026-05-03 18:28:19,-40,0,0,0,0,OK,,,,,
2026-05-03 18:28:35,-40,0,0,0,0,OK,,,,,
2026-05-03 18:28:51,-40,0,0,0,0,OK,,,,,
2026-05-03 18:29:07,-40,0,0,0,0,OK,,,,,
2026-05-03 18:29:23,-40,0,0,0,0,OK,,,,,
2026-05-03 18:29:55,-40,0,0,0,0,OK,,,,,
2026-05-03 18:30:11,-40,0,0,0,0,OK,,,,,
2026-05-03 18:30:27,-40,0,0,0,0,OK,,,,,
2026-05-03 18:31:31,-40,0,0,0,0,OK,,,,,
2026-05-03 18:31:47,-40,0,0,0,0,OK,,,,,
2026-05-03 18:32:03,-40,0,0,0,0,OK,,,,,
2026-05-03 18:32:19,-40,0,0,0,0,OK,,,,,
2026-05-03 18:32:35,-40,0,0,0,0,OK,,,,,
2026-05-03 18:32:51,-40,0,0,0,0,OK,,,,,
2026-05-03 18:33:07,-40,0,0,0,0,OK,,,,,
2026-05-03 18:33:23,-40,0,0,0,0,OK,,,,,
2026-05-03 18:33:39,-40,0,0,0,0,OK,,,,,
2026-05-03 18:33:55,-40,0,0,0,0,OK,,,,,
2026-05-03 18:35:15,-40,0,0,0,0,OK,,,,,
2026-05-03 18:35:31,-40,0,0,0,0,OK,,,,,
2026-05-03 18:35:47,-40,0,0,0,0,OK,,,,,
2026-05-03 18:36:03,-40,0,0,0,0,OK,,,,,
2026-05-03 18:36:19,-40,0,0,0,0,OK,,,,,
2026-05-03 18:36:35,-40,0,0,0,0,OK,,,,,
2026-05-03 18:37:23,-40,0,0,0,0,OK,,,,,
2026-05-03 18:37:55,12.4,87,1,447,3916.6,OK,,,,,
2026-05-03 18:38:11,-40,0,0,0,0,OK,,,,,
2026-05-03 18:38:27,-40,0,0,0,0,OK,,,,,
2026-05-03 18:39:15,-40,0,0,0,0,OK,,,,,
2026-05-03 18:39:31,-40,0,0,0,0,OK,,,,,
2026-05-03 18:39:47,-40,0,0,0,0,OK,,,,,
2026-05-03 18:40:03,-40,0,0,0,0,OK,,,,,
2026-05-03 18:40:19,-40,0,0,0,0,OK,,,,,
2026-05-03 18:40:35,-40,0,0,0,0,OK,,,,,
2026-05-03 18:40:51,-40,0,0,0,0,OK,,,,,
2026-05-03 18:41:39,-40,0,0,0,0,OK,,,,,
2026-05-03 18:41:55,-40,0,0,0,0,OK,,,,,
2026-05-03 18:42:11,-40,0,0,0,0,OK,,,,,
2026-05-03 18:42:27,12.4,87,0.3,959,3254.3,OK,,,,,
2026-05-03 18:42:43,-40,0,0,0,0,OK,,,,,
2026-05-03 18:42:59,17.3,87,0.4,65471,3124.8,OK,,,,,
2026-05-03 18:43:15,-40,0,0,0,0,OK,,,,,
2026-05-03 18:43:31,-40,0,0,0,0,OK,,,,,
2026-05-03 18:43:47,-40,0,0,0,0,OK,,,,,
2026-05-03 18:44:03,-40,0,0,0,0,OK,,,,,
2026-05-03 18:44:19,-40,0,0,0,0,OK,,,,,
2026-05-03 18:44:35,-40,0,0,0,0,OK,,,,,
2026-05-03 18:44:51,-40,0,0,0,0,OK,,,,,
2026-05-03 18:45:07,-40,0,0,0,0,OK,,,,,
2026-05-03 18:45:23,-40,0,0,0,0,OK,,,,,
2026-05-03 18:45:39,-40,0,0,0,0,OK,,,,,
2026-05-03 18:45:55,-40,0,0,0,0,OK,,,,,
2026-05-03 18:46:11,-40,0,0,0,0,OK,,,,,
2026-05-03 18:46:43,-40,0,0,0,0,OK,,,,,
2026-05-03 18:46:59,-40,0,0,0,0,OK,,,,,
2026-05-03 18:47:31,-13.2,87,35.8,447,841881.5,OK,,,,,
2026-05-03 18:48:03,-40,0,0,0,0,OK,,,,,
2026-05-03 18:48:51,-40,0,0,0,0,OK,,,,,
2026-05-03 18:49:07,114.7,87,36.1,447,1650.2,OK,,,,,
2026-05-03 18:49:23,-40,0,0,0,0,OK,,,,,
2026-05-03 18:49:39,12.3,215,27.3,447,1720.5,OK,,,,,
2026-05-03 18:49:55,-40,0,0,0,0,OK,,,,,
2026-05-03 18:50:11,-40,0,0,0,0,OK,,,,,
2026-05-03 18:50:27,12.3,247,35.7,447,5729.5,OK,,,,,
2026-05-03 18:50:43,-40,0,0,0,0,OK,,,,,
2026-05-03 18:50:59,-40,0,0,0,0,OK,,,,,
2026-05-03 18:51:15,-40,0,0,0,0,OK,,,,,
2026-05-03 18:51:47,-40,0,0,0,0,OK,,,,,
2026-05-03 18:52:03,-40,0,0,0,0,OK,,,,,
2026-05-03 18:52:19,-40,0,0,0,0,OK,,,,,
2026-05-03 18:52:35,12.3,248,0.7,447,1715.1,OK,,,,,
2026-05-03 18:52:51,23.9,88,0.1,447,1765.2,OK,,,,,
2026-05-03 18:53:23,-40,0,0,0,0,OK,,,,,
2026-05-03 18:53:39,-40,0,0,0,0,OK,,,,,
2026-05-03 18:53:55,-40,0,0,0,0,OK,,,,,
2026-05-03 18:54:11,-40,0,0,0,0,OK,,,,,
2026-05-03 18:54:27,12.2,88,0.1,447,840355.1,OK,,,,,
2026-05-03 18:54:43,-40,0,0,0,0,OK,,,,,
2026-05-03 18:54:59,-40,0,0,0,0,OK,,,,,
2026-05-03 18:55:15,-40,0,0,0,0,OK,,,,,
2026-05-03 18:55:31,-40,0,0,0,0,OK,,,,,
2026-05-03 18:55:47,-40,0,0,0,0,OK,,,,,
2026-05-03 18:56:03,-40,0,0,0,0,OK,,,,,
2026-05-03 18:56:19,-40,0,0,0,0,OK,,,,,
2026-05-03 18:56:35,-40,0,0,0,0,OK,,,,,
2026-05-03 18:56:51,-40,0,0,0,0,OK,,,,,
2026-05-03 18:57:07,-40,0,0,0,0,OK,,,,,
2026-05-03 18:57:23,-40,0,0,0,0,OK,,,,,
2026-05-03 18:57:39,-40,0,0,0,0,OK,,,,,
2026-05-03 18:57:55,-40,0,0,0,0,OK,,,,,
2026-05-03 18:58:11,-40,0,0,0,0,OK,,,,,
2026-05-03 18:58:27,-40,0,0,0,0,OK,,,,,
2026-05-03 18:58:59,-40,0,0,0,0,OK,,,,,
2026-05-03 18:59:15,-40,0,0,0,0,OK,,,,,
2026-05-03 18:59:31,-40,0,0,0,0,OK,,,,,
2026-05-03 18:59:47,-40,0,0,0,0,OK,,,,,
2026-05-03 19:00:03,-40,0,0,0,0,OK,,,,,
2026-05-03 19:00:19,-40,0,0,0,0,OK,,,,,
2026-05-03 19:00:35,-40,0,0,0,0,OK,,,,,
2026-05-03 19:00:51,-40,0,0,0,0,OK,,,,,
2026-05-03 19:01:07,-40,0,0,0,0,OK,,,,,
2026-05-03 19:01:23,-40,0,0,0,0,OK,,,,,
2026-05-03 19:01:39,-40,0,0,0,0,OK,,,,,
2026-05-03 19:01:55,-40,0,0,0,0,OK,,,,,
2026-05-03 19:02:11,-40,0,0,0,0,OK,,,,,
2026-05-03 19:02:43,-40,0,0,0,0,OK,,,,,
2026-05-03 19:02:59,-40,0,0,0,0,OK,,,,,
2026-05-03 19:03:15,-40,0,0,0,0,OK,,,,,
2026-05-03 19:03:31,-40,0,0,0,0,OK,,,,,
2026-05-03 19:03:47,-40,0,0,0,0,OK,,,,,
2026-05-03 19:04:03,-40,0,0,0,0,OK,,,,,
2026-05-03 19:04:35,-40,0,0,0,0,OK,,,,,
2026-05-03 19:04:51,-40,0,0,0,0,OK,,,,,
2026-05-03 19:05:07,-40,0,0,0,0,OK,,,,,
2026-05-03 19:05:23,-40,0,0,0,0,OK,,,,,
2026-05-03 19:05:39,-40,0,0,0,0,OK,,,,,
2026-05-03 19:05:55,-40,0,0,0,0,OK,,,,,
2026-05-03 19:06:11,-40,0,0,0,0,OK,,,,,
2026-05-03 19:06:43,-40,0,0,0,0,OK,,,,,
2026-05-03 19:06:59,16.9,216,0.3,511,5646.3,OK,,,,,
2026-05-03 19:07:15,-40,0,0,0,0,OK,,,,,
2026-05-03 19:07:31,-40,0,0,0,0,OK,,,,,
2026-05-03 19:07:47,-40,0,0,0,0,OK,,,,,
2026-05-03 19:08:03,-40,0,0,0,0,OK,,,,,
2026-05-03 19:08:19,-40,0,0,0,0,OK,,,,,
2026-05-03 19:08:35,-40,0,0,0,0,OK,,,,,
2026-05-03 19:08:51,-40,0,0,0,0,OK,,,,,
2026-05-03 19:09:07,-40,0,0,0,0,OK,,,,,
2026-05-03 19:09:23,-40,0,0,0,0,OK,,,,,
2026-05-03 19:09:39,-40,0,0,0,0,OK,,,,,
2026-05-03 19:09:55,-40,0,0,0,0,OK,,,,,
2026-05-03 19:10:11,-40,0,0,0,0,OK,,,,,
2026-05-03 19:10:27,12.2,120,0,447,120.2,OK,,,,,
2026-05-03 19:11:15,-40,0,0,0,0,OK,,,,,
2026-05-03 19:11:31,-40,0,0,0,0,OK,,,,,
2026-05-03 19:11:47,-40,0,0,0,0,OK,,,,,
2026-05-03 19:12:03,-40,0,0,0,0,OK,,,,,
2026-05-03 19:12:19,-40,0,0,0,0,OK,,,,,
2026-05-03 19:12:35,-40,0,0,0,0,OK,,,,,
2026-05-03 19:13:07,-40,0,0,0,0,OK,,,,,
2026-05-03 19:13:23,-40,0,0,0,0,OK,,,,,
2026-05-03 19:13:39,-40,0,0,0,0,OK,,,,,
2026-05-03 19:14:27,-40,0,0,0,0,OK,,,,,
2026-05-03 19:14:43,-40,0,0,0,0,OK,,,,,
2026-05-03 19:14:59,-40,0,0,0,0,OK,,,,,
2026-05-03 19:15:31,-40,0,0,0,0,OK,,,,,
2026-05-03 19:15:47,-40,0,0,0,0,OK,,,,,
2026-05-03 19:16:03,-40,0,0,0,0,OK,,,,,
2026-05-03 19:16:19,-40,0,0,0,0,OK,,,,,
2026-05-03 19:16:35,-40,0,0,0,0,OK,,,,,
2026-05-03 19:16:51,-40,0,0,0,0,OK,,,,,
2026-05-03 19:17:07,-40,0,0,0,0,OK,,,,,
2026-05-03 19:17:23,-40,0,0,0,0,OK,,,,,
2026-05-03 19:17:39,-40,0,0,0,0,OK,,,,,
2026-05-03 19:17:55,-40,0,0,0,0,OK,,,,,
2026-05-03 19:18:11,-40,0,0,0,0,OK,,,,,
2026-05-03 19:18:27,-40,0,0,0,0,OK,,,,,
2026-05-03 19:18:43,-40,0,0,0,0,OK,,,,,
2026-05-03 19:18:59,-40,0,0,0,0,OK,,,,,
2026-05-03 19:19:15,-40,0,0,0,0,OK,,,,,
2026-05-03 19:19:31,-40,0,0,0,0,OK,,,,,
2026-05-03 19:19:47,-40,0,0,0,0,OK,,,,,
2026-05-03 19:20:03,-40,0,0,0,0,OK,,,,,
2026-05-03 19:20:19,-40,0,0,0,0,OK,,,,,
2026-05-03 19:20:35,36.2,88,0.1,511,0,OK,,,,,
2026-05-03 19:21:07,-40,0,0,0,0,OK,,,,,
2026-05-03 19:21:23,-40,0,0,0,0,OK,,,,,
2026-05-03 19:21:39,-40,0,0,0,0,OK,,,,,
2026-05-03 19:21:55,-40,0,0,0,0,OK,,,,,
2026-05-03 19:22:11,-40,0,0,0,0,OK,,,,,
2026-05-03 19:22:27,-40,0,0,0,0,OK,,,,,
2026-05-03 19:22:43,-40,0,0,0,0,OK,,,,,
2026-05-03 19:22:59,-40,0,0,0,0,OK,,,,,
2026-05-03 19:23:15,-40,0,0,0,0,OK,,,,,
2026-05-03 19:23:31,-40,0,0,0,0,OK,,,,,
2026-05-03 19:23:47,-40,0,0,0,0,OK,,,,,
2026-05-03 19:24:03,114.5,216,17.9,511,0,OK,,,,,
2026-05-03 19:24:19,-40,0,0,0,0,OK,,,,,
2026-05-03 19:24:35,12.1,88,0,447,0,OK,,,,,
2026-05-03 19:25:07,-40,0,0,0,0,OK,,,,,
2026-05-03 19:25:23,-40,0,0,0,0,OK,,,,,
2026-05-03 19:25:39,-40,0,0,0,0,OK,,,,,
2026-05-03 19:25:55,-40,0,0,0,0,OK,,,,,
2026-05-03 19:26:11,-40,0,0,0,0,OK,,,,,
2026-05-03 19:26:27,-40,0,0,0,0,OK,,,,,
2026-05-03 19:26:43,-40,0,0,0,0,OK,,,,,
2026-05-03 19:26:59,-40,0,0,0,0,OK,,,,,
2026-05-03 19:27:15,-40,0,0,0,0,OK,,,,,
2026-05-03 19:27:31,-40,0,0,0,0,OK,,,,,
2026-05-03 19:27:47,-40,0,0,0,0,OK,,,,,
2026-05-03 19:28:03,-40,0,0,0,0,OK,,,,,
2026-05-03 19:28:19,-40,0,0,0,0,OK,,,,,
2026-05-03 19:28:35,-40,0,0,0,0,OK,,,,,
2026-05-03 19:28:51,-40,0,0,0,0,OK,,,,,
2026-05-03 19:29:07,-40,0,0,0,0,OK,,,,,
2026-05-03 19:29:23,-40,0,0,0,0,OK,,,,,
2026-05-03 19:29:39,-40,0,0,0,0,OK,,,,,
2026-05-03 19:29:55,-40,0,0,0,0,OK,,,,,
2026-05-03 19:30:11,-40,0,0,0,0,OK,,,,,
2026-05-03 19:30:43,-40,0,0,0,0,OK,,,,,
2026-05-03 19:30:59,-40,0,0,0,0,OK,,,,,
2026-05-03 19:31:15,-40,0,0,0,0,OK,,,,,
2026-05-03 19:31:31,-40,0,0,0,0,OK,,,,,
2026-05-03 19:32:03,-40,0,0,0,0,OK,,,,,
2026-05-03 19:32:19,-40,0,0,0,0,OK,,,,,
2026-05-03 19:32:51,-40,0,0,0,0,OK,,,,,
2026-05-03 19:33:07,-40,0,0,0,0,OK,,,,,
2026-05-03 19:33:23,-40,0,0,0,0,OK,,,,,
2026-05-03 19:33:39,-40,0,0,0,0,OK,,,,,
2026-05-03 19:33:55,-40,0,0,0,0,OK,,,,,
2026-05-03 19:34:11,-40,0,0,0,0,OK,,,,,
2026-05-03 19:34:43,-40,0,0,0,0,OK,,,,,
2026-05-03 19:34:59,-40,0,0,0,0,OK,,,,,
2026-05-03 19:35:15,-40,0,0,0,0,OK,,,,,
2026-05-03 19:35:31,-40,0,0,0,0,OK,,,,,
2026-05-03 19:35:47,-40,0,0,0,0,OK,,,,,
2026-05-03 19:36:03,-40,0,0,0,0,OK,,,,,
2026-05-03 19:36:19,-40,0,0,0,0,OK,,,,,
2026-05-03 19:36:35,-40,0,0,0,0,OK,,,,,
2026-05-03 19:36:51,-34.4,172,107.8,447,1261576.8,OK,,,,,
2026-05-03 19:37:55,-40,0,0,0,0,OK,,,,,
2026-05-03 19:38:11,-40,0,0,0,0,OK,,,,,
2026-05-03 19:38:27,-40,0,0,0,0,OK,,,,,
2026-05-03 19:38:43,-40,0,0,0,0,OK,,,,,
2026-05-03 19:39:15,-40,0,0,0,0,OK,,,,,
2026-05-03 19:39:31,-40,0,0,0,0,OK,,,,,
2026-05-03 19:39:47,114.5,216,36.8,1983,0,OK,,,,,
2026-05-03 19:40:03,-40,0,0,0,0,OK,,,,,
2026-05-03 19:40:35,-40,0,0,0,0,OK,,,,,
2026-05-03 19:40:51,-40,0,0,0,0,OK,,,,,
2026-05-03 19:41:39,-40,0,0,0,0,OK,,,,,
2026-05-03 19:41:55,-40,0,0,0,0,OK,,,,,
2026-05-03 19:42:11,-40,0,0,0,0,OK,,,,,
2026-05-03 19:42:59,-40,0,0,0,0,OK,,,,,
2026-05-03 19:43:15,-40,0,0,0,0,OK,,,,,
2026-05-03 19:43:31,-40,0,0,0,0,OK,,,,,
2026-05-03 19:43:47,-40,0,0,0,0,OK,,,,,
2026-05-03 19:44:03,-40,0,0,0,0,OK,,,,,
2026-05-03 19:44:19,-40,0,0,0,0,OK,,,,,
2026-05-03 19:44:35,-40,0,0,0,0,OK,,,,,
2026-05-03 19:44:51,-40,0,0,0,0,OK,,,,,
2026-05-03 19:45:07,-40,0,0,0,0,OK,,,,,
2026-05-03 19:45:39,-40,0,0,0,0,OK,,,,,
2026-05-03 19:45:55,-40,0,0,0,0,OK,,,,,
2026-05-03 19:46:11,-40,0,0,0,0,OK,,,,,
2026-05-03 19:46:27,-40,0,0,0,0,OK,,,,,
2026-05-03 19:46:43,-40,0,0,0,0,OK,,,,,
2026-05-03 19:46:59,-40,0,0,0,0,OK,,,,,
2026-05-03 19:48:03,-40,0,0,0,0,OK,,,,,
2026-05-03 19:48:35,-40,0,0,0,0,OK,,,,,
2026-05-03 19:49:07,-40,0,0,0,0,OK,,,,,
2026-05-03 19:49:23,-40,0,0,0,0,OK,,,,,
2026-05-03 19:49:39,-40,0,0,0,0,OK,,,,,
2026-05-03 19:49:55,-40,0,0,0,0,OK,,,,,
2026-05-03 19:50:11,-40,0,0,0,0,OK,,,,,
2026-05-03 19:50:43,-40,0,0,0,0,OK,,,,,
2026-05-03 19:50:59,-40,0,0,0,0,OK,,,,,
2026-05-03 19:51:15,-40,0,0,0,0,OK,,,,,
2026-05-03 19:51:31,23.3,216,13.4,447,0,OK,,,,,
2026-05-03 19:52:19,-40,0,0,0,0,OK,,,,,
2026-05-03 19:52:35,-40,0,0,0,0,OK,,,,,
2026-05-03 19:53:07,-40,0,0,0,0,OK,,,,,
2026-05-03 19:53:23,-40,0,0,0,0,OK,,,,,
2026-05-03 19:53:39,-40,0,0,0,0,OK,,,,,
2026-05-03 19:53:55,-40,0,0,0,0,OK,,,,,
2026-05-03 19:54:11,-40,0,0,0,0,OK,,,,,
2026-05-03 19:54:27,-40,0,0,0,0,OK,,,,,
2026-05-03 19:54:43,-40,0,0,0,0,OK,,,,,
2026-05-03 19:54:59,-40,0,0,0,0,OK,,,,,
2026-05-03 19:55:15,-40,0,0,0,0,OK,,,,,
2026-05-03 19:55:31,-40,0,0,0,0,OK,,,,,
2026-05-03 19:55:47,-40,0,0,0,0,OK,,,,,
2026-05-03 19:56:35,-40,0,0,0,0,OK,,,,,
2026-05-03 19:56:51,-40,0,0,0,0,OK,,,,,
2026-05-03 19:57:07,-40,0,0,0,0,OK,,,,,
2026-05-03 19:57:23,-40,0,0,0,0,OK,,,,,
2026-05-03 19:57:39,-40,0,0,0,0,OK,,,,,
2026-05-03 19:58:59,-40,0,0,0,0,OK,,,,,
2026-05-03 19:59:31,-40,0,0,0,0,OK,,,,,
2026-05-03 19:59:47,-40,0,0,0,0,OK,,,,,
2026-05-03 20:00:03,-40,0,0,0,0,OK,,,,,
2026-05-03 20:00:35,-40,0,0,0,0,OK,,,,,
2026-05-03 20:01:07,-40,0,0,0,0,OK,,,,,
2026-05-03 20:01:23,-40,0,0,0,0,OK,,,,,
2026-05-03 20:01:39,-40,0,0,0,0,OK,,,,,
2026-05-03 20:02:11,-40,0,0,0,0,OK,,,,,
2026-05-03 20:02:27,-40,0,0,0,0,OK,,,,,
2026-05-03 20:02:43,-40,0,0,0,0,OK,,,,,
2026-05-03 20:02:59,-40,0,0,0,0,OK,,,,,
2026-05-03 20:03:15,-40,0,0,0,0,OK,,,,,
2026-05-03 20:03:47,-40,0,0,0,0,OK,,,,,
2026-05-03 20:04:03,-40,0,0,0,0,OK,,,,,
2026-05-03 20:04:35,-40,0,0,0,0,OK,,,,,
2026-05-03 20:04:51,-40,0,0,0,0,OK,,,,,
2026-05-03 20:05:07,-40,0,0,0,0,OK,,,,,
2026-05-03 20:05:39,-40,0,0,0,0,OK,,,,,
2026-05-03 20:06:11,-40,0,0,0,0,OK,,,,,
2026-05-03 20:06:43,-40,0,0,0,0,OK,,,,,
2026-05-03 20:06:59,-40,0,0,0,0,OK,,,,,
2026-05-03 20:07:15,-40,0,0,0,0,OK,,,,,
2026-05-03 20:07:47,-40,0,0,0,0,OK,,,,,
2026-05-03 20:08:51,-40,0,0,0,0,OK,,,,,
2026-05-03 20:09:07,-40,0,0,0,0,OK,,,,,
2026-05-03 20:09:23,-40,0,0,0,0,OK,,,,,
2026-05-03 20:09:39,-40,0,0,0,0,OK,,,,,
2026-05-03 20:09:55,-40,0,0,0,0,OK,,,,,
2026-05-03 20:10:11,-40,0,0,0,0,OK,,,,,
2026-05-03 20:10:27,-40,0,0,0,0,OK,,,,,
2026-05-03 20:10:43,-40,0,0,0,0,OK,,,,,
2026-05-03 20:11:15,-40,0,0,0,0,OK,,,,,
2026-05-03 20:11:31,-40,0,0,0,0,OK,,,,,
2026-05-03 20:11:47,-40,0,0,0,0,OK,,,,,
2026-05-03 20:12:03,-40,0,0,0,0,OK,,,,,
2026-05-03 20:12:19,-40,0,0,0,0,OK,,,,,
2026-05-03 20:12:51,-40,0,0,0,0,OK,,,,,
2026-05-03 20:13:23,-40,0,0,0,0,OK,,,,,
2026-05-03 20:14:43,-40,0,0,0,0,OK,,,,,
2026-05-03 20:15:15,-40,0,0,0,0,OK,,,,,
2026-05-03 20:15:31,-40,0,0,0,0,OK,,,,,
2026-05-03 20:16:35,-40,0,0,0,0,OK,,,,,
2026-05-03 20:17:07,-40,0,0,0,0,OK,,,,,
2026-05-03 20:17:39,-40,0,0,0,0,OK,,,,,
2026-05-03 20:17:55,-40,0,0,0,0,OK,,,,,
2026-05-03 20:18:43,-40,0,0,0,0,OK,,,,,
2026-05-03 20:18:59,-40,0,0,0,0,OK,,,,,
2026-05-03 20:19:15,12.1,120,0.3,511,0,OK,,,,,
2026-05-03 20:21:39,-40,0,0,0,0,OK,,,,,
2026-05-03 20:21:55,-40,0,0,0,0,OK,,,,,
2026-05-03 20:22:27,-40,0,0,0,0,OK,,,,,
2026-05-03 20:22:43,-40,0,0,0,0,OK,,,,,
2026-05-03 20:23:15,-40,0,0,0,0,OK,,,,,
2026-05-03 20:23:31,-40,0,0,0,0,OK,,,,,
2026-05-03 20:23:47,-40,0,0,0,0,OK,,,,,
2026-05-03 20:24:03,-40,0,0,0,0,OK,,,,,
2026-05-03 20:24:35,-40,0,0,0,0,OK,,,,,
2026-05-03 20:24:51,-40,0,0,0,0,OK,,,,,
2026-05-03 20:25:23,-40,0,0,0,0,OK,,,,,
2026-05-03 20:25:55,-40,0,0,0,0,OK,,,,,
2026-05-03 20:26:11,-40,0,0,0,0,OK,,,,,
2026-05-03 20:26:43,-40,0,0,0,0,OK,,,,,
2026-05-03 20:26:59,-40,0,0,0,0,OK,,,,,
2026-05-03 20:27:15,-40,0,0,0,0,OK,,,,,
2026-05-03 20:27:31,-40,0,0,0,0,OK,,,,,
2026-05-03 20:27:47,-40,0,0,0,0,OK,,,,,
2026-05-03 20:28:03,-40,0,0,0,0,OK,,,,,
2026-05-03 20:28:51,-40,0,0,0,0,OK,,,,,
2026-05-03 20:29:23,-40,0,0,0,0,OK,,,,,
2026-05-03 20:29:55,-40,0,0,0,0,OK,,,,,
2026-05-03 20:30:27,-40,0,0,0,0,OK,,,,,
2026-05-03 20:30:59,-40,0,0,0,0,OK,,,,,
2026-05-03 20:32:19,-40,0,0,0,0,OK,,,,,
2026-05-03 20:32:35,-40,0,0,0,0,OK,,,,,
2026-05-03 20:34:43,-40,0,0,0,0,OK,,,,,
2026-05-03 20:35:31,-40,0,0,0,0,OK,,,,,
2026-05-03 20:36:03,-40,0,0,0,0,OK,,,,,
2026-05-03 20:36:35,-40,0,0,0,0,OK,,,,,
2026-05-03 20:37:39,-40,0,0,0,0,OK,,,,,
2026-05-03 20:38:43,-40,0,0,0,0,OK,,,,,
2026-05-03 20:39:15,-40,0,0,0,0,OK,,,,,
2026-05-03 20:39:47,-40,0,0,0,0,OK,,,,,
2026-05-03 20:40:35,-40,0,0,0,0,OK,,,,,
2026-05-03 20:41:07,-40,0,0,0,0,OK,,,,,
2026-05-03 20:41:55,-40,0,0,0,0,OK,,,,,
2026-05-03 20:42:11,-40,0,0,0,0,OK,,,,,
2026-05-03 20:42:27,-40,0,0,0,0,OK,,,,,
2026-05-03 20:42:43,-40,0,0,0,0,OK,,,,,
2026-05-03 20:43:15,-40,0,0,0,0,OK,,,,,
2026-05-03 20:43:31,-40,0,0,0,0,OK,,,,,
2026-05-03 20:44:03,-40,0,0,0,0,OK,,,,,
2026-05-03 20:44:35,-40,0,0,0,0,OK,,,,,
2026-05-03 20:44:51,-40,0,0,0,0,OK,,,,,
2026-05-03 20:46:59,-40,0,0,0,0,OK,,,,,
2026-05-03 20:47:15,-40,0,0,0,0,OK,,,,,
2026-05-03 20:47:47,-40,0,0,0,0,OK,,,,,
2026-05-03 20:48:19,-40,0,0,0,0,OK,,,,,
2026-05-03 20:48:35,-40,0,0,0,0,OK,,,,,
2026-05-03 20:49:55,-40,0,0,0,0,OK,,,,,
2026-05-03 20:50:43,-40,0,0,0,0,OK,,,,,
2026-05-03 20:51:47,-40,0,0,0,0,OK,,,,,
2026-05-03 20:52:03,12.2,89,0.7,447,0,OK,,,,,
2026-05-03 20:52:19,-40,0,0,0,0,OK,,,,,
2026-05-03 20:52:35,-40,0,0,0,0,OK,,,,,
2026-05-03 20:53:07,-40,0,0,0,0,OK,,,,,
2026-05-03 20:53:39,-40,0,0,0,0,OK,,,,,
2026-05-03 20:53:55,-40,0,0,0,0,OK,,,,,
2026-05-03 20:54:11,-40,0,0,0,0,OK,,,,,
2026-05-03 20:54:43,-40,0,0,0,0,OK,,,,,
2026-05-03 20:54:59,-40,0,0,0,0,OK,,,,,
2026-05-03 20:55:15,-40,0,0,0,0,OK,,,,,
2026-05-03 20:55:31,-40,0,0,0,0,OK,,,,,
2026-05-03 20:55:47,-40,0,0,0,0,OK,,,,,
2026-05-03 20:56:03,-40,0,0,0,0,OK,,,,,
2026-05-03 20:56:19,-40,0,0,0,0,OK,,,,,
2026-05-03 20:57:07,-40,0,0,0,0,OK,,,,,
2026-05-03 20:57:23,-40,0,0,0,0,OK,,,,,
2026-05-03 20:57:39,-40,0,0,0,0,OK,,,,,
2026-05-03 20:57:55,-40,0,0,0,0,OK,,,,,
2026-05-03 21:00:19,-40,0,0,0,0,OK,,,,,
2026-05-03 21:01:07,-40,0,0,0,0,OK,,,,,
2026-05-03 21:02:11,-40,0,0,0,0,OK,,,,,
2026-05-03 21:02:43,-40,0,0,0,0,OK,,,,,
2026-05-03 21:02:59,-40,0,0,0,0,OK,,,,,
2026-05-03 21:04:03,-40,0,0,0,0,OK,,,,,
2026-05-03 21:04:35,-40,0,0,0,0,OK,,,,,
2026-05-03 21:05:07,-40,0,0,0,0,OK,,,,,
2026-05-03 21:06:27,-40,0,0,0,0,OK,,,,,
2026-05-03 21:06:43,-40,0,0,0,0,OK,,,,,
2026-05-03 21:06:59,-40,0,0,0,0,OK,,,,,
2026-05-03 21:08:03,-40,0,0,0,0,OK,,,,,
2026-05-03 21:08:19,-40,0,0,0,0,OK,,,,,
2026-05-03 21:09:07,-40,0,0,0,0,OK,,,,,
2026-05-03 21:09:39,-40,0,0,0,0,OK,,,,,
2026-05-03 21:10:11,12.2,91,1.1,448,0,OK,,,,,
2026-05-03 21:11:15,-40,0,0,0,0,OK,,,,,
2026-05-03 21:12:03,-40,0,0,0,0,OK,,,,,
2026-05-03 21:12:19,-40,0,0,0,0,OK,,,,,
2026-05-03 21:12:51,12.6,127,1.3,448,12.8,OK,,,,,
2026-05-03 21:13:23,-40,0,0,0,0,OK,,,,,
2026-05-03 21:13:55,-40,0,0,0,0,OK,,,,,
2026-05-03 21:14:11,12.2,92,1.4,448,0,OK,,,,,
2026-05-03 21:14:43,-40,0,0,0,0,OK,,,,,
2026-05-03 21:14:59,-40,0,0,0,0,OK,,,,,
2026-05-03 21:15:15,-40,0,0,0,0,OK,,,,,
2026-05-03 21:17:23,12.1,92,0.1,448,0,OK,,,,,
2026-05-03 21:17:39,-40,0,0,0,0,OK,,,,,
2026-05-03 21:18:11,-40,0,0,0,0,OK,,,,,
2026-05-03 21:18:43,-40,0,0,0,0,OK,,,,,
2026-05-03 21:18:59,-40,0,0,0,0,OK,,,,,
2026-05-03 21:19:15,-40,0,0,0,0,OK,,,,,
2026-05-03 21:19:31,-40,0,0,0,0,OK,,,,,
2026-05-03 21:20:03,-40,0,0,0,0,OK,,,,,
2026-05-03 21:20:19,-40,0,0,0,0,OK,,,,,
2026-05-03 21:20:51,-40,0,0,0,0,OK,,,,,
2026-05-03 21:21:07,-40,0,0,0,0,OK,,,,,
2026-05-03 21:22:11,-40,0,0,0,0,OK,,,,,
2026-05-03 21:22:27,-40,0,0,0,0,OK,,,,,
2026-05-03 21:22:43,-40,0,0,0,0,OK,,,,,
2026-05-03 21:22:59,-40,0,0,0,0,OK,,,,,
2026-05-03 21:24:03,-40,0,0,0,0,OK,,,,,
2026-05-03 21:24:19,-40,0,0,0,0,OK,,,,,
2026-05-03 21:24:35,-40,0,0,0,0,OK,,,,,
2026-05-03 21:25:23,-40,0,0,0,0,OK,,,,,
2026-05-03 21:25:39,-40,0,0,0,0,OK,,,,,
2026-05-03 21:27:15,-40,0,0,0,0,OK,,,,,
2026-05-03 21:27:47,-40,0,0,0,0,OK,,,,,
2026-05-03 21:29:07,-40,0,0,0,0,OK,,,,,
2026-05-03 21:29:23,-40,0,0,0,0,OK,,,,,
2026-05-03 21:30:11,-40,0,0,0,0,OK,,,,,
2026-05-03 21:30:27,-40,0,0,0,0,OK,,,,,
2026-05-03 21:30:43,-40,0,0,0,0,OK,,,,,
2026-05-03 21:31:31,-40,0,0,0,0,OK,,,,,
2026-05-03 21:33:55,-40,0,0,0,0,OK,,,,,
2026-05-03 21:34:11,-40,0,0,0,0,OK,,,,,
2026-05-03 21:34:27,-40,0,0,0,0,OK,,,,,
2026-05-03 21:35:31,-40,0,0,0,0,OK,,,,,
2026-05-03 21:35:47,114.2,89,1.5,463,0,OK,,,,,
2026-05-03 21:36:35,-40,0,0,0,0,OK,,,,,
2026-05-03 21:36:51,-40,0,0,0,0,OK,,,,,
2026-05-03 21:37:07,-40,0,0,0,0,OK,,,,,
2026-05-03 21:37:23,11.8,88,1,449,0,OK,,,,,
2026-05-03 21:37:39,-40,0,0,0,0,OK,,,,,
2026-05-03 21:38:11,-40,0,0,0,0,OK,,,,,
2026-05-03 21:38:27,-40,0,0,0,0,OK,,,,,
2026-05-03 21:38:43,-40,0,0,0,0,OK,,,,,
2026-05-03 21:39:15,-40,0,0,0,0,OK,,,,,
2026-05-03 21:40:03,-40,0,0,0,0,OK,,,,,
2026-05-03 21:40:35,-40,0,0,0,0,OK,,,,,
2026-05-03 21:40:51,-40,0,0,0,0,OK,,,,,
2026-05-03 21:41:07,12.7,88,1.7,449,0,OK,,,,,
2026-05-03 21:41:23,-40,0,0,0,0,OK,,,,,
2026-05-03 21:43:47,-40,0,0,0,0,OK,,,,,
2026-05-03 21:44:03,-40,0,0,0,0,OK,,,,,
2026-05-03 21:44:19,-40,0,0,0,0,OK,,,,,
2026-05-03 21:44:35,11.6,88,1.5,449,19.2,OK,,,,,
2026-05-03 21:44:51,-40,0,0,0,0,OK,,,,,
2026-05-03 21:45:39,-40,0,0,0,0,OK,,,,,
2026-05-03 21:46:43,-40,0,0,0,0,OK,,,,,
2026-05-03 21:47:15,-40,0,0,0,0,OK,,,,,
2026-05-03 21:47:47,11.5,87,1.5,449,0,OK,,,,,
2026-05-03 21:48:03,-40,0,0,0,0,OK,,,,,
2026-05-03 21:48:19,-40,0,0,0,0,OK,,,,,
2026-05-03 21:48:35,-40,0,0,0,0,OK,,,,,
2026-05-03 21:48:51,-40,0,0,0,0,OK,,,,,
2026-05-03 21:49:07,-40,0,0,0,0,OK,,,,,
2026-05-03 21:49:23,-40,0,0,0,0,OK,,,,,
2026-05-03 21:49:39,-40,0,0,0,0,OK,,,,,
2026-05-03 21:49:55,-40,0,0,0,0,OK,,,,,
2026-05-03 21:50:11,-40,0,0,0,0,OK,,,,,
2026-05-03 21:50:43,-40,0,0,0,0,OK,,,,,
2026-05-03 21:50:59,-40,0,0,0,0,OK,,,,,
2026-05-03 21:52:03,-40,0,0,0,0,OK,,,,,
2026-05-03 21:52:19,11.5,248,18.2,449,21.9,OK,,,,,
2026-05-03 21:53:07,11.5,216,1.1,449,0,OK,,,,,
2026-05-03 21:53:23,-40,0,0,0,0,OK,,,,,
2026-05-03 21:53:55,-40,0,0,0,0,OK,,,,,
2026-05-03 21:54:11,-40,0,0,0,0,OK,,,,,
2026-05-03 21:54:43,-40,0,0,0,0,OK,,,,,
2026-05-03 21:54:59,12.7,87,1.3,449,0,OK,,,,,
2026-05-03 21:55:31,113.9,87,1.5,451,0,OK,,,,,
2026-05-03 21:56:03,-40,0,0,0,0,OK,,,,,
2026-05-03 21:56:35,-40,0,0,0,0,OK,,,,,
2026-05-03 21:56:51,-40,0,0,0,0,OK,,,,,
2026-05-03 21:58:27,-40,0,0,0,0,OK,,,,,
2026-05-03 21:58:43,-40,0,0,0,0,OK,,,,,
2026-05-03 21:58:59,-40,0,0,0,0,OK,,,,,
2026-05-03 21:59:15,-40,0,0,0,0,OK,,,,,
2026-05-03 21:59:31,11.5,87,0.8,449,0,OK,,,,,
2026-05-03 22:00:03,-40,0,0,0,0,OK,,,,,
2026-05-03 22:00:19,-40,0,0,0,0,OK,,,,,
2026-05-03 22:00:35,-40,0,0,0,0,OK,,,,,
2026-05-03 22:00:51,-40,0,0,0,0,OK,,,,,
2026-05-03 22:01:07,-40,0,0,0,0,OK,,,,,
2026-05-03 22:02:43,-40,0,0,0,0,OK,,,,,
2026-05-03 22:04:51,-40,0,0,0,0,OK,,,,,
2026-05-03 22:05:23,-40,0,0,0,0,OK,,,,,
2026-05-03 22:05:39,-40,0,0,0,0,OK,,,,,
2026-05-03 22:08:03,-40,0,0,0,0,OK,,,,,
2026-05-03 22:09:55,-40,0,0,0,0,OK,,,,,
2026-05-03 22:10:27,11.4,87,0.4,449,0,OK,,,,,
2026-05-03 22:10:43,11.4,87,8.4,449,0,OK,,,,,
2026-05-03 22:10:59,-40,0,0,0,0,OK,,,,,
2026-05-03 22:11:15,115,87,1.8,449,0,OK,,,,,
2026-05-03 22:11:47,-40,0,0,0,0,OK,,,,,
2026-05-03 22:13:39,11.2,119,2.7,449,0,OK,,,,,
2026-05-03 22:15:31,-40,0,0,0,0,OK,,,,,
2026-05-03 22:15:47,-40,0,0,0,0,OK,,,,,
2026-05-03 22:16:19,-40,0,0,0,0,OK,,,,,
2026-05-03 22:17:23,11.2,86,2,449,0,OK,,,,,
2026-05-03 22:18:59,-40,0,0,0,0,OK,,,,,
2026-05-03 22:19:31,-40,0,0,0,0,OK,,,,,
2026-05-03 22:19:47,-40,0,0,0,0,OK,,,,,
2026-05-03 22:21:55,11.1,86,0.3,449,0,OK,,,,,
2026-05-03 22:22:11,11.1,86,1,449,0,OK,,,,,
2026-05-03 22:23:31,-40,0,0,0,0,OK,,,,,
2026-05-03 22:23:47,-40,0,0,0,0,OK,,,,,
2026-05-03 22:24:51,-40,0,0,0,0,OK,,,,,
2026-05-03 22:25:07,-40,0,0,0,0,OK,,,,,
2026-05-03 22:25:23,-40,0,0,0,0,OK,,,,,
2026-05-03 22:25:39,-40,0,0,0,0,OK,,,,,
2026-05-03 22:26:11,11,84,2.4,449,0,OK,,,,,
2026-05-03 22:26:27,11,85,2.7,449,0,OK,,,,,
2026-05-03 22:26:59,11,84,1.4,449,0,OK,,,,,
2026-05-03 22:28:19,-40,0,0,0,0,OK,,,,,
2026-05-03 22:28:35,11.1,85,0.8,449,0,OK,,,,,
2026-05-03 22:28:51,11,85,0.6,449,0,OK,,,,,
2026-05-03 22:29:07,-40,0,0,0,0,OK,,,,,
2026-05-03 22:30:11,-40,0,0,0,0,OK,,,,,
2026-05-03 22:32:03,-40,0,0,0,0,OK,,,,,
2026-05-03 22:32:35,-40,0,0,0,0,OK,,,,,
2026-05-03 22:32:51,-40,0,0,0,0,OK,,,,,
2026-05-03 22:33:07,-40,0,0,0,0,OK,,,,,
2026-05-03 22:33:23,-40,0,0,0,0,OK,,,,,
2026-05-03 22:34:43,10.9,85,1.5,449,0,OK,,,,,
2026-05-03 22:35:15,-40,0,0,0,0,OK,,,,,
2026-05-03 22:35:31,164.7,127,38.4,65473,0,OK,,,,,
2026-05-03 22:36:19,10.9,85,2.5,449,0,OK,,,,,
2026-05-03 22:37:23,10.9,85,3.5,449,0,OK,,,,,
2026-05-03 22:38:11,-40,0,0,0,0,OK,,,,,
2026-05-03 22:38:27,10.9,84,2.5,496,0,OK,,,,,
2026-05-03 22:38:43,-40,0,0,0,0,OK,,,,,
2026-05-03 22:40:03,-40,0,0,0,0,OK,,,,,
2026-05-03 22:40:19,-40,0,0,0,0,OK,,,,,
2026-05-03 22:40:51,-40,0,0,0,0,OK,,,,,
2026-05-03 22:41:07,-40,0,0,0,0,OK,,,,,
2026-05-03 22:41:23,10.8,83,0.7,449,0,OK,,,,,
2026-05-03 22:41:39,-40,0,0,0,0,OK,,,,,
2026-05-03 22:41:55,-40,0,0,0,0,OK,,,,,
2026-05-03 22:42:11,-14.8,83,38.1,449,0,OK,,,,,
2026-05-03 22:42:27,10.8,83,2.4,451,0,OK,,,,,
2026-05-03 22:42:43,-40,0,0,0,0,OK,,,,,
2026-05-03 22:42:59,10.8,82,2.2,449,0,OK,,,,,
2026-05-03 22:43:15,10.7,82,1.5,449,0,OK,,,,,
2026-05-03 22:43:31,-40,0,0,0,0,OK,,,,,
2026-05-03 22:43:47,10.7,82,1.4,449,3276.8,OK,,,,,
2026-05-03 22:44:03,-40,0,0,0,0,OK,,,,,
2026-05-03 22:44:35,-40,0,0,0,0,OK,,,,,
2026-05-03 22:44:51,-40,0,0,0,0,OK,,,,,
2026-05-03 22:45:23,-40,0,0,0,0,OK,,,,,
2026-05-03 22:45:39,-40,0,0,0,0,OK,,,,,
2026-05-03 22:45:55,10.8,83,1.1,449,0,OK,,,,,
2026-05-03 22:46:11,-40,0,0,0,0,OK,,,,,
2026-05-03 22:46:27,-40,0,0,0,0,OK,,,,,
2026-05-03 22:46:59,10.8,83,1,479,0,OK,,,,,
2026-05-03 22:47:15,-40,0,0,0,0,OK,,,,,
2026-05-03 22:47:31,-40,0,0,0,0,OK,,,,,
2026-05-03 22:47:47,10.8,211,1.4,449,0,OK,,,,,
2026-05-03 22:48:03,10.7,83,2.1,449,0,OK,,,,,
2026-05-03 22:48:19,-40,0,0,0,0,OK,,,,,
2026-05-03 22:48:35,-40,0,0,0,0,OK,,,,,
2026-05-03 22:48:51,-40,0,0,0,0,OK,,,,,
2026-05-03 22:49:55,-40,0,0,0,0,OK,,,,,
2026-05-03 22:50:11,-40,0,0,0,0,OK,,,,,
2026-05-03 22:50:43,-40,0,0,0,0,OK,,,,,
2026-05-03 22:50:59,-14.8,83,37.4,961,12.8,OK,,,,,
2026-05-03 22:51:15,10.8,83,1.7,496,0,OK,,,,,
2026-05-03 22:51:31,10.8,82,1.5,496,0,OK,,,,,
2026-05-03 22:51:47,10.8,127,1.1,449,0,OK,,,,,
2026-05-03 22:52:03,10.8,83,2.1,449,0,OK,,,,,
2026-05-03 22:52:19,-40,0,0,0,0,OK,,,,,
2026-05-03 22:52:35,10.8,82,3.5,449,0,OK,,,,,
2026-05-03 22:52:51,-14.8,82,37.2,449,0,OK,,,,,
2026-05-03 22:53:07,10.8,83,2,449,0,OK,,,,,
2026-05-03 22:53:23,11,243,18.5,449,0,OK,,,,,
2026-05-03 22:53:39,10.8,83,0.8,449,0,OK,,,,,
2026-05-03 22:53:55,10.8,83,1.3,449,0,OK,,,,,
2026-05-03 22:54:11,-40,0,0,0,0,OK,,,,,
2026-05-03 22:54:27,10.8,116,1,449,0,OK,,,,,
2026-05-03 22:54:59,-40,0,0,0,0,OK,,,,,
2026-05-03 22:55:15,-40,0,0,0,0,OK,,,,,
2026-05-03 22:55:31,10.7,83,19.3,449,0,OK,,,,,
2026-05-03 22:55:47,-40,0,0,0,0,OK,,,,,
2026-05-03 22:56:03,10.7,242,18.2,449,0,OK,,,,,
2026-05-03 22:56:19,10.7,83,2.5,449,0,OK,,,,,
2026-05-03 22:56:35,-40,0,0,0,0,OK,,,,,
2026-05-03 22:56:51,10.7,82,1.1,449,0,OK,,,,,
2026-05-03 22:57:07,-40,0,0,0,0,OK,,,,,
2026-05-03 22:57:23,10.7,81,35.7,449,12.8,OK,,,,,
2026-05-03 22:57:39,-40,0,0,0,0,OK,,,,,
2026-05-03 22:57:55,-40,0,0,0,0,OK,,,,,
2026-05-03 22:58:11,-40,0,0,0,0,OK,,,,,
2026-05-03 22:58:27,-40,0,0,0,0,OK,,,,,
2026-05-03 22:58:43,-40,0,0,0,0,OK,,,,,
2026-05-03 22:58:59,-15,81,36.7,24816,0,OK,,,,,
2026-05-03 22:59:16,-40,0,0,0,0,OK,,,,,
2026-05-03 23:00:19,10.6,81,2.9,32961,0,OK,,,,,
2026-05-03 23:00:51,10.7,81,1.5,449,0,OK,,,,,
2026-05-03 23:01:07,164.3,83,2.2,449,838860.8,OK,,,,,
2026-05-03 23:01:23,10.7,81,16.9,449,0,OK,,,,,
2026-05-03 23:01:39,-40,0,0,0,0,OK,,,,,
2026-05-03 23:01:55,10.7,83,0.6,449,0,OK,,,,,
2026-05-03 23:02:11,-14.9,82,36,449,4915.2,OK,,,,,
2026-05-03 23:02:27,-40,0,0,0,0,OK,,,,,
2026-05-03 23:02:43,10.7,82,1,449,0,OK,,,,,
2026-05-03 23:02:59,-40,0,0,0,0,OK,,,,,
2026-05-03 23:03:15,10.7,82,1.3,449,0,OK,,,,,
2026-05-03 23:03:31,10.7,81,1.5,449,0,OK,,,,,
2026-05-03 23:03:47,164.3,87,0.6,449,0,OK,,,,,
2026-05-03 23:04:03,-40,0,0,0,0,OK,,,,,
2026-05-03 23:04:19,-40,0,0,0,0,OK,,,,,
2026-05-03 23:04:35,-40,0,0,0,0,OK,,,,,
2026-05-03 23:04:51,-40,0,0,0,0,OK,,,,,
2026-05-03 23:05:07,-40,0,0,0,0,OK,,,,,
2026-05-03 23:05:23,-40,0,0,0,0,OK,,,,,
2026-05-03 23:05:39,-40,0,0,0,0,OK,,,,,
2026-05-03 23:05:55,10.7,241,35.7,449,0,OK,,,,,
2026-05-03 23:06:11,10.7,81,16.1,961,0,OK,,,,,
2026-05-03 23:06:27,-40,0,0,0,0,OK,,,,,
2026-05-03 23:06:43,10.7,87,1.4,449,0,OK,,,,,
2026-05-03 23:06:59,10.7,81,1.3,449,0,OK,,,,,
2026-05-03 23:07:15,10.7,81,1,449,3276.8,OK,,,,,
2026-05-03 23:08:35,-40,0,0,0,0,OK,,,,,
2026-05-03 23:08:51,62,81,0.3,8129,0,OK,,,,,
2026-05-03 23:09:07,-40,0,0,0,0,OK,,,,,
2026-05-03 23:09:23,-40,0,0,0,0,OK,,,,,
2026-05-03 23:09:39,-40,0,0,0,0,OK,,,,,
2026-05-03 23:10:59,-40,0,0,0,0,OK,,,,,
2026-05-03 23:11:15,-40,0,0,0,0,OK,,,,,
2026-05-03 23:11:47,-40,0,0,0,0,OK,,,,,
2026-05-03 23:12:03,-40,0,0,0,0,OK,,,,,
2026-05-03 23:12:19,-40,0,0,0,0,OK,,,,,
2026-05-03 23:12:36,-40,0,0,0,0,OK,,,,,
2026-05-03 23:12:51,10.7,80,1.5,449,0,OK,,,,,
2026-05-03 23:13:07,10.7,81,1,449,0,OK,,,,,
2026-05-03 23:13:23,-40,0,0,0,0,OK,,,,,
2026-05-03 23:13:40,-40,0,0,0,0,OK,,,,,
2026-05-03 23:13:55,10.7,81,0.4,449,0,OK,,,,,
2026-05-03 23:14:11,-40,0,0,0,0,OK,,,,,
2026-05-03 23:14:27,-40,0,0,0,0,OK,,,,,
2026-05-03 23:14:43,10.7,82,0,8129,0,OK,,,,,
2026-05-03 23:15:47,-40,0,0,0,0,OK,,,,,
2026-05-03 23:16:03,-40,0,0,0,0,OK,,,,,
2026-05-03 23:16:19,-40,0,0,0,0,OK,,,,,
2026-05-03 23:17:24,-40,0,0,0,0,OK,,,,,
2026-05-03 23:17:39,-40,0,0,0,0,OK,,,,,
2026-05-03 23:18:12,-40,0,0,0,0,OK,,,,,
2026-05-03 23:18:28,-40,0,0,0,0,OK,,,,,
2026-05-03 23:18:43,10.7,80,2.2,451,0,OK,,,,,
2026-05-03 23:18:59,10.7,80,0.6,449,0,OK,,,,,
2026-05-03 23:19:15,-40,0,0,0,0,OK,,,,,
2026-05-03 23:19:31,10.6,80,1.7,449,0,OK,,,,,
2026-05-03 23:20:03,-40,0,0,0,0,OK,,,,,
2026-05-03 23:20:19,-40,0,0,0,0,OK,,,,,
2026-05-03 23:20:36,-40,0,0,0,0,OK,,,,,
2026-05-03 23:20:51,10.6,80,35,449,0,OK,,,,,
2026-05-03 23:21:07,-40,0,0,0,0,OK,,,,,
2026-05-03 23:21:23,-40,0,0,0,0,OK,,,,,
2026-05-03 23:21:40,-40,0,0,0,0,OK,,,,,
2026-05-03 23:21:56,-40,0,0,0,0,OK,,,,,
2026-05-03 23:22:11,-40,0,0,0,0,OK,,,,,
2026-05-03 23:22:27,-40,0,0,0,0,OK,,,,,
2026-05-03 23:22:44,10.6,80,1,24816,0,OK,,,,,
2026-05-03 23:23:00,-40,0,0,0,0,OK,,,,,
2026-05-03 23:24:03,-40,0,0,0,0,OK,,,,,
2026-05-03 23:24:19,10.6,81,1.4,449,12.8,OK,,,,,
2026-05-03 23:24:51,-15,81,37.8,449,12.8,OK,,,,,
2026-05-03 23:25:08,-40,0,0,0,0,OK,,,,,
2026-05-03 23:25:24,-40,0,0,0,0,OK,,,,,
2026-05-03 23:25:39,10.6,81,2.1,449,0,OK,,,,,
2026-05-03 23:25:55,-40,0,0,0,0,OK,,,,,
2026-05-03 23:26:11,-40,0,0,0,0,OK,,,,,
2026-05-03 23:26:27,10.5,113,0.4,496,0,OK,,,,,
2026-05-03 23:26:43,10.5,81,35.4,449,0,OK,,,,,
2026-05-03 23:26:59,10.5,113,4.2,449,12.8,OK,,,,,
2026-05-03 23:27:16,-40,0,0,0,0,OK,,,,,
2026-05-03 23:28:19,10.5,94,0.3,449,0,OK,,,,,
2026-05-03 23:28:35,10.5,82,0.1,449,0,OK,,,,,
2026-05-03 23:28:51,10.5,82,1.5,479,0,OK,,,,,
2026-05-03 23:29:23,112.9,82,72.1,449,838860.8,OK,,,,,
2026-05-03 23:29:39,-40,0,0,0,0,OK,,,,,
2026-05-03 23:30:11,-40,0,0,0,0,OK,,,,,
2026-05-03 23:30:43,-40,0,0,0,0,OK,,,,,
2026-05-03 23:30:59,-40,0,0,0,0,OK,,,,,
2026-05-03 23:31:15,-40,0,0,0,0,OK,,,,,
2026-05-03 23:31:32,-40,0,0,0,0,OK,,,,,
2026-05-03 23:31:48,-40,0,0,0,0,OK,,,,,
2026-05-03 23:32:03,10.4,82,16.9,449,0,OK,,,,,
2026-05-03 23:32:19,-40,0,0,0,0,OK,,,,,
2026-05-03 23:32:35,-40,0,0,0,0,OK,,,,,
2026-05-03 23:32:51,-40,0,0,0,0,OK,,,,,
2026-05-03 23:33:07,-40,0,0,0,0,OK,,,,,
2026-05-03 23:33:23,-15.2,81,36.8,24816,0,OK,,,,,
2026-05-03 23:33:39,-40,0,0,0,0,OK,,,,,
2026-05-03 23:33:55,-40,0,0,0,0,OK,,,,,
2026-05-03 23:34:11,-40,0,0,0,0,OK,,,,,
2026-05-03 23:34:27,-40,0,0,0,0,OK,,,,,
2026-05-03 23:35:31,-40,0,0,0,0,OK,,,,,
2026-05-03 23:36:35,-40,0,0,0,0,OK,,,,,
2026-05-03 23:36:51,-40,0,0,0,0,OK,,,,,
2026-05-03 23:37:08,-40,0,0,0,0,OK,,,,,
2026-05-03 23:37:23,-40,0,0,0,0,OK,,,,,
2026-05-03 23:37:39,-40,0,0,0,0,OK,,,,,
2026-05-03 23:37:56,10.4,82,15.7,449,0,OK,,,,,
2026-05-03 23:38:27,-40,0,0,0,0,OK,,,,,
2026-05-03 23:39:00,147.3,5,36.1,49408,23.8,OK,,,,,
2026-05-03 23:39:15,-40,0,0,0,0,OK,,,,,
2026-05-03 23:39:31,-40,0,0,0,0,OK,,,,,
2026-05-03 23:39:48,-40,0,0,0,0,OK,,,,,
2026-05-03 23:40:03,10.3,241,0.6,449,0,OK,,,,,
2026-05-03 23:40:19,-40,0,0,0,0,OK,,,,,
2026-05-03 23:40:35,-40,0,0,0,0,OK,,,,,
2026-05-03 23:41:24,-40,0,0,0,0,OK,,,,,
2026-05-03 23:41:39,-40,0,0,0,0,OK,,,,,
2026-05-03 23:42:11,10.3,81,2.7,449,4915.2,OK,,,,,
2026-05-03 23:42:59,-40,0,0,0,0,OK,,,,,
2026-05-03 23:43:15,-40,0,0,0,0,OK,,,,,
2026-05-03 23:43:32,-40,0,0,0,0,OK,,,,,
2026-05-03 23:43:48,-40,0,0,0,0,OK,,,,,
2026-05-03 23:44:03,-40,0,0,0,0,OK,,,,,
2026-05-03 23:44:19,-40,0,0,0,0,OK,,,,,
2026-05-03 23:44:35,-40,0,0,0,0,OK,,,,,
2026-05-03 23:44:52,-40,0,0,0,0,OK,,,,,
2026-05-03 23:45:07,10.4,82,1.1,449,0,OK,,,,,
2026-05-03 23:45:40,-40,0,0,0,0,OK,,,,,
2026-05-03 23:45:55,10.3,81,0.8,449,0,OK,,,,,
2026-05-03 23:46:12,-40,0,0,0,0,OK,,,,,
2026-05-03 23:47:00,-40,0,0,0,0,OK,,,,,
2026-05-03 23:47:15,10.3,82,18.1,449,0,OK,,,,,
2026-05-03 23:47:31,-40,0,0,0,0,OK,,,,,
2026-05-03 23:48:20,-40,0,0,0,0,OK,,,,,
2026-05-03 23:48:35,-40,0,0,0,0,OK,,,,,
2026-05-03 23:48:51,-40,0,0,0,0,OK,,,,,
2026-05-03 23:49:07,10.3,82,0.6,449,9.6,OK,,,,,
2026-05-03 23:49:40,-40,0,0,0,0,OK,,,,,
2026-05-03 23:49:55,-40,0,0,0,0,OK,,,,,
2026-05-03 23:50:27,-40,0,0,0,0,OK,,,,,
2026-05-03 23:50:44,-40,0,0,0,0,OK,,,,,
2026-05-03 23:50:59,-40,0,0,0,0,OK,,,,,
2026-05-03 23:51:32,-40,0,0,0,0,OK,,,,,
2026-05-03 23:52:36,-40,0,0,0,0,OK,,,,,
2026-05-03 23:52:51,-40,0,0,0,0,OK,,,,,
2026-05-03 23:53:07,10.3,81,0.8,449,0,OK,,,,,
2026-05-03 23:53:24,10.3,81,0.8,449,0,OK,,,,,
2026-05-03 23:53:39,10.3,81,0.6,449,0,OK,,,,,
2026-05-03 23:53:55,-40,0,0,0,0,OK,,,,,
2026-05-03 23:54:12,-40,0,0,0,0,OK,,,,,
2026-05-03 23:54:28,10.3,81,2.4,449,0,OK,,,,,
2026-05-03 23:55:00,-40,0,0,0,0,OK,,,,,
2026-05-03 23:55:32,-40,0,0,0,0,OK,,,,,
2026-05-03 23:55:48,-40,0,0,0,0,OK,,,,,
2026-05-03 23:56:03,10.3,81,1.1,449,0,OK,,,,,
2026-05-03 23:56:52,-40,0,0,0,0,OK,,,,,
2026-05-03 23:57:07,-40,0,0,0,0,OK,,,,,
2026-05-03 23:57:24,-40,0,0,0,0,OK,,,,,
2026-05-03 23:57:40,10.2,81,1.1,449,0,OK,,,,,
2026-05-03 23:57:55,10.2,113,0.8,463,0,OK,,,,,
2026-05-03 23:58:11,10.2,81,1.1,449,0,OK,,,,,
2026-05-03 23:59:16,-40,0,0,0,0,OK,,,,,
2026-05-03 23:59:32,-40,0,0,0,0,OK,,,,,
2026-05-04 0:00:19,-40,0,0,0,0,OK,,,,,
2026-05-04 0:00:51,10.3,82,0.3,449,838860.8,OK,,,,,
2026-05-04 0:01:08,-40,0,0,0,0,OK,,,,,
2026-05-04 0:01:24,10.2,82,0.3,449,0,OK,,,,,
2026-05-04 0:01:39,10.2,82,0.1,449,0,OK,,,,,
2026-05-04 0:01:55,10.2,82,0.8,449,17.6,OK,,,,,
2026-05-04 0:02:11,10.2,82,0.8,449,0,OK,,,,,
2026-05-04 0:02:28,10.2,82,1.5,449,0,OK,,,,,
2026-05-04 0:02:43,11,169,0.3,449,0,OK,,,,,
2026-05-04 0:02:59,-40,0,0,0,0,OK,,,,,
2026-05-04 0:03:16,10.2,82,1,449,14.7,OK,,,,,
2026-05-04 0:03:32,-40,0,0,0,0,OK,,,,,
2026-05-04 0:03:47,10.2,82,0.8,449,0,OK,,,,,
2026-05-04 0:04:03,163.8,82,16.9,449,0,OK,,,,,
2026-05-04 0:04:35,-15.4,82,36.7,449,0,OK,,,,,
2026-05-04 0:05:08,-40,0,0,0,0,OK,,,,,
2026-05-04 0:05:39,-40,0,0,0,0,OK,,,,,
2026-05-04 0:05:56,-40,0,0,0,0,OK,,,,,
2026-05-04 0:06:12,-15.4,82,36.7,449,0,OK,,,,,
2026-05-04 0:06:27,10.2,82,0.3,449,4.8,OK,,,,,
2026-05-04 0:06:44,-40,0,0,0,0,OK,,,,,
2026-05-04 0:07:00,10.2,82,1.8,449,0,OK,,,,,
2026-05-04 0:07:15,10.2,82,1.5,449,0,OK,,,,,
2026-05-04 0:08:20,10.1,82,1.7,449,0,OK,,,,,
2026-05-04 0:08:36,-40,0,0,0,0,OK,,,,,
2026-05-04 0:09:23,10.1,82,0.6,449,0,OK,,,,,
2026-05-04 0:09:39,10.1,82,0.4,449,0,OK,,,,,
2026-05-04 0:09:56,-40,0,0,0,0,OK,,,,,
2026-05-04 0:11:00,-40,0,0,0,0,OK,,,,,
2026-05-04 0:11:16,-40,0,0,0,0,OK,,,,,
2026-05-04 0:11:31,-40,0,0,0,0,OK,,,,,
2026-05-04 0:12:03,10.2,83,0,449,0,OK,,,,,
2026-05-04 0:12:20,-40,0,0,0,0,OK,,,,,
2026-05-04 0:12:35,-40,0,0,0,0,OK,,,,,
2026-05-04 0:12:51,-40,0,0,0,0,OK,,,,,
2026-05-04 0:13:08,-40,0,0,0,0,OK,,,,,
2026-05-04 0:13:23,10.2,83,1.1,449,0,OK,,,,,
2026-05-04 0:13:39,-40,0,0,0,0,OK,,,,,
2026-05-04 0:13:55,10.2,82,0.6,449,0,OK,,,,,
2026-05-04 0:14:12,-40,0,0,0,0,OK,,,,,
2026-05-04 0:14:28,-40,0,0,0,0,OK,,,,,
2026-05-04 0:14:43,-40,0,0,0,0,OK,,,,,
2026-05-04 0:15:00,-40,0,0,0,0,OK,,,,,
2026-05-04 0:15:16,-40,0,0,0,0,OK,,,,,
2026-05-04 0:15:47,-40,0,0,0,0,OK,,,,,
2026-05-04 0:16:19,10.2,83,1.1,449,0,OK,,,,,
2026-05-04 0:16:36,-40,0,0,0,0,OK,,,,,
2026-05-04 0:16:52,-40,0,0,0,0,OK,,,,,
2026-05-04 0:17:08,10.3,82,2.2,449,0,OK,,,,,
2026-05-04 0:17:24,-40,0,0,0,0,OK,,,,,
2026-05-04 0:17:40,-40,0,0,0,0,OK,,,,,
2026-05-04 0:19:16,-40,0,0,0,0,OK,,,,,
2026-05-04 0:19:32,-40,0,0,0,0,OK,,,,,
2026-05-04 0:19:47,10.3,82,1.3,449,0,OK,,,,,
2026-05-04 0:20:04,-40,0,0,0,0,OK,,,,,
2026-05-04 0:20:36,-40,0,0,0,0,OK,,,,,
2026-05-04 0:20:51,10.3,83,1.5,449,0,OK,,,,,
2026-05-04 0:21:07,-40,0,0,0,0,OK,,,,,
2026-05-04 0:21:39,-40,0,0,0,0,OK,,,,,
2026-05-04 0:21:56,-40,0,0,0,0,OK,,,,,
2026-05-04 0:23:00,10.3,83,0.1,449,0,OK,,,,,
2026-05-04 0:23:15,10.3,83,0.1,449,0,OK,,,,,
2026-05-04 0:23:31,-40,0,0,0,0,OK,,,,,
2026-05-04 0:23:48,-40,0,0,0,0,OK,,,,,
2026-05-04 0:24:03,10.3,83,0.8,449,0,OK,,,,,
2026-05-04 0:24:19,10.3,83,3.1,449,0,OK,,,,,
2026-05-04 0:24:36,10.3,82,1.5,449,0,OK,,,,,
2026-05-04 0:24:52,10.3,83,0.8,449,0,OK,,,,,
2026-05-04 0:25:08,-40,0,0,0,0,OK,,,,,
2026-05-04 0:25:40,10.3,83,0.4,449,0,OK,,,,,
2026-05-04 0:25:56,-40,0,0,0,0,OK,,,,,
2026-05-04 0:26:12,-40,0,0,0,0,OK,,,,,
2026-05-04 0:26:27,10.3,83,2.1,449,0,OK,,,,,
2026-05-04 0:26:44,10.3,83,1.4,449,0,OK,,,,,
2026-05-04 0:27:16,10.3,83,0.4,449,0,OK,,,,,
2026-05-04 0:27:31,10.3,83,0.6,449,0,OK,,,,,
2026-05-04 0:27:48,10.3,83,0.1,449,0,OK,,,,,
2026-05-04 0:28:03,-40,0,0,0,0,OK,,,,,
2026-05-04 0:28:20,10.3,83,0.4,449,0,OK,,,,,
2026-05-04 0:28:36,-40,0,0,0,0,OK,,,,,
2026-05-04 0:28:51,-40,0,0,0,0,OK,,,,,
2026-05-04 0:29:07,10.3,83,0.7,449,0,OK,,,,,
2026-05-04 0:29:23,10.3,83,0,449,0,OK,,,,,
2026-05-04 0:29:55,10.3,83,1.1,449,0,OK,,,,,
2026-05-04 0:30:11,10.3,83,0.1,449,0,OK,,,,,
2026-05-04 0:30:44,-40,0,0,0,0,OK,,,,,
2026-05-04 0:31:16,10.3,83,3.6,449,0,OK,,,,,
2026-05-04 0:31:32,10.3,83,2.7,449,0,OK,,,,,
2026-05-04 0:31:48,-40,0,0,0,0,OK,,,,,
2026-05-04 0:32:04,10.4,83,0.4,449,0,OK,,,,,
2026-05-04 0:32:20,10.4,83,0.3,449,0,OK,,,,,
2026-05-04 0:32:35,10.4,83,2.5,449,0,OK,,,,,
2026-05-04 0:32:52,-40,0,0,0,0,OK,,,,,
2026-05-04 0:33:08,-40,0,0,0,0,OK,,,,,
2026-05-04 0:33:24,-40,0,0,0,0,OK,,,,,
2026-05-04 0:33:40,10.4,83,0.6,449,0,OK,,,,,
2026-05-04 0:33:56,10.4,83,2.2,449,0,OK,,,,,
2026-05-04 0:34:12,-40,0,0,0,0,OK,,,,,
2026-05-04 0:34:44,10.4,82,2.2,449,0,OK,,,,,
2026-05-04 0:34:59,10.3,82,1.4,449,0,OK,,,,,
2026-05-04 0:35:15,10.4,82,2.1,449,0,OK,,,,,
2026-05-04 0:35:31,10.3,82,0.3,449,0,OK,,,,,
2026-05-04 0:36:04,-40,0,0,0,0,OK,,,,,
2026-05-04 0:36:20,10.4,82,0.7,449,0,OK,,,,,
2026-05-04 0:36:35,10.3,82,0.8,449,0,OK,,,,,
2026-05-04 0:36:52,10.4,82,1.4,449,4915.2,OK,,,,,
2026-05-04 0:37:08,-40,0,0,0,0,OK,,,,,
2026-05-04 0:37:24,10.4,82,1.7,449,0,OK,,,,,
2026-05-04 0:37:39,10.4,83,0.8,449,0,OK,,,,,
2026-05-04 0:37:55,10.3,83,0.3,449,0,OK,,,,,
2026-05-04 0:38:12,10.3,83,1,449,0,OK,,,,,
2026-05-04 0:38:28,-40,0,0,0,0,OK,,,,,
2026-05-04 0:38:44,-40,0,0,0,0,OK,,,,,
2026-05-04 0:39:00,10.3,83,2.1,449,0,OK,,,,,
2026-05-04 0:39:16,10.4,83,2.2,449,0,OK,,,,,
2026-05-04 0:39:32,-40,0,0,0,0,OK,,,,,
2026-05-04 0:39:47,10.4,83,1.3,449,0,OK,,,,,
2026-05-04 0:40:20,10.4,83,0.1,449,0,OK,,,,,
2026-05-04 0:41:08,10.4,83,2.4,449,0,OK,,,,,
2026-05-04 0:41:24,10.4,83,2.1,449,0,OK,,,,,
2026-05-04 0:41:40,10.4,83,1.5,449,0,OK,,,,,
2026-05-04 0:41:56,10.4,83,1,449,0,OK,,,,,
2026-05-04 0:42:12,10.4,83,1.4,449,0,OK,,,,,
2026-05-04 0:42:27,-40,0,0,0,0,OK,,,,,
2026-05-04 0:43:00,10.3,83,1.1,449,0,OK,,,,,
2026-05-04 0:43:16,-40,0,0,0,0,OK,,,,,
2026-05-04 0:43:32,10.3,83,0.8,449,0,OK,,,,,
2026-05-04 0:44:04,10.3,83,0.4,449,0,OK,,,,,
2026-05-04 0:44:19,10.3,83,0.7,449,0,OK,,,,,
2026-05-04 0:44:35,10.3,83,0.3,449,0,OK,,,,,
2026-05-04 0:44:51,10.3,83,0.4,449,0,OK,,,,,
2026-05-04 0:45:08,10.3,83,0.8,449,0,OK,,,,,
2026-05-04 0:45:24,10.3,83,0.4,449,0,OK,,,,,
2026-05-04 0:45:40,10.4,83,2.2,449,0,OK,,,,,
2026-05-04 0:45:56,10.3,83,2,449,0,OK,,,,,
2026-05-04 0:46:12,10.4,83,2,449,0,OK,,,,,
2026-05-04 0:46:28,10.4,83,1.7,449,0,OK,,,,,
2026-05-04 0:46:44,10.4,83,1.3,449,0,OK,,,,,
2026-05-04 0:47:00,10.4,83,1.1,449,0,OK,,,,,
2026-05-04 0:47:16,10.4,83,1,449,0,OK,,,,,
2026-05-04 0:47:31,10.4,83,1.8,449,0,OK,,,,,
2026-05-04 0:47:48,10.4,83,2.1,449,0,OK,,,,,
2026-05-04 0:48:04,-40,0,0,0,0,OK,,,,,
2026-05-04 0:48:19,10.4,83,1.1,449,0,OK,,,,,
2026-05-04 0:48:36,10.4,83,1.1,449,0,OK,,,,,
2026-05-04 0:48:52,10.4,84,1.1,449,0,OK,,,,,
2026-05-04 0:49:23,10.4,84,1.7,449,0,OK,,,,,
2026-05-04 0:49:40,-40,0,0,0,0,OK,,,,,
2026-05-04 0:49:56,10.4,84,0.3,449,0,OK,,,,,
2026-05-04 0:50:28,10.4,84,1.1,449,0,OK,,,,,
2026-05-04 0:50:44,10.4,83,1,449,0,OK,,,,,
2026-05-04 0:51:00,10.4,83,1.1,5632,20.3,OK,,,,,
2026-05-04 0:51:15,10.3,83,0.6,449,0,OK,,,,,
2026-05-04 0:51:32,-40,0,0,0,0,OK,,,,,
2026-05-04 0:51:48,10.4,83,1.3,449,0,OK,,,,,
2026-05-04 0:52:03,10.4,83,2,449,0,OK,,,,,
2026-05-04 0:52:19,10.4,83,0.8,449,0,OK,,,,,
2026-05-04 0:52:36,10.4,83,35.7,49153,2457.6,OK,,,,,
2026-05-04 0:52:52,10.4,83,0.8,449,0,OK,,,,,
2026-05-04 0:53:08,10.4,83,0.6,449,0,OK,,,,,
2026-05-04 0:53:24,-40,0,0,0,0,OK,,,,,
2026-05-04 0:53:40,10.4,83,0.3,449,0,OK,,,,,
2026-05-04 0:53:56,10.4,83,1,449,3276.8,OK,,,,,
2026-05-04 0:54:12,10.4,83,1.4,449,0,OK,,,,,
2026-05-04 0:54:28,10.4,83,1,449,0,OK,,,,,
2026-05-04 0:54:44,10.4,83,2,449,0,OK,,,,,
2026-05-04 0:55:00,10.3,83,1.1,449,0,OK,,,,,
2026-05-04 0:55:16,10.4,83,2,449,0,OK,,,,,
2026-05-04 0:55:32,10.4,83,2.1,449,0,OK,,,,,
2026-05-04 0:55:48,-40,0,0,0,0,OK,,,,,
2026-05-04 0:56:04,10.4,83,0.3,449,0,OK,,,,,
2026-05-04 0:56:20,10.4,83,0.7,449,0,OK,,,,,
2026-05-04 0:56:36,10.4,83,0.1,449,0,OK,,,,,
2026-05-04 0:57:08,10.4,83,1,449,0,OK,,,,,
2026-05-04 0:58:11,10.4,83,1.1,449,0,OK,,,,,
2026-05-04 0:58:28,-40,0,0,0,0,OK,,,,,
2026-05-04 0:58:44,10.4,83,2.9,449,0,OK,,,,,
2026-05-04 0:59:00,10.4,83,2,449,0,OK,,,,,
2026-05-04 0:59:16,10.4,83,1.4,449,0,OK,,,,,
2026-05-04 0:59:32,10.4,84,1,449,0,OK,,,,,
2026-05-04 0:59:48,10.4,84,1,449,0,OK,,,,,
2026-05-04 1:00:04,10.4,84,1.1,449,0,OK,,,,,
2026-05-04 1:00:20,10.4,83,0.4,449,0,OK,,,,,
2026-05-04 1:00:36,10.4,83,0.6,449,0,OK,,,,,
2026-05-04 1:00:52,10.4,83,0.3,449,0,OK,,,,,
2026-05-04 1:01:08,-40,0,0,0,0,OK,,,,,
2026-05-04 1:01:24,10.4,84,1.3,449,0,OK,,,,,
2026-05-04 1:01:39,10.4,84,1.3,449,0,OK,,,,,
2026-05-04 1:02:12,10.4,84,0.4,449,0,OK,,,,,
2026-05-04 1:02:28,10.4,84,3.5,449,0,OK,,,,,
2026-05-04 1:02:59,10.4,83,1.4,449,0,OK,,,,,
2026-05-04 1:03:16,10.4,83,3.1,449,0,OK,,,,,
2026-05-04 1:03:32,10.4,83,0.4,449,0,OK,,,,,
2026-05-04 1:03:47,10.4,83,0.8,449,0,OK,,,,,
2026-05-04 1:04:04,-40,0,0,0,0,OK,,,,,
2026-05-04 1:04:20,10.4,82,1.5,449,0,OK,,,,,
2026-05-04 1:04:36,10.4,82,0.6,449,0,OK,,,,,
2026-05-04 1:04:52,10.4,83,1.4,449,0,OK,,,,,
2026-05-04 1:05:08,10.4,83,0.6,449,0,OK,,,,,
2026-05-04 1:05:24,10.4,83,1.3,449,0,OK,,,,,
2026-05-04 1:05:40,10.4,83,1.3,449,0,OK,,,,,
2026-05-04 1:05:56,10.4,83,1,449,0,OK,,,,,
2026-05-04 1:06:28,10.4,82,2.1,449,0,OK,,,,,
2026-05-04 1:06:44,10.4,82,2,449,0,OK,,,,,
2026-05-04 1:07:00,10.4,82,1.3,449,0,OK,,,,,
2026-05-04 1:07:16,10.4,82,1,449,0,OK,,,,,
2026-05-04 1:07:31,10.4,83,0.1,449,0,OK,,,,,
2026-05-04 1:07:48,10.4,83,0.7,449,0,OK,,,,,
2026-05-04 1:08:04,10.4,83,0.4,449,0,OK,,,,,
2026-05-04 1:08:20,-40,0,0,0,0,OK,,,,,
2026-05-04 1:08:36,10.4,83,0.6,449,0,OK,,,,,
2026-05-04 1:08:52,10.4,83,3.1,449,0,OK,,,,,
2026-05-04 1:09:08,-40,0,0,0,0,OK,,,,,
2026-05-04 1:09:24,10.4,83,1.5,449,0,OK,,,,,
2026-05-04 1:09:40,10.4,83,1.5,449,0,OK,,,,,
2026-05-04 1:09:56,10.4,82,2.7,449,0,OK,,,,,
2026-05-04 1:10:12,10.4,82,1.5,449,0,OK,,,,,
2026-05-04 1:10:28,10.4,82,2.7,449,0,OK,,,,,
2026-05-04 1:10:44,10.4,82,1.7,449,0,OK,,,,,
2026-05-04 1:11:00,10.4,82,0.8,449,0,OK,,,,,
2026-05-04 1:11:16,10.4,82,1.4,449,0,OK,,,,,
2026-05-04 1:11:32,10.4,83,0.6,449,0,OK,,,,,
2026-05-04 1:11:48,-40,0,0,0,0,OK,,,,,
2026-05-04 1:12:04,10.4,83,0.7,449,0,OK,,,,,
2026-05-04 1:12:20,10.4,83,0.1,449,0,OK,,,,,
2026-05-04 1:12:36,10.4,83,0.7,449,0,OK,,,,,
2026-05-04 1:12:52,10.4,83,0,449,0,OK,,,,,
2026-05-04 1:13:08,10.4,83,0.3,449,0,OK,,,,,
2026-05-04 1:13:24,10.3,83,2.8,449,0,OK,,,,,
2026-05-04 1:14:28,10.4,83,0.7,449,0,OK,,,,,
2026-05-04 1:14:44,10.3,83,1.5,449,0,OK,,,,,
2026-05-04 1:15:00,10.3,82,0.1,449,0,OK,,,,,
2026-05-04 1:15:16,10.3,82,1.7,449,0,OK,,,,,
2026-05-04 1:15:32,10.3,82,1.5,449,0,OK,,,,,
2026-05-04 1:15:48,-40,0,0,0,0,OK,,,,,
2026-05-04 1:16:04,-40,0,0,0,0,OK,,,,,
2026-05-04 1:16:20,10.4,82,0.8,449,0,OK,,,,,
2026-05-04 1:16:52,10.3,82,0.3,449,0,OK,,,,,
2026-05-04 1:17:08,10.3,82,1.4,449,0,OK,,,,,
2026-05-04 1:17:24,10.3,82,1.4,449,0,OK,,,,,
2026-05-04 1:17:40,10.4,82,1.4,449,0,OK,,,,,
2026-05-04 1:17:56,10.3,82,1,449,0,OK,,,,,
2026-05-04 1:18:12,-40,0,0,0,0,OK,,,,,
2026-05-04 1:18:28,10.3,82,0.4,449,0,OK,,,,,
2026-05-04 1:18:44,10.3,82,2.1,449,0,OK,,,,,
2026-05-04 1:19:00,10.3,82,1,449,0,OK,,,,,
2026-05-04 1:19:16,10.3,82,1.1,449,0,OK,,,,,
2026-05-04 1:19:32,10.3,82,1.5,449,0,OK,,,,,
2026-05-04 1:19:47,10.3,82,0.8,449,0,OK,,,,,
2026-05-04 1:20:04,10.3,82,0.1,449,0,OK,,,,,
2026-05-04 1:20:20,10.3,82,0.4,449,0,OK,,,,,
2026-05-04 1:20:36,-40,0,0,0,0,OK,,,,,
2026-05-04 1:20:52,10.3,83,0.7,449,0,OK,,,,,
2026-05-04 1:21:08,10.3,83,0.1,449,0,OK,,,,,
2026-05-04 1:21:24,10.3,83,0.1,449,0,OK,,,,,
2026-05-04 1:21:40,10.3,83,0,449,0,OK,,,,,
2026-05-04 1:21:56,10.3,83,0.3,449,0,OK,,,,,
2026-05-04 1:22:12,10.3,83,0,449,0,OK,,,,,
2026-05-04 1:22:28,10.3,83,1.1,449,0,OK,,,,,
2026-05-04 1:22:44,10.3,83,1.7,449,0,OK,,,,,
2026-05-04 1:23:00,10.3,83,1,449,0,OK,,,,,
2026-05-04 1:23:16,10.3,83,2.1,449,0,OK,,,,,
2026-05-04 1:23:32,10.3,83,1,449,0,OK,,,,,
2026-05-04 1:23:48,10.3,83,1.3,449,0,OK,,,,,
2026-05-04 1:24:04,10.3,83,2,449,0,OK,,,,,
2026-05-04 1:24:20,10.3,83,17.8,449,3276.8,OK,,,,,
2026-05-04 1:24:35,10.3,83,0.7,449,0,OK,,,,,
2026-05-04 1:24:52,10.3,83,1.1,449,0,OK,,,,,
2026-05-04 1:25:24,10.3,82,2.7,449,0,OK,,,,,
2026-05-04 1:25:40,10.3,82,2.5,449,0,OK,,,,,
2026-05-04 1:25:56,10.3,82,2,449,0,OK,,,,,
2026-05-04 1:26:12,10.3,82,1.7,449,0,OK,,,,,
2026-05-04 1:26:28,10.4,81,1.3,449,0,OK,,,,,
2026-05-04 1:26:44,10.3,81,0.1,449,0,OK,,,,,
2026-05-04 1:27:00,10.3,82,0.3,449,0,OK,,,,,
2026-05-04 1:27:16,10.4,82,1.5,449,0,OK,,,,,
2026-05-04 1:27:48,10.3,82,2.2,449,0,OK,,,,,
2026-05-04 1:28:04,10.4,81,1.4,449,0,OK,,,,,
2026-05-04 1:28:20,-40,0,0,0,0,OK,,,,,
2026-05-04 1:28:36,10.4,82,1.3,449,0,OK,,,,,
2026-05-04 1:29:08,10.3,82,1.3,449,0,OK,,,,,
2026-05-04 1:29:24,10.3,82,0.1,449,0,OK,,,,,
2026-05-04 1:29:40,10.3,82,0,449,0,OK,,,,,
2026-05-04 1:29:56,10.3,82,0.6,449,0,OK,,,,,
2026-05-04 1:30:12,10.3,82,0.8,449,0,OK,,,,,
2026-05-04 1:30:28,10.3,82,0.7,449,0,OK,,,,,
2026-05-04 1:30:44,10.3,82,0.7,449,0,OK,,,,,
2026-05-04 1:31:00,10.3,82,0.1,449,0,OK,,,,,
2026-05-04 1:31:16,10.3,82,0.7,449,0,OK,,,,,
2026-05-04 1:31:32,10.3,82,1.7,449,0,OK,,,,,
2026-05-04 1:32:04,10.3,82,0.7,449,0,OK,,,,,
2026-05-04 1:32:20,10.3,82,1.4,449,0,OK,,,,,
2026-05-04 1:32:36,10.3,82,0.4,449,0,OK,,,,,
2026-05-04 1:32:52,10.3,82,1.3,449,0,OK,,,,,
2026-05-04 1:33:08,10.3,82,2.7,449,0,OK,,,,,
2026-05-04 1:33:24,10.3,82,0.7,449,0,OK,,,,,
2026-05-04 1:33:40,10.3,82,0.3,449,0,OK,,,,,
2026-05-04 1:33:56,10.3,82,0.8,449,0,OK,,,,,
2026-05-04 1:34:12,10.3,82,0.7,449,0,OK,,,,,
2026-05-04 1:34:28,10.3,82,0.4,449,0,OK,,,,,
2026-05-04 1:34:44,10.3,82,1.4,449,0,OK,,,,,
2026-05-04 1:35:00,-40,0,0,0,0,OK,,,,,
2026-05-04 1:35:16,10.3,82,1.5,449,0,OK,,,,,
2026-05-04 1:35:32,87.1,82,105.6,449,12.8,OK,,,,,
2026-05-04 1:35:48,10.3,82,0.8,449,0,OK,,,,,
2026-05-04 1:36:04,10.3,82,0.7,449,0,OK,,,,,
2026-05-04 1:36:20,10.3,82,1,449,0,OK,,,,,
2026-05-04 1:36:36,10.3,83,0.8,449,0,OK,,,,,
2026-05-04 1:36:52,10.3,83,1.7,449,0,OK,,,,,
2026-05-04 1:37:08,-40,0,0,0,0,OK,,,,,
2026-05-04 1:37:24,-40,0,0,0,0,OK,,,,,
2026-05-04 1:37:40,10.3,82,0.6,449,0,OK,,,,,
2026-05-04 1:37:56,10.3,82,1.1,449,0,OK,,,,,
2026-05-04 1:38:12,10.3,83,1,449,0,OK,,,,,
2026-05-04 1:38:28,10.3,82,1,449,0,OK,,,,,
2026-05-04 1:38:44,10.3,83,1.4,449,0,OK,,,,,
2026-05-04 1:39:00,10.3,83,0.1,449,0,OK,,,,,
2026-05-04 1:39:16,10.3,83,0,449,0,OK,,,,,
2026-05-04 1:39:32,-40,0,0,0,0,OK,,,,,
2026-05-04 1:39:48,10.3,83,0.1,449,0,OK,,,,,
2026-05-04 1:40:04,10.3,83,0,449,0,OK,,,,,
2026-05-04 1:40:20,10.3,83,0.3,449,0,OK,,,,,
2026-05-04 1:40:36,10.3,83,0.8,449,0,OK,,,,,
2026-05-04 1:40:52,10.3,83,0.4,449,0,OK,,,,,
2026-05-04 1:41:08,10.3,83,0.7,449,0,OK,,,,,
2026-05-04 1:41:24,10.3,83,0.8,449,0,OK,,,,,
2026-05-04 1:41:40,-40,0,0,0,0,OK,,,,,
2026-05-04 1:41:56,10.2,83,0.6,449,0,OK,,,,,
2026-05-04 1:42:12,10.2,83,0,449,0,OK,,,,,
2026-05-04 1:42:28,10.3,83,0,24816,12.8,OK,,,,,
2026-05-04 1:42:44,-40,0,0,0,0,OK,,,,,
2026-05-04 1:43:00,10.2,83,0.1,449,0,OK,,,,,
2026-05-04 1:43:16,10.2,83,0.4,449,0,OK,,,,,
2026-05-04 1:43:32,10.2,84,0.3,449,0,OK,,,,,
2026-05-04 1:43:48,-40,0,0,0,0,OK,,,,,
2026-05-04 1:44:04,-40,0,0,0,0,OK,,,,,
2026-05-04 1:44:20,10.2,83,1.4,449,0,OK,,,,,
2026-05-04 1:44:36,10.2,83,1.5,449,0,OK,,,,,
2026-05-04 1:44:52,10.2,83,0.3,449,0,OK,,,,,
2026-05-04 1:45:08,10.3,83,0.6,449,0,OK,,,,,
2026-05-04 1:45:24,10.3,83,0.7,449,0,OK,,,,,
2026-05-04 1:45:40,10.2,83,0.6,449,0,OK,,,,,
2026-05-04 1:45:56,10.2,83,0,449,0,OK,,,,,
2026-05-04 1:46:12,10.3,83,1.3,449,0,OK,,,,,
2026-05-04 1:46:28,10.3,83,1.3,449,0,OK,,,,,
2026-05-04 1:46:44,10.2,83,0,451,4.8,OK,,,,,
2026-05-04 1:47:00,10.3,83,0,449,0,OK,,,,,
2026-05-04 1:47:16,10.3,83,0.4,449,0,OK,,,,,
2026-05-04 1:47:32,10.2,83,0.8,449,0,OK,,,,,
2026-05-04 1:47:48,10.3,83,0,449,0,OK,,,,,
2026-05-04 1:48:04,10.3,83,0.6,449,0,OK,,,,,
2026-05-04 1:48:20,10.3,83,1.7,449,0,OK,,,,,
2026-05-04 1:48:36,10.3,83,1.5,449,0,OK,,,,,
2026-05-04 1:48:52,10.3,83,1.1,449,0,OK,,,,,
2026-05-04 1:49:08,10.3,83,1.1,449,0,OK,,,,,
2026-05-04 1:49:24,10.3,83,0.3,449,0,OK,,,,,
2026-05-04 1:49:40,10.3,83,0.3,449,0,OK,,,,,
2026-05-04 1:49:56,10.3,83,0.3,449,0,OK,,,,,
2026-05-04 1:50:12,10.3,83,0,449,0,OK,,,,,
2026-05-04 1:50:28,10.4,83,0.7,449,0,OK,,,,,
2026-05-04 1:50:44,10.3,83,0.4,449,0,OK,,,,,
2026-05-04 1:51:00,10.3,83,0.1,449,0,OK,,,,,
2026-05-04 1:51:16,10.3,83,0.7,451,0,OK,,,,,
2026-05-04 1:51:32,10.3,83,1.4,449,0,OK,,,,,
2026-05-04 1:51:48,10.3,83,1.4,449,0,OK,,,,,
2026-05-04 1:52:04,10.3,83,0.4,449,0,OK,,,,,
2026-05-04 1:52:20,10.3,83,0.1,449,0,OK,,,,,
2026-05-04 1:52:36,10.4,83,1.1,449,0,OK,,,,,
2026-05-04 1:52:52,10.3,83,2.2,449,0,OK,,,,,
2026-05-04 1:53:08,10.3,82,1.5,449,0,OK,,,,,
2026-05-04 1:53:24,10.4,82,0.8,449,0,OK,,,,,
2026-05-04 1:53:40,10.4,81,1.1,449,0,OK,,,,,
2026-05-04 1:53:56,10.4,82,0.8,449,0,OK,,,,,
2026-05-04 1:54:12,-40,0,0,0,0,OK,,,,,
2026-05-04 1:54:28,10.3,82,0.6,449,0,OK,,,,,
2026-05-04 1:54:44,10.4,82,1.1,449,0,OK,,,,,
2026-05-04 1:55:00,10.4,82,1.3,449,0,OK,,,,,
2026-05-04 1:55:16,10.4,81,3.1,449,0,OK,,,,,
2026-05-04 1:55:32,10.4,80,2.2,449,0,OK,,,,,
2026-05-04 1:55:48,10.4,80,3.1,449,0,OK,,,,,
2026-05-04 1:56:04,10.4,79,1.5,449,0,OK,,,,,
2026-05-04 1:56:20,10.4,79,1.8,449,0,OK,,,,,
2026-05-04 1:56:36,10.4,79,0.8,449,0,OK,,,,,
2026-05-04 1:56:52,10.4,80,0.4,449,0,OK,,,,,
2026-05-04 1:57:08,10.4,80,0.1,449,0,OK,,,,,
2026-05-04 1:57:24,10.4,80,1.8,449,0,OK,,,,,
2026-05-04 1:57:40,10.4,80,3.1,449,0,OK,,,,,
2026-05-04 1:57:56,10.4,80,1.1,449,0,OK,,,,,
2026-05-04 1:58:12,-40,0,0,0,0,OK,,,,,
2026-05-04 1:58:28,10.4,80,2.1,449,0,OK,,,,,
2026-05-04 1:58:44,10.4,80,1.4,449,0,OK,,,,,
2026-05-04 1:59:00,10.4,80,0.6,449,0,OK,,,,,
2026-05-04 1:59:16,10.4,80,1.3,449,0,OK,,,,,
2026-05-04 1:59:32,10.4,80,0.7,449,0,OK,,,,,
2026-05-04 1:59:48,10.4,80,0.4,449,0,OK,,,,,
2026-05-04 2:00:04,10.4,80,0.3,449,0,OK,,,,,
2026-05-04 2:00:20,-40,0,0,0,0,OK,,,,,
2026-05-04 2:00:36,10.4,80,0.4,449,0,OK,,,,,
2026-05-04 2:00:52,10.4,80,0.7,449,0,OK,,,,,
2026-05-04 2:01:08,10.4,80,2.2,449,0,OK,,,,,
2026-05-04 2:01:24,10.4,80,1.8,449,0,OK,,,,,
2026-05-04 2:01:40,-40,0,0,0,0,OK,,,,,
2026-05-04 2:01:56,10.5,81,0.7,449,0,OK,,,,,
2026-05-04 2:02:12,10.5,81,0.3,449,0,OK,,,,,
2026-05-04 2:02:28,10.5,81,0.4,449,0,OK,,,,,
2026-05-04 2:02:44,10.5,81,0.3,449,0,OK,,,,,
2026-05-04 2:03:00,10.5,81,0.6,449,0,OK,,,,,
2026-05-04 2:03:16,10.4,81,0.7,449,0,OK,,,,,
2026-05-04 2:03:32,10.4,82,0.3,449,0,OK,,,,,
2026-05-04 2:03:48,10.4,82,0.4,449,0,OK,,,,,
2026-05-04 2:04:04,10.4,82,0,449,0,OK,,,,,
2026-05-04 2:04:20,10.4,82,0.7,449,0,OK,,,,,
2026-05-04 2:04:36,-40,0,0,0,0,OK,,,,,
2026-05-04 2:04:52,10.4,82,0.4,449,0,OK,,,,,
2026-05-04 2:05:08,10.4,82,1.3,449,0,OK,,,,,
2026-05-04 2:05:24,10.4,82,0.3,449,0,OK,,,,,
2026-05-04 2:05:40,10.4,82,1.8,449,0,OK,,,,,
2026-05-04 2:05:56,10.4,82,3.1,463,0,OK,,,,,
2026-05-04 2:06:12,10.4,81,1.5,449,0,OK,,,,,
2026-05-04 2:06:28,10.4,81,0.7,449,0,OK,,,,,
2026-05-04 2:06:44,10.4,81,1.3,449,0,OK,,,,,
2026-05-04 2:07:00,-40,0,0,0,0,OK,,,,,
2026-05-04 2:07:16,10.4,126,2.1,961,0,OK,,,,,
2026-05-04 2:07:32,10.4,82,2.7,449,0,OK,,,,,
2026-05-04 2:07:48,10.4,81,1.3,449,0,OK,,,,,
2026-05-04 2:08:04,10.4,81,2,449,0,OK,,,,,
2026-05-04 2:08:20,10.4,81,2.5,449,0,OK,,,,,
2026-05-04 2:08:36,10.4,81,1,449,0,OK,,,,,
2026-05-04 2:08:52,10.4,81,1.4,449,0,OK,,,,,
2026-05-04 2:09:08,10.5,82,0.6,449,0,OK,,,,,
2026-05-04 2:09:24,10.5,82,0.6,449,0,OK,,,,,
2026-05-04 2:09:40,10.4,82,0.7,449,0,OK,,,,,
2026-05-04 2:09:56,10.4,81,1.4,449,0,OK,,,,,
2026-05-04 2:10:12,10.4,81,0.1,449,15.2,OK,,,,,
2026-05-04 2:10:28,10.4,81,0,449,0,OK,,,,,
2026-05-04 2:10:44,-40,0,0,0,0,OK,,,,,
2026-05-04 2:11:00,10.4,81,0,449,0,OK,,,,,
2026-05-04 2:11:16,10.4,82,0,449,0,OK,,,,,
2026-05-04 2:11:32,10.4,82,0,449,0,OK,,,,,
2026-05-04 2:11:48,10.4,82,1.3,449,0,OK,,,,,
2026-05-04 2:12:04,-40,0,0,0,0,OK,,,,,
2026-05-04 2:12:20,10.3,81,0,449,0,OK,,,,,
2026-05-04 2:12:36,10.3,81,0.8,449,0,OK,,,,,
2026-05-04 2:12:52,10.3,81,2.9,449,0,OK,,,,,
2026-05-04 2:13:08,10.3,81,2.1,449,0,OK,,,,,
2026-05-04 2:13:24,10.3,80,1.7,449,0,OK,,,,,
2026-05-04 2:13:40,10.4,80,0.4,449,0,OK,,,,,
2026-05-04 2:13:56,10.4,80,2.4,449,0,OK,,,,,
2026-05-04 2:14:12,10.4,80,0.7,24816,0,OK,,,,,
2026-05-04 2:14:28,10.4,79,0.7,449,0,OK,,,,,
2026-05-04 2:14:44,10.4,79,5,449,0,OK,,,,,
2026-05-04 2:15:00,10.4,79,2,449,0,OK,,,,,
2026-05-04 2:15:16,10.4,79,0.8,449,0,OK,,,,,
2026-05-04 2:15:32,10.4,79,3.5,449,0,OK,,,,,
2026-05-04 2:15:48,10.5,79,2.9,449,0,OK,,,,,
2026-05-04 2:16:04,10.5,79,1.4,449,0,OK,,,,,
2026-05-04 2:16:20,10.5,79,0.7,449,0,OK,,,,,
2026-05-04 2:16:36,-40,0,0,0,0,OK,,,,,
2026-05-04 2:16:52,10.4,79,1.8,449,0,OK,,,,,
2026-05-04 2:17:08,10.4,79,2.4,449,0,OK,,,,,
2026-05-04 2:17:24,10.4,79,2,449,0,OK,,,,,
2026-05-04 2:17:40,10.5,79,0.7,449,0,OK,,,,,
2026-05-04 2:17:56,10.5,79,1.1,449,0,OK,,,,,
2026-05-04 2:18:12,10.4,79,1.1,449,0,OK,,,,,
2026-05-04 2:18:28,10.4,80,1.1,449,0,OK,,,,,
2026-05-04 2:18:44,10.4,79,1.1,449,0,OK,,,,,
2026-05-04 2:19:00,10.4,79,1.1,449,0,OK,,,,,
2026-05-04 2:19:16,10.4,79,3.1,449,0,OK,,,,,
2026-05-04 2:19:32,10.5,78,2.1,449,0,OK,,,,,
2026-05-04 2:19:48,10.5,78,1.4,449,0,OK,,,,,
2026-05-04 2:20:04,-40,0,0,0,0,OK,,,,,
2026-05-04 2:20:20,10.5,79,1.1,449,0,OK,,,,,
2026-05-04 2:20:36,10.5,79,2.5,449,0,OK,,,,,
2026-05-04 2:20:52,10.5,79,1.3,449,0,OK,,,,,
2026-05-04 2:21:08,10.5,79,0.6,449,0,OK,,,,,
2026-05-04 2:21:24,10.5,79,0.8,449,0,OK,,,,,
2026-05-04 2:21:40,10.5,79,1,449,0,OK,,,,,
2026-05-04 2:21:56,10.5,79,0.3,449,0,OK,,,,,
2026-05-04 2:22:12,10.5,79,1.4,449,0,OK,,,,,
2026-05-04 2:22:28,-40,0,0,0,0,OK,,,,,
2026-05-04 2:22:44,10.5,79,1.7,449,0,OK,,,,,
2026-05-04 2:23:00,10.5,79,2,449,0,OK,,,,,
2026-05-04 2:23:16,10.5,78,1.1,449,0,OK,,,,,
2026-05-04 2:23:32,10.5,78,4.1,449,0,OK,,,,,
2026-05-04 2:23:48,10.5,78,1.4,449,0,OK,,,,,
2026-05-04 2:24:04,-40,0,0,0,0,OK,,,,,
2026-05-04 2:24:20,10.5,78,2.7,449,0,OK,,,,,
2026-05-04 2:24:36,10.5,78,1,449,0,OK,,,,,
2026-05-04 2:24:52,10.5,78,1,449,0,OK,,,,,
2026-05-04 2:25:08,10.5,78,1.3,449,0,OK,,,,,
2026-05-04 2:25:24,-40,0,0,0,0,OK,,,,,
2026-05-04 2:25:40,10.5,78,1.7,449,0,OK,,,,,
2026-05-04 2:25:56,-40,0,0,0,0,OK,,,,,
2026-05-04 2:26:12,-40,0,0,0,0,OK,,,,,
2026-05-04 2:26:28,-40,0,0,0,0,OK,,,,,
2026-05-04 2:26:44,10.5,78,1.1,449,0,OK,,,,,
2026-05-04 2:27:00,10.5,78,1.4,449,0,OK,,,,,
2026-05-04 2:27:16,-40,0,0,0,0,OK,,,,,
2026-05-04 2:27:32,10.4,78,1.8,449,0,OK,,,,,
2026-05-04 2:27:48,10.5,79,0.1,449,0,OK,,,,,
2026-05-04 2:28:04,10.4,79,1.3,449,0,OK,,,,,
2026-05-04 2:28:20,10.5,79,0.6,449,0,OK,,,,,
2026-05-04 2:28:36,10.4,79,0.7,449,0,OK,,,,,
2026-05-04 2:28:52,10.4,79,0.3,449,0,OK,,,,,
2026-05-04 2:29:08,10.4,79,1.1,449,0,OK,,,,,
2026-05-04 2:29:24,10.4,79,1,449,0,OK,,,,,
2026-05-04 2:29:40,10.5,79,1.1,449,0,OK,,,,,
2026-05-04 2:29:56,10.5,79,2.9,449,0,OK,,,,,
2026-05-04 2:30:12,10.5,79,0.6,449,0,OK,,,,,
2026-05-04 2:30:28,10.5,79,2.8,449,0,OK,,,,,
2026-05-04 2:30:44,10.5,79,2.8,449,0,OK,,,,,
2026-05-04 2:31:00,10.5,79,1.5,449,0,OK,,,,,
2026-05-04 2:31:16,10.5,79,2.1,449,0,OK,,,,,
2026-05-04 2:31:32,10.5,207,1.7,449,0,OK,,,,,
2026-05-04 2:31:48,10.5,79,1,449,0,OK,,,,,
2026-05-04 2:32:04,10.5,79,1.5,449,0,OK,,,,,
2026-05-04 2:32:20,10.5,79,0.7,449,0,OK,,,,,
2026-05-04 2:32:36,10.5,80,1.8,449,0,OK,,,,,
2026-05-04 2:32:52,10.5,79,1,449,0,OK,,,,,
2026-05-04 2:33:08,10.5,80,2.2,449,0,OK,,,,,
2026-05-04 2:33:24,10.5,79,1.5,449,0,OK,,,,,
2026-05-04 2:33:40,10.5,79,1.1,449,0,OK,,,,,
2026-05-04 2:33:56,10.5,80,1.1,449,0,OK,,,,,
2026-05-04 2:34:12,10.4,80,0.7,449,0,OK,,,,,
2026-05-04 2:34:28,10.4,79,1.7,449,0,OK,,,,,
2026-05-04 2:34:44,10.4,79,3.2,449,0,OK,,,,,
2026-05-04 2:35:00,10.5,79,2.4,449,0,OK,,,,,
2026-05-04 2:35:16,10.5,79,1.4,449,0,OK,,,,,
2026-05-04 2:35:32,-40,0,0,0,0,OK,,,,,
2026-05-04 2:35:48,10.5,79,3.4,449,0,OK,,,,,
2026-05-04 2:36:04,10.5,79,1.7,449,0,OK,,,,,
2026-05-04 2:36:20,10.4,79,1,449,0,OK,,,,,
2026-05-04 2:36:36,10.4,79,1.3,449,0,OK,,,,,
2026-05-04 2:36:52,10.4,79,2,449,0,OK,,,,,
2026-05-04 2:37:08,10.4,80,2.4,449,0,OK,,,,,
2026-05-04 2:37:24,10.4,79,1,449,0,OK,,,,,
2026-05-04 2:37:40,10.4,79,0.4,449,0,OK,,,,,
2026-05-04 2:37:56,10.4,80,0.1,449,0,OK,,,,,
2026-05-04 2:38:12,10.4,80,0.7,449,0,OK,,,,,
2026-05-04 2:38:28,10.4,80,1.7,449,0,OK,,,,,
2026-05-04 2:38:44,10.4,80,2.1,449,0,OK,,,,,
2026-05-04 2:39:00,10.4,79,1.5,449,0,OK,,,,,
2026-05-04 2:39:16,10.4,79,2.8,449,0,OK,,,,,
2026-05-04 2:39:32,10.4,79,2.2,449,0,OK,,,,,
2026-05-04 2:40:04,10.4,79,2.4,449,0,OK,,,,,
2026-05-04 2:40:20,10.4,79,2.4,449,0,OK,,,,,
2026-05-04 2:40:36,10.4,79,2.4,449,0,OK,,,,,
2026-05-04 2:40:52,10.4,79,0.4,449,0,OK,,,,,
2026-05-04 2:41:08,10.4,79,1.7,449,0,OK,,,,,
2026-05-04 2:41:24,10.4,79,1.7,449,0,OK,,,,,
2026-05-04 2:41:40,10.4,79,1.5,449,0,OK,,,,,
2026-05-04 2:41:56,-40,0,0,0,0,OK,,,,,
2026-05-04 2:42:12,10.4,80,0.7,449,0,OK,,,,,
2026-05-04 2:42:28,10.4,80,2,449,0,OK,,,,,
2026-05-04 2:42:44,10.4,80,2,449,0,OK,,,,,
2026-05-04 2:43:00,10.4,80,2.2,449,0,OK,,,,,
2026-05-04 2:43:16,10.4,79,1.8,449,0,OK,,,,,
2026-05-04 2:43:32,10.4,79,1,449,0,OK,,,,,
2026-05-04 2:43:48,10.4,80,1.7,449,0,OK,,,,,
2026-05-04 2:44:04,10.4,79,0.7,449,0,OK,,,,,
2026-05-04 2:44:20,10.4,79,0.3,449,0,OK,,,,,
2026-05-04 2:44:36,10.3,79,1,449,0,OK,,,,,
2026-05-04 2:44:52,10.3,79,0.6,449,0,OK,,,,,
2026-05-04 2:45:08,10.3,80,2,449,0,OK,,,,,
2026-05-04 2:45:24,10.3,79,2.1,449,0,OK,,,,,
2026-05-04 2:45:40,10.3,79,3.4,449,0,OK,,,,,
2026-05-04 2:45:56,10.3,79,3.1,449,0,OK,,,,,
2026-05-04 2:46:12,10.4,79,3.5,449,0,OK,,,,,
2026-05-04 2:46:28,10.4,79,2.2,449,0,OK,,,,,
2026-05-04 2:46:44,10.4,79,1,449,0,OK,,,,,
2026-05-04 2:47:00,10.4,79,1,449,0,OK,,,,,
2026-05-04 2:47:16,10.3,80,1.7,449,0,OK,,,,,
2026-05-04 2:47:32,10.4,80,1.4,449,0,OK,,,,,
2026-05-04 2:47:48,10.3,80,0.7,449,0,OK,,,,,
2026-05-04 2:48:04,10.3,80,1.4,449,0,OK,,,,,
2026-05-04 2:48:20,10.3,80,1.5,449,0,OK,,,,,
2026-05-04 2:48:36,10.3,80,3.6,449,0,OK,,,,,
2026-05-04 2:48:52,10.4,80,3.1,449,0,OK,,,,,
2026-05-04 2:49:08,10.3,80,2.2,449,0,OK,,,,,
2026-05-04 2:49:24,-40,0,0,0,0,OK,,,,,
2026-05-04 2:49:40,10.4,80,0.1,449,0,OK,,,,,
2026-05-04 2:49:56,10.4,80,0.8,449,0,OK,,,,,
2026-05-04 2:50:12,10.4,80,2.5,449,0,OK,,,,,
2026-05-04 2:50:28,10.4,80,2,449,0,OK,,,,,
2026-05-04 2:50:44,10.4,80,1.8,449,0,OK,,,,,
2026-05-04 2:51:00,10.4,79,1,449,0,OK,,,,,
2026-05-04 2:51:16,10.4,79,3.2,449,0,OK,,,,,
2026-05-04 2:51:32,10.4,79,3.1,449,0,OK,,,,,
2026-05-04 2:51:48,10.4,79,1.3,449,0,OK,,,,,
2026-05-04 2:52:04,-40,0,0,0,0,OK,,,,,
2026-05-04 2:52:20,10.4,79,1,449,0,OK,,,,,
2026-05-04 2:52:36,-40,0,0,0,0,OK,,,,,
2026-05-04 2:52:52,10.4,79,1,449,0,OK,,,,,
2026-05-04 2:53:08,10.4,79,1.1,449,0,OK,,,,,
2026-05-04 2:53:24,10.4,79,0.7,449,0,OK,,,,,
2026-05-04 2:53:40,10.4,79,1.3,449,0,OK,,,,,
2026-05-04 2:53:56,10.4,80,2.2,449,0,OK,,,,,
2026-05-04 2:54:12,10.4,79,2.4,449,0,OK,,,,,
2026-05-04 2:54:28,10.4,79,2.4,449,0,OK,,,,,
2026-05-04 2:54:44,10.4,79,2.5,449,0,OK,,,,,
2026-05-04 2:55:00,10.4,79,1.7,449,0,OK,,,,,
2026-05-04 2:55:16,-40,0,0,0,0,OK,,,,,
2026-05-04 2:55:32,10.4,78,1.7,449,0,OK,,,,,
2026-05-04 2:55:48,10.4,79,1.4,449,0,OK,,,,,
2026-05-04 2:56:04,10.4,58,13.4,449,9.6,OK,,,,,
2026-05-04 2:56:20,10.4,79,0.6,449,0,OK,,,,,
2026-05-04 2:56:36,10.4,79,0.7,449,0,OK,,,,,
2026-05-04 2:56:52,10.4,79,0.6,449,0,OK,,,,,
2026-05-04 2:57:08,10.4,79,1,449,0,OK,,,,,
2026-05-04 2:57:24,10.3,80,0.4,449,0,OK,,,,,
2026-05-04 2:57:56,10.3,80,0.7,449,0,OK,,,,,
2026-05-04 2:58:12,10.4,80,2.4,449,0,OK,,,,,
2026-05-04 2:58:28,10.4,79,3.9,449,0,OK,,,,,
2026-05-04 2:58:44,10.4,79,5.2,449,0,OK,,,,,
2026-05-04 2:59:00,10.4,79,3.5,449,0,OK,,,,,
2026-05-04 2:59:16,10.4,79,1.3,449,0,OK,,,,,
2026-05-04 2:59:32,10.4,79,1.1,449,0,OK,,,,,
2026-05-04 2:59:48,10.4,79,1.8,449,0,OK,,,,,
2026-05-04 3:00:04,10.4,78,1.1,449,0,OK,,,,,
2026-05-04 3:00:20,-40,0,0,0,0,OK,,,,,
2026-05-04 3:00:36,10.4,78,4.2,449,0,OK,,,,,
2026-05-04 3:00:52,10.4,78,3.9,449,0,OK,,,,,
2026-05-04 3:01:08,10.5,78,2.2,449,0,OK,,,,,
2026-05-04 3:01:24,-40,0,0,0,0,OK,,,,,
2026-05-04 3:01:40,10.4,79,0.8,449,0,OK,,,,,
2026-05-04 3:01:56,10.4,79,0.6,449,0,OK,,,,,
2026-05-04 3:02:12,10.4,79,1.3,449,0,OK,,,,,
2026-05-04 3:02:28,10.4,79,1.5,449,0,OK,,,,,
2026-05-04 3:02:44,10.4,79,0.3,449,0,OK,,,,,
2026-05-04 3:03:00,-40,0,0,0,0,OK,,,,,
2026-05-04 3:03:16,10.4,79,1.1,449,0,OK,,,,,
2026-05-04 3:03:32,10.4,79,0.4,449,0,OK,,,,,
2026-05-04 3:03:48,10.4,79,1.8,449,0,OK,,,,,
2026-05-04 3:04:04,10.4,79,1,449,0,OK,,,,,
2026-05-04 3:04:20,-40,0,0,0,0,OK,,,,,
2026-05-04 3:04:36,10.4,79,2.8,449,0,OK,,,,,
2026-05-04 3:04:52,10.4,79,1.4,449,0,OK,,,,,
2026-05-04 3:05:08,10.4,79,2,449,0,OK,,,,,
2026-05-04 3:05:24,10.4,79,1.3,449,0,OK,,,,,
2026-05-04 3:05:40,10.4,79,1.4,449,0,OK,,,,,
2026-05-04 3:05:56,10.4,79,1.1,449,0,OK,,,,,
2026-05-04 3:06:12,10.4,79,3.9,449,0,OK,,,,,
2026-05-04 3:06:28,10.4,78,1.7,449,0,OK,,,,,
2026-05-04 3:06:44,10.5,78,3.4,449,0,OK,,,,,
2026-05-04 3:07:00,10.5,78,1.7,449,0,OK,,,,,
2026-05-04 3:07:16,10.5,78,1.8,449,0,OK,,,,,
2026-05-04 3:07:32,10.5,78,0.6,449,0,OK,,,,,
2026-05-04 3:07:48,10.4,78,1.5,449,0,OK,,,,,
2026-05-04 3:08:04,10.5,78,4.3,449,0,OK,,,,,
2026-05-04 3:08:20,10.5,78,3.2,449,0,OK,,,,,
2026-05-04 3:08:36,10.5,78,3.4,449,0,OK,,,,,
2026-05-04 3:08:52,10.5,78,2.2,449,0,OK,,,,,
2026-05-04 3:09:08,10.5,78,2.2,449,0,OK,,,,,
2026-05-04 3:09:24,10.5,78,3.2,449,0,OK,,,,,
2026-05-04 3:09:40,10.5,78,1.4,449,0,OK,,,,,
2026-05-04 3:09:56,10.5,78,0.7,449,0,OK,,,,,
2026-05-04 3:10:12,10.4,78,1.4,449,0,OK,,,,,
2026-05-04 3:10:28,-40,0,0,0,0,OK,,,,,
2026-05-04 3:10:44,10.4,78,2.5,449,0,OK,,,,,
2026-05-04 3:11:00,10.5,78,1.7,449,0,OK,,,,,
2026-05-04 3:11:16,10.4,78,1.1,449,0,OK,,,,,
2026-05-04 3:11:32,10.4,78,1.7,449,0,OK,,,,,
2026-05-04 3:11:48,10.4,78,1.1,449,0,OK,,,,,
2026-05-04 3:12:04,10.4,78,1.5,449,0,OK,,,,,
2026-05-04 3:12:20,10.4,78,1.1,449,0,OK,,,,,
2026-05-04 3:12:36,10.4,78,1.3,449,0,OK,,,,,
2026-05-04 3:12:52,10.4,78,2,449,0,OK,,,,,
2026-05-04 3:13:08,10.4,78,1.3,449,0,OK,,,,,
2026-05-04 3:13:24,10.4,78,1.3,449,0,OK,,,,,
2026-05-04 3:13:40,10.4,78,1.1,449,0,OK,,,,,
2026-05-04 3:13:56,10.4,78,1.8,449,0,OK,,,,,
2026-05-04 3:14:12,10.4,78,2.5,449,0,OK,,,,,
2026-05-04 3:14:28,10.4,78,1.8,449,0,OK,,,,,
2026-05-04 3:14:44,10.4,78,1.4,449,0,OK,,,,,
2026-05-04 3:15:00,10.5,78,2.8,449,0,OK,,,,,
2026-05-04 3:15:16,10.5,78,2,449,0,OK,,,,,
2026-05-04 3:15:32,-40,0,0,0,0,OK,,,,,
2026-05-04 3:15:48,10.5,77,4.1,449,0,OK,,,,,
2026-05-04 3:16:04,10.5,77,2.5,449,0,OK,,,,,
2026-05-04 3:16:20,10.5,77,1.8,449,0,OK,,,,,
2026-05-04 3:16:36,-40,0,0,0,0,OK,,,,,
2026-05-04 3:16:52,10.5,77,3.8,449,0,OK,,,,,
2026-05-04 3:17:08,10.5,77,3.4,449,0,OK,,,,,
2026-05-04 3:17:24,10.5,77,2.7,449,0,OK,,,,,
2026-05-04 3:17:40,10.5,77,1.4,449,0,OK,,,,,
2026-05-04 3:17:56,10.5,77,0,449,0,OK,,,,,
2026-05-04 3:18:12,10.5,77,0.3,449,0,OK,,,,,
2026-05-04 3:18:28,10.5,77,1.4,449,0,OK,,,,,
2026-05-04 3:18:44,10.5,77,2.2,449,0,OK,,,,,
2026-05-04 3:19:00,10.5,78,0.8,449,0,OK,,,,,
2026-05-04 3:19:16,10.5,78,1.5,449,0,OK,,,,,
2026-05-04 3:19:32,10.4,78,1.3,449,0,OK,,,,,
2026-05-04 3:19:48,10.5,78,0.3,449,0,OK,,,,,
2026-05-04 3:20:04,10.5,78,1,449,0,OK,,,,,
2026-05-04 3:20:20,10.4,79,0.3,449,0,OK,,,,,
2026-05-04 3:20:36,10.4,79,0.6,449,0,OK,,,,,
2026-05-04 3:20:52,10.4,78,0.4,449,0,OK,,,,,
2026-05-04 3:21:08,10.4,79,0.4,449,0,OK,,,,,
2026-05-04 3:21:24,10.4,79,0,449,0,OK,,,,,
2026-05-04 3:21:40,10.4,79,0.1,449,0,OK,,,,,
2026-05-04 3:21:56,10.4,79,0.3,449,0,OK,,,,,
2026-05-04 3:22:12,10.4,79,1.5,449,0,OK,,,,,
2026-05-04 3:22:28,10.3,79,1.7,449,0,OK,,,,,
2026-05-04 3:22:44,10.4,78,3.1,449,0,OK,,,,,
2026-05-04 3:23:00,10.4,78,0.8,449,0,OK,,,,,
2026-05-04 3:23:16,10.4,78,1.3,449,0,OK,,,,,
2026-05-04 3:23:32,-40,0,0,0,0,OK,,,,,
2026-05-04 3:23:48,10.4,78,2.7,449,0,OK,,,,,
2026-05-04 3:24:04,10.4,78,2.2,449,0,OK,,,,,
2026-05-04 3:24:20,10.4,78,2.9,449,0,OK,,,,,
2026-05-04 3:24:36,10.4,78,2.8,449,0,OK,,,,,
2026-05-04 3:24:52,10.5,78,1,449,0,OK,,,,,
2026-05-04 3:25:08,10.5,78,1.4,449,0,OK,,,,,
2026-05-04 3:25:24,10.4,78,0.8,449,0,OK,,,,,
2026-05-04 3:25:40,10.5,78,1,449,0,OK,,,,,
2026-05-04 3:25:56,10.4,78,1.7,449,0,OK,,,,,
2026-05-04 3:26:12,10.4,78,1.3,449,0,OK,,,,,
2026-05-04 3:26:28,10.4,77,2.4,449,0,OK,,,,,
2026-05-04 3:26:44,10.4,77,2,449,0,OK,,,,,
2026-05-04 3:27:00,10.4,77,1.3,449,0,OK,,,,,
2026-05-04 3:27:16,10.5,78,2.8,449,0,OK,,,,,
2026-05-04 3:27:32,10.4,77,2.8,449,0,OK,,,,,
2026-05-04 3:27:48,10.4,77,1.8,449,0,OK,,,,,
2026-05-04 3:28:04,10.5,77,1,449,0,OK,,,,,
2026-05-04 3:28:20,10.5,77,2.8,449,0,OK,,,,,
2026-05-04 3:28:36,10.5,77,2.5,449,0,OK,,,,,
2026-05-04 3:28:52,10.5,77,1.8,449,0,OK,,,,,
2026-05-04 3:29:08,10.5,77,2.1,449,2.4,OK,,,,,
2026-05-04 3:29:24,10.5,76,3.8,449,0,OK,,,,,
2026-05-04 3:29:40,10.5,76,3.6,449,0,OK,,,,,
2026-05-04 3:29:56,10.5,76,1.8,449,0,OK,,,,,
2026-05-04 3:30:12,10.5,76,0.8,449,0,OK,,,,,
2026-05-04 3:30:28,10.5,76,1.4,449,0,OK,,,,,
2026-05-04 3:30:44,10.5,77,0.6,449,0,OK,,,,,
2026-05-04 3:31:00,10.5,77,0.7,449,0,OK,,,,,
2026-05-04 3:31:16,10.5,77,0.1,449,0,OK,,,,,
2026-05-04 3:31:32,10.5,77,0.8,449,0,OK,,,,,
2026-05-04 3:31:48,10.4,77,0.6,449,0,OK,,,,,
2026-05-04 3:32:04,10.4,77,0.1,449,0,OK,,,,,
2026-05-04 3:32:20,10.4,78,0.1,449,0,OK,,,,,
2026-05-04 3:32:36,10.4,77,1,449,0,OK,,,,,
2026-05-04 3:32:52,10.4,77,0.7,449,0,OK,,,,,
2026-05-04 3:33:56,10.4,77,1.5,449,0,OK,,,,,
2026-05-04 3:34:12,10.4,77,1.4,449,0,OK,,,,,
2026-05-04 3:34:28,10.4,77,1.7,449,0,OK,,,,,
2026-05-04 3:34:44,10.4,77,1.3,449,0,OK,,,,,
2026-05-04 3:35:00,10.4,77,1.3,449,0,OK,,,,,
2026-05-04 3:35:16,10.4,77,1.3,449,0,OK,,,,,
2026-05-04 3:35:32,10.4,77,2.1,449,0,OK,,,,,
2026-05-04 3:35:48,10.4,77,2.1,449,0,OK,,,,,
2026-05-04 3:36:04,10.4,77,1.5,449,0,OK,,,,,
2026-05-04 3:36:20,-40,0,0,0,0,OK,,,,,
2026-05-04 3:36:36,10.4,77,2.5,449,0,OK,,,,,
2026-05-04 3:36:52,10.5,76,3.1,449,0,OK,,,,,
2026-05-04 3:37:08,10.5,76,1.7,32705,0,OK,,,,,
2026-05-04 3:37:24,10.5,76,1.5,449,0,OK,,,,,
2026-05-04 3:37:40,10.5,76,1.7,449,0,OK,,,,,
2026-05-04 3:37:56,10.4,76,0.6,449,0,OK,,,,,
2026-05-04 3:38:12,10.5,76,0.6,449,0,OK,,,,,
2026-05-04 3:38:28,-40,0,0,0,0,OK,,,,,
2026-05-04 3:38:44,10.5,76,1.5,449,0,OK,,,,,
2026-05-04 3:39:00,10.5,76,1.7,449,0,OK,,,,,
2026-05-04 3:39:16,-40,0,0,0,0,OK,,,,,
2026-05-04 3:39:32,10.5,76,1.3,449,0,OK,,,,,
2026-05-04 3:39:48,10.5,76,1.7,449,0,OK,,,,,
2026-05-04 3:40:04,-40,0,0,0,0,OK,,,,,
2026-05-04 3:40:20,10.5,76,2.4,449,0,OK,,,,,
2026-05-04 3:40:36,10.5,76,1.5,449,0,OK,,,,,
2026-05-04 3:40:52,10.5,76,3.2,449,0,OK,,,,,
2026-05-04 3:41:08,10.5,76,2.7,449,0,OK,,,,,
2026-05-04 3:41:24,10.5,76,1.1,449,0,OK,,,,,
2026-05-04 3:41:40,10.5,76,2,449,0,OK,,,,,
2026-05-04 3:41:56,10.5,76,0.8,449,0,OK,,,,,
2026-05-04 3:42:12,10.5,76,1.5,449,0,OK,,,,,
2026-05-04 3:42:28,10.5,76,0.7,449,0,OK,,,,,
2026-05-04 3:42:44,10.5,76,0,449,0,OK,,,,,
2026-05-04 3:43:00,10.5,77,0.4,449,0,OK,,,,,
2026-05-04 3:43:16,10.5,77,0.7,449,0,OK,,,,,
2026-05-04 3:43:32,10.4,77,0.1,449,0,OK,,,,,
2026-05-04 3:43:48,10.4,77,0.3,449,0,OK,,,,,
2026-05-04 3:44:04,10.4,77,3.2,449,0,OK,,,,,
2026-05-04 3:44:20,10.4,77,2.1,449,0,OK,,,,,
2026-05-04 3:44:36,10.4,77,0.3,449,0,OK,,,,,
2026-05-04 3:44:52,10.4,77,0.8,449,0,OK,,,,,
2026-05-04 3:45:08,10.4,77,0.7,449,0,OK,,,,,
2026-05-04 3:45:24,-40,0,0,0,0,OK,,,,,
2026-05-04 3:45:40,10.4,78,0.3,449,0,OK,,,,,
2026-05-04 3:45:56,10.4,77,0.1,449,0,OK,,,,,
2026-05-04 3:46:12,10.3,78,0.3,449,0,OK,,,,,
2026-05-04 3:46:28,10.3,77,0.6,449,0,OK,,,,,
2026-05-04 3:46:44,10.3,77,0.4,449,0,OK,,,,,
2026-05-04 3:47:00,10.4,77,0.1,449,0,OK,,,,,
2026-05-04 3:47:16,10.3,78,0.3,449,0,OK,,,,,
2026-05-04 3:47:32,10.3,77,0.7,449,0,OK,,,,,
2026-05-04 3:47:48,10.3,78,0,449,0,OK,,,,,
2026-05-04 3:48:04,10.3,78,0,449,0,OK,,,,,
2026-05-04 3:48:20,10.3,78,0.1,449,0,OK,,,,,
2026-05-04 3:48:36,10.3,78,0,449,0,OK,,,,,
2026-05-04 3:48:52,10.3,78,0.1,449,0,OK,,,,,
2026-05-04 3:49:08,10.3,78,1.8,449,0,OK,,,,,
2026-05-04 3:49:24,10.3,77,2,449,0,OK,,,,,
2026-05-04 3:49:40,10.3,77,0.3,449,0,OK,,,,,
2026-05-04 3:49:56,10.3,77,1.3,449,0,OK,,,,,
2026-05-04 3:50:12,10.4,77,1.4,449,0,OK,,,,,
2026-05-04 3:50:28,10.4,77,1.3,449,0,OK,,,,,
2026-05-04 3:50:44,10.4,77,0.6,449,0,OK,,,,,
2026-05-04 3:51:00,10.4,77,0,449,0,OK,,,,,
2026-05-04 3:51:16,10.4,77,0,449,0,OK,,,,,
2026-05-04 3:51:32,10.4,77,0.4,449,0,OK,,,,,
2026-05-04 3:51:48,10.4,77,0.3,449,0,OK,,,,,
2026-05-04 3:52:04,10.4,77,1,449,0,OK,,,,,
2026-05-04 3:52:20,-40,0,0,0,0,OK,,,,,
2026-05-04 3:52:36,10.4,77,0.6,449,0,OK,,,,,
2026-05-04 3:52:52,10.4,77,0.6,449,0,OK,,,,,
2026-05-04 3:53:08,10.4,77,1.4,449,0,OK,,,,,
2026-05-04 3:53:24,10.4,77,1.4,449,0,OK,,,,,
2026-05-04 3:53:40,10.4,77,1.7,449,0,OK,,,,,
2026-05-04 3:53:56,10.4,77,0.7,449,0,OK,,,,,
2026-05-04 3:54:12,10.4,77,0.4,449,0,OK,,,,,
2026-05-04 3:54:28,10.4,77,1.8,449,0,OK,,,,,
2026-05-04 3:54:44,10.4,77,1.1,449,0,OK,,,,,
2026-05-04 3:55:00,10.4,77,0.8,449,0,OK,,,,,
2026-05-04 3:55:16,10.4,77,2.2,449,0,OK,,,,,
2026-05-04 3:55:32,10.5,77,0.3,449,0,OK,,,,,
2026-05-04 3:55:48,10.5,77,0,449,0,OK,,,,,
2026-05-04 3:56:04,10.4,77,0.4,449,0,OK,,,,,
2026-05-04 3:56:20,10.4,77,1,449,0,OK,,,,,
2026-05-04 3:56:36,11.1,77,0,449,0,OK,,,,,
2026-05-04 3:56:52,10.4,77,0,449,0,OK,,,,,
2026-05-04 3:57:08,10.4,77,0.1,449,0,OK,,,,,
2026-05-04 3:57:24,10.4,77,0.4,449,0,OK,,,,,
2026-05-04 3:57:40,10.4,77,1,449,0,OK,,,,,
2026-05-04 3:57:56,10.4,77,1.3,449,0,OK,,,,,
2026-05-04 3:58:12,10.4,77,1.5,449,0,OK,,,,,
2026-05-04 3:58:28,10.4,77,1.1,449,0,OK,,,,,
2026-05-04 3:58:44,-40,0,0,0,0,OK,,,,,
2026-05-04 3:59:00,10.4,78,1.3,449,0,OK,,,,,
2026-05-04 3:59:16,10.5,77,0.6,449,0,OK,,,,,
2026-05-04 3:59:32,10.5,77,0.7,449,0,OK,,,,,
2026-05-04 3:59:48,10.4,77,2,449,0,OK,,,,,
2026-05-04 4:00:04,10.5,77,1.3,449,0,OK,,,,,
2026-05-04 4:00:20,10.5,77,0.1,449,0,OK,,,,,
2026-05-04 4:00:36,10.5,77,1.4,449,0,OK,,,,,
2026-05-04 4:00:52,10.6,77,0.4,449,0,OK,,,,,
2026-05-04 4:01:08,10.5,77,0.3,449,0,OK,,,,,
2026-05-04 4:01:24,10.6,77,0.8,449,0,OK,,,,,
2026-05-04 4:01:40,10.5,77,0.8,449,0,OK,,,,,
2026-05-04 4:01:56,10.5,77,0.1,449,0,OK,,,,,
2026-05-04 4:02:12,10.5,77,0,449,0,OK,,,,,
2026-05-04 4:02:28,10.5,77,0,449,0,OK,,,,,
2026-05-04 4:02:44,10.5,78,0.4,449,0,OK,,,,,
2026-05-04 4:03:00,10.5,78,0.3,449,0,OK,,,,,
2026-05-04 4:03:16,10.5,77,0,449,0,OK,,,,,
2026-05-04 4:03:32,10.5,78,0.8,449,0,OK,,,,,
2026-05-04 4:03:48,10.5,78,0.1,449,0,OK,,,,,
2026-05-04 4:04:04,10.5,78,0,449,0,OK,,,,,
2026-05-04 4:04:20,10.5,78,0.4,449,0,OK,,,,,
2026-05-04 4:04:36,10.5,78,1,449,0,OK,,,,,
2026-05-04 4:04:52,10.5,78,0.1,449,0,OK,,,,,
2026-05-04 4:05:08,10.5,78,0.3,449,0,OK,,,,,
2026-05-04 4:05:40,10.5,78,0.4,449,0,OK,,,,,
2026-05-04 4:05:56,10.5,78,0.3,449,0,OK,,,,,
2026-05-04 4:06:12,10.5,78,0,449,0,OK,,,,,
2026-05-04 4:06:28,11.1,167,0,1985,0,OK,,,,,
2026-05-04 4:06:44,-40,0,0,0,0,OK,,,,,
2026-05-04 4:07:00,10.5,78,0.1,449,0,OK,,,,,
2026-05-04 4:07:16,10.5,78,0.7,449,0,OK,,,,,
2026-05-04 4:07:32,10.5,78,0.8,449,0,OK,,,,,
2026-05-04 4:07:48,10.5,78,1.1,449,0,OK,,,,,
2026-05-04 4:08:20,10.5,77,0.4,449,0,OK,,,,,
2026-05-04 4:08:36,10.5,77,0.1,449,0,OK,,,,,
2026-05-04 4:08:52,10.5,77,2,449,0,OK,,,,,
2026-05-04 4:09:08,10.6,77,1,449,0,OK,,,,,
2026-05-04 4:09:24,10.6,77,0.1,449,0,OK,,,,,
2026-05-04 4:09:40,-40,0,0,0,0,OK,,,,,
2026-05-04 4:09:56,10.6,77,1.1,449,0,OK,,,,,
2026-05-04 4:10:12,10.6,77,0.6,449,0,OK,,,,,
2026-05-04 4:10:28,10.7,77,1.5,449,0,OK,,,,,
2026-05-04 4:10:44,10.7,77,0.4,449,0,OK,,,,,
2026-05-04 4:11:00,10.6,77,2.2,449,0,OK,,,,,
2026-05-04 4:11:16,10.7,76,0.8,449,0,OK,,,,,
2026-05-04 4:11:32,10.6,76,0.3,449,0,OK,,,,,
2026-05-04 4:11:48,-40,0,0,0,0,OK,,,,,
2026-05-04 4:12:04,10.6,77,0.6,449,0,OK,,,,,
2026-05-04 4:12:20,10.6,76,1.3,449,0,OK,,,,,
2026-05-04 4:12:36,10.6,76,0,449,0,OK,,,,,
2026-05-04 4:12:52,10.6,76,0.1,449,0,OK,,,,,
2026-05-04 4:13:08,10.6,77,0.1,449,0,OK,,,,,
2026-05-04 4:13:24,10.6,77,0.6,449,0,OK,,,,,
2026-05-04 4:13:40,10.6,76,0.1,449,0,OK,,,,,
2026-05-04 4:13:56,10.6,76,0.3,449,0,OK,,,,,
2026-05-04 4:14:12,10.6,76,0.7,449,0,OK,,,,,
2026-05-04 4:14:28,10.6,76,1,449,0,OK,,,,,
2026-05-04 4:14:44,10.7,76,0.7,449,0,OK,,,,,
2026-05-04 4:15:00,-40,0,0,0,0,OK,,,,,
2026-05-04 4:15:16,10.7,76,0,449,0,OK,,,,,
2026-05-04 4:15:32,10.6,76,0,449,0,OK,,,,,
2026-05-04 4:15:48,10.6,77,0.4,449,0,OK,,,,,
2026-05-04 4:16:04,10.6,77,0.3,449,0,OK,,,,,
2026-05-04 4:16:20,10.6,77,0.6,449,0,OK,,,,,
2026-05-04 4:16:36,10.6,77,2.1,449,0,OK,,,,,
2026-05-04 4:16:52,10.7,77,2.2,449,0,OK,,,,,
2026-05-04 4:17:08,10.7,77,2,449,0,OK,,,,,
2026-05-04 4:17:24,10.8,77,1.7,449,0,OK,,,,,
2026-05-04 4:17:40,10.8,77,0.6,449,0,OK,,,,,
2026-05-04 4:17:56,10.8,77,1.1,449,0,OK,,,,,
2026-05-04 4:18:12,10.9,77,2.4,449,0,OK,,,,,
2026-05-04 4:18:28,10.9,77,1.3,449,0,OK,,,,,
2026-05-04 4:18:44,10.9,78,2.4,449,0,OK,,,,,
2026-05-04 4:19:00,11,78,2.8,449,0,OK,,,,,
2026-05-04 4:19:16,11,78,1.1,449,0,OK,,,,,
2026-05-04 4:19:32,11,78,0,449,0,OK,,,,,
2026-05-04 4:19:48,11,78,0,449,0,OK,,,,,
2026-05-04 4:20:04,11,78,0.1,449,0,OK,,,,,
2026-05-04 4:20:20,11,78,0.8,449,0,OK,,,,,
2026-05-04 4:20:36,10.9,78,0.3,449,0,OK,,,,,
2026-05-04 4:20:52,11,78,0,449,0,OK,,,,,
2026-05-04 4:21:08,10.9,78,0.4,449,0,OK,,,,,
2026-05-04 4:21:24,10.9,78,0.3,449,0,OK,,,,,
2026-05-04 4:21:40,10.9,78,0,449,0,OK,,,,,
2026-05-04 4:21:56,10.9,78,0,449,0,OK,,,,,
2026-05-04 4:22:12,10.9,79,0,449,0,OK,,,,,
2026-05-04 4:22:28,10.9,79,0,449,0,OK,,,,,
2026-05-04 4:22:44,10.8,79,0.3,449,0,OK,,,,,
2026-05-04 4:23:00,10.8,79,0.3,449,0,OK,,,,,
2026-05-04 4:23:16,10.8,79,0.3,449,0,OK,,,,,
2026-05-04 4:23:32,10.8,79,0.4,449,0,OK,,,,,
2026-05-04 4:23:48,10.8,79,0.4,449,0,OK,,,,,
2026-05-04 4:24:04,10.8,79,0.1,449,0,OK,,,,,
2026-05-04 4:24:20,10.8,80,0,449,0,OK,,,,,
2026-05-04 4:24:36,10.8,80,0,449,0,OK,,,,,
2026-05-04 4:24:52,10.8,80,0,449,0,OK,,,,,
2026-05-04 4:25:08,10.8,80,0,449,0,OK,,,,,
2026-05-04 4:25:24,10.8,80,1.1,449,0,OK,,,,,
2026-05-04 4:25:40,10.8,80,1,449,0,OK,,,,,
2026-05-04 4:25:56,10.8,80,0.1,449,0,OK,,,,,
2026-05-04 4:26:12,10.8,80,0,449,0,OK,,,,,
2026-05-04 4:26:28,10.8,80,0.8,449,0,OK,,,,,
2026-05-04 4:26:44,10.8,80,0.1,449,0,OK,,,,,
2026-05-04 4:27:00,10.8,80,0,449,0,OK,,,,,
2026-05-04 4:27:16,10.8,80,0,449,0,OK,,,,,
2026-05-04 4:27:32,10.8,81,0.1,449,0,OK,,,,,
2026-05-04 4:27:48,10.8,81,0.1,449,0,OK,,,,,
2026-05-04 4:28:04,10.8,81,0,449,0,OK,,,,,
2026-05-04 4:28:20,10.8,81,0,449,0,OK,,,,,
2026-05-04 4:28:36,10.8,81,0.1,449,0,OK,,,,,
2026-05-04 4:28:52,10.8,81,0.7,449,0,OK,,,,,
2026-05-04 4:29:08,10.8,82,0,449,0,OK,,,,,
2026-05-04 4:29:24,10.7,82,0,449,0,OK,,,,,
2026-05-04 4:29:40,10.7,82,0,449,0,OK,,,,,
2026-05-04 4:29:56,10.7,82,0,449,0,OK,,,,,
2026-05-04 4:30:12,10.7,82,0,449,0,OK,,,,,
2026-05-04 4:30:28,10.7,82,0.7,449,0,OK,,,,,
2026-05-04 4:30:44,10.8,82,0.3,449,0,OK,,,,,
2026-05-04 4:31:00,10.7,82,0,449,0,OK,,,,,
2026-05-04 4:31:16,10.8,82,0,449,0,OK,,,,,
2026-05-04 4:31:32,-40,0,0,0,0,OK,,,,,
2026-05-04 4:31:48,10.7,82,0.1,449,0,OK,,,,,
2026-05-04 4:32:04,10.7,82,0,449,0,OK,,,,,
2026-05-04 4:32:20,10.7,82,0.1,449,0,OK,,,,,
2026-05-04 4:32:36,10.7,82,1.5,449,0,OK,,,,,
2026-05-04 4:32:52,10.7,83,2,449,0,OK,,,,,
2026-05-04 4:33:08,-40,0,0,0,0,OK,,,,,
2026-05-04 4:33:24,10.8,83,0.1,449,0,OK,,,,,
2026-05-04 4:33:40,10.8,83,0.3,449,0,OK,,,,,
2026-05-04 4:33:56,10.8,83,2.7,449,0,OK,,,,,
2026-05-04 4:34:12,10.9,83,1,449,0,OK,,,,,
2026-05-04 4:34:28,-40,0,0,0,0,OK,,,,,
2026-05-04 4:34:44,10.9,83,0.3,449,0,OK,,,,,
2026-05-04 4:35:00,10.9,83,0.1,449,0,OK,,,,,
2026-05-04 4:35:16,10.9,83,0.1,449,0,OK,,,,,
2026-05-04 4:35:32,10.9,83,0,449,0,OK,,,,,
2026-05-04 4:35:48,10.9,83,0,449,0,OK,,,,,
2026-05-04 4:36:04,10.9,83,0.1,449,0,OK,,,,,
2026-05-04 4:36:20,-40,0,0,0,0,OK,,,,,
2026-05-04 4:36:36,10.9,83,0.3,449,0,OK,,,,,
2026-05-04 4:36:52,-40,0,0,0,0,OK,,,,,
2026-05-04 4:37:08,10.9,83,0.3,449,0,OK,,,,,
2026-05-04 4:37:24,10.9,83,0,449,0,OK,,,,,
2026-05-04 4:37:40,10.9,83,0.4,449,0,OK,,,,,
2026-05-04 4:37:56,10.9,83,1,449,0,OK,,,,,
2026-05-04 4:38:12,10.9,83,0.7,449,0,OK,,,,,
2026-05-04 4:38:28,10.8,84,0.7,449,0,OK,,,,,
2026-05-04 4:38:44,10.9,84,0,449,0,OK,,,,,
2026-05-04 4:39:00,10.9,84,0.6,449,0,OK,,,,,
2026-05-04 4:39:16,10.9,84,0.6,449,0,OK,,,,,
2026-05-04 4:39:32,10.9,84,1,449,0,OK,,,,,
2026-05-04 4:39:48,10.9,84,1,449,0,OK,,,,,
2026-05-04 4:40:04,10.9,84,0.3,449,0,OK,,,,,
2026-05-04 4:40:20,10.9,84,0.6,449,0,OK,,,,,
2026-05-04 4:40:36,10.9,84,0,449,0,OK,,,,,
2026-05-04 4:40:52,10.9,84,0.4,449,0,OK,,,,,
2026-05-04 4:41:08,-40,0,0,0,0,OK,,,,,
2026-05-04 4:41:24,10.9,84,0,449,0,OK,,,,,
2026-05-04 4:41:40,-40,0,0,0,0,OK,,,,,
2026-05-04 4:41:56,10.9,84,0,449,0,OK,,,,,
2026-05-04 4:42:12,10.9,84,1,449,0,OK,,,,,
2026-05-04 4:42:28,10.9,84,0,449,0,OK,,,,,
2026-05-04 4:42:44,-40,0,0,0,0,OK,,,,,
2026-05-04 4:43:00,10.8,84,0,449,0,OK,,,,,
2026-05-04 4:43:16,10.8,84,0.6,449,0,OK,,,,,
2026-05-04 4:43:32,10.8,84,0.6,449,0,OK,,,,,
2026-05-04 4:43:48,10.8,84,0.6,449,0,OK,,,,,
2026-05-04 4:44:04,10.8,84,0.3,449,0,OK,,,,,
2026-05-04 4:44:20,10.8,84,0.1,449,0,OK,,,,,
2026-05-04 4:44:36,10.8,84,0.4,449,0,OK,,,,,
2026-05-04 4:44:52,10.8,84,0.4,449,0,OK,,,,,
2026-05-04 4:45:08,10.9,84,0.4,449,0,OK,,,,,
2026-05-04 4:45:24,10.8,84,1.1,449,0,OK,,,,,
2026-05-04 4:45:40,10.8,85,1.3,449,0,OK,,,,,
2026-05-04 4:45:56,10.9,85,1.1,449,0,OK,,,,,
2026-05-04 4:46:12,10.9,85,0.1,449,0,OK,,,,,
2026-05-04 4:46:28,10.9,85,1.3,449,0,OK,,,,,
2026-05-04 4:46:44,10.9,85,1.4,449,0,OK,,,,,
2026-05-04 4:47:00,10.9,85,0.7,449,0,OK,,,,,
2026-05-04 4:47:16,10.9,85,0.4,449,0,OK,,,,,
2026-05-04 4:47:32,11,85,0.3,449,0,OK,,,,,
2026-05-04 4:47:48,11,85,0.3,449,0,OK,,,,,
2026-05-04 4:48:04,10.9,85,0.1,449,0,OK,,,,,
2026-05-04 4:48:20,11,85,1,449,0,OK,,,,,
2026-05-04 4:48:36,11,85,0.1,449,0,OK,,,,,
2026-05-04 4:48:52,11,85,0.6,449,0,OK,,,,,
2026-05-04 4:49:08,11,85,0.6,449,0,OK,,,,,
2026-05-04 4:49:24,11,85,0.7,449,0,OK,,,,,
2026-05-04 4:49:40,11,85,0.3,449,0,OK,,,,,
2026-05-04 4:49:56,11,85,0.7,449,0,OK,,,,,
2026-05-04 4:50:12,11,85,0.1,449,0,OK,,,,,
2026-05-04 4:50:28,11,85,0.1,449,0,OK,,,,,
2026-05-04 4:50:44,11,85,0.8,449,0,OK,,,,,
2026-05-04 4:51:00,11,85,0.3,449,0,OK,,,,,
2026-05-04 4:51:16,11,85,0.1,449,0,OK,,,,,
2026-05-04 4:51:32,11,85,0.1,449,0,OK,,,,,
2026-05-04 4:51:48,11,85,0.1,449,0,OK,,,,,
2026-05-04 4:52:04,11,85,0,449,0,OK,,,,,
2026-05-04 4:52:20,10.9,85,0,449,0,OK,,,,,
2026-05-04 4:52:36,10.9,85,0.7,449,0,OK,,,,,
2026-05-04 4:53:08,10.9,85,0,449,0,OK,,,,,
2026-05-04 4:53:24,10.9,85,0.6,449,0,OK,,,,,
2026-05-04 4:53:40,10.9,85,0.3,449,0,OK,,,,,
2026-05-04 4:53:56,10.9,85,0.1,449,0,OK,,,,,
2026-05-04 4:54:12,10.9,85,0.1,449,0,OK,,,,,
2026-05-04 4:54:28,10.9,85,0,449,0,OK,,,,,
2026-05-04 4:54:44,10.9,85,0.3,449,0,OK,,,,,
2026-05-04 4:55:00,10.9,85,0,449,0,OK,,,,,
2026-05-04 4:55:16,10.9,85,0,449,0,OK,,,,,
2026-05-04 4:55:32,10.9,85,0.4,449,0,OK,,,,,
2026-05-04 4:55:48,10.9,85,0.1,449,0,OK,,,,,
2026-05-04 4:56:04,10.9,85,0.3,449,0,OK,,,,,
2026-05-04 4:56:20,10.9,85,1.1,449,0,OK,,,,,
2026-05-04 4:56:36,10.9,85,0.1,449,0,OK,,,,,
2026-05-04 4:56:52,10.9,85,0.6,449,0,OK,,,,,
2026-05-04 4:57:08,10.9,85,1.5,449,0,OK,,,,,
2026-05-04 4:57:24,10.9,85,1.4,449,0,OK,,,,,
2026-05-04 4:57:40,10.9,85,0.3,449,0,OK,,,,,
2026-05-04 4:57:56,10.9,85,1.5,449,0,OK,,,,,
2026-05-04 4:58:12,10.9,85,0.7,449,0,OK,,,,,
2026-05-04 4:58:28,10.9,85,1,449,0,OK,,,,,
2026-05-04 4:58:44,11,85,0.7,449,0,OK,,,,,
2026-05-04 4:59:00,10.9,85,0.4,449,0,OK,,,,,
2026-05-04 4:59:16,10.9,85,0,449,0,OK,,,,,
2026-05-04 4:59:32,10.9,85,0,449,0,OK,,,,,
2026-05-04 4:59:48,10.9,85,0.4,449,0,OK,,,,,
2026-05-04 5:00:04,10.9,85,0.3,449,0,OK,,,,,
2026-05-04 5:00:20,10.9,85,0.6,449,0,OK,,,,,
2026-05-04 5:00:36,10.9,85,0.7,2032,842137.6,OK,,,,,
2026-05-04 5:00:52,10.9,85,0.6,449,0,OK,,,,,
2026-05-04 5:01:08,10.9,85,0,449,0,OK,,,,,
2026-05-04 5:01:24,10.9,85,0,449,0,OK,,,,,
2026-05-04 5:01:40,10.9,85,0.8,449,0,OK,,,,,
2026-05-04 5:01:56,10.9,85,0.3,449,0,OK,,,,,
2026-05-04 5:02:12,10.9,85,0.7,449,0,OK,,,,,
2026-05-04 5:02:28,10.9,85,2.5,449,0,OK,,,,,
2026-05-04 5:02:44,11,85,1.1,449,12.8,OK,,,,,
2026-05-04 5:03:00,-40,0,0,0,0,OK,,,,,
2026-05-04 5:03:16,11,85,1.5,449,0,OK,,,,,
2026-05-04 5:03:32,11,85,2.2,449,0,OK,,,,,
2026-05-04 5:03:48,11,85,0.3,449,0,OK,,,,,
2026-05-04 5:04:04,11,85,0.4,449,0,OK,,,,,
2026-05-04 5:04:20,11,85,0.8,449,0,OK,,,,,
2026-05-04 5:04:36,11,85,0.7,449,0,OK,,,,,
2026-05-04 5:04:52,11,85,1.7,449,0,OK,,,,,
2026-05-04 5:05:08,11,85,0.7,449,0,OK,,,,,
2026-05-04 5:05:24,11,85,1,449,0,OK,,,,,
2026-05-04 5:05:40,11,85,0,451,0,OK,,,,,
2026-05-04 5:05:56,11,85,0.3,449,0,OK,,,,,
2026-05-04 5:06:12,-40,0,0,0,0,OK,,,,,
2026-05-04 5:06:28,11,85,0,449,0,OK,,,,,
2026-05-04 5:06:44,11,85,0.4,449,0,OK,,,,,
2026-05-04 5:07:00,11,85,0.6,449,0,OK,,,,,
2026-05-04 5:07:16,11,85,1.4,449,0,OK,,,,,
2026-05-04 5:07:32,11,85,2.5,449,0,OK,,,,,
2026-05-04 5:07:48,11,84,0.8,449,0,OK,,,,,
2026-05-04 5:08:04,11,84,1,449,0,OK,,,,,
2026-05-04 5:08:20,11,84,1.1,449,0,OK,,,,,
2026-05-04 5:08:36,11,84,1.4,449,0,OK,,,,,
2026-05-04 5:08:52,11,84,0.1,449,0,OK,,,,,
2026-05-04 5:09:08,11,84,0.1,449,0,OK,,,,,
2026-05-04 5:09:24,11,84,0.8,449,0,OK,,,,,
2026-05-04 5:09:40,11,84,1.1,449,0,OK,,,,,
2026-05-04 5:09:56,11,84,1.3,449,0,OK,,,,,
2026-05-04 5:10:12,11.1,84,1.3,449,0,OK,,,,,
2026-05-04 5:10:28,11.1,84,1.4,449,0,OK,,,,,
2026-05-04 5:10:44,11.1,84,0.4,449,0,OK,,,,,
2026-05-04 5:11:00,11.1,84,0.1,449,0,OK,,,,,
2026-05-04 5:11:16,11.1,84,0.6,449,0,OK,,,,,
2026-05-04 5:11:32,-40,0,0,0,0,OK,,,,,
2026-05-04 5:11:48,11.1,84,0.4,449,0,OK,,,,,
2026-05-04 5:12:04,11.1,84,0.6,449,0,OK,,,,,
2026-05-04 5:12:20,11.1,84,1.8,449,0,OK,,,,,
2026-05-04 5:12:36,11.1,84,0.7,449,0,OK,,,,,
2026-05-04 5:12:52,11.1,84,1.7,449,0,OK,,,,,
2026-05-04 5:13:08,11.1,84,0.1,449,0,OK,,,,,
2026-05-04 5:13:24,11.1,84,0.7,449,0,OK,,,,,
2026-05-04 5:13:40,11.1,84,4.2,449,0,OK,,,,,
2026-05-04 5:13:56,-40,0,0,0,0,OK,,,,,
2026-05-04 5:14:12,11.1,84,1.7,449,0,OK,,,,,
2026-05-04 5:14:28,11.1,84,0.7,449,0,OK,,,,,
2026-05-04 5:14:44,11.1,84,0.3,449,0,OK,,,,,
2026-05-04 5:15:00,11.1,84,1,449,0,OK,,,,,
2026-05-04 5:15:16,11.1,84,0.7,449,0,OK,,,,,
2026-05-04 5:15:32,11.1,84,0.6,449,0,OK,,,,,
2026-05-04 5:15:48,11.1,84,1.4,449,0,OK,,,,,
2026-05-04 5:16:04,11.1,84,1.1,449,0,OK,,,,,
2026-05-04 5:16:20,11.1,84,0,449,0,OK,,,,,
2026-05-04 5:16:36,11.1,84,0.4,449,0,OK,,,,,
2026-05-04 5:16:52,11.1,84,0.4,449,0,OK,,,,,
2026-05-04 5:17:08,11,84,0.3,449,0,OK,,,,,
2026-05-04 5:17:24,11,84,0.8,449,0,OK,,,,,
2026-05-04 5:17:40,11,84,2.5,449,0,OK,,,,,
2026-05-04 5:17:56,11.1,84,1.8,449,0,OK,,,,,
2026-05-04 5:18:12,11,84,1.3,449,0,OK,,,,,
2026-05-04 5:18:28,11,84,0.7,449,0,OK,,,,,
2026-05-04 5:18:44,11,84,1.8,449,0,OK,,,,,
2026-05-04 5:19:00,11,84,0.7,449,0,OK,,,,,
2026-05-04 5:19:16,11.1,84,1,449,0,OK,,,,,
2026-05-04 5:19:32,11.1,83,1.1,449,0,OK,,,,,
2026-05-04 5:19:48,11.1,83,1.1,449,0,OK,,,,,
2026-05-04 5:20:04,11.1,83,1,449,0,OK,,,,,
2026-05-04 5:20:20,11.1,83,0.6,449,0,OK,,,,,
2026-05-04 5:20:36,11.1,84,0.3,449,0,OK,,,,,
2026-05-04 5:20:52,11.1,84,1.3,449,0,OK,,,,,
2026-05-04 5:21:08,11.1,83,1.7,449,0,OK,,,,,
2026-05-04 5:21:24,11.1,83,1.4,449,0,OK,,,,,
2026-05-04 5:21:40,11.1,83,1,449,0,OK,,,,,
2026-05-04 5:21:56,11.1,83,1.3,449,0,OK,,,,,
2026-05-04 5:22:12,11.1,83,0.3,449,0,OK,,,,,
2026-05-04 5:22:28,11.1,83,1.5,449,0,OK,,,,,
2026-05-04 5:22:44,11.1,83,0.4,449,0,OK,,,,,
2026-05-04 5:23:00,11.1,83,0.3,449,0,OK,,,,,
2026-05-04 5:23:16,11.1,83,0.6,449,0,OK,,,,,
2026-05-04 5:23:32,11.1,83,1.3,449,0,OK,,,,,
2026-05-04 5:23:48,11.1,83,1.5,449,0,OK,,,,,
2026-05-04 5:24:04,11.1,83,2.1,449,0,OK,,,,,
2026-05-04 5:24:20,-40,0,0,0,0,OK,,,,,
2026-05-04 5:24:36,11.1,83,0.8,449,0,OK,,,,,
2026-05-04 5:24:52,11.1,83,1.1,449,0,OK,,,,,
2026-05-04 5:25:08,11.1,83,1.3,449,0,OK,,,,,
2026-05-04 5:25:24,11.1,83,1.1,449,0,OK,,,,,
2026-05-04 5:25:40,11.1,83,1.1,449,0,OK,,,,,
2026-05-04 5:25:56,11.1,83,2.1,449,0,OK,,,,,
2026-05-04 5:26:12,11.1,83,0.8,449,0,OK,,,,,
2026-05-04 5:26:28,11.1,83,0.4,449,0,OK,,,,,
2026-05-04 5:26:44,11.1,83,2,449,0,OK,,,,,
2026-05-04 5:27:00,-40,0,0,0,0,OK,,,,,
2026-05-04 5:27:16,11.1,83,1,449,0,OK,,,,,
2026-05-04 5:27:32,11.1,83,1.5,449,0,OK,,,,,
2026-05-04 5:27:48,11.1,83,1.3,449,0,OK,,,,,
2026-05-04 5:28:04,11.1,83,1.1,449,0,OK,,,,,
2026-05-04 5:28:20,-40,0,0,0,0,OK,,,,,
2026-05-04 5:28:36,11.1,83,2.4,449,0,OK,,,,,
2026-05-04 5:28:52,11.1,83,0.7,449,0,OK,,,,,
2026-05-04 5:29:08,11.1,83,0.6,449,0,OK,,,,,
2026-05-04 5:29:24,11.1,83,0.7,449,0,OK,,,,,
2026-05-04 5:29:40,11.1,83,0.7,449,0,OK,,,,,
2026-05-04 5:29:56,11.1,83,1,449,0,OK,,,,,
2026-05-04 5:30:12,11.1,83,1.1,449,0,OK,,,,,
2026-05-04 5:30:28,11.1,83,2,449,0,OK,,,,,
2026-05-04 5:30:44,11.1,83,1.4,449,0,OK,,,,,
2026-05-04 5:31:00,-40,0,0,0,0,OK,,,,,
2026-05-04 5:31:16,11.1,83,0,449,0,OK,,,,,
2026-05-04 5:31:32,11.1,83,0.1,449,0,OK,,,,,
2026-05-04 5:31:48,11.1,83,0.7,449,0,OK,,,,,
2026-05-04 5:32:04,11.1,83,0.4,449,0,OK,,,,,
2026-05-04 5:32:20,-40,0,0,0,0,OK,,,,,
2026-05-04 5:32:36,11.1,83,1,449,0,OK,,,,,
2026-05-04 5:32:52,11.1,83,0.1,449,0,OK,,,,,
2026-05-04 5:33:08,-40,0,0,0,0,OK,,,,,
2026-05-04 5:33:24,11.1,83,0.6,449,0,OK,,,,,
2026-05-04 5:33:40,11.1,83,1.4,449,0,OK,,,,,
2026-05-04 5:33:56,11.1,83,0.7,449,0,OK,,,,,
2026-05-04 5:34:12,11.1,83,0.3,449,0,OK,,,,,
2026-05-04 5:34:28,11.1,83,0.3,449,0,OK,,,,,
2026-05-04 5:34:44,11.1,83,1.4,449,0,OK,,,,,
2026-05-04 5:35:00,11.1,83,1.3,449,0,OK,,,,,
2026-05-04 5:35:16,11.1,83,0.1,449,0,OK,,,,,
2026-05-04 5:35:32,11.2,83,0,449,0,OK,,,,,
2026-05-04 5:35:48,11.2,83,1,449,0,OK,,,,,
2026-05-04 5:36:20,11.1,83,0,449,0,OK,,,,,
2026-05-04 5:36:36,11.1,83,0,449,0,OK,,,,,
2026-05-04 5:36:52,11.1,83,1.3,449,0,OK,,,,,
2026-05-04 5:37:08,11.1,83,1.7,449,0,OK,,,,,
2026-05-04 5:37:24,11.1,83,1.4,449,0,OK,,,,,
2026-05-04 5:37:40,11.2,83,1.1,449,0,OK,,,,,
2026-05-04 5:37:56,11.2,83,0,449,0,OK,,,,,
2026-05-04 5:38:12,11.2,83,0,449,0,OK,,,,,
2026-05-04 5:38:28,11.1,83,0,449,0,OK,,,,,
2026-05-04 5:38:44,11.1,83,0,449,0,OK,,,,,
2026-05-04 5:39:00,11.1,83,0,449,0,OK,,,,,
2026-05-04 5:39:16,11.1,83,0.6,449,0,OK,,,,,
2026-05-04 5:39:32,11.1,83,0.3,449,0,OK,,,,,
2026-05-04 5:39:48,11.1,83,0.3,449,0,OK,,,,,
2026-05-04 5:40:04,11.1,83,0.1,449,0,OK,,,,,
2026-05-04 5:40:20,11.1,84,0.7,449,0,OK,,,,,
2026-05-04 5:40:36,11.1,84,0.8,449,13.8,OK,,,,,
2026-05-04 5:40:52,11.1,83,0,449,27.7,OK,,,,,
2026-05-04 5:41:08,11,83,0.6,449,46.2,OK,,,,,
2026-05-04 5:41:24,11,84,0.3,449,64.7,OK,,,,,
2026-05-04 5:41:40,11,84,0,449,78.6,OK,,,,,
2026-05-04 5:41:56,11,84,0.1,449,97.1,OK,,,,,
2026-05-04 5:42:12,11,84,2.1,449,115.6,OK,,,,,
2026-05-04 5:42:28,11,84,1.4,449,129.5,OK,,,,,
2026-05-04 5:42:44,11.1,83,0.8,449,148,OK,,,,,
2026-05-04 5:43:00,-40,0,0,0,0,OK,,,,,
2026-05-04 5:43:16,11.1,83,0.4,449,185,OK,,,,,
2026-05-04 5:43:32,11.1,83,0,449,203.5,OK,,,,,
2026-05-04 5:43:48,11.1,83,0,449,222,OK,,,,,
2026-05-04 5:44:04,11.1,83,0.4,449,245.1,OK,,,,,
2026-05-04 5:44:20,11.1,83,1,449,259,OK,,,,,
2026-05-04 5:44:36,11.1,83,0.3,449,282.1,OK,,,,,
2026-05-04 5:44:52,11.1,83,0.7,449,300.6,OK,,,,,
2026-05-04 5:45:08,11.1,83,0.1,449,323.7,OK,,,,,
2026-05-04 5:45:24,-40,0,0,0,0,OK,,,,,
2026-05-04 5:45:40,11,83,0.3,449,365.3,OK,,,,,
2026-05-04 5:46:12,11,83,0,449,411.6,OK,,,,,
2026-05-04 5:46:28,11.1,83,0.1,449,434.7,OK,,,,,
2026-05-04 5:46:44,11,83,0,449,457.8,OK,,,,,
2026-05-04 5:47:00,11.1,83,0,449,485.6,OK,,,,,
2026-05-04 5:47:16,11,83,0.1,449,508.7,OK,,,,,
2026-05-04 5:47:32,11,83,1.8,449,536.5,OK,,,,,
2026-05-04 5:47:48,11,83,1.4,449,564.2,OK,,,,,
2026-05-04 5:48:04,11,83,0.7,449,592,OK,,,,,
2026-05-04 5:48:20,11.1,83,0.1,449,615.1,OK,,,,,
2026-05-04 5:48:36,11.1,83,0.6,449,582.7,OK,,,,,
2026-05-04 5:48:52,11.1,83,1.8,449,611.8,OK,,,,,
2026-05-04 5:49:08,11.1,83,0.3,449,641,OK,,,,,
2026-05-04 5:49:24,11.1,83,0.4,449,674.3,OK,,,,,
2026-05-04 5:49:40,-40,0,0,0,0,OK,,,,,
2026-05-04 5:49:56,11.1,83,0,449,740.9,OK,,,,,
2026-05-04 5:50:12,11.1,83,0,449,778.3,OK,,,,,
2026-05-04 5:50:28,11.1,83,0.4,449,815.8,OK,,,,,
2026-05-04 5:50:44,11.1,83,0.3,449,853.3,OK,,,,,
2026-05-04 5:51:00,11.1,83,0.1,449,894.9,OK,,,,,
2026-05-04 5:51:16,-40,0,0,0,0,OK,,,,,
2026-05-04 5:51:32,11.1,83,0.4,449,986.5,OK,,,,,
2026-05-04 5:51:48,11.1,83,1.3,449,1036.4,OK,,,,,
2026-05-04 5:52:04,11.1,83,8.7,24816,1086.4,OK,,,,,
2026-05-04 5:52:20,11.1,83,0.8,449,1136.3,OK,,,,,
2026-05-04 5:52:36,11.1,83,0,449,1190.4,OK,,,,,
2026-05-04 5:52:52,11.1,83,0,449,1248.7,OK,,,,,
2026-05-04 5:53:08,-40,0,0,0,0,OK,,,,,
2026-05-04 5:53:24,11.1,83,0,449,1365.3,OK,,,,,
2026-05-04 5:53:40,11.1,83,0.1,449,1423.5,OK,,,,,
2026-05-04 5:53:56,11.1,83,0.1,449,1486,OK,,,,,
2026-05-04 5:54:12,11.1,83,0,449,1544.2,OK,,,,,
2026-05-04 5:54:28,-40,0,0,0,0,OK,,,,,
2026-05-04 5:54:44,-40,0,0,0,0,OK,,,,,
2026-05-04 5:55:00,11.1,83,0.4,449,1719.1,OK,,,,,
2026-05-04 5:55:16,11.1,83,0.1,449,1777.3,OK,,,,,
2026-05-04 5:55:32,11.2,83,0,449,1624.3,OK,,,,,
2026-05-04 5:55:48,11.2,83,0,449,1668.7,OK,,,,,
2026-05-04 5:56:04,11.2,83,0,449,1716.8,OK,,,,,
2026-05-04 5:56:20,11.2,83,1,449,2003.7,OK,,,,,
2026-05-04 5:56:36,11.2,83,0.3,449,5323,OK,,,,,
2026-05-04 5:56:52,-40,0,0,0,0,OK,,,,,
2026-05-04 5:57:08,11.2,82,0.3,449,2114.7,OK,,,,,
2026-05-04 5:57:24,11.2,82,0.4,449,2148,OK,,,,,
2026-05-04 5:57:40,11.2,82,1.4,449,2185,OK,,,,,
2026-05-04 5:57:56,11.3,82,2.1,449,2214.6,OK,,,,,
2026-05-04 5:58:12,11.3,82,1.5,449,2247.9,OK,,,,,
2026-05-04 5:58:28,11.3,82,0.8,449,2274.2,OK,,,,,
2026-05-04 5:58:44,11.4,82,1.1,449,2303.4,OK,,,,,
2026-05-04 5:59:00,11.3,81,1.7,449,2329.3,OK,,,,,
2026-05-04 5:59:16,11.4,81,1.4,449,2358.9,OK,,,,,
2026-05-04 5:59:32,11.4,81,0.8,449,2384.8,OK,,,,,
2026-05-04 5:59:48,11.4,81,1.3,449,2410.7,OK,,,,,
2026-05-04 6:00:04,11.4,81,0.4,449,2436.6,OK,,,,,
2026-05-04 6:00:20,11.4,81,2.2,449,2466.2,OK,,,,,
2026-05-04 6:00:36,11.4,81,0.4,449,2492.1,OK,,,,,
2026-05-04 6:00:52,11.4,81,2,449,2518,OK,,,,,
2026-05-04 6:01:08,11.5,81,1.4,449,360241.3,OK,,,,,
2026-05-04 6:01:24,11.4,81,2.7,449,2566.1,OK,,,,,
2026-05-04 6:01:40,11.5,81,3.8,449,2588.3,OK,,,,,
2026-05-04 6:01:56,-40,0,0,0,0,OK,,,,,
2026-05-04 6:02:12,11.5,81,2,449,2632.7,OK,,,,,
2026-05-04 6:02:28,11.5,81,0.8,449,2654.9,OK,,,,,
2026-05-04 6:02:44,11.5,81,2.9,449,2677.1,OK,,,,,
2026-05-04 6:03:00,11.5,81,1.3,449,2699.3,OK,,,,,
2026-05-04 6:03:16,-40,0,0,0,0,OK,,,,,
2026-05-04 6:03:32,11.5,81,2.2,449,2754.8,OK,,,,,
2026-05-04 6:03:48,11.6,81,2.1,449,2784.4,OK,,,,,
2026-05-04 6:04:04,11.6,252,0.8,449,2810.3,OK,,,,,
2026-05-04 6:04:20,11.6,81,2.1,449,2847.3,OK,,,,,
2026-05-04 6:04:36,11.6,81,0.6,449,2880.6,OK,,,,,
2026-05-04 6:04:52,11.6,81,3.2,449,3071.2,OK,,,,,
2026-05-04 6:05:08,11.6,81,1.5,449,6534.9,OK,,,,,
2026-05-04 6:05:40,11.6,81,1.4,449,3021.2,OK,,,,,
2026-05-04 6:05:56,-40,0,0,0,0,OK,,,,,
2026-05-04 6:06:12,11.6,81,1.1,449,3087.8,OK,,,,,
2026-05-04 6:06:28,11.6,81,2.8,449,3121.1,OK,,,,,
2026-05-04 6:06:44,-40,0,0,0,0,OK,,,,,
2026-05-04 6:07:00,11.7,81,1.8,449,3187.7,OK,,,,,
2026-05-04 6:07:16,-40,0,0,0,0,OK,,,,,
2026-05-04 6:07:32,-40,0,0,0,0,OK,,,,,
2026-05-04 6:07:48,11.7,80,1.1,449,3302.4,OK,,,,,
2026-05-04 6:08:04,11.7,80,0.3,449,3339.4,OK,,,,,
2026-05-04 6:08:20,11.6,80,1.5,449,3383.8,OK,,,,,
2026-05-04 6:08:36,-40,0,0,0,0,OK,,,,,
2026-05-04 6:08:52,11.7,80,0.7,449,3454.1,OK,,,,,
2026-05-04 6:09:08,11.6,80,0.7,449,3491.1,OK,,,,,
2026-05-04 6:09:24,11.6,80,2.7,449,3528.1,OK,,,,,
2026-05-04 6:09:40,11.6,80,2.2,449,3568.8,OK,,,,,
2026-05-04 6:09:56,11.7,80,1.5,449,3605.8,OK,,,,,
2026-05-04 6:10:12,11.6,80,1.5,449,3639.1,OK,,,,,
2026-05-04 6:10:28,-40,0,0,0,0,OK,,,,,
2026-05-04 6:10:44,11.6,80,0.7,449,3705.7,OK,,,,,
2026-05-04 6:11:00,11.6,80,0.1,449,3731.6,OK,,,,,
2026-05-04 6:11:16,11.6,80,2,449,3753.8,OK,,,,,
2026-05-04 6:11:32,11.7,80,1.1,449,3779.7,OK,,,,,
2026-05-04 6:11:48,11.7,80,0.8,449,3805.6,OK,,,,,
2026-05-04 6:12:04,-40,0,0,0,0,OK,,,,,
2026-05-04 6:12:20,11.7,80,1.7,449,3838.9,OK,,,,,
2026-05-04 6:12:36,11.7,80,2.1,449,3853.7,OK,,,,,
2026-05-04 6:12:52,11.7,80,0.1,449,3864.8,OK,,,,,
2026-05-04 6:13:08,11.7,80,1.4,449,3879.6,OK,,,,,
2026-05-04 6:13:24,11.7,80,0.7,449,3898.1,OK,,,,,
2026-05-04 6:13:40,11.7,80,1.3,449,3912.9,OK,,,,,
2026-05-04 6:13:56,11.7,80,1.5,449,3935.1,OK,,,,,
2026-05-04 6:14:12,11.7,80,2,449,3942.5,OK,,,,,
2026-05-04 6:14:28,11.7,80,0.3,449,3957.3,OK,,,,,
2026-05-04 6:14:44,11.7,80,0.8,32737,3964.7,OK,,,,,
2026-05-04 6:15:00,-40,0,0,0,0,OK,,,,,
2026-05-04 6:15:16,11.6,80,0.8,449,3990.6,OK,,,,,
2026-05-04 6:15:32,11.6,80,1.1,449,4009.1,OK,,,,,
2026-05-04 6:15:48,11.7,80,1.5,449,4023.9,OK,,,,,
2026-05-04 6:16:04,11.7,80,2.5,449,4035,OK,,,,,
2026-05-04 6:16:20,11.7,80,1.5,449,4053.5,OK,,,,,
2026-05-04 6:16:36,11.7,80,2.5,449,4060.9,OK,,,,,
2026-05-04 6:17:08,11.7,80,2.5,449,4086.8,OK,,,,,
2026-05-04 6:17:24,11.7,80,1.7,449,4097.9,OK,,,,,
2026-05-04 6:17:40,11.7,80,1.1,449,4116.4,OK,,,,,
2026-05-04 6:17:56,-40,0,0,0,0,OK,,,,,
2026-05-04 6:18:12,11.7,80,0.4,449,4149.7,OK,,,,,
2026-05-04 6:18:28,11.7,80,0,449,4160.8,OK,,,,,
2026-05-04 6:18:44,11.7,80,1.4,449,4175.6,OK,,,,,
2026-05-04 6:19:00,11.7,80,2.4,449,4186.7,OK,,,,,
2026-05-04 6:19:16,11.7,80,1.3,449,4194.1,OK,,,,,
2026-05-04 6:19:32,-40,0,0,0,0,OK,,,,,
2026-05-04 6:19:48,-40,0,0,0,0,OK,,,,,
2026-05-04 6:20:04,11.7,80,0.6,449,4227.4,OK,,,,,
2026-05-04 6:20:20,11.7,80,1.8,449,4245.9,OK,,,,,
2026-05-04 6:20:36,11.7,80,1.1,449,4260.7,OK,,,,,
2026-05-04 6:20:52,11.6,80,0.6,449,4275.5,OK,,,,,
2026-05-04 6:21:08,-40,0,0,0,0,OK,,,,,
2026-05-04 6:21:24,11.7,80,0.8,449,4319.9,OK,,,,,
2026-05-04 6:21:40,11.6,80,1.3,449,4334.7,OK,,,,,
2026-05-04 6:21:56,11.6,80,1.4,449,4368,OK,,,,,
2026-05-04 6:22:12,11.6,80,2.2,449,4390.2,OK,,,,,
2026-05-04 6:22:28,11.6,80,1.7,449,4412.4,OK,,,,,
2026-05-04 6:22:44,11.6,80,1,449,4453.8,OK,,,,,
2026-05-04 6:23:00,-40,0,0,0,0,OK,,,,,
2026-05-04 6:23:16,11.6,80,0,449,4475.3,OK,,,,,
2026-05-04 6:23:32,11.6,80,0.1,449,4497.5,OK,,,,,
2026-05-04 6:23:48,11.6,80,2,449,4523.4,OK,,,,,
2026-05-04 6:24:04,11.6,80,2.1,449,4545.6,OK,,,,,
2026-05-04 6:24:20,11.6,80,2.9,449,4567.8,OK,,,,,
2026-05-04 6:24:36,11.7,80,0.7,449,4588.7,OK,,,,,
2026-05-04 6:24:52,11.6,80,0.1,449,4601.1,OK,,,,,
2026-05-04 6:25:08,11.6,80,0.4,449,4615.9,OK,,,,,
2026-05-04 6:25:24,11.6,80,2,449,4638.1,OK,,,,,
2026-05-04 6:25:40,11.6,80,0.7,449,4649.2,OK,,,,,
2026-05-04 6:25:56,11.6,80,0.3,449,4667.7,OK,,,,,
2026-05-04 6:26:12,11.6,80,0.3,449,4686.2,OK,,,,,
2026-05-04 6:26:28,11.6,80,0.6,449,4701,OK,,,,,
2026-05-04 6:26:44,11.6,80,0.6,449,4715.8,OK,,,,,
2026-05-04 6:27:00,11.7,80,0.3,449,4741.7,OK,,,,,
2026-05-04 6:27:16,-40,0,0,0,0,OK,,,,,
2026-05-04 6:27:32,11.6,80,0,449,4771.3,OK,,,,,
2026-05-04 6:27:48,11.6,80,0.4,449,4789.8,OK,,,,,
2026-05-04 6:28:04,11.6,80,1.4,449,4808.3,OK,,,,,
2026-05-04 6:28:20,11.6,80,1,449,4823.1,OK,,,,,
2026-05-04 6:28:36,11.6,80,1,449,4852.7,OK,,,,,
2026-05-04 6:28:52,11.6,80,0.1,449,4871.2,OK,,,,,
2026-05-04 6:29:08,11.6,80,1.5,449,4889.7,OK,,,,,
2026-05-04 6:29:24,-40,0,0,0,0,OK,,,,,
2026-05-04 6:29:40,11.6,79,0.3,449,4926.7,OK,,,,,
2026-05-04 6:29:56,11.6,79,0.4,449,4945.2,OK,,,,,
2026-05-04 6:30:12,11.6,80,2.1,449,4960,OK,,,,,
2026-05-04 6:30:28,-40,0,0,0,0,OK,,,,,
2026-05-04 6:31:00,11.6,79,1.4,449,5015.5,OK,,,,,
2026-05-04 6:31:16,11.7,79,2.1,449,5034,OK,,,,,
2026-05-04 6:31:32,11.7,79,0.7,449,5056.2,OK,,,,,
2026-05-04 6:31:48,11.7,79,8.7,449,5093.9,OK,,,,,
2026-05-04 6:32:04,-40,0,0,0,0,OK,,,,,
2026-05-04 6:32:20,11.7,79,0.4,449,5119.9,OK,,,,,
2026-05-04 6:32:36,11.7,79,0.4,449,5141.3,OK,,,,,
2026-05-04 6:32:52,-40,0,0,0,0,OK,,,,,
2026-05-04 6:33:08,-40,0,0,0,0,OK,,,,,
2026-05-04 6:33:24,11.7,79,1.3,449,5215.3,OK,,,,,
2026-05-04 6:33:40,-40,0,0,0,0,OK,,,,,
2026-05-04 6:33:56,-40,0,0,0,0,OK,,,,,
2026-05-04 6:34:12,-40,0,0,0,0,OK,,,,,
2026-05-04 6:34:28,11.7,79,1,449,5300.4,OK,,,,,
2026-05-04 6:34:44,11.7,79,0.1,449,5324.5,OK,,,,,
2026-05-04 6:35:00,11.7,79,0.3,449,5344.8,OK,,,,,
2026-05-04 6:35:16,11.7,79,2.4,449,5363.3,OK,,,,,
2026-05-04 6:35:32,-40,0,0,0,0,OK,,,,,
2026-05-04 6:35:48,11.7,79,1.4,449,5418.8,OK,,,,,
2026-05-04 6:36:04,11.7,79,0.4,449,5433.6,OK,,,,,
2026-05-04 6:36:20,-40,0,0,0,0,OK,,,,,
2026-05-04 6:36:36,11.7,79,0.8,449,5496.5,OK,,,,,
2026-05-04 6:36:52,-40,0,0,0,0,OK,,,,,
2026-05-04 6:37:08,11.7,79,0.1,449,5548.3,OK,,,,,
2026-05-04 6:37:24,-40,0,0,0,0,OK,,,,,
2026-05-04 6:37:40,11.7,79,2.1,449,5596.4,OK,,,,,
2026-05-04 6:37:56,11.7,79,1.1,449,5614.9,OK,,,,,
2026-05-04 6:38:12,11.7,79,2.8,449,5637.1,OK,,,,,
2026-05-04 6:38:28,-40,0,0,0,0,OK,,,,,
2026-05-04 6:38:44,11.8,79,1.1,449,5670.4,OK,,,,,
2026-05-04 6:39:00,11.8,79,1.5,449,5696.3,OK,,,,,
2026-05-04 6:39:32,11.8,79,1.8,449,5751.8,OK,,,,,
2026-05-04 6:39:48,11.8,79,1.5,449,5927.6,OK,,,,,
2026-05-04 6:40:04,11.8,79,2.1,449,6176.5,OK,,,,,
2026-05-04 6:40:36,-40,0,0,0,0,OK,,,,,
2026-05-04 6:40:52,11.8,79,0.7,449,5844.3,OK,,,,,
2026-05-04 6:41:08,-40,0,0,0,0,OK,,,,,
2026-05-04 6:41:24,-40,0,0,0,0,OK,,,,,
2026-05-04 6:41:40,11.8,79,1.8,449,5925.7,OK,,,,,
2026-05-04 6:41:56,11.8,79,1,449,5959,OK,,,,,
2026-05-04 6:42:12,11.8,79,1.5,449,5992.3,OK,,,,,
2026-05-04 6:42:28,11.8,79,1.8,449,6014.5,OK,,,,,
2026-05-04 6:43:00,11.8,78,0.6,449,6062.6,OK,,,,,
2026-05-04 6:43:16,11.8,78,0.6,449,6081.1,OK,,,,,
2026-05-04 6:43:32,11.8,78,0.1,449,6110.7,OK,,,,,
2026-05-04 6:43:48,11.8,78,0.1,449,6129.2,OK,,,,,
2026-05-04 6:44:20,11.8,78,1.5,449,6181,OK,,,,,
2026-05-04 6:44:36,-40,0,0,0,0,OK,,,,,
2026-05-04 6:44:52,-40,0,0,0,0,OK,,,,,
2026-05-04 6:45:08,11.8,78,1.7,449,6255,OK,,,,,
2026-05-04 6:45:24,11.8,78,1.8,449,6292,OK,,,,,
2026-05-04 6:45:40,11.8,78,2.9,449,6321.6,OK,,,,,
2026-05-04 6:45:56,-40,0,0,0,0,OK,,,,,
2026-05-04 6:46:12,11.9,79,0.8,449,6343.8,OK,,,,,
2026-05-04 6:46:28,11.9,79,0.1,449,6362.3,OK,,,,,
2026-05-04 6:46:44,11.9,79,1.5,449,6384.5,OK,,,,,
2026-05-04 6:47:00,11.9,79,1,449,6399.3,OK,,,,,
2026-05-04 6:47:16,11.8,79,1.7,449,6417.8,OK,,,,,
2026-05-04 6:47:48,11.9,78,2.1,449,6488.1,OK,,,,,
2026-05-04 6:48:04,11.9,78,1,449,6514,OK,,,,,
2026-05-04 6:48:20,11.9,78,1,449,6543.6,OK,,,,,
2026-05-04 6:48:36,11.9,78,3.5,449,6569.5,OK,,,,,
2026-05-04 6:49:08,-40,0,0,0,0,OK,,,,,
2026-05-04 6:49:24,11.9,79,0.1,449,6621.3,OK,,,,,
2026-05-04 6:49:40,11.9,79,0.3,449,6643.5,OK,,,,,
2026-05-04 6:49:56,11.9,79,2.1,449,9752.5,OK,,,,,
2026-05-04 6:50:28,-40,0,0,0,0,OK,,,,,
2026-05-04 6:50:44,11.9,79,1.1,449,6780.4,OK,,,,,
2026-05-04 6:51:00,-40,0,0,0,0,OK,,,,,
2026-05-04 6:51:16,-40,0,0,0,0,OK,,,,,
2026-05-04 6:51:32,11.9,79,0.6,449,6835.9,OK,,,,,
2026-05-04 6:51:48,-40,0,0,0,0,OK,,,,,
2026-05-04 6:52:04,11.9,79,1.1,449,6887.7,OK,,,,,
2026-05-04 6:52:20,11.9,79,2,449,6908.9,OK,,,,,
2026-05-04 6:52:36,-40,0,0,0,0,OK,,,,,
2026-05-04 6:52:52,-13.7,79,108.4,961,6924.7,OK,,,,,
2026-05-04 6:53:08,11.9,79,0.8,449,6946.9,OK,,,,,
2026-05-04 6:53:24,11.9,78,0.4,449,6972.8,OK,,,,,
2026-05-04 6:53:40,-40,0,0,0,0,OK,,,,,
2026-05-04 6:54:12,11.9,78,1.7,449,7057.9,OK,,,,,
2026-05-04 6:54:28,11.9,79,0.4,449,7065.3,OK,,,,,
2026-05-04 6:54:44,-40,0,0,0,0,OK,,,,,
2026-05-04 6:55:00,-40,0,0,0,0,OK,,,,,
2026-05-04 6:55:32,12.7,78,0.7,449,7135.6,OK,,,,,
2026-05-04 6:55:48,11.9,58,0.4,57088,1673525.6,OK,,,,,
2026-05-04 6:56:04,11.9,78,0.1,449,7191.1,OK,,,,,
2026-05-04 6:56:20,11.9,78,0.1,449,7206.3,OK,,,,,
2026-05-04 6:56:36,-40,0,0,0,0,OK,,,,,
2026-05-04 6:56:52,11.9,78,0,449,7235.5,OK,,,,,
2026-05-04 6:57:08,11.9,78,0.3,449,7257.7,OK,,,,,
2026-05-04 6:57:24,-40,0,0,0,0,OK,,,,,
2026-05-04 6:57:40,11.9,79,1.8,449,7287.3,OK,,,,,
2026-05-04 6:57:56,12,78,0.7,449,7320.6,OK,,,,,
2026-05-04 6:58:12,-40,0,0,0,0,OK,,,,,
2026-05-04 6:58:28,11.9,78,2.2,449,7368.7,OK,,,,,
2026-05-04 6:58:44,11.9,78,0.4,449,7383.5,OK,,,,,
2026-05-04 6:59:00,-40,0,0,0,0,OK,,,,,
2026-05-04 6:59:16,12,78,1.3,449,7420.5,OK,,,,,
2026-05-04 6:59:32,11.9,78,1,449,7453.8,OK,,,,,
2026-05-04 7:00:04,-40,0,0,0,0,OK,,,,,
2026-05-04 7:00:36,12,253,1.7,511,7553.7,OK,,,,,
2026-05-04 7:00:52,-40,0,0,0,0,OK,,,,,
2026-05-04 7:01:08,-40,0,0,0,0,OK,,,,,
2026-05-04 7:01:24,12,77,1.4,449,7620.3,OK,,,,,
2026-05-04 7:01:40,12,77,0.4,449,7661,OK,,,,,
2026-05-04 7:01:56,12,77,2,449,7664.7,OK,,,,,
2026-05-04 7:02:12,12,77,3.4,449,7686.9,OK,,,,,
2026-05-04 7:02:44,-40,0,0,0,0,OK,,,,,
2026-05-04 7:03:00,12,77,0.8,449,7764.6,OK,,,,,
2026-05-04 7:03:16,12,77,0.8,449,7783.1,OK,,,,,
2026-05-04 7:03:48,-40,0,0,0,0,OK,,,,,
2026-05-04 7:04:04,12,77,0.6,449,7846,OK,,,,,
2026-05-04 7:04:20,-40,0,0,0,0,OK,,,,,
2026-05-04 7:04:36,-40,0,0,0,0,OK,,,,,
2026-05-04 7:04:52,-40,0,0,0,0,OK,,,,,
2026-05-04 7:05:08,12.1,77,0.7,449,7916.3,OK,,,,,
2026-05-04 7:05:24,12.1,77,1.4,449,12839.5,OK,,,,,
2026-05-04 7:05:40,12.1,77,2,449,7927.4,OK,,,,,
2026-05-04 7:05:56,-40,0,0,0,0,OK,,,,,
2026-05-04 7:06:12,-40,0,0,0,0,OK,,,,,
2026-05-04 7:06:28,-40,0,0,0,0,OK,,,,,
2026-05-04 7:06:44,12.1,76,1,449,7979.2,OK,,,,,
2026-05-04 7:07:16,12.1,77,0.6,449,8027.3,OK,,,,,
2026-05-04 7:07:32,-40,0,0,0,0,OK,,,,,
2026-05-04 7:07:48,-40,0,0,0,0,OK,,,,,
2026-05-04 7:08:04,-13.5,77,49.3,449,8114.7,OK,,,,,
2026-05-04 7:08:20,12.1,77,0.3,449,8093.9,OK,,,,,
2026-05-04 7:08:36,12.1,77,1.5,449,8119.8,OK,,,,,
2026-05-04 7:08:52,-40,0,0,0,0,OK,,,,,
2026-05-04 7:09:08,-40,0,0,0,0,OK,,,,,
2026-05-04 7:09:24,12.1,77,0.7,449,8153.1,OK,,,,,
2026-05-04 7:09:56,-40,0,0,0,0,OK,,,,,
2026-05-04 7:10:12,12.1,77,2.7,449,11519.9,OK,,,,,
2026-05-04 7:10:28,12.1,205,35.7,449,8253,OK,,,,,
2026-05-04 7:10:44,-40,0,0,0,0,OK,,,,,
2026-05-04 7:11:00,-40,0,0,0,0,OK,,,,,
2026-05-04 7:11:16,-40,0,0,0,0,OK,,,,,
2026-05-04 7:11:48,12.2,76,1.3,449,8401,OK,,,,,
2026-05-04 7:12:20,-40,0,0,0,0,OK,,,,,
2026-05-04 7:12:36,-40,0,0,0,0,OK,,,,,
2026-05-04 7:12:52,12.2,76,1.3,449,8537.9,OK,,,,,
2026-05-04 7:13:24,12.2,77,0.4,449,8637.8,OK,,,,,
2026-05-04 7:13:40,12.2,77,0.1,449,605026.5,OK,,,,,
2026-05-04 7:13:56,12.2,77,0.1,449,8697,OK,,,,,
2026-05-04 7:14:12,-40,0,0,0,0,OK,,,,,
2026-05-04 7:14:28,-40,0,0,0,0,OK,,,,,
2026-05-04 7:15:32,12.2,77,1.3,449,8885.7,OK,,,,,
2026-05-04 7:15:48,12.2,77,1.7,449,22011.4,OK,,,,,
2026-05-04 7:16:04,12.2,77,0.4,449,12242.2,OK,,,,,
2026-05-04 7:16:20,12.2,77,0.4,449,8993,OK,,,,,
2026-05-04 7:16:36,-40,0,0,0,0,OK,,,,,
2026-05-04 7:16:52,-40,0,0,0,0,OK,,,,,
2026-05-04 7:17:08,36.2,211,1,449,9055.9,OK,,,,,
2026-05-04 7:17:24,12.2,77,2.1,449,9111.4,OK,,,,,
2026-05-04 7:17:40,-40,0,0,0,0,OK,,,,,
2026-05-04 7:17:56,12.2,77,2.1,449,9203.9,OK,,,,,
2026-05-04 7:18:12,12.3,77,2.4,449,9200.2,OK,,,,,
2026-05-04 7:18:28,12.3,77,2.2,449,9573.9,OK,,,,,
2026-05-04 7:18:44,12.2,77,1.7,449,10710.5,OK,,,,,
2026-05-04 7:19:16,-40,0,0,0,0,OK,,,,,
2026-05-04 7:19:48,12.2,77,2,449,17267.4,OK,,,,,
2026-05-04 7:20:04,-40,0,0,0,0,OK,,,,,
2026-05-04 7:20:20,-40,0,0,0,0,OK,,,,,
2026-05-04 7:20:36,-40,0,0,0,0,OK,,,,,
2026-05-04 7:20:52,12.3,77,0.3,4033,20837.3,OK,,,,,
2026-05-04 7:21:08,12.4,77,0.7,449,20886.6,OK,,,,,
2026-05-04 7:21:24,-40,0,0,0,0,OK,,,,,
2026-05-04 7:22:44,12.5,76,1.4,961,634478.8,OK,,,,,
2026-05-04 7:23:00,-40,0,0,0,0,OK,,,,,
2026-05-04 7:23:16,12.6,76,0,449,21556.5,OK,,,,,
2026-05-04 7:24:04,12.7,76,2,449,21840.7,OK,,,,,
2026-05-04 7:24:20,-40,0,0,0,0,OK,,,,,
2026-05-04 7:24:36,-40,0,0,0,0,OK,,,,,
2026-05-04 7:25:40,12.8,75,2.2,961,22446.8,OK,,,,,
2026-05-04 7:25:56,-40,0,0,0,0,OK,,,,,
2026-05-04 7:27:16,-40,0,0,0,0,OK,,,,,
2026-05-04 7:27:32,-40,0,0,0,0,OK,,,,,
2026-05-04 7:28:20,-40,0,0,0,0,OK,,,,,
2026-05-04 7:28:36,40.7,76,36.1,449,50978.8,OK,,,,,
2026-05-04 7:28:52,-40,0,0,0,0,OK,,,,,
2026-05-04 7:29:08,13,73,0.8,449,23348.7,OK,,,,,
2026-05-04 7:29:40,13,73,3.9,449,23456,OK,,,,,
2026-05-04 7:30:12,-40,0,0,0,0,OK,,,,,
2026-05-04 7:31:00,-40,0,0,0,0,OK,,,,,
2026-05-04 7:31:16,-40,0,0,0,0,OK,,,,,
2026-05-04 7:31:32,-40,0,0,0,0,OK,,,,,
2026-05-04 7:31:48,13.1,72,1.7,449,24018.6,OK,,,,,
2026-05-04 7:32:04,-40,0,0,0,0,OK,,,,,
2026-05-04 7:33:08,-40,0,0,0,0,OK,,,,,
2026-05-04 7:33:24,-40,0,0,0,0,OK,,,,,
2026-05-04 7:34:28,13.2,72,0.6,449,24500,OK,,,,,
2026-05-04 7:34:44,-40,0,0,0,0,OK,,,,,
2026-05-04 7:35:00,-40,0,0,0,0,OK,,,,,
2026-05-04 7:35:16,-40,0,0,0,0,OK,,,,,
2026-05-04 7:35:32,-40,0,0,0,0,OK,,,,,
2026-05-04 7:36:04,-40,0,0,0,0,OK,,,,,
2026-05-04 7:36:20,95.1,48,36.7,49409,635627.2,OK,,,,,
2026-05-04 7:36:36,13.3,71,2.1,449,25193.1,OK,,,,,
2026-05-04 7:37:40,-40,0,0,0,0,OK,,,,,
2026-05-04 7:37:56,-40,0,0,0,0,OK,,,,,
2026-05-04 7:38:12,-40,0,0,0,0,OK,,,,,
2026-05-04 7:38:28,-40,0,0,0,0,OK,,,,,
2026-05-04 7:39:32,-40,0,0,0,0,OK,,,,,
2026-05-04 7:39:48,-40,0,0,0,0,OK,,,,,
2026-05-04 7:40:04,-40,0,0,0,0,OK,,,,,
2026-05-04 7:40:20,13.4,70,1.5,449,26257.4,OK,,,,,
2026-05-04 7:40:52,13.4,70,2.8,449,26238,OK,,,,,
2026-05-04 7:41:08,13.4,71,0.4,449,26353.1,OK,,,,,
2026-05-04 7:42:44,-40,0,0,0,0,OK,,,,,
2026-05-04 7:44:04,13.8,70,0.1,449,27182.5,OK,,,,,
2026-05-04 7:44:20,-40,0,0,0,0,OK,,,,,
2026-05-04 7:44:36,-40,0,0,0,0,OK,,,,,
2026-05-04 7:45:08,-40,0,0,0,0,OK,,,,,
2026-05-04 7:45:24,-40,0,0,0,0,OK,,,,,
2026-05-04 7:45:56,-40,0,0,0,0,OK,,,,,
2026-05-04 7:46:12,-40,0,0,0,0,OK,,,,,
2026-05-04 7:46:28,-40,0,0,0,0,OK,,,,,
2026-05-04 7:47:00,13.8,68,1.4,449,403743.3,OK,,,,,
2026-05-04 7:47:32,-40,0,0,0,0,OK,,,,,
2026-05-04 7:47:48,-40,0,0,0,0,OK,,,,,
2026-05-04 7:48:04,-40,0,0,0,0,OK,,,,,
2026-05-04 7:48:20,-40,0,0,0,0,OK,,,,,
2026-05-04 7:48:36,-40,0,0,0,0,OK,,,,,
2026-05-04 7:49:56,13.7,69,1,449,28410.4,OK,,,,,
2026-05-04 7:50:12,-40,0,0,0,0,OK,,,,,
2026-05-04 7:50:28,13.7,69,2.5,449,28293.2,OK,,,,,
2026-05-04 7:50:44,-40,0,0,0,0,OK,,,,,
2026-05-04 7:51:16,-40,0,0,0,0,OK,,,,,
2026-05-04 7:51:32,13.8,69,1,449,28812.3,OK,,,,,
2026-05-04 7:51:48,-40,0,0,0,0,OK,,,,,
2026-05-04 7:52:04,-40,0,0,0,0,OK,,,,,
2026-05-04 7:53:08,14,69,0.3,451,29169,OK,,,,,
2026-05-04 7:53:24,-40,0,0,0,0,OK,,,,,
2026-05-04 7:55:32,-40,0,0,0,0,OK,,,,,
2026-05-04 7:55:48,-40,0,0,0,0,OK,,,,,
2026-05-04 7:56:04,43.7,5,36.3,49410,526699.5,OK,,,,,
2026-05-04 7:56:36,14.1,69,1.4,449,29798.3,OK,,,,,
2026-05-04 7:56:52,14.1,70,0.3,449,30166.6,OK,,,,,
2026-05-04 7:57:08,14.1,71,1.7,449,30328.6,OK,,,,,
2026-05-04 7:58:12,-40,0,0,0,0,OK,,,,,
2026-05-04 7:58:44,14.1,69,0.8,449,30824.9,OK,,,,,
2026-05-04 7:59:00,14.1,69,3.9,449,30865.5,OK,,,,,
2026-05-04 7:59:16,-40,0,0,0,0,OK,,,,,
2026-05-04 7:59:32,14.1,69,1.4,449,30862.6,OK,,,,,
2026-05-04 8:00:04,14.2,69,0.4,449,31045.9,OK,,,,,
2026-05-04 8:00:20,-40,0,0,0,0,OK,,,,,
2026-05-04 8:00:36,-40,0,0,0,0,OK,,,,,
2026-05-04 8:02:12,-40,0,0,0,0,OK,,,,,
2026-05-04 8:02:28,14.1,197,2.8,449,31697.8,OK,,,,,
2026-05-04 8:02:44,14,209,1.4,961,31788.9,OK,,,,,
2026-05-04 8:03:48,116.4,70,0.1,8129,32066.1,OK,,,,,
2026-05-04 8:04:04,-40,0,0,0,0,OK,,,,,
2026-05-04 8:04:20,-40,0,0,0,0,OK,,,,,
2026-05-04 8:04:36,-40,0,0,0,0,OK,,,,,
2026-05-04 8:04:52,-40,0,0,0,0,OK,,,,,
2026-05-04 8:05:08,-40,0,0,0,0,OK,,,,,
2026-05-04 8:05:24,-40,0,0,0,0,OK,,,,,
2026-05-04 8:05:40,14.2,69,0.6,449,819023,OK,,,,,
2026-05-04 8:05:56,14.3,69,18.2,449,32556.7,OK,,,,,
2026-05-04 8:06:12,-40,0,0,0,0,OK,,,,,
2026-05-04 8:06:28,14.2,69,8.4,449,858190.9,OK,,,,,
2026-05-04 8:06:44,14,68,3.5,449,32846.2,OK,,,,,
2026-05-04 8:07:00,-40,0,0,0,0,OK,,,,,
2026-05-04 8:07:16,21.1,209,1.5,449,32724.4,OK,,,,,
2026-05-04 8:07:32,-40,0,0,0,0,OK,,,,,
2026-05-04 8:08:04,14.3,69,1.3,449,33098.5,OK,,,,,
2026-05-04 8:08:20,14.1,69,2.8,449,46313,OK,,,,,
2026-05-04 8:08:36,14,69,3.4,449,316020.5,OK,,,,,
2026-05-04 8:08:52,14.1,69,0.7,449,1663103.9,OK,,,,,
2026-05-04 8:09:08,-40,0,0,0,0,OK,,,,,
2026-05-04 8:09:24,116.5,69,2,449,33385.6,OK,,,,,
2026-05-04 8:10:28,25.5,68,0.8,449,36482.4,OK,,,,,
2026-05-04 8:10:44,-40,0,0,0,0,OK,,,,,
2026-05-04 8:11:00,14.3,69,1.7,496,33719.1,OK,,,,,
2026-05-04 8:11:16,-40,0,0,0,0,OK,,,,,
2026-05-04 8:11:32,17.5,69,0.8,961,34026.5,OK,,,,,
2026-05-04 8:12:04,-40,0,0,0,0,OK,,,,,
2026-05-04 8:12:20,-40,0,0,0,0,OK,,,,,
2026-05-04 8:12:36,14.4,69,0.4,449,34405.3,OK,,,,,
2026-05-04 8:13:08,-40,0,0,0,0,OK,,,,,
2026-05-04 8:13:56,14.5,67,1.5,449,34481.8,OK,,,,,
2026-05-04 8:14:12,-40,0,0,0,0,OK,,,,,
2026-05-04 8:14:44,-40,0,0,0,0,OK,,,,,
2026-05-04 8:15:00,-40,0,0,0,0,OK,,,,,
2026-05-04 8:15:16,14.4,67,2,496,34934.2,OK,,,,,
2026-05-04 8:15:32,-40,0,0,0,0,OK,,,,,
2026-05-04 8:16:04,14.1,68,1.4,449,35027,OK,,,,,
2026-05-04 8:16:20,14.1,68,1.3,449,35137.2,OK,,,,,
2026-05-04 8:17:24,-40,0,0,0,0,OK,,,,,
2026-05-04 8:17:40,-40,0,0,0,0,OK,,,,,
2026-05-04 8:18:44,14.2,197,18.5,1985,35818.7,OK,,,,,
2026-05-04 8:19:00,-40,0,0,0,0,OK,,,,,
2026-05-04 8:20:04,14.6,69,0.1,449,36172.5,OK,,,,,
2026-05-04 8:20:20,-40,0,0,0,0,OK,,,,,
2026-05-04 8:20:36,-40,0,0,0,0,OK,,,,,
2026-05-04 8:20:52,14.6,68,1,449,36468.3,OK,,,,,
2026-05-04 8:21:08,-40,0,0,0,0,OK,,,,,
2026-05-04 8:21:24,14.6,68,1.8,449,36810.5,OK,,,,,
2026-05-04 8:21:40,-40,0,0,0,0,OK,,,,,
2026-05-04 8:21:56,-40,0,0,0,0,OK,,,,,
2026-05-04 8:22:12,-40,0,0,0,0,OK,,,,,
2026-05-04 8:22:44,-40,0,0,0,0,OK,,,,,
2026-05-04 8:23:00,14.7,68,1,449,36958.7,OK,,,,,
2026-05-04 8:24:36,-40,0,0,0,0,OK,,,,,
2026-05-04 8:25:08,-40,0,0,0,0,OK,,,,,
2026-05-04 8:25:24,-40,0,0,0,0,OK,,,,,
2026-05-04 8:26:12,-40,0,0,0,0,OK,,,,,
2026-05-04 8:26:28,14.7,67,1.3,449,90387.7,OK,,,,,
2026-05-04 8:26:44,-40,0,0,0,0,OK,,,,,
2026-05-04 8:27:00,-40,0,0,0,0,OK,,,,,
2026-05-04 8:27:16,-40,0,0,0,0,OK,,,,,
2026-05-04 8:29:08,-40,0,0,0,0,OK,,,,,
2026-05-04 8:29:40,-40,0,0,0,0,OK,,,,,
2026-05-04 8:30:12,14.9,66,2.8,449,39069.6,OK,,,,,
2026-05-04 8:30:44,-40,0,0,0,0,OK,,,,,
2026-05-04 8:31:00,-40,0,0,0,0,OK,,,,,
2026-05-04 8:31:16,-40,0,0,0,0,OK,,,,,
2026-05-04 8:31:32,-40,0,0,0,0,OK,,,,,
2026-05-04 8:31:48,-40,0,0,0,0,OK,,,,,
2026-05-04 8:32:04,-40,0,0,0,0,OK,,,,,
2026-05-04 8:32:52,-40,0,0,0,0,OK,,,,,
2026-05-04 8:33:08,-40,0,0,0,0,OK,,,,,
2026-05-04 8:33:24,-40,0,0,0,0,OK,,,,,
2026-05-04 8:33:40,-40,0,0,0,0,OK,,,,,
2026-05-04 8:33:56,-40,0,0,0,0,OK,,,,,
2026-05-04 8:34:12,-40,0,0,0,0,OK,,,,,
2026-05-04 8:34:28,-40,0,0,0,0,OK,,,,,
2026-05-04 8:34:44,-40,0,0,0,0,OK,,,,,
2026-05-04 8:35:16,-40,0,0,0,0,OK,,,,,
2026-05-04 8:35:32,-40,0,0,0,0,OK,,,,,
2026-05-04 8:36:04,-40,0,0,0,0,OK,,,,,
2026-05-04 8:36:20,-40,0,0,0,0,OK,,,,,
2026-05-04 8:36:52,-40,0,0,0,0,OK,,,,,
2026-05-04 8:37:08,-40,0,0,0,0,OK,,,,,
2026-05-04 8:37:24,-40,0,0,0,0,OK,,,,,
2026-05-04 8:37:40,-40,0,0,0,0,OK,,,,,
2026-05-04 8:38:12,-40,0,0,0,0,OK,,,,,
2026-05-04 8:39:00,142.7,67,36.4,449,202838.5,OK,,,,,
2026-05-04 8:39:48,-40,0,0,0,0,OK,,,,,
2026-05-04 8:40:04,-40,0,0,0,0,OK,,,,,
2026-05-04 8:40:20,-40,0,0,0,0,OK,,,,,
2026-05-04 8:40:52,-40,0,0,0,0,OK,,,,,
2026-05-04 8:41:08,-40,0,0,0,0,OK,,,,,
2026-05-04 8:42:12,-40,0,0,0,0,OK,,,,,
2026-05-04 8:42:44,-40,0,0,0,0,OK,,,,,
2026-05-04 8:43:32,-40,0,0,0,0,OK,,,,,
2026-05-04 8:44:04,-40,0,0,0,0,OK,,,,,
2026-05-04 8:44:36,14.4,67,35.6,8129,1156526.5,OK,,,,,
2026-05-04 8:44:52,-40,0,0,0,0,OK,,,,,
2026-05-04 8:45:08,-40,0,0,0,0,OK,,,,,
2026-05-04 8:45:24,-40,0,0,0,0,OK,,,,,
2026-05-04 8:45:56,-40,0,0,0,0,OK,,,,,
2026-05-04 8:46:12,-40,0,0,0,0,OK,,,,,
2026-05-04 8:46:28,-40,0,0,0,0,OK,,,,,
2026-05-04 8:47:00,-40,0,0,0,0,OK,,,,,
2026-05-04 8:47:16,-40,0,0,0,0,OK,,,,,
2026-05-04 8:47:48,-40,0,0,0,0,OK,,,,,
2026-05-04 8:48:20,-40,0,0,0,0,OK,,,,,
2026-05-04 8:48:36,-40,0,0,0,0,OK,,,,,
2026-05-04 8:48:52,-40,0,0,0,0,OK,,,,,
2026-05-04 8:49:08,-40,0,0,0,0,OK,,,,,
2026-05-04 8:49:24,-40,0,0,0,0,OK,,,,,
2026-05-04 8:49:40,-40,0,0,0,0,OK,,,,,
2026-05-04 8:49:56,-40,0,0,0,0,OK,,,,,
2026-05-04 8:50:12,-40,0,0,0,0,OK,,,,,
2026-05-04 8:50:28,-40,0,0,0,0,OK,,,,,
2026-05-04 8:50:44,-40,0,0,0,0,OK,,,,,
2026-05-04 8:51:00,-40,0,0,0,0,OK,,,,,
2026-05-04 8:51:16,-40,0,0,0,0,OK,,,,,
2026-05-04 8:51:48,-40,0,0,0,0,OK,,,,,
2026-05-04 8:52:04,-40,0,0,0,0,OK,,,,,
2026-05-04 8:52:20,-40,0,0,0,0,OK,,,,,
2026-05-04 8:52:36,40.6,65,54.7,287,45630.2,OK,,,,,
2026-05-04 8:52:52,-40,0,0,0,0,OK,,,,,
2026-05-04 8:53:08,-40,0,0,0,0,OK,,,,,
2026-05-04 8:53:24,-40,0,0,0,0,OK,,,,,
2026-05-04 8:53:40,-40,0,0,0,0,OK,,,,,
2026-05-04 8:53:56,-40,0,0,0,0,OK,,,,,
2026-05-04 8:54:12,-40,0,0,0,0,OK,,,,,
2026-05-04 8:54:28,-40,0,0,0,0,OK,,,,,
2026-05-04 8:54:44,-40,0,0,0,0,OK,,,,,
2026-05-04 8:55:00,-40,0,0,0,0,OK,,,,,
2026-05-04 8:56:04,-40,0,0,0,0,OK,,,,,
2026-05-04 8:56:20,-40,0,0,0,0,OK,,,,,
2026-05-04 8:56:36,-40,0,0,0,0,OK,,,,,
2026-05-04 8:56:52,-40,0,0,0,0,OK,,,,,
2026-05-04 8:57:24,-40,0,0,0,0,OK,,,,,
2026-05-04 8:57:40,-40,0,0,0,0,OK,,,,,
2026-05-04 8:57:56,-40,0,0,0,0,OK,,,,,
2026-05-04 8:58:12,-40,0,0,0,0,OK,,,,,
2026-05-04 8:58:28,-40,0,0,0,0,OK,,,,,
2026-05-04 8:59:00,-40,0,0,0,0,OK,,,,,
2026-05-04 8:59:16,-40,0,0,0,0,OK,,,,,
2026-05-04 8:59:32,-40,0,0,0,0,OK,,,,,
2026-05-04 8:59:48,-40,0,0,0,0,OK,,,,,
2026-05-04 9:00:04,-40,0,0,0,0,OK,,,,,
2026-05-04 9:00:20,-40,0,0,0,0,OK,,,,,
2026-05-04 9:00:52,-40,0,0,0,0,OK,,,,,
2026-05-04 9:01:08,-40,0,0,0,0,OK,,,,,
2026-05-04 9:02:12,-40,0,0,0,0,OK,,,,,
2026-05-04 9:02:28,-40,0,0,0,0,OK,,,,,
2026-05-04 9:03:00,-40,0,0,0,0,OK,,,,,
2026-05-04 9:03:32,137.2,160,17.5,961,48429.8,OK,,,,,
2026-05-04 9:03:48,-40,0,0,0,0,OK,,,,,
2026-05-04 9:04:04,-40,0,0,0,0,OK,,,,,
2026-05-04 9:04:36,-40,0,0,0,0,OK,,,,,
2026-05-04 9:04:52,-10.3,64,36,449,100972.7,OK,,,,,
2026-05-04 9:05:08,-40,0,0,0,0,OK,,,,,
2026-05-04 9:05:40,117.9,64,40.2,449,51693.8,OK,,,,,
2026-05-04 9:06:28,-40,0,0,0,0,OK,,,,,
2026-05-04 9:06:44,-40,0,0,0,0,OK,,,,,
2026-05-04 9:07:16,-40,0,0,0,0,OK,,,,,
2026-05-04 9:07:32,-40,0,0,0,0,OK,,,,,
2026-05-04 9:08:20,-40,0,0,0,0,OK,,,,,
2026-05-04 9:08:36,118.3,160,0,496,49732.9,OK,,,,,
2026-05-04 9:09:08,-40,0,0,0,0,OK,,,,,
2026-05-04 9:09:24,-40,0,0,0,0,OK,,,,,
2026-05-04 9:09:40,-40,0,0,0,0,OK,,,,,
2026-05-04 9:09:56,-40,0,0,0,0,OK,,,,,
2026-05-04 9:10:28,-40,0,0,0,0,OK,,,,,
2026-05-04 9:11:00,-40,0,0,0,0,OK,,,,,
2026-05-04 9:11:16,-40,0,0,0,0,OK,,,,,
2026-05-04 9:11:48,-40,0,0,0,0,OK,,,,,
2026-05-04 9:12:20,15.9,61,0.6,511,50394.1,OK,,,,,
2026-05-04 9:12:36,15.9,61,2.7,24816,50658,OK,,,,,
2026-05-04 9:12:52,-40,0,0,0,0,OK,,,,,
2026-05-04 9:13:08,-40,0,0,0,0,OK,,,,,
2026-05-04 9:13:24,-40,0,0,0,0,OK,,,,,
2026-05-04 9:13:40,15.8,63,1.4,449,50979.9,OK,,,,,
2026-05-04 9:14:44,-40,0,0,0,0,OK,,,,,
2026-05-04 9:15:16,-40,0,0,0,0,OK,,,,,
2026-05-04 9:16:52,36.6,160,0.6,449,52423.2,OK,,,,,
2026-05-04 9:17:08,-40,0,0,0,0,OK,,,,,
2026-05-04 9:17:56,-40,0,0,0,0,OK,,,,,
2026-05-04 9:18:12,-40,0,0,0,0,OK,,,,,
2026-05-04 9:19:48,15.5,62,4.3,961,52563.9,OK,,,,,
2026-05-04 9:21:08,-40,0,0,0,0,OK,,,,,
2026-05-04 9:21:24,-40,0,0,0,0,OK,,,,,
2026-05-04 9:21:40,-40,0,0,0,0,OK,,,,,
2026-05-04 9:22:12,15.8,62,1.4,449,53415.9,OK,,,,,
2026-05-04 9:22:28,-40,0,0,0,0,OK,,,,,
2026-05-04 9:22:44,-40,0,0,0,0,OK,,,,,
2026-05-04 9:23:00,119.9,63,36.8,449,58539.9,OK,,,,,
2026-05-04 9:23:16,-40,0,0,0,0,OK,,,,,
2026-05-04 9:23:32,16,63,1.3,449,53534.8,OK,,,,,
2026-05-04 9:23:48,-40,0,0,0,0,OK,,,,,
2026-05-04 9:24:04,-9.8,62,37.1,449,53784.8,OK,,,,,
2026-05-04 9:24:20,15.9,64,2,449,53914.7,OK,,,,,
2026-05-04 9:25:40,-40,0,0,0,0,OK,,,,,
2026-05-04 9:25:56,-40,0,0,0,0,OK,,,,,
2026-05-04 9:26:12,-40,0,0,0,0,OK,,,,,
2026-05-04 9:26:28,118.5,62,89.5,449,54854.3,OK,,,,,
2026-05-04 9:26:44,128.8,62,37,449,54964.5,OK,,,,,
2026-05-04 9:27:00,16,62,0.3,449,160329.8,OK,,,,,
2026-05-04 9:27:16,-40,0,0,0,0,OK,,,,,
2026-05-04 9:27:32,-40,0,0,0,0,OK,,,,,
2026-05-04 9:27:48,-40,0,0,0,0,OK,,,,,
2026-05-04 9:28:04,-40,0,0,0,0,OK,,,,,
2026-05-04 9:29:08,-40,0,0,0,0,OK,,,,,
2026-05-04 9:29:24,-40,0,0,0,0,OK,,,,,
2026-05-04 9:29:40,-40,0,0,0,0,OK,,,,,
2026-05-04 9:29:56,-40,0,0,0,0,OK,,,,,
2026-05-04 9:31:00,15.7,62,2.1,449,163672.5,OK,,,,,
2026-05-04 9:31:16,-40,0,0,0,0,OK,,,,,
2026-05-04 9:31:48,-40,0,0,0,0,OK,,,,,
2026-05-04 9:32:04,15.4,62,1.7,451,57870.3,OK,,,,,
2026-05-04 9:32:20,15.3,64,0,449,40919.7,OK,,,,,
2026-05-04 9:32:36,-40,0,0,0,0,OK,,,,,
2026-05-04 9:32:52,-40,0,0,0,0,OK,,,,,
2026-05-04 9:33:08,-40,0,0,0,0,OK,,,,,
2026-05-04 9:33:24,-40,0,0,0,0,OK,,,,,
2026-05-04 9:33:40,-40,0,0,0,0,OK,,,,,
2026-05-04 9:34:12,-40,0,0,0,0,OK,,,,,
2026-05-04 9:34:28,15.1,192,18.9,449,40351.4,OK,,,,,
2026-05-04 9:35:00,23.8,64,1.4,961,20297.9,OK,,,,,
2026-05-04 9:35:16,15.1,65,0.3,449,27622.1,OK,,,,,
2026-05-04 9:35:32,-40,0,0,0,0,OK,,,,,
2026-05-04 9:35:48,-40,0,0,0,0,OK,,,,,
2026-05-04 9:36:20,-40,0,0,0,0,OK,,,,,
2026-05-04 9:36:52,-40,0,0,0,0,OK,,,,,
2026-05-04 9:37:08,15,63,3.1,449,59998.9,OK,,,,,
2026-05-04 9:37:24,-40,0,0,0,0,OK,,,,,
2026-05-04 9:37:40,-40,0,0,0,0,OK,,,,,
2026-05-04 9:37:56,-40,0,0,0,0,OK,,,,,
2026-05-04 9:38:28,-40,0,0,0,0,OK,,,,,
2026-05-04 9:39:00,-40,0,0,0,0,OK,,,,,
2026-05-04 9:39:16,-40,0,0,0,0,OK,,,,,
2026-05-04 9:39:32,15,240,1.1,449,22872.2,OK,,,,,
2026-05-04 9:39:48,120.1,5,36,49413,1251429.3,OK,,,,,
2026-05-04 9:40:04,15.1,194,2.2,449,53222,OK,,,,,
2026-05-04 9:40:20,15.2,64,2.5,449,59561,OK,,,,,
2026-05-04 9:40:36,-40,0,0,0,0,OK,,,,,
2026-05-04 9:40:52,-40,0,0,0,0,OK,,,,,
2026-05-04 9:41:08,-40,0,0,0,0,OK,,,,,
2026-05-04 9:41:24,-40,0,0,0,0,OK,,,,,
2026-05-04 9:41:40,-40,0,0,0,0,OK,,,,,
2026-05-04 9:41:56,-40,0,0,0,0,OK,,,,,
2026-05-04 9:42:12,-40,0,0,0,0,OK,,,,,
2026-05-04 9:42:28,-40,0,0,0,0,OK,,,,,
2026-05-04 9:42:44,-40,0,0,0,0,OK,,,,,
2026-05-04 9:43:00,-40,0,0,0,0,OK,,,,,
2026-05-04 9:43:16,-40,0,0,0,0,OK,,,,,
2026-05-04 9:43:32,-40,0,0,0,0,OK,,,,,
2026-05-04 9:43:48,15.5,64,0.6,449,59958.3,OK,,,,,
2026-05-04 9:44:04,26.2,64,0.4,449,1674430.6,OK,,,,,
2026-05-04 9:44:20,-40,0,0,0,0,OK,,,,,
2026-05-04 9:44:36,15.5,62,3.6,463,59172.4,OK,,,,,
2026-05-04 9:44:52,-40,0,0,0,0,OK,,,,,
2026-05-04 9:45:08,-10.5,63,37.7,449,26474.9,OK,,,,,
2026-05-04 9:45:24,-40,0,0,0,0,OK,,,,,
2026-05-04 9:45:56,-40,0,0,0,0,OK,,,,,
2026-05-04 9:46:12,-40,0,0,0,0,OK,,,,,
2026-05-04 9:46:28,-40,0,0,0,0,OK,,,,,
2026-05-04 9:46:44,-40,0,0,0,0,OK,,,,,
2026-05-04 9:47:00,-40,0,0,0,0,OK,,,,,
2026-05-04 9:47:16,15.1,64,1.5,449,58064.6,OK,,,,,
2026-05-04 9:47:32,-40,0,0,0,0,OK,,,,,
2026-05-04 9:47:48,-40,0,0,0,0,OK,,,,,
2026-05-04 9:48:04,-40,0,0,0,0,OK,,,,,
2026-05-04 9:48:20,15.1,65,0.6,449,56542.1,OK,,,,,
2026-05-04 9:48:36,-40,0,0,0,0,OK,,,,,
2026-05-04 9:48:52,36,65,1,449,58723.8,OK,,,,,
2026-05-04 9:49:08,15.3,64,18.3,449,1632382.1,OK,,,,,
2026-05-04 9:49:24,-40,0,0,0,0,OK,,,,,
2026-05-04 9:49:40,-40,0,0,0,0,OK,,,,,
2026-05-04 9:49:56,-40,0,0,0,0,OK,,,,,
2026-05-04 9:50:28,-40,0,0,0,0,OK,,,,,
2026-05-04 9:50:44,36.2,63,3.8,449,59938,OK,,,,,
2026-05-04 9:51:00,-40,0,0,0,0,OK,,,,,
2026-05-04 9:51:16,-40,0,0,0,0,OK,,,,,
2026-05-04 9:51:32,15.3,65,0.6,449,60007.6,OK,,,,,
2026-05-04 9:52:04,15.4,64,0.7,449,414299.3,OK,,,,,
2026-05-04 9:52:20,15.4,192,13.4,479,60706.5,OK,,,,,
2026-05-04 9:52:36,-40,0,0,0,0,OK,,,,,
2026-05-04 9:52:52,15.7,64,1.8,449,1633376.2,OK,,,,,
2026-05-04 9:53:08,23.7,64,0.7,449,375180.4,OK,,,,,
2026-05-04 9:53:24,15.7,63,1.4,449,60375.9,OK,,,,,
2026-05-04 9:53:40,15.7,63,3.9,449,60663,OK,,,,,
2026-05-04 9:53:56,15.5,63,2.2,496,60741.3,OK,,,,,
2026-05-04 9:54:12,-40,0,0,0,0,OK,,,,,
2026-05-04 9:54:28,15.2,64,8,449,60901.6,OK,,,,,
2026-05-04 9:54:44,-40,0,0,0,0,OK,,,,,
2026-05-04 9:55:00,15.2,64,2.7,449,60808,OK,,,,,
2026-05-04 9:55:16,15.2,193,0.8,449,61675.1,OK,,,,,
2026-05-04 9:55:32,-10.3,66,36.3,449,65447.8,OK,,,,,
2026-05-04 9:55:48,-40,0,0,0,0,OK,,,,,
2026-05-04 9:56:04,15.6,193,35.7,49153,1383051.7,OK,,,,,
2026-05-04 9:56:20,-40,0,0,0,0,OK,,,,,
2026-05-04 9:56:36,16,64,1.3,449,61721.5,OK,,,,,
2026-05-04 9:56:52,16,64,2.1,449,61881,OK,,,,,
2026-05-04 9:57:08,-40,0,0,0,0,OK,,,,,
2026-05-04 9:57:24,16.1,63,1,496,61535.9,OK,,,,,
2026-05-04 9:57:40,-40,0,0,0,0,OK,,,,,
2026-05-04 9:57:56,-40,0,0,0,0,OK,,,,,
2026-05-04 9:58:12,15.9,63,0.8,449,65443.4,OK,,,,,
2026-05-04 9:58:28,15.9,63,0.7,65520,52458.9,OK,,,,,
2026-05-04 9:58:44,-40,0,0,0,0,OK,,,,,
2026-05-04 9:59:00,-40,0,0,0,0,OK,,,,,
2026-05-04 9:59:16,-40,0,0,0,0,OK,,,,,
2026-05-04 9:59:32,15.6,63,4.2,449,63212.1,OK,,,,,
2026-05-04 9:59:48,-40,0,0,0,0,OK,,,,,
2026-05-04 10:00:04,-40,0,0,0,0,OK,,,,,
2026-05-04 10:00:20,-40,0,0,0,0,OK,,,,,
2026-05-04 10:00:36,15.5,64,2,449,63246.9,OK,,,,,
2026-05-04 10:01:40,15.7,63,0.4,449,62220.3,OK,,,,,
2026-05-04 10:01:56,-40,0,0,0,0,OK,,,,,
2026-05-04 10:02:12,-40,0,0,0,0,OK,,,,,
2026-05-04 10:02:28,-40,0,0,0,0,OK,,,,,
2026-05-04 10:02:44,-40,0,0,0,0,OK,,,,,
2026-05-04 10:03:00,15.8,63,3.4,449,65610.4,OK,,,,,
2026-05-04 10:03:16,15.9,64,0.6,24816,65518.5,OK,,,,,
2026-05-04 10:03:32,15.9,63,0.6,449,999382.8,OK,,,,,
2026-05-04 10:03:48,-40,0,0,0,0,OK,,,,,
2026-05-04 10:04:04,15.8,62,2.2,449,64517.1,OK,,,,,
2026-05-04 10:04:20,-40,0,0,0,0,OK,,,,,
2026-05-04 10:04:36,-40,0,0,0,0,OK,,,,,
2026-05-04 10:04:52,15.5,63,2.2,451,65368.4,OK,,,,,
2026-05-04 10:05:08,-40,0,0,0,0,OK,,,,,
2026-05-04 10:05:24,15.4,64,1.3,449,63722.5,OK,,,,,
2026-05-04 10:05:40,-40,0,0,0,0,OK,,,,,
2026-05-04 10:05:56,-40,0,0,0,0,OK,,,,,
2026-05-04 10:06:12,15.5,64,0.6,449,166033.9,OK,,,,,
2026-05-04 10:06:28,-40,0,0,0,0,OK,,,,,
2026-05-04 10:06:44,-40,0,0,0,0,OK,,,,,
2026-05-04 10:07:00,15.6,63,2,449,62478.4,OK,,,,,
2026-05-04 10:07:16,15.6,63,2,449,61791.4,OK,,,,,
2026-05-04 10:07:32,-40,0,0,0,0,OK,,,,,
2026-05-04 10:07:48,15.6,64,0.7,449,64473.6,OK,,,,,
2026-05-04 10:08:04,15.7,64,0.3,449,63966.1,OK,,,,,
2026-05-04 10:08:20,-40,0,0,0,0,OK,,,,,
2026-05-04 10:08:36,16,65,0,449,65830.8,OK,,,,,
2026-05-04 10:08:52,16.2,64,2.2,449,65622,OK,,,,,
2026-05-04 10:09:08,16.1,62,0.6,449,64839,OK,,,,,
2026-05-04 10:09:24,16,63,0.8,449,52495.9,OK,,,,,
2026-05-04 10:09:40,-40,0,0,0,0,OK,,,,,
2026-05-04 10:09:56,16,64,0.3,449,56383.8,OK,,,,,
2026-05-04 10:10:12,16,63,1.8,449,57797.8,OK,,,,,
2026-05-04 10:10:28,15.9,63,1.8,455,66590.6,OK,,,,,
2026-05-04 10:10:44,-40,0,0,0,0,OK,,,,,
2026-05-04 10:11:00,-40,0,0,0,0,OK,,,,,
2026-05-04 10:11:16,15.7,63,2.1,449,63887.8,OK,,,,,
2026-05-04 10:11:32,15.5,63,1.7,449,63487.6,OK,,,,,
2026-05-04 10:11:48,15.4,63,2.2,449,64044.4,OK,,,,,
2026-05-04 10:12:04,-40,0,0,0,0,OK,,,,,
2026-05-04 10:12:20,15.4,65,0.6,449,63974.8,OK,,,,,
2026-05-04 10:12:36,15.5,64,1.5,449,59367.9,OK,,,,,
2026-05-04 10:12:52,15.6,64,0.8,449,63281.7,OK,,,,,
2026-05-04 10:13:08,-40,0,0,0,0,OK,,,,,
2026-05-04 10:14:12,15.6,64,0.6,449,65048.4,OK,,,,,
2026-05-04 10:14:28,15.6,71,1.5,449,63360,OK,,,,,
2026-05-04 10:14:44,15.5,64,1.7,449,64618.6,OK,,,,,
2026-05-04 10:15:00,-40,0,0,0,0,OK,,,,,
2026-05-04 10:15:16,-40,0,0,0,0,OK,,,,,
2026-05-04 10:15:32,15.5,65,0.3,449,65683.1,OK,,,,,
2026-05-04 10:15:48,-40,0,0,0,0,OK,,,,,
2026-05-04 10:16:04,15.6,64,1.5,449,65764.1,OK,,,,,
2026-05-04 10:16:20,15.7,64,3.2,449,64412.7,OK,,,,,
2026-05-04 10:16:36,15.4,63,2.8,449,65314.5,OK,,,,,
2026-05-04 10:16:52,15.3,64,2,449,64586.7,OK,,,,,
2026-05-04 10:17:08,117.7,64,72.4,449,63568.8,OK,,,,,
2026-05-04 10:17:40,15.2,65,1,449,63737,OK,,,,,
2026-05-04 10:17:56,-40,0,0,0,0,OK,,,,,
2026-05-04 10:18:28,36.5,116,13.4,449,64862.2,OK,,,,,
2026-05-04 10:18:44,15.7,208,0,449,64792.6,OK,,,,,
2026-05-04 10:19:00,15.8,65,0.4,449,64839,OK,,,,,
2026-05-04 10:19:16,15.7,63,2.1,449,64763.6,OK,,,,,
2026-05-04 10:19:32,15.6,64,2.4,449,64609.9,OK,,,,,
2026-05-04 10:19:48,15.5,192,1.4,449,64453.3,OK,,,,,
2026-05-04 10:20:04,-40,0,0,0,0,OK,,,,,
2026-05-04 10:20:20,15.4,63,1.8,449,65363.9,OK,,,,,
2026-05-04 10:20:36,15.3,64,1.3,449,64580.9,OK,,,,,
2026-05-04 10:20:52,117.7,65,37,449,65404.5,OK,,,,,
2026-05-04 10:21:08,15.4,65,0.3,449,65297.2,OK,,,,,
2026-05-04 10:21:24,15.6,65,0.4,449,64928.9,OK,,,,,
2026-05-04 10:21:40,-40,0,0,0,0,OK,,,,,
2026-05-04 10:21:56,15.8,64,1.8,449,65233.4,OK,,,,,
2026-05-04 10:22:12,15.6,63,2.2,449,64198.1,OK,,,,,
2026-05-04 10:22:28,15.5,64,0.4,449,65720.6,OK,,,,,
2026-05-04 10:23:32,15.5,64,1.8,449,66915.4,OK,,,,,
2026-05-04 10:23:48,-40,0,0,0,0,OK,,,,,
2026-05-04 10:24:04,15.6,64,1.4,449,66703.7,OK,,,,,
2026-05-04 10:24:20,-40,0,0,0,0,OK,,,,,
2026-05-04 10:24:36,15.6,64,1,449,66605.1,OK,,,,,
2026-05-04 10:24:52,15.7,64,1.1,449,65949.7,OK,,,,,
2026-05-04 10:25:08,15.6,64,1.5,449,65967.1,OK,,,,,
2026-05-04 10:25:24,15.6,64,0.6,449,66471.7,OK,,,,,
2026-05-04 10:25:40,15.6,64,1.1,449,1668262.6,OK,,,,,
2026-05-04 10:25:56,15.6,64,2.1,449,66274.5,OK,,,,,
2026-05-04 10:26:12,15.6,64,2.4,449,66260,OK,,,,,
2026-05-04 10:26:28,15.6,64,1.7,449,66323.8,OK,,,,,
2026-05-04 10:26:44,-40,0,0,0,0,OK,,,,,
2026-05-04 10:27:16,15.5,64,0.6,449,66538.4,OK,,,,,
2026-05-04 10:27:32,-40,0,0,0,0,OK,,,,,
2026-05-04 10:27:48,-40,0,0,0,0,OK,,,,,
2026-05-04 10:28:04,-40,0,0,0,0,OK,,,,,
2026-05-04 10:28:20,15.9,64,0.6,449,66454.3,OK,,,,,
2026-05-04 10:28:36,15.8,65,0.8,449,68026.1,OK,,,,,
2026-05-04 10:28:52,15.8,64,1.1,449,67652,OK,,,,,
2026-05-04 10:29:08,15.9,64,0.3,449,172074.6,OK,,,,,
2026-05-04 10:29:24,15.8,63,0.4,449,67831.8,OK,,,,,
2026-05-04 10:29:40,16,65,0.3,449,67869.5,OK,,,,,
2026-05-04 10:29:56,16.2,65,0.3,449,67779.6,OK,,,,,
2026-05-04 10:30:12,16.3,63,0.1,449,67973.9,OK,,,,,
2026-05-04 10:31:16,16.5,62,2,449,68864.2,OK,,,,,
2026-05-04 10:31:32,-40,0,0,0,0,OK,,,,,
2026-05-04 10:32:52,15.9,63,1,449,68417.6,OK,,,,,
2026-05-04 10:33:08,-40,0,0,0,0,OK,,,,,
2026-05-04 10:34:12,15.3,65,0.7,449,67605.6,OK,,,,,
2026-05-04 10:34:28,15.4,64,2.7,449,66584.8,OK,,,,,
2026-05-04 10:35:32,15.6,64,1.5,449,67762.2,OK,,,,,
2026-05-04 10:35:48,15.7,65,1.1,449,67417.1,OK,,,,,
2026-05-04 10:36:04,15.8,65,1.5,449,67243.1,OK,,,,,
2026-05-04 10:36:20,15.9,64,2,449,66718.2,OK,,,,,
2026-05-04 10:36:36,-40,0,0,0,0,OK,,,,,
2026-05-04 10:36:52,16.1,63,2.7,449,66822.6,OK,,,,,
2026-05-04 10:37:56,15.9,65,1.5,449,67585.3,OK,,,,,
2026-05-04 10:38:28,15.9,63,1.5,449,67683.9,OK,,,,,
2026-05-04 10:38:44,-40,0,0,0,0,OK,,,,,
2026-05-04 10:39:00,-40,0,0,0,0,OK,,,,,
2026-05-04 10:39:16,15.8,65,0.1,449,800779.4,OK,,,,,
2026-05-04 10:39:32,16,65,1.8,449,68252.3,OK,,,,,
2026-05-04 10:39:48,15.8,63,3.1,449,68809.1,OK,,,,,
2026-05-04 10:40:04,15.8,64,0.7,449,68478.5,OK,,,,,
2026-05-04 10:40:20,15.8,64,0.3,449,68478.5,OK,,,,,
2026-05-04 10:40:36,15.9,64,0.8,449,68519.1,OK,,,,,
2026-05-04 10:40:52,16,63,0.4,449,68313.2,OK,,,,,
2026-05-04 10:41:08,16.1,64,0,449,68527.8,OK,,,,,
2026-05-04 10:41:24,16.1,63,0.1,449,68397.3,OK,,,,,
2026-05-04 10:41:40,16.1,63,1,449,68281.3,OK,,,,,
2026-05-04 10:41:56,16.2,63,1.7,449,68362.5,OK,,,,,
2026-05-04 10:42:28,-40,0,0,0,0,OK,,,,,
2026-05-04 10:42:44,15.9,63,0.8,449,68397.3,OK,,,,,
2026-05-04 10:43:00,15.9,63,0.7,449,68632.2,OK,,,,,
2026-05-04 10:43:16,15.9,63,1.5,449,68124.7,OK,,,,,
2026-05-04 10:44:20,-40,0,0,0,0,OK,,,,,
2026-05-04 10:44:36,15.8,64,2.7,961,69281.8,OK,,,,,
2026-05-04 10:44:52,15.7,63,1.8,449,69142.6,OK,,,,,
2026-05-04 10:45:08,15.7,64,1.7,449,69142.6,OK,,,,,
2026-05-04 10:45:24,15.8,64,1.1,449,68800.4,OK,,,,,
2026-05-04 10:45:40,15.9,64,1.5,449,69360.1,OK,,,,,
2026-05-04 10:45:56,16,63,0.8,449,69786.4,OK,,,,,
2026-05-04 10:46:12,15.9,63,1.8,449,69264.4,OK,,,,,
2026-05-04 10:46:28,16,64,1.4,449,69650.1,OK,,,,,
2026-05-04 10:46:44,15.9,192,0.4,449,69560.2,OK,,,,,
2026-05-04 10:47:00,-40,0,0,0,0,OK,,,,,
2026-05-04 10:47:16,15.9,64,1.7,449,69412.3,OK,,,,,
2026-05-04 10:47:32,15.7,63,2,449,69493.5,OK,,,,,
2026-05-04 10:47:48,15.7,65,0.8,449,69348.5,OK,,,,,
2026-05-04 10:48:04,15.7,64,0.7,449,69426.8,OK,,,,,
2026-05-04 10:48:20,15.7,64,2,449,69713.9,OK,,,,,
2026-05-04 10:48:36,15.7,64,2,449,69760.3,OK,,,,,
2026-05-04 10:48:52,15.7,64,2.1,449,69803.8,OK,,,,,
2026-05-04 10:49:08,15.6,64,0.7,449,69409.4,OK,,,,,
2026-05-04 10:49:24,15.7,65,0.1,449,69624,OK,,,,,
2026-05-04 10:49:40,15.9,192,18.5,449,69655.9,OK,,,,,
2026-05-04 10:49:56,16,64,0,449,69502.2,OK,,,,,
2026-05-04 10:50:12,16.2,65,0,449,200945.4,OK,,,,,
2026-05-04 10:50:28,16.4,64,0,449,69386.2,OK,,,,,
2026-05-04 10:50:44,16.5,63,0,449,69357.2,OK,,,,,
2026-05-04 10:51:00,16.7,63,1.5,449,70206.9,OK,,,,,
2026-05-04 10:51:16,16.5,61,1.8,449,70628,OK,,,,,
2026-05-04 10:51:32,16.5,61,2.7,449,70853.6,OK,,,,,
2026-05-04 10:51:48,16.2,61,2.9,449,70772.4,OK,,,,,
2026-05-04 10:52:04,16,62,2.8,449,70725.4,OK,,,,,
2026-05-04 10:52:20,-40,0,0,0,0,OK,,,,,
2026-05-04 10:52:36,15.8,62,1.7,449,70465,OK,,,,,
2026-05-04 10:52:52,15.7,63,1.4,449,70117.3,OK,,,,,
2026-05-04 10:53:08,15.7,63,1.8,449,70389.6,OK,,,,,
2026-05-04 10:53:24,15.7,63,1.5,449,70517.2,OK,,,,,
2026-05-04 10:53:40,15.6,63,2.7,449,641925.8,OK,,,,,
2026-05-04 10:53:56,15.6,64,1.7,449,71265.4,OK,,,,,
2026-05-04 10:54:12,15.6,63,2.4,449,71308.9,OK,,,,,
2026-05-04 10:54:28,15.5,63,2.9,449,71555.4,OK,,,,,
2026-05-04 10:54:44,15.5,63,1.4,449,71459.7,OK,,,,,
2026-05-04 10:55:00,15.5,64,2,449,70962.4,OK,,,,,
2026-05-04 10:55:16,15.4,63,3.2,24816,70807.2,OK,,,,,
2026-05-04 10:55:32,15.3,64,1,449,70595.5,OK,,,,,
2026-05-04 10:55:48,-40,0,0,0,0,OK,,,,,
2026-05-04 10:56:04,15.5,64,1.4,449,70781.1,OK,,,,,
2026-05-04 10:56:20,15.6,64,1.3,449,70975.4,OK,,,,,
2026-05-04 10:56:36,15.7,64,1.1,449,71114.6,OK,,,,,
2026-05-04 10:56:52,15.7,64,0.6,449,71288.6,OK,,,,,
2026-05-04 10:57:08,15.8,63,0.3,449,71482.9,OK,,,,,
2026-05-04 10:57:24,-40,0,0,0,0,OK,,,,,
2026-05-04 10:57:40,15.7,63,1.7,449,72083.2,OK,,,,,
2026-05-04 10:57:56,15.7,63,1,449,72541.4,OK,,,,,
2026-05-04 10:58:12,15.7,64,1.8,449,71552.5,OK,,,,,
2026-05-04 10:58:28,15.7,64,0.8,449,72248.5,OK,,,,,
2026-05-04 10:58:44,15.7,64,1.1,449,71622.1,OK,,,,,
2026-05-04 10:59:00,15.7,63,2,449,69769,OK,,,,,
2026-05-04 10:59:16,15.6,63,1,449,74723,OK,,,,,
2026-05-04 10:59:32,15.6,64,0.7,449,42039.2,OK,,,,,
2026-05-04 10:59:48,15.5,65,0.7,449,28513.6,OK,,,,,
2026-05-04 11:00:04,-40,0,0,0,0,OK,,,,,
2026-05-04 11:00:20,15.7,65,0,449,65903.3,OK,,,,,
2026-05-04 11:00:36,15.9,65,0.1,449,75864.8,OK,,,,,
2026-05-04 11:00:52,16,64,0.1,449,75052.8,OK,,,,,
2026-05-04 11:01:08,16.2,64,0.1,449,75264.5,OK,,,,,
2026-05-04 11:01:24,16.4,64,0.6,449,68220.4,OK,,,,,
2026-05-04 11:01:40,-40,0,0,0,0,OK,,,,,
2026-05-04 11:01:56,-40,0,0,0,0,OK,,,,,
2026-05-04 11:02:12,16.3,63,0.1,449,73736.2,OK,,,,,
2026-05-04 11:02:28,16.4,64,1.3,449,74974.5,OK,,,,,
2026-05-04 11:02:44,-9.4,64,38.1,449,75160.1,OK,,,,,
2026-05-04 11:03:00,16.1,63,1.8,449,75716.9,OK,,,,,
2026-05-04 11:03:16,16,63,0.6,449,75682.1,OK,,,,,
2026-05-04 11:03:32,15.9,63,1.5,1985,76059.1,OK,,,,,
2026-05-04 11:03:48,-40,0,0,0,0,OK,,,,,
2026-05-04 11:04:04,15.9,64,0.7,449,75551.6,OK,,,,,
2026-05-04 11:04:20,16,64,0.1,449,74768.6,OK,,,,,
2026-05-04 11:04:36,16,64,1.5,449,76592.7,OK,,,,,
2026-05-04 11:04:52,16.2,64,0.3,449,78489.3,OK,,,,,
2026-05-04 11:05:08,16.2,63,1,449,77709.2,OK,,,,,
2026-05-04 11:05:24,16.4,63,0,449,78280.5,OK,,,,,
2026-05-04 11:05:40,16.2,62,0,449,75078.9,OK,,,,,
2026-05-04 11:05:56,-40,0,0,0,0,OK,,,,,
2026-05-04 11:06:12,16.2,64,0.1,449,51974.6,OK,,,,,
2026-05-04 11:06:28,16.4,64,0.4,449,78274.7,OK,,,,,
2026-05-04 11:06:44,-40,0,0,0,0,OK,,,,,
2026-05-04 11:07:00,-40,0,0,0,0,OK,,,,,
2026-05-04 11:07:16,16.4,62,1.4,449,79373.8,OK,,,,,
2026-05-04 11:07:32,16.4,63,1.1,449,46931.5,OK,,,,,
2026-05-04 11:07:48,16.2,62,2,449,29180.6,OK,,,,,
2026-05-04 11:08:04,16.1,63,0.4,449,77514.9,OK,,,,,
2026-05-04 11:08:20,16.3,63,1.1,449,75812.6,OK,,,,,
2026-05-04 11:08:36,16.3,62,2.5,449,37953.1,OK,,,,,
2026-05-04 11:08:52,16.2,62,0.7,449,80615,OK,,,,,
2026-05-04 11:09:08,-40,0,0,0,0,OK,,,,,
2026-05-04 11:09:24,16.3,61,1.8,449,81859.1,OK,,,,,
2026-05-04 11:09:40,16.3,63,1.5,449,81998.3,OK,,,,,
2026-05-04 11:09:56,16.2,63,1.5,449,29224.1,OK,,,,,
2026-05-04 11:10:12,16.1,63,1.3,449,26373.4,OK,,,,,
2026-05-04 11:10:28,16,63,1.3,449,25834,OK,,,,,
2026-05-04 11:10:44,15.9,63,2.8,449,27985.8,OK,,,,,
2026-05-04 11:11:00,15.7,63,2.4,449,67219.9,OK,,,,,
2026-05-04 11:11:16,15.4,62,2.9,449,32675.1,OK,,,,,
2026-05-04 11:11:32,15.2,64,1.4,449,26559,OK,,,,,
2026-05-04 11:11:48,-40,0,0,0,0,OK,,,,,
2026-05-04 11:12:04,15.2,65,3.4,449,34165.7,OK,,,,,
2026-05-04 11:12:20,15,65,1.5,449,71219,OK,,,,,
2026-05-04 11:12:36,15,65,0.6,449,29430,OK,,,,,
2026-05-04 11:12:52,15,66,0.1,449,830359.1,OK,,,,,
2026-05-04 11:13:08,15.2,67,0,449,72329.7,OK,,,,,
2026-05-04 11:13:24,15.3,67,0.6,449,78744.5,OK,,,,,
2026-05-04 11:13:40,15.4,65,2,449,77503.3,OK,,,,,
2026-05-04 11:13:56,-40,0,0,0,0,OK,,,,,
2026-05-04 11:14:12,15.2,64,1.3,449,76885.6,OK,,,,,
2026-05-04 11:14:28,15.2,64,1,449,75879.3,OK,,,,,
2026-05-04 11:14:44,36.7,65,1.5,449,75432.7,OK,,,,,
2026-05-04 11:15:00,15.2,64,2.1,449,75279,OK,,,,,
2026-05-04 11:15:16,15.1,64,1.8,449,75189.1,OK,,,,,
2026-05-04 11:15:32,15.2,65,1.4,449,75687.9,OK,,,,,
2026-05-04 11:15:48,15.2,65,1.8,449,75418.2,OK,,,,,
2026-05-04 11:16:04,15.3,64,1.8,449,74252.4,OK,,,,,
2026-05-04 11:16:20,15.2,64,0.1,449,71836.7,OK,,,,,
2026-05-04 11:16:36,15.4,64,1.7,449,73060.5,OK,,,,,
2026-05-04 11:16:52,15.4,64,2.7,449,73367.9,OK,,,,,
2026-05-04 11:17:08,-40,0,0,0,0,OK,,,,,
2026-05-04 11:17:24,-40,0,0,0,0,OK,,,,,
2026-05-04 11:17:40,-40,0,0,0,0,OK,,,,,
2026-05-04 11:17:56,15.6,64,0.4,449,73678.2,OK,,,,,
2026-05-04 11:18:12,15.6,64,0.7,449,75038.3,OK,,,,,
2026-05-04 11:18:28,15.6,64,0.6,449,75235.5,OK,,,,,
2026-05-04 11:18:44,15.6,63,1.8,449,75757.5,OK,,,,,
2026-05-04 11:19:00,15.5,63,1.4,449,75960.5,OK,,,,,
2026-05-04 11:19:16,15.5,63,1,449,75151.4,OK,,,,,
2026-05-04 11:19:32,15.5,63,1.5,449,73834.8,OK,,,,,
2026-05-04 11:19:48,15.5,64,0.4,449,75296.4,OK,,,,,
2026-05-04 11:20:04,15.6,63,0.8,449,75221,OK,,,,,
2026-05-04 11:20:20,15.5,63,1.1,449,71819.3,OK,,,,,
2026-05-04 11:20:36,15.5,63,0.8,449,68478.5,OK,,,,,
2026-05-04 11:20:52,15.6,64,0.8,449,49663.3,OK,,,,,
2026-05-04 11:21:08,15.7,64,0.4,449,76801.5,OK,,,,,
2026-05-04 11:21:24,15.7,63,1,449,76537.6,OK,,,,,
2026-05-04 11:21:40,15.7,63,0.7,449,76398.4,OK,,,,,
2026-05-04 11:21:56,-40,0,0,0,0,OK,,,,,
2026-05-04 11:22:12,15.8,63,0.1,449,75151.4,OK,,,,,
2026-05-04 11:22:28,15.9,63,1.8,449,73904.4,OK,,,,,
2026-05-04 11:22:44,15.9,62,0.7,449,69928.5,OK,,,,,
2026-05-04 11:23:00,15.8,62,0.1,449,74185.7,OK,,,,,
2026-05-04 11:23:16,16,63,0.1,449,75470.4,OK,,,,,
2026-05-04 11:23:32,15.9,62,2.7,449,75516.8,OK,,,,,
2026-05-04 11:23:48,15.7,62,1.7,449,76178,OK,,,,,
2026-05-04 11:24:04,15.8,63,0.1,449,1649906.2,OK,,,,,
2026-05-04 11:24:20,15.6,63,0.8,449,75859,OK,,,,,
2026-05-04 11:24:36,15.5,63,3.1,449,51090.1,OK,,,,,
2026-05-04 11:24:52,15.3,63,2.7,449,22658.5,OK,,,,,
2026-05-04 11:25:08,15.1,63,2.4,449,63644.2,OK,,,,,
2026-05-04 11:25:24,15.1,64,2.2,449,57270,OK,,,,,
2026-05-04 11:25:40,15.1,64,1.4,449,74646.8,OK,,,,,
2026-05-04 11:25:56,15.2,64,1.1,449,74881.7,OK,,,,,
2026-05-04 11:26:12,15.3,64,2.4,449,74858.5,OK,,,,,
2026-05-04 11:26:28,15.3,64,0.4,449,73889.9,OK,,,,,
2026-05-04 11:26:44,15.4,64,0.7,449,73414.3,OK,,,,,
2026-05-04 11:27:00,15.6,64,0.6,449,73394,OK,,,,,
2026-05-04 11:27:16,15.7,63,0.4,449,74020.4,OK,,,,,
2026-05-04 11:27:32,15.7,63,0.8,449,73976.9,OK,,,,,
2026-05-04 11:27:48,15.8,63,1.1,24816,74527.9,OK,,,,,
2026-05-04 11:28:04,15.7,63,0.6,449,75798.1,OK,,,,,
2026-05-04 11:28:20,15.8,63,1.1,449,77596.1,OK,,,,,
2026-05-04 11:28:36,-40,0,0,0,0,OK,,,,,
2026-05-04 11:28:52,15.7,63,1.3,449,48242.3,OK,,,,,
2026-05-04 11:29:08,15.6,63,0.1,449,33838,OK,,,,,
2026-05-04 11:29:24,15.7,63,0.4,449,25320.7,OK,,,,,
2026-05-04 11:29:40,-40,0,0,0,0,OK,,,,,
2026-05-04 11:29:56,-40,0,0,0,0,OK,,,,,
2026-05-04 11:30:12,15.7,62,2.1,449,74928.1,OK,,,,,
2026-05-04 11:30:28,15.7,63,2.5,449,76096.8,OK,,,,,
2026-05-04 11:30:44,15.6,63,1.4,449,76085.2,OK,,,,,
2026-05-04 11:31:00,15.8,63,0.4,449,74974.5,OK,,,,,
2026-05-04 11:31:16,15.7,63,1.7,449,75012.2,OK,,,,,
2026-05-04 11:31:32,15.7,63,1.3,449,74298.8,OK,,,,,
2026-05-04 11:31:48,15.6,63,2.1,449,74327.8,OK,,,,,
2026-05-04 11:32:04,15.6,64,1,449,74736.7,OK,,,,,
2026-05-04 11:32:20,15.5,64,2.1,449,73852.2,OK,,,,,
2026-05-04 11:32:36,15.6,64,1.5,449,157880.3,OK,,,,,
2026-05-04 11:32:52,15.7,64,0.4,449,75505.2,OK,,,,,
2026-05-04 11:33:08,-40,0,0,0,0,OK,,,,,
2026-05-04 11:33:24,15.9,63,2.8,449,75203.6,OK,,,,,
2026-05-04 11:33:40,15.8,63,0.4,449,76102.6,OK,,,,,
2026-05-04 11:33:56,15.7,63,0.8,449,75189.1,OK,,,,,
2026-05-04 11:34:12,15.8,63,0.4,449,76755.1,OK,,,,,
2026-05-04 11:34:28,15.8,63,1.5,449,77984.7,OK,,,,,
2026-05-04 11:34:44,15.9,64,0.6,449,58798.3,OK,,,,,
2026-05-04 11:35:00,15.8,62,0.4,449,81084.8,OK,,,,,
2026-05-04 11:35:16,15.9,63,1,449,73797.1,OK,,,,,
2026-05-04 11:35:32,15.9,63,1.4,449,38098.1,OK,,,,,
2026-05-04 11:35:48,118.2,63,1.4,449,85025.9,OK,,,,,
2026-05-04 11:36:04,15.5,62,2.5,449,61083.5,OK,,,,,
2026-05-04 11:36:20,-40,0,0,0,0,OK,,,,,
2026-05-04 11:36:36,-40,0,0,0,0,OK,,,,,
2026-05-04 11:36:52,15.6,64,0.3,449,26811.3,OK,,,,,
2026-05-04 11:37:08,15.7,64,0,449,24833.5,OK,,,,,
2026-05-04 11:37:24,15.8,64,0,449,24743.6,OK,,,,,
2026-05-04 11:37:40,-40,0,0,0,0,OK,,,,,
2026-05-04 11:37:56,15.8,64,0.1,449,28771.7,OK,,,,,
2026-05-04 11:38:12,15.9,64,0,449,30126,OK,,,,,
2026-05-04 11:38:28,15.9,64,0.4,449,85307.2,OK,,,,,
2026-05-04 11:38:44,15.9,63,0.3,449,84759.1,OK,,,,,
2026-05-04 11:39:00,15.9,63,1.1,449,31845.7,OK,,,,,
2026-05-04 11:39:16,15.9,63,0.3,449,36366.8,OK,,,,,
2026-05-04 11:39:32,16.1,64,0.7,449,33060.8,OK,,,,,
2026-05-04 11:39:48,-40,0,0,0,0,OK,,,,,
2026-05-04 11:40:04,16.1,63,0.3,449,34974.8,OK,,,,,
2026-05-04 11:40:20,16,63,1,449,41122.8,OK,,,,,
2026-05-04 11:40:36,16,63,0.1,449,30271,OK,,,,,
2026-05-04 11:40:52,-40,0,0,0,0,OK,,,,,
2026-05-04 11:41:08,16,64,0.4,449,80733.9,OK,,,,,
2026-05-04 11:41:24,16,63,1.7,449,81464.7,OK,,,,,
2026-05-04 11:41:40,17.5,62,2.2,449,75722.7,OK,,,,,
2026-05-04 11:41:56,15.8,64,0.3,449,55425.6,OK,,,,,
2026-05-04 11:42:12,15.9,64,0,449,83152.5,OK,,,,,
2026-05-04 11:42:28,16,63,0,449,81374.8,OK,,,,,
2026-05-04 11:42:44,16,63,1,449,78796.7,OK,,,,,
2026-05-04 11:43:00,16.2,63,0.3,449,186194.7,OK,,,,,
2026-05-04 11:43:16,16.1,62,0.6,449,81253,OK,,,,,
2026-05-04 11:43:32,17.5,62,0.4,449,80852.8,OK,,,,,
2026-05-04 11:43:48,16.1,61,1.4,449,80803.5,OK,,,,,
2026-05-04 11:44:04,16,61,0.8,449,81734.4,OK,,,,,
2026-05-04 11:44:20,15.9,61,2.2,449,82070.8,OK,,,,,
2026-05-04 11:44:36,15.9,62,0.8,449,81476.3,OK,,,,,
2026-05-04 11:44:52,15.9,62,1.5,449,80435.2,OK,,,,,
2026-05-04 11:45:08,15.7,62,1,449,79701.5,OK,,,,,
2026-05-04 11:45:24,-40,0,0,0,0,OK,,,,,
2026-05-04 11:45:40,15.4,62,1.7,449,82935,OK,,,,,
2026-05-04 11:45:56,15.5,64,0.4,449,83764.4,OK,,,,,
2026-05-04 11:46:12,15.7,64,0.6,449,84448.8,OK,,,,,
2026-05-04 11:46:28,15.8,63,1.8,449,86580.3,OK,,,,,
2026-05-04 11:46:44,-40,0,0,0,0,OK,,,,,
2026-05-04 11:47:00,-40,0,0,0,0,OK,,,,,
2026-05-04 11:47:16,15.5,63,2.8,449,90129.9,OK,,,,,
2026-05-04 11:47:32,15.6,64,1,449,89242.5,OK,,,,,
2026-05-04 11:47:48,15.8,65,0.8,449,82659.5,OK,,,,,
2026-05-04 11:48:04,15.9,64,2,449,37248.4,OK,,,,,
2026-05-04 11:48:20,15.6,63,1.1,449,33269.6,OK,,,,,
2026-05-04 11:48:36,-40,0,0,0,0,OK,,,,,
2026-05-04 11:48:52,15.4,65,0.6,449,31454.2,OK,,,,,
2026-05-04 11:49:08,15.3,65,1.7,449,27716.1,OK,,,,,
2026-05-04 11:49:24,15.2,65,2.9,449,26489.4,OK,,,,,
2026-05-04 11:49:40,15.1,66,0.6,449,29113.9,OK,,,,,
2026-05-04 11:49:56,15.2,66,1,455,85090.4,OK,,,,,
2026-05-04 11:50:12,15.1,65,1.5,451,84086.3,OK,,,,,
2026-05-04 11:50:28,15.1,66,0.6,449,75194.9,OK,,,,,
2026-05-04 11:50:44,15.2,67,0.4,449,84280.6,OK,,,,,
2026-05-04 11:51:00,15.4,66,0.4,449,84199.4,OK,,,,,
2026-05-04 11:51:16,15.5,66,1.1,449,84184.9,OK,,,,,
2026-05-04 11:51:32,-40,0,0,0,0,OK,,,,,
2026-05-04 11:51:48,15.7,66,0.1,449,65520.5,OK,,,,,
2026-05-04 11:52:04,15.7,65,0.1,449,82456.5,OK,,,,,
2026-05-04 11:52:20,15.7,64,1.4,449,84605.4,OK,,,,,
2026-05-04 11:52:36,15.8,64,0.4,449,83538.2,OK,,,,,
2026-05-04 11:52:52,15.7,64,2.4,449,64415.6,OK,,,,,
2026-05-04 11:53:08,15.5,64,0.6,449,34398.3,OK,,,,,
2026-05-04 11:53:40,15.3,65,0.7,449,85173.8,OK,,,,,
2026-05-04 11:53:56,15.3,66,0,449,85025.9,OK,,,,,
2026-05-04 11:54:12,15.4,66,0.8,449,84251.6,OK,,,,,
2026-05-04 11:54:28,15.5,65,1,449,73733.3,OK,,,,,
2026-05-04 11:54:44,15.6,65,0.1,449,39156.6,OK,,,,,
2026-05-04 11:55:00,15.6,65,0.3,449,61187.9,OK,,,,,
2026-05-04 11:55:16,15.6,64,1.3,449,84654.7,OK,,,,,
2026-05-04 11:55:32,15.6,64,0.8,449,88671.2,OK,,,,,
2026-05-04 11:55:48,15.7,65,0.1,449,87986.8,OK,,,,,
2026-05-04 11:56:04,15.9,64,0,449,87891.1,OK,,,,,
2026-05-04 11:56:20,-40,0,0,0,0,OK,,,,,
2026-05-04 11:56:36,16.1,64,0.6,449,86783.3,OK,,,,,
2026-05-04 11:56:52,-40,0,0,0,0,OK,,,,,
2026-05-04 11:57:08,16,63,1.4,449,84895.4,OK,,,,,
2026-05-04 11:57:24,15.8,63,1.7,449,84044,OK,,,,,
2026-05-04 11:57:40,15.9,64,0.6,449,83117.7,OK,,,,,
2026-05-04 11:57:56,-40,0,0,0,0,OK,,,,,
2026-05-04 11:59:00,16.2,62,0.3,449,84722.4,OK,,,,,
2026-05-04 11:59:16,16.1,62,0,449,81670.6,OK,,,,,
2026-05-04 11:59:32,16.1,62,0.3,449,82566.7,OK,,,,,
2026-05-04 11:59:48,-40,0,0,0,0,OK,,,,,
2026-05-04 12:00:04,16.1,62,0.4,449,85402.9,OK,,,,,
2026-05-04 12:00:20,16.1,62,0.6,449,75383.4,OK,,,,,
2026-05-04 12:00:36,16.2,62,0.6,449,86406.3,OK,,,,,
2026-05-04 12:00:52,16.2,62,1.3,449,88131.8,OK,,,,,
2026-05-04 12:01:08,16.1,62,34.7,449,91750.3,OK,,,,,
2026-05-04 12:01:24,15.9,62,1.1,449,88395.7,OK,,,,,
2026-05-04 12:01:40,15.9,62,0.8,449,87235.7,OK,,,,,
2026-05-04 12:01:56,15.8,63,0.7,449,85014.3,OK,,,,,
2026-05-04 12:02:12,-40,0,0,0,0,OK,,,,,
2026-05-04 12:02:28,-40,0,0,0,0,OK,,,,,
2026-05-04 12:02:44,16.3,64,0.7,449,85591.4,OK,,,,,
2026-05-04 12:03:00,16.4,63,0.8,449,85817.6,OK,,,,,
2026-05-04 12:03:16,16.5,63,0.6,449,85562.4,OK,,,,,
2026-05-04 12:03:32,16.6,61,0.6,449,85281.1,OK,,,,,
2026-05-04 12:03:48,16.4,61,0.4,449,85843.7,OK,,,,,
2026-05-04 12:04:04,16.5,61,0.1,449,85623.3,OK,,,,,
2026-05-04 12:04:20,-40,0,0,0,0,OK,,,,,
2026-05-04 12:04:36,16.5,61,2.2,449,69064.3,OK,,,,,
2026-05-04 12:04:52,16.2,62,0.7,449,86855.8,OK,,,,,
2026-05-04 12:05:08,16.2,62,1.4,449,91733.4,OK,,,,,
2026-05-04 12:05:24,16.1,63,1,449,83549.8,OK,,,,,
2026-05-04 12:05:40,15.9,63,1.4,449,84703,OK,,,,,
2026-05-04 12:05:56,15.9,63,0.6,449,38562.1,OK,,,,,
2026-05-04 12:06:12,15.8,63,3.1,449,57554.2,OK,,,,,
2026-05-04 12:06:28,-40,0,0,0,0,OK,,,,,
2026-05-04 12:06:44,-40,0,0,0,0,OK,,,,,
2026-05-04 12:07:00,15.4,65,0.7,449,85194.1,OK,,,,,
2026-05-04 12:07:16,15.7,65,0.1,449,85530.5,OK,,,,,
2026-05-04 12:07:32,-40,0,0,0,0,OK,,,,,
2026-05-04 12:07:48,15.8,64,0.6,449,52928.7,OK,,,,,
2026-05-04 12:08:04,16,64,0.7,449,79869.7,OK,,,,,
2026-05-04 12:08:20,16.2,64,1.3,449,83590.4,OK,,,,,
2026-05-04 12:08:36,16.1,62,1.5,449,84086.3,OK,,,,,
2026-05-04 12:08:52,16.1,63,0.4,449,883231.1,OK,,,,,
2026-05-04 12:09:08,16.2,64,0.7,449,83013.3,OK,,,,,
2026-05-04 12:09:24,16.1,63,0.8,449,84669.2,OK,,,,,
2026-05-04 12:09:40,16.1,63,0.1,449,85649.4,OK,,,,,
2026-05-04 12:09:56,16.1,64,0.8,449,85913.3,OK,,,,,
2026-05-04 12:10:12,16.1,63,1.3,449,86156.9,OK,,,,,
2026-05-04 12:10:28,15.9,63,2,449,84002.2,OK,,,,,
2026-05-04 12:10:44,15.9,64,1.1,449,84767.8,OK,,,,,
2026-05-04 12:11:00,16,63,0.7,449,83680.3,OK,,,,,
2026-05-04 12:11:16,35.2,63,0.4,449,82865.4,OK,,,,,
2026-05-04 12:11:32,16,63,1.4,449,81978,OK,,,,,
2026-05-04 12:11:48,16,63,0.7,449,81313.9,OK,,,,,
2026-05-04 12:12:04,16,63,0.6,449,81316.8,OK,,,,,
2026-05-04 12:12:20,-40,0,0,0,0,OK,,,,,
2026-05-04 12:12:36,16.3,64,0.3,449,81750.3,OK,,,,,
2026-05-04 12:12:52,16.5,63,0.6,449,81398,OK,,,,,
2026-05-04 12:13:08,16.6,62,0.1,449,81096.4,OK,,,,,
2026-05-04 12:13:24,16.6,61,17.5,449,82001.2,OK,,,,,
2026-05-04 12:13:40,16.6,61,0.3,449,82679.8,OK,,,,,
2026-05-04 12:13:56,16.5,62,0.1,449,82186.8,OK,,,,,
2026-05-04 12:14:12,16.5,61,0.4,449,83242.4,OK,,,,,
2026-05-04 12:14:28,16.5,61,0.4,449,83955.8,OK,,,,,
2026-05-04 12:14:44,16.7,62,0.8,449,83709.3,OK,,,,,
2026-05-04 12:15:00,16.4,62,1.3,449,83894.9,OK,,,,,
2026-05-04 12:15:16,16.4,62,0.3,449,83433.8,OK,,,,,
2026-05-04 12:15:32,118.8,63,36,449,82123,OK,,,,,
2026-05-04 12:15:48,16.6,62,0.4,449,81844.6,OK,,,,,
2026-05-04 12:16:04,16.4,61,1.4,449,81305.2,OK,,,,,
2026-05-04 12:16:20,16.5,62,0.6,449,81348.7,OK,,,,,
2026-05-04 12:16:36,16.6,62,0.3,449,81374.8,OK,,,,,
2026-05-04 12:16:52,16.6,63,0.7,449,81325.5,OK,,,,,
2026-05-04 12:17:08,16.6,62,0.6,449,80905,OK,,,,,
2026-05-04 12:17:24,16.7,62,0.6,449,82099.8,OK,,,,,
2026-05-04 12:17:40,16.8,61,0.4,449,82775.5,OK,,,,,
2026-05-04 12:17:56,16.9,62,0.1,449,83546.9,OK,,,,,
2026-05-04 12:18:12,-40,0,0,0,0,OK,,,,,
2026-05-04 12:18:28,16.9,60,2.4,449,83132.2,OK,,,,,
2026-05-04 12:18:44,-40,0,0,0,0,OK,,,,,
2026-05-04 12:19:00,16.4,61,0.6,449,81067.4,OK,,,,,
2026-05-04 12:19:16,16.4,62,1.7,449,81473.4,OK,,,,,
2026-05-04 12:19:32,16.4,62,1.1,449,80529.9,OK,,,,,
2026-05-04 12:19:48,16.4,62,0.6,449,81342.9,OK,,,,,
2026-05-04 12:20:04,16.5,62,1.1,449,82088.2,OK,,,,,
2026-05-04 12:20:20,-40,0,0,0,0,OK,,,,,
2026-05-04 12:20:36,16.5,63,0.4,449,82848,OK,,,,,
2026-05-04 12:20:52,16.5,62,1,449,82572.5,OK,,,,,
2026-05-04 12:21:24,-40,0,0,0,0,OK,,,,,
2026-05-04 12:21:40,16.9,62,1.4,449,84428.5,OK,,,,,
2026-05-04 12:21:56,16.8,61,0.8,449,84103.7,OK,,,,,
2026-05-04 12:22:12,16.7,61,1.7,449,83448.3,OK,,,,,
2026-05-04 12:22:28,16.5,61,0.7,449,82833.5,OK,,,,,
2026-05-04 12:22:44,16.4,62,2,449,82729.1,OK,,,,,
2026-05-04 12:23:00,16.1,62,1.7,449,82273.8,OK,,,,,
2026-05-04 12:23:16,15.9,63,1.4,449,81427,OK,,,,,
2026-05-04 12:23:32,-40,0,0,0,0,OK,,,,,
2026-05-04 12:23:48,15.5,64,2.9,449,81714.1,OK,,,,,
2026-05-04 12:24:04,15.4,64,2.4,449,81325.5,OK,,,,,
2026-05-04 12:24:20,15.2,65,0.8,449,80760,OK,,,,,
2026-05-04 12:24:36,15.3,66,0.6,449,81461.8,OK,,,,,
2026-05-04 12:24:52,15.5,65,0.8,449,80794.8,OK,,,,,
2026-05-04 12:25:24,15.5,65,1.7,449,79965.4,OK,,,,,
2026-05-04 12:25:40,-40,0,0,0,0,OK,,,,,
2026-05-04 12:25:56,15.4,65,2,449,80217.7,OK,,,,,
2026-05-04 12:26:12,15.4,65,0.6,449,80217.7,OK,,,,,
2026-05-04 12:26:28,15.5,65,0.6,449,79426,OK,,,,,
2026-05-04 12:26:44,15.6,65,2,449,79124.4,OK,,,,,
2026-05-04 12:27:00,15.5,64,3.9,449,79138.9,OK,,,,,
2026-05-04 12:27:16,15.6,65,0.4,449,79544.9,OK,,,,,
2026-05-04 12:27:32,15.8,65,1.4,449,79011.3,OK,,,,,
2026-05-04 12:27:48,15.9,64,1,449,79202.7,OK,,,,,
2026-05-04 12:28:04,16,63,0.1,449,78956.2,OK,,,,,
2026-05-04 12:28:20,16.2,64,0.7,449,79025.8,OK,,,,,
2026-05-04 12:28:36,16.1,63,0.4,449,78840.2,OK,,,,,
2026-05-04 12:28:52,16.1,63,0.7,449,78993.9,OK,,,,,
2026-05-04 12:29:08,16.2,63,0.7,449,78999.7,OK,,,,,
2026-05-04 12:29:24,16.1,63,0.6,449,79211.4,OK,,,,,
2026-05-04 12:29:40,16.2,63,0.3,449,77514.9,OK,,,,,
2026-05-04 12:29:56,16.3,63,0.8,449,78277.6,OK,,,,,
2026-05-04 12:30:12,16.2,62,1.4,449,79025.8,OK,,,,,
2026-05-04 12:30:28,16.2,62,1.3,449,77955.7,OK,,,,,
2026-05-04 12:30:44,16.2,62,1.4,449,79231.7,OK,,,,,
2026-05-04 12:31:00,16.2,63,0.8,449,79107,OK,,,,,
2026-05-04 12:31:16,16.3,63,0.7,449,79602.9,OK,,,,,
2026-05-04 12:31:32,16.2,62,1.7,449,79669.6,OK,,,,,
2026-05-04 12:31:48,16.2,62,8.7,449,79211.4,OK,,,,,
2026-05-04 12:32:04,16.2,62,1.1,449,79022.9,OK,,,,,
2026-05-04 12:32:20,16.3,62,0.3,449,78680.7,OK,,,,,
2026-05-04 12:32:36,35.4,62,0.7,449,79385.4,OK,,,,,
2026-05-04 12:32:52,16.1,63,0.7,449,79362.2,OK,,,,,
2026-05-04 12:33:08,-40,0,0,0,0,OK,,,,,
2026-05-04 12:33:24,-40,0,0,0,0,OK,,,,,
2026-05-04 12:33:40,16,63,2.5,449,79101.2,OK,,,,,
2026-05-04 12:33:56,-40,0,0,0,0,OK,,,,,
2026-05-04 12:34:12,15.6,64,0.3,449,79704.4,OK,,,,,
2026-05-04 12:34:28,15.6,64,0.4,449,79034.5,OK,,,,,
2026-05-04 12:34:44,15.6,64,0.7,449,813553.9,OK,,,,,
2026-05-04 12:35:00,15.6,65,0.8,449,79716,OK,,,,,
2026-05-04 12:35:16,15.6,64,1.3,449,79861,OK,,,,,
2026-05-04 12:36:20,16,64,0.1,449,79440.5,OK,,,,,
2026-05-04 12:36:36,16,63,0.1,449,79252,OK,,,,,
2026-05-04 12:36:52,16.1,64,0.7,449,79443.4,OK,,,,,
2026-05-04 12:37:08,16.2,63,0.7,449,79704.4,OK,,,,,
2026-05-04 12:37:24,16.4,63,0.4,449,80017.6,OK,,,,,
2026-05-04 12:37:40,16.5,63,0.1,449,80217.7,OK,,,,,
2026-05-04 12:37:56,119,62,0.8,449,80394.6,OK,,,,,
2026-05-04 12:38:12,16.5,61,1,449,80316.3,OK,,,,,
2026-05-04 12:38:28,16.4,61,0.3,449,80626.6,OK,,,,,
2026-05-04 12:38:44,16.4,62,1,449,80397.5,OK,,,,,
2026-05-04 12:39:00,16.2,62,3.2,449,80432.3,OK,,,,,
2026-05-04 12:39:16,15.9,63,0.7,449,80768.7,OK,,,,,
2026-05-04 12:39:32,15.9,63,1.5,449,80623.7,OK,,,,,
2026-05-04 12:39:48,16,64,0.3,449,80757.1,OK,,,,,
2026-05-04 12:40:04,16.2,192,13.4,449,80751.3,OK,,,,,
2026-05-04 12:40:20,16.3,63,0.8,449,79504.3,OK,,,,,
2026-05-04 12:40:36,-40,0,0,0,0,OK,,,,,
2026-05-04 12:40:52,16.2,62,0.7,449,80046.6,OK,,,,,
2026-05-04 12:41:08,16.2,62,0.7,449,80043.7,OK,,,,,
2026-05-04 12:41:24,16.2,62,0.7,449,79788.5,OK,,,,,
2026-05-04 12:41:40,-40,0,0,0,0,OK,,,,,
2026-05-04 12:41:56,16.2,62,1.8,449,80322.1,OK,,,,,
2026-05-04 12:42:12,16.2,62,0.4,449,79775.8,OK,,,,,
2026-05-04 12:42:28,16.3,62,0,449,80322.1,OK,,,,,
2026-05-04 12:42:44,16.4,62,0.7,449,79875.5,OK,,,,,
2026-05-04 12:43:00,16.5,62,35.7,449,79852.3,OK,,,,,
2026-05-04 12:43:16,16.6,62,1.1,449,80272.8,OK,,,,,
2026-05-04 12:43:32,-40,0,0,0,0,OK,,,,,
2026-05-04 12:43:48,16.8,61,1.1,449,81226.9,OK,,,,,
2026-05-04 12:44:04,16.7,59,1.4,449,79629,OK,,,,,
2026-05-04 12:44:20,16.5,60,1,449,79797.2,OK,,,,,
2026-05-04 12:44:36,16.4,61,0.7,449,80238,OK,,,,,
2026-05-04 12:44:52,16.3,61,1,449,85019.1,OK,,,,,
2026-05-04 12:45:08,16.4,62,0.8,449,79881.3,OK,,,,,
2026-05-04 12:45:24,16.6,62,0.6,449,80281.5,OK,,,,,
2026-05-04 12:45:40,16.6,61,0.4,449,81067.4,OK,,,,,
2026-05-04 12:45:56,16.7,61,1,449,80905,OK,,,,,
2026-05-04 12:46:12,16.7,60,2.1,449,80646.9,OK,,,,,
2026-05-04 12:46:28,16.3,60,3.2,449,80994.9,OK,,,,,
2026-05-04 12:46:44,16.1,61,1.1,449,80539.6,OK,,,,,
2026-05-04 12:47:00,16.2,62,0.8,449,81174.7,OK,,,,,
2026-05-04 12:47:16,16.2,61,0.4,449,80507.7,OK,,,,,
2026-05-04 12:47:32,16.4,62,1,449,80696.2,OK,,,,,
2026-05-04 12:47:48,16.4,61,1.1,449,79710.2,OK,,,,,
2026-05-04 12:48:04,16.4,61,2.2,449,880046.9,OK,,,,,
2026-05-04 12:48:20,16.3,62,1.3,449,80371.4,OK,,,,,
2026-05-04 12:48:36,-40,0,0,0,0,OK,,,,,
2026-05-04 12:48:52,-40,0,0,0,0,OK,,,,,
2026-05-04 12:49:08,16.3,62,0.7,449,79170.8,OK,,,,,
2026-05-04 12:49:24,16.4,62,0.4,449,79336.1,OK,,,,,
2026-05-04 12:49:40,16.5,62,0.8,449,80557,OK,,,,,
2026-05-04 12:49:56,16.6,62,1.4,449,80081.4,OK,,,,,
2026-05-04 12:50:12,16.6,61,0.6,455,80716.5,OK,,,,,
2026-05-04 12:50:28,16.5,61,2.4,449,80258.3,OK,,,,,
2026-05-04 12:50:44,16.3,61,1.5,449,80562.8,OK,,,,,
2026-05-04 12:51:00,16.4,62,0.1,449,80823.8,OK,,,,,
2026-05-04 12:51:16,16.4,62,1.3,449,80887.6,OK,,,,,
2026-05-04 12:51:32,16.3,61,2.5,449,81052.9,OK,,,,,
2026-05-04 12:51:48,118.4,61,2.4,449,80812.2,OK,,,,,
2026-05-04 12:52:04,15.7,62,1.5,449,80322.1,OK,,,,,
2026-05-04 12:52:20,15.6,62,2.1,449,80899.2,OK,,,,,
2026-05-04 12:52:36,15.5,63,1.8,449,80603.4,OK,,,,,
2026-05-04 12:52:52,15.4,63,2.2,449,80493.2,OK,,,,,
2026-05-04 12:53:56,15.8,63,1.3,449,80617.9,OK,,,,,
2026-05-04 12:54:12,15.7,63,0.3,449,80136.5,OK,,,,,
2026-05-04 12:54:28,15.8,63,0,449,80864.4,OK,,,,,
2026-05-04 12:54:44,-40,0,0,0,0,OK,,,,,
2026-05-04 12:55:00,16.1,63,0.4,449,79979.9,OK,,,,,
2026-05-04 12:55:16,16.2,63,0.4,449,80461.3,OK,,,,,
2026-05-04 12:55:32,-40,0,0,0,0,OK,,,,,
2026-05-04 12:55:48,-40,0,0,0,0,OK,,,,,
2026-05-04 12:56:04,16,62,2.4,449,80646.9,OK,,,,,
2026-05-04 12:56:20,15.9,63,1.4,449,81055.8,OK,,,,,
2026-05-04 12:56:36,15.9,63,1.1,449,80942.7,OK,,,,,
2026-05-04 12:56:52,15.9,62,1.3,449,80777.4,OK,,,,,
2026-05-04 12:57:08,16,63,0.8,449,80458.4,OK,,,,,
2026-05-04 12:57:24,16.1,63,1.5,449,80638.2,OK,,,,,
2026-05-04 12:57:40,16.1,62,1.8,449,80269.9,OK,,,,,
2026-05-04 12:57:56,16.2,62,1.3,449,80441,OK,,,,,
2026-05-04 12:58:12,16.1,61,0.7,449,80101.7,OK,,,,,
2026-05-04 12:58:28,16,62,2.1,449,79803,OK,,,,,
2026-05-04 12:58:44,15.9,63,3.4,449,80223.5,OK,,,,,
2026-05-04 12:59:00,-40,0,0,0,0,OK,,,,,
2026-05-04 12:59:16,15.9,62,1.3,449,80545.4,OK,,,,,
2026-05-04 12:59:32,16,63,0,449,80559.9,OK,,,,,
2026-05-04 12:59:48,16.1,62,1.3,449,81067.4,OK,,,,,
2026-05-04 13:00:04,16.1,62,0.6,449,80693.3,OK,,,,,
2026-05-04 13:00:20,16.2,62,0.7,449,80893.4,OK,,,,,
2026-05-04 13:00:36,16.2,61,0.4,449,81134.1,OK,,,,,
2026-05-04 13:00:52,16,61,1.4,449,80989.1,OK,,,,,
2026-05-04 13:01:08,15.9,62,0.8,449,81108,OK,,,,,
2026-05-04 13:01:24,15.9,63,1.8,449,80661.4,OK,,,,,
2026-05-04 13:01:40,15.9,63,0.4,449,80765.8,OK,,,,,
2026-05-04 13:01:56,15.9,63,0.3,449,80232.2,OK,,,,,
2026-05-04 13:02:12,16.1,63,0.4,449,79600,OK,,,,,
2026-05-04 13:02:28,16.2,63,1.1,455,80229.3,OK,,,,,
2026-05-04 13:02:44,16.1,254,19,449,81009.4,OK,,,,,
2026-05-04 13:03:00,16,62,3.1,449,81061.6,OK,,,,,
2026-05-04 13:03:16,-40,0,0,0,0,OK,,,,,
2026-05-04 13:03:32,15.7,63,1.3,449,80820.9,OK,,,,,
2026-05-04 13:03:48,15.7,64,0.1,449,80406.2,OK,,,,,
2026-05-04 13:04:04,15.9,64,0.4,449,80162.6,OK,,,,,
2026-05-04 13:04:20,16.2,64,0.7,449,81357.4,OK,,,,,
2026-05-04 13:04:36,-40,0,0,0,0,OK,,,,,
2026-05-04 13:04:52,16.2,63,0.3,449,80873.1,OK,,,,,
2026-05-04 13:05:08,16.4,62,1.4,449,81427,OK,,,,,
2026-05-04 13:05:24,-40,0,0,0,0,OK,,,,,
2026-05-04 13:05:40,-40,0,0,0,0,OK,,,,,
2026-05-04 13:05:56,16,63,0.6,449,81108,OK,,,,,
2026-05-04 13:06:12,-40,0,0,0,0,OK,,,,,
2026-05-04 13:06:28,16,62,0.6,449,80980.4,OK,,,,,
2026-05-04 13:06:44,16.1,63,0,449,80638.2,OK,,,,,
2026-05-04 13:07:00,-40,0,0,0,0,OK,,,,,
2026-05-04 13:07:16,16.4,63,0.3,449,81893.9,OK,,,,,
2026-05-04 13:07:32,16.6,63,0.3,449,81876.5,OK,,,,,
2026-05-04 13:07:48,16.7,62,1.5,449,82050.5,OK,,,,,
2026-05-04 13:08:04,16.6,60,0.6,449,82343.4,OK,,,,,
2026-05-04 13:08:20,16.4,61,1.3,449,81766.3,OK,,,,,
2026-05-04 13:08:36,16.4,61,0.6,449,81850.4,OK,,,,,
2026-05-04 13:08:52,16.5,61,0.3,449,81992.5,OK,,,,,
2026-05-04 13:09:08,16.6,61,0.7,449,82114.3,OK,,,,,
2026-05-04 13:09:24,16.6,61,0.4,449,82529,OK,,,,,
2026-05-04 13:09:40,16.7,61,0,449,81722.8,OK,,,,,
2026-05-04 13:09:56,16.8,61,0,449,81664.8,OK,,,,,
2026-05-04 13:10:12,17,61,0.6,449,82569.6,OK,,,,,
2026-05-04 13:10:28,17,60,1.1,449,82665.3,OK,,,,,
2026-05-04 13:10:44,16.9,60,0.6,449,82198.4,OK,,,,,
2026-05-04 13:11:00,16.9,61,0.7,449,81377.7,OK,,,,,
2026-05-04 13:11:16,16.8,60,0.6,32705,82326,OK,,,,,
2026-05-04 13:11:32,16.8,60,0.4,449,82226.9,OK,,,,,
2026-05-04 13:11:48,16.8,61,0.6,449,82108.5,OK,,,,,
2026-05-04 13:12:04,-40,0,0,0,0,OK,,,,,
2026-05-04 13:12:20,17,61,0.4,449,83042.3,OK,,,,,
2026-05-04 13:12:36,17.1,60,0.1,449,82378.2,OK,,,,,
2026-05-04 13:12:52,17.1,60,0.7,449,82711.7,OK,,,,,
2026-05-04 13:13:08,-40,0,0,0,0,OK,,,,,
2026-05-04 13:13:24,17,61,0.6,455,82993,OK,,,,,
2026-05-04 13:13:40,17.1,60,1,449,82940.8,OK,,,,,
2026-05-04 13:13:56,17,60,1.3,449,82447.8,OK,,,,,
2026-05-04 13:14:12,16.9,60,2,449,158853.3,OK,,,,,
2026-05-04 13:14:28,-40,0,0,0,0,OK,,,,,
2026-05-04 13:14:44,-40,0,0,0,0,OK,,,,,
2026-05-04 13:15:00,16.6,61,0.8,449,82908.9,OK,,,,,
2026-05-04 13:15:16,16.6,61,1.8,449,82694.3,OK,,,,,
2026-05-04 13:15:32,-40,0,0,0,0,OK,,,,,
2026-05-04 13:15:48,16.2,62,1.8,449,82007,OK,,,,,
2026-05-04 13:16:04,16.1,63,1.4,449,83080,OK,,,,,
2026-05-04 13:16:20,16.2,63,0.3,449,82558,OK,,,,,
2026-05-04 13:16:36,16.4,63,1.4,449,82442,OK,,,,,
2026-05-04 13:16:52,16.5,62,1.4,449,81835.9,OK,,,,,
2026-05-04 13:17:08,16.6,62,0.7,449,81891,OK,,,,,
2026-05-04 13:17:24,16.6,61,2.1,449,82073.7,OK,,,,,
2026-05-04 13:17:40,16.6,60,2.2,449,82827.7,OK,,,,,
2026-05-04 13:17:56,-40,0,0,0,0,OK,,,,,
2026-05-04 13:18:12,-40,0,0,0,0,OK,,,,,
2026-05-04 13:18:28,16.3,62,1,449,82157.8,OK,,,,,
2026-05-04 13:18:44,16.3,62,1.8,449,82183.9,OK,,,,,
2026-05-04 13:19:00,16.4,62,0.8,449,81931.6,OK,,,,,
2026-05-04 13:19:16,-40,0,0,0,0,OK,,,,,
2026-05-04 13:19:48,16.6,62,0.3,449,81719.9,OK,,,,,
2026-05-04 13:20:04,16.8,62,2.2,449,82128.8,OK,,,,,
2026-05-04 13:20:20,36.6,207,3.4,449,82386.9,OK,,,,,
2026-05-04 13:20:36,16.3,61,1.5,449,82546.4,OK,,,,,
2026-05-04 13:20:52,16.2,62,1.3,449,82305.7,OK,,,,,
2026-05-04 13:21:08,16,62,0.8,449,81403.8,OK,,,,,
2026-05-04 13:21:24,-40,0,0,0,0,OK,,,,,
2026-05-04 13:21:40,15.8,63,2.1,449,81226.9,OK,,,,,
2026-05-04 13:21:56,15.6,64,2.8,449,81725.7,OK,,,,,
2026-05-04 13:22:12,15.5,65,2.2,449,82404.3,OK,,,,,
2026-05-04 13:22:28,34.7,161,1.3,449,80992,OK,,,,,
2026-05-04 13:22:44,15.6,66,1.1,449,80760,OK,,,,,
2026-05-04 13:23:00,15.8,65,0.4,449,81386.4,OK,,,,,
2026-05-04 13:23:16,16,65,1.3,4033,81699.6,OK,,,,,
2026-05-04 13:23:32,16.1,64,0.1,449,81656.1,OK,,,,,
2026-05-04 13:23:48,16.2,63,0.8,449,81348.7,OK,,,,,
2026-05-04 13:24:04,-40,0,0,0,0,OK,,,,,
2026-05-04 13:24:20,-40,0,0,0,0,OK,,,,,
2026-05-04 13:24:36,16.2,63,0.3,449,81264.6,OK,,,,,
2026-05-04 13:24:52,16.3,63,0.4,449,81322.6,OK,,,,,
2026-05-04 13:25:08,-40,0,0,0,0,OK,,,,,
2026-05-04 13:25:24,16.5,62,0.3,449,81235.6,OK,,,,,
2026-05-04 13:25:40,16.3,254,18.1,449,81192.1,OK,,,,,
2026-05-04 13:25:56,16.4,63,0.6,449,81873.6,OK,,,,,
2026-05-04 13:26:12,-40,0,0,0,0,OK,,,,,
2026-05-04 13:26:28,16.6,62,1.5,449,81777.9,OK,,,,,
2026-05-04 13:26:44,16.6,61,0.7,449,81296.5,OK,,,,,
2026-05-04 13:27:00,16.5,61,1.7,449,81328.4,OK,,,,,
2026-05-04 13:27:16,16.4,62,2.4,449,81400.9,OK,,,,,
2026-05-04 13:27:32,16.2,62,2.2,449,81795.3,OK,,,,,
2026-05-04 13:27:48,16,62,2.4,449,80499,OK,,,,,
2026-05-04 13:28:04,15.9,63,2.1,449,81418.3,OK,,,,,
2026-05-04 13:28:20,15.8,63,1.7,449,80878.9,OK,,,,,
2026-05-04 13:28:36,15.8,64,3.1,449,81467.6,OK,,,,,
2026-05-04 13:28:52,15.7,64,2.1,449,81041.3,OK,,,,,
2026-05-04 13:29:08,15.6,64,1.7,449,81348.7,OK,,,,,
2026-05-04 13:29:24,15.7,65,1.5,449,81827.2,OK,,,,,
2026-05-04 13:29:40,15.8,64,0.4,449,81493.7,OK,,,,,
2026-05-04 13:29:56,15.9,64,1.4,449,81804,OK,,,,,
2026-05-04 13:30:12,15.9,63,1.4,449,81383.5,OK,,,,,
2026-05-04 13:30:28,16.1,64,0.3,449,80667.2,OK,,,,,
2026-05-04 13:30:44,16.2,63,1,449,290719.5,OK,,,,,
2026-05-04 13:31:00,16.3,63,0.1,449,80870.2,OK,,,,,
2026-05-04 13:31:16,16.3,62,1,449,81563.3,OK,,,,,
2026-05-04 13:31:32,16.3,63,0.7,449,81670.6,OK,,,,,
2026-05-04 13:31:48,16.5,63,2.5,449,83747.6,OK,,,,,
2026-05-04 13:32:04,16.2,62,2.2,449,80472.9,OK,,,,,
2026-05-04 13:32:20,15.9,62,2,449,80345.3,OK,,,,,
2026-05-04 13:32:36,15.9,63,1.7,449,81644.5,OK,,,,,
2026-05-04 13:32:52,15.9,63,0.8,449,81601,OK,,,,,
2026-05-04 13:33:08,15.9,63,0.8,496,81215.3,OK,,,,,
2026-05-04 13:33:24,15.9,63,1.8,449,80794.8,OK,,,,,
2026-05-04 13:33:40,15.9,63,1.5,449,81279.1,OK,,,,,
2026-05-04 13:33:56,-40,0,0,0,0,OK,,,,,
2026-05-04 13:34:12,16,64,1.4,449,81081.9,OK,,,,,
2026-05-04 13:34:28,16,63,2.7,449,82012.8,OK,,,,,
2026-05-04 13:34:44,-40,0,0,0,0,OK,,,,,
2026-05-04 13:35:00,16,63,1.5,449,80861.5,OK,,,,,
2026-05-04 13:35:16,16,63,0.7,449,80931.1,OK,,,,,
2026-05-04 13:35:32,16.1,63,0.3,449,81369,OK,,,,,
2026-05-04 13:35:48,16.1,62,1,449,81064.5,OK,,,,,
2026-05-04 13:36:04,16.2,63,0.7,449,81151.5,OK,,,,,
2026-05-04 13:36:20,-40,0,0,0,0,OK,,,,,
2026-05-04 13:36:36,16.4,62,1.4,449,81740.2,OK,,,,,
2026-05-04 13:36:52,16.3,61,1.3,449,82395.6,OK,,,,,
2026-05-04 13:37:08,16.4,62,0.6,449,81850.4,OK,,,,,
2026-05-04 13:37:24,16.6,62,0.4,449,82552.2,OK,,,,,
2026-05-04 13:37:40,16.7,61,0.7,449,82310.3,OK,,,,,
2026-05-04 13:37:56,16.6,61,1,24816,82436.2,OK,,,,,
2026-05-04 13:38:12,16.7,61,0,449,81920,OK,,,,,
2026-05-04 13:38:28,16.8,61,0.8,449,82111.4,OK,,,,,
2026-05-04 13:38:44,16.9,61,1.7,449,81882.3,OK,,,,,
2026-05-04 13:39:00,16.7,61,2,449,81769.2,OK,,,,,
2026-05-04 13:39:16,16.8,61,0.3,449,80905,OK,,,,,
2026-05-04 13:39:32,16.9,61,0.6,449,879800.4,OK,,,,,
2026-05-04 13:39:48,16.9,61,0.8,449,81772.1,OK,,,,,
2026-05-04 13:40:04,17,61,0.3,449,82302.8,OK,,,,,
2026-05-04 13:40:20,17,60,1.7,449,82836.4,OK,,,,,
2026-05-04 13:40:36,16.9,60,1.4,449,83210.5,OK,,,,,
2026-05-04 13:40:52,16.9,60,1.3,449,83085.8,OK,,,,,
2026-05-04 13:41:08,16.8,60,2.1,449,82108.5,OK,,,,,
2026-05-04 13:41:24,-40,0,0,0,0,OK,,,,,
2026-05-04 13:41:40,-40,0,0,0,0,OK,,,,,
2026-05-04 13:41:56,16.3,62,0.4,961,82740.7,OK,,,,,
2026-05-04 13:42:12,16.4,62,0.1,449,83033.6,OK,,,,,
2026-05-04 13:42:28,16.5,62,0.6,449,881244.6,OK,,,,,
2026-05-04 13:42:44,16.6,62,0.7,449,81298.9,OK,,,,,
2026-05-04 13:43:00,16.5,62,0.4,449,82407.2,OK,,,,,
2026-05-04 13:43:16,16.5,62,1.7,449,81995.4,OK,,,,,
2026-05-04 13:43:32,16.4,62,0.4,449,82308.6,OK,,,,,
2026-05-04 13:43:48,-40,0,0,0,0,OK,,,,,
2026-05-04 13:44:04,16.8,62,0.3,449,82792.9,OK,,,,,
2026-05-04 13:44:20,16.9,60,0.7,449,82981.4,OK,,,,,
2026-05-04 13:44:36,17,60,1.1,449,81569.1,OK,,,,,
2026-05-04 13:44:52,16.9,60,1.7,449,82241.9,OK,,,,,
2026-05-04 13:45:08,-40,0,0,0,0,OK,,,,,
2026-05-04 13:45:24,16.6,61,0.6,449,81693.8,OK,,,,,
2026-05-04 13:45:40,16.7,62,0.7,449,82328.9,OK,,,,,
2026-05-04 13:45:56,16.8,62,0.6,449,83268.5,OK,,,,,
2026-05-04 13:46:12,-40,0,0,0,0,OK,,,,,
2026-05-04 13:46:28,16.7,253,1,24816,83662.9,OK,,,,,
2026-05-04 13:46:44,16.8,61,1.4,449,82659.5,OK,,,,,
2026-05-04 13:47:00,16.6,127,1.4,449,82488.4,OK,,,,,
2026-05-04 13:47:16,-40,0,0,0,0,OK,,,,,
2026-05-04 13:47:32,16.7,62,0.4,449,83703.5,OK,,,,,
2026-05-04 13:47:48,16.7,61,1.1,449,83329.4,OK,,,,,
2026-05-04 13:48:04,16.7,61,0.7,449,83227.9,OK,,,,,
2026-05-04 13:48:20,16.6,61,0.1,449,83555.6,OK,,,,,
2026-05-04 13:48:36,16.6,61,0.8,449,82578.3,OK,,,,,
2026-05-04 13:48:52,-40,0,0,0,0,OK,,,,,
2026-05-04 13:49:08,16.3,61,1.1,449,83245.3,OK,,,,,
2026-05-04 13:49:24,16.4,62,0.1,449,81647.4,OK,,,,,
2026-05-04 13:49:40,16.4,62,0.4,449,83863,OK,,,,,
2026-05-04 13:49:56,16.5,62,0.7,449,82935,OK,,,,,
2026-05-04 13:50:12,16.5,62,1.7,449,83950,OK,,,,,
2026-05-04 13:50:28,16.4,62,2.2,449,83973.2,OK,,,,,
2026-05-04 13:50:44,-40,0,0,0,0,OK,,,,,
2026-05-04 13:51:00,16.4,62,0.8,449,84353.1,OK,,,,,
2026-05-04 13:51:16,-40,0,0,0,0,OK,,,,,
2026-05-04 13:51:32,16.3,61,0.4,449,84912.8,OK,,,,,
2026-05-04 13:51:48,16.2,61,0.6,449,85333.3,OK,,,,,
2026-05-04 13:52:04,16.3,62,0,449,85315.9,OK,,,,,
2026-05-04 13:52:20,16.4,61,0.4,449,85211.5,OK,,,,,
2026-05-04 13:52:36,16.5,61,0,449,84382.1,OK,,,,,
2026-05-04 13:52:52,16.6,62,0.6,449,83619.4,OK,,,,,
2026-05-04 13:53:08,16.7,62,0.7,449,84419.8,OK,,,,,
2026-05-04 13:53:24,16.8,61,1.1,449,84593.8,OK,,,,,
2026-05-04 13:53:40,16.7,61,0.8,449,84016.7,OK,,,,,
2026-05-04 13:53:56,16.8,61,0,449,82650.8,OK,,,,,
2026-05-04 13:54:12,16.9,253,0.3,449,84405.3,OK,,,,,
2026-05-04 13:54:28,-40,0,0,0,0,OK,,,,,
2026-05-04 13:54:44,17.2,60,0.7,449,85936.5,OK,,,,,
2026-05-04 13:55:00,17.3,60,0.1,449,85521.8,OK,,,,,
2026-05-04 13:55:16,17.3,59,0.7,449,85661,OK,,,,,
2026-05-04 13:55:32,17.2,59,1.4,449,85040.4,OK,,,,,
2026-05-04 13:55:48,17,59,1.5,449,84544.5,OK,,,,,
2026-05-04 13:56:04,16.8,59,2.1,449,84796.8,OK,,,,,
2026-05-04 13:56:20,16.6,60,3.4,449,84634.4,OK,,,,,
2026-05-04 13:56:36,16.2,61,2.9,449,84277.7,OK,,,,,
2026-05-04 13:56:52,16,62,1.7,449,84173.3,OK,,,,,
2026-05-04 13:57:08,16.1,63,0.1,449,83929.7,OK,,,,,
2026-05-04 13:57:24,16.1,63,1.5,449,83784.7,OK,,,,,
2026-05-04 13:57:40,-40,0,0,0,0,OK,,,,,
2026-05-04 13:57:56,-40,0,0,0,0,OK,,,,,
2026-05-04 13:58:12,16.4,63,2,449,83091.6,OK,,,,,
2026-05-04 13:58:28,16.3,62,0.8,449,82726.2,OK,,,,,
2026-05-04 13:58:44,-40,0,0,0,0,OK,,,,,
2026-05-04 13:59:00,16.4,63,1.4,449,83506.3,OK,,,,,
2026-05-04 13:59:16,16.3,62,1.4,449,83915.2,OK,,,,,
2026-05-04 13:59:32,16.3,62,2.2,449,84802.6,OK,,,,,
2026-05-04 13:59:48,16.2,62,1.5,449,85078.1,OK,,,,,
2026-05-04 14:00:04,16.2,63,0.4,449,83915.2,OK,,,,,
2026-05-04 14:00:20,16.3,63,1.1,449,85487,OK,,,,,
2026-05-04 14:00:36,16.4,62,0.6,449,84793.9,OK,,,,,
2026-05-04 14:00:52,16.2,62,0.3,449,84042.8,OK,,,,,
2026-05-04 14:01:08,16.3,63,0.8,449,82842.2,OK,,,,,
2026-05-04 14:01:24,16.3,63,0.8,449,83103.2,OK,,,,,
2026-05-04 14:01:40,16.3,63,1.5,449,83491.8,OK,,,,,
2026-05-04 14:01:56,16.4,63,1.3,449,82363.7,OK,,,,,
2026-05-04 14:02:12,16.4,63,0.4,449,83062.6,OK,,,,,
2026-05-04 14:02:28,16.6,63,1.5,449,82320.2,OK,,,,,
2026-05-04 14:02:44,-40,0,0,0,0,OK,,,,,
2026-05-04 14:03:00,16.7,62,1,449,82778.4,OK,,,,,
2026-05-04 14:03:16,16.7,62,2.4,449,83088.7,OK,,,,,
2026-05-04 14:03:32,16.7,62,1.4,449,83654.2,OK,,,,,
2026-05-04 14:03:48,16.6,62,2.7,449,83691.9,OK,,,,,
2026-05-04 14:04:04,16.3,62,1,449,84045.7,OK,,,,,
2026-05-04 14:04:20,22.8,63,1.1,449,84303.8,OK,,,,,
2026-05-04 14:04:36,16.3,62,2,449,84431.4,OK,,,,,
2026-05-04 14:04:52,16.3,63,0.4,449,84448.8,OK,,,,,
2026-05-04 14:05:08,16.4,63,0.1,449,83703.5,OK,,,,,
2026-05-04 14:05:24,126.1,62,35.8,449,83297.5,OK,,,,,
2026-05-04 14:05:40,16.7,62,0.8,449,83660,OK,,,,,
2026-05-04 14:05:56,16.7,61,1.7,449,83445.4,OK,,,,,
2026-05-04 14:06:12,-40,0,0,0,0,OK,,,,,
2026-05-04 14:06:28,-40,0,0,0,0,OK,,,,,
2026-05-04 14:06:44,16.7,62,1.1,449,83254,OK,,,,,
2026-05-04 14:07:00,16.6,62,0.8,449,83848.5,OK,,,,,
2026-05-04 14:07:16,16.6,62,1,449,83923.9,OK,,,,,
2026-05-04 14:07:32,-40,0,0,0,0,OK,,,,,
2026-05-04 14:07:48,16.6,62,0.1,449,82949.5,OK,,,,,
2026-05-04 14:08:04,-40,0,0,0,0,OK,,,,,
2026-05-04 14:08:20,16.6,62,1.5,449,82526.1,OK,,,,,
2026-05-04 14:08:36,16.5,62,1.5,449,80754.2,OK,,,,,
2026-05-04 14:08:52,16.4,62,1.1,449,80609.2,OK,,,,,
2026-05-04 14:09:08,16.4,63,0.4,449,82729.1,OK,,,,,
2026-05-04 14:09:24,16.5,63,0.3,449,82949.5,OK,,,,,
2026-05-04 14:09:40,16.5,63,2.2,449,83114.8,OK,,,,,
2026-05-04 14:09:56,16.4,62,3.1,449,82958.2,OK,,,,,
2026-05-04 14:10:12,16.3,62,2.1,449,82662.4,OK,,,,,
2026-05-04 14:10:28,16.3,62,0.7,449,85183.1,OK,,,,,
2026-05-04 14:10:44,-40,0,0,0,0,OK,,,,,
2026-05-04 14:11:00,16.5,62,0.6,449,82868.3,OK,,,,,
2026-05-04 14:11:16,16.6,62,1.8,449,82642.1,OK,,,,,
2026-05-04 14:11:32,16.6,62,0.6,449,82656.6,OK,,,,,
2026-05-04 14:11:48,16.8,62,0,449,82891.5,OK,,,,,
2026-05-04 14:12:04,17,62,0.7,449,82053.4,OK,,,,,
2026-05-04 14:12:20,17,62,0.1,449,82143.3,OK,,,,,
2026-05-04 14:12:36,17.1,62,0.6,449,82427.5,OK,,,,,
2026-05-04 14:12:52,17,61,1.3,449,82082.4,OK,,,,,
2026-05-04 14:13:08,17.1,61,1.3,449,83341,OK,,,,,
2026-05-04 14:13:24,-40,0,0,0,0,OK,,,,,
2026-05-04 14:13:40,17,61,0.6,449,82755.2,OK,,,,,
2026-05-04 14:13:56,16.9,60,1,449,83532.4,OK,,,,,
2026-05-04 14:14:12,16.9,61,1,449,83198.9,OK,,,,,
2026-05-04 14:14:28,16.9,61,0.1,449,83451.2,OK,,,,,
2026-05-04 14:14:44,16.8,61,1,449,83561.4,OK,,,,,
2026-05-04 14:15:00,16.7,61,3.5,449,83251.1,OK,,,,,
2026-05-04 14:15:16,16.4,61,2.4,449,82575.4,OK,,,,,
2026-05-04 14:15:32,16.2,62,1.1,449,82700.1,OK,,,,,
2026-05-04 14:15:48,16.3,63,0.7,449,82900.2,OK,,,,,
2026-05-04 14:16:04,16.5,63,0.1,449,83004.6,OK,,,,,
2026-05-04 14:16:20,16.6,62,0,449,82848,OK,,,,,
2026-05-04 14:16:36,16.7,62,0.1,449,82906,OK,,,,,
2026-05-04 14:16:52,16.9,62,0.1,449,83106.1,OK,,,,,
2026-05-04 14:17:08,17,61,0,449,83320.7,OK,,,,,
2026-05-04 14:17:24,-40,0,0,0,0,OK,,,,,
2026-05-04 14:17:40,17,60,1.5,449,82564.5,OK,,,,,
2026-05-04 14:17:56,16.9,60,0.3,449,82607.3,OK,,,,,
2026-05-04 14:18:12,16.8,61,2,449,83294.6,OK,,,,,
2026-05-04 14:18:28,16.7,61,1.5,449,83103.1,OK,,,,,
2026-05-04 14:18:44,16.7,61,1.4,449,81847.5,OK,,,,,
2026-05-04 14:19:00,16.8,61,1.5,449,82439.1,OK,,,,,
2026-05-04 14:19:16,16.7,61,1.3,449,81693.8,OK,,,,,
2026-05-04 14:19:32,16.8,62,0.6,449,81035.5,OK,,,,,
2026-05-04 14:19:48,16.8,63,1.3,449,82149.1,OK,,,,,
2026-05-04 14:20:04,16.8,61,1.3,449,81296.5,OK,,,,,
2026-05-04 14:20:20,-40,0,0,0,0,OK,,,,,
2026-05-04 14:20:36,-40,0,0,0,0,OK,,,,,
2026-05-04 14:20:52,16.8,61,1.3,449,82279.6,OK,,,,,
2026-05-04 14:21:08,16.8,61,1.5,449,82676.9,OK,,,,,
2026-05-04 14:21:24,16.8,61,1.1,449,83132.2,OK,,,,,
2026-05-04 14:21:40,16.7,61,1.5,449,82700.1,OK,,,,,
2026-05-04 14:21:56,16.8,61,0.6,449,82613.1,OK,,,,,
2026-05-04 14:22:12,16.9,61,0.6,449,82616,OK,,,,,
2026-05-04 14:22:28,17,60,0.4,449,81809.8,OK,,,,,
2026-05-04 14:22:44,17,60,0.4,449,82627.6,OK,,,,,
2026-05-04 14:23:00,17.1,61,1,449,82047.6,OK,,,,,
2026-05-04 14:23:16,-40,0,0,0,0,OK,,,,,
2026-05-04 14:23:32,17.4,61,0.8,449,81702.5,OK,,,,,
2026-05-04 14:23:48,17.4,60,1.1,449,81383.5,OK,,,,,
2026-05-04 14:24:04,17.3,60,0.7,449,81954.8,OK,,,,,
2026-05-04 14:24:20,17.3,252,1.1,449,82062.1,OK,,,,,
2026-05-04 14:24:36,17.2,60,1,449,82239,OK,,,,,
2026-05-04 14:24:52,17.1,60,1,449,82244.8,OK,,,,,
2026-05-04 14:25:08,17,61,0.7,449,81572,OK,,,,,
2026-05-04 14:25:24,17,60,1.7,449,82250.6,OK,,,,,
2026-05-04 14:25:40,-40,0,0,0,0,OK,,,,,
2026-05-04 14:25:56,16.7,61,4.1,449,81908.4,OK,,,,,
2026-05-04 14:26:12,16.7,61,0.4,449,80269.9,OK,,,,,
2026-05-04 14:26:28,16.5,61,3.2,449,81656.1,OK,,,,,
2026-05-04 14:26:44,16.3,62,4.1,449,81891,OK,,,,,
2026-05-04 14:27:00,16.1,62,0.7,449,81110.9,OK,,,,,
2026-05-04 14:27:16,-40,0,0,0,0,OK,,,,,
2026-05-04 14:27:32,-40,0,0,0,0,OK,,,,,
2026-05-04 14:27:48,16,64,0.1,449,29543.1,OK,,,,,
2026-05-04 14:28:04,16.2,63,0.4,449,80064,OK,,,,,
2026-05-04 14:28:20,-40,0,0,0,0,OK,,,,,
2026-05-04 14:28:36,-40,0,0,0,0,OK,,,,,
2026-05-04 14:28:52,16,63,0.7,449,80664.3,OK,,,,,
2026-05-04 14:29:08,16.1,63,1.3,449,1671791.7,OK,,,,,
2026-05-04 14:29:24,16,63,0.8,449,81221.1,OK,,,,,
2026-05-04 14:29:40,16,64,0,449,80330.8,OK,,,,,
2026-05-04 14:29:56,16.2,63,0.3,449,80359.8,OK,,,,,
2026-05-04 14:31:00,16.6,63,0.4,449,81900.4,OK,,,,,
2026-05-04 14:31:16,16.7,62,0.3,449,80345.3,OK,,,,,
2026-05-04 14:31:32,16.8,62,0.6,449,81574.9,OK,,,,,
2026-05-04 14:31:48,16.8,61,1.7,449,81342.9,OK,,,,,
2026-05-04 14:32:04,16.7,61,2.4,449,80646.9,OK,,,,,
2026-05-04 14:32:20,16.5,61,1.7,449,80246.7,OK,,,,,
2026-05-04 14:32:36,16.5,62,1,449,81412.5,OK,,,,,
2026-05-04 14:32:52,16.6,62,1.3,449,81195,OK,,,,,
2026-05-04 14:33:08,16.7,63,0.4,449,81647.4,OK,,,,,
2026-05-04 14:33:24,16.9,62,1,449,81282,OK,,,,,
2026-05-04 14:33:40,16.8,61,1.4,1985,81432.8,OK,,,,,
2026-05-04 14:33:56,16.8,62,0.7,449,81806.9,OK,,,,,
2026-05-04 14:34:12,16.9,62,1,449,81464.7,OK,,,,,
2026-05-04 14:34:28,16.9,61,0.8,449,81221.1,OK,,,,,
2026-05-04 14:34:44,-40,0,0,0,0,OK,,,,,
2026-05-04 14:35:00,16.6,159,0.3,449,80899.2,OK,,,,,
2026-05-04 14:35:16,16.8,62,0.3,449,81276.2,OK,,,,,
2026-05-04 14:35:32,17,62,0.8,449,579115.4,OK,,,,,
2026-05-04 14:35:48,17.1,61,1,449,81557.5,OK,,,,,
2026-05-04 14:36:04,17.2,61,0.3,449,81351.6,OK,,,,,
2026-05-04 14:36:20,17.2,61,0,449,81050,OK,,,,,
2026-05-04 14:36:36,17.3,61,1.8,449,82047.6,OK,,,,,
2026-05-04 14:36:52,-8.5,60,37.5,451,81743.1,OK,,,,,
2026-05-04 14:37:08,17,61,0,449,81728.6,OK,,,,,
2026-05-04 14:37:24,17.1,61,0,449,81232.7,OK,,,,,
2026-05-04 14:37:40,17.2,61,2.4,449,81702.5,OK,,,,,
2026-05-04 14:37:56,16.9,60,2.9,449,81055.8,OK,,,,,
2026-05-04 14:38:12,16.7,61,1.4,449,81537.2,OK,,,,,
2026-05-04 14:38:28,16.8,61,0.8,449,81392.2,OK,,,,,
2026-05-04 14:38:44,16.8,61,1.7,449,81276.2,OK,,,,,
2026-05-04 14:39:00,16.7,63,1,1985,79243.3,OK,,,,,
2026-05-04 14:39:16,16.7,61,0.8,449,80673,OK,,,,,
2026-05-04 14:39:32,16.7,61,0.8,449,80461.3,OK,,,,,
2026-05-04 14:39:48,16.8,61,0.7,449,80336.6,OK,,,,,
2026-05-04 14:40:04,16.7,61,0.7,449,80165.5,OK,,,,,
2026-05-04 14:40:20,16.8,61,1,449,81282,OK,,,,,
2026-05-04 14:40:36,16.9,60,0.3,449,81131.2,OK,,,,,
2026-05-04 14:40:52,16.8,59,0.3,449,81714.1,OK,,,,,
2026-05-04 14:41:08,16.9,60,0.1,449,81050,OK,,,,,
2026-05-04 14:41:24,17.1,60,0.7,449,81777.9,OK,,,,,
2026-05-04 14:41:40,17.3,60,1.1,449,81519.8,OK,,,,,
2026-05-04 14:41:56,23.8,60,0.3,449,81975.1,OK,,,,,
2026-05-04 14:42:12,-40,0,0,0,0,OK,,,,,
2026-05-04 14:42:28,17.6,59,1,449,80652.7,OK,,,,,
2026-05-04 14:42:44,17.4,127,0.8,449,81531.4,OK,,,,,
2026-05-04 14:43:00,17.4,59,0,455,82146.2,OK,,,,,
2026-05-04 14:43:16,17.4,60,1,449,81786.6,OK,,,,,
2026-05-04 14:43:32,17.4,59,0.7,449,82297,OK,,,,,
2026-05-04 14:43:48,17.5,59,0,449,82798.7,OK,,,,,
2026-05-04 14:44:04,17.7,59,0.4,449,83303.3,OK,,,,,
2026-05-04 14:44:20,17.6,59,1.5,449,82900.2,OK,,,,,
2026-05-04 14:44:36,17.6,59,0.1,449,82711.7,OK,,,,,
2026-05-04 14:44:52,17.7,59,0,449,82546.4,OK,,,,,
2026-05-04 14:45:08,17.6,59,1.3,449,81870.7,OK,,,,,
2026-05-04 14:45:24,17.5,59,0.3,449,82221.6,OK,,,,,
2026-05-04 14:45:40,17.5,59,0.8,449,81258.8,OK,,,,,
2026-05-04 14:45:56,17.5,59,0.7,449,82299.9,OK,,,,,
2026-05-04 14:46:12,17.5,59,1.5,449,82357.9,OK,,,,,
2026-05-04 14:47:16,17.1,60,0.7,449,82297,OK,,,,,
2026-05-04 14:47:32,17.2,60,0.7,449,80829.6,OK,,,,,
2026-05-04 14:47:48,17.3,60,0.8,449,81690.9,OK,,,,,
2026-05-04 14:48:04,-40,0,0,0,0,OK,,,,,
2026-05-04 14:48:20,17.3,59,0.4,449,80983.3,OK,,,,,
2026-05-04 14:48:36,17.3,59,0.4,449,80870.2,OK,,,,,
2026-05-04 14:48:52,17.3,59,0.4,449,78973.6,OK,,,,,
2026-05-04 14:49:08,17.4,59,1.1,449,80020.5,OK,,,,,
2026-05-04 14:49:24,17.3,59,1.5,449,80635.3,OK,,,,,
2026-05-04 14:49:40,17.2,60,0.8,449,81197.9,OK,,,,,
2026-05-04 14:49:56,-40,0,0,0,0,OK,,,,,
2026-05-04 14:50:12,17.2,59,1.1,449,81612.6,OK,,,,,
2026-05-04 14:50:28,17.2,60,1.1,449,81029.7,OK,,,,,
2026-05-04 14:50:44,17.2,60,1.8,449,80762.9,OK,,,,,
2026-05-04 14:51:00,-40,0,0,0,0,OK,,,,,
2026-05-04 14:51:16,16.9,60,0.7,449,80797.7,OK,,,,,
2026-05-04 14:51:32,-40,0,0,0,0,OK,,,,,
2026-05-04 14:51:48,16.9,61,0,449,80623.7,OK,,,,,
2026-05-04 14:52:04,17.1,61,0.3,449,79211.4,OK,,,,,
2026-05-04 14:52:36,-40,0,0,0,0,OK,,,,,
2026-05-04 14:52:52,17.3,60,1.7,449,81168.9,OK,,,,,
2026-05-04 14:53:08,17.2,59,2.2,449,80812.2,OK,,,,,
2026-05-04 14:53:24,16.9,59,2.2,449,79092.5,OK,,,,,
2026-05-04 14:53:40,16.8,61,0.4,449,79521.7,OK,,,,,
2026-05-04 14:53:56,-40,0,0,0,0,OK,,,,,
2026-05-04 14:54:12,17.1,61,0.7,449,79133.1,OK,,,,,
2026-05-04 14:54:28,17.2,61,0.6,449,79147.6,OK,,,,,
2026-05-04 14:54:44,-40,0,0,0,0,OK,,,,,
2026-05-04 14:55:00,17.2,60,0.4,449,80049.5,OK,,,,,
2026-05-04 14:55:16,17.2,60,0.7,449,79733.4,OK,,,,,
2026-05-04 14:55:32,17.4,60,0.3,449,79298.4,OK,,,,,
2026-05-04 14:55:48,17.4,60,1.5,449,79950.9,OK,,,,,
2026-05-04 14:56:04,17.2,59,2.1,449,80162.6,OK,,,,,
2026-05-04 14:56:20,17.1,60,0.6,449,79513,OK,,,,,
2026-05-04 14:56:36,-40,0,0,0,0,OK,,,,,
2026-05-04 14:56:52,-40,0,0,0,0,OK,,,,,
2026-05-04 14:57:08,17,60,0.6,449,80226.4,OK,,,,,
2026-05-04 14:57:24,17.1,60,0.6,449,79704.4,OK,,,,,
2026-05-04 14:57:40,17.1,60,0.6,449,79150.5,OK,,,,,
2026-05-04 14:57:56,17,60,1,449,78158.7,OK,,,,,
2026-05-04 14:58:12,17,60,1,449,79623.2,OK,,,,,
2026-05-04 14:58:28,-40,0,0,0,0,OK,,,,,
2026-05-04 14:58:44,17.1,60,0.1,449,80124.9,OK,,,,,
2026-05-04 14:59:00,17,60,0.6,449,78297.9,OK,,,,,
2026-05-04 14:59:16,17.1,61,1.5,449,78732.9,OK,,,,,
2026-05-04 14:59:32,17,60,0.8,449,77071.2,OK,,,,,
2026-05-04 14:59:48,17.1,60,0.8,449,78639.3,OK,,,,,
2026-05-04 15:00:04,17.2,60,0.4,449,838498.1,OK,,,,,
2026-05-04 15:00:20,17.2,60,2.1,449,79191.1,OK,,,,,
2026-05-04 15:00:36,17.2,60,1.4,449,80133.6,OK,,,,,
2026-05-04 15:00:52,17.2,60,1.5,449,79858.1,OK,,,,,
2026-05-04 15:01:08,17.2,60,1.8,449,79927.7,OK,,,,,
2026-05-04 15:01:24,17.3,59,0.4,449,79423.1,OK,,,,,
2026-05-04 15:01:40,17.2,59,0.8,511,78796.7,OK,,,,,
2026-05-04 15:01:56,17.1,59,1.3,449,78724.2,OK,,,,,
2026-05-04 15:02:12,16.8,60,0.6,449,78764.8,OK,,,,,
2026-05-04 15:02:28,16.9,61,0.1,449,79144.7,OK,,,,,
2026-05-04 15:02:44,17.1,61,1,449,79481.1,OK,,,,,
2026-05-04 15:03:00,17.2,61,0.4,449,78413.9,OK,,,,,
2026-05-04 15:03:16,17.3,60,1.1,449,78799.6,OK,,,,,
2026-05-04 15:03:32,17.3,60,0.1,449,77140.8,OK,,,,,
2026-05-04 15:03:48,17.4,60,0.1,449,77164,OK,,,,,
2026-05-04 15:04:04,17.4,59,1,449,76836.3,OK,,,,,
2026-05-04 15:04:20,17.3,60,1.5,449,77300.3,OK,,,,,
2026-05-04 15:04:36,17.3,60,1.4,449,78376.2,OK,,,,,
2026-05-04 15:04:52,-40,0,0,0,0,OK,,,,,
2026-05-04 15:05:08,17.4,60,0.1,449,78944.6,OK,,,,,
2026-05-04 15:05:24,17.6,60,0.1,449,77497.5,OK,,,,,
2026-05-04 15:05:40,17.7,59,0,449,78155.8,OK,,,,,
2026-05-04 15:05:56,-40,0,0,0,0,OK,,,,,
2026-05-04 15:06:12,17.7,59,1,449,78846,OK,,,,,
2026-05-04 15:06:28,30.4,157,1.8,449,78669.1,OK,,,,,
2026-05-04 15:06:44,17.3,58,1.3,449,79269.4,OK,,,,,
2026-05-04 15:07:00,17.2,59,2,449,78941.7,OK,,,,,
2026-05-04 15:07:16,17.1,59,1.5,449,77749.8,OK,,,,,
2026-05-04 15:07:32,17.1,59,1.3,449,75276.1,OK,,,,,
2026-05-04 15:07:48,17,59,1.7,1985,76227.3,OK,,,,,
2026-05-04 15:08:04,16.9,60,0.7,449,77004.5,OK,,,,,
2026-05-04 15:08:20,16.9,60,0.7,449,77512,OK,,,,,
2026-05-04 15:08:36,17,60,1,449,77390.2,OK,,,,,
2026-05-04 15:08:52,17.1,60,1.3,449,77819.4,OK,,,,,
2026-05-04 15:09:08,17,60,0.6,449,77517.8,OK,,,,,
2026-05-04 15:09:23,17.2,60,1.4,449,74919.4,OK,,,,,
2026-05-04 15:09:40,-40,0,0,0,0,OK,,,,,
2026-05-04 15:09:56,17,60,0.7,449,76354.9,OK,,,,,
2026-05-04 15:10:12,17,61,0.6,449,77799.1,OK,,,,,
2026-05-04 15:10:28,17.2,61,0.3,449,76676.8,OK,,,,,
2026-05-04 15:10:44,17.4,61,0.7,449,54123.5,OK,,,,,
2026-05-04 15:11:00,17.4,60,0.8,449,74168.3,OK,,,,,
2026-05-04 15:11:16,17.6,60,0.1,449,75795.2,OK,,,,,
2026-05-04 15:11:32,17.7,60,0.3,449,77274.2,OK,,,,,
2026-05-04 15:11:48,17.6,59,1.1,449,77642.5,OK,,,,,
2026-05-04 15:12:04,17.6,59,1.1,449,76497,OK,,,,,
2026-05-04 15:12:20,17.4,59,3.1,449,76618.8,OK,,,,,
2026-05-04 15:12:36,17.2,60,1.5,449,76120,OK,,,,,
2026-05-04 15:12:52,119.5,60,1.1,449,75673.4,OK,,,,,
2026-05-04 15:13:07,16.9,60,1.1,449,75229.7,OK,,,,,
2026-05-04 15:13:24,16.9,61,0.7,449,76711.6,OK,,,,,
2026-05-04 15:13:40,17.1,61,0,449,76410,OK,,,,,
2026-05-04 15:13:56,17.2,60,0.6,449,76508.6,OK,,,,,
2026-05-04 15:14:12,17.4,60,0.6,449,75215.2,OK,,,,,
2026-05-04 15:14:28,17.4,60,0.6,449,71445.2,OK,,,,,
2026-05-04 15:14:44,-40,0,0,0,0,OK,,,,,
2026-05-04 15:15:00,17.1,59,1.7,449,75911.2,OK,,,,,
2026-05-04 15:15:16,17,60,1.1,449,75052.8,OK,,,,,
2026-05-04 15:15:32,-40,0,0,0,0,OK,,,,,
2026-05-04 15:15:48,16.9,60,1.5,449,75705.3,OK,,,,,
2026-05-04 15:16:04,16.7,61,1.5,449,73933.4,OK,,,,,
2026-05-04 15:16:20,16.5,61,1.4,449,73512.9,OK,,,,,
2026-05-04 15:16:36,22.9,61,1.8,449,76955.2,OK,,,,,
2026-05-04 15:16:52,-40,0,0,0,0,OK,,,,,
2026-05-04 15:17:08,16.4,61,1,449,77050.9,OK,,,,,
2026-05-04 15:18:12,16.6,207,2,511,80089.3,OK,,,,,
2026-05-04 15:18:28,16.5,61,2.4,449,73831.9,OK,,,,,
2026-05-04 15:18:44,16.4,61,1.3,449,69856,OK,,,,,
2026-05-04 15:19:00,118.9,61,36.3,449,72387.7,OK,,,,,
2026-05-04 15:19:16,16.6,61,2,449,74458.3,OK,,,,,
2026-05-04 15:19:32,16.5,61,2.2,449,75018,OK,,,,,
2026-05-04 15:19:48,-40,0,0,0,0,OK,,,,,
2026-05-04 15:20:04,16.3,62,1.5,449,74902,OK,,,,,
2026-05-04 15:20:20,16.1,62,2,449,75032.5,OK,,,,,
2026-05-04 15:20:36,-40,0,0,0,0,OK,,,,,
2026-05-04 15:20:52,-40,0,0,0,0,OK,,,,,
2026-05-04 15:21:08,-40,0,0,0,0,OK,,,,,
2026-05-04 15:21:24,16.2,63,1.7,449,78622.9,OK,,,,,
2026-05-04 15:21:40,16.3,62,0.4,449,74498.9,OK,,,,,
2026-05-04 15:21:56,16.5,62,0.4,449,75366,OK,,,,,
2026-05-04 15:22:12,-40,0,0,0,0,OK,,,,,
2026-05-04 15:22:28,16.9,62,0.1,449,68388.6,OK,,,,,
2026-05-04 15:22:44,17,62,0,449,72007.8,OK,,,,,
2026-05-04 15:23:00,17,60,0,449,74301.7,OK,,,,,
2026-05-04 15:23:16,17.2,61,0,449,75812.6,OK,,,,,
2026-05-04 15:23:32,-40,0,0,0,0,OK,,,,,
2026-05-04 15:23:48,-40,0,0,0,0,OK,,,,,
2026-05-04 15:24:04,17.7,59,0.1,449,73678.2,OK,,,,,
2026-05-04 15:25:07,17.6,59,0.8,449,74556.9,OK,,,,,
2026-05-04 15:25:24,17.6,59,1.4,449,76476.7,OK,,,,,
2026-05-04 15:25:40,17.5,59,0.4,449,76839.2,OK,,,,,
2026-05-04 15:25:56,-40,0,0,0,0,OK,,,,,
2026-05-04 15:26:12,17.7,59,0,449,72979.3,OK,,,,,
2026-05-04 15:26:28,-40,0,0,0,0,OK,,,,,
2026-05-04 15:26:44,17.9,59,0,449,75792.3,OK,,,,,
2026-05-04 15:27:00,18,58,0.6,449,76285.3,OK,,,,,
2026-05-04 15:27:16,18.1,58,0.1,449,74542.4,OK,,,,,
2026-05-04 15:27:32,-40,0,0,0,0,OK,,,,,
2026-05-04 15:27:48,18.2,58,0.1,449,74858.5,OK,,,,,
2026-05-04 15:28:04,18.3,58,0,449,75395,OK,,,,,
2026-05-04 15:28:20,18.4,58,0.6,449,76285.3,OK,,,,,
2026-05-04 15:28:36,18.2,56,1,449,75786.5,OK,,,,,
2026-05-04 15:28:52,18.1,56,1.7,449,75815.5,OK,,,,,
2026-05-04 15:29:24,-40,0,0,0,0,OK,,,,,
2026-05-04 15:29:40,-40,0,0,0,0,OK,,,,,
2026-05-04 15:29:56,17.9,56,0.7,449,75586.4,OK,,,,,
2026-05-04 15:30:12,17.6,57,0.7,449,73559.3,OK,,,,,
2026-05-04 15:30:28,17.8,58,0.4,449,74585.9,OK,,,,,
2026-05-04 15:30:44,17.8,58,0,449,74446.7,OK,,,,,
2026-05-04 15:31:00,17.9,57,0.4,449,75322.5,OK,,,,,
2026-05-04 15:31:16,17.9,58,0,449,74681.6,OK,,,,,
2026-05-04 15:31:32,18,58,0.1,449,73446.2,OK,,,,,
2026-05-04 15:31:47,18,57,1.4,449,75453,OK,,,,,
2026-05-04 15:32:04,17.9,57,0.6,449,75505.2,OK,,,,,
2026-05-04 15:32:20,-40,0,0,0,0,OK,,,,,
2026-05-04 15:32:36,17.5,58,0,449,75473.3,OK,,,,,
2026-05-04 15:32:52,17.6,59,0.3,449,74409,OK,,,,,
2026-05-04 15:33:08,17.6,59,0.8,449,74933.9,OK,,,,,
2026-05-04 15:33:24,17.5,59,1.1,449,636460.5,OK,,,,,
2026-05-04 15:33:40,17.4,60,0.1,449,74661.3,OK,,,,,
2026-05-04 15:33:56,17.4,60,1.1,449,75676.3,OK,,,,,
2026-05-04 15:34:12,17.4,60,1,449,74397.4,OK,,,,,
2026-05-04 15:34:28,17.4,60,17.5,449,75099.2,OK,,,,,
2026-05-04 15:34:44,17.4,61,1.7,449,75026.7,OK,,,,,
2026-05-04 15:35:00,17.4,60,0.8,449,74519.2,OK,,,,,
2026-05-04 15:35:16,17.3,59,1.4,449,74994.8,OK,,,,,
2026-05-04 15:35:32,17.3,59,0.7,449,73834.8,OK,,,,,
2026-05-04 15:35:47,17.2,59,1.1,449,74188.6,OK,,,,,
2026-05-04 15:36:04,17,59,2,449,74214.7,OK,,,,,
2026-05-04 15:36:20,16.9,60,0.7,449,73353.4,OK,,,,,
2026-05-04 15:36:36,17,60,0.7,449,73344.7,OK,,,,,
2026-05-04 15:36:52,17,59,1.1,449,73170.7,OK,,,,,
2026-05-04 15:37:08,-40,0,0,0,0,OK,,,,,
2026-05-04 15:37:24,17,60,1.1,449,74272.7,OK,,,,,
2026-05-04 15:37:40,119.3,60,36.3,449,73843.5,OK,,,,,
2026-05-04 15:37:56,16.7,60,2,449,73657.9,OK,,,,,
2026-05-04 15:38:12,16.5,60,1.4,449,74039.5,OK,,,,,
2026-05-04 15:38:28,16.6,61,1.8,449,73831.9,OK,,,,,
2026-05-04 15:38:44,16.5,59,16.2,449,73628.9,OK,,,,,
2026-05-04 15:39:00,16.5,60,1.8,449,74211.8,OK,,,,,
2026-05-04 15:39:15,16.4,60,1.1,449,73463.6,OK,,,,,
2026-05-04 15:39:32,16.5,60,0.8,449,72599.4,OK,,,,,
2026-05-04 15:39:48,16.6,60,0.3,449,73080.8,OK,,,,,
2026-05-04 15:40:52,-40,0,0,0,0,OK,,,,,
2026-05-04 15:41:08,-40,0,0,0,0,OK,,,,,
2026-05-04 15:41:24,17,60,0,449,73350.5,OK,,,,,
2026-05-04 15:41:40,-40,0,0,0,0,OK,,,,,
2026-05-04 15:41:56,17.3,59,0.7,449,71857,OK,,,,,
2026-05-04 15:42:12,17.2,59,1.7,449,71746.8,OK,,,,,
2026-05-04 15:42:28,17.2,60,0.8,449,72123.8,OK,,,,,
2026-05-04 15:42:44,17.3,60,0.6,449,72964.8,OK,,,,,
2026-05-04 15:43:00,17.3,60,1,449,72579.1,OK,,,,,
2026-05-04 15:43:15,17.2,59,1.1,449,73428.8,OK,,,,,
2026-05-04 15:43:32,17.1,59,0.4,449,73095.3,OK,,,,,
2026-05-04 15:43:48,17.1,60,0.4,449,73014.1,OK,,,,,
2026-05-04 15:44:04,17.2,60,0.8,449,73191,OK,,,,,
2026-05-04 15:44:20,17.2,59,0.6,449,73019.9,OK,,,,,
2026-05-04 15:44:36,17.3,59,1,449,71851.2,OK,,,,,
2026-05-04 15:44:52,17.3,59,0.4,449,72361.6,OK,,,,,
2026-05-04 15:45:08,17.3,59,1.1,449,71529.3,OK,,,,,
2026-05-04 15:45:24,17.3,59,0,449,72216.6,OK,,,,,
2026-05-04 15:45:40,17.4,59,0.6,449,71622.1,OK,,,,,
2026-05-04 15:45:56,17.6,59,1.1,449,72811.1,OK,,,,,
2026-05-04 15:46:12,17.4,62,1.4,449,73017,OK,,,,,
2026-05-04 15:46:28,-40,0,0,0,0,OK,,,,,
2026-05-04 15:46:44,17.2,59,0.6,449,72799.5,OK,,,,,
2026-05-04 15:47:00,17.3,63,0.4,449,72463.1,OK,,,,,
2026-05-04 15:47:16,17.3,58,0.6,449,70247.5,OK,,,,,
2026-05-04 15:47:32,17.3,59,0.7,449,71625,OK,,,,,
2026-05-04 15:47:48,17.2,59,0.8,449,72445.7,OK,,,,,
2026-05-04 15:48:04,17.2,59,1.1,449,71923.7,OK,,,,,
2026-05-04 15:48:20,17.2,59,1.5,449,202891.3,OK,,,,,
2026-05-04 15:48:36,17,59,1.5,449,72416.7,OK,,,,,
2026-05-04 15:48:51,17.1,60,0.6,449,72112.2,OK,,,,,
2026-05-04 15:49:08,-40,0,0,0,0,OK,,,,,
2026-05-04 15:49:24,16.9,59,1.3,449,72802.4,OK,,,,,
2026-05-04 15:49:40,-40,0,0,0,0,OK,,,,,
2026-05-04 15:49:56,16.7,60,1.1,449,71891.8,OK,,,,,
2026-05-04 15:50:11,16.7,61,0.4,449,71103,OK,,,,,
2026-05-04 15:50:28,16.9,61,0,449,71642.4,OK,,,,,
2026-05-04 15:50:44,-40,0,0,0,0,OK,,,,,
2026-05-04 15:51:00,-40,0,0,0,0,OK,,,,,
2026-05-04 15:51:15,17.4,60,0.3,449,71192.9,OK,,,,,
2026-05-04 15:51:32,-40,0,0,0,0,OK,,,,,
2026-05-04 15:51:48,17.5,59,0.7,449,70215.6,OK,,,,,
2026-05-04 15:52:04,17.6,58,1,449,72118,OK,,,,,
2026-05-04 15:52:20,17.6,58,0.1,449,71955.6,OK,,,,,
2026-05-04 15:52:36,17.6,59,0.6,449,72120.9,OK,,,,,
2026-05-04 15:52:51,17.6,58,1.5,449,71117.5,OK,,,,,
2026-05-04 15:53:08,17.4,59,0.7,449,70056.1,OK,,,,,
2026-05-04 15:53:24,17.4,59,0.3,449,1643503,OK,,,,,
2026-05-04 15:53:40,17.5,59,1.1,449,70827.5,OK,,,,,
2026-05-04 15:53:56,17.3,58,2.1,449,71314.7,OK,,,,,
2026-05-04 15:54:12,17.2,59,0.6,449,72033.9,OK,,,,,
2026-05-04 15:54:28,-40,0,0,0,0,OK,,,,,
2026-05-04 15:54:44,16.9,60,0,449,71311.8,OK,,,,,
2026-05-04 15:54:59,16.8,60,0,449,71535.1,OK,,,,,
2026-05-04 15:55:16,-40,0,0,0,0,OK,,,,,
2026-05-04 15:55:32,16.8,60,0.1,449,70467.9,OK,,,,,
2026-05-04 15:55:48,17.4,60,0.8,449,70815.9,OK,,,,,
2026-05-04 15:56:04,-40,0,0,0,0,OK,,,,,
2026-05-04 15:56:20,17.4,158,0.6,449,71619.2,OK,,,,,
2026-05-04 15:56:36,17.5,59,0,449,71239.3,OK,,,,,
2026-05-04 15:56:52,17.4,57,0.6,449,71375.6,OK,,,,,
2026-05-04 15:57:07,17.3,56,0,449,72228.2,OK,,,,,
2026-05-04 15:57:24,17.4,57,0.3,449,71990.4,OK,,,,,
2026-05-04 15:57:40,17.6,58,0,449,71717.8,OK,,,,,
2026-05-04 15:57:56,17.7,58,0,449,71256.7,OK,,,,,
2026-05-04 15:58:12,17.8,58,0.7,449,70844.9,OK,,,,,
2026-05-04 15:58:28,17.7,57,2.7,449,71221.9,OK,,,,,
2026-05-04 15:58:44,17.4,58,2.4,449,69873.4,OK,,,,,
2026-05-04 15:59:48,119.5,60,0.3,449,68533.6,OK,,,,,
2026-05-04 16:00:04,17.1,60,0.1,449,68295.8,OK,,,,,
2026-05-04 16:00:20,17.2,59,0,449,68188.5,OK,,,,,
2026-05-04 16:00:36,-40,0,0,0,0,OK,,,,,
2026-05-04 16:00:52,17.4,59,0.3,496,68046.4,OK,,,,,
2026-05-04 16:01:07,17.5,59,0,449,68472.7,OK,,,,,
2026-05-04 16:01:39,17.5,58,0.8,449,68812,OK,,,,,
2026-05-04 16:01:56,17.6,59,0.6,449,69012.1,OK,,,,,
2026-05-04 16:03:00,17.4,60,0.6,449,70163.4,OK,,,,,
2026-05-04 16:03:16,17.5,59,0.7,449,69551.5,OK,,,,,
2026-05-04 16:03:31,17.5,59,0.1,449,70433.1,OK,,,,,
2026-05-04 16:03:48,17.6,59,1.3,449,70035.8,OK,,,,,
2026-05-04 16:04:04,17.5,59,2,449,69505.1,OK,,,,,
2026-05-04 16:04:20,17.3,58,1.3,449,69769,OK,,,,,
2026-05-04 16:04:36,-40,0,0,0,0,OK,,,,,
2026-05-04 16:05:56,17,59,0.4,449,68791.7,OK,,,,,
2026-05-04 16:06:12,17.1,59,1.1,449,68527.8,OK,,,,,
2026-05-04 16:06:27,17.1,59,1.1,449,68841,OK,,,,,
2026-05-04 16:06:43,17.1,59,17.9,449,69763.2,OK,,,,,
2026-05-04 16:06:59,17.2,59,1,449,69954.6,OK,,,,,
2026-05-04 16:07:15,17,58,0.3,449,69654.2,OK,,,,,
2026-05-04 16:07:32,-40,0,0,0,0,OK,,,,,
2026-05-04 16:07:48,17.2,59,0.7,449,68443.7,OK,,,,,
2026-05-04 16:08:04,17.3,59,1.3,449,67939.1,OK,,,,,
2026-05-04 16:08:20,119.7,59,0.1,449,68756.9,OK,,,,,
2026-05-04 16:08:36,17.3,59,0.8,449,68339.3,OK,,,,,
2026-05-04 16:08:52,17.3,59,0.8,449,69171.1,OK,,,,,
2026-05-04 16:09:07,17.3,59,1,449,69423.9,OK,,,,,
2026-05-04 16:09:24,-40,0,0,0,0,OK,,,,,
2026-05-04 16:09:39,17,58,2,449,69270.2,OK,,,,,
2026-05-04 16:09:56,-40,0,0,0,0,OK,,,,,
2026-05-04 16:10:12,16.6,59,1.1,449,68667,OK,,,,,
2026-05-04 16:10:28,16.6,124,0.8,449,69110.7,OK,,,,,
2026-05-04 16:10:44,16.7,60,1.5,449,69104.9,OK,,,,,
2026-05-04 16:11:00,16.6,60,1,449,67939.1,OK,,,,,
2026-05-04 16:11:15,16.5,60,1,449,68272.6,OK,,,,,
2026-05-04 16:11:31,16.4,60,1.4,449,67034.3,OK,,,,,
2026-05-04 16:11:47,16.4,60,0.3,449,65239.2,OK,,,,,
2026-05-04 16:12:04,-40,0,0,0,0,OK,,,,,
2026-05-04 16:12:20,16.7,61,0,449,638756.8,OK,,,,,
2026-05-04 16:12:35,-40,0,0,0,0,OK,,,,,
2026-05-04 16:12:51,17.1,61,0,449,58966.5,OK,,,,,
2026-05-04 16:13:08,17.3,61,0.3,449,58734.5,OK,,,,,
2026-05-04 16:13:24,17.4,60,0.8,449,57765.9,OK,,,,,
2026-05-04 16:13:40,-40,0,0,0,0,OK,,,,,
2026-05-04 16:13:56,17.5,59,0.6,449,63264.3,OK,,,,,
2026-05-04 16:14:11,17.5,60,0.3,449,66503.6,OK,,,,,
2026-05-04 16:14:28,17.5,60,0.3,449,67614.3,OK,,,,,
2026-05-04 16:14:43,17.6,60,0.3,449,66915.4,OK,,,,,
2026-05-04 16:14:59,17.5,58,0.7,449,67092.3,OK,,,,,
2026-05-04 16:15:15,17.4,58,8.5,449,67550.5,OK,,,,,
2026-05-04 16:15:32,17.4,58,2.1,449,67950.7,OK,,,,,
2026-05-04 16:15:48,17.2,58,1.1,449,68707.6,OK,,,,,
2026-05-04 16:16:04,17.2,59,1.3,449,68255.2,OK,,,,,
2026-05-04 16:16:19,17.2,59,0.3,449,67507,OK,,,,,
2026-05-04 16:16:36,-40,0,0,0,0,OK,,,,,
2026-05-04 16:16:52,17.4,57,0.1,449,577719.6,OK,,,,,
2026-05-04 16:17:08,17.5,58,0.1,449,67167.7,OK,,,,,
2026-05-04 16:17:24,17.6,58,0.7,449,67127.1,OK,,,,,
2026-05-04 16:17:40,17.5,59,0.3,449,66645.7,OK,,,,,
2026-05-04 16:17:56,17.5,59,0.3,449,65935.2,OK,,,,,
2026-05-04 16:18:12,-40,0,0,0,0,OK,,,,,
2026-05-04 16:18:27,17.7,59,0.3,449,67066.2,OK,,,,,
2026-05-04 16:18:44,17.8,59,0.7,449,66126.6,OK,,,,,
2026-05-04 16:19:00,17.8,58,0.6,449,68005.8,OK,,,,,
2026-05-04 16:19:16,-40,0,0,0,0,OK,,,,,
2026-05-04 16:19:32,-40,0,0,0,0,OK,,,,,
2026-05-04 16:19:48,-40,0,0,0,0,OK,,,,,
2026-05-04 16:20:04,17.7,59,0,449,67620.1,OK,,,,,
2026-05-04 16:20:20,17.9,59,0.1,449,67011.1,OK,,,,,
2026-05-04 16:20:36,17.9,59,1.3,449,66767.5,OK,,,,,
2026-05-04 16:20:51,17.8,59,0.3,449,66071.5,OK,,,,,
2026-05-04 16:21:08,17.8,59,0.3,449,67541.8,OK,,,,,
2026-05-04 16:21:24,17.7,59,0.7,449,68072.5,OK,,,,,
2026-05-04 16:21:40,17.5,58,2.2,449,68687.3,OK,,,,,
2026-05-04 16:21:55,17.4,59,0.8,449,67875.3,OK,,,,,
2026-05-04 16:22:12,-40,0,0,0,0,OK,,,,,
2026-05-04 16:22:28,-40,0,0,0,0,OK,,,,,
2026-05-04 16:22:44,17.1,60,0.3,449,67095.2,OK,,,,,
2026-05-04 16:22:59,17.1,61,1,449,67744.8,OK,,,,,
2026-05-04 16:23:16,17,61,1.1,449,66811,OK,,,,,
2026-05-04 16:23:31,17,61,1,449,66500.7,OK,,,,,
2026-05-04 16:23:48,16.9,61,1.1,449,66210.7,OK,,,,,
2026-05-04 16:24:04,-40,0,0,0,0,OK,,,,,
2026-05-04 16:24:19,16.9,61,0.1,449,65445.1,OK,,,,,
2026-05-04 16:24:36,-40,0,0,0,0,OK,,,,,
2026-05-04 16:24:51,16.8,61,1.7,496,66671.8,OK,,,,,
2026-05-04 16:25:07,16.7,62,0.6,449,66848.7,OK,,,,,
2026-05-04 16:25:23,16.7,62,0.6,449,66677.6,OK,,,,,
2026-05-04 16:25:40,16.7,62,0.8,449,66929.9,OK,,,,,
2026-05-04 16:25:56,16.6,61,1.4,449,66753,OK,,,,,
2026-05-04 16:26:12,16.6,62,0.6,449,66347,OK,,,,,
2026-05-04 16:26:27,16.6,62,0.6,449,65798.9,OK,,,,,
2026-05-04 16:26:44,16.6,62,0.7,449,66935.7,OK,,,,,
2026-05-04 16:26:59,16.6,62,0.7,449,66787.8,OK,,,,,
2026-05-04 16:27:15,16.6,62,0.6,449,65946.8,OK,,,,,
2026-05-04 16:27:32,16.6,62,0,449,62461,OK,,,,,
2026-05-04 16:27:48,16.6,62,0.3,449,60233.8,OK,,,,,
2026-05-04 16:28:04,-9.1,62,108.4,449,58754.8,OK,,,,,
2026-05-04 16:28:20,16.5,62,0.4,449,58247.3,OK,,,,,
2026-05-04 16:28:36,16.6,62,0.3,449,58111,OK,,,,,
2026-05-04 16:28:51,16.6,62,0,449,58870.8,OK,,,,,
2026-05-04 16:29:08,16.5,62,0.1,449,60230.9,OK,,,,,
2026-05-04 16:29:24,16.7,62,0.7,449,61483.7,OK,,,,,
2026-05-04 16:29:40,16.7,61,1.1,449,64621.5,OK,,,,,
2026-05-04 16:29:56,16.7,62,0.3,449,65326.2,OK,,,,,
2026-05-04 16:30:12,16.8,62,0.3,449,65407.4,OK,,,,,
2026-05-04 16:30:28,16.8,62,0.3,449,65624.9,OK,,,,,
2026-05-04 16:30:44,16.7,61,1,449,65427.7,OK,,,,,
2026-05-04 16:31:00,-40,0,0,0,0,OK,,,,,
2026-05-04 16:31:16,16.6,62,0,449,65056.5,OK,,,,,
2026-05-04 16:31:31,16.7,254,0.4,449,64441.7,OK,,,,,
2026-05-04 16:31:48,16.8,62,0.7,449,63710.9,OK,,,,,
2026-05-04 16:32:03,-40,0,0,0,0,OK,,,,,
2026-05-04 16:32:19,16.8,62,0.3,449,59445,OK,,,,,
2026-05-04 16:32:36,16.9,62,0,449,58731.6,OK,,,,,
2026-05-04 16:32:52,16.9,62,0.1,449,58195.1,OK,,,,,
2026-05-04 16:33:08,-40,0,0,0,0,OK,,,,,
2026-05-04 16:33:23,16.6,63,0.6,449,58789.6,OK,,,,,
2026-05-04 16:33:39,16.6,63,2.2,449,1638391.4,OK,,,,,
2026-05-04 16:33:55,16.4,62,1.3,449,60019.2,OK,,,,,
2026-05-04 16:34:12,-40,0,0,0,0,OK,,,,,
2026-05-04 16:34:28,-40,0,0,0,0,OK,,,,,
2026-05-04 16:34:43,16.5,63,1,449,64441.7,OK,,,,,
2026-05-04 16:35:00,16.5,63,1.5,449,63603.6,OK,,,,,
2026-05-04 16:35:16,16.5,63,0.7,449,63893.6,OK,,,,,
2026-05-04 16:35:32,16.7,63,0.6,449,64099.5,OK,,,,,
2026-05-04 16:35:47,16.5,63,0.6,449,64459.1,OK,,,,,
2026-05-04 16:36:03,16.6,63,1,449,64056,OK,,,,,
2026-05-04 16:36:19,16.6,63,1,449,64285.1,OK,,,,,
2026-05-04 16:36:35,16.5,63,0.4,449,64145.9,OK,,,,,
2026-05-04 16:36:52,16.4,62,1.7,449,64377.9,OK,,,,,
2026-05-04 16:37:08,-40,0,0,0,0,OK,,,,,
2026-05-04 16:37:23,16.3,63,0.7,449,63922.6,OK,,,,,
2026-05-04 16:37:40,16.4,64,1.1,449,64027,OK,,,,,
2026-05-04 16:37:56,-40,0,0,0,0,OK,,,,,
2026-05-04 16:38:12,-40,0,0,0,0,OK,,,,,
2026-05-04 16:38:27,16,64,1,449,64035.7,OK,,,,,
2026-05-04 16:38:44,16,65,0.1,449,63658.7,OK,,,,,
2026-05-04 16:39:00,-40,0,0,0,0,OK,,,,,
2026-05-04 16:39:15,16.1,64,1.3,449,63217.9,OK,,,,,
2026-05-04 16:39:32,-40,0,0,0,0,OK,,,,,
2026-05-04 16:39:48,16.1,64,0.7,449,62820.6,OK,,,,,
2026-05-04 16:40:04,16.1,64,1.7,449,62826.4,OK,,,,,
2026-05-04 16:40:20,16.1,64,0.1,449,63044.7,OK,,,,,
2026-05-04 16:40:36,16.2,64,0.4,449,63328.1,OK,,,,,
2026-05-04 16:40:51,16.3,63,2,449,63325.2,OK,,,,,
2026-05-04 16:41:08,16.1,63,2.4,449,63477.7,OK,,,,,
2026-05-04 16:41:23,16.1,64,1.1,449,63128,OK,,,,,
2026-05-04 16:41:39,16.1,64,1.1,449,62469.7,OK,,,,,
2026-05-04 16:41:55,16.1,64,0.6,449,62890.2,OK,,,,,
2026-05-04 16:42:11,16.2,63,0.3,449,62350.8,OK,,,,,
2026-05-04 16:42:27,16.2,63,0,449,62281.2,OK,,,,,
2026-05-04 16:42:44,16.2,63,1.8,449,61373.5,OK,,,,,
2026-05-04 16:43:00,16.1,64,0.7,449,61834.6,OK,,,,,
2026-05-04 16:43:15,16.1,64,1.7,449,61620,OK,,,,,
2026-05-04 16:43:32,16.1,64,0.8,449,59981.5,OK,,,,,
2026-05-04 16:43:47,16.1,64,0.7,449,59894.5,OK,,,,,
2026-05-04 16:44:03,16,64,1.8,449,59964.1,OK,,,,,
2026-05-04 16:44:19,15.9,64,0.8,449,62046.3,OK,,,,,
2026-05-04 16:44:36,15.9,65,0.7,449,62084,OK,,,,,
2026-05-04 16:44:51,15.9,65,2.5,449,61657.7,OK,,,,,
2026-05-04 16:45:08,15.9,65,1.1,449,62008.6,OK,,,,,
2026-05-04 16:45:24,15.9,65,0.7,449,62234.8,OK,,,,,
2026-05-04 16:45:39,16,65,0.3,449,61808.5,OK,,,,,
2026-05-04 16:45:56,16.1,65,2,449,64084.1,OK,,,,,
2026-05-04 16:46:11,16,64,2,449,59984.4,OK,,,,,
2026-05-04 16:46:28,16,64,1.4,449,60735.5,OK,,,,,
2026-05-04 16:46:43,15.9,64,1.5,479,59714.7,OK,,,,,
2026-05-04 16:47:00,-40,0,0,0,0,OK,,,,,
2026-05-04 16:47:16,15.9,64,0.7,449,61251.7,OK,,,,,
2026-05-04 16:47:31,16,64,0.3,449,61828.8,OK,,,,,
2026-05-04 16:47:48,-40,0,0,0,0,OK,,,,,
2026-05-04 16:48:04,-40,0,0,0,0,OK,,,,,
2026-05-04 16:48:20,16.1,63,1.4,449,61643.2,OK,,,,,
2026-05-04 16:48:35,15.9,63,2.4,449,61083.5,OK,,,,,
2026-05-04 16:48:52,15.9,64,1.7,449,60987.8,OK,,,,,
2026-05-04 16:49:08,15.8,64,1.4,449,61263.3,OK,,,,,
2026-05-04 16:49:23,15.8,64,0.7,449,60802.2,OK,,,,,
2026-05-04 16:49:39,15.8,65,1.5,449,60784.8,OK,,,,,
2026-05-04 16:49:56,15.7,64,2.7,449,60567.3,OK,,,,,
2026-05-04 16:50:12,15.6,65,1.8,449,60344,OK,,,,,
2026-05-04 16:50:27,15.6,66,0.6,449,60286,OK,,,,,
2026-05-04 16:50:44,15.7,66,0.8,449,60114.9,OK,,,,,
2026-05-04 16:51:00,15.8,65,1.3,449,60174.9,OK,,,,,
2026-05-04 16:51:16,15.9,65,0.6,449,60320.8,OK,,,,,
2026-05-04 16:51:31,-40,0,0,0,0,OK,,,,,
2026-05-04 16:51:48,16,65,0.8,449,60170,OK,,,,,
2026-05-04 16:52:04,-40,0,0,0,0,OK,,,,,
2026-05-04 16:52:19,15.9,64,0.4,449,62237.8,OK,,,,,
2026-05-04 16:52:36,16,64,0,449,59033.2,OK,,,,,
2026-05-04 16:52:52,16.2,64,0,449,58740.3,OK,,,,,
2026-05-04 16:53:07,16.2,63,0.7,449,58377.8,OK,,,,,
2026-05-04 16:53:24,16.2,64,0.7,449,58018.2,OK,,,,,
2026-05-04 16:53:39,16.3,63,0.7,449,58986.8,OK,,,,,
2026-05-04 16:53:56,16.3,63,1.3,449,58841.8,OK,,,,,
2026-05-04 16:54:12,16.2,63,0.7,449,58070.4,OK,,,,,
2026-05-04 16:54:27,16.2,63,0.6,449,57664.4,OK,,,,,
2026-05-04 16:54:44,-40,0,0,0,0,OK,,,,,
2026-05-04 16:54:59,16.4,63,0,449,57757.2,OK,,,,,
2026-05-04 16:55:15,16.6,63,0,449,57615.1,OK,,,,,
2026-05-04 16:55:31,16.7,63,0,449,58586.6,OK,,,,,
2026-05-04 16:55:48,16.8,62,0.8,449,58119.7,OK,,,,,
2026-05-04 16:56:03,16.9,62,0.1,449,59149.2,OK,,,,,
2026-05-04 16:56:19,16.9,62,0.3,449,58859.2,OK,,,,,
2026-05-04 16:56:36,16.9,62,0.6,511,59097,OK,,,,,
2026-05-04 16:56:51,16.9,62,0.3,449,59520.4,OK,,,,,
2026-05-04 16:57:07,16.9,61,0.3,449,59784.3,OK,,,,,
2026-05-04 16:57:24,16.9,61,0.6,449,60573.1,OK,,,,,
2026-05-04 16:57:40,16.8,61,1.4,449,59851,OK,,,,,
2026-05-04 16:57:56,-40,0,0,0,0,OK,,,,,
2026-05-04 16:58:11,16.7,61,0.3,449,58876.6,OK,,,,,
2026-05-04 16:58:28,16.8,61,0.3,16321,59340.6,OK,,,,,
2026-05-04 16:58:44,-40,0,0,0,0,OK,,,,,
2026-05-04 16:58:59,16.6,61,2.1,449,58934.6,OK,,,,,
2026-05-04 16:59:16,16.5,62,1,449,58435.8,OK,,,,,
2026-05-04 16:59:32,-40,0,0,0,0,OK,,,,,
2026-05-04 16:59:48,16.5,62,1.4,449,57951.5,OK,,,,,
2026-05-04 17:00:04,16.4,62,1.4,449,56907.5,OK,,,,,
2026-05-04 17:00:19,16.3,63,0.3,449,57281.6,OK,,,,,
2026-05-04 17:00:36,16.4,63,0.4,449,57983.4,OK,,,,,
2026-05-04 17:00:51,16.5,62,1.4,449,58166.1,OK,,,,,
2026-05-04 17:01:07,16.4,62,1,449,57403.4,OK,,,,,
2026-05-04 17:01:23,16.4,62,0.3,449,57522.3,OK,,,,,
2026-05-04 17:01:40,16.4,63,0.6,449,57858.7,OK,,,,,
2026-05-04 17:01:55,16.4,62,0.8,449,57696.3,OK,,,,,
2026-05-04 17:02:11,16.4,63,1.5,449,57223.6,OK,,,,,
2026-05-04 17:02:28,16.4,63,1,449,57551.3,OK,,,,,
2026-05-04 17:02:43,16.4,63,0.3,449,56257.9,OK,,,,,
2026-05-04 17:02:59,16.4,63,1,449,55097.9,OK,,,,,
2026-05-04 17:03:15,16.2,63,1.3,449,56272.4,OK,,,,,
2026-05-04 17:03:31,16.2,63,0.1,449,56284,OK,,,,,
2026-05-04 17:03:47,16.2,63,0.1,449,57032.2,OK,,,,,
2026-05-04 17:04:03,16.3,63,0.1,449,57391.8,OK,,,,,
2026-05-04 17:04:19,16.3,64,0.4,449,57113.4,OK,,,,,
2026-05-04 17:04:36,16.2,64,0.1,449,57345.4,OK,,,,,
2026-05-04 17:04:52,-40,0,0,0,0,OK,,,,,
2026-05-04 17:05:08,16.4,64,0,449,57313.5,OK,,,,,
2026-05-04 17:05:23,16.4,63,2.1,449,56205.7,OK,,,,,
2026-05-04 17:05:40,16.2,63,1.8,496,55996.9,OK,,,,,
2026-05-04 17:05:55,16.2,64,0.4,449,56423.2,OK,,,,,
2026-05-04 17:06:12,16.2,64,17.9,449,56263.7,OK,,,,,
2026-05-04 17:06:27,16.3,64,0.1,449,56478.3,OK,,,,,
2026-05-04 17:06:44,16.4,64,0,449,56156.4,OK,,,,,
2026-05-04 17:06:59,16.6,64,0.1,449,55126.9,OK,,,,,
2026-05-04 17:07:15,16.6,64,0.1,449,55559,OK,,,,,
2026-05-04 17:07:31,16.7,63,0.6,449,56107.1,OK,,,,,
2026-05-04 17:07:47,26.7,63,0.7,449,58931.3,OK,,,,,
2026-05-04 17:08:04,16.5,63,1.3,449,55300.9,OK,,,,,
2026-05-04 17:08:19,16.5,63,0,449,55025.4,OK,,,,,
2026-05-04 17:08:36,16.5,63,1.3,449,55277.7,OK,,,,,
2026-05-04 17:08:52,16.4,63,1,449,55759.1,OK,,,,,
2026-05-04 17:09:07,16.3,64,1.7,449,55840.3,OK,,,,,
2026-05-04 17:09:23,16.2,64,1,449,55857.7,OK,,,,,
2026-05-04 17:09:40,16.1,64,1.8,449,56391.3,OK,,,,,
2026-05-04 17:09:55,16.1,64,0.4,449,57046.7,OK,,,,,
2026-05-04 17:10:11,16.1,64,0,449,55115.3,OK,,,,,
2026-05-04 17:10:27,16.2,64,0,449,54022,OK,,,,,
2026-05-04 17:10:43,16.2,64,0,449,54277.2,OK,,,,,
2026-05-04 17:10:59,-40,0,0,0,0,OK,,,,,
2026-05-04 17:11:15,16.4,64,0,449,54225,OK,,,,,
2026-05-04 17:11:32,-40,0,0,0,0,OK,,,,,
2026-05-04 17:11:48,16.3,64,0.1,449,58671.9,OK,,,,,
2026-05-04 17:12:04,16.4,64,0,449,54314.9,OK,,,,,
2026-05-04 17:12:19,16.4,64,0,449,53827.7,OK,,,,,
2026-05-04 17:12:35,16.5,63,0.3,449,54703.5,OK,,,,,
2026-05-04 17:12:51,16.5,63,1.3,449,55125.8,OK,,,,,
2026-05-04 17:13:07,-40,0,0,0,0,OK,,,,,
2026-05-04 17:13:23,16.3,63,2.4,449,55196.5,OK,,,,,
2026-05-04 17:13:39,16,64,1.3,449,54553,OK,,,,,
2026-05-04 17:13:55,15.9,64,1.4,449,53758.1,OK,,,,,
2026-05-04 17:14:12,15.8,64,1.5,449,54413.5,OK,,,,,
2026-05-04 17:14:27,15.8,65,0.4,449,54367.1,OK,,,,,
2026-05-04 17:14:44,15.8,65,1.1,449,54497.6,OK,,,,,
2026-05-04 17:14:59,15.7,64,1.4,449,52957.7,OK,,,,,
2026-05-04 17:15:15,15.7,64,0.3,449,54007.5,OK,,,,,
2026-05-04 17:15:31,-40,0,0,0,0,OK,,,,,
2026-05-04 17:15:47,15.7,64,0.8,449,52899.7,OK,,,,,
2026-05-04 17:16:03,15.6,64,2.2,449,52595.2,OK,,,,,
2026-05-04 17:16:19,-40,0,0,0,0,OK,,,,,
2026-05-04 17:16:35,15.5,65,0.4,449,52995.4,OK,,,,,
2026-05-04 17:16:51,15.5,65,1.5,449,53555.1,OK,,,,,
2026-05-04 17:17:07,15.5,66,2,449,53913.3,OK,,,,,
2026-05-04 17:17:23,15.4,65,1.3,449,53259.3,OK,,,,,
2026-05-04 17:17:39,15.3,65,1.4,449,52946.1,OK,,,,,
2026-05-04 17:17:56,15.4,65,0.7,449,52873.6,OK,,,,,
2026-05-04 17:18:12,15.5,66,0.1,449,52627.1,OK,,,,,
2026-05-04 17:18:28,15.4,65,2,449,52574.9,OK,,,,,
2026-05-04 17:18:44,15.4,65,0.8,449,51267,OK,,,,,
2026-05-04 17:18:59,15.5,66,0,449,52134.1,OK,,,,,
2026-05-04 17:19:15,-40,0,0,0,0,OK,,,,,
2026-05-04 17:19:31,15.5,66,0.6,449,52769.2,OK,,,,,
2026-05-04 17:19:47,15.6,66,0.6,449,52969.3,OK,,,,,
2026-05-04 17:20:03,15.6,66,1.7,449,52000.7,OK,,,,,
2026-05-04 17:20:19,15.5,66,2,449,52241.4,OK,,,,,
2026-05-04 17:20:35,15.5,66,1.4,449,51847,OK,,,,,
2026-05-04 17:20:51,15.5,66,0.4,449,51977.5,OK,,,,,
2026-05-04 17:21:07,15.5,66,0,449,51855.7,OK,,,,,
2026-05-04 17:21:23,15.6,66,0.3,449,51388.8,OK,,,,,
2026-05-04 17:21:39,15.7,66,0.3,449,51870.2,OK,,,,,
2026-05-04 17:21:56,15.6,65,2.1,449,51339.5,OK,,,,,
2026-05-04 17:22:11,15.7,66,1,449,51496.1,OK,,,,,
2026-05-04 17:22:27,15.6,66,1,449,51452.6,OK,,,,,
2026-05-04 17:22:43,15.6,66,1.7,449,51577.3,OK,,,,,
2026-05-04 17:23:00,15.5,66,0.6,449,51255.4,OK,,,,,
2026-05-04 17:23:15,15.5,65,1.3,449,51510.6,OK,,,,,
2026-05-04 17:23:31,15.4,66,1,449,51733.9,OK,,,,,
2026-05-04 17:23:47,15.4,66,2.2,449,51986.2,OK,,,,,
2026-05-04 17:24:04,-40,0,0,0,0,OK,,,,,
2026-05-04 17:24:19,15.3,67,0.7,449,50553.6,OK,,,,,
2026-05-04 17:24:35,15.4,67,0.8,449,50924.8,OK,,,,,
2026-05-04 17:24:51,15.4,66,1,449,51017.6,OK,,,,,
2026-05-04 17:25:07,15.4,66,0.1,449,50211.4,OK,,,,,
2026-05-04 17:25:23,15.4,66,1.5,449,48909.3,OK,,,,,
2026-05-04 17:25:39,-40,0,0,0,0,OK,,,,,
2026-05-04 17:25:55,15.4,66,0.6,449,48651.2,OK,,,,,
2026-05-04 17:26:11,15.4,66,1.4,449,49048.5,OK,,,,,
2026-05-04 17:26:27,15.4,66,2,449,49283.4,OK,,,,,
2026-05-04 17:26:43,15.4,66,0.1,449,48543.9,OK,,,,,
2026-05-04 17:26:59,15.5,67,0.6,449,49167.4,OK,,,,,
2026-05-04 17:27:15,15.5,66,1.7,449,49666.2,OK,,,,,
2026-05-04 17:27:31,15.5,66,1.4,449,50434.7,OK,,,,,
2026-05-04 17:27:47,15.5,66,0.7,449,50745,OK,,,,,
2026-05-04 17:28:03,15.5,66,0.3,449,50892.9,OK,,,,,
2026-05-04 17:28:19,15.5,66,0.4,449,50637.7,OK,,,,,
2026-05-04 17:28:35,15.5,66,1,449,50289.7,OK,,,,,
2026-05-04 17:28:51,15.5,66,1.1,449,48413.4,OK,,,,,
2026-05-04 17:29:07,15.5,66,0.8,449,48158.2,OK,,,,,
2026-05-04 17:29:23,15.5,66,1,449,46893.8,OK,,,,,
2026-05-04 17:29:39,-40,0,0,0,0,OK,,,,,
2026-05-04 17:29:55,15.5,66,0.1,449,46270.3,OK,,,,,
2026-05-04 17:30:11,15.6,66,0,449,46252.9,OK,,,,,
2026-05-04 17:30:27,15.6,66,0,449,46154.3,OK,,,,,
2026-05-04 17:30:43,15.7,65,0,449,46464.6,OK,,,,,
2026-05-04 17:30:59,-40,0,0,0,0,OK,,,,,
2026-05-04 17:31:15,15.9,65,0,449,47262.1,OK,,,,,
2026-05-04 17:31:31,-40,0,0,0,0,OK,,,,,
2026-05-04 17:31:47,15.9,65,0.3,496,48140.8,OK,,,,,
2026-05-04 17:32:03,15.9,65,0,449,48201.7,OK,,,,,
2026-05-04 17:32:19,16,65,0,449,47717.4,OK,,,,,
2026-05-04 17:32:35,16.1,64,0,449,47859.5,OK,,,,,
2026-05-04 17:32:51,16.1,64,0,449,48010.3,OK,,,,,
2026-05-04 17:33:07,16.2,64,0,449,48007.4,OK,,,,,
2026-05-04 17:33:23,16.2,64,0,449,47966.8,OK,,,,,
2026-05-04 17:33:39,16.1,64,1.4,449,47795.7,OK,,,,,
2026-05-04 17:33:55,16.1,65,0.1,449,47908.8,OK,,,,,
2026-05-04 17:34:11,16.2,65,0.3,449,47769.6,OK,,,,,
2026-05-04 17:34:27,16.2,64,0,449,47265,OK,,,,,
2026-05-04 17:34:43,16.2,64,0,449,46322.5,OK,,,,,
2026-05-04 17:34:59,16.3,64,0,449,44765.2,OK,,,,,
2026-05-04 17:35:15,16.3,64,0.8,449,410954.8,OK,,,,,
2026-05-04 17:35:31,16.3,64,0.1,449,43512.4,OK,,,,,
2026-05-04 17:35:47,16.3,64,0,449,43486.3,OK,,,,,
2026-05-04 17:36:03,16.3,64,0,449,43599.4,OK,,,,,
2026-05-04 17:36:19,16.4,64,0,449,43683.5,OK,,,,,
2026-05-04 17:36:35,-40,0,0,0,0,OK,,,,,
2026-05-04 17:36:51,16.4,64,0.4,449,43254.3,OK,,,,,
2026-05-04 17:37:07,16.3,64,1.3,449,43608.1,OK,,,,,
2026-05-04 17:37:23,16.2,63,0.3,449,43448.6,OK,,,,,
2026-05-04 17:37:39,16.2,63,0.6,449,42978.8,OK,,,,,
2026-05-04 17:37:55,16.2,63,1.7,449,43126.7,OK,,,,,
2026-05-04 17:38:11,16,64,1.5,449,42239.3,OK,,,,,
2026-05-04 17:38:27,-40,0,0,0,0,OK,,,,,
2026-05-04 17:38:43,15.8,65,0.4,449,42427.8,OK,,,,,
2026-05-04 17:38:59,15.8,65,0.3,449,42239.3,OK,,,,,
2026-05-04 17:39:15,15.7,64,1.8,449,42964.3,OK,,,,,
2026-05-04 17:39:31,15.7,65,0.1,449,41685.4,OK,,,,,
2026-05-04 17:39:47,15.6,65,1.7,449,40012.1,OK,,,,,
2026-05-04 17:40:03,15.5,65,0.7,449,37361.5,OK,,,,,
2026-05-04 17:40:20,15.4,65,1.3,449,35870.9,OK,,,,,
2026-05-04 17:40:35,15.5,66,0.3,449,35496.8,OK,,,,,
2026-05-04 17:40:51,15.5,66,0.3,449,35899.9,OK,,,,,
2026-05-04 17:41:07,15.6,66,0.1,449,37584.8,OK,,,,,
2026-05-04 17:41:23,-40,0,0,0,0,OK,,,,,
2026-05-04 17:41:40,15.6,65,0.7,449,39174,OK,,,,,
2026-05-04 17:41:55,15.6,66,0.3,449,41792.7,OK,,,,,
2026-05-04 17:42:11,15.6,66,0,449,43805.3,OK,,,,,
2026-05-04 17:42:27,15.6,66,0,449,44672.4,OK,,,,,
2026-05-04 17:42:43,15.7,66,0.7,449,44811.6,OK,,,,,
2026-05-04 17:43:00,-40,0,0,0,0,OK,,,,,
2026-05-04 17:43:15,15.7,66,0.7,449,44631.8,OK,,,,,
2026-05-04 17:43:31,15.6,65,0.4,449,44805.8,OK,,,,,
2026-05-04 17:43:47,15.6,66,0,449,44701.4,OK,,,,,
2026-05-04 17:44:03,15.6,66,0,449,44460.7,OK,,,,,
2026-05-04 17:44:19,15.7,66,0,449,42543.8,OK,,,,,
2026-05-04 17:44:35,15.8,66,0,449,40287.6,OK,,,,,
2026-05-04 17:44:52,15.8,66,0.3,449,36906.2,OK,,,,,
2026-05-04 17:45:07,-40,0,0,0,0,OK,,,,,
2026-05-04 17:45:23,15.7,65,0.4,449,31712.3,OK,,,,,
2026-05-04 17:45:39,15.7,66,0,449,39362.5,OK,,,,,
2026-05-04 17:45:55,15.7,66,0,449,37199.1,OK,,,,,
2026-05-04 17:46:11,15.9,66,0.3,449,21495.6,OK,,,,,
2026-05-04 17:46:27,15.8,65,0.8,449,29633,OK,,,,,
2026-05-04 17:46:43,15.7,65,0.1,449,20759,OK,,,,,
2026-05-04 17:46:59,118.2,66,36,449,25668.7,OK,,,,,
2026-05-04 17:47:15,15.8,66,0.3,449,17458.8,OK,,,,,
2026-05-04 17:47:32,15.7,66,0,449,22635.3,OK,,,,,
2026-05-04 17:47:47,15.7,66,0,449,26089.2,OK,,,,,
2026-05-04 17:48:04,-40,0,0,0,0,OK,,,,,
2026-05-04 17:48:19,15.8,66,0,449,24105.6,OK,,,,,
2026-05-04 17:48:35,15.8,66,0,449,26709.8,OK,,,,,
2026-05-04 17:48:51,-40,0,0,0,0,OK,,,,,
2026-05-04 17:49:07,15.6,65,0,449,29676.5,OK,,,,,
2026-05-04 17:49:23,15.6,66,0,449,24146.2,OK,,,,,
2026-05-04 17:49:39,15.6,66,0.8,449,31480.3,OK,,,,,
2026-05-04 17:49:55,15.5,65,0.7,449,24534.8,OK,,,,,
2026-05-04 17:50:11,15.3,66,0.1,449,21513,OK,,,,,
2026-05-04 17:50:27,15.3,66,0,449,21689.9,OK,,,,,
2026-05-04 17:50:43,15.4,67,0,449,19068.3,OK,,,,,
2026-05-04 17:51:47,15.1,67,0.3,449,19427.9,OK,,,,,
2026-05-04 17:52:04,15,67,0.1,449,19854.2,OK,,,,,
2026-05-04 17:52:19,15,67,0,449,17049.9,OK,,,,,
2026-05-04 17:52:35,15,67,0,449,22765.8,OK,,,,,
2026-05-04 17:52:51,15.1,68,0.4,449,30604.5,OK,,,,,
2026-05-04 17:53:07,15.1,67,1.8,449,29308.2,OK,,,,,
2026-05-04 17:53:23,14.9,67,0.4,449,35514.2,OK,,,,,
2026-05-04 17:53:39,14.8,68,0,449,32727.3,OK,,,,,
2026-05-04 17:53:55,14.9,68,0,449,32970.9,OK,,,,,
2026-05-04 17:54:59,15.1,68,0,449,22037.9,OK,,,,,
2026-05-04 17:55:15,15.2,68,0.6,449,17722.7,OK,,,,,
2026-05-04 17:55:31,15.1,68,0.7,449,18528.9,OK,,,,,
2026-05-04 17:55:47,15.1,68,0,449,19947,OK,,,,,
2026-05-04 17:56:03,15.1,68,0.1,449,18050.4,OK,,,,,
2026-05-04 17:56:19,15.1,68,0.1,449,18137.4,OK,,,,,
2026-05-04 17:56:35,15.1,68,0,449,17409.5,OK,,,,,
2026-05-04 17:56:51,15.1,68,0,449,18033,OK,,,,,
2026-05-04 17:57:07,15.1,68,0.1,449,17705.3,OK,,,,,
2026-05-04 17:57:23,15.1,68,0,449,16890.4,OK,,,,,
2026-05-04 17:57:39,15.2,68,0.3,449,16104.5,OK,,,,,
2026-05-04 17:57:55,15.2,68,0,449,18789.9,OK,,,,,
2026-05-04 17:58:11,15.2,68,0.1,449,21211.4,OK,,,,,
2026-05-04 17:58:27,15.1,67,0.7,449,20805.4,OK,,,,,
2026-05-04 17:58:43,-40,0,0,0,0,OK,,,,,
2026-05-04 17:58:59,15,68,1.1,449,36485.7,OK,,,,,
2026-05-04 17:59:15,-40,0,0,0,0,OK,,,,,
2026-05-04 17:59:31,14.9,68,1,449,35621.5,OK,,,,,
2026-05-04 17:59:47,14.9,68,1.1,449,35717.2,OK,,,,,
2026-05-04 18:00:03,14.7,68,1.8,449,35018.3,OK,,,,,
2026-05-04 18:00:19,14.5,68,1.3,449,34113.5,OK,,,,,
2026-05-04 18:00:35,14.6,69,1,449,34029.4,OK,,,,,
2026-05-04 18:00:52,14.5,69,1.4,449,33197.1,OK,,,,,
2026-05-04 18:01:07,14.4,69,0.4,449,32660.6,OK,,,,,
2026-05-04 18:01:23,14.5,69,1.1,449,32475,OK,,,,,
2026-05-04 18:01:39,14.4,69,1.3,449,33075.3,OK,,,,,
2026-05-04 18:01:55,14.4,69,1,449,33724.9,OK,,,,,
2026-05-04 18:02:11,14.3,70,0.1,449,33843.8,OK,,,,,
2026-05-04 18:02:27,14.3,70,0,449,33910.5,OK,,,,,
2026-05-04 18:02:43,14.4,70,0.1,449,34220.8,OK,,,,,
2026-05-04 18:02:59,14.5,70,0.1,449,34690.6,OK,,,,,
2026-05-04 18:03:15,14.6,69,0,449,35383.7,OK,,,,,
2026-05-04 18:03:31,14.7,69,0,449,35473.6,OK,,,,,
2026-05-04 18:03:47,14.7,69,0,449,35554.8,OK,,,,,
2026-05-04 18:04:03,14.8,69,0.1,449,35064.7,OK,,,,,
2026-05-04 18:04:19,14.8,69,0.1,449,34661.6,OK,,,,,
2026-05-04 18:04:35,14.8,68,0,449,35053.1,OK,,,,,
2026-05-04 18:04:51,14.8,68,0,449,34789.2,OK,,,,,
2026-05-04 18:05:07,14.8,68,1,449,33617.6,OK,,,,,
2026-05-04 18:05:23,14.7,67,0.8,449,33005.7,OK,,,,,
2026-05-04 18:05:39,14.6,68,0.1,449,31863.1,OK,,,,,
2026-05-04 18:05:55,14.6,69,0.3,449,34496.3,OK,,,,,
2026-05-04 18:06:11,14.5,69,0.3,449,31091.7,OK,,,,,
2026-05-04 18:06:43,14.5,70,0,449,27620.4,OK,,,,,
2026-05-04 18:06:59,14.5,70,0.6,449,33640.8,OK,,,,,
2026-05-04 18:07:15,14.5,70,0,449,24444.9,OK,,,,,
2026-05-04 18:07:31,14.5,70,0,449,26480.7,OK,,,,,
2026-05-04 18:07:47,14.6,70,0.3,449,29769.3,OK,,,,,
2026-05-04 18:08:03,14.5,70,0.4,449,29235.7,OK,,,,,
2026-05-04 18:08:19,14.5,70,0.7,449,28267.1,OK,,,,,
2026-05-04 18:08:35,14.5,70,0.7,449,32069,OK,,,,,
2026-05-04 18:08:51,14.4,70,0.4,449,29534.4,OK,,,,,
2026-05-04 18:09:07,14.4,71,0,449,28887.7,OK,,,,,
2026-05-04 18:09:23,14.4,71,0,449,28084.4,OK,,,,,
2026-05-04 18:09:39,14.5,71,0.7,449,21718.9,OK,,,,,
2026-05-04 18:09:55,-40,0,0,0,0,OK,,,,,
2026-05-04 18:10:11,-40,0,0,0,0,OK,,,,,
2026-05-04 18:10:27,14.2,71,0.1,449,19996.7,OK,,,,,
2026-05-04 18:10:43,14.3,71,0,449,25042.3,OK,,,,,
2026-05-04 18:10:59,14.3,71,0,449,18018.5,OK,,,,,
2026-05-04 18:11:15,14.3,71,0.3,449,14283.3,OK,,,,,
2026-05-04 18:11:31,14.3,71,0,449,19019,OK,,,,,
2026-05-04 18:11:47,14.3,71,0,449,29656.2,OK,,,,,
2026-05-04 18:12:03,14.3,71,0.4,449,14106.4,OK,,,,,
2026-05-04 18:12:19,14.3,71,0.7,449,29879.5,OK,,,,,
2026-05-04 18:12:35,-40,0,0,0,0,OK,,,,,
2026-05-04 18:12:51,14.2,71,0.4,449,27942.3,OK,,,,,
2026-05-04 18:13:07,14.1,71,0,449,26092.1,OK,,,,,
2026-05-04 18:13:23,14.1,71,0,449,24285.4,OK,,,,,
2026-05-04 18:13:39,14.1,71,0,449,22383,OK,,,,,
2026-05-04 18:13:55,14.2,71,0.1,449,20628.5,OK,,,,,
2026-05-04 18:14:11,14.2,71,0,449,19048,OK,,,,,
2026-05-04 18:14:27,14.3,71,0,449,17577.7,OK,,,,,
2026-05-04 18:14:43,-40,0,0,0,0,OK,,,,,
2026-05-04 18:14:59,14.3,71,0,449,15843.5,OK,,,,,
2026-05-04 18:15:15,14.3,71,0.3,449,14004.9,OK,,,,,
2026-05-04 18:15:31,14.3,71,0.1,961,13917.9,OK,,,,,
2026-05-04 18:15:47,14.3,71,0.4,449,12821.7,OK,,,,,
2026-05-04 18:16:03,-40,0,0,0,0,OK,,,,,
2026-05-04 18:16:19,14.2,71,0.6,449,635075.1,OK,,,,,
2026-05-04 18:16:35,14.1,70,1.1,449,9855.1,OK,,,,,
2026-05-04 18:16:51,14,70,0,449,9888.4,OK,,,,,
2026-05-04 18:17:07,14,70,0.3,449,9884.7,OK,,,,,
2026-05-04 18:17:23,-40,0,0,0,0,OK,,,,,
2026-05-04 18:17:39,14,71,0,449,11414.9,OK,,,,,
2026-05-04 18:17:55,14,71,0,449,9692.3,OK,,,,,
2026-05-04 18:18:11,14,71,0.4,449,9766.3,OK,,,,,
2026-05-04 18:18:27,-40,0,0,0,0,OK,,,,,
2026-05-04 18:19:31,13.9,72,0.1,449,14277.5,OK,,,,,
2026-05-04 18:19:47,13.9,72,0.3,449,15811.6,OK,,,,,
2026-05-04 18:20:03,-40,0,0,0,0,OK,,,,,
2026-05-04 18:20:19,13.8,72,0,449,12395.4,OK,,,,,
2026-05-04 18:20:35,13.8,72,0.1,449,12763.7,OK,,,,,
2026-05-04 18:20:51,-40,0,0,0,0,OK,,,,,
2026-05-04 18:21:07,13.9,72,0,449,11609.5,OK,,,,,
2026-05-04 18:21:23,13.8,72,0.6,449,12682.5,OK,,,,,
2026-05-04 18:21:39,116.2,72,72.5,449,22174.2,OK,,,,,
2026-05-04 18:21:55,114.8,160,36.1,449,16237.9,OK,,,,,
2026-05-04 18:22:11,-40,0,0,0,0,OK,,,,,
2026-05-04 18:22:27,13.8,72,1,449,23377.7,OK,,,,,
2026-05-04 18:22:43,13.7,72,0.3,449,23064.5,OK,,,,,
2026-05-04 18:22:59,13.7,72,0.4,449,23508.2,OK,,,,,
2026-05-04 18:23:15,-40,0,0,0,0,OK,,,,,
2026-05-04 18:23:31,13.5,72,1.5,449,23145.7,OK,,,,,
2026-05-04 18:23:47,13.5,72,0.4,449,22325,OK,,,,,
2026-05-04 18:24:03,-40,0,0,0,0,OK,,,,,
2026-05-04 18:24:19,115.9,73,35.8,449,17876.4,OK,,,,,
2026-05-04 18:24:35,-40,0,0,0,0,OK,,,,,
2026-05-04 18:24:51,13.5,73,0,449,21066.4,OK,,,,,
2026-05-04 18:25:07,13.6,73,0.6,449,17937.3,OK,,,,,
2026-05-04 18:25:23,13.6,73,1.1,449,19140.8,OK,,,,,
2026-05-04 18:25:39,13.6,73,1.1,449,18955.2,OK,,,,,
2026-05-04 18:25:55,13.6,75,0.1,449,16121.9,OK,,,,,
2026-05-04 18:26:11,13.6,73,0.4,449,15933.4,OK,,,,,
2026-05-04 18:26:27,13.6,73,0.1,32705,13627.9,OK,,,,,
2026-05-04 18:26:43,-40,0,0,0,0,OK,,,,,
2026-05-04 18:26:59,13.6,73,0.4,449,11713.9,OK,,,,,
2026-05-04 18:27:15,13.6,73,0.6,511,10524.9,OK,,,,,
2026-05-04 18:27:31,-40,0,0,0,0,OK,,,,,
2026-05-04 18:27:47,-40,0,0,0,0,OK,,,,,
2026-05-04 18:28:03,13.6,73,0.3,449,8101.3,OK,,,,,
2026-05-04 18:28:19,-40,0,0,0,0,OK,,,,,
2026-05-04 18:28:51,13.6,74,0,449,7857.1,OK,,,,,
2026-05-04 18:29:07,-40,0,0,0,0,OK,,,,,
2026-05-04 18:29:23,13.7,74,0.1,449,7479.7,OK,,,,,
2026-05-04 18:29:39,-11.9,73,35.8,449,7328,OK,,,,,
2026-05-04 18:29:55,-40,0,0,0,0,OK,,,,,
2026-05-04 18:30:11,13.7,73,0.7,449,7131.9,OK,,,,,
2026-05-04 18:30:27,13.6,73,0,449,7043.1,OK,,,,,
2026-05-04 18:30:43,13.6,73,0,449,6995,OK,,,,,
2026-05-04 18:30:59,13.6,73,0,449,6935.8,OK,,,,,
2026-05-04 18:31:15,13.6,73,0.1,449,6869.2,OK,,,,,
2026-05-04 18:31:47,13.7,73,0,449,6791.5,OK,,,,,
2026-05-04 18:32:03,13.7,73,0.4,449,6761.9,OK,,,,,
2026-05-04 18:32:19,13.7,73,0.1,449,6687.9,OK,,,,,
2026-05-04 18:32:35,-40,0,0,0,0,OK,,,,,
2026-05-04 18:32:51,13.6,73,0,449,6602.8,OK,,,,,
2026-05-04 18:33:07,13.9,73,0,449,6573.2,OK,,,,,
2026-05-04 18:33:23,13.7,73,0,449,6551,OK,,,,,
2026-05-04 18:33:39,13.7,73,0,449,6514,OK,,,,,
2026-05-04 18:33:55,13.6,73,0,449,6514,OK,,,,,
2026-05-04 18:34:11,13.6,73,0,449,6473.3,OK,,,,,
2026-05-04 18:34:27,13.7,73,0,449,6436.3,OK,,,,,
2026-05-04 18:34:43,13.7,73,0,449,6399.3,OK,,,,,
2026-05-04 18:34:59,36.7,73,0,449,6362.3,OK,,,,,
2026-05-04 18:35:31,-40,0,0,0,0,OK,,,,,
2026-05-04 18:35:47,13.8,73,0,449,6243.9,OK,,,,,
2026-05-04 18:36:03,13.8,73,0,449,6206.9,OK,,,,,
2026-05-04 18:36:19,13.8,73,0,449,6169.9,OK,,,,,
2026-05-04 18:36:35,13.8,73,0,449,6147.7,OK,,,,,
2026-05-04 18:36:51,-40,0,0,0,0,OK,,,,,
2026-05-04 18:37:07,17.4,73,0,449,6084.8,OK,,,,,
2026-05-04 18:37:23,-40,0,0,0,0,OK,,,,,
2026-05-04 18:37:39,13.8,73,0,449,6033,OK,,,,,
2026-05-04 18:37:55,13.7,72,0,449,844867.9,OK,,,,,
2026-05-04 18:38:11,-40,0,0,0,0,OK,,,,,
2026-05-04 18:38:27,13.6,79,0,449,5984.9,OK,,,,,
2026-05-04 18:38:43,13.7,73,0,449,5966.4,OK,,,,,
2026-05-04 18:38:59,116,73,107.5,449,5951.6,OK,,,,,
2026-05-04 18:39:15,13.7,73,0,449,5922,OK,,,,,
2026-05-04 18:39:31,13.7,73,13.4,449,5888.7,OK,,,,,
2026-05-04 18:39:47,-11.9,73,35.8,449,5844.3,OK,,,,,
2026-05-04 18:40:03,25.2,73,0.3,449,5792.5,OK,,,,,
2026-05-04 18:40:19,13.5,73,1.4,449,5729.6,OK,,,,,
2026-05-04 18:40:51,13.4,74,0.6,449,5614.9,OK,,,,,
2026-05-04 18:41:07,13.3,74,0.7,449,5552,OK,,,,,
2026-05-04 18:41:23,13.3,74,0,449,5503.9,OK,,,,,
2026-05-04 18:41:39,13.3,74,0,449,5452.1,OK,,,,,
2026-05-04 18:41:55,13.3,75,0,449,5396.6,OK,,,,,
2026-05-04 18:42:27,13.2,74,1.8,449,5270.8,OK,,,,,
2026-05-04 18:42:59,13.1,74,0.8,449,5141.3,OK,,,,,
2026-05-04 18:43:15,-40,0,0,0,0,OK,,,,,
2026-05-04 18:43:31,-40,0,0,0,0,OK,,,,,
2026-05-04 18:43:47,13,75,0.4,449,4919.3,OK,,,,,
2026-05-04 18:44:03,13,75,1.1,449,4852.7,OK,,,,,
2026-05-04 18:44:19,13,75,0.8,449,4804.6,OK,,,,,
2026-05-04 18:44:35,13,75,0.3,449,4760.2,OK,,,,,
2026-05-04 18:44:51,13,75,0.3,449,4715.8,OK,,,,,
2026-05-04 18:45:07,13,123,1,449,4678.8,OK,,,,,
2026-05-04 18:45:23,13,75,0.1,449,4660.3,OK,,,,,
2026-05-04 18:45:39,13,75,0.1,449,4634.4,OK,,,,,
2026-05-04 18:45:55,-40,0,0,0,0,OK,,,,,
2026-05-04 18:46:11,13,75,0,449,4578.9,OK,,,,,
2026-05-04 18:46:27,-40,0,0,0,0,OK,,,,,
2026-05-04 18:46:43,13,75,0,449,4504.9,OK,,,,,
2026-05-04 18:46:59,-40,0,0,0,0,OK,,,,,
2026-05-04 18:47:15,13,75,0.4,24816,4405,OK,,,,,
2026-05-04 18:48:19,12.9,75,0.3,449,4205.2,OK,,,,,
2026-05-04 18:48:35,12.9,75,0.6,449,4153.4,OK,,,,,
2026-05-04 18:48:51,12.9,75,0,449,4109,OK,,,,,
2026-05-04 18:49:08,-40,0,0,0,0,OK,,,,,
2026-05-04 18:49:23,-40,0,0,0,0,OK,,,,,
2026-05-04 18:49:39,12.9,75,0,449,3979.5,OK,,,,,
2026-05-04 18:50:43,12.9,76,0,449,3813,OK,,,,,
2026-05-04 18:50:59,-40,0,0,0,0,OK,,,,,
2026-05-04 18:51:15,12.9,76,0.3,449,3739,OK,,,,,
2026-05-04 18:52:19,-40,0,0,0,0,OK,,,,,
2026-05-04 18:52:35,12.8,76,1,455,3579.9,OK,,,,,
2026-05-04 18:52:52,12.8,76,1,449,3531.8,OK,,,,,
2026-05-04 18:53:08,12.8,76,4.1,451,3480,OK,,,,,
2026-05-04 18:53:23,12.8,76,0.4,449,3424.5,OK,,,,,
2026-05-04 18:53:39,-40,0,0,0,0,OK,,,,,
2026-05-04 18:53:55,12.8,76,0.3,449,3350.5,OK,,,,,
2026-05-04 18:54:11,-40,0,0,0,0,OK,,,,,
2026-05-04 18:54:27,12.7,76,1.4,449,3269.1,OK,,,,,
2026-05-04 18:54:43,-40,0,0,0,0,OK,,,,,
2026-05-04 18:54:59,12.7,76,0.3,449,3180.3,OK,,,,,
2026-05-04 19:04:51,12.7,76,0,449,3255.3,OK,,,,,
2026-05-04 19:05:08,-40,0,0,0,0,OK,,,,,
2026-05-04 19:05:23,12.6,76,0,449,1745.8,OK,,,,,
2026-05-04 19:05:40,-40,0,0,0,0,OK,,,,,
2026-05-04 19:05:55,12.6,76,0,449,1681.6,OK,,,,,
2026-05-04 19:06:11,12.6,76,0,449,840509.1,OK,,,,,
2026-05-04 19:06:28,-40,0,0,0,0,OK,,,,,
2026-05-04 19:06:43,12.6,76,0.1,449,1582.3,OK,,,,,
2026-05-04 19:07:00,-40,0,0,0,0,OK,,,,,
2026-05-04 19:07:15,12.5,76,0,449,1510.9,OK,,,,,
2026-05-04 19:07:31,12.5,77,0,449,1477.6,OK,,,,,
2026-05-04 19:07:47,12.5,77,0,449,1448.5,OK,,,,,
2026-05-04 19:08:03,12.5,77,0,449,1156380.2,OK,,,,,
2026-05-04 19:08:19,12.5,77,0.6,449,3024.5,OK,,,,,
2026-05-04 19:08:35,12.5,77,0.6,449,1348.6,OK,,,,,
2026-05-04 19:08:52,-40,0,0,0,0,OK,,,,,
2026-05-04 19:09:07,12.4,77,0,511,1282,OK,,,,,
2026-05-04 19:09:24,-40,0,0,0,0,OK,,,,,
2026-05-04 19:09:39,12.4,77,0,449,1219.6,OK,,,,,
2026-05-04 19:09:56,-40,0,0,0,0,OK,,,,,
2026-05-04 19:10:12,-40,0,0,0,0,OK,,,,,
2026-05-04 19:10:28,-40,0,0,0,0,OK,,,,,
2026-05-04 19:10:43,12.4,77,0,449,1094.7,OK,,,,,
2026-05-04 19:10:59,12.4,77,0,449,1061.4,OK,,,,,
2026-05-04 19:11:15,24.6,168,8.1,449,1036.4,OK,,,,,
2026-05-04 19:11:31,12.4,77,0.7,449,5939.1,OK,,,,,
2026-05-04 19:11:48,-40,0,0,0,0,OK,,,,,
2026-05-04 19:12:03,12.4,77,0,449,944.8,OK,,,,,
2026-05-04 19:12:19,-40,0,0,0,0,OK,,,,,
2026-05-04 19:12:35,12.4,77,0,449,886.6,OK,,,,,
2026-05-04 19:12:51,12.4,77,0,57584,839722.4,OK,,,,,
2026-05-04 19:13:07,-40,0,0,0,0,OK,,,,,
2026-05-04 19:13:23,-40,0,0,0,0,OK,,,,,
2026-05-04 19:13:39,-40,0,0,0,0,OK,,,,,
2026-05-04 19:13:56,-40,0,0,0,0,OK,,,,,
2026-05-04 19:14:11,12.3,78,0,963,724.2,OK,,,,,
2026-05-04 19:14:27,-40,0,0,0,0,OK,,,,,
2026-05-04 19:14:44,-40,0,0,0,0,OK,,,,,
2026-05-04 19:14:59,-40,0,0,0,0,OK,,,,,
2026-05-04 19:15:15,12.3,78,0,449,616,OK,,,,,
2026-05-04 19:15:32,12.3,167,0,449,3253.4,OK,,,,,
2026-05-04 19:15:48,-40,0,0,0,0,OK,,,,,
2026-05-04 19:16:04,-40,0,0,0,0,OK,,,,,
2026-05-04 19:16:19,12.3,78,0,449,3231.8,OK,,,,,
2026-05-04 19:16:35,12.3,78,0,449,545.7,OK,,,,,
2026-05-04 19:16:52,-40,0,0,0,0,OK,,,,,
2026-05-04 19:17:08,-40,0,0,0,0,OK,,,,,
2026-05-04 19:17:23,-40,0,0,0,0,OK,,,,,
2026-05-04 19:17:39,-13.4,58,49.3,449,444,OK,,,,,
2026-05-04 19:17:55,-40,0,0,0,0,OK,,,,,
2026-05-04 19:18:11,-40,0,0,0,0,OK,,,,,
2026-05-04 19:18:28,-40,0,0,0,0,OK,,,,,
2026-05-04 19:18:44,-40,0,0,0,0,OK,,,,,
2026-05-04 19:18:59,-40,0,0,0,0,OK,,,,,
2026-05-04 19:19:15,-40,0,0,0,0,OK,,,,,
2026-05-04 19:19:31,12.3,207,0,449,284.5,OK,,,,,
2026-05-04 19:19:48,-40,0,0,0,0,OK,,,,,
2026-05-04 19:20:04,-40,0,0,0,0,OK,,,,,
2026-05-04 19:20:19,12.2,126,0,449,225.5,OK,,,,,
2026-05-04 19:20:36,-40,0,0,0,0,OK,,,,,
2026-05-04 19:20:52,-40,0,0,0,0,OK,,,,,
2026-05-04 19:21:07,-40,0,0,0,0,OK,,,,,
2026-05-04 19:21:23,-40,0,0,0,0,OK,,,,,
2026-05-04 19:21:39,16.9,79,0.3,449,127.6,OK,,,,,
2026-05-04 19:21:55,-13.5,79,35.8,449,97.1,OK,,,,,
2026-05-04 19:22:12,-40,0,0,0,0,OK,,,,,
2026-05-04 19:22:27,-40,0,0,0,0,OK,,,,,
2026-05-04 19:22:43,-40,0,0,0,0,OK,,,,,
2026-05-04 19:22:59,12.2,79,17.9,449,23.1,OK,,,,,
2026-05-04 19:23:16,-40,0,0,0,0,OK,,,,,
2026-05-04 19:23:32,-40,0,0,0,0,OK,,,,,
2026-05-04 19:23:48,-40,0,0,0,0,OK,,,,,
2026-05-04 19:24:04,-40,0,0,0,0,OK,,,,,
2026-05-04 19:24:19,12.2,79,0,449,0,OK,,,,,
2026-05-04 19:24:35,12.1,207,17.9,449,0,OK,,,,,
2026-05-04 19:24:52,-40,0,0,0,0,OK,,,,,
2026-05-04 19:25:07,114.5,79,0,449,0,OK,,,,,
2026-05-04 19:25:24,-40,0,0,0,0,OK,,,,,
2026-05-04 19:25:40,-40,0,0,0,0,OK,,,,,
2026-05-04 19:25:55,-40,0,0,0,0,OK,,,,,
2026-05-04 19:26:12,-40,0,0,0,0,OK,,,,,
2026-05-04 19:26:27,13.8,79,0,449,0,OK,,,,,
2026-05-04 19:26:59,-40,0,0,0,0,OK,,,,,
2026-05-04 19:27:15,114.5,79,0,49392,0,OK,,,,,
2026-05-04 19:27:31,-40,0,0,0,0,OK,,,,,
2026-05-04 19:27:47,-40,0,0,0,0,OK,,,,,
2026-05-04 19:28:03,-40,0,0,0,0,OK,,,,,
2026-05-04 19:28:19,-40,0,0,0,0,OK,,,,,
2026-05-04 19:28:35,-40,0,0,0,0,OK,,,,,
2026-05-04 19:28:52,-40,0,0,0,0,OK,,,,,
2026-05-04 19:29:55,-13.5,79,35.8,449,0,OK,,,,,
2026-05-04 19:30:12,-40,0,0,0,0,OK,,,,,
2026-05-04 19:30:43,12.3,80,0.1,449,0,OK,,,,,
2026-05-04 19:30:59,12,79,0,449,0,OK,,,,,
2026-05-04 19:31:15,-40,0,0,0,0,OK,,,,,
2026-05-04 19:31:32,-40,0,0,0,0,OK,,,,,
2026-05-04 19:31:48,-40,0,0,0,0,OK,,,,,
2026-05-04 19:32:04,-40,0,0,0,0,OK,,,,,
2026-05-04 19:32:36,-40,0,0,0,0,OK,,,,,
2026-05-04 19:32:52,-40,0,0,0,0,OK,,,,,
2026-05-04 19:33:07,-40,0,0,0,0,OK,,,,,
2026-05-04 19:33:23,-40,0,0,0,0,OK,,,,,
2026-05-04 19:33:55,12,95,0,449,0,OK,,,,,
2026-05-04 19:34:27,-40,0,0,0,0,OK,,,,,
2026-05-04 19:34:43,-40,0,0,0,0,OK,,,,,
2026-05-04 19:34:59,12,80,0,451,0,OK,,,,,
2026-05-04 19:35:15,-40,0,0,0,0,OK,,,,,
2026-05-04 19:35:31,-40,0,0,0,0,OK,,,,,
2026-05-04 19:36:03,11.9,208,0,449,0,OK,,,,,
2026-05-04 19:36:20,-40,0,0,0,0,OK,,,,,
2026-05-04 19:36:35,-40,0,0,0,0,OK,,,,,
2026-05-04 19:36:51,12,80,0,449,0,OK,,,,,
2026-05-04 19:37:07,-40,0,0,0,0,OK,,,,,
2026-05-04 19:37:23,12,80,0,449,0,OK,,,,,
2026-05-04 19:37:40,-40,0,0,0,0,OK,,,,,
2026-05-04 19:37:56,-40,0,0,0,0,OK,,,,,
2026-05-04 19:39:31,17.5,80,0,4033,0,OK,,,,,
2026-05-04 19:41:23,11.8,81,0,65520,0,OK,,,,,
2026-05-04 19:41:40,11.8,81,0,449,0,OK,,,,,
2026-05-04 19:41:56,-40,0,0,0,0,OK,,,,,
2026-05-04 19:42:11,-40,0,0,0,0,OK,,,,,
2026-05-04 19:42:43,-40,0,0,0,0,OK,,,,,
2026-05-04 19:43:00,-40,0,0,0,0,OK,,,,,
2026-05-04 19:43:47,-40,0,0,0,0,OK,,,,,
2026-05-04 19:44:03,-40,0,0,0,0,OK,,,,,
2026-05-04 19:45:23,11.7,95,0,451,0,OK,,,,,
2026-05-04 19:45:40,-40,0,0,0,0,OK,,,,,
2026-05-04 19:45:55,-13.9,81,35.8,449,0,OK,,,,,
2026-05-04 19:46:11,-40,0,0,0,0,OK,,,,,
2026-05-04 19:48:51,11.7,81,0,449,17.1,OK,,,,,
2026-05-04 19:49:07,-40,0,0,0,0,OK,,,,,
2026-05-04 19:49:39,11.7,81,0,449,0,OK,,,,,
2026-05-04 19:49:55,-40,0,0,0,0,OK,,,,,
2026-05-04 19:50:11,-40,0,0,0,0,OK,,,,,
2026-05-04 19:50:27,12.5,81,0,449,0,OK,,,,,
2026-05-04 19:50:59,-40,0,0,0,0,OK,,,,,
2026-05-04 19:51:15,-40,0,0,0,0,OK,,,,,
2026-05-04 19:52:19,17.5,208,17.9,449,0,OK,,,,,
2026-05-04 19:53:39,-40,0,0,0,0,OK,,,,,
2026-05-04 19:53:55,11.7,81,0,449,0,OK,,,,,
2026-05-04 19:54:59,-40,0,0,0,0,OK,,,,,
2026-05-04 19:55:15,-40,0,0,0,0,OK,,,,,
2026-05-04 19:55:31,11.7,95,0.1,449,838860.8,OK,,,,,
2026-05-04 19:55:47,-40,0,0,0,0,OK,,,,,
2026-05-04 19:56:03,-40,0,0,0,0,OK,,,,,
2026-05-04 19:56:19,-40,0,0,0,0,OK,,,,,
2026-05-04 19:56:35,-40,0,0,0,0,OK,,,,,
2026-05-04 19:56:51,-40,0,0,0,0,OK,,,,,
2026-05-04 19:57:07,-40,0,0,0,0,OK,,,,,
2026-05-04 19:57:23,11.7,81,17.9,449,838860.8,OK,,,,,
2026-05-04 19:57:55,-40,0,0,0,0,OK,,,,,
2026-05-04 20:00:19,-40,0,0,0,0,OK,,,,,
2026-05-04 20:00:51,-40,0,0,0,0,OK,,,,,
2026-05-04 20:01:07,-40,0,0,0,0,OK,,,,,
2026-05-04 20:01:23,-40,0,0,0,0,OK,,,,,
2026-05-04 20:02:27,-40,0,0,0,0,OK,,,,,
2026-05-04 20:02:44,-40,0,0,0,0,OK,,,,,
2026-05-04 20:03:15,-40,0,0,0,0,OK,,,,,
2026-05-04 20:03:47,-40,0,0,0,0,OK,,,,,
2026-05-04 20:04:35,-40,0,0,0,0,OK,,,,,
2026-05-04 20:05:07,-40,0,0,0,0,OK,,,,,
2026-05-04 20:05:55,-40,0,0,0,0,OK,,,,,
2026-05-04 20:06:11,-40,0,0,0,0,OK,,,,,
2026-05-04 20:06:27,-40,0,0,0,0,OK,,,,,
2026-05-04 20:06:43,-40,0,0,0,0,OK,,,,,
2026-05-04 20:07:15,-40,0,0,0,0,OK,,,,,
2026-05-04 20:07:47,-40,0,0,0,0,OK,,,,,
2026-05-04 20:08:03,-40,0,0,0,0,OK,,,,,
2026-05-04 20:08:19,-40,0,0,0,0,OK,,,,,
2026-05-04 20:08:51,11.5,82,0,449,0,OK,,,,,
2026-05-04 20:09:07,-40,0,0,0,0,OK,,,,,
2026-05-04 20:09:39,-40,0,0,0,0,OK,,,,,
2026-05-04 20:10:11,-40,0,0,0,0,OK,,,,,
2026-05-04 20:10:27,-40,0,0,0,0,OK,,,,,
2026-05-04 20:10:43,-40,0,0,0,0,OK,,,,,
2026-05-04 20:10:59,-40,0,0,0,0,OK,,,,,
2026-05-04 20:11:15,-40,0,0,0,0,OK,,,,,
2026-05-04 20:11:32,-40,0,0,0,0,OK,,,,,
2026-05-04 20:11:47,-40,0,0,0,0,OK,,,,,
2026-05-04 20:12:03,-40,0,0,0,0,OK,,,,,
2026-05-04 20:12:19,-40,0,0,0,0,OK,,,,,
2026-05-04 20:12:35,11.4,114,0,32705,4915.2,OK,,,,,
2026-05-04 20:12:51,-40,0,0,0,0,OK,,,,,
2026-05-04 20:13:23,-40,0,0,0,0,OK,,,,,
2026-05-04 20:13:39,-40,0,0,0,0,OK,,,,,
2026-05-04 20:13:55,-40,0,0,0,0,OK,,,,,
2026-05-04 20:14:27,-40,0,0,0,0,OK,,,,,
2026-05-04 20:14:43,-40,0,0,0,0,OK,,,,,
2026-05-04 20:14:59,11.4,243,0,449,0,OK,,,,,
2026-05-04 20:15:15,-40,0,0,0,0,OK,,,,,
2026-05-04 20:15:31,-40,0,0,0,0,OK,,,,,
2026-05-04 20:15:47,-40,0,0,0,0,OK,,,,,
2026-05-04 20:16:03,-40,0,0,0,0,OK,,,,,
2026-05-04 20:16:19,-40,0,0,0,0,OK,,,,,
2026-05-04 20:16:36,-40,0,0,0,0,OK,,,,,
2026-05-04 20:16:51,-40,0,0,0,0,OK,,,,,
2026-05-04 20:17:07,-40,0,0,0,0,OK,,,,,
2026-05-04 20:17:23,-40,0,0,0,0,OK,,,,,
2026-05-04 20:17:40,-40,0,0,0,0,OK,,,,,
2026-05-04 20:17:56,-40,0,0,0,0,OK,,,,,
2026-05-04 20:18:12,-40,0,0,0,0,OK,,,,,
2026-05-04 20:18:44,-40,0,0,0,0,OK,,,,,
2026-05-04 20:18:59,-40,0,0,0,0,OK,,,,,
2026-05-04 20:19:32,-40,0,0,0,0,OK,,,,,
2026-05-04 20:19:47,-40,0,0,0,0,OK,,,,,
2026-05-04 20:20:04,-40,0,0,0,0,OK,,,,,
2026-05-04 20:20:19,-40,0,0,0,0,OK,,,,,
2026-05-04 20:20:51,-40,0,0,0,0,OK,,,,,
2026-05-04 20:21:07,-40,0,0,0,0,OK,,,,,
2026-05-04 20:21:23,-40,0,0,0,0,OK,,,,,
2026-05-04 20:21:39,-40,0,0,0,0,OK,,,,,
2026-05-04 20:21:55,-40,0,0,0,0,OK,,,,,
2026-05-04 20:22:11,-40,0,0,0,0,OK,,,,,
2026-05-04 20:22:27,-40,0,0,0,0,OK,,,,,
2026-05-04 20:22:43,-40,0,0,0,0,OK,,,,,
2026-05-04 20:22:59,-40,0,0,0,0,OK,,,,,
2026-05-04 20:23:31,-40,0,0,0,0,OK,,,,,
2026-05-04 20:23:47,-40,0,0,0,0,OK,,,,,
2026-05-04 20:24:04,-40,0,0,0,0,OK,,,,,
2026-05-04 20:24:19,-40,0,0,0,0,OK,,,,,
2026-05-04 20:24:36,-40,0,0,0,0,OK,,,,,
2026-05-04 20:24:51,-40,0,0,0,0,OK,,,,,
2026-05-04 20:25:07,-40,0,0,0,0,OK,,,,,
2026-05-04 20:25:24,-40,0,0,0,0,OK,,,,,
2026-05-04 20:25:39,-40,0,0,0,0,OK,,,,,
2026-05-04 20:25:55,-40,0,0,0,0,OK,,,,,
2026-05-04 20:26:12,-40,0,0,0,0,OK,,,,,
2026-05-04 20:26:27,-40,0,0,0,0,OK,,,,,
2026-05-04 20:26:43,-40,0,0,0,0,OK,,,,,
2026-05-04 20:27:15,-40,0,0,0,0,OK,,,,,
2026-05-04 20:27:31,-40,0,0,0,0,OK,,,,,
2026-05-04 20:27:47,-40,0,0,0,0,OK,,,,,
2026-05-04 20:28:03,-40,0,0,0,0,OK,,,,,
2026-05-04 20:28:19,-40,0,0,0,0,OK,,,,,
2026-05-04 20:28:35,-40,0,0,0,0,OK,,,,,
2026-05-04 20:28:51,-40,0,0,0,0,OK,,,,,
2026-05-04 20:29:07,-40,0,0,0,0,OK,,,,,
2026-05-04 20:29:23,-40,0,0,0,0,OK,,,,,
2026-05-04 20:29:39,-40,0,0,0,0,OK,,,,,
2026-05-04 20:30:11,-40,0,0,0,0,OK,,,,,
2026-05-04 20:30:27,-40,0,0,0,0,OK,,,,,
2026-05-04 20:30:43,-40,0,0,0,0,OK,,,,,
2026-05-04 20:30:59,-40,0,0,0,0,OK,,,,,
2026-05-04 20:31:16,-40,0,0,0,0,OK,,,,,
2026-05-04 20:31:31,-40,0,0,0,0,OK,,,,,
2026-05-04 20:31:47,-40,0,0,0,0,OK,,,,,
2026-05-04 20:32:03,-40,0,0,0,0,OK,,,,,
2026-05-04 20:32:19,-40,0,0,0,0,OK,,,,,
2026-05-04 20:32:35,11.4,84,17.9,451,0,OK,,,,,
2026-05-04 20:32:52,-40,0,0,0,0,OK,,,,,
2026-05-04 20:33:07,-40,0,0,0,0,OK,,,,,
2026-05-04 20:33:23,-40,0,0,0,0,OK,,,,,
2026-05-04 20:33:39,-40,0,0,0,0,OK,,,,,
2026-05-04 20:33:55,-40,0,0,0,0,OK,,,,,
2026-05-04 20:34:11,-40,0,0,0,0,OK,,,,,
2026-05-04 20:34:27,11.5,83,0,961,4915.2,OK,,,,,
2026-05-04 20:35:15,-40,0,0,0,0,OK,,,,,
2026-05-04 20:35:31,-40,0,0,0,0,OK,,,,,
2026-05-04 20:35:47,-40,0,0,0,0,OK,,,,,
2026-05-04 20:36:03,-40,0,0,0,0,OK,,,,,
2026-05-04 20:36:35,-40,0,0,0,0,OK,,,,,
2026-05-04 20:36:51,-40,0,0,0,0,OK,,,,,
2026-05-04 20:37:07,-40,0,0,0,0,OK,,,,,
2026-05-04 20:37:23,-40,0,0,0,0,OK,,,,,
2026-05-04 20:37:39,-40,0,0,0,0,OK,,,,,
2026-05-04 20:37:55,-40,0,0,0,0,OK,,,,,
2026-05-04 20:38:11,-40,0,0,0,0,OK,,,,,
2026-05-04 20:38:27,11.8,243,0,4033,0,OK,,,,,
2026-05-04 20:38:59,-40,0,0,0,0,OK,,,,,
2026-05-04 20:39:31,113.8,87,0,496,0,OK,,,,,
2026-05-04 20:39:47,-40,0,0,0,0,OK,,,,,
2026-05-04 20:40:03,-40,0,0,0,0,OK,,,,,
2026-05-04 20:40:19,-40,0,0,0,0,OK,,,,,
2026-05-04 20:40:35,-40,0,0,0,0,OK,,,,,
2026-05-04 20:41:07,-40,0,0,0,0,OK,,,,,
2026-05-04 20:41:23,-40,0,0,0,0,OK,,,,,
2026-05-04 20:41:39,-40,0,0,0,0,OK,,,,,
2026-05-04 20:41:55,-40,0,0,0,0,OK,,,,,
2026-05-04 20:42:11,-40,0,0,0,0,OK,,,,,
2026-05-04 20:42:59,-40,0,0,0,0,OK,,,,,
2026-05-04 20:44:03,-40,0,0,0,0,OK,,,,,
2026-05-04 20:44:35,-40,0,0,0,0,OK,,,,,
2026-05-04 20:44:51,-40,0,0,0,0,OK,,,,,
2026-05-04 20:45:23,-40,0,0,0,0,OK,,,,,
2026-05-04 20:45:39,-40,0,0,0,0,OK,,,,,
2026-05-04 20:46:12,-40,0,0,0,0,OK,,,,,
2026-05-04 20:46:43,-40,0,0,0,0,OK,,,,,
2026-05-04 20:47:00,-14.6,252,53.8,65473,0,OK,,,,,
2026-05-04 20:47:48,-40,0,0,0,0,OK,,,,,
2026-05-04 20:48:20,-40,0,0,0,0,OK,,,,,
2026-05-04 20:48:35,-40,0,0,0,0,OK,,,,,
2026-05-04 20:48:51,-40,0,0,0,0,OK,,,,,
2026-05-04 20:49:07,-40,0,0,0,0,OK,,,,,
2026-05-04 20:50:27,-40,0,0,0,0,OK,,,,,
2026-05-04 20:50:59,-40,0,0,0,0,OK,,,,,
2026-05-04 20:51:31,11,245,0,449,0,OK,,,,,
2026-05-04 20:51:48,-40,0,0,0,0,OK,,,,,
2026-05-04 20:52:03,-40,0,0,0,0,OK,,,,,
2026-05-04 20:52:19,-40,0,0,0,0,OK,,,,,
2026-05-04 20:52:35,-40,0,0,0,0,OK,,,,,
2026-05-04 20:52:52,-40,0,0,0,0,OK,,,,,
2026-05-04 20:53:39,-40,0,0,0,0,OK,,,,,
2026-05-04 20:54:43,-40,0,0,0,0,OK,,,,,
2026-05-04 20:54:59,-40,0,0,0,0,OK,,,,,
2026-05-04 20:55:31,-40,0,0,0,0,OK,,,,,
2026-05-04 20:56:35,-40,0,0,0,0,OK,,,,,
2026-05-04 20:57:07,-40,0,0,0,0,OK,,,,,
2026-05-04 20:57:39,-40,0,0,0,0,OK,,,,,
2026-05-04 20:57:55,-40,0,0,0,0,OK,,,,,
2026-05-04 20:58:11,-40,0,0,0,0,OK,,,,,
2026-05-04 20:59:15,-40,0,0,0,0,OK,,,,,
2026-05-04 20:59:32,-40,0,0,0,0,OK,,,,,
2026-05-04 20:59:48,-40,0,0,0,0,OK,,,,,
2026-05-04 21:00:03,-40,0,0,0,0,OK,,,,,
2026-05-04 21:00:20,-40,0,0,0,0,OK,,,,,
2026-05-04 21:01:23,10.8,85,0,963,0,OK,,,,,
2026-05-04 21:01:56,-40,0,0,0,0,OK,,,,,
2026-05-04 21:02:27,-40,0,0,0,0,OK,,,,,
2026-05-04 21:02:43,-40,0,0,0,0,OK,,,,,
2026-05-04 21:03:15,-40,0,0,0,0,OK,,,,,
2026-05-04 21:03:31,-40,0,0,0,0,OK,,,,,
2026-05-04 21:04:03,-40,0,0,0,0,OK,,,,,
2026-05-04 21:04:20,-40,0,0,0,0,OK,,,,,
2026-05-04 21:05:55,10.8,95,0,449,0,OK,,,,,
2026-05-04 21:06:11,-40,0,0,0,0,OK,,,,,
2026-05-04 21:06:43,-40,0,0,0,0,OK,,,,,
2026-05-04 21:08:04,10.8,85,0,449,0,OK,,,,,
2026-05-04 21:08:19,-40,0,0,0,0,OK,,,,,
2026-05-04 21:08:51,-40,0,0,0,0,OK,,,,,
2026-05-04 21:09:23,10.8,245,17.9,449,0,OK,,,,,
2026-05-04 21:10:43,-40,0,0,0,0,OK,,,,,
2026-05-04 21:11:16,-40,0,0,0,0,OK,,,,,
2026-05-04 21:12:19,-40,0,0,0,0,OK,,,,,
2026-05-04 21:12:35,-40,0,0,0,0,OK,,,,,
2026-05-04 21:12:52,-40,0,0,0,0,OK,,,,,
2026-05-04 21:13:23,11,84,0,479,0,OK,,,,,
2026-05-04 21:13:39,-40,0,0,0,0,OK,,,,,
2026-05-04 21:14:28,-40,0,0,0,0,OK,,,,,
2026-05-04 21:14:59,11,92,0,449,0,OK,,,,,
2026-05-04 21:15:32,-40,0,0,0,0,OK,,,,,
2026-05-04 21:16:03,-40,0,0,0,0,OK,,,,,
2026-05-04 21:18:27,164.6,84,0,449,0,OK,,,,,
2026-05-04 21:18:44,-40,0,0,0,0,OK,,,,,
2026-05-04 21:19:00,-40,0,0,0,0,OK,,,,,
2026-05-04 21:19:16,-40,0,0,0,0,OK,,,,,
2026-05-04 21:19:32,-40,0,0,0,0,OK,,,,,
2026-05-04 21:20:04,-40,0,0,0,0,OK,,,,,
2026-05-04 21:20:20,-40,0,0,0,0,OK,,,,,
2026-05-04 21:20:51,-40,0,0,0,0,OK,,,,,
2026-05-04 21:21:39,10.9,84,0,4033,0,OK,,,,,
2026-05-04 21:22:44,10.8,213,0,1985,0,OK,,,,,
2026-05-04 21:23:48,-40,0,0,0,0,OK,,,,,
2026-05-04 21:24:04,-40,0,0,0,0,OK,,,,,
2026-05-04 21:24:20,11,85,0,449,3276.8,OK,,,,,
2026-05-04 21:24:35,-40,0,0,0,0,OK,,,,,
2026-05-04 21:24:52,-40,0,0,0,0,OK,,,,,
2026-05-04 21:25:56,-40,0,0,0,0,OK,,,,,
2026-05-04 21:26:27,-40,0,0,0,0,OK,,,,,
2026-05-04 21:26:59,-40,0,0,0,0,OK,,,,,
2026-05-04 21:27:16,-40,0,0,0,0,OK,,,,,
2026-05-04 21:27:32,-40,0,0,0,0,OK,,,,,
2026-05-04 21:27:48,-40,0,0,0,0,OK,,,,,
2026-05-04 21:28:20,-40,0,0,0,0,OK,,,,,
2026-05-04 21:28:36,-40,0,0,0,0,OK,,,,,
2026-05-04 21:28:52,-40,0,0,0,0,OK,,,,,
2026-05-04 21:29:56,-40,0,0,0,0,OK,,,,,
2026-05-04 21:30:44,-14.6,85,35.8,451,12.8,OK,,,,,
2026-05-04 21:31:00,-40,0,0,0,0,OK,,,,,
2026-05-04 21:31:16,-40,0,0,0,0,OK,,,,,
2026-05-04 21:31:32,-40,0,0,0,0,OK,,,,,
2026-05-04 21:31:47,-40,0,0,0,0,OK,,,,,
2026-05-04 21:32:03,-40,0,0,0,0,OK,,,,,
2026-05-04 21:32:35,-40,0,0,0,0,OK,,,,,
2026-05-04 21:33:08,-40,0,0,0,0,OK,,,,,
2026-05-04 21:33:23,11.1,213,0,449,4915.2,OK,,,,,
2026-05-04 21:33:40,-40,0,0,0,0,OK,,,,,
2026-05-04 21:33:56,11.2,84,0,449,0,OK,,,,,
2026-05-04 21:34:12,-40,0,0,0,0,OK,,,,,
2026-05-04 21:34:28,-40,0,0,0,0,OK,,,,,
2026-05-04 21:34:44,-40,0,0,0,0,OK,,,,,
2026-05-04 21:35:00,-40,0,0,0,0,OK,,,,,
2026-05-04 21:35:15,-40,0,0,0,0,OK,,,,,
2026-05-04 21:35:32,-40,0,0,0,0,OK,,,,,
2026-05-04 21:35:48,-40,0,0,0,0,OK,,,,,
2026-05-04 21:36:04,-40,0,0,0,0,OK,,,,,
2026-05-04 21:36:20,-40,0,0,0,0,OK,,,,,
2026-05-04 21:36:36,-40,0,0,0,0,OK,,,,,
2026-05-04 21:37:08,-40,0,0,0,0,OK,,,,,
2026-05-04 21:37:23,-40,0,0,0,0,OK,,,,,
2026-05-04 21:37:40,-40,0,0,0,0,OK,,,,,
2026-05-04 21:37:56,-40,0,0,0,0,OK,,,,,
2026-05-04 21:38:11,11.2,83,0,449,0,OK,,,,,
2026-05-04 21:38:28,-40,0,0,0,0,OK,,,,,
2026-05-04 21:38:44,-40,0,0,0,0,OK,,,,,
2026-05-04 21:39:00,-40,0,0,0,0,OK,,,,,
2026-05-04 21:39:48,-40,0,0,0,0,OK,,,,,
2026-05-04 21:40:04,-40,0,0,0,0,OK,,,,,
2026-05-04 21:40:20,-40,0,0,0,0,OK,,,,,
2026-05-04 21:40:36,126.4,83,35.8,449,0,OK,,,,,
2026-05-04 21:40:52,-40,0,0,0,0,OK,,,,,
2026-05-04 21:41:08,11.1,83,0,449,0,OK,,,,,
2026-05-04 21:41:39,11.1,83,17.9,449,0,OK,,,,,
2026-05-04 21:41:56,-40,0,0,0,0,OK,,,,,
2026-05-04 21:42:12,-40,0,0,0,0,OK,,,,,
2026-05-04 21:42:28,-40,0,0,0,0,OK,,,,,
2026-05-04 21:42:59,11.2,84,0,24816,0,OK,,,,,
2026-05-04 21:43:31,-40,0,0,0,0,OK,,,,,
2026-05-04 21:44:04,-40,0,0,0,0,OK,,,,,
2026-05-04 21:44:19,11.1,83,0,449,0,OK,,,,,
2026-05-04 21:44:36,-40,0,0,0,0,OK,,,,,
2026-05-04 21:44:52,-40,0,0,0,0,OK,,,,,
2026-05-04 21:45:08,-40,0,0,0,0,OK,,,,,
2026-05-04 21:45:23,11.1,116,0,455,0,OK,,,,,
2026-05-04 21:46:28,-40,0,0,0,0,OK,,,,,
2026-05-04 21:47:00,-40,0,0,0,0,OK,,,,,
2026-05-04 21:47:32,-40,0,0,0,0,OK,,,,,
2026-05-04 21:47:48,-40,0,0,0,0,OK,,,,,
2026-05-04 21:48:04,-40,0,0,0,0,OK,,,,,
2026-05-04 21:49:08,11.2,84,0,449,0,OK,,,,,
2026-05-04 21:49:24,-40,0,0,0,0,OK,,,,,
2026-05-04 21:49:40,-40,0,0,0,0,OK,,,,,
2026-05-04 21:49:56,11.2,83,0,16321,12.8,OK,,,,,
2026-05-04 21:50:11,-40,0,0,0,0,OK,,,,,
2026-05-04 21:50:28,-40,0,0,0,0,OK,,,,,
2026-05-04 21:50:44,-40,0,0,0,0,OK,,,,,
2026-05-04 21:51:16,-40,0,0,0,0,OK,,,,,
2026-05-04 21:51:32,-40,0,0,0,0,OK,,,,,
2026-05-04 21:52:04,11.2,83,0,449,9.6,OK,,,,,
2026-05-04 21:52:20,11.2,83,0,449,0,OK,,,,,
2026-05-04 21:52:36,-40,0,0,0,0,OK,,,,,
2026-05-04 21:52:52,-40,0,0,0,0,OK,,,,,
2026-05-04 21:53:07,-40,0,0,0,0,OK,,,,,
2026-05-04 21:53:24,11.1,83,0,449,0,OK,,,,,
2026-05-04 21:53:40,-40,0,0,0,0,OK,,,,,
2026-05-04 21:53:56,-40,0,0,0,0,OK,,,,,
2026-05-04 21:54:12,11.1,83,0,449,0,OK,,,,,
2026-05-04 21:54:28,-40,0,0,0,0,OK,,,,,
2026-05-04 21:54:43,-40,0,0,0,0,OK,,,,,
2026-05-04 21:54:59,-40,0,0,0,0,OK,,,,,
2026-05-04 21:56:04,-40,0,0,0,0,OK,,,,,
2026-05-04 21:56:20,-40,0,0,0,0,OK,,,,,
2026-05-04 21:57:40,-40,0,0,0,0,OK,,,,,
2026-05-04 21:57:56,-40,0,0,0,0,OK,,,,,
2026-05-04 21:58:12,-40,0,0,0,0,OK,,,,,
2026-05-04 21:58:28,11.2,243,0,449,0,OK,,,,,
2026-05-04 21:58:44,-40,0,0,0,0,OK,,,,,
2026-05-04 21:59:00,-40,0,0,0,0,OK,,,,,
2026-05-04 21:59:16,-40,0,0,0,0,OK,,,,,
2026-05-04 21:59:32,-40,0,0,0,0,OK,,,,,
2026-05-04 21:59:48,11.3,83,0,449,0,OK,,,,,
2026-05-04 22:00:04,-40,0,0,0,0,OK,,,,,
2026-05-04 22:00:20,-40,0,0,0,0,OK,,,,,
2026-05-04 22:00:36,-40,0,0,0,0,OK,,,,,
2026-05-04 22:01:23,11.5,169,0,449,0,OK,,,,,
2026-05-04 22:01:40,-40,0,0,0,0,OK,,,,,
2026-05-04 22:01:56,-40,0,0,0,0,OK,,,,,
2026-05-04 22:02:12,-40,0,0,0,0,OK,,,,,
2026-05-04 22:02:28,14,82,0,449,3276.8,OK,,,,,
2026-05-04 22:03:00,-40,0,0,0,0,OK,,,,,
2026-05-04 22:03:32,-40,0,0,0,0,OK,,,,,
2026-05-04 22:03:47,11.5,82,0,449,0,OK,,,,,
2026-05-04 22:04:04,-40,0,0,0,0,OK,,,,,
2026-05-04 22:04:20,-40,0,0,0,0,OK,,,,,
2026-05-04 22:04:36,-40,0,0,0,0,OK,,,,,
2026-05-04 22:04:52,-40,0,0,0,0,OK,,,,,
2026-05-04 22:05:08,-40,0,0,0,0,OK,,,,,
2026-05-04 22:05:24,-40,0,0,0,0,OK,,,,,
2026-05-04 22:05:39,11.5,82,0,449,0,OK,,,,,
2026-05-04 22:05:56,11.5,242,17.9,449,838860.8,OK,,,,,
2026-05-04 22:07:00,-40,0,0,0,0,OK,,,,,
2026-05-04 22:07:16,-40,0,0,0,0,OK,,,,,
2026-05-04 22:07:32,-40,0,0,0,0,OK,,,,,
2026-05-04 22:07:48,-40,0,0,0,0,OK,,,,,
2026-05-04 22:08:04,-40,0,0,0,0,OK,,,,,
2026-05-04 22:08:36,-40,0,0,0,0,OK,,,,,
2026-05-04 22:09:08,11.4,82,0,449,0,OK,,,,,
2026-05-04 22:09:40,-40,0,0,0,0,OK,,,,,
2026-05-04 22:09:56,-40,0,0,0,0,OK,,,,,
2026-05-04 22:10:44,11.4,83,0,449,0,OK,,,,,
2026-05-04 22:11:00,11.4,83,0,449,0,OK,,,,,
2026-05-04 22:11:16,-40,0,0,0,0,OK,,,,,
2026-05-04 22:11:32,-40,0,0,0,0,OK,,,,,
2026-05-04 22:11:48,-14.3,83,107.5,449,0,OK,,,,,
2026-05-04 22:12:04,-40,0,0,0,0,OK,,,,,
2026-05-04 22:12:20,-40,0,0,0,0,OK,,,,,
2026-05-04 22:12:36,-40,0,0,0,0,OK,,,,,
2026-05-04 22:13:07,11.2,127,0,449,0,OK,,,,,
2026-05-04 22:13:40,-40,0,0,0,0,OK,,,,,
2026-05-04 22:13:56,-40,0,0,0,0,OK,,,,,
2026-05-04 22:14:12,-40,0,0,0,0,OK,,,,,
2026-05-04 22:14:27,-40,0,0,0,0,OK,,,,,
2026-05-04 22:14:44,-40,0,0,0,0,OK,,,,,
2026-05-04 22:15:00,-40,0,0,0,0,OK,,,,,
2026-05-04 22:15:31,-40,0,0,0,0,OK,,,,,
2026-05-04 22:15:48,11.1,84,0,449,0,OK,,,,,
2026-05-04 22:16:04,-40,0,0,0,0,OK,,,,,
2026-05-04 22:16:20,-40,0,0,0,0,OK,,,,,
2026-05-04 22:16:36,-40,0,0,0,0,OK,,,,,
2026-05-04 22:16:52,-40,0,0,0,0,OK,,,,,
2026-05-04 22:17:08,11.1,84,0,449,0,OK,,,,,
2026-05-04 22:17:24,-40,0,0,0,0,OK,,,,,
2026-05-04 22:17:40,-40,0,0,0,0,OK,,,,,
2026-05-04 22:17:56,-40,0,0,0,0,OK,,,,,
2026-05-04 22:18:28,-40,0,0,0,0,OK,,,,,
2026-05-04 22:18:44,-40,0,0,0,0,OK,,,,,
2026-05-04 22:19:00,-40,0,0,0,0,OK,,,,,
2026-05-04 22:19:15,11.1,84,0,449,4915.2,OK,,,,,
2026-05-04 22:19:32,-40,0,0,0,0,OK,,,,,
2026-05-04 22:19:48,-40,0,0,0,0,OK,,,,,
2026-05-04 22:20:04,11,84,0,449,0,OK,,,,,
2026-05-04 22:20:20,-40,0,0,0,0,OK,,,,,
2026-05-04 22:20:36,11,85,0,8129,0,OK,,,,,
2026-05-04 22:20:51,-40,0,0,0,0,OK,,,,,
2026-05-04 22:21:24,-40,0,0,0,0,OK,,,,,
2026-05-04 22:21:39,-40,0,0,0,0,OK,,,,,
2026-05-04 22:22:44,-40,0,0,0,0,OK,,,,,
2026-05-04 22:23:00,-40,0,0,0,0,OK,,,,,
2026-05-04 22:23:32,-40,0,0,0,0,OK,,,,,
2026-05-04 22:23:48,-40,0,0,0,0,OK,,,,,
2026-05-04 22:24:04,-40,0,0,0,0,OK,,,,,
2026-05-04 22:24:20,10.7,85,0,449,0,OK,,,,,
2026-05-04 22:25:08,-40,0,0,0,0,OK,,,,,
2026-05-04 22:25:24,-40,0,0,0,0,OK,,,,,
2026-05-04 22:25:40,-40,0,0,0,0,OK,,,,,
2026-05-04 22:25:56,-40,0,0,0,0,OK,,,,,
2026-05-04 22:26:12,-40,0,0,0,0,OK,,,,,
2026-05-04 22:26:44,-40,0,0,0,0,OK,,,,,
2026-05-04 22:27:16,-40,0,0,0,0,OK,,,,,
2026-05-04 22:27:32,-40,0,0,0,0,OK,,,,,
2026-05-04 22:27:48,-40,0,0,0,0,OK,,,,,
2026-05-04 22:28:04,-40,0,0,0,0,OK,,,,,
2026-05-04 22:28:20,-40,0,0,0,0,OK,,,,,
2026-05-04 22:28:52,-40,0,0,0,0,OK,,,,,
2026-05-04 22:29:40,-14.8,86,35.8,449,0,OK,,,,,
2026-05-04 22:30:12,-40,0,0,0,0,OK,,,,,
2026-05-04 22:30:28,-40,0,0,0,0,OK,,,,,
2026-05-04 22:30:44,-40,0,0,0,0,OK,,,,,
2026-05-04 22:31:00,-40,0,0,0,0,OK,,,,,
2026-05-04 22:31:16,-40,0,0,0,0,OK,,,,,
2026-05-04 22:31:32,164.4,86,107.5,463,3276.8,OK,,,,,
2026-05-04 22:31:48,-40,0,0,0,0,OK,,,,,
2026-05-04 22:32:04,-40,0,0,0,0,OK,,,,,
2026-05-04 22:32:20,-40,0,0,0,0,OK,,,,,
2026-05-04 22:32:36,-40,0,0,0,0,OK,,,,,
2026-05-04 22:32:52,164.1,86,0,449,0,OK,,,,,
2026-05-04 22:33:24,-40,0,0,0,0,OK,,,,,
2026-05-04 22:33:40,-40,0,0,0,0,OK,,,,,
2026-05-04 22:33:56,10.5,246,0,496,0,OK,,,,,
2026-05-04 22:34:28,10.4,214,17.9,449,12.8,OK,,,,,
2026-05-04 22:35:00,-40,0,0,0,0,OK,,,,,
2026-05-04 22:35:32,-40,0,0,0,0,OK,,,,,
2026-05-04 22:35:48,-40,0,0,0,0,OK,,,,,
2026-05-04 22:36:04,-40,0,0,0,0,OK,,,,,
2026-05-04 22:36:20,-40,0,0,0,0,OK,,,,,
2026-05-04 22:36:36,-15.1,87,35.8,449,0,OK,,,,,
2026-05-04 22:36:52,10.7,87,0,449,0,OK,,,,,
2026-05-04 22:37:08,10.5,87,0,449,0,OK,,,,,
2026-05-04 22:37:24,-40,0,0,0,0,OK,,,,,
2026-05-04 22:38:12,10.9,87,0,449,4915.2,OK,,,,,
2026-05-04 22:38:28,10.6,215,0,449,0,OK,,,,,
2026-05-04 22:38:44,-40,0,0,0,0,OK,,,,,
2026-05-04 22:39:00,-40,0,0,0,0,OK,,,,,
2026-05-04 22:39:16,-40,0,0,0,0,OK,,,,,
2026-05-04 22:39:32,-40,0,0,0,0,OK,,,,,
2026-05-04 22:39:48,10.6,247,17.9,449,0,OK,,,,,
2026-05-04 22:40:20,-40,0,0,0,0,OK,,,,,
2026-05-04 22:41:08,-40,0,0,0,0,OK,,,,,
2026-05-04 22:41:24,10.5,87,0,449,0,OK,,,,,
2026-05-04 22:41:40,-40,0,0,0,0,OK,,,,,
2026-05-04 22:41:56,10.4,87,0,449,4915.2,OK,,,,,
2026-05-04 22:42:28,-40,0,0,0,0,OK,,,,,
2026-05-04 22:42:44,-40,0,0,0,0,OK,,,,,
2026-05-04 22:43:00,-40,0,0,0,0,OK,,,,,
2026-05-04 22:43:16,-40,0,0,0,0,OK,,,,,
2026-05-04 22:43:32,-40,0,0,0,0,OK,,,,,
2026-05-04 22:43:48,10.4,87,0,449,0,OK,,,,,
2026-05-04 22:44:20,-40,0,0,0,0,OK,,,,,
2026-05-04 22:44:36,-40,0,0,0,0,OK,,,,,
2026-05-04 22:45:40,-40,0,0,0,0,OK,,,,,
2026-05-04 22:45:56,10.4,87,0,449,0,OK,,,,,
2026-05-04 22:46:12,-40,0,0,0,0,OK,,,,,
2026-05-04 22:47:00,-40,0,0,0,0,OK,,,,,
2026-05-04 22:47:32,11.1,88,0,449,0,OK,,,,,
2026-05-04 22:47:48,-40,0,0,0,0,OK,,,,,
2026-05-04 22:48:04,-40,0,0,0,0,OK,,,,,
2026-05-04 22:48:20,10.4,88,0,449,0,OK,,,,,
2026-05-04 22:48:52,-40,0,0,0,0,OK,,,,,
2026-05-04 22:50:12,-40,0,0,0,0,OK,,,,,
2026-05-04 22:50:28,-40,0,0,0,0,OK,,,,,
2026-05-04 22:50:44,-40,0,0,0,0,OK,,,,,
2026-05-04 22:51:00,-40,0,0,0,0,OK,,,,,
2026-05-04 22:51:32,-40,0,0,0,0,OK,,,,,
2026-05-04 22:51:48,-40,0,0,0,0,OK,,,,,
2026-05-04 22:52:04,-40,0,0,0,0,OK,,,,,
2026-05-04 22:52:20,10.5,88,0,449,0,OK,,,,,
2026-05-04 22:52:36,11.1,88,0,449,0,OK,,,,,
2026-05-04 22:52:52,-40,0,0,0,0,OK,,,,,
2026-05-04 22:53:08,-40,0,0,0,0,OK,,,,,
2026-05-04 22:53:24,-40,0,0,0,0,OK,,,,,
2026-05-04 22:53:40,-40,0,0,0,0,OK,,,,,
2026-05-04 22:53:56,10.5,87,0,449,0,OK,,,,,
2026-05-04 22:54:28,10.6,87,0,449,0,OK,,,,,
2026-05-04 22:55:00,10.6,87,0,511,0,OK,,,,,
2026-05-04 22:55:32,-40,0,0,0,0,OK,,,,,
2026-05-04 22:55:48,-40,0,0,0,0,OK,,,,,
2026-05-04 22:57:40,-40,0,0,0,0,OK,,,,,
2026-05-04 22:57:56,-40,0,0,0,0,OK,,,,,
2026-05-04 22:58:12,-40,0,0,0,0,OK,,,,,
2026-05-04 22:58:28,10.7,87,0,449,0,OK,,,,,
2026-05-04 22:59:16,11,87,0,449,0,OK,,,,,
2026-05-04 22:59:32,-40,0,0,0,0,OK,,,,,
2026-05-04 22:59:48,-40,0,0,0,0,OK,,,,,
2026-05-04 23:00:04,-40,0,0,0,0,OK,,,,,
2026-05-04 23:00:20,-40,0,0,0,0,OK,,,,,
2026-05-04 23:00:36,-40,0,0,0,0,OK,,,,,
2026-05-04 23:00:52,10.6,87,0,449,0,OK,,,,,
2026-05-04 23:01:08,-40,0,0,0,0,OK,,,,,
2026-05-04 23:01:24,-40,0,0,0,0,OK,,,,,
2026-05-04 23:01:40,-40,0,0,0,0,OK,,,,,
2026-05-04 23:01:56,10.6,87,0,961,0,OK,,,,,
2026-05-04 23:02:12,-40,0,0,0,0,OK,,,,,
2026-05-04 23:02:44,10.6,87,0,449,0,OK,,,,,
2026-05-04 23:03:00,-40,0,0,0,0,OK,,,,,
2026-05-04 23:03:16,-40,0,0,0,0,OK,,,,,
2026-05-04 23:03:32,10.7,87,0,449,0,OK,,,,,
2026-05-04 23:04:20,-40,0,0,0,0,OK,,,,,
2026-05-04 23:04:36,-40,0,0,0,0,OK,,,,,
2026-05-04 23:04:52,-40,0,0,0,0,OK,,,,,
2026-05-04 23:05:08,-40,0,0,0,0,OK,,,,,
2026-05-04 23:05:24,-40,0,0,0,0,OK,,,,,
2026-05-04 23:05:40,-40,0,0,0,0,OK,,,,,
2026-05-04 23:07:00,-40,0,0,0,0,OK,,,,,
2026-05-04 23:07:16,-40,0,0,0,0,OK,,,,,
2026-05-04 23:07:32,10.8,86,0,449,0,OK,,,,,
2026-05-04 23:07:48,-40,0,0,0,0,OK,,,,,
2026-05-04 23:08:04,-40,0,0,0,0,OK,,,,,
2026-05-04 23:08:36,-40,0,0,0,0,OK,,,,,
2026-05-04 23:08:52,-40,0,0,0,0,OK,,,,,
2026-05-04 23:09:08,10.8,86,0,449,0,OK,,,,,
2026-05-04 23:09:40,10.7,86,0,496,0,OK,,,,,
2026-05-04 23:09:56,-40,0,0,0,0,OK,,,,,
2026-05-04 23:10:28,-14.9,86,35.8,449,0,OK,,,,,
2026-05-04 23:10:44,-40,0,0,0,0,OK,,,,,
2026-05-04 23:11:00,10.8,87,0,449,0,OK,,,,,
2026-05-04 23:11:16,-40,0,0,0,0,OK,,,,,
2026-05-04 23:11:32,-40,0,0,0,0,OK,,,,,
2026-05-04 23:13:08,10.7,87,0,449,0,OK,,,,,
2026-05-04 23:13:24,10.7,86,0,449,0,OK,,,,,
2026-05-04 23:13:40,-40,0,0,0,0,OK,,,,,
2026-05-04 23:13:56,-40,0,0,0,0,OK,,,,,
2026-05-04 23:15:16,-40,0,0,0,0,OK,,,,,
2026-05-04 23:15:48,-40,0,0,0,0,OK,,,,,
2026-05-04 23:16:04,10.7,87,0,449,0,OK,,,,,
2026-05-04 23:17:24,-40,0,0,0,0,OK,,,,,
2026-05-04 23:17:40,10.7,87,0,449,0,OK,,,,,
2026-05-04 23:17:56,-40,0,0,0,0,OK,,,,,
2026-05-04 23:18:12,10.7,87,0,449,0,OK,,,,,
2026-05-04 23:18:28,10.7,87,0,449,0,OK,,,,,
2026-05-04 23:18:44,10.8,87,0,449,0,OK,,,,,
2026-05-04 23:19:00,-40,0,0,0,0,OK,,,,,
2026-05-04 23:19:16,10.8,87,0,449,0,OK,,,,,
2026-05-04 23:19:32,10.8,87,0,449,0,OK,,,,,
2026-05-04 23:19:48,10.8,87,0,24816,0,OK,,,,,
2026-05-04 23:20:04,10.8,87,0,449,0,OK,,,,,
2026-05-04 23:20:20,10.7,87,0,449,0,OK,,,,,
2026-05-04 23:20:52,-40,0,0,0,0,OK,,,,,
2026-05-04 23:21:40,-40,0,0,0,0,OK,,,,,
2026-05-04 23:22:28,10.7,87,0,449,0,OK,,,,,
2026-05-04 23:22:44,-40,0,0,0,0,OK,,,,,
2026-05-04 23:23:48,10.7,87,0,449,0,OK,,,,,
2026-05-04 23:24:04,-40,0,0,0,0,OK,,,,,
2026-05-04 23:25:08,10.8,87,0,449,0,OK,,,,,
2026-05-04 23:26:28,10.7,87,0,449,0,OK,,,,,
2026-05-04 23:27:16,10.8,87,0,449,0,OK,,,,,
2026-05-04 23:27:32,-40,0,0,0,0,OK,,,,,
2026-05-04 23:27:48,10.8,87,0,449,0,OK,,,,,
2026-05-04 23:28:04,-40,0,0,0,0,OK,,,,,
2026-05-04 23:28:20,10.8,87,0,449,0,OK,,,,,
2026-05-04 23:28:36,10.8,87,0,449,0,OK,,,,,
2026-05-04 23:29:08,-40,0,0,0,0,OK,,,,,
2026-05-04 23:29:24,10.8,87,0,449,0,OK,,,,,
2026-05-04 23:29:40,10.8,87,0,449,0,OK,,,,,
2026-05-04 23:29:56,-40,0,0,0,0,OK,,,,,
2026-05-04 23:30:12,10.8,87,0,449,0,OK,,,,,
2026-05-04 23:30:28,-40,0,0,0,0,OK,,,,,
2026-05-04 23:31:32,10.8,87,0,449,0,OK,,,,,
2026-05-04 23:32:04,10.8,87,0,449,0,OK,,,,,
2026-05-04 23:32:52,-40,0,0,0,0,OK,,,,,
2026-05-04 23:33:08,10.8,87,0,449,0,OK,,,,,
2026-05-04 23:33:24,-40,0,0,0,0,OK,,,,,
2026-05-04 23:33:40,-40,0,0,0,0,OK,,,,,
2026-05-04 23:33:56,-40,0,0,0,0,OK,,,,,
2026-05-04 23:34:12,10.8,87,0,449,0,OK,,,,,
2026-05-04 23:34:28,10.8,87,0,449,0,OK,,,,,
2026-05-04 23:34:44,-40,0,0,0,0,OK,,,,,
2026-05-04 23:35:00,10.8,86,0,449,0,OK,,,,,
2026-05-04 23:35:16,-40,0,0,0,0,OK,,,,,
2026-05-04 23:35:32,-40,0,0,0,0,OK,,,,,
2026-05-04 23:36:04,10.8,87,0,449,0,OK,,,,,
2026-05-04 23:36:20,10.8,87,0,449,0,OK,,,,,
2026-05-04 23:36:36,10.8,86,0,449,0,OK,,,,,
2026-05-04 23:36:52,-40,0,0,0,0,OK,,,,,
2026-05-04 23:37:24,-40,0,0,0,0,OK,,,,,
2026-05-04 23:37:40,10.8,86,0,449,0,OK,,,,,
2026-05-04 23:37:56,-40,0,0,0,0,OK,,,,,
2026-05-04 23:38:12,62,118,0,449,0,OK,,,,,
2026-05-04 23:38:28,-40,0,0,0,0,OK,,,,,
2026-05-04 23:38:44,-40,0,0,0,0,OK,,,,,
2026-05-04 23:39:00,-40,0,0,0,0,OK,,,,,
2026-05-04 23:39:16,10.8,86,0,449,0,OK,,,,,
2026-05-04 23:39:48,10.7,86,0,449,0,OK,,,,,
2026-05-04 23:40:04,10.8,86,0,449,0,OK,,,,,
2026-05-04 23:40:20,10.7,86,0,449,0,OK,,,,,
2026-05-04 23:40:52,-40,0,0,0,0,OK,,,,,
2026-05-04 23:41:08,10.8,86,0,496,838860.8,OK,,,,,
2026-05-04 23:41:24,10.8,86,0,449,0,OK,,,,,
2026-05-04 23:41:40,-40,0,0,0,0,OK,,,,,
2026-05-04 23:41:56,10.8,86,0,449,0,OK,,,,,
2026-05-04 23:42:12,10.8,86,0,449,3276.8,OK,,,,,
2026-05-04 23:43:48,10.8,86,0,449,0,OK,,,,,
2026-05-04 23:44:04,-40,0,0,0,0,OK,,,,,
2026-05-04 23:44:20,10.8,86,0,449,0,OK,,,,,
2026-05-04 23:44:36,-40,0,0,0,0,OK,,,,,
2026-05-04 23:44:52,10.8,86,0,449,0,OK,,,,,
2026-05-04 23:46:28,10.8,86,0,449,0,OK,,,,,
2026-05-04 23:46:44,10.8,86,0,449,0,OK,,,,,
2026-05-04 23:47:00,-40,0,0,0,0,OK,,,,,
2026-05-04 23:48:20,-40,0,0,0,0,OK,,,,,
2026-05-04 23:48:36,10.8,86,0,449,0,OK,,,,,
2026-05-04 23:48:52,-40,0,0,0,0,OK,,,,,
2026-05-04 23:49:08,10.9,86,0,449,0,OK,,,,,
2026-05-04 23:49:40,10.8,86,0,449,0,OK,,,,,
2026-05-04 23:49:56,10.8,86,0,449,0,OK,,,,,
2026-05-04 23:50:12,-40,0,0,0,0,OK,,,,,
2026-05-04 23:50:28,10.8,86,0,449,0,OK,,,,,
2026-05-04 23:51:00,10.8,86,0,449,0,OK,,,,,
2026-05-04 23:51:16,10.9,86,0,449,0,OK,,,,,
2026-05-04 23:51:48,10.8,86,0,449,0,OK,,,,,
2026-05-04 23:52:04,10.8,86,0,449,0,OK,,,,,
2026-05-04 23:52:20,10.8,86,0,449,0,OK,,,,,
2026-05-04 23:52:36,10.8,86,0,449,0,OK,,,,,
2026-05-04 23:53:08,-40,0,0,0,0,OK,,,,,
2026-05-04 23:53:40,-40,0,0,0,0,OK,,,,,
2026-05-04 23:53:56,10.9,85,0,449,0,OK,,,,,
2026-05-04 23:54:44,10.9,85,0,449,0,OK,,,,,
2026-05-04 23:55:00,-40,0,0,0,0,OK,,,,,
2026-05-04 23:55:16,11,85,0,449,0,OK,,,,,
2026-05-04 23:55:32,-40,0,0,0,0,OK,,,,,
2026-05-04 23:55:48,11.1,85,0,449,0,OK,,,,,
2026-05-04 23:56:20,11.1,85,0.3,449,0,OK,,,,,
2026-05-04 23:56:36,11.1,85,0,449,0,OK,,,,,
2026-05-04 23:56:52,11.1,85,0,449,0,OK,,,,,
2026-05-04 23:57:08,11.1,85,0,449,0,OK,,,,,
2026-05-04 23:57:40,11.1,85,0.1,449,0,OK,,,,,
2026-05-04 23:57:56,11.1,85,0.3,449,0,OK,,,,,
2026-05-04 23:58:12,-40,0,0,0,0,OK,,,,,
2026-05-04 23:58:28,11.1,85,1,449,0,OK,,,,,
2026-05-04 23:59:00,-40,0,0,0,0,OK,,,,,
2026-05-04 23:59:16,11.2,85,0,449,0,OK,,,,,
2026-05-04 23:59:32,-40,0,0,0,0,OK,,,,,
2026-05-04 23:59:48,11.1,85,0.1,449,0,OK,,,,,
2026-05-05 0:00:04,11.2,85,0,449,0,OK,,,,,
2026-05-05 0:00:20,11.1,85,0,449,0,OK,,,,,
2026-05-05 0:01:40,11.2,84,0.1,449,0,OK,,,,,
2026-05-05 0:02:28,11.2,84,0,449,0,OK,,,,,
2026-05-05 0:02:44,11.2,84,0,449,0,OK,,,,,
2026-05-05 0:03:00,11.2,84,0,449,0,OK,,,,,
2026-05-05 0:03:16,11.2,84,0,449,0,OK,,,,,
2026-05-05 0:03:32,11.2,84,0.1,449,0,OK,,,,,
2026-05-05 0:03:48,11.2,84,0.1,449,0,OK,,,,,
2026-05-05 0:04:04,-40,0,0,0,0,OK,,,,,
2026-05-05 0:04:20,11.2,84,0,449,0,OK,,,,,
2026-05-05 0:04:36,11.2,84,0,449,0,OK,,,,,
2026-05-05 0:04:52,11.2,84,0,449,0,OK,,,,,
